url	http_status	final_url	redirect_count	canonical
	200	https://equsto.com/en/iletisim	1	https://equsto.com/en/iletisim
	200	https://equsto.com/	1	https://equsto.com
	200	https://equsto.com/shop/tezgah	1	https://equsto.com/shop/tezgah
	200	https://equsto.com/en/cart	1	https://equsto.com/sepet
	200	https://equsto.com/shop/tezgah/922612	1	https://equsto.com/shop/tezgah/922612
	200	https://equsto.com/shop/tezgah/922613	1	https://equsto.com/shop/tezgah/922613
	200	https://equsto.com/shop/tezgah/7876-n1-40705-00	1	https://equsto.com/shop/tezgah/7876-n1-40705-00
	200	https://equsto.com/shop/tezgah/7876-n1-80705-00	1	https://equsto.com/shop/tezgah/7876-n1-80705-00
	200	https://equsto.com/shop/tezgah/7876-n1-40705-10	1	https://equsto.com/shop/tezgah/7876-n1-40705-10
	200	https://equsto.com/shop/tezgah/7876-n1-80705-10	1	https://equsto.com/shop/tezgah/7876-n1-80705-10
	200	https://equsto.com/shop/tezgah/7911-n1-40603-00	1	https://equsto.com/shop/tezgah/7911-n1-40603-00
	200	https://equsto.com/shop/tezgah/7911-n1-60603-00	1	https://equsto.com/shop/tezgah/7911-n1-60603-00
	200	https://equsto.com/shop/tezgah/7876-n1-40605-00	1	https://equsto.com/shop/tezgah/7876-n1-40605-00
	200	https://equsto.com/shop/tezgah/7876-n1-60605-00	1	https://equsto.com/shop/tezgah/7876-n1-60605-00
	200	https://equsto.com/shop/tezgah/7868-17107-md	1	https://equsto.com/shop/tezgah/7868-17107-md
	200	https://equsto.com/shop/tezgah/7868-98987-md	1	https://equsto.com/shop/tezgah/7868-98987-md
	200	https://equsto.com/shop/tezgah/7919-70182-md	1	https://equsto.com/shop/tezgah/7919-70182-md
	200	https://equsto.com/shop/tezgah/7919-06lmv-00	1	https://equsto.com/shop/tezgah/7919-06lmv-00
	200	https://equsto.com/shop/tezgah/7919-12lmv-00	1	https://equsto.com/shop/tezgah/7919-12lmv-00
	200	https://equsto.com/shop/tezgah/7919-06lmv-10	1	https://equsto.com/shop/tezgah/7919-06lmv-10
	200	https://equsto.com/shop/tezgah/7919-12lmv-10	1	https://equsto.com/shop/tezgah/7919-12lmv-10
	200	https://equsto.com/shop/tezgah/79k3-06lmv-00	1	https://equsto.com/shop/tezgah/79k3-06lmv-00
	200	https://equsto.com/shop/tezgah/79k3-12lmv-00	1	https://equsto.com/shop/tezgah/79k3-12lmv-00
	200	https://equsto.com/shop/tezgah/79k4-06lmv-00	1	https://equsto.com/shop/tezgah/79k4-06lmv-00
	200	https://equsto.com/shop/tezgah/79k4-12lmv-00	1	https://equsto.com/shop/tezgah/79k4-12lmv-00
	200	https://equsto.com/shop/tezgah/79k4-06lmv-10	1	https://equsto.com/shop/tezgah/79k4-06lmv-10
	200	https://equsto.com/shop/tezgah/79k3-06lmv-10	1	https://equsto.com/shop/tezgah/79k3-06lmv-10
	200	https://equsto.com/shop/tezgah/79k3-12lmv-10	1	https://equsto.com/shop/tezgah/79k3-12lmv-10
	200	https://equsto.com/shop/tezgah/79k4-12lmv-10	1	https://equsto.com/shop/tezgah/79k4-12lmv-10
	200	https://equsto.com/shop/tezgah/7919-06lmv-13	1	https://equsto.com/shop/tezgah/7919-06lmv-13
	200	https://equsto.com/shop/tezgah/7919-10lts-00	1	https://equsto.com/shop/tezgah/7919-10lts-00
	200	https://equsto.com/shop/tezgah/7919-15lts-00	1	https://equsto.com/shop/tezgah/7919-15lts-00
	200	https://equsto.com/shop/tezgah/7919-27ntv-t1	1	https://equsto.com/shop/tezgah/7919-27ntv-t1
	200	https://equsto.com/shop/tezgah/7919-37ntv-t1	1	https://equsto.com/shop/tezgah/7919-37ntv-t1
	200	https://equsto.com/shop/tezgah/7919-47ntv-t1	1	https://equsto.com/shop/tezgah/7919-47ntv-t1
	200	https://equsto.com/shop/tezgah/7919-26ntv-c1	1	https://equsto.com/shop/tezgah/7919-26ntv-c1
	200	https://equsto.com/shop/tezgah/7919-27ntv-c1	1	https://equsto.com/shop/tezgah/7919-27ntv-c1
	200	https://equsto.com/shop/tezgah/7919-36ntv-c1	1	https://equsto.com/shop/tezgah/7919-36ntv-c1
	200	https://equsto.com/shop/tezgah/7919-37ntv-c1	1	https://equsto.com/shop/tezgah/7919-37ntv-c1
	200	https://equsto.com/shop/tezgah/7919-46ntv-c1	1	https://equsto.com/shop/tezgah/7919-46ntv-c1
	200	https://equsto.com/shop/tezgah/7919-47ntv-c1	1	https://equsto.com/shop/tezgah/7919-47ntv-c1
	200	https://equsto.com/shop/tezgah/7919-26ntv-c2	1	https://equsto.com/shop/tezgah/7919-26ntv-c2
	200	https://equsto.com/shop/tezgah/7919-27ntv-c2	1	https://equsto.com/shop/tezgah/7919-27ntv-c2
	200	https://equsto.com/shop/tezgah/7919-36ntv-c2	1	https://equsto.com/shop/tezgah/7919-36ntv-c2
	200	https://equsto.com/shop/tezgah/7919-37ntv-c2	1	https://equsto.com/shop/tezgah/7919-37ntv-c2
	200	https://equsto.com/shop/tezgah/7919-46ntv-c2	1	https://equsto.com/shop/tezgah/7919-46ntv-c2
	200	https://equsto.com/shop/tezgah/7919-47ntv-c2	1	https://equsto.com/shop/tezgah/7919-47ntv-c2
	200	https://equsto.com/shop/tezgah/7758-106a8-11	1	https://equsto.com/shop/tezgah/7758-106a8-11
	200	https://equsto.com/shop/tezgah/7758-126a8-11	1	https://equsto.com/shop/tezgah/7758-126a8-11
	200	https://equsto.com/shop/tezgah/7758-146e8-11	1	https://equsto.com/shop/tezgah/7758-146e8-11
	200	https://equsto.com/shop/tezgah/7758-107c8-11	1	https://equsto.com/shop/tezgah/7758-107c8-11
	200	https://equsto.com/shop/tezgah/7758-127c8-11	1	https://equsto.com/shop/tezgah/7758-127c8-11
	200	https://equsto.com/shop/tezgah/7758-147c8-11	1	https://equsto.com/shop/tezgah/7758-147c8-11
	200	https://equsto.com/shop/tezgah/7758-147d8-11	1	https://equsto.com/shop/tezgah/7758-147d8-11
	200	https://equsto.com/shop/tezgah/7758-106a8-15	1	https://equsto.com/shop/tezgah/7758-106a8-15
	200	https://equsto.com/shop/tezgah/7758-126a8-15	1	https://equsto.com/shop/tezgah/7758-126a8-15
	200	https://equsto.com/shop/tezgah/7758-146e8-15	1	https://equsto.com/shop/tezgah/7758-146e8-15
	200	https://equsto.com/shop/tezgah/7758-107c8-15	1	https://equsto.com/shop/tezgah/7758-107c8-15
	200	https://equsto.com/shop/tezgah/7758-127c8-15	1	https://equsto.com/shop/tezgah/7758-127c8-15
	200	https://equsto.com/shop/tezgah/7758-147c8-15	1	https://equsto.com/shop/tezgah/7758-147c8-15
	200	https://equsto.com/shop/tezgah/7758-147d8-15	1	https://equsto.com/shop/tezgah/7758-147d8-15
	200	https://equsto.com/shop/tezgah/7754-106a8-11	1	https://equsto.com/shop/tezgah/7754-106a8-11
	200	https://equsto.com/shop/tezgah/7754-126a8-11	1	https://equsto.com/shop/tezgah/7754-126a8-11
	200	https://equsto.com/shop/tezgah/7754-146e8-11	1	https://equsto.com/shop/tezgah/7754-146e8-11
	200	https://equsto.com/shop/tezgah/7754-107c8-11	1	https://equsto.com/shop/tezgah/7754-107c8-11
	200	https://equsto.com/shop/tezgah/7754-127c8-11	1	https://equsto.com/shop/tezgah/7754-127c8-11
	200	https://equsto.com/shop/tezgah/7754-147c8-11	1	https://equsto.com/shop/tezgah/7754-147c8-11
	200	https://equsto.com/shop/tezgah/7754-147d8-11	1	https://equsto.com/shop/tezgah/7754-147d8-11
	200	https://equsto.com/shop/tezgah/7754-106a8-15	1	https://equsto.com/shop/tezgah/7754-106a8-15
	200	https://equsto.com/shop/tezgah/7754-126a8-15	1	https://equsto.com/shop/tezgah/7754-126a8-15
	200	https://equsto.com/shop/tezgah/7754-146e8-15	1	https://equsto.com/shop/tezgah/7754-146e8-15
	200	https://equsto.com/shop/tezgah/7754-107c8-15	1	https://equsto.com/shop/tezgah/7754-107c8-15
	200	https://equsto.com/shop/tezgah/7754-127c8-15	1	https://equsto.com/shop/tezgah/7754-127c8-15
	200	https://equsto.com/shop/tezgah/7754-147c8-15	1	https://equsto.com/shop/tezgah/7754-147c8-15
	200	https://equsto.com/shop/tezgah/7754-147d8-15	1	https://equsto.com/shop/tezgah/7754-147d8-15
	200	https://equsto.com/shop/tezgah/7758-126e8-27	1	https://equsto.com/shop/tezgah/7758-126e8-27
	200	https://equsto.com/shop/tezgah/7758-146e8-27	1	https://equsto.com/shop/tezgah/7758-146e8-27
	200	https://equsto.com/shop/tezgah/7758-127c8-27	1	https://equsto.com/shop/tezgah/7758-127c8-27
	200	https://equsto.com/shop/tezgah/7758-147c8-27	1	https://equsto.com/shop/tezgah/7758-147c8-27
	200	https://equsto.com/shop/tezgah/7758-147d8-27	1	https://equsto.com/shop/tezgah/7758-147d8-27
	200	https://equsto.com/shop/tezgah/7754-126e8-27	1	https://equsto.com/shop/tezgah/7754-126e8-27
	200	https://equsto.com/shop/tezgah/7754-146e8-27	1	https://equsto.com/shop/tezgah/7754-146e8-27
	200	https://equsto.com/shop/tezgah/7754-127c8-27	1	https://equsto.com/shop/tezgah/7754-127c8-27
	200	https://equsto.com/shop/tezgah/7754-147c8-27	1	https://equsto.com/shop/tezgah/7754-147c8-27
	200	https://equsto.com/shop/tezgah/7754-147d8-27	1	https://equsto.com/shop/tezgah/7754-147d8-27
	200	https://equsto.com/shop/tezgah/7758-056a8-01	1	https://equsto.com/shop/tezgah/7758-056a8-01
	200	https://equsto.com/shop/tezgah/7758-066a8-01	1	https://equsto.com/shop/tezgah/7758-066a8-01
	200	https://equsto.com/shop/tezgah/7758-066e8-01	1	https://equsto.com/shop/tezgah/7758-066e8-01
	200	https://equsto.com/shop/tezgah/7758-076e8-01	1	https://equsto.com/shop/tezgah/7758-076e8-01
	200	https://equsto.com/shop/tezgah/7758-057b8-01	1	https://equsto.com/shop/tezgah/7758-057b8-01
	200	https://equsto.com/shop/tezgah/7758-067b8-01	1	https://equsto.com/shop/tezgah/7758-067b8-01
	200	https://equsto.com/shop/tezgah/7758-067c8-01	1	https://equsto.com/shop/tezgah/7758-067c8-01
	200	https://equsto.com/shop/tezgah/7758-077c8-01	1	https://equsto.com/shop/tezgah/7758-077c8-01
	200	https://equsto.com/shop/tezgah/7758-077d8-01	1	https://equsto.com/shop/tezgah/7758-077d8-01
	200	https://equsto.com/shop/tezgah/7758-087d8-01	1	https://equsto.com/shop/tezgah/7758-087d8-01
	200	https://equsto.com/shop/tezgah/7754-056a8-01	1	https://equsto.com/shop/tezgah/7754-056a8-01
	200	https://equsto.com/shop/tezgah/7754-066a8-01	1	https://equsto.com/shop/tezgah/7754-066a8-01
	200	https://equsto.com/shop/tezgah/7754-066e8-01	1	https://equsto.com/shop/tezgah/7754-066e8-01
	200	https://equsto.com/shop/tezgah/7754-076e8-01	1	https://equsto.com/shop/tezgah/7754-076e8-01
	200	https://equsto.com/shop/tezgah/7754-057b8-01	1	https://equsto.com/shop/tezgah/7754-057b8-01
	200	https://equsto.com/shop/tezgah/7754-067b8-01	1	https://equsto.com/shop/tezgah/7754-067b8-01
	200	https://equsto.com/shop/tezgah/7754-067c8-01	1	https://equsto.com/shop/tezgah/7754-067c8-01
	200	https://equsto.com/shop/tezgah/7754-077c8-01	1	https://equsto.com/shop/tezgah/7754-077c8-01
	200	https://equsto.com/shop/tezgah/7754-077d8-01	1	https://equsto.com/shop/tezgah/7754-077d8-01
	200	https://equsto.com/shop/tezgah/7754-087d8-01	1	https://equsto.com/shop/tezgah/7754-087d8-01
	200	https://equsto.com/shop/tezgah/7758-196a8-41	1	https://equsto.com/shop/tezgah/7758-196a8-41
	200	https://equsto.com/shop/tezgah/7758-216a8-41	1	https://equsto.com/shop/tezgah/7758-216a8-41
	200	https://equsto.com/shop/tezgah/7758-246e8-41	1	https://equsto.com/shop/tezgah/7758-246e8-41
	200	https://equsto.com/shop/tezgah/7754-196a8-41	1	https://equsto.com/shop/tezgah/7754-196a8-41
	200	https://equsto.com/shop/tezgah/7754-216a8-41	1	https://equsto.com/shop/tezgah/7754-216a8-41
	200	https://equsto.com/shop/tezgah/7754-246e8-41	1	https://equsto.com/shop/tezgah/7754-246e8-41
	200	https://equsto.com/shop/tezgah/7758-126a8-13	1	https://equsto.com/shop/tezgah/7758-126a8-13
	200	https://equsto.com/shop/tezgah/7758-146a8-13	1	https://equsto.com/shop/tezgah/7758-146a8-13
	200	https://equsto.com/shop/tezgah/7758-166a8-13	1	https://equsto.com/shop/tezgah/7758-166a8-13
	200	https://equsto.com/shop/tezgah/7758-147c8-13	1	https://equsto.com/shop/tezgah/7758-147c8-13
	200	https://equsto.com/shop/tezgah/7758-167c8-13	1	https://equsto.com/shop/tezgah/7758-167c8-13
	200	https://equsto.com/shop/tezgah/7754-126a8-13	1	https://equsto.com/shop/tezgah/7754-126a8-13
	200	https://equsto.com/shop/tezgah/7754-146a8-13	1	https://equsto.com/shop/tezgah/7754-146a8-13
	200	https://equsto.com/shop/tezgah/7754-166a8-13	1	https://equsto.com/shop/tezgah/7754-166a8-13
	200	https://equsto.com/shop/tezgah/7754-147c8-13	1	https://equsto.com/shop/tezgah/7754-147c8-13
	200	https://equsto.com/shop/tezgah/7754-167c8-13	1	https://equsto.com/shop/tezgah/7754-167c8-13
	200	https://equsto.com/shop/tezgah/7758-126a5-13	1	https://equsto.com/shop/tezgah/7758-126a5-13
	200	https://equsto.com/shop/tezgah/7758-146a5-13	1	https://equsto.com/shop/tezgah/7758-146a5-13
	200	https://equsto.com/shop/tezgah/7758-166a5-13	1	https://equsto.com/shop/tezgah/7758-166a5-13
	200	https://equsto.com/shop/tezgah/7758-147c5-13	1	https://equsto.com/shop/tezgah/7758-147c5-13
	200	https://equsto.com/shop/tezgah/7758-167c5-13	1	https://equsto.com/shop/tezgah/7758-167c5-13
	200	https://equsto.com/shop/tezgah/7754-126a5-13	1	https://equsto.com/shop/tezgah/7754-126a5-13
	200	https://equsto.com/shop/tezgah/7754-146a5-13	1	https://equsto.com/shop/tezgah/7754-146a5-13
	200	https://equsto.com/shop/tezgah/7754-166a5-13	1	https://equsto.com/shop/tezgah/7754-166a5-13
	200	https://equsto.com/shop/tezgah/7754-147c5-13	1	https://equsto.com/shop/tezgah/7754-147c5-13
	200	https://equsto.com/shop/tezgah/7754-167c5-13	1	https://equsto.com/shop/tezgah/7754-167c5-13
	200	https://equsto.com/shop/tezgah/7758-146eb-11	1	https://equsto.com/shop/tezgah/7758-146eb-11
	200	https://equsto.com/shop/tezgah/7758-127cb-11	1	https://equsto.com/shop/tezgah/7758-127cb-11
	200	https://equsto.com/shop/tezgah/7758-146eb-15	1	https://equsto.com/shop/tezgah/7758-146eb-15
	200	https://equsto.com/shop/tezgah/7758-127cb-15	1	https://equsto.com/shop/tezgah/7758-127cb-15
	200	https://equsto.com/shop/tezgah/7758-147cb-15	1	https://equsto.com/shop/tezgah/7758-147cb-15
	200	https://equsto.com/shop/tezgah/7754-126ab-11	1	https://equsto.com/shop/tezgah/7754-126ab-11
	200	https://equsto.com/shop/tezgah/7754-146eb-11	1	https://equsto.com/shop/tezgah/7754-146eb-11
	200	https://equsto.com/shop/tezgah/7754-127cb-11	1	https://equsto.com/shop/tezgah/7754-127cb-11
	200	https://equsto.com/shop/tezgah/7754-147cb-11	1	https://equsto.com/shop/tezgah/7754-147cb-11
	200	https://equsto.com/shop/tezgah/7754-126ab-15	1	https://equsto.com/shop/tezgah/7754-126ab-15
	200	https://equsto.com/shop/tezgah/7754-146eb-15	1	https://equsto.com/shop/tezgah/7754-146eb-15
	200	https://equsto.com/shop/tezgah/7754-127cb-15	1	https://equsto.com/shop/tezgah/7754-127cb-15
	200	https://equsto.com/shop/tezgah/7754-147cb-15	1	https://equsto.com/shop/tezgah/7754-147cb-15
	200	https://equsto.com/shop/tezgah/7758-187cb-21	1	https://equsto.com/shop/tezgah/7758-187cb-21
	200	https://equsto.com/shop/tezgah/7758-207cb-21	1	https://equsto.com/shop/tezgah/7758-207cb-21
	200	https://equsto.com/shop/tezgah/7758-187cb-25	1	https://equsto.com/shop/tezgah/7758-187cb-25
	200	https://equsto.com/shop/tezgah/7758-197cb-25	1	https://equsto.com/shop/tezgah/7758-197cb-25
	200	https://equsto.com/shop/tezgah/7754-166ab-21	1	https://equsto.com/shop/tezgah/7754-166ab-21
	200	https://equsto.com/shop/tezgah/7754-186eb-21	1	https://equsto.com/shop/tezgah/7754-186eb-21
	200	https://equsto.com/shop/tezgah/7754-187cb-21	1	https://equsto.com/shop/tezgah/7754-187cb-21
	200	https://equsto.com/shop/tezgah/7754-197cb-21	1	https://equsto.com/shop/tezgah/7754-197cb-21
	200	https://equsto.com/shop/tezgah/7754-207cb-21	1	https://equsto.com/shop/tezgah/7754-207cb-21
	200	https://equsto.com/shop/tezgah/7754-166ab-25	1	https://equsto.com/shop/tezgah/7754-166ab-25
	200	https://equsto.com/shop/tezgah/7754-186eb-25	1	https://equsto.com/shop/tezgah/7754-186eb-25
	200	https://equsto.com/shop/tezgah/7754-187cb-25	1	https://equsto.com/shop/tezgah/7754-187cb-25
	200	https://equsto.com/shop/tezgah/7754-197cb-25	1	https://equsto.com/shop/tezgah/7754-197cb-25
	200	https://equsto.com/shop/tezgah/7754-207cb-25	1	https://equsto.com/shop/tezgah/7754-207cb-25
	200	https://equsto.com/shop/tezgah/7758-146a5-21	1	https://equsto.com/shop/tezgah/7758-146a5-21
	200	https://equsto.com/shop/tezgah/7758-156a5-21	1	https://equsto.com/shop/tezgah/7758-156a5-21
	200	https://equsto.com/shop/tezgah/7758-166a5-21	1	https://equsto.com/shop/tezgah/7758-166a5-21
	200	https://equsto.com/shop/tezgah/7758-166e5-21	1	https://equsto.com/shop/tezgah/7758-166e5-21
	200	https://equsto.com/shop/tezgah/7758-186e5-21	1	https://equsto.com/shop/tezgah/7758-186e5-21
	200	https://equsto.com/shop/tezgah/7758-196e5-21	1	https://equsto.com/shop/tezgah/7758-196e5-21
	200	https://equsto.com/shop/tezgah/7758-157b5-21	1	https://equsto.com/shop/tezgah/7758-157b5-21
	200	https://equsto.com/shop/tezgah/7758-167b5-21	1	https://equsto.com/shop/tezgah/7758-167b5-21
	200	https://equsto.com/shop/tezgah/7758-167c5-21	1	https://equsto.com/shop/tezgah/7758-167c5-21
	200	https://equsto.com/shop/tezgah/7758-187c5-21	1	https://equsto.com/shop/tezgah/7758-187c5-21
	200	https://equsto.com/shop/tezgah/7758-197c5-21	1	https://equsto.com/shop/tezgah/7758-197c5-21
	200	https://equsto.com/shop/tezgah/7758-197d5-21	1	https://equsto.com/shop/tezgah/7758-197d5-21
	200	https://equsto.com/shop/tezgah/7758-207c5-21	1	https://equsto.com/shop/tezgah/7758-207c5-21
	200	https://equsto.com/shop/tezgah/7758-217d5-21	1	https://equsto.com/shop/tezgah/7758-217d5-21
	200	https://equsto.com/shop/tezgah/7758-146a5-25	1	https://equsto.com/shop/tezgah/7758-146a5-25
	200	https://equsto.com/shop/tezgah/7758-156a5-25	1	https://equsto.com/shop/tezgah/7758-156a5-25
	200	https://equsto.com/shop/tezgah/7758-166a5-25	1	https://equsto.com/shop/tezgah/7758-166a5-25
	200	https://equsto.com/shop/tezgah/7758-166e5-25	1	https://equsto.com/shop/tezgah/7758-166e5-25
	200	https://equsto.com/shop/tezgah/7758-186e5-25	1	https://equsto.com/shop/tezgah/7758-186e5-25
	200	https://equsto.com/shop/tezgah/7758-196e5-25	1	https://equsto.com/shop/tezgah/7758-196e5-25
	200	https://equsto.com/shop/tezgah/7758-157b5-25	1	https://equsto.com/shop/tezgah/7758-157b5-25
	200	https://equsto.com/shop/tezgah/7758-167b5-25	1	https://equsto.com/shop/tezgah/7758-167b5-25
	200	https://equsto.com/shop/tezgah/7758-167c5-25	1	https://equsto.com/shop/tezgah/7758-167c5-25
	200	https://equsto.com/shop/tezgah/7758-187c5-25	1	https://equsto.com/shop/tezgah/7758-187c5-25
	200	https://equsto.com/shop/tezgah/7758-197c5-25	1	https://equsto.com/shop/tezgah/7758-197c5-25
	200	https://equsto.com/shop/tezgah/7758-197d5-25	1	https://equsto.com/shop/tezgah/7758-197d5-25
	200	https://equsto.com/shop/tezgah/7758-207c5-25	1	https://equsto.com/shop/tezgah/7758-207c5-25
	200	https://equsto.com/shop/tezgah/7758-217d5-25	1	https://equsto.com/shop/tezgah/7758-217d5-25
	200	https://equsto.com/shop/tezgah/7754-146a5-21	1	https://equsto.com/shop/tezgah/7754-146a5-21
	200	https://equsto.com/shop/tezgah/7754-156a5-21	1	https://equsto.com/shop/tezgah/7754-156a5-21
	200	https://equsto.com/shop/tezgah/7754-166a5-21	1	https://equsto.com/shop/tezgah/7754-166a5-21
	200	https://equsto.com/shop/tezgah/7754-166e5-21	1	https://equsto.com/shop/tezgah/7754-166e5-21
	200	https://equsto.com/shop/tezgah/7754-186e5-21	1	https://equsto.com/shop/tezgah/7754-186e5-21
	200	https://equsto.com/shop/tezgah/7754-196e5-21	1	https://equsto.com/shop/tezgah/7754-196e5-21
	200	https://equsto.com/shop/tezgah/7754-157b5-21	1	https://equsto.com/shop/tezgah/7754-157b5-21
	200	https://equsto.com/shop/tezgah/7754-167b5-21	1	https://equsto.com/shop/tezgah/7754-167b5-21
	200	https://equsto.com/shop/tezgah/7754-167c5-21	1	https://equsto.com/shop/tezgah/7754-167c5-21
	200	https://equsto.com/shop/tezgah/7754-187c5-21	1	https://equsto.com/shop/tezgah/7754-187c5-21
	200	https://equsto.com/shop/tezgah/7754-197c5-21	1	https://equsto.com/shop/tezgah/7754-197c5-21
	200	https://equsto.com/shop/tezgah/7754-197d5-21	1	https://equsto.com/shop/tezgah/7754-197d5-21
	200	https://equsto.com/shop/tezgah/7754-207c5-21	1	https://equsto.com/shop/tezgah/7754-207c5-21
	200	https://equsto.com/shop/tezgah/7754-217d5-21	1	https://equsto.com/shop/tezgah/7754-217d5-21
	200	https://equsto.com/shop/tezgah/7754-146a5-25	1	https://equsto.com/shop/tezgah/7754-146a5-25
	200	https://equsto.com/shop/tezgah/7754-156a5-25	1	https://equsto.com/shop/tezgah/7754-156a5-25
	200	https://equsto.com/shop/tezgah/7754-166a5-25	1	https://equsto.com/shop/tezgah/7754-166a5-25
	200	https://equsto.com/shop/tezgah/7754-166e5-25	1	https://equsto.com/shop/tezgah/7754-166e5-25
	200	https://equsto.com/shop/tezgah/7754-186e5-25	1	https://equsto.com/shop/tezgah/7754-186e5-25
	200	https://equsto.com/shop/tezgah/7754-196e5-25	1	https://equsto.com/shop/tezgah/7754-196e5-25
	200	https://equsto.com/shop/tezgah/7754-157b5-25	1	https://equsto.com/shop/tezgah/7754-157b5-25
	200	https://equsto.com/shop/tezgah/7754-167b5-25	1	https://equsto.com/shop/tezgah/7754-167b5-25
	200	https://equsto.com/shop/tezgah/7754-167c5-25	1	https://equsto.com/shop/tezgah/7754-167c5-25
	200	https://equsto.com/shop/tezgah/7754-187c5-25	1	https://equsto.com/shop/tezgah/7754-187c5-25
	200	https://equsto.com/shop/tezgah/7754-197c5-25	1	https://equsto.com/shop/tezgah/7754-197c5-25
	200	https://equsto.com/shop/tezgah/7754-197d5-25	1	https://equsto.com/shop/tezgah/7754-197d5-25
	200	https://equsto.com/shop/tezgah/7754-207c5-25	1	https://equsto.com/shop/tezgah/7754-207c5-25
	200	https://equsto.com/shop/tezgah/7754-217d5-25	1	https://equsto.com/shop/tezgah/7754-217d5-25
	200	https://equsto.com/shop/tezgah/7758-146a8-21	1	https://equsto.com/shop/tezgah/7758-146a8-21
	200	https://equsto.com/shop/tezgah/7758-156a8-21	1	https://equsto.com/shop/tezgah/7758-156a8-21
	200	https://equsto.com/shop/tezgah/7758-166a8-21	1	https://equsto.com/shop/tezgah/7758-166a8-21
	200	https://equsto.com/shop/tezgah/7758-166e8-21	1	https://equsto.com/shop/tezgah/7758-166e8-21
	200	https://equsto.com/shop/tezgah/7758-186e8-21	1	https://equsto.com/shop/tezgah/7758-186e8-21
	200	https://equsto.com/shop/tezgah/7758-196e8-21	1	https://equsto.com/shop/tezgah/7758-196e8-21
	200	https://equsto.com/shop/tezgah/7758-157b8-21	1	https://equsto.com/shop/tezgah/7758-157b8-21
	200	https://equsto.com/shop/tezgah/7758-167b8-21	1	https://equsto.com/shop/tezgah/7758-167b8-21
	200	https://equsto.com/shop/tezgah/7758-167c8-21	1	https://equsto.com/shop/tezgah/7758-167c8-21
	200	https://equsto.com/shop/tezgah/7758-187c8-21	1	https://equsto.com/shop/tezgah/7758-187c8-21
	200	https://equsto.com/shop/tezgah/7758-197c8-21	1	https://equsto.com/shop/tezgah/7758-197c8-21
	200	https://equsto.com/shop/tezgah/7758-197d8-21	1	https://equsto.com/shop/tezgah/7758-197d8-21
	200	https://equsto.com/shop/tezgah/7758-207c8-21	1	https://equsto.com/shop/tezgah/7758-207c8-21
	200	https://equsto.com/shop/tezgah/7758-217d8-21	1	https://equsto.com/shop/tezgah/7758-217d8-21
	200	https://equsto.com/shop/tezgah/7758-146a8-25	1	https://equsto.com/shop/tezgah/7758-146a8-25
	200	https://equsto.com/shop/tezgah/7758-156a8-25	1	https://equsto.com/shop/tezgah/7758-156a8-25
	200	https://equsto.com/shop/tezgah/7758-166a8-25	1	https://equsto.com/shop/tezgah/7758-166a8-25
	200	https://equsto.com/shop/tezgah/7758-166e8-25	1	https://equsto.com/shop/tezgah/7758-166e8-25
	200	https://equsto.com/shop/tezgah/7758-186e8-25	1	https://equsto.com/shop/tezgah/7758-186e8-25
	200	https://equsto.com/shop/tezgah/7758-196e8-25	1	https://equsto.com/shop/tezgah/7758-196e8-25
	200	https://equsto.com/shop/tezgah/7758-157b8-25	1	https://equsto.com/shop/tezgah/7758-157b8-25
	200	https://equsto.com/shop/tezgah/7758-167b8-25	1	https://equsto.com/shop/tezgah/7758-167b8-25
	200	https://equsto.com/shop/tezgah/7758-167c8-25	1	https://equsto.com/shop/tezgah/7758-167c8-25
	200	https://equsto.com/shop/tezgah/7758-187c8-25	1	https://equsto.com/shop/tezgah/7758-187c8-25
	200	https://equsto.com/shop/tezgah/7758-197c8-25	1	https://equsto.com/shop/tezgah/7758-197c8-25
	200	https://equsto.com/shop/tezgah/7758-197d8-25	1	https://equsto.com/shop/tezgah/7758-197d8-25
	200	https://equsto.com/shop/tezgah/7758-207c8-25	1	https://equsto.com/shop/tezgah/7758-207c8-25
	200	https://equsto.com/shop/tezgah/7758-217d8-25	1	https://equsto.com/shop/tezgah/7758-217d8-25
	200	https://equsto.com/shop/tezgah/7754-146a8-21	1	https://equsto.com/shop/tezgah/7754-146a8-21
	200	https://equsto.com/shop/tezgah/7754-156a8-21	1	https://equsto.com/shop/tezgah/7754-156a8-21
	200	https://equsto.com/shop/tezgah/7754-166a8-21	1	https://equsto.com/shop/tezgah/7754-166a8-21
	200	https://equsto.com/shop/tezgah/7754-166e8-21	1	https://equsto.com/shop/tezgah/7754-166e8-21
	200	https://equsto.com/shop/tezgah/7754-186e8-21	1	https://equsto.com/shop/tezgah/7754-186e8-21
	200	https://equsto.com/shop/tezgah/7754-196e8-21	1	https://equsto.com/shop/tezgah/7754-196e8-21
	200	https://equsto.com/shop/tezgah/7754-157b8-21	1	https://equsto.com/shop/tezgah/7754-157b8-21
	200	https://equsto.com/shop/tezgah/7754-167b8-21	1	https://equsto.com/shop/tezgah/7754-167b8-21
	200	https://equsto.com/shop/tezgah/7754-167c8-21	1	https://equsto.com/shop/tezgah/7754-167c8-21
	200	https://equsto.com/shop/tezgah/7754-187c8-21	1	https://equsto.com/shop/tezgah/7754-187c8-21
	200	https://equsto.com/shop/tezgah/7754-197c8-21	1	https://equsto.com/shop/tezgah/7754-197c8-21
	200	https://equsto.com/shop/tezgah/7754-197d8-21	1	https://equsto.com/shop/tezgah/7754-197d8-21
	200	https://equsto.com/shop/tezgah/7754-207c8-21	1	https://equsto.com/shop/tezgah/7754-207c8-21
	200	https://equsto.com/shop/tezgah/7754-217d8-21	1	https://equsto.com/shop/tezgah/7754-217d8-21
	200	https://equsto.com/shop/tezgah/7754-146a8-25	1	https://equsto.com/shop/tezgah/7754-146a8-25
	200	https://equsto.com/shop/tezgah/7754-156a8-25	1	https://equsto.com/shop/tezgah/7754-156a8-25
	200	https://equsto.com/shop/tezgah/7754-166a8-25	1	https://equsto.com/shop/tezgah/7754-166a8-25
	200	https://equsto.com/shop/tezgah/7754-166e8-25	1	https://equsto.com/shop/tezgah/7754-166e8-25
	200	https://equsto.com/shop/tezgah/7754-186e8-25	1	https://equsto.com/shop/tezgah/7754-186e8-25
	200	https://equsto.com/shop/tezgah/7754-196e8-25	1	https://equsto.com/shop/tezgah/7754-196e8-25
	200	https://equsto.com/shop/tezgah/7754-157b8-25	1	https://equsto.com/shop/tezgah/7754-157b8-25
	200	https://equsto.com/shop/tezgah/7754-167b8-25	1	https://equsto.com/shop/tezgah/7754-167b8-25
	200	https://equsto.com/shop/tezgah/7754-167c8-25	1	https://equsto.com/shop/tezgah/7754-167c8-25
	200	https://equsto.com/shop/tezgah/7754-187c8-25	1	https://equsto.com/shop/tezgah/7754-187c8-25
	200	https://equsto.com/shop/tezgah/7754-197c8-25	1	https://equsto.com/shop/tezgah/7754-197c8-25
	200	https://equsto.com/shop/tezgah/7754-197d8-25	1	https://equsto.com/shop/tezgah/7754-197d8-25
	200	https://equsto.com/shop/tezgah/7754-207c8-25	1	https://equsto.com/shop/tezgah/7754-207c8-25
	200	https://equsto.com/shop/tezgah/7754-217d8-25	1	https://equsto.com/shop/tezgah/7754-217d8-25
	200	https://equsto.com/shop/tezgah/7758-166a5-23	1	https://equsto.com/shop/tezgah/7758-166a5-23
	200	https://equsto.com/shop/tezgah/7758-186e5-23	1	https://equsto.com/shop/tezgah/7758-186e5-23
	200	https://equsto.com/shop/tezgah/7758-196e5-23	1	https://equsto.com/shop/tezgah/7758-196e5-23
	200	https://equsto.com/shop/tezgah/7758-216e5-23	1	https://equsto.com/shop/tezgah/7758-216e5-23
	200	https://equsto.com/shop/tezgah/7758-246e5-23	1	https://equsto.com/shop/tezgah/7758-246e5-23
	200	https://equsto.com/shop/tezgah/7758-187c5-23	1	https://equsto.com/shop/tezgah/7758-187c5-23
	200	https://equsto.com/shop/tezgah/7758-197c5-23	1	https://equsto.com/shop/tezgah/7758-197c5-23
	200	https://equsto.com/shop/tezgah/7758-207c5-23	1	https://equsto.com/shop/tezgah/7758-207c5-23
	200	https://equsto.com/shop/tezgah/7758-247d5-23	1	https://equsto.com/shop/tezgah/7758-247d5-23
	200	https://equsto.com/shop/tezgah/7754-166a5-23	1	https://equsto.com/shop/tezgah/7754-166a5-23
	200	https://equsto.com/shop/tezgah/7754-186e5-23	1	https://equsto.com/shop/tezgah/7754-186e5-23
	200	https://equsto.com/shop/tezgah/7754-196e5-23	1	https://equsto.com/shop/tezgah/7754-196e5-23
	200	https://equsto.com/shop/tezgah/7754-216e5-23	1	https://equsto.com/shop/tezgah/7754-216e5-23
	200	https://equsto.com/shop/tezgah/7754-246e5-23	1	https://equsto.com/shop/tezgah/7754-246e5-23
	200	https://equsto.com/shop/tezgah/7754-187c5-23	1	https://equsto.com/shop/tezgah/7754-187c5-23
	200	https://equsto.com/shop/tezgah/7754-197c5-23	1	https://equsto.com/shop/tezgah/7754-197c5-23
	200	https://equsto.com/shop/tezgah/7754-207c5-23	1	https://equsto.com/shop/tezgah/7754-207c5-23
	200	https://equsto.com/shop/tezgah/7754-247d5-23	1	https://equsto.com/shop/tezgah/7754-247d5-23
	200	https://equsto.com/shop/tezgah/7758-166a5-35	1	https://equsto.com/shop/tezgah/7758-166a5-35
	200	https://equsto.com/shop/tezgah/7758-186e5-35	1	https://equsto.com/shop/tezgah/7758-186e5-35
	200	https://equsto.com/shop/tezgah/7758-196e5-35	1	https://equsto.com/shop/tezgah/7758-196e5-35
	200	https://equsto.com/shop/tezgah/7758-187c5-35	1	https://equsto.com/shop/tezgah/7758-187c5-35
	200	https://equsto.com/shop/tezgah/7758-197c5-35	1	https://equsto.com/shop/tezgah/7758-197c5-35
	200	https://equsto.com/shop/tezgah/7754-166a5-35	1	https://equsto.com/shop/tezgah/7754-166a5-35
	200	https://equsto.com/shop/tezgah/7754-186e5-35	1	https://equsto.com/shop/tezgah/7754-186e5-35
	200	https://equsto.com/shop/tezgah/7754-196e5-35	1	https://equsto.com/shop/tezgah/7754-196e5-35
	200	https://equsto.com/shop/tezgah/7754-187c5-35	1	https://equsto.com/shop/tezgah/7754-187c5-35
	200	https://equsto.com/shop/tezgah/7754-197c5-35	1	https://equsto.com/shop/tezgah/7754-197c5-35
	200	https://equsto.com/shop/tezgah/7758-166a8-35	1	https://equsto.com/shop/tezgah/7758-166a8-35
	200	https://equsto.com/shop/tezgah/7758-186e8-35	1	https://equsto.com/shop/tezgah/7758-186e8-35
	200	https://equsto.com/shop/tezgah/7758-196e8-35	1	https://equsto.com/shop/tezgah/7758-196e8-35
	200	https://equsto.com/shop/tezgah/7758-187c8-35	1	https://equsto.com/shop/tezgah/7758-187c8-35
	200	https://equsto.com/shop/tezgah/7758-197c8-35	1	https://equsto.com/shop/tezgah/7758-197c8-35
	200	https://equsto.com/shop/tezgah/7754-166a8-35	1	https://equsto.com/shop/tezgah/7754-166a8-35
	200	https://equsto.com/shop/tezgah/7754-186e8-35	1	https://equsto.com/shop/tezgah/7754-186e8-35
	200	https://equsto.com/shop/tezgah/7754-196e8-35	1	https://equsto.com/shop/tezgah/7754-196e8-35
	200	https://equsto.com/shop/tezgah/7754-187c8-35	1	https://equsto.com/shop/tezgah/7754-187c8-35
	200	https://equsto.com/shop/tezgah/7754-197c8-35	1	https://equsto.com/shop/tezgah/7754-197c8-35
	200	https://equsto.com/shop/tezgah/7758-166a8-23	1	https://equsto.com/shop/tezgah/7758-166a8-23
	200	https://equsto.com/shop/tezgah/7758-186e8-23	1	https://equsto.com/shop/tezgah/7758-186e8-23
	200	https://equsto.com/shop/tezgah/7758-196e8-23	1	https://equsto.com/shop/tezgah/7758-196e8-23
	200	https://equsto.com/shop/tezgah/7758-216e8-23	1	https://equsto.com/shop/tezgah/7758-216e8-23
	200	https://equsto.com/shop/tezgah/7758-246e8-23	1	https://equsto.com/shop/tezgah/7758-246e8-23
	200	https://equsto.com/shop/tezgah/7758-187c8-23	1	https://equsto.com/shop/tezgah/7758-187c8-23
	200	https://equsto.com/shop/tezgah/7758-197c8-23	1	https://equsto.com/shop/tezgah/7758-197c8-23
	200	https://equsto.com/shop/tezgah/7758-207c8-23	1	https://equsto.com/shop/tezgah/7758-207c8-23
	200	https://equsto.com/shop/tezgah/7758-247d8-23	1	https://equsto.com/shop/tezgah/7758-247d8-23
	200	https://equsto.com/shop/tezgah/7754-166a8-23	1	https://equsto.com/shop/tezgah/7754-166a8-23
	200	https://equsto.com/shop/tezgah/7754-186e8-23	1	https://equsto.com/shop/tezgah/7754-186e8-23
	200	https://equsto.com/shop/tezgah/7754-196e8-23	1	https://equsto.com/shop/tezgah/7754-196e8-23
	200	https://equsto.com/shop/tezgah/7754-216e8-23	1	https://equsto.com/shop/tezgah/7754-216e8-23
	200	https://equsto.com/shop/tezgah/7754-246e8-23	1	https://equsto.com/shop/tezgah/7754-246e8-23
	200	https://equsto.com/shop/tezgah/7754-187c8-23	1	https://equsto.com/shop/tezgah/7754-187c8-23
	200	https://equsto.com/shop/tezgah/7754-197c8-23	1	https://equsto.com/shop/tezgah/7754-197c8-23
	200	https://equsto.com/shop/tezgah/7754-207c8-23	1	https://equsto.com/shop/tezgah/7754-207c8-23
	200	https://equsto.com/shop/tezgah/7754-247d8-23	1	https://equsto.com/shop/tezgah/7754-247d8-23
	200	https://equsto.com/shop/tezgah/7758-196a5-31	1	https://equsto.com/shop/tezgah/7758-196a5-31
	200	https://equsto.com/shop/tezgah/7758-216e5-31	1	https://equsto.com/shop/tezgah/7758-216e5-31
	200	https://equsto.com/shop/tezgah/7758-246e5-31	1	https://equsto.com/shop/tezgah/7758-246e5-31
	200	https://equsto.com/shop/tezgah/7758-247c5-31	1	https://equsto.com/shop/tezgah/7758-247c5-31
	200	https://equsto.com/shop/tezgah/7758-196a5-33	1	https://equsto.com/shop/tezgah/7758-196a5-33
	200	https://equsto.com/shop/tezgah/7758-216e5-33	1	https://equsto.com/shop/tezgah/7758-216e5-33
	200	https://equsto.com/shop/tezgah/7758-246e5-33	1	https://equsto.com/shop/tezgah/7758-246e5-33
	200	https://equsto.com/shop/tezgah/7758-247c5-33	1	https://equsto.com/shop/tezgah/7758-247c5-33
	200	https://equsto.com/shop/tezgah/7754-196a5-31	1	https://equsto.com/shop/tezgah/7754-196a5-31
	200	https://equsto.com/shop/tezgah/7754-216e5-31	1	https://equsto.com/shop/tezgah/7754-216e5-31
	200	https://equsto.com/shop/tezgah/7754-246e5-31	1	https://equsto.com/shop/tezgah/7754-246e5-31
	200	https://equsto.com/shop/tezgah/7754-247c5-31	1	https://equsto.com/shop/tezgah/7754-247c5-31
	200	https://equsto.com/shop/tezgah/7754-196a5-33	1	https://equsto.com/shop/tezgah/7754-196a5-33
	200	https://equsto.com/shop/tezgah/7754-216e5-33	1	https://equsto.com/shop/tezgah/7754-216e5-33
	200	https://equsto.com/shop/tezgah/7754-246e5-33	1	https://equsto.com/shop/tezgah/7754-246e5-33
	200	https://equsto.com/shop/tezgah/7754-247c5-33	1	https://equsto.com/shop/tezgah/7754-247c5-33
	200	https://equsto.com/shop/tezgah/7758-196a8-31	1	https://equsto.com/shop/tezgah/7758-196a8-31
	200	https://equsto.com/shop/tezgah/7758-216e8-31	1	https://equsto.com/shop/tezgah/7758-216e8-31
	200	https://equsto.com/shop/tezgah/7758-246e8-31	1	https://equsto.com/shop/tezgah/7758-246e8-31
	200	https://equsto.com/shop/tezgah/7758-247c8-31	1	https://equsto.com/shop/tezgah/7758-247c8-31
	200	https://equsto.com/shop/tezgah/7758-196a8-33	1	https://equsto.com/shop/tezgah/7758-196a8-33
	200	https://equsto.com/shop/tezgah/7758-216e8-33	1	https://equsto.com/shop/tezgah/7758-216e8-33
	200	https://equsto.com/shop/tezgah/7758-246e8-33	1	https://equsto.com/shop/tezgah/7758-246e8-33
	200	https://equsto.com/shop/tezgah/7758-247c8-33	1	https://equsto.com/shop/tezgah/7758-247c8-33
	200	https://equsto.com/shop/tezgah/7754-196a8-31	1	https://equsto.com/shop/tezgah/7754-196a8-31
	200	https://equsto.com/shop/tezgah/7754-216e8-31	1	https://equsto.com/shop/tezgah/7754-216e8-31
	200	https://equsto.com/shop/tezgah/7754-246e8-31	1	https://equsto.com/shop/tezgah/7754-246e8-31
	200	https://equsto.com/shop/tezgah/7754-247c8-31	1	https://equsto.com/shop/tezgah/7754-247c8-31
	200	https://equsto.com/shop/tezgah/7754-196a8-33	1	https://equsto.com/shop/tezgah/7754-196a8-33
	200	https://equsto.com/shop/tezgah/7754-216e8-33	1	https://equsto.com/shop/tezgah/7754-216e8-33
	200	https://equsto.com/shop/tezgah/7754-246e8-33	1	https://equsto.com/shop/tezgah/7754-246e8-33
	200	https://equsto.com/shop/tezgah/7754-247c8-33	1	https://equsto.com/shop/tezgah/7754-247c8-33
	200	https://equsto.com/shop/tezgah/7911-06060-94	1	https://equsto.com/shop/tezgah/7911-06060-94
	200	https://equsto.com/shop/tezgah/7911-09060-94	1	https://equsto.com/shop/tezgah/7911-09060-94
	200	https://equsto.com/shop/tezgah/7911-10060-94	1	https://equsto.com/shop/tezgah/7911-10060-94
	200	https://equsto.com/shop/tezgah/7911-12060-94	1	https://equsto.com/shop/tezgah/7911-12060-94
	200	https://equsto.com/shop/tezgah/7911-14060-94	1	https://equsto.com/shop/tezgah/7911-14060-94
	200	https://equsto.com/shop/tezgah/7911-16060-94	1	https://equsto.com/shop/tezgah/7911-16060-94
	200	https://equsto.com/shop/tezgah/7911-19060-94	1	https://equsto.com/shop/tezgah/7911-19060-94
	200	https://equsto.com/shop/tezgah/7911-06070-94	1	https://equsto.com/shop/tezgah/7911-06070-94
	200	https://equsto.com/shop/tezgah/7911-09070-94	1	https://equsto.com/shop/tezgah/7911-09070-94
	200	https://equsto.com/shop/tezgah/7911-10070-94	1	https://equsto.com/shop/tezgah/7911-10070-94
	200	https://equsto.com/shop/tezgah/7911-12070-94	1	https://equsto.com/shop/tezgah/7911-12070-94
	200	https://equsto.com/shop/tezgah/7911-14070-94	1	https://equsto.com/shop/tezgah/7911-14070-94
	200	https://equsto.com/shop/tezgah/7911-16070-94	1	https://equsto.com/shop/tezgah/7911-16070-94
	200	https://equsto.com/shop/tezgah/7911-19070-94	1	https://equsto.com/shop/tezgah/7911-19070-94
	200	https://equsto.com/shop/tezgah/7911-06060-84	1	https://equsto.com/shop/tezgah/7911-06060-84
	200	https://equsto.com/shop/tezgah/7911-09060-84	1	https://equsto.com/shop/tezgah/7911-09060-84
	200	https://equsto.com/shop/tezgah/7911-10060-84	1	https://equsto.com/shop/tezgah/7911-10060-84
	200	https://equsto.com/shop/tezgah/7911-12060-84	1	https://equsto.com/shop/tezgah/7911-12060-84
	200	https://equsto.com/shop/tezgah/7911-14060-84	1	https://equsto.com/shop/tezgah/7911-14060-84
	200	https://equsto.com/shop/tezgah/7911-16060-84	1	https://equsto.com/shop/tezgah/7911-16060-84
	200	https://equsto.com/shop/tezgah/7911-19060-84	1	https://equsto.com/shop/tezgah/7911-19060-84
	200	https://equsto.com/shop/tezgah/7911-06070-84	1	https://equsto.com/shop/tezgah/7911-06070-84
	200	https://equsto.com/shop/tezgah/7911-09070-84	1	https://equsto.com/shop/tezgah/7911-09070-84
	200	https://equsto.com/shop/tezgah/7911-10070-84	1	https://equsto.com/shop/tezgah/7911-10070-84
	200	https://equsto.com/shop/tezgah/7911-12070-84	1	https://equsto.com/shop/tezgah/7911-12070-84
	200	https://equsto.com/shop/tezgah/7911-14070-84	1	https://equsto.com/shop/tezgah/7911-14070-84
	200	https://equsto.com/shop/tezgah/7911-16070-84	1	https://equsto.com/shop/tezgah/7911-16070-84
	200	https://equsto.com/shop/tezgah/7911-19070-84	1	https://equsto.com/shop/tezgah/7911-19070-84
	200	https://equsto.com/shop/tezgah/7911-06060-95	1	https://equsto.com/shop/tezgah/7911-06060-95
	200	https://equsto.com/shop/tezgah/7911-09060-95	1	https://equsto.com/shop/tezgah/7911-09060-95
	200	https://equsto.com/shop/tezgah/7911-10060-95	1	https://equsto.com/shop/tezgah/7911-10060-95
	200	https://equsto.com/shop/tezgah/7911-12060-95	1	https://equsto.com/shop/tezgah/7911-12060-95
	200	https://equsto.com/shop/tezgah/7911-14060-95	1	https://equsto.com/shop/tezgah/7911-14060-95
	200	https://equsto.com/shop/tezgah/7911-16060-95	1	https://equsto.com/shop/tezgah/7911-16060-95
	200	https://equsto.com/shop/tezgah/7911-19060-95	1	https://equsto.com/shop/tezgah/7911-19060-95
	200	https://equsto.com/shop/tezgah/7911-06070-95	1	https://equsto.com/shop/tezgah/7911-06070-95
	200	https://equsto.com/shop/tezgah/7911-09070-95	1	https://equsto.com/shop/tezgah/7911-09070-95
	200	https://equsto.com/shop/tezgah/7911-10070-95	1	https://equsto.com/shop/tezgah/7911-10070-95
	200	https://equsto.com/shop/tezgah/7911-12070-95	1	https://equsto.com/shop/tezgah/7911-12070-95
	200	https://equsto.com/shop/tezgah/7911-14070-95	1	https://equsto.com/shop/tezgah/7911-14070-95
	200	https://equsto.com/shop/tezgah/7911-16070-95	1	https://equsto.com/shop/tezgah/7911-16070-95
	200	https://equsto.com/shop/tezgah/7911-19070-95	1	https://equsto.com/shop/tezgah/7911-19070-95
	200	https://equsto.com/shop/tezgah/7911-06060-85	1	https://equsto.com/shop/tezgah/7911-06060-85
	200	https://equsto.com/shop/tezgah/7911-09060-85	1	https://equsto.com/shop/tezgah/7911-09060-85
	200	https://equsto.com/shop/tezgah/7911-10060-85	1	https://equsto.com/shop/tezgah/7911-10060-85
	200	https://equsto.com/shop/tezgah/7911-12060-85	1	https://equsto.com/shop/tezgah/7911-12060-85
	200	https://equsto.com/shop/tezgah/7911-14060-85	1	https://equsto.com/shop/tezgah/7911-14060-85
	200	https://equsto.com/shop/tezgah/7911-16060-85	1	https://equsto.com/shop/tezgah/7911-16060-85
	200	https://equsto.com/shop/tezgah/7911-19060-85	1	https://equsto.com/shop/tezgah/7911-19060-85
	200	https://equsto.com/shop/tezgah/7911-06070-85	1	https://equsto.com/shop/tezgah/7911-06070-85
	200	https://equsto.com/shop/tezgah/7911-09070-85	1	https://equsto.com/shop/tezgah/7911-09070-85
	200	https://equsto.com/shop/tezgah/7911-10070-85	1	https://equsto.com/shop/tezgah/7911-10070-85
	200	https://equsto.com/shop/tezgah/7911-12070-85	1	https://equsto.com/shop/tezgah/7911-12070-85
	200	https://equsto.com/shop/tezgah/7911-14070-85	1	https://equsto.com/shop/tezgah/7911-14070-85
	200	https://equsto.com/shop/tezgah/7911-16070-85	1	https://equsto.com/shop/tezgah/7911-16070-85
	200	https://equsto.com/shop/tezgah/7911-19070-85	1	https://equsto.com/shop/tezgah/7911-19070-85
	200	https://equsto.com/shop/tezgah/7911-06060-96	1	https://equsto.com/shop/tezgah/7911-06060-96
	200	https://equsto.com/shop/tezgah/7911-09060-96	1	https://equsto.com/shop/tezgah/7911-09060-96
	200	https://equsto.com/shop/tezgah/7911-10060-96	1	https://equsto.com/shop/tezgah/7911-10060-96
	200	https://equsto.com/shop/tezgah/7911-12060-96	1	https://equsto.com/shop/tezgah/7911-12060-96
	200	https://equsto.com/shop/tezgah/7911-14060-96	1	https://equsto.com/shop/tezgah/7911-14060-96
	200	https://equsto.com/shop/tezgah/7911-16060-96	1	https://equsto.com/shop/tezgah/7911-16060-96
	200	https://equsto.com/shop/tezgah/7911-19060-96	1	https://equsto.com/shop/tezgah/7911-19060-96
	200	https://equsto.com/shop/tezgah/7911-06070-96	1	https://equsto.com/shop/tezgah/7911-06070-96
	200	https://equsto.com/shop/tezgah/7911-09070-96	1	https://equsto.com/shop/tezgah/7911-09070-96
	200	https://equsto.com/shop/tezgah/7911-10070-96	1	https://equsto.com/shop/tezgah/7911-10070-96
	200	https://equsto.com/shop/tezgah/7911-12070-96	1	https://equsto.com/shop/tezgah/7911-12070-96
	200	https://equsto.com/shop/tezgah/7911-14070-96	1	https://equsto.com/shop/tezgah/7911-14070-96
	200	https://equsto.com/shop/tezgah/7911-16070-96	1	https://equsto.com/shop/tezgah/7911-16070-96
	200	https://equsto.com/shop/tezgah/7911-19070-96	1	https://equsto.com/shop/tezgah/7911-19070-96
	200	https://equsto.com/shop/tezgah/7911-06060-79	1	https://equsto.com/shop/tezgah/7911-06060-79
	200	https://equsto.com/shop/tezgah/7911-09060-79	1	https://equsto.com/shop/tezgah/7911-09060-79
	200	https://equsto.com/shop/tezgah/7911-10060-79	1	https://equsto.com/shop/tezgah/7911-10060-79
	200	https://equsto.com/shop/tezgah/7911-12060-79	1	https://equsto.com/shop/tezgah/7911-12060-79
	200	https://equsto.com/shop/tezgah/7911-14060-79	1	https://equsto.com/shop/tezgah/7911-14060-79
	200	https://equsto.com/shop/tezgah/7911-16060-79	1	https://equsto.com/shop/tezgah/7911-16060-79
	200	https://equsto.com/shop/tezgah/7911-19060-79	1	https://equsto.com/shop/tezgah/7911-19060-79
	200	https://equsto.com/shop/tezgah/7911-06070-79	1	https://equsto.com/shop/tezgah/7911-06070-79
	200	https://equsto.com/shop/tezgah/7911-09070-79	1	https://equsto.com/shop/tezgah/7911-09070-79
	200	https://equsto.com/shop/tezgah/7911-10070-79	1	https://equsto.com/shop/tezgah/7911-10070-79
	200	https://equsto.com/shop/tezgah/7911-12070-79	1	https://equsto.com/shop/tezgah/7911-12070-79
	200	https://equsto.com/shop/tezgah/7911-14070-79	1	https://equsto.com/shop/tezgah/7911-14070-79
	200	https://equsto.com/shop/tezgah/7911-16070-79	1	https://equsto.com/shop/tezgah/7911-16070-79
	200	https://equsto.com/shop/tezgah/7911-19070-79	1	https://equsto.com/shop/tezgah/7911-19070-79
	200	https://equsto.com/shop/tezgah/7911-06060-83	1	https://equsto.com/shop/tezgah/7911-06060-83
	200	https://equsto.com/shop/tezgah/7911-09060-83	1	https://equsto.com/shop/tezgah/7911-09060-83
	200	https://equsto.com/shop/tezgah/7911-10060-83	1	https://equsto.com/shop/tezgah/7911-10060-83
	200	https://equsto.com/shop/tezgah/7911-12060-83	1	https://equsto.com/shop/tezgah/7911-12060-83
	200	https://equsto.com/shop/tezgah/7911-14060-83	1	https://equsto.com/shop/tezgah/7911-14060-83
	200	https://equsto.com/shop/tezgah/7911-16060-83	1	https://equsto.com/shop/tezgah/7911-16060-83
	200	https://equsto.com/shop/tezgah/7911-19060-83	1	https://equsto.com/shop/tezgah/7911-19060-83
	200	https://equsto.com/shop/tezgah/7911-06070-83	1	https://equsto.com/shop/tezgah/7911-06070-83
	200	https://equsto.com/shop/tezgah/7911-09070-83	1	https://equsto.com/shop/tezgah/7911-09070-83
	200	https://equsto.com/shop/tezgah/7911-10070-83	1	https://equsto.com/shop/tezgah/7911-10070-83
	200	https://equsto.com/shop/tezgah/7911-12070-83	1	https://equsto.com/shop/tezgah/7911-12070-83
	200	https://equsto.com/shop/tezgah/7911-14070-83	1	https://equsto.com/shop/tezgah/7911-14070-83
	200	https://equsto.com/shop/tezgah/7911-16070-83	1	https://equsto.com/shop/tezgah/7911-16070-83
	200	https://equsto.com/shop/tezgah/7911-19070-83	1	https://equsto.com/shop/tezgah/7911-19070-83
	200	https://equsto.com/shop/tezgah/7911-06060-00	1	https://equsto.com/shop/tezgah/7911-06060-00
	200	https://equsto.com/shop/tezgah/7911-09060-00	1	https://equsto.com/shop/tezgah/7911-09060-00
	200	https://equsto.com/shop/tezgah/7911-10060-00	1	https://equsto.com/shop/tezgah/7911-10060-00
	200	https://equsto.com/shop/tezgah/7911-12060-00	1	https://equsto.com/shop/tezgah/7911-12060-00
	200	https://equsto.com/shop/tezgah/7911-14060-00	1	https://equsto.com/shop/tezgah/7911-14060-00
	200	https://equsto.com/shop/tezgah/7911-16060-00	1	https://equsto.com/shop/tezgah/7911-16060-00
	200	https://equsto.com/shop/tezgah/7911-19060-00	1	https://equsto.com/shop/tezgah/7911-19060-00
	200	https://equsto.com/shop/tezgah/7911-06070-00	1	https://equsto.com/shop/tezgah/7911-06070-00
	200	https://equsto.com/shop/tezgah/7911-09070-00	1	https://equsto.com/shop/tezgah/7911-09070-00
	200	https://equsto.com/shop/tezgah/7911-10070-00	1	https://equsto.com/shop/tezgah/7911-10070-00
	200	https://equsto.com/shop/tezgah/7911-12070-00	1	https://equsto.com/shop/tezgah/7911-12070-00
	200	https://equsto.com/shop/tezgah/7911-14070-00	1	https://equsto.com/shop/tezgah/7911-14070-00
	200	https://equsto.com/shop/tezgah/7911-16070-00	1	https://equsto.com/shop/tezgah/7911-16070-00
	200	https://equsto.com/shop/tezgah/7911-19070-00	1	https://equsto.com/shop/tezgah/7911-19070-00
	200	https://equsto.com/shop/tezgah/7911-06060-81	1	https://equsto.com/shop/tezgah/7911-06060-81
	200	https://equsto.com/shop/tezgah/7911-09060-81	1	https://equsto.com/shop/tezgah/7911-09060-81
	200	https://equsto.com/shop/tezgah/7911-10060-81	1	https://equsto.com/shop/tezgah/7911-10060-81
	200	https://equsto.com/shop/tezgah/7911-12060-81	1	https://equsto.com/shop/tezgah/7911-12060-81
	200	https://equsto.com/shop/tezgah/7911-14060-81	1	https://equsto.com/shop/tezgah/7911-14060-81
	200	https://equsto.com/shop/tezgah/7911-16060-81	1	https://equsto.com/shop/tezgah/7911-16060-81
	200	https://equsto.com/shop/tezgah/7911-19060-81	1	https://equsto.com/shop/tezgah/7911-19060-81
	200	https://equsto.com/shop/tezgah/7911-06070-81	1	https://equsto.com/shop/tezgah/7911-06070-81
	200	https://equsto.com/shop/tezgah/7911-09070-81	1	https://equsto.com/shop/tezgah/7911-09070-81
	200	https://equsto.com/shop/tezgah/7911-10070-81	1	https://equsto.com/shop/tezgah/7911-10070-81
	200	https://equsto.com/shop/tezgah/7911-12070-81	1	https://equsto.com/shop/tezgah/7911-12070-81
	200	https://equsto.com/shop/tezgah/7911-14070-81	1	https://equsto.com/shop/tezgah/7911-14070-81
	200	https://equsto.com/shop/tezgah/7911-16070-81	1	https://equsto.com/shop/tezgah/7911-16070-81
	200	https://equsto.com/shop/tezgah/7911-19070-81	1	https://equsto.com/shop/tezgah/7911-19070-81
	200	https://equsto.com/shop/tezgah/7911-06060-08	1	https://equsto.com/shop/tezgah/7911-06060-08
	200	https://equsto.com/shop/tezgah/7911-09060-08	1	https://equsto.com/shop/tezgah/7911-09060-08
	200	https://equsto.com/shop/tezgah/7911-10060-08	1	https://equsto.com/shop/tezgah/7911-10060-08
	200	https://equsto.com/shop/tezgah/7911-12060-08	1	https://equsto.com/shop/tezgah/7911-12060-08
	200	https://equsto.com/shop/tezgah/7911-14060-08	1	https://equsto.com/shop/tezgah/7911-14060-08
	200	https://equsto.com/shop/tezgah/7911-16060-08	1	https://equsto.com/shop/tezgah/7911-16060-08
	200	https://equsto.com/shop/tezgah/7911-19060-08	1	https://equsto.com/shop/tezgah/7911-19060-08
	200	https://equsto.com/shop/tezgah/7911-06070-08	1	https://equsto.com/shop/tezgah/7911-06070-08
	200	https://equsto.com/shop/tezgah/7911-09070-08	1	https://equsto.com/shop/tezgah/7911-09070-08
	200	https://equsto.com/shop/tezgah/7911-10070-08	1	https://equsto.com/shop/tezgah/7911-10070-08
	200	https://equsto.com/shop/tezgah/7911-12070-08	1	https://equsto.com/shop/tezgah/7911-12070-08
	200	https://equsto.com/shop/tezgah/7911-14070-08	1	https://equsto.com/shop/tezgah/7911-14070-08
	200	https://equsto.com/shop/tezgah/7911-16070-08	1	https://equsto.com/shop/tezgah/7911-16070-08
	200	https://equsto.com/shop/tezgah/7911-19070-08	1	https://equsto.com/shop/tezgah/7911-19070-08
	200	https://equsto.com/shop/tezgah/7911-06060-82	1	https://equsto.com/shop/tezgah/7911-06060-82
	200	https://equsto.com/shop/tezgah/7911-09060-82	1	https://equsto.com/shop/tezgah/7911-09060-82
	200	https://equsto.com/shop/tezgah/7911-10060-82	1	https://equsto.com/shop/tezgah/7911-10060-82
	200	https://equsto.com/shop/tezgah/7911-12060-82	1	https://equsto.com/shop/tezgah/7911-12060-82
	200	https://equsto.com/shop/tezgah/7911-14060-82	1	https://equsto.com/shop/tezgah/7911-14060-82
	200	https://equsto.com/shop/tezgah/7911-16060-82	1	https://equsto.com/shop/tezgah/7911-16060-82
	200	https://equsto.com/shop/tezgah/7911-19060-82	1	https://equsto.com/shop/tezgah/7911-19060-82
	200	https://equsto.com/shop/tezgah/7911-06070-82	1	https://equsto.com/shop/tezgah/7911-06070-82
	200	https://equsto.com/shop/tezgah/7911-09070-82	1	https://equsto.com/shop/tezgah/7911-09070-82
	200	https://equsto.com/shop/tezgah/7911-10070-82	1	https://equsto.com/shop/tezgah/7911-10070-82
	200	https://equsto.com/shop/tezgah/7911-12070-82	1	https://equsto.com/shop/tezgah/7911-12070-82
	200	https://equsto.com/shop/tezgah/7911-14070-82	1	https://equsto.com/shop/tezgah/7911-14070-82
	200	https://equsto.com/shop/tezgah/7911-16070-82	1	https://equsto.com/shop/tezgah/7911-16070-82
	200	https://equsto.com/shop/tezgah/7911-19070-82	1	https://equsto.com/shop/tezgah/7911-19070-82
	200	https://equsto.com/shop/tezgah/7911-06060-04	1	https://equsto.com/shop/tezgah/7911-06060-04
	200	https://equsto.com/shop/tezgah/7911-09060-04	1	https://equsto.com/shop/tezgah/7911-09060-04
	200	https://equsto.com/shop/tezgah/7911-10060-04	1	https://equsto.com/shop/tezgah/7911-10060-04
	200	https://equsto.com/shop/tezgah/7911-12060-04	1	https://equsto.com/shop/tezgah/7911-12060-04
	200	https://equsto.com/shop/tezgah/7911-14060-04	1	https://equsto.com/shop/tezgah/7911-14060-04
	200	https://equsto.com/shop/tezgah/7911-16060-04	1	https://equsto.com/shop/tezgah/7911-16060-04
	200	https://equsto.com/shop/tezgah/7911-19060-04	1	https://equsto.com/shop/tezgah/7911-19060-04
	200	https://equsto.com/shop/tezgah/7911-06070-04	1	https://equsto.com/shop/tezgah/7911-06070-04
	200	https://equsto.com/shop/tezgah/7911-09070-04	1	https://equsto.com/shop/tezgah/7911-09070-04
	200	https://equsto.com/shop/tezgah/7911-10070-04	1	https://equsto.com/shop/tezgah/7911-10070-04
	200	https://equsto.com/shop/tezgah/7911-12070-04	1	https://equsto.com/shop/tezgah/7911-12070-04
	200	https://equsto.com/shop/tezgah/7911-14070-04	1	https://equsto.com/shop/tezgah/7911-14070-04
	200	https://equsto.com/shop/tezgah/7911-16070-04	1	https://equsto.com/shop/tezgah/7911-16070-04
	200	https://equsto.com/shop/tezgah/7911-19070-04	1	https://equsto.com/shop/tezgah/7911-19070-04
	200	https://equsto.com/shop/tezgah/7911-12060-28	1	https://equsto.com/shop/tezgah/7911-12060-28
	200	https://equsto.com/shop/tezgah/7911-14060-28	1	https://equsto.com/shop/tezgah/7911-14060-28
	200	https://equsto.com/shop/tezgah/7911-16060-28	1	https://equsto.com/shop/tezgah/7911-16060-28
	200	https://equsto.com/shop/tezgah/7911-19060-28	1	https://equsto.com/shop/tezgah/7911-19060-28
	200	https://equsto.com/shop/tezgah/7911-12070-28	1	https://equsto.com/shop/tezgah/7911-12070-28
	200	https://equsto.com/shop/tezgah/7911-14070-28	1	https://equsto.com/shop/tezgah/7911-14070-28
	200	https://equsto.com/shop/tezgah/7911-16070-28	1	https://equsto.com/shop/tezgah/7911-16070-28
	200	https://equsto.com/shop/tezgah/7911-19070-28	1	https://equsto.com/shop/tezgah/7911-19070-28
	200	https://equsto.com/shop/tezgah/7911-12060-20	1	https://equsto.com/shop/tezgah/7911-12060-20
	200	https://equsto.com/shop/tezgah/7911-14060-20	1	https://equsto.com/shop/tezgah/7911-14060-20
	200	https://equsto.com/shop/tezgah/7911-16060-20	1	https://equsto.com/shop/tezgah/7911-16060-20
	200	https://equsto.com/shop/tezgah/7911-19060-20	1	https://equsto.com/shop/tezgah/7911-19060-20
	200	https://equsto.com/shop/tezgah/7911-12070-20	1	https://equsto.com/shop/tezgah/7911-12070-20
	200	https://equsto.com/shop/tezgah/7911-14070-20	1	https://equsto.com/shop/tezgah/7911-14070-20
	200	https://equsto.com/shop/tezgah/7911-16070-20	1	https://equsto.com/shop/tezgah/7911-16070-20
	200	https://equsto.com/shop/tezgah/7911-19070-20	1	https://equsto.com/shop/tezgah/7911-19070-20
	200	https://equsto.com/shop/tezgah/7911-12060-24	1	https://equsto.com/shop/tezgah/7911-12060-24
	200	https://equsto.com/shop/tezgah/7911-14060-24	1	https://equsto.com/shop/tezgah/7911-14060-24
	200	https://equsto.com/shop/tezgah/7911-16060-24	1	https://equsto.com/shop/tezgah/7911-16060-24
	200	https://equsto.com/shop/tezgah/7911-19060-24	1	https://equsto.com/shop/tezgah/7911-19060-24
	200	https://equsto.com/shop/tezgah/7911-12070-24	1	https://equsto.com/shop/tezgah/7911-12070-24
	200	https://equsto.com/shop/tezgah/7911-14070-24	1	https://equsto.com/shop/tezgah/7911-14070-24
	200	https://equsto.com/shop/tezgah/7911-16070-24	1	https://equsto.com/shop/tezgah/7911-16070-24
	200	https://equsto.com/shop/tezgah/7911-19070-24	1	https://equsto.com/shop/tezgah/7911-19070-24
	200	https://equsto.com/shop/tezgah/7911-12060-44	1	https://equsto.com/shop/tezgah/7911-12060-44
	200	https://equsto.com/shop/tezgah/7911-14060-44	1	https://equsto.com/shop/tezgah/7911-14060-44
	200	https://equsto.com/shop/tezgah/7911-16060-44	1	https://equsto.com/shop/tezgah/7911-16060-44
	200	https://equsto.com/shop/tezgah/7911-19060-44	1	https://equsto.com/shop/tezgah/7911-19060-44
	200	https://equsto.com/shop/tezgah/7911-12070-44	1	https://equsto.com/shop/tezgah/7911-12070-44
	200	https://equsto.com/shop/tezgah/7911-14070-44	1	https://equsto.com/shop/tezgah/7911-14070-44
	200	https://equsto.com/shop/tezgah/7911-16070-44	1	https://equsto.com/shop/tezgah/7911-16070-44
	200	https://equsto.com/shop/tezgah/7911-19070-44	1	https://equsto.com/shop/tezgah/7911-19070-44
	200	https://equsto.com/shop/tezgah/7911-12060-48	1	https://equsto.com/shop/tezgah/7911-12060-48
	200	https://equsto.com/shop/tezgah/7911-14060-48	1	https://equsto.com/shop/tezgah/7911-14060-48
	200	https://equsto.com/shop/tezgah/7911-16060-48	1	https://equsto.com/shop/tezgah/7911-16060-48
	200	https://equsto.com/shop/tezgah/7911-19060-48	1	https://equsto.com/shop/tezgah/7911-19060-48
	200	https://equsto.com/shop/tezgah/7911-12070-48	1	https://equsto.com/shop/tezgah/7911-12070-48
	200	https://equsto.com/shop/tezgah/7911-14070-48	1	https://equsto.com/shop/tezgah/7911-14070-48
	200	https://equsto.com/shop/tezgah/7911-16070-48	1	https://equsto.com/shop/tezgah/7911-16070-48
	200	https://equsto.com/shop/tezgah/7911-19070-48	1	https://equsto.com/shop/tezgah/7911-19070-48
	200	https://equsto.com/shop/tezgah/7911-12060-13	1	https://equsto.com/shop/tezgah/7911-12060-13
	200	https://equsto.com/shop/tezgah/7911-14060-13	1	https://equsto.com/shop/tezgah/7911-14060-13
	200	https://equsto.com/shop/tezgah/7911-16060-13	1	https://equsto.com/shop/tezgah/7911-16060-13
	200	https://equsto.com/shop/tezgah/7911-19060-13	1	https://equsto.com/shop/tezgah/7911-19060-13
	200	https://equsto.com/shop/tezgah/7911-12070-13	1	https://equsto.com/shop/tezgah/7911-12070-13
	200	https://equsto.com/shop/tezgah/7911-14070-13	1	https://equsto.com/shop/tezgah/7911-14070-13
	200	https://equsto.com/shop/tezgah/7911-16070-13	1	https://equsto.com/shop/tezgah/7911-16070-13
	200	https://equsto.com/shop/tezgah/7911-19070-13	1	https://equsto.com/shop/tezgah/7911-19070-13
	200	https://equsto.com/shop/tezgah/7911-12060-12	1	https://equsto.com/shop/tezgah/7911-12060-12
	200	https://equsto.com/shop/tezgah/7911-14060-12	1	https://equsto.com/shop/tezgah/7911-14060-12
	200	https://equsto.com/shop/tezgah/7911-16060-12	1	https://equsto.com/shop/tezgah/7911-16060-12
	200	https://equsto.com/shop/tezgah/7911-19060-12	1	https://equsto.com/shop/tezgah/7911-19060-12
	200	https://equsto.com/shop/tezgah/7911-12070-12	1	https://equsto.com/shop/tezgah/7911-12070-12
	200	https://equsto.com/shop/tezgah/7911-14070-12	1	https://equsto.com/shop/tezgah/7911-14070-12
	200	https://equsto.com/shop/tezgah/7911-16070-12	1	https://equsto.com/shop/tezgah/7911-16070-12
	200	https://equsto.com/shop/tezgah/7911-19070-12	1	https://equsto.com/shop/tezgah/7911-19070-12
	200	https://equsto.com/shop/tezgah/7911-12060-56	1	https://equsto.com/shop/tezgah/7911-12060-56
	200	https://equsto.com/shop/tezgah/7911-14060-56	1	https://equsto.com/shop/tezgah/7911-14060-56
	200	https://equsto.com/shop/tezgah/7911-16060-56	1	https://equsto.com/shop/tezgah/7911-16060-56
	200	https://equsto.com/shop/tezgah/7911-19060-56	1	https://equsto.com/shop/tezgah/7911-19060-56
	200	https://equsto.com/shop/tezgah/7911-12070-56	1	https://equsto.com/shop/tezgah/7911-12070-56
	200	https://equsto.com/shop/tezgah/7911-14070-56	1	https://equsto.com/shop/tezgah/7911-14070-56
	200	https://equsto.com/shop/tezgah/7911-16070-56	1	https://equsto.com/shop/tezgah/7911-16070-56
	200	https://equsto.com/shop/tezgah/7911-19070-56	1	https://equsto.com/shop/tezgah/7911-19070-56
	200	https://equsto.com/shop/tezgah/7911-12060-52	1	https://equsto.com/shop/tezgah/7911-12060-52
	200	https://equsto.com/shop/tezgah/7911-14060-52	1	https://equsto.com/shop/tezgah/7911-14060-52
	200	https://equsto.com/shop/tezgah/7911-16060-52	1	https://equsto.com/shop/tezgah/7911-16060-52
	200	https://equsto.com/shop/tezgah/7911-19060-52	1	https://equsto.com/shop/tezgah/7911-19060-52
	200	https://equsto.com/shop/tezgah/7911-12070-52	1	https://equsto.com/shop/tezgah/7911-12070-52
	200	https://equsto.com/shop/tezgah/7911-14070-52	1	https://equsto.com/shop/tezgah/7911-14070-52
	200	https://equsto.com/shop/tezgah/7911-16070-52	1	https://equsto.com/shop/tezgah/7911-16070-52
	200	https://equsto.com/shop/tezgah/7911-19070-52	1	https://equsto.com/shop/tezgah/7911-19070-52
	200	https://equsto.com/shop/tezgah/7911-12060-15	1	https://equsto.com/shop/tezgah/7911-12060-15
	200	https://equsto.com/shop/tezgah/7911-14060-15	1	https://equsto.com/shop/tezgah/7911-14060-15
	200	https://equsto.com/shop/tezgah/7911-16060-15	1	https://equsto.com/shop/tezgah/7911-16060-15
	200	https://equsto.com/shop/tezgah/7911-19060-15	1	https://equsto.com/shop/tezgah/7911-19060-15
	200	https://equsto.com/shop/tezgah/7911-12070-15	1	https://equsto.com/shop/tezgah/7911-12070-15
	200	https://equsto.com/shop/tezgah/7911-14070-15	1	https://equsto.com/shop/tezgah/7911-14070-15
	200	https://equsto.com/shop/tezgah/7911-16070-15	1	https://equsto.com/shop/tezgah/7911-16070-15
	200	https://equsto.com/shop/tezgah/7911-19070-15	1	https://equsto.com/shop/tezgah/7911-19070-15
	200	https://equsto.com/shop/tezgah/7911-12060-35	1	https://equsto.com/shop/tezgah/7911-12060-35
	200	https://equsto.com/shop/tezgah/7911-14060-35	1	https://equsto.com/shop/tezgah/7911-14060-35
	200	https://equsto.com/shop/tezgah/7911-16060-35	1	https://equsto.com/shop/tezgah/7911-16060-35
	200	https://equsto.com/shop/tezgah/7911-19060-35	1	https://equsto.com/shop/tezgah/7911-19060-35
	200	https://equsto.com/shop/tezgah/7911-12070-35	1	https://equsto.com/shop/tezgah/7911-12070-35
	200	https://equsto.com/shop/tezgah/7911-14070-35	1	https://equsto.com/shop/tezgah/7911-14070-35
	200	https://equsto.com/shop/tezgah/7911-16070-35	1	https://equsto.com/shop/tezgah/7911-16070-35
	200	https://equsto.com/shop/tezgah/7911-19070-35	1	https://equsto.com/shop/tezgah/7911-19070-35
	200	https://equsto.com/shop/tezgah/7911-12060-14	1	https://equsto.com/shop/tezgah/7911-12060-14
	200	https://equsto.com/shop/tezgah/7911-14060-14	1	https://equsto.com/shop/tezgah/7911-14060-14
	200	https://equsto.com/shop/tezgah/7911-16060-14	1	https://equsto.com/shop/tezgah/7911-16060-14
	200	https://equsto.com/shop/tezgah/7911-19060-14	1	https://equsto.com/shop/tezgah/7911-19060-14
	200	https://equsto.com/shop/tezgah/7911-12070-14	1	https://equsto.com/shop/tezgah/7911-12070-14
	200	https://equsto.com/shop/tezgah/7911-14070-14	1	https://equsto.com/shop/tezgah/7911-14070-14
	200	https://equsto.com/shop/tezgah/7911-16070-14	1	https://equsto.com/shop/tezgah/7911-16070-14
	200	https://equsto.com/shop/tezgah/7911-19070-14	1	https://equsto.com/shop/tezgah/7911-19070-14
	200	https://equsto.com/shop/tezgah/7911-12070-30	1	https://equsto.com/shop/tezgah/7911-12070-30
	200	https://equsto.com/shop/tezgah/7911-14070-30	1	https://equsto.com/shop/tezgah/7911-14070-30
	200	https://equsto.com/shop/tezgah/7911-16070-30	1	https://equsto.com/shop/tezgah/7911-16070-30
	200	https://equsto.com/shop/tezgah/7911-19070-30	1	https://equsto.com/shop/tezgah/7911-19070-30
	200	https://equsto.com/shop/tezgah/7911-12080-30	1	https://equsto.com/shop/tezgah/7911-12080-30
	200	https://equsto.com/shop/tezgah/7911-14080-30	1	https://equsto.com/shop/tezgah/7911-14080-30
	200	https://equsto.com/shop/tezgah/7911-16080-30	1	https://equsto.com/shop/tezgah/7911-16080-30
	200	https://equsto.com/shop/tezgah/7911-19080-30	1	https://equsto.com/shop/tezgah/7911-19080-30
	200	https://equsto.com/shop/tezgah/7911-12070-22	1	https://equsto.com/shop/tezgah/7911-12070-22
	200	https://equsto.com/shop/tezgah/7911-14070-22	1	https://equsto.com/shop/tezgah/7911-14070-22
	200	https://equsto.com/shop/tezgah/7911-16070-22	1	https://equsto.com/shop/tezgah/7911-16070-22
	200	https://equsto.com/shop/tezgah/7911-19070-22	1	https://equsto.com/shop/tezgah/7911-19070-22
	200	https://equsto.com/shop/tezgah/7911-12080-22	1	https://equsto.com/shop/tezgah/7911-12080-22
	200	https://equsto.com/shop/tezgah/7911-14080-22	1	https://equsto.com/shop/tezgah/7911-14080-22
	200	https://equsto.com/shop/tezgah/7911-16080-22	1	https://equsto.com/shop/tezgah/7911-16080-22
	200	https://equsto.com/shop/tezgah/7911-19080-22	1	https://equsto.com/shop/tezgah/7911-19080-22
	200	https://equsto.com/shop/tezgah/7911-12070-30m	1	https://equsto.com/shop/tezgah/7911-12070-30m
	200	https://equsto.com/shop/tezgah/7911-14070-30m	1	https://equsto.com/shop/tezgah/7911-14070-30m
	200	https://equsto.com/shop/tezgah/7911-16070-30m	1	https://equsto.com/shop/tezgah/7911-16070-30m
	200	https://equsto.com/shop/tezgah/7911-19070-30m	1	https://equsto.com/shop/tezgah/7911-19070-30m
	200	https://equsto.com/shop/tezgah/7911-12080-30m	1	https://equsto.com/shop/tezgah/7911-12080-30m
	200	https://equsto.com/shop/tezgah/7911-14080-30m	1	https://equsto.com/shop/tezgah/7911-14080-30m
	200	https://equsto.com/shop/tezgah/7911-16080-30m	1	https://equsto.com/shop/tezgah/7911-16080-30m
	200	https://equsto.com/shop/tezgah/7911-19080-30m	1	https://equsto.com/shop/tezgah/7911-19080-30m
	200	https://equsto.com/shop/tezgah/7911-12070-22m	1	https://equsto.com/shop/tezgah/7911-12070-22m
	200	https://equsto.com/shop/tezgah/7911-14070-22m	1	https://equsto.com/shop/tezgah/7911-14070-22m
	200	https://equsto.com/shop/tezgah/7911-16070-22m	1	https://equsto.com/shop/tezgah/7911-16070-22m
	200	https://equsto.com/shop/tezgah/7911-19070-22m	1	https://equsto.com/shop/tezgah/7911-19070-22m
	200	https://equsto.com/shop/tezgah/7911-12080-22m	1	https://equsto.com/shop/tezgah/7911-12080-22m
	200	https://equsto.com/shop/tezgah/7911-14080-22m	1	https://equsto.com/shop/tezgah/7911-14080-22m
	200	https://equsto.com/shop/tezgah/7911-16080-22m	1	https://equsto.com/shop/tezgah/7911-16080-22m
	200	https://equsto.com/shop/tezgah/7911-19080-22m	1	https://equsto.com/shop/tezgah/7911-19080-22m
	200	https://equsto.com/shop/tezgah/7911-05050-90	1	https://equsto.com/shop/tezgah/7911-05050-90
	200	https://equsto.com/shop/tezgah/7911-06060-90	1	https://equsto.com/shop/tezgah/7911-06060-90
	200	https://equsto.com/shop/tezgah/7911-06070-90	1	https://equsto.com/shop/tezgah/7911-06070-90
	200	https://equsto.com/shop/tezgah/7911-07070-90	1	https://equsto.com/shop/tezgah/7911-07070-90
	200	https://equsto.com/shop/tezgah/7911-05050-91	1	https://equsto.com/shop/tezgah/7911-05050-91
	200	https://equsto.com/shop/tezgah/7911-06060-91	1	https://equsto.com/shop/tezgah/7911-06060-91
	200	https://equsto.com/shop/tezgah/7911-06070-91	1	https://equsto.com/shop/tezgah/7911-06070-91
	200	https://equsto.com/shop/tezgah/7911-07070-91	1	https://equsto.com/shop/tezgah/7911-07070-91
	200	https://equsto.com/shop/tezgah/7911-12060-09	1	https://equsto.com/shop/tezgah/7911-12060-09
	200	https://equsto.com/shop/tezgah/7911-14060-09	1	https://equsto.com/shop/tezgah/7911-14060-09
	200	https://equsto.com/shop/tezgah/7911-16060-09	1	https://equsto.com/shop/tezgah/7911-16060-09
	200	https://equsto.com/shop/tezgah/7911-19060-09	1	https://equsto.com/shop/tezgah/7911-19060-09
	200	https://equsto.com/shop/tezgah/7911-12070-09	1	https://equsto.com/shop/tezgah/7911-12070-09
	200	https://equsto.com/shop/tezgah/7911-14070-09	1	https://equsto.com/shop/tezgah/7911-14070-09
	200	https://equsto.com/shop/tezgah/7911-16070-09	1	https://equsto.com/shop/tezgah/7911-16070-09
	200	https://equsto.com/shop/tezgah/7911-19070-09	1	https://equsto.com/shop/tezgah/7911-19070-09
	200	https://equsto.com/shop/tezgah/7911-12060-21a	1	https://equsto.com/shop/tezgah/7911-12060-21a
	200	https://equsto.com/shop/tezgah/7911-14060-21a	1	https://equsto.com/shop/tezgah/7911-14060-21a
	200	https://equsto.com/shop/tezgah/7911-16060-21a	1	https://equsto.com/shop/tezgah/7911-16060-21a
	200	https://equsto.com/shop/tezgah/7911-19060-21a	1	https://equsto.com/shop/tezgah/7911-19060-21a
	200	https://equsto.com/shop/tezgah/7911-12070-21a	1	https://equsto.com/shop/tezgah/7911-12070-21a
	200	https://equsto.com/shop/tezgah/7911-14070-21a	1	https://equsto.com/shop/tezgah/7911-14070-21a
	200	https://equsto.com/shop/tezgah/7911-16070-21a	1	https://equsto.com/shop/tezgah/7911-16070-21a
	200	https://equsto.com/shop/tezgah/7911-19070-21a	1	https://equsto.com/shop/tezgah/7911-19070-21a
	200	https://equsto.com/shop/tezgah/7911-12060-04a	1	https://equsto.com/shop/tezgah/7911-12060-04a
	200	https://equsto.com/shop/tezgah/7911-14060-04a	1	https://equsto.com/shop/tezgah/7911-14060-04a
	200	https://equsto.com/shop/tezgah/7911-16060-04a	1	https://equsto.com/shop/tezgah/7911-16060-04a
	200	https://equsto.com/shop/tezgah/7911-19060-04a	1	https://equsto.com/shop/tezgah/7911-19060-04a
	200	https://equsto.com/shop/tezgah/7911-12070-04a	1	https://equsto.com/shop/tezgah/7911-12070-04a
	200	https://equsto.com/shop/tezgah/7911-14070-04a	1	https://equsto.com/shop/tezgah/7911-14070-04a
	200	https://equsto.com/shop/tezgah/7911-16070-04a	1	https://equsto.com/shop/tezgah/7911-16070-04a
	200	https://equsto.com/shop/tezgah/7911-19070-04a	1	https://equsto.com/shop/tezgah/7911-19070-04a
	200	https://equsto.com/shop/tezgah/7911-12060-23p	1	https://equsto.com/shop/tezgah/7911-12060-23p
	200	https://equsto.com/shop/tezgah/7911-14060-23p	1	https://equsto.com/shop/tezgah/7911-14060-23p
	200	https://equsto.com/shop/tezgah/7911-16060-23p	1	https://equsto.com/shop/tezgah/7911-16060-23p
	200	https://equsto.com/shop/tezgah/7911-19060-23p	1	https://equsto.com/shop/tezgah/7911-19060-23p
	200	https://equsto.com/shop/tezgah/7911-12070-23p	1	https://equsto.com/shop/tezgah/7911-12070-23p
	200	https://equsto.com/shop/tezgah/7911-14070-23p	1	https://equsto.com/shop/tezgah/7911-14070-23p
	200	https://equsto.com/shop/tezgah/7911-16070-23p	1	https://equsto.com/shop/tezgah/7911-16070-23p
	200	https://equsto.com/shop/tezgah/7911-19070-23p	1	https://equsto.com/shop/tezgah/7911-19070-23p
	200	https://equsto.com/shop/tezgah/7911-12060-31p	1	https://equsto.com/shop/tezgah/7911-12060-31p
	200	https://equsto.com/shop/tezgah/7911-14060-31p	1	https://equsto.com/shop/tezgah/7911-14060-31p
	200	https://equsto.com/shop/tezgah/7911-16060-31p	1	https://equsto.com/shop/tezgah/7911-16060-31p
	200	https://equsto.com/shop/tezgah/7911-19060-31p	1	https://equsto.com/shop/tezgah/7911-19060-31p
	200	https://equsto.com/shop/tezgah/7911-12070-31p	1	https://equsto.com/shop/tezgah/7911-12070-31p
	200	https://equsto.com/shop/tezgah/7911-14070-31p	1	https://equsto.com/shop/tezgah/7911-14070-31p
	200	https://equsto.com/shop/tezgah/7911-16070-31p	1	https://equsto.com/shop/tezgah/7911-16070-31p
	200	https://equsto.com/shop/tezgah/7911-19070-31p	1	https://equsto.com/shop/tezgah/7911-19070-31p
	200	https://equsto.com/shop/tezgah/7911-12060-23	1	https://equsto.com/shop/tezgah/7911-12060-23
	200	https://equsto.com/shop/tezgah/7911-14060-23	1	https://equsto.com/shop/tezgah/7911-14060-23
	200	https://equsto.com/shop/tezgah/7911-16060-23	1	https://equsto.com/shop/tezgah/7911-16060-23
	200	https://equsto.com/shop/tezgah/7911-19060-23	1	https://equsto.com/shop/tezgah/7911-19060-23
	200	https://equsto.com/shop/tezgah/7911-12070-23	1	https://equsto.com/shop/tezgah/7911-12070-23
	200	https://equsto.com/shop/tezgah/7911-14070-23	1	https://equsto.com/shop/tezgah/7911-14070-23
	200	https://equsto.com/shop/tezgah/7911-16070-23	1	https://equsto.com/shop/tezgah/7911-16070-23
	200	https://equsto.com/shop/tezgah/7911-19070-23	1	https://equsto.com/shop/tezgah/7911-19070-23
	200	https://equsto.com/shop/tezgah/7911-12060-31	1	https://equsto.com/shop/tezgah/7911-12060-31
	200	https://equsto.com/shop/tezgah/7911-14060-31	1	https://equsto.com/shop/tezgah/7911-14060-31
	200	https://equsto.com/shop/tezgah/7911-16060-31	1	https://equsto.com/shop/tezgah/7911-16060-31
	200	https://equsto.com/shop/tezgah/7911-19060-31	1	https://equsto.com/shop/tezgah/7911-19060-31
	200	https://equsto.com/shop/tezgah/7911-12070-31	1	https://equsto.com/shop/tezgah/7911-12070-31
	200	https://equsto.com/shop/tezgah/7911-14070-31	1	https://equsto.com/shop/tezgah/7911-14070-31
	200	https://equsto.com/shop/tezgah/7911-16070-31	1	https://equsto.com/shop/tezgah/7911-16070-31
	200	https://equsto.com/shop/tezgah/7911-19070-31	1	https://equsto.com/shop/tezgah/7911-19070-31
	200	https://equsto.com/shop/tezgah/7712-12090-01	1	https://equsto.com/shop/tezgah/7712-12090-01
	200	https://equsto.com/shop/tezgah/7712-14090-01	1	https://equsto.com/shop/tezgah/7712-14090-01
	200	https://equsto.com/shop/tezgah/7712-16090-01	1	https://equsto.com/shop/tezgah/7712-16090-01
	200	https://equsto.com/shop/tezgah/7712-19090-01	1	https://equsto.com/shop/tezgah/7712-19090-01
	200	https://equsto.com/shop/tezgah/7712-12011-01	1	https://equsto.com/shop/tezgah/7712-12011-01
	200	https://equsto.com/shop/tezgah/7712-14011-01	1	https://equsto.com/shop/tezgah/7712-14011-01
	200	https://equsto.com/shop/tezgah/7712-16011-01	1	https://equsto.com/shop/tezgah/7712-16011-01
	200	https://equsto.com/shop/tezgah/7712-19011-01	1	https://equsto.com/shop/tezgah/7712-19011-01
	200	https://equsto.com/shop/tezgah/7712-12060-03	1	https://equsto.com/shop/tezgah/7712-12060-03
	200	https://equsto.com/shop/tezgah/7712-14060-03	1	https://equsto.com/shop/tezgah/7712-14060-03
	200	https://equsto.com/shop/tezgah/7712-16060-03	1	https://equsto.com/shop/tezgah/7712-16060-03
	200	https://equsto.com/shop/tezgah/7712-19060-03	1	https://equsto.com/shop/tezgah/7712-19060-03
	200	https://equsto.com/shop/tezgah/7712-12070-03	1	https://equsto.com/shop/tezgah/7712-12070-03
	200	https://equsto.com/shop/tezgah/7712-14070-03	1	https://equsto.com/shop/tezgah/7712-14070-03
	200	https://equsto.com/shop/tezgah/7712-16070-03	1	https://equsto.com/shop/tezgah/7712-16070-03
	200	https://equsto.com/shop/tezgah/7712-19070-03	1	https://equsto.com/shop/tezgah/7712-19070-03
	200	https://equsto.com/shop/tezgah/7876-12060-00	1	https://equsto.com/shop/tezgah/7876-12060-00
	200	https://equsto.com/shop/tezgah/7876-14060-00	1	https://equsto.com/shop/tezgah/7876-14060-00
	200	https://equsto.com/shop/tezgah/7876-16060-00	1	https://equsto.com/shop/tezgah/7876-16060-00
	200	https://equsto.com/shop/tezgah/7876-19060-00	1	https://equsto.com/shop/tezgah/7876-19060-00
	200	https://equsto.com/shop/tezgah/7876-12070-00	1	https://equsto.com/shop/tezgah/7876-12070-00
	200	https://equsto.com/shop/tezgah/7876-14070-00	1	https://equsto.com/shop/tezgah/7876-14070-00
	200	https://equsto.com/shop/tezgah/7876-16070-00	1	https://equsto.com/shop/tezgah/7876-16070-00
	200	https://equsto.com/shop/tezgah/7876-19070-00	1	https://equsto.com/shop/tezgah/7876-19070-00
	200	https://equsto.com/shop/tezgah/7910-10040-00	1	https://equsto.com/shop/tezgah/7910-10040-00
	200	https://equsto.com/shop/tezgah/7910-12040-00	1	https://equsto.com/shop/tezgah/7910-12040-00
	200	https://equsto.com/shop/tezgah/7910-14040-00	1	https://equsto.com/shop/tezgah/7910-14040-00
	200	https://equsto.com/shop/tezgah/7910-16040-00	1	https://equsto.com/shop/tezgah/7910-16040-00
	200	https://equsto.com/shop/tezgah/7910-19040-00	1	https://equsto.com/shop/tezgah/7910-19040-00
	200	https://equsto.com/shop/tezgah/7910-10040-01	1	https://equsto.com/shop/tezgah/7910-10040-01
	200	https://equsto.com/shop/tezgah/7910-12040-01	1	https://equsto.com/shop/tezgah/7910-12040-01
	200	https://equsto.com/shop/tezgah/7910-14040-01	1	https://equsto.com/shop/tezgah/7910-14040-01
	200	https://equsto.com/shop/tezgah/7910-16040-01	1	https://equsto.com/shop/tezgah/7910-16040-01
	200	https://equsto.com/shop/tezgah/7910-19040-01	1	https://equsto.com/shop/tezgah/7910-19040-01
	200	https://equsto.com/shop/tezgah/7868-12608-23	1	https://equsto.com/shop/tezgah/7868-12608-23
	200	https://equsto.com/shop/tezgah/7868-14608-23	1	https://equsto.com/shop/tezgah/7868-14608-23
	200	https://equsto.com/shop/tezgah/7868-16608-23	1	https://equsto.com/shop/tezgah/7868-16608-23
	200	https://equsto.com/shop/tezgah/7868-19608-23	1	https://equsto.com/shop/tezgah/7868-19608-23
	200	https://equsto.com/shop/tezgah/7868-12708-23	1	https://equsto.com/shop/tezgah/7868-12708-23
	200	https://equsto.com/shop/tezgah/7868-14708-23	1	https://equsto.com/shop/tezgah/7868-14708-23
	200	https://equsto.com/shop/tezgah/7868-16708-23	1	https://equsto.com/shop/tezgah/7868-16708-23
	200	https://equsto.com/shop/tezgah/7868-19708-23	1	https://equsto.com/shop/tezgah/7868-19708-23
	200	https://equsto.com/shop/tezgah/7897-10030-30	1	https://equsto.com/shop/tezgah/7897-10030-30
	200	https://equsto.com/shop/tezgah/7897-12030-30	1	https://equsto.com/shop/tezgah/7897-12030-30
	200	https://equsto.com/shop/tezgah/7897-14030-30	1	https://equsto.com/shop/tezgah/7897-14030-30
	200	https://equsto.com/shop/tezgah/7897-16030-30	1	https://equsto.com/shop/tezgah/7897-16030-30
	200	https://equsto.com/shop/tezgah/7897-19030-30	1	https://equsto.com/shop/tezgah/7897-19030-30
	200	https://equsto.com/shop/tezgah/7897-10030-31	1	https://equsto.com/shop/tezgah/7897-10030-31
	200	https://equsto.com/shop/tezgah/7897-12030-31	1	https://equsto.com/shop/tezgah/7897-12030-31
	200	https://equsto.com/shop/tezgah/7897-14030-31	1	https://equsto.com/shop/tezgah/7897-14030-31
	200	https://equsto.com/shop/tezgah/7897-16030-31	1	https://equsto.com/shop/tezgah/7897-16030-31
	200	https://equsto.com/shop/tezgah/7897-19030-31	1	https://equsto.com/shop/tezgah/7897-19030-31
	200	https://equsto.com/shop/tezgah/7897-12030-03	1	https://equsto.com/shop/tezgah/7897-12030-03
	200	https://equsto.com/shop/tezgah/7897-14030-03	1	https://equsto.com/shop/tezgah/7897-14030-03
	200	https://equsto.com/shop/tezgah/7897-15030-03	1	https://equsto.com/shop/tezgah/7897-15030-03
	200	https://equsto.com/shop/tezgah/7897-16030-03	1	https://equsto.com/shop/tezgah/7897-16030-03
	200	https://equsto.com/shop/tezgah/7897-19030-03	1	https://equsto.com/shop/tezgah/7897-19030-03
	200	https://equsto.com/shop/tezgah/7897-12030-04	1	https://equsto.com/shop/tezgah/7897-12030-04
	200	https://equsto.com/shop/tezgah/7897-14030-04	1	https://equsto.com/shop/tezgah/7897-14030-04
	200	https://equsto.com/shop/tezgah/7897-15030-04	1	https://equsto.com/shop/tezgah/7897-15030-04
	200	https://equsto.com/shop/tezgah/7897-16030-04	1	https://equsto.com/shop/tezgah/7897-16030-04
	200	https://equsto.com/shop/tezgah/7897-19030-04	1	https://equsto.com/shop/tezgah/7897-19030-04
	200	https://equsto.com/shop/tezgah/7897-12030-08	1	https://equsto.com/shop/tezgah/7897-12030-08
	200	https://equsto.com/shop/tezgah/7897-14030-08	1	https://equsto.com/shop/tezgah/7897-14030-08
	200	https://equsto.com/shop/tezgah/7897-15030-08	1	https://equsto.com/shop/tezgah/7897-15030-08
	200	https://equsto.com/shop/tezgah/7897-16030-08	1	https://equsto.com/shop/tezgah/7897-16030-08
	200	https://equsto.com/shop/tezgah/7897-19030-08	1	https://equsto.com/shop/tezgah/7897-19030-08
	200	https://equsto.com/shop/tezgah/7897-12030-07	1	https://equsto.com/shop/tezgah/7897-12030-07
	200	https://equsto.com/shop/tezgah/7897-14030-07	1	https://equsto.com/shop/tezgah/7897-14030-07
	200	https://equsto.com/shop/tezgah/7897-15030-07	1	https://equsto.com/shop/tezgah/7897-15030-07
	200	https://equsto.com/shop/tezgah/7897-16030-07	1	https://equsto.com/shop/tezgah/7897-16030-07
	200	https://equsto.com/shop/tezgah/7897-19030-07	1	https://equsto.com/shop/tezgah/7897-19030-07
	200	https://equsto.com/shop/tezgah/7897-12030-02	1	https://equsto.com/shop/tezgah/7897-12030-02
	200	https://equsto.com/shop/tezgah/7897-14030-02	1	https://equsto.com/shop/tezgah/7897-14030-02
	200	https://equsto.com/shop/tezgah/7897-15030-02	1	https://equsto.com/shop/tezgah/7897-15030-02
	200	https://equsto.com/shop/tezgah/7897-16030-02	1	https://equsto.com/shop/tezgah/7897-16030-02
	200	https://equsto.com/shop/tezgah/7897-19030-02	1	https://equsto.com/shop/tezgah/7897-19030-02
	200	https://equsto.com/shop/tezgah/9868-rtr12-0l	1	https://equsto.com/shop/tezgah/9868-rtr12-0l
	200	https://equsto.com/shop/tezgah/9868-rtr16-0l	1	https://equsto.com/shop/tezgah/9868-rtr16-0l
	200	https://equsto.com/en/shop/tezgah/922612	1	https://equsto.com/en/shop/tezgah/922612
	200	https://equsto.com/en/shop/tezgah/922613	1	https://equsto.com/en/shop/tezgah/922613
	200	https://equsto.com/en/shop/tezgah/7876-n1-40705-00	1	https://equsto.com/en/shop/tezgah/7876-n1-40705-00
	200	https://equsto.com/en/shop/tezgah/7876-n1-80705-00	1	https://equsto.com/en/shop/tezgah/7876-n1-80705-00
	200	https://equsto.com/en/shop/tezgah/7876-n1-40705-10	1	https://equsto.com/en/shop/tezgah/7876-n1-40705-10
	200	https://equsto.com/en/shop/tezgah/7876-n1-80705-10	1	https://equsto.com/en/shop/tezgah/7876-n1-80705-10
	200	https://equsto.com/en/shop/tezgah/7911-n1-40603-00	1	https://equsto.com/en/shop/tezgah/7911-n1-40603-00
	200	https://equsto.com/en/shop/tezgah/7911-n1-60603-00	1	https://equsto.com/en/shop/tezgah/7911-n1-60603-00
	200	https://equsto.com/en/shop/tezgah/7876-n1-40605-00	1	https://equsto.com/en/shop/tezgah/7876-n1-40605-00
	200	https://equsto.com/en/shop/tezgah/7876-n1-60605-00	1	https://equsto.com/en/shop/tezgah/7876-n1-60605-00
	200	https://equsto.com/en/shop/tezgah/7868-17107-md	1	https://equsto.com/en/shop/tezgah/7868-17107-md
	200	https://equsto.com/en/shop/tezgah/7868-98987-md	1	https://equsto.com/en/shop/tezgah/7868-98987-md
	200	https://equsto.com/en/shop/tezgah/7919-70182-md	1	https://equsto.com/en/shop/tezgah/7919-70182-md
	200	https://equsto.com/en/shop/tezgah/7919-06lmv-00	1	https://equsto.com/en/shop/tezgah/7919-06lmv-00
	200	https://equsto.com/en/shop/tezgah/7919-12lmv-00	1	https://equsto.com/en/shop/tezgah/7919-12lmv-00
	200	https://equsto.com/en/shop/tezgah/7919-06lmv-10	1	https://equsto.com/en/shop/tezgah/7919-06lmv-10
	200	https://equsto.com/en/shop/tezgah/7919-12lmv-10	1	https://equsto.com/en/shop/tezgah/7919-12lmv-10
	200	https://equsto.com/en/shop/tezgah/79k3-06lmv-00	1	https://equsto.com/en/shop/tezgah/79k3-06lmv-00
	200	https://equsto.com/en/shop/tezgah/79k3-12lmv-00	1	https://equsto.com/en/shop/tezgah/79k3-12lmv-00
	200	https://equsto.com/en/shop/tezgah/79k4-06lmv-00	1	https://equsto.com/en/shop/tezgah/79k4-06lmv-00
	200	https://equsto.com/en/shop/tezgah/79k4-12lmv-00	1	https://equsto.com/en/shop/tezgah/79k4-12lmv-00
	200	https://equsto.com/en/shop/tezgah/79k4-06lmv-10	1	https://equsto.com/en/shop/tezgah/79k4-06lmv-10
	200	https://equsto.com/en/shop/tezgah/79k3-06lmv-10	1	https://equsto.com/en/shop/tezgah/79k3-06lmv-10
	200	https://equsto.com/en/shop/tezgah/79k3-12lmv-10	1	https://equsto.com/en/shop/tezgah/79k3-12lmv-10
	200	https://equsto.com/en/shop/tezgah/79k4-12lmv-10	1	https://equsto.com/en/shop/tezgah/79k4-12lmv-10
	200	https://equsto.com/en/shop/tezgah/7919-06lmv-13	1	https://equsto.com/en/shop/tezgah/7919-06lmv-13
	200	https://equsto.com/en/shop/tezgah/7919-10lts-00	1	https://equsto.com/en/shop/tezgah/7919-10lts-00
	200	https://equsto.com/en/shop/tezgah/7919-15lts-00	1	https://equsto.com/en/shop/tezgah/7919-15lts-00
	200	https://equsto.com/en/shop/tezgah/7919-27ntv-t1	1	https://equsto.com/en/shop/tezgah/7919-27ntv-t1
	200	https://equsto.com/en/shop/tezgah/7919-37ntv-t1	1	https://equsto.com/en/shop/tezgah/7919-37ntv-t1
	200	https://equsto.com/en/shop/tezgah/7919-47ntv-t1	1	https://equsto.com/en/shop/tezgah/7919-47ntv-t1
	200	https://equsto.com/en/shop/tezgah/7919-26ntv-c1	1	https://equsto.com/en/shop/tezgah/7919-26ntv-c1
	200	https://equsto.com/en/shop/tezgah/7919-27ntv-c1	1	https://equsto.com/en/shop/tezgah/7919-27ntv-c1
	200	https://equsto.com/en/shop/tezgah/7919-36ntv-c1	1	https://equsto.com/en/shop/tezgah/7919-36ntv-c1
	200	https://equsto.com/en/shop/tezgah/7919-37ntv-c1	1	https://equsto.com/en/shop/tezgah/7919-37ntv-c1
	200	https://equsto.com/en/shop/tezgah/7919-46ntv-c1	1	https://equsto.com/en/shop/tezgah/7919-46ntv-c1
	200	https://equsto.com/en/shop/tezgah/7919-47ntv-c1	1	https://equsto.com/en/shop/tezgah/7919-47ntv-c1
	200	https://equsto.com/en/shop/tezgah/7919-26ntv-c2	1	https://equsto.com/en/shop/tezgah/7919-26ntv-c2
	200	https://equsto.com/en/shop/tezgah/7919-27ntv-c2	1	https://equsto.com/en/shop/tezgah/7919-27ntv-c2
	200	https://equsto.com/en/shop/tezgah/7919-36ntv-c2	1	https://equsto.com/en/shop/tezgah/7919-36ntv-c2
	200	https://equsto.com/en/shop/tezgah/7919-37ntv-c2	1	https://equsto.com/en/shop/tezgah/7919-37ntv-c2
	200	https://equsto.com/en/shop/tezgah/7919-46ntv-c2	1	https://equsto.com/en/shop/tezgah/7919-46ntv-c2
	200	https://equsto.com/en/shop/tezgah/7919-47ntv-c2	1	https://equsto.com/en/shop/tezgah/7919-47ntv-c2
	200	https://equsto.com/en/shop/tezgah/7758-106a8-11	1	https://equsto.com/en/shop/tezgah/7758-106a8-11
	200	https://equsto.com/en/shop/tezgah/7758-126a8-11	1	https://equsto.com/en/shop/tezgah/7758-126a8-11
	200	https://equsto.com/en/shop/tezgah/7758-146e8-11	1	https://equsto.com/en/shop/tezgah/7758-146e8-11
	200	https://equsto.com/en/shop/tezgah/7758-107c8-11	1	https://equsto.com/en/shop/tezgah/7758-107c8-11
	200	https://equsto.com/en/shop/tezgah/7758-127c8-11	1	https://equsto.com/en/shop/tezgah/7758-127c8-11
	200	https://equsto.com/en/shop/tezgah/7758-147c8-11	1	https://equsto.com/en/shop/tezgah/7758-147c8-11
	200	https://equsto.com/en/shop/tezgah/7758-147d8-11	1	https://equsto.com/en/shop/tezgah/7758-147d8-11
	200	https://equsto.com/en/shop/tezgah/7758-106a8-15	1	https://equsto.com/en/shop/tezgah/7758-106a8-15
	200	https://equsto.com/en/shop/tezgah/7758-126a8-15	1	https://equsto.com/en/shop/tezgah/7758-126a8-15
	200	https://equsto.com/en/shop/tezgah/7758-146e8-15	1	https://equsto.com/en/shop/tezgah/7758-146e8-15
	200	https://equsto.com/en/shop/tezgah/7758-107c8-15	1	https://equsto.com/en/shop/tezgah/7758-107c8-15
	200	https://equsto.com/en/shop/tezgah/7758-127c8-15	1	https://equsto.com/en/shop/tezgah/7758-127c8-15
	200	https://equsto.com/en/shop/tezgah/7758-147c8-15	1	https://equsto.com/en/shop/tezgah/7758-147c8-15
	200	https://equsto.com/en/shop/tezgah/7758-147d8-15	1	https://equsto.com/en/shop/tezgah/7758-147d8-15
	200	https://equsto.com/en/shop/tezgah/7754-106a8-11	1	https://equsto.com/en/shop/tezgah/7754-106a8-11
	200	https://equsto.com/en/shop/tezgah/7754-126a8-11	1	https://equsto.com/en/shop/tezgah/7754-126a8-11
	200	https://equsto.com/en/shop/tezgah/7754-146e8-11	1	https://equsto.com/en/shop/tezgah/7754-146e8-11
	200	https://equsto.com/en/shop/tezgah/7754-107c8-11	1	https://equsto.com/en/shop/tezgah/7754-107c8-11
	200	https://equsto.com/en/shop/tezgah/7754-127c8-11	1	https://equsto.com/en/shop/tezgah/7754-127c8-11
	200	https://equsto.com/en/shop/tezgah/7754-147c8-11	1	https://equsto.com/en/shop/tezgah/7754-147c8-11
	200	https://equsto.com/en/shop/tezgah/7754-147d8-11	1	https://equsto.com/en/shop/tezgah/7754-147d8-11
	200	https://equsto.com/en/shop/tezgah/7754-106a8-15	1	https://equsto.com/en/shop/tezgah/7754-106a8-15
	200	https://equsto.com/en/shop/tezgah/7754-126a8-15	1	https://equsto.com/en/shop/tezgah/7754-126a8-15
	200	https://equsto.com/en/shop/tezgah/7754-146e8-15	1	https://equsto.com/en/shop/tezgah/7754-146e8-15
	200	https://equsto.com/en/shop/tezgah/7754-107c8-15	1	https://equsto.com/en/shop/tezgah/7754-107c8-15
	200	https://equsto.com/en/shop/tezgah/7754-127c8-15	1	https://equsto.com/en/shop/tezgah/7754-127c8-15
	200	https://equsto.com/en/shop/tezgah/7754-147c8-15	1	https://equsto.com/en/shop/tezgah/7754-147c8-15
	200	https://equsto.com/en/shop/tezgah/7754-147d8-15	1	https://equsto.com/en/shop/tezgah/7754-147d8-15
	200	https://equsto.com/en/shop/tezgah/7758-126e8-27	1	https://equsto.com/en/shop/tezgah/7758-126e8-27
	200	https://equsto.com/en/shop/tezgah/7758-146e8-27	1	https://equsto.com/en/shop/tezgah/7758-146e8-27
	200	https://equsto.com/en/shop/tezgah/7758-127c8-27	1	https://equsto.com/en/shop/tezgah/7758-127c8-27
	200	https://equsto.com/en/shop/tezgah/7758-147c8-27	1	https://equsto.com/en/shop/tezgah/7758-147c8-27
	200	https://equsto.com/en/shop/tezgah/7758-147d8-27	1	https://equsto.com/en/shop/tezgah/7758-147d8-27
	200	https://equsto.com/en/shop/tezgah/7754-126e8-27	1	https://equsto.com/en/shop/tezgah/7754-126e8-27
	200	https://equsto.com/en/shop/tezgah/7754-146e8-27	1	https://equsto.com/en/shop/tezgah/7754-146e8-27
	200	https://equsto.com/en/shop/tezgah/7754-127c8-27	1	https://equsto.com/en/shop/tezgah/7754-127c8-27
	200	https://equsto.com/en/shop/tezgah/7754-147c8-27	1	https://equsto.com/en/shop/tezgah/7754-147c8-27
	200	https://equsto.com/en/shop/tezgah/7754-147d8-27	1	https://equsto.com/en/shop/tezgah/7754-147d8-27
	200	https://equsto.com/en/shop/tezgah/7758-056a8-01	1	https://equsto.com/en/shop/tezgah/7758-056a8-01
	200	https://equsto.com/en/shop/tezgah/7758-066a8-01	1	https://equsto.com/en/shop/tezgah/7758-066a8-01
	200	https://equsto.com/en/shop/tezgah/7758-066e8-01	1	https://equsto.com/en/shop/tezgah/7758-066e8-01
	200	https://equsto.com/en/shop/tezgah/7758-076e8-01	1	https://equsto.com/en/shop/tezgah/7758-076e8-01
	200	https://equsto.com/en/shop/tezgah/7758-057b8-01	1	https://equsto.com/en/shop/tezgah/7758-057b8-01
	200	https://equsto.com/en/shop/tezgah/7758-067b8-01	1	https://equsto.com/en/shop/tezgah/7758-067b8-01
	200	https://equsto.com/en/shop/tezgah/7758-067c8-01	1	https://equsto.com/en/shop/tezgah/7758-067c8-01
	200	https://equsto.com/en/shop/tezgah/7758-077c8-01	1	https://equsto.com/en/shop/tezgah/7758-077c8-01
	200	https://equsto.com/en/shop/tezgah/7758-077d8-01	1	https://equsto.com/en/shop/tezgah/7758-077d8-01
	200	https://equsto.com/en/shop/tezgah/7758-087d8-01	1	https://equsto.com/en/shop/tezgah/7758-087d8-01
	200	https://equsto.com/en/shop/tezgah/7754-056a8-01	1	https://equsto.com/en/shop/tezgah/7754-056a8-01
	200	https://equsto.com/en/shop/tezgah/7754-066a8-01	1	https://equsto.com/en/shop/tezgah/7754-066a8-01
	200	https://equsto.com/en/shop/tezgah/7754-066e8-01	1	https://equsto.com/en/shop/tezgah/7754-066e8-01
	200	https://equsto.com/en/shop/tezgah/7754-076e8-01	1	https://equsto.com/en/shop/tezgah/7754-076e8-01
	200	https://equsto.com/en/shop/tezgah/7754-057b8-01	1	https://equsto.com/en/shop/tezgah/7754-057b8-01
	200	https://equsto.com/en/shop/tezgah/7754-067b8-01	1	https://equsto.com/en/shop/tezgah/7754-067b8-01
	200	https://equsto.com/en/shop/tezgah/7754-067c8-01	1	https://equsto.com/en/shop/tezgah/7754-067c8-01
	200	https://equsto.com/en/shop/tezgah/7754-077c8-01	1	https://equsto.com/en/shop/tezgah/7754-077c8-01
	200	https://equsto.com/en/shop/tezgah/7754-077d8-01	1	https://equsto.com/en/shop/tezgah/7754-077d8-01
	200	https://equsto.com/en/shop/tezgah/7754-087d8-01	1	https://equsto.com/en/shop/tezgah/7754-087d8-01
	200	https://equsto.com/en/shop/tezgah/7758-196a8-41	1	https://equsto.com/en/shop/tezgah/7758-196a8-41
	200	https://equsto.com/en/shop/tezgah/7758-216a8-41	1	https://equsto.com/en/shop/tezgah/7758-216a8-41
	200	https://equsto.com/en/shop/tezgah/7758-246e8-41	1	https://equsto.com/en/shop/tezgah/7758-246e8-41
	200	https://equsto.com/en/shop/tezgah/7754-196a8-41	1	https://equsto.com/en/shop/tezgah/7754-196a8-41
	200	https://equsto.com/en/shop/tezgah/7754-216a8-41	1	https://equsto.com/en/shop/tezgah/7754-216a8-41
	200	https://equsto.com/en/shop/tezgah/7754-246e8-41	1	https://equsto.com/en/shop/tezgah/7754-246e8-41
	200	https://equsto.com/en/shop/tezgah/7758-126a8-13	1	https://equsto.com/en/shop/tezgah/7758-126a8-13
	200	https://equsto.com/en/shop/tezgah/7758-146a8-13	1	https://equsto.com/en/shop/tezgah/7758-146a8-13
	200	https://equsto.com/en/shop/tezgah/7758-166a8-13	1	https://equsto.com/en/shop/tezgah/7758-166a8-13
	200	https://equsto.com/en/shop/tezgah/7758-147c8-13	1	https://equsto.com/en/shop/tezgah/7758-147c8-13
	200	https://equsto.com/en/shop/tezgah/7758-167c8-13	1	https://equsto.com/en/shop/tezgah/7758-167c8-13
	200	https://equsto.com/en/shop/tezgah/7754-126a8-13	1	https://equsto.com/en/shop/tezgah/7754-126a8-13
	200	https://equsto.com/en/shop/tezgah/7754-146a8-13	1	https://equsto.com/en/shop/tezgah/7754-146a8-13
	200	https://equsto.com/en/shop/tezgah/7754-166a8-13	1	https://equsto.com/en/shop/tezgah/7754-166a8-13
	200	https://equsto.com/en/shop/tezgah/7754-147c8-13	1	https://equsto.com/en/shop/tezgah/7754-147c8-13
	200	https://equsto.com/en/shop/tezgah/7754-167c8-13	1	https://equsto.com/en/shop/tezgah/7754-167c8-13
	200	https://equsto.com/en/shop/tezgah/7758-126a5-13	1	https://equsto.com/en/shop/tezgah/7758-126a5-13
	200	https://equsto.com/en/shop/tezgah/7758-146a5-13	1	https://equsto.com/en/shop/tezgah/7758-146a5-13
	200	https://equsto.com/en/shop/tezgah/7758-166a5-13	1	https://equsto.com/en/shop/tezgah/7758-166a5-13
	200	https://equsto.com/en/shop/tezgah/7758-147c5-13	1	https://equsto.com/en/shop/tezgah/7758-147c5-13
	200	https://equsto.com/en/shop/tezgah/7758-167c5-13	1	https://equsto.com/en/shop/tezgah/7758-167c5-13
	200	https://equsto.com/en/shop/tezgah/7754-126a5-13	1	https://equsto.com/en/shop/tezgah/7754-126a5-13
	200	https://equsto.com/en/shop/tezgah/7754-146a5-13	1	https://equsto.com/en/shop/tezgah/7754-146a5-13
	200	https://equsto.com/en/shop/tezgah/7754-166a5-13	1	https://equsto.com/en/shop/tezgah/7754-166a5-13
	200	https://equsto.com/en/shop/tezgah/7754-147c5-13	1	https://equsto.com/en/shop/tezgah/7754-147c5-13
	200	https://equsto.com/en/shop/tezgah/7754-167c5-13	1	https://equsto.com/en/shop/tezgah/7754-167c5-13
	200	https://equsto.com/en/shop/tezgah/7758-146eb-11	1	https://equsto.com/en/shop/tezgah/7758-146eb-11
	200	https://equsto.com/en/shop/tezgah/7758-127cb-11	1	https://equsto.com/en/shop/tezgah/7758-127cb-11
	200	https://equsto.com/en/shop/tezgah/7758-146eb-15	1	https://equsto.com/en/shop/tezgah/7758-146eb-15
	200	https://equsto.com/en/shop/tezgah/7758-127cb-15	1	https://equsto.com/en/shop/tezgah/7758-127cb-15
	200	https://equsto.com/en/shop/tezgah/7758-147cb-15	1	https://equsto.com/en/shop/tezgah/7758-147cb-15
	200	https://equsto.com/en/shop/tezgah/7754-126ab-11	1	https://equsto.com/en/shop/tezgah/7754-126ab-11
	200	https://equsto.com/en/shop/tezgah/7754-146eb-11	1	https://equsto.com/en/shop/tezgah/7754-146eb-11
	200	https://equsto.com/en/shop/tezgah/7754-127cb-11	1	https://equsto.com/en/shop/tezgah/7754-127cb-11
	200	https://equsto.com/en/shop/tezgah/7754-147cb-11	1	https://equsto.com/en/shop/tezgah/7754-147cb-11
	200	https://equsto.com/en/shop/tezgah/7754-126ab-15	1	https://equsto.com/en/shop/tezgah/7754-126ab-15
	200	https://equsto.com/en/shop/tezgah/7754-146eb-15	1	https://equsto.com/en/shop/tezgah/7754-146eb-15
	200	https://equsto.com/en/shop/tezgah/7754-127cb-15	1	https://equsto.com/en/shop/tezgah/7754-127cb-15
	200	https://equsto.com/en/shop/tezgah/7754-147cb-15	1	https://equsto.com/en/shop/tezgah/7754-147cb-15
	200	https://equsto.com/en/shop/tezgah/7758-187cb-21	1	https://equsto.com/en/shop/tezgah/7758-187cb-21
	200	https://equsto.com/en/shop/tezgah/7758-207cb-21	1	https://equsto.com/en/shop/tezgah/7758-207cb-21
	200	https://equsto.com/en/shop/tezgah/7758-187cb-25	1	https://equsto.com/en/shop/tezgah/7758-187cb-25
	200	https://equsto.com/en/shop/tezgah/7758-197cb-25	1	https://equsto.com/en/shop/tezgah/7758-197cb-25
	200	https://equsto.com/en/shop/tezgah/7754-166ab-21	1	https://equsto.com/en/shop/tezgah/7754-166ab-21
	200	https://equsto.com/en/shop/tezgah/7754-186eb-21	1	https://equsto.com/en/shop/tezgah/7754-186eb-21
	200	https://equsto.com/en/shop/tezgah/7754-187cb-21	1	https://equsto.com/en/shop/tezgah/7754-187cb-21
	200	https://equsto.com/en/shop/tezgah/7754-197cb-21	1	https://equsto.com/en/shop/tezgah/7754-197cb-21
	200	https://equsto.com/en/shop/tezgah/7754-207cb-21	1	https://equsto.com/en/shop/tezgah/7754-207cb-21
	200	https://equsto.com/en/shop/tezgah/7754-166ab-25	1	https://equsto.com/en/shop/tezgah/7754-166ab-25
	200	https://equsto.com/en/shop/tezgah/7754-186eb-25	1	https://equsto.com/en/shop/tezgah/7754-186eb-25
	200	https://equsto.com/en/shop/tezgah/7754-187cb-25	1	https://equsto.com/en/shop/tezgah/7754-187cb-25
	200	https://equsto.com/en/shop/tezgah/7754-197cb-25	1	https://equsto.com/en/shop/tezgah/7754-197cb-25
	200	https://equsto.com/en/shop/tezgah/7754-207cb-25	1	https://equsto.com/en/shop/tezgah/7754-207cb-25
	200	https://equsto.com/en/shop/tezgah/7758-146a5-21	1	https://equsto.com/en/shop/tezgah/7758-146a5-21
	200	https://equsto.com/en/shop/tezgah/7758-156a5-21	1	https://equsto.com/en/shop/tezgah/7758-156a5-21
	200	https://equsto.com/en/shop/tezgah/7758-166a5-21	1	https://equsto.com/en/shop/tezgah/7758-166a5-21
	200	https://equsto.com/en/shop/tezgah/7758-166e5-21	1	https://equsto.com/en/shop/tezgah/7758-166e5-21
	200	https://equsto.com/en/shop/tezgah/7758-186e5-21	1	https://equsto.com/en/shop/tezgah/7758-186e5-21
	200	https://equsto.com/en/shop/tezgah/7758-196e5-21	1	https://equsto.com/en/shop/tezgah/7758-196e5-21
	200	https://equsto.com/en/shop/tezgah/7758-157b5-21	1	https://equsto.com/en/shop/tezgah/7758-157b5-21
	200	https://equsto.com/en/shop/tezgah/7758-167b5-21	1	https://equsto.com/en/shop/tezgah/7758-167b5-21
	200	https://equsto.com/en/shop/tezgah/7758-167c5-21	1	https://equsto.com/en/shop/tezgah/7758-167c5-21
	200	https://equsto.com/en/shop/tezgah/7758-187c5-21	1	https://equsto.com/en/shop/tezgah/7758-187c5-21
	200	https://equsto.com/en/shop/tezgah/7758-197c5-21	1	https://equsto.com/en/shop/tezgah/7758-197c5-21
	200	https://equsto.com/en/shop/tezgah/7758-197d5-21	1	https://equsto.com/en/shop/tezgah/7758-197d5-21
	200	https://equsto.com/en/shop/tezgah/7758-207c5-21	1	https://equsto.com/en/shop/tezgah/7758-207c5-21
	200	https://equsto.com/en/shop/tezgah/7758-217d5-21	1	https://equsto.com/en/shop/tezgah/7758-217d5-21
	200	https://equsto.com/en/shop/tezgah/7758-146a5-25	1	https://equsto.com/en/shop/tezgah/7758-146a5-25
	200	https://equsto.com/en/shop/tezgah/7758-156a5-25	1	https://equsto.com/en/shop/tezgah/7758-156a5-25
	200	https://equsto.com/en/shop/tezgah/7758-166a5-25	1	https://equsto.com/en/shop/tezgah/7758-166a5-25
	200	https://equsto.com/en/shop/tezgah/7758-166e5-25	1	https://equsto.com/en/shop/tezgah/7758-166e5-25
	200	https://equsto.com/en/shop/tezgah/7758-186e5-25	1	https://equsto.com/en/shop/tezgah/7758-186e5-25
	200	https://equsto.com/en/shop/tezgah/7758-196e5-25	1	https://equsto.com/en/shop/tezgah/7758-196e5-25
	200	https://equsto.com/en/shop/tezgah/7758-157b5-25	1	https://equsto.com/en/shop/tezgah/7758-157b5-25
	200	https://equsto.com/en/shop/tezgah/7758-167b5-25	1	https://equsto.com/en/shop/tezgah/7758-167b5-25
	200	https://equsto.com/en/shop/tezgah/7758-167c5-25	1	https://equsto.com/en/shop/tezgah/7758-167c5-25
	200	https://equsto.com/en/shop/tezgah/7758-187c5-25	1	https://equsto.com/en/shop/tezgah/7758-187c5-25
	200	https://equsto.com/en/shop/tezgah/7758-197c5-25	1	https://equsto.com/en/shop/tezgah/7758-197c5-25
	200	https://equsto.com/en/shop/tezgah/7758-197d5-25	1	https://equsto.com/en/shop/tezgah/7758-197d5-25
	200	https://equsto.com/en/shop/tezgah/7758-207c5-25	1	https://equsto.com/en/shop/tezgah/7758-207c5-25
	200	https://equsto.com/en/shop/tezgah/7758-217d5-25	1	https://equsto.com/en/shop/tezgah/7758-217d5-25
	200	https://equsto.com/en/shop/tezgah/7754-146a5-21	1	https://equsto.com/en/shop/tezgah/7754-146a5-21
	200	https://equsto.com/en/shop/tezgah/7754-156a5-21	1	https://equsto.com/en/shop/tezgah/7754-156a5-21
	200	https://equsto.com/en/shop/tezgah/7754-166a5-21	1	https://equsto.com/en/shop/tezgah/7754-166a5-21
	200	https://equsto.com/en/shop/tezgah/7754-166e5-21	1	https://equsto.com/en/shop/tezgah/7754-166e5-21
	200	https://equsto.com/en/shop/tezgah/7754-186e5-21	1	https://equsto.com/en/shop/tezgah/7754-186e5-21
	200	https://equsto.com/en/shop/tezgah/7754-196e5-21	1	https://equsto.com/en/shop/tezgah/7754-196e5-21
	200	https://equsto.com/en/shop/tezgah/7754-157b5-21	1	https://equsto.com/en/shop/tezgah/7754-157b5-21
	200	https://equsto.com/en/shop/tezgah/7754-167b5-21	1	https://equsto.com/en/shop/tezgah/7754-167b5-21
	200	https://equsto.com/en/shop/tezgah/7754-167c5-21	1	https://equsto.com/en/shop/tezgah/7754-167c5-21
	200	https://equsto.com/en/shop/tezgah/7754-187c5-21	1	https://equsto.com/en/shop/tezgah/7754-187c5-21
	200	https://equsto.com/en/shop/tezgah/7754-197c5-21	1	https://equsto.com/en/shop/tezgah/7754-197c5-21
	200	https://equsto.com/en/shop/tezgah/7754-197d5-21	1	https://equsto.com/en/shop/tezgah/7754-197d5-21
	200	https://equsto.com/en/shop/tezgah/7754-207c5-21	1	https://equsto.com/en/shop/tezgah/7754-207c5-21
	200	https://equsto.com/en/shop/tezgah/7754-217d5-21	1	https://equsto.com/en/shop/tezgah/7754-217d5-21
	200	https://equsto.com/en/shop/tezgah/7754-146a5-25	1	https://equsto.com/en/shop/tezgah/7754-146a5-25
	200	https://equsto.com/en/shop/tezgah/7754-156a5-25	1	https://equsto.com/en/shop/tezgah/7754-156a5-25
	200	https://equsto.com/en/shop/tezgah/7754-166a5-25	1	https://equsto.com/en/shop/tezgah/7754-166a5-25
	200	https://equsto.com/en/shop/tezgah/7754-166e5-25	1	https://equsto.com/en/shop/tezgah/7754-166e5-25
	200	https://equsto.com/en/shop/tezgah/7754-186e5-25	1	https://equsto.com/en/shop/tezgah/7754-186e5-25
	200	https://equsto.com/en/shop/tezgah/7754-196e5-25	1	https://equsto.com/en/shop/tezgah/7754-196e5-25
	200	https://equsto.com/en/shop/tezgah/7754-157b5-25	1	https://equsto.com/en/shop/tezgah/7754-157b5-25
	200	https://equsto.com/en/shop/tezgah/7754-167b5-25	1	https://equsto.com/en/shop/tezgah/7754-167b5-25
	200	https://equsto.com/en/shop/tezgah/7754-167c5-25	1	https://equsto.com/en/shop/tezgah/7754-167c5-25
	200	https://equsto.com/en/shop/tezgah/7754-187c5-25	1	https://equsto.com/en/shop/tezgah/7754-187c5-25
	200	https://equsto.com/en/shop/tezgah/7754-197c5-25	1	https://equsto.com/en/shop/tezgah/7754-197c5-25
	200	https://equsto.com/en/shop/tezgah/7754-197d5-25	1	https://equsto.com/en/shop/tezgah/7754-197d5-25
	200	https://equsto.com/en/shop/tezgah/7754-207c5-25	1	https://equsto.com/en/shop/tezgah/7754-207c5-25
	200	https://equsto.com/en/shop/tezgah/7754-217d5-25	1	https://equsto.com/en/shop/tezgah/7754-217d5-25
	200	https://equsto.com/en/shop/tezgah/7758-146a8-21	1	https://equsto.com/en/shop/tezgah/7758-146a8-21
	200	https://equsto.com/en/shop/tezgah/7758-156a8-21	1	https://equsto.com/en/shop/tezgah/7758-156a8-21
	200	https://equsto.com/en/shop/tezgah/7758-166a8-21	1	https://equsto.com/en/shop/tezgah/7758-166a8-21
	200	https://equsto.com/en/shop/tezgah/7758-166e8-21	1	https://equsto.com/en/shop/tezgah/7758-166e8-21
	200	https://equsto.com/en/shop/tezgah/7758-186e8-21	1	https://equsto.com/en/shop/tezgah/7758-186e8-21
	200	https://equsto.com/en/shop/tezgah/7758-196e8-21	1	https://equsto.com/en/shop/tezgah/7758-196e8-21
	200	https://equsto.com/en/shop/tezgah/7758-157b8-21	1	https://equsto.com/en/shop/tezgah/7758-157b8-21
	200	https://equsto.com/en/shop/tezgah/7758-167b8-21	1	https://equsto.com/en/shop/tezgah/7758-167b8-21
	200	https://equsto.com/en/shop/tezgah/7758-167c8-21	1	https://equsto.com/en/shop/tezgah/7758-167c8-21
	200	https://equsto.com/en/shop/tezgah/7758-187c8-21	1	https://equsto.com/en/shop/tezgah/7758-187c8-21
	200	https://equsto.com/en/shop/tezgah/7758-197c8-21	1	https://equsto.com/en/shop/tezgah/7758-197c8-21
	200	https://equsto.com/en/shop/tezgah/7758-197d8-21	1	https://equsto.com/en/shop/tezgah/7758-197d8-21
	200	https://equsto.com/en/shop/tezgah/7758-207c8-21	1	https://equsto.com/en/shop/tezgah/7758-207c8-21
	200	https://equsto.com/en/shop/tezgah/7758-217d8-21	1	https://equsto.com/en/shop/tezgah/7758-217d8-21
	200	https://equsto.com/en/shop/tezgah/7758-146a8-25	1	https://equsto.com/en/shop/tezgah/7758-146a8-25
	200	https://equsto.com/en/shop/tezgah/7758-156a8-25	1	https://equsto.com/en/shop/tezgah/7758-156a8-25
	200	https://equsto.com/en/shop/tezgah/7758-166a8-25	1	https://equsto.com/en/shop/tezgah/7758-166a8-25
	200	https://equsto.com/en/shop/tezgah/7758-166e8-25	1	https://equsto.com/en/shop/tezgah/7758-166e8-25
	200	https://equsto.com/en/shop/tezgah/7758-186e8-25	1	https://equsto.com/en/shop/tezgah/7758-186e8-25
	200	https://equsto.com/en/shop/tezgah/7758-196e8-25	1	https://equsto.com/en/shop/tezgah/7758-196e8-25
	200	https://equsto.com/en/shop/tezgah/7758-157b8-25	1	https://equsto.com/en/shop/tezgah/7758-157b8-25
	200	https://equsto.com/en/shop/tezgah/7758-167b8-25	1	https://equsto.com/en/shop/tezgah/7758-167b8-25
	200	https://equsto.com/en/shop/tezgah/7758-167c8-25	1	https://equsto.com/en/shop/tezgah/7758-167c8-25
	200	https://equsto.com/en/shop/tezgah/7758-187c8-25	1	https://equsto.com/en/shop/tezgah/7758-187c8-25
	200	https://equsto.com/en/shop/tezgah/7758-197c8-25	1	https://equsto.com/en/shop/tezgah/7758-197c8-25
	200	https://equsto.com/en/shop/tezgah/7758-197d8-25	1	https://equsto.com/en/shop/tezgah/7758-197d8-25
	200	https://equsto.com/en/shop/tezgah/7758-207c8-25	1	https://equsto.com/en/shop/tezgah/7758-207c8-25
	200	https://equsto.com/en/shop/tezgah/7758-217d8-25	1	https://equsto.com/en/shop/tezgah/7758-217d8-25
	200	https://equsto.com/en/shop/tezgah/7754-146a8-21	1	https://equsto.com/en/shop/tezgah/7754-146a8-21
	200	https://equsto.com/en/shop/tezgah/7754-156a8-21	1	https://equsto.com/en/shop/tezgah/7754-156a8-21
	200	https://equsto.com/en/shop/tezgah/7754-166a8-21	1	https://equsto.com/en/shop/tezgah/7754-166a8-21
	200	https://equsto.com/en/shop/tezgah/7754-166e8-21	1	https://equsto.com/en/shop/tezgah/7754-166e8-21
	200	https://equsto.com/en/shop/tezgah/7754-186e8-21	1	https://equsto.com/en/shop/tezgah/7754-186e8-21
	200	https://equsto.com/en/shop/tezgah/7754-196e8-21	1	https://equsto.com/en/shop/tezgah/7754-196e8-21
	200	https://equsto.com/en/shop/tezgah/7754-157b8-21	1	https://equsto.com/en/shop/tezgah/7754-157b8-21
	200	https://equsto.com/en/shop/tezgah/7754-167b8-21	1	https://equsto.com/en/shop/tezgah/7754-167b8-21
	200	https://equsto.com/en/shop/tezgah/7754-167c8-21	1	https://equsto.com/en/shop/tezgah/7754-167c8-21
	200	https://equsto.com/en/shop/tezgah/7754-187c8-21	1	https://equsto.com/en/shop/tezgah/7754-187c8-21
	200	https://equsto.com/en/shop/tezgah/7754-197c8-21	1	https://equsto.com/en/shop/tezgah/7754-197c8-21
	200	https://equsto.com/en/shop/tezgah/7754-197d8-21	1	https://equsto.com/en/shop/tezgah/7754-197d8-21
	200	https://equsto.com/en/shop/tezgah/7754-207c8-21	1	https://equsto.com/en/shop/tezgah/7754-207c8-21
	200	https://equsto.com/en/shop/tezgah/7754-217d8-21	1	https://equsto.com/en/shop/tezgah/7754-217d8-21
	200	https://equsto.com/en/shop/tezgah/7754-146a8-25	1	https://equsto.com/en/shop/tezgah/7754-146a8-25
	200	https://equsto.com/en/shop/tezgah/7754-156a8-25	1	https://equsto.com/en/shop/tezgah/7754-156a8-25
	200	https://equsto.com/en/shop/tezgah/7754-166a8-25	1	https://equsto.com/en/shop/tezgah/7754-166a8-25
	200	https://equsto.com/en/shop/tezgah/7754-166e8-25	1	https://equsto.com/en/shop/tezgah/7754-166e8-25
	200	https://equsto.com/en/shop/tezgah/7754-186e8-25	1	https://equsto.com/en/shop/tezgah/7754-186e8-25
	200	https://equsto.com/en/shop/tezgah/7754-196e8-25	1	https://equsto.com/en/shop/tezgah/7754-196e8-25
	200	https://equsto.com/en/shop/tezgah/7754-157b8-25	1	https://equsto.com/en/shop/tezgah/7754-157b8-25
	200	https://equsto.com/en/shop/tezgah/7754-167b8-25	1	https://equsto.com/en/shop/tezgah/7754-167b8-25
	200	https://equsto.com/en/shop/tezgah/7754-167c8-25	1	https://equsto.com/en/shop/tezgah/7754-167c8-25
	200	https://equsto.com/en/shop/tezgah/7754-187c8-25	1	https://equsto.com/en/shop/tezgah/7754-187c8-25
	200	https://equsto.com/en/shop/tezgah/7754-197c8-25	1	https://equsto.com/en/shop/tezgah/7754-197c8-25
	200	https://equsto.com/en/shop/tezgah/7754-197d8-25	1	https://equsto.com/en/shop/tezgah/7754-197d8-25
	200	https://equsto.com/en/shop/tezgah/7754-207c8-25	1	https://equsto.com/en/shop/tezgah/7754-207c8-25
	200	https://equsto.com/en/shop/tezgah/7754-217d8-25	1	https://equsto.com/en/shop/tezgah/7754-217d8-25
	200	https://equsto.com/en/shop/tezgah/7758-166a5-23	1	https://equsto.com/en/shop/tezgah/7758-166a5-23
	200	https://equsto.com/en/shop/tezgah/7758-186e5-23	1	https://equsto.com/en/shop/tezgah/7758-186e5-23
	200	https://equsto.com/en/shop/tezgah/7758-196e5-23	1	https://equsto.com/en/shop/tezgah/7758-196e5-23
	200	https://equsto.com/en/shop/tezgah/7758-216e5-23	1	https://equsto.com/en/shop/tezgah/7758-216e5-23
	200	https://equsto.com/en/shop/tezgah/7758-246e5-23	1	https://equsto.com/en/shop/tezgah/7758-246e5-23
	200	https://equsto.com/en/shop/tezgah/7758-187c5-23	1	https://equsto.com/en/shop/tezgah/7758-187c5-23
	200	https://equsto.com/en/shop/tezgah/7758-197c5-23	1	https://equsto.com/en/shop/tezgah/7758-197c5-23
	200	https://equsto.com/en/shop/tezgah/7758-207c5-23	1	https://equsto.com/en/shop/tezgah/7758-207c5-23
	200	https://equsto.com/en/shop/tezgah/7758-247d5-23	1	https://equsto.com/en/shop/tezgah/7758-247d5-23
	200	https://equsto.com/en/shop/tezgah/7754-166a5-23	1	https://equsto.com/en/shop/tezgah/7754-166a5-23
	200	https://equsto.com/en/shop/tezgah/7754-186e5-23	1	https://equsto.com/en/shop/tezgah/7754-186e5-23
	200	https://equsto.com/en/shop/tezgah/7754-196e5-23	1	https://equsto.com/en/shop/tezgah/7754-196e5-23
	200	https://equsto.com/en/shop/tezgah/7754-216e5-23	1	https://equsto.com/en/shop/tezgah/7754-216e5-23
	200	https://equsto.com/en/shop/tezgah/7754-246e5-23	1	https://equsto.com/en/shop/tezgah/7754-246e5-23
	200	https://equsto.com/en/shop/tezgah/7754-187c5-23	1	https://equsto.com/en/shop/tezgah/7754-187c5-23
	200	https://equsto.com/en/shop/tezgah/7754-197c5-23	1	https://equsto.com/en/shop/tezgah/7754-197c5-23
	200	https://equsto.com/en/shop/tezgah/7754-207c5-23	1	https://equsto.com/en/shop/tezgah/7754-207c5-23
	200	https://equsto.com/en/shop/tezgah/7754-247d5-23	1	https://equsto.com/en/shop/tezgah/7754-247d5-23
	200	https://equsto.com/en/shop/tezgah/7758-166a5-35	1	https://equsto.com/en/shop/tezgah/7758-166a5-35
	200	https://equsto.com/en/shop/tezgah/7758-186e5-35	1	https://equsto.com/en/shop/tezgah/7758-186e5-35
	200	https://equsto.com/en/shop/tezgah/7758-196e5-35	1	https://equsto.com/en/shop/tezgah/7758-196e5-35
	200	https://equsto.com/en/shop/tezgah/7758-187c5-35	1	https://equsto.com/en/shop/tezgah/7758-187c5-35
	200	https://equsto.com/en/shop/tezgah/7758-197c5-35	1	https://equsto.com/en/shop/tezgah/7758-197c5-35
	200	https://equsto.com/en/shop/tezgah/7754-166a5-35	1	https://equsto.com/en/shop/tezgah/7754-166a5-35
	200	https://equsto.com/en/shop/tezgah/7754-186e5-35	1	https://equsto.com/en/shop/tezgah/7754-186e5-35
	200	https://equsto.com/en/shop/tezgah/7754-196e5-35	1	https://equsto.com/en/shop/tezgah/7754-196e5-35
	200	https://equsto.com/en/shop/tezgah/7754-187c5-35	1	https://equsto.com/en/shop/tezgah/7754-187c5-35
	200	https://equsto.com/en/shop/tezgah/7754-197c5-35	1	https://equsto.com/en/shop/tezgah/7754-197c5-35
	200	https://equsto.com/en/shop/tezgah/7758-166a8-35	1	https://equsto.com/en/shop/tezgah/7758-166a8-35
	200	https://equsto.com/en/shop/tezgah/7758-186e8-35	1	https://equsto.com/en/shop/tezgah/7758-186e8-35
	200	https://equsto.com/en/shop/tezgah/7758-196e8-35	1	https://equsto.com/en/shop/tezgah/7758-196e8-35
	200	https://equsto.com/en/shop/tezgah/7758-187c8-35	1	https://equsto.com/en/shop/tezgah/7758-187c8-35
	200	https://equsto.com/en/shop/tezgah/7758-197c8-35	1	https://equsto.com/en/shop/tezgah/7758-197c8-35
	200	https://equsto.com/en/shop/tezgah/7754-166a8-35	1	https://equsto.com/en/shop/tezgah/7754-166a8-35
	200	https://equsto.com/en/shop/tezgah/7754-186e8-35	1	https://equsto.com/en/shop/tezgah/7754-186e8-35
	200	https://equsto.com/en/shop/tezgah/7754-196e8-35	1	https://equsto.com/en/shop/tezgah/7754-196e8-35
	200	https://equsto.com/en/shop/tezgah/7754-187c8-35	1	https://equsto.com/en/shop/tezgah/7754-187c8-35
	200	https://equsto.com/en/shop/tezgah/7754-197c8-35	1	https://equsto.com/en/shop/tezgah/7754-197c8-35
	200	https://equsto.com/en/shop/tezgah/7758-166a8-23	1	https://equsto.com/en/shop/tezgah/7758-166a8-23
	200	https://equsto.com/en/shop/tezgah/7758-186e8-23	1	https://equsto.com/en/shop/tezgah/7758-186e8-23
	200	https://equsto.com/en/shop/tezgah/7758-196e8-23	1	https://equsto.com/en/shop/tezgah/7758-196e8-23
	200	https://equsto.com/en/shop/tezgah/7758-216e8-23	1	https://equsto.com/en/shop/tezgah/7758-216e8-23
	200	https://equsto.com/en/shop/tezgah/7758-246e8-23	1	https://equsto.com/en/shop/tezgah/7758-246e8-23
	200	https://equsto.com/en/shop/tezgah/7758-187c8-23	1	https://equsto.com/en/shop/tezgah/7758-187c8-23
	200	https://equsto.com/en/shop/tezgah/7758-197c8-23	1	https://equsto.com/en/shop/tezgah/7758-197c8-23
	200	https://equsto.com/en/shop/tezgah/7758-207c8-23	1	https://equsto.com/en/shop/tezgah/7758-207c8-23
	200	https://equsto.com/en/shop/tezgah/7758-247d8-23	1	https://equsto.com/en/shop/tezgah/7758-247d8-23
	200	https://equsto.com/en/shop/tezgah/7754-166a8-23	1	https://equsto.com/en/shop/tezgah/7754-166a8-23
	200	https://equsto.com/en/shop/tezgah/7754-186e8-23	1	https://equsto.com/en/shop/tezgah/7754-186e8-23
	200	https://equsto.com/en/shop/tezgah/7754-196e8-23	1	https://equsto.com/en/shop/tezgah/7754-196e8-23
	200	https://equsto.com/en/shop/tezgah/7754-216e8-23	1	https://equsto.com/en/shop/tezgah/7754-216e8-23
	200	https://equsto.com/en/shop/tezgah/7754-246e8-23	1	https://equsto.com/en/shop/tezgah/7754-246e8-23
	200	https://equsto.com/en/shop/tezgah/7754-187c8-23	1	https://equsto.com/en/shop/tezgah/7754-187c8-23
	200	https://equsto.com/en/shop/tezgah/7754-197c8-23	1	https://equsto.com/en/shop/tezgah/7754-197c8-23
	200	https://equsto.com/en/shop/tezgah/7754-207c8-23	1	https://equsto.com/en/shop/tezgah/7754-207c8-23
	200	https://equsto.com/en/shop/tezgah/7754-247d8-23	1	https://equsto.com/en/shop/tezgah/7754-247d8-23
	200	https://equsto.com/en/shop/tezgah/7758-196a5-31	1	https://equsto.com/en/shop/tezgah/7758-196a5-31
	200	https://equsto.com/en/shop/tezgah/7758-216e5-31	1	https://equsto.com/en/shop/tezgah/7758-216e5-31
	200	https://equsto.com/en/shop/tezgah/7758-246e5-31	1	https://equsto.com/en/shop/tezgah/7758-246e5-31
	200	https://equsto.com/en/shop/tezgah/7758-247c5-31	1	https://equsto.com/en/shop/tezgah/7758-247c5-31
	200	https://equsto.com/en/shop/tezgah/7758-196a5-33	1	https://equsto.com/en/shop/tezgah/7758-196a5-33
	200	https://equsto.com/en/shop/tezgah/7758-216e5-33	1	https://equsto.com/en/shop/tezgah/7758-216e5-33
	200	https://equsto.com/en/shop/tezgah/7758-246e5-33	1	https://equsto.com/en/shop/tezgah/7758-246e5-33
	200	https://equsto.com/en/shop/tezgah/7758-247c5-33	1	https://equsto.com/en/shop/tezgah/7758-247c5-33
	200	https://equsto.com/en/shop/tezgah/7754-196a5-31	1	https://equsto.com/en/shop/tezgah/7754-196a5-31
	200	https://equsto.com/en/shop/tezgah/7754-216e5-31	1	https://equsto.com/en/shop/tezgah/7754-216e5-31
	200	https://equsto.com/en/shop/tezgah/7754-246e5-31	1	https://equsto.com/en/shop/tezgah/7754-246e5-31
	200	https://equsto.com/en/shop/tezgah/7754-247c5-31	1	https://equsto.com/en/shop/tezgah/7754-247c5-31
	200	https://equsto.com/en/shop/tezgah/7754-196a5-33	1	https://equsto.com/en/shop/tezgah/7754-196a5-33
	200	https://equsto.com/en/shop/tezgah/7754-216e5-33	1	https://equsto.com/en/shop/tezgah/7754-216e5-33
	200	https://equsto.com/en/shop/tezgah/7754-246e5-33	1	https://equsto.com/en/shop/tezgah/7754-246e5-33
	200	https://equsto.com/en/shop/tezgah/7754-247c5-33	1	https://equsto.com/en/shop/tezgah/7754-247c5-33
	200	https://equsto.com/en/shop/tezgah/7758-196a8-31	1	https://equsto.com/en/shop/tezgah/7758-196a8-31
	200	https://equsto.com/en/shop/tezgah/7758-216e8-31	1	https://equsto.com/en/shop/tezgah/7758-216e8-31
	200	https://equsto.com/en/shop/tezgah/7758-246e8-31	1	https://equsto.com/en/shop/tezgah/7758-246e8-31
	200	https://equsto.com/en/shop/tezgah/7758-247c8-31	1	https://equsto.com/en/shop/tezgah/7758-247c8-31
	200	https://equsto.com/en/shop/tezgah/7758-196a8-33	1	https://equsto.com/en/shop/tezgah/7758-196a8-33
	200	https://equsto.com/en/shop/tezgah/7758-216e8-33	1	https://equsto.com/en/shop/tezgah/7758-216e8-33
	200	https://equsto.com/en/shop/tezgah/7758-246e8-33	1	https://equsto.com/en/shop/tezgah/7758-246e8-33
	200	https://equsto.com/en/shop/tezgah/7758-247c8-33	1	https://equsto.com/en/shop/tezgah/7758-247c8-33
	200	https://equsto.com/en/shop/tezgah/7754-196a8-31	1	https://equsto.com/en/shop/tezgah/7754-196a8-31
	200	https://equsto.com/en/shop/tezgah/7754-216e8-31	1	https://equsto.com/en/shop/tezgah/7754-216e8-31
	200	https://equsto.com/en/shop/tezgah/7754-246e8-31	1	https://equsto.com/en/shop/tezgah/7754-246e8-31
	200	https://equsto.com/en/shop/tezgah/7754-247c8-31	1	https://equsto.com/en/shop/tezgah/7754-247c8-31
	200	https://equsto.com/en/shop/tezgah/7754-196a8-33	1	https://equsto.com/en/shop/tezgah/7754-196a8-33
	200	https://equsto.com/en/shop/tezgah/7754-216e8-33	1	https://equsto.com/en/shop/tezgah/7754-216e8-33
	200	https://equsto.com/en/shop/tezgah/7754-246e8-33	1	https://equsto.com/en/shop/tezgah/7754-246e8-33
	200	https://equsto.com/en/shop/tezgah/7754-247c8-33	1	https://equsto.com/en/shop/tezgah/7754-247c8-33
	200	https://equsto.com/en/shop/tezgah/7911-06060-94	1	https://equsto.com/en/shop/tezgah/7911-06060-94
	200	https://equsto.com/en/shop/tezgah/7911-09060-94	1	https://equsto.com/en/shop/tezgah/7911-09060-94
	200	https://equsto.com/en/shop/tezgah/7911-10060-94	1	https://equsto.com/en/shop/tezgah/7911-10060-94
	200	https://equsto.com/en/shop/tezgah/7911-12060-94	1	https://equsto.com/en/shop/tezgah/7911-12060-94
	200	https://equsto.com/en/shop/tezgah/7911-14060-94	1	https://equsto.com/en/shop/tezgah/7911-14060-94
	200	https://equsto.com/en/shop/tezgah/7911-16060-94	1	https://equsto.com/en/shop/tezgah/7911-16060-94
	200	https://equsto.com/en/shop/tezgah/7911-19060-94	1	https://equsto.com/en/shop/tezgah/7911-19060-94
	200	https://equsto.com/en/shop/tezgah/7911-06070-94	1	https://equsto.com/en/shop/tezgah/7911-06070-94
	200	https://equsto.com/en/shop/tezgah/7911-09070-94	1	https://equsto.com/en/shop/tezgah/7911-09070-94
	200	https://equsto.com/en/shop/tezgah/7911-10070-94	1	https://equsto.com/en/shop/tezgah/7911-10070-94
	200	https://equsto.com/en/shop/tezgah/7911-12070-94	1	https://equsto.com/en/shop/tezgah/7911-12070-94
	200	https://equsto.com/en/shop/tezgah/7911-14070-94	1	https://equsto.com/en/shop/tezgah/7911-14070-94
	200	https://equsto.com/en/shop/tezgah/7911-16070-94	1	https://equsto.com/en/shop/tezgah/7911-16070-94
	200	https://equsto.com/en/shop/tezgah/7911-19070-94	1	https://equsto.com/en/shop/tezgah/7911-19070-94
	200	https://equsto.com/en/shop/tezgah/7911-06060-84	1	https://equsto.com/en/shop/tezgah/7911-06060-84
	200	https://equsto.com/en/shop/tezgah/7911-09060-84	1	https://equsto.com/en/shop/tezgah/7911-09060-84
	200	https://equsto.com/en/shop/tezgah/7911-10060-84	1	https://equsto.com/en/shop/tezgah/7911-10060-84
	200	https://equsto.com/en/shop/tezgah/7911-12060-84	1	https://equsto.com/en/shop/tezgah/7911-12060-84
	200	https://equsto.com/en/shop/tezgah/7911-14060-84	1	https://equsto.com/en/shop/tezgah/7911-14060-84
	200	https://equsto.com/en/shop/tezgah/7911-16060-84	1	https://equsto.com/en/shop/tezgah/7911-16060-84
	200	https://equsto.com/en/shop/tezgah/7911-19060-84	1	https://equsto.com/en/shop/tezgah/7911-19060-84
	200	https://equsto.com/en/shop/tezgah/7911-06070-84	1	https://equsto.com/en/shop/tezgah/7911-06070-84
	200	https://equsto.com/en/shop/tezgah/7911-09070-84	1	https://equsto.com/en/shop/tezgah/7911-09070-84
	200	https://equsto.com/en/shop/tezgah/7911-10070-84	1	https://equsto.com/en/shop/tezgah/7911-10070-84
	200	https://equsto.com/en/shop/tezgah/7911-12070-84	1	https://equsto.com/en/shop/tezgah/7911-12070-84
	200	https://equsto.com/en/shop/tezgah/7911-14070-84	1	https://equsto.com/en/shop/tezgah/7911-14070-84
	200	https://equsto.com/en/shop/tezgah/7911-16070-84	1	https://equsto.com/en/shop/tezgah/7911-16070-84
	200	https://equsto.com/en/shop/tezgah/7911-19070-84	1	https://equsto.com/en/shop/tezgah/7911-19070-84
	200	https://equsto.com/en/shop/tezgah/7911-06060-95	1	https://equsto.com/en/shop/tezgah/7911-06060-95
	200	https://equsto.com/en/shop/tezgah/7911-09060-95	1	https://equsto.com/en/shop/tezgah/7911-09060-95
	200	https://equsto.com/en/shop/tezgah/7911-10060-95	1	https://equsto.com/en/shop/tezgah/7911-10060-95
	200	https://equsto.com/en/shop/tezgah/7911-12060-95	1	https://equsto.com/en/shop/tezgah/7911-12060-95
	200	https://equsto.com/en/shop/tezgah/7911-14060-95	1	https://equsto.com/en/shop/tezgah/7911-14060-95
	200	https://equsto.com/en/shop/tezgah/7911-16060-95	1	https://equsto.com/en/shop/tezgah/7911-16060-95
	200	https://equsto.com/en/shop/tezgah/7911-19060-95	1	https://equsto.com/en/shop/tezgah/7911-19060-95
	200	https://equsto.com/en/shop/tezgah/7911-06070-95	1	https://equsto.com/en/shop/tezgah/7911-06070-95
	200	https://equsto.com/en/shop/tezgah/7911-09070-95	1	https://equsto.com/en/shop/tezgah/7911-09070-95
	200	https://equsto.com/en/shop/tezgah/7911-10070-95	1	https://equsto.com/en/shop/tezgah/7911-10070-95
	200	https://equsto.com/en/shop/tezgah/7911-12070-95	1	https://equsto.com/en/shop/tezgah/7911-12070-95
	200	https://equsto.com/en/shop/tezgah/7911-14070-95	1	https://equsto.com/en/shop/tezgah/7911-14070-95
	200	https://equsto.com/en/shop/tezgah/7911-16070-95	1	https://equsto.com/en/shop/tezgah/7911-16070-95
	200	https://equsto.com/en/shop/tezgah/7911-19070-95	1	https://equsto.com/en/shop/tezgah/7911-19070-95
	200	https://equsto.com/en/shop/tezgah/7911-06060-85	1	https://equsto.com/en/shop/tezgah/7911-06060-85
	200	https://equsto.com/en/shop/tezgah/7911-09060-85	1	https://equsto.com/en/shop/tezgah/7911-09060-85
	200	https://equsto.com/en/shop/tezgah/7911-10060-85	1	https://equsto.com/en/shop/tezgah/7911-10060-85
	200	https://equsto.com/en/shop/tezgah/7911-12060-85	1	https://equsto.com/en/shop/tezgah/7911-12060-85
	200	https://equsto.com/en/shop/tezgah/7911-14060-85	1	https://equsto.com/en/shop/tezgah/7911-14060-85
	200	https://equsto.com/en/shop/tezgah/7911-16060-85	1	https://equsto.com/en/shop/tezgah/7911-16060-85
	200	https://equsto.com/en/shop/tezgah/7911-19060-85	1	https://equsto.com/en/shop/tezgah/7911-19060-85
	200	https://equsto.com/en/shop/tezgah/7911-06070-85	1	https://equsto.com/en/shop/tezgah/7911-06070-85
	200	https://equsto.com/en/shop/tezgah/7911-09070-85	1	https://equsto.com/en/shop/tezgah/7911-09070-85
	200	https://equsto.com/en/shop/tezgah/7911-10070-85	1	https://equsto.com/en/shop/tezgah/7911-10070-85
	200	https://equsto.com/en/shop/tezgah/7911-12070-85	1	https://equsto.com/en/shop/tezgah/7911-12070-85
	200	https://equsto.com/en/shop/tezgah/7911-14070-85	1	https://equsto.com/en/shop/tezgah/7911-14070-85
	200	https://equsto.com/en/shop/tezgah/7911-16070-85	1	https://equsto.com/en/shop/tezgah/7911-16070-85
	200	https://equsto.com/en/shop/tezgah/7911-19070-85	1	https://equsto.com/en/shop/tezgah/7911-19070-85
	200	https://equsto.com/en/shop/tezgah/7911-06060-96	1	https://equsto.com/en/shop/tezgah/7911-06060-96
	200	https://equsto.com/en/shop/tezgah/7911-09060-96	1	https://equsto.com/en/shop/tezgah/7911-09060-96
	200	https://equsto.com/en/shop/tezgah/7911-10060-96	1	https://equsto.com/en/shop/tezgah/7911-10060-96
	200	https://equsto.com/en/shop/tezgah/7911-12060-96	1	https://equsto.com/en/shop/tezgah/7911-12060-96
	200	https://equsto.com/en/shop/tezgah/7911-14060-96	1	https://equsto.com/en/shop/tezgah/7911-14060-96
	200	https://equsto.com/en/shop/tezgah/7911-16060-96	1	https://equsto.com/en/shop/tezgah/7911-16060-96
	200	https://equsto.com/en/shop/tezgah/7911-19060-96	1	https://equsto.com/en/shop/tezgah/7911-19060-96
	200	https://equsto.com/en/shop/tezgah/7911-06070-96	1	https://equsto.com/en/shop/tezgah/7911-06070-96
	200	https://equsto.com/en/shop/tezgah/7911-09070-96	1	https://equsto.com/en/shop/tezgah/7911-09070-96
	200	https://equsto.com/en/shop/tezgah/7911-10070-96	1	https://equsto.com/en/shop/tezgah/7911-10070-96
	200	https://equsto.com/en/shop/tezgah/7911-12070-96	1	https://equsto.com/en/shop/tezgah/7911-12070-96
	200	https://equsto.com/en/shop/tezgah/7911-14070-96	1	https://equsto.com/en/shop/tezgah/7911-14070-96
	200	https://equsto.com/en/shop/tezgah/7911-16070-96	1	https://equsto.com/en/shop/tezgah/7911-16070-96
	200	https://equsto.com/en/shop/tezgah/7911-19070-96	1	https://equsto.com/en/shop/tezgah/7911-19070-96
	200	https://equsto.com/en/shop/tezgah/7911-06060-79	1	https://equsto.com/en/shop/tezgah/7911-06060-79
	200	https://equsto.com/en/shop/tezgah/7911-09060-79	1	https://equsto.com/en/shop/tezgah/7911-09060-79
	200	https://equsto.com/en/shop/tezgah/7911-10060-79	1	https://equsto.com/en/shop/tezgah/7911-10060-79
	200	https://equsto.com/en/shop/tezgah/7911-12060-79	1	https://equsto.com/en/shop/tezgah/7911-12060-79
	200	https://equsto.com/en/shop/tezgah/7911-14060-79	1	https://equsto.com/en/shop/tezgah/7911-14060-79
	200	https://equsto.com/en/shop/tezgah/7911-16060-79	1	https://equsto.com/en/shop/tezgah/7911-16060-79
	200	https://equsto.com/en/shop/tezgah/7911-19060-79	1	https://equsto.com/en/shop/tezgah/7911-19060-79
	200	https://equsto.com/en/shop/tezgah/7911-06070-79	1	https://equsto.com/en/shop/tezgah/7911-06070-79
	200	https://equsto.com/en/shop/tezgah/7911-09070-79	1	https://equsto.com/en/shop/tezgah/7911-09070-79
	200	https://equsto.com/en/shop/tezgah/7911-10070-79	1	https://equsto.com/en/shop/tezgah/7911-10070-79
	200	https://equsto.com/en/shop/tezgah/7911-12070-79	1	https://equsto.com/en/shop/tezgah/7911-12070-79
	200	https://equsto.com/en/shop/tezgah/7911-14070-79	1	https://equsto.com/en/shop/tezgah/7911-14070-79
	200	https://equsto.com/en/shop/tezgah/7911-16070-79	1	https://equsto.com/en/shop/tezgah/7911-16070-79
	200	https://equsto.com/en/shop/tezgah/7911-19070-79	1	https://equsto.com/en/shop/tezgah/7911-19070-79
	200	https://equsto.com/en/shop/tezgah/7911-06060-83	1	https://equsto.com/en/shop/tezgah/7911-06060-83
	200	https://equsto.com/en/shop/tezgah/7911-09060-83	1	https://equsto.com/en/shop/tezgah/7911-09060-83
	200	https://equsto.com/en/shop/tezgah/7911-10060-83	1	https://equsto.com/en/shop/tezgah/7911-10060-83
	200	https://equsto.com/en/shop/tezgah/7911-12060-83	1	https://equsto.com/en/shop/tezgah/7911-12060-83
	200	https://equsto.com/en/shop/tezgah/7911-14060-83	1	https://equsto.com/en/shop/tezgah/7911-14060-83
	200	https://equsto.com/en/shop/tezgah/7911-16060-83	1	https://equsto.com/en/shop/tezgah/7911-16060-83
	200	https://equsto.com/en/shop/tezgah/7911-19060-83	1	https://equsto.com/en/shop/tezgah/7911-19060-83
	200	https://equsto.com/en/shop/tezgah/7911-06070-83	1	https://equsto.com/en/shop/tezgah/7911-06070-83
	200	https://equsto.com/en/shop/tezgah/7911-09070-83	1	https://equsto.com/en/shop/tezgah/7911-09070-83
	200	https://equsto.com/en/shop/tezgah/7911-10070-83	1	https://equsto.com/en/shop/tezgah/7911-10070-83
	200	https://equsto.com/en/shop/tezgah/7911-12070-83	1	https://equsto.com/en/shop/tezgah/7911-12070-83
	200	https://equsto.com/en/shop/tezgah/7911-14070-83	1	https://equsto.com/en/shop/tezgah/7911-14070-83
	200	https://equsto.com/en/shop/tezgah/7911-16070-83	1	https://equsto.com/en/shop/tezgah/7911-16070-83
	200	https://equsto.com/en/shop/tezgah/7911-19070-83	1	https://equsto.com/en/shop/tezgah/7911-19070-83
	200	https://equsto.com/en/shop/tezgah/7911-06060-00	1	https://equsto.com/en/shop/tezgah/7911-06060-00
	200	https://equsto.com/en/shop/tezgah/7911-09060-00	1	https://equsto.com/en/shop/tezgah/7911-09060-00
	200	https://equsto.com/en/shop/tezgah/7911-10060-00	1	https://equsto.com/en/shop/tezgah/7911-10060-00
	200	https://equsto.com/en/shop/tezgah/7911-12060-00	1	https://equsto.com/en/shop/tezgah/7911-12060-00
	200	https://equsto.com/en/shop/tezgah/7911-14060-00	1	https://equsto.com/en/shop/tezgah/7911-14060-00
	200	https://equsto.com/en/shop/tezgah/7911-16060-00	1	https://equsto.com/en/shop/tezgah/7911-16060-00
	200	https://equsto.com/en/shop/tezgah/7911-19060-00	1	https://equsto.com/en/shop/tezgah/7911-19060-00
	200	https://equsto.com/en/shop/tezgah/7911-06070-00	1	https://equsto.com/en/shop/tezgah/7911-06070-00
	200	https://equsto.com/en/shop/tezgah/7911-09070-00	1	https://equsto.com/en/shop/tezgah/7911-09070-00
	200	https://equsto.com/en/shop/tezgah/7911-10070-00	1	https://equsto.com/en/shop/tezgah/7911-10070-00
	200	https://equsto.com/en/shop/tezgah/7911-12070-00	1	https://equsto.com/en/shop/tezgah/7911-12070-00
	200	https://equsto.com/en/shop/tezgah/7911-14070-00	1	https://equsto.com/en/shop/tezgah/7911-14070-00
	200	https://equsto.com/en/shop/tezgah/7911-16070-00	1	https://equsto.com/en/shop/tezgah/7911-16070-00
	200	https://equsto.com/en/shop/tezgah/7911-19070-00	1	https://equsto.com/en/shop/tezgah/7911-19070-00
	200	https://equsto.com/en/shop/tezgah/7911-06060-81	1	https://equsto.com/en/shop/tezgah/7911-06060-81
	200	https://equsto.com/en/shop/tezgah/7911-09060-81	1	https://equsto.com/en/shop/tezgah/7911-09060-81
	200	https://equsto.com/en/shop/tezgah/7911-10060-81	1	https://equsto.com/en/shop/tezgah/7911-10060-81
	200	https://equsto.com/en/shop/tezgah/7911-12060-81	1	https://equsto.com/en/shop/tezgah/7911-12060-81
	200	https://equsto.com/en/shop/tezgah/7911-14060-81	1	https://equsto.com/en/shop/tezgah/7911-14060-81
	200	https://equsto.com/en/shop/tezgah/7911-16060-81	1	https://equsto.com/en/shop/tezgah/7911-16060-81
	200	https://equsto.com/en/shop/tezgah/7911-19060-81	1	https://equsto.com/en/shop/tezgah/7911-19060-81
	200	https://equsto.com/en/shop/tezgah/7911-06070-81	1	https://equsto.com/en/shop/tezgah/7911-06070-81
	200	https://equsto.com/en/shop/tezgah/7911-09070-81	1	https://equsto.com/en/shop/tezgah/7911-09070-81
	200	https://equsto.com/en/shop/tezgah/7911-10070-81	1	https://equsto.com/en/shop/tezgah/7911-10070-81
	200	https://equsto.com/en/shop/tezgah/7911-12070-81	1	https://equsto.com/en/shop/tezgah/7911-12070-81
	200	https://equsto.com/en/shop/tezgah/7911-14070-81	1	https://equsto.com/en/shop/tezgah/7911-14070-81
	200	https://equsto.com/en/shop/tezgah/7911-16070-81	1	https://equsto.com/en/shop/tezgah/7911-16070-81
	200	https://equsto.com/en/shop/tezgah/7911-19070-81	1	https://equsto.com/en/shop/tezgah/7911-19070-81
	200	https://equsto.com/en/shop/tezgah/7911-06060-08	1	https://equsto.com/en/shop/tezgah/7911-06060-08
	200	https://equsto.com/en/shop/tezgah/7911-09060-08	1	https://equsto.com/en/shop/tezgah/7911-09060-08
	200	https://equsto.com/en/shop/tezgah/7911-10060-08	1	https://equsto.com/en/shop/tezgah/7911-10060-08
	200	https://equsto.com/en/shop/tezgah/7911-12060-08	1	https://equsto.com/en/shop/tezgah/7911-12060-08
	200	https://equsto.com/en/shop/tezgah/7911-14060-08	1	https://equsto.com/en/shop/tezgah/7911-14060-08
	200	https://equsto.com/en/shop/tezgah/7911-16060-08	1	https://equsto.com/en/shop/tezgah/7911-16060-08
	200	https://equsto.com/en/shop/tezgah/7911-19060-08	1	https://equsto.com/en/shop/tezgah/7911-19060-08
	200	https://equsto.com/en/shop/tezgah/7911-06070-08	1	https://equsto.com/en/shop/tezgah/7911-06070-08
	200	https://equsto.com/en/shop/tezgah/7911-09070-08	1	https://equsto.com/en/shop/tezgah/7911-09070-08
	200	https://equsto.com/en/shop/tezgah/7911-10070-08	1	https://equsto.com/en/shop/tezgah/7911-10070-08
	200	https://equsto.com/en/shop/tezgah/7911-12070-08	1	https://equsto.com/en/shop/tezgah/7911-12070-08
	200	https://equsto.com/en/shop/tezgah/7911-14070-08	1	https://equsto.com/en/shop/tezgah/7911-14070-08
	200	https://equsto.com/en/shop/tezgah/7911-16070-08	1	https://equsto.com/en/shop/tezgah/7911-16070-08
	200	https://equsto.com/en/shop/tezgah/7911-19070-08	1	https://equsto.com/en/shop/tezgah/7911-19070-08
	200	https://equsto.com/en/shop/tezgah/7911-06060-82	1	https://equsto.com/en/shop/tezgah/7911-06060-82
	200	https://equsto.com/en/shop/tezgah/7911-09060-82	1	https://equsto.com/en/shop/tezgah/7911-09060-82
	200	https://equsto.com/en/shop/tezgah/7911-10060-82	1	https://equsto.com/en/shop/tezgah/7911-10060-82
	200	https://equsto.com/en/shop/tezgah/7911-12060-82	1	https://equsto.com/en/shop/tezgah/7911-12060-82
	200	https://equsto.com/en/shop/tezgah/7911-14060-82	1	https://equsto.com/en/shop/tezgah/7911-14060-82
	200	https://equsto.com/en/shop/tezgah/7911-16060-82	1	https://equsto.com/en/shop/tezgah/7911-16060-82
	200	https://equsto.com/en/shop/tezgah/7911-19060-82	1	https://equsto.com/en/shop/tezgah/7911-19060-82
	200	https://equsto.com/en/shop/tezgah/7911-06070-82	1	https://equsto.com/en/shop/tezgah/7911-06070-82
	200	https://equsto.com/en/shop/tezgah/7911-09070-82	1	https://equsto.com/en/shop/tezgah/7911-09070-82
	200	https://equsto.com/en/shop/tezgah/7911-10070-82	1	https://equsto.com/en/shop/tezgah/7911-10070-82
	200	https://equsto.com/en/shop/tezgah/7911-12070-82	1	https://equsto.com/en/shop/tezgah/7911-12070-82
	200	https://equsto.com/en/shop/tezgah/7911-14070-82	1	https://equsto.com/en/shop/tezgah/7911-14070-82
	200	https://equsto.com/en/shop/tezgah/7911-16070-82	1	https://equsto.com/en/shop/tezgah/7911-16070-82
	200	https://equsto.com/en/shop/tezgah/7911-19070-82	1	https://equsto.com/en/shop/tezgah/7911-19070-82
	200	https://equsto.com/en/shop/tezgah/7911-06060-04	1	https://equsto.com/en/shop/tezgah/7911-06060-04
	200	https://equsto.com/en/shop/tezgah/7911-09060-04	1	https://equsto.com/en/shop/tezgah/7911-09060-04
	200	https://equsto.com/en/shop/tezgah/7911-10060-04	1	https://equsto.com/en/shop/tezgah/7911-10060-04
	200	https://equsto.com/en/shop/tezgah/7911-12060-04	1	https://equsto.com/en/shop/tezgah/7911-12060-04
	200	https://equsto.com/en/shop/tezgah/7911-14060-04	1	https://equsto.com/en/shop/tezgah/7911-14060-04
	200	https://equsto.com/en/shop/tezgah/7911-16060-04	1	https://equsto.com/en/shop/tezgah/7911-16060-04
	200	https://equsto.com/en/shop/tezgah/7911-19060-04	1	https://equsto.com/en/shop/tezgah/7911-19060-04
	200	https://equsto.com/en/shop/tezgah/7911-06070-04	1	https://equsto.com/en/shop/tezgah/7911-06070-04
	200	https://equsto.com/en/shop/tezgah/7911-09070-04	1	https://equsto.com/en/shop/tezgah/7911-09070-04
	200	https://equsto.com/en/shop/tezgah/7911-10070-04	1	https://equsto.com/en/shop/tezgah/7911-10070-04
	200	https://equsto.com/en/shop/tezgah/7911-12070-04	1	https://equsto.com/en/shop/tezgah/7911-12070-04
	200	https://equsto.com/en/shop/tezgah/7911-14070-04	1	https://equsto.com/en/shop/tezgah/7911-14070-04
	200	https://equsto.com/en/shop/tezgah/7911-16070-04	1	https://equsto.com/en/shop/tezgah/7911-16070-04
	200	https://equsto.com/en/shop/tezgah/7911-19070-04	1	https://equsto.com/en/shop/tezgah/7911-19070-04
	200	https://equsto.com/en/shop/tezgah/7911-12060-28	1	https://equsto.com/en/shop/tezgah/7911-12060-28
	200	https://equsto.com/en/shop/tezgah/7911-14060-28	1	https://equsto.com/en/shop/tezgah/7911-14060-28
	200	https://equsto.com/en/shop/tezgah/7911-16060-28	1	https://equsto.com/en/shop/tezgah/7911-16060-28
	200	https://equsto.com/en/shop/tezgah/7911-19060-28	1	https://equsto.com/en/shop/tezgah/7911-19060-28
	200	https://equsto.com/en/shop/tezgah/7911-12070-28	1	https://equsto.com/en/shop/tezgah/7911-12070-28
	200	https://equsto.com/en/shop/tezgah/7911-14070-28	1	https://equsto.com/en/shop/tezgah/7911-14070-28
	200	https://equsto.com/en/shop/tezgah/7911-16070-28	1	https://equsto.com/en/shop/tezgah/7911-16070-28
	200	https://equsto.com/en/shop/tezgah/7911-19070-28	1	https://equsto.com/en/shop/tezgah/7911-19070-28
	200	https://equsto.com/en/shop/tezgah/7911-12060-20	1	https://equsto.com/en/shop/tezgah/7911-12060-20
	200	https://equsto.com/en/shop/tezgah/7911-14060-20	1	https://equsto.com/en/shop/tezgah/7911-14060-20
	200	https://equsto.com/en/shop/tezgah/7911-16060-20	1	https://equsto.com/en/shop/tezgah/7911-16060-20
	200	https://equsto.com/en/shop/tezgah/7911-19060-20	1	https://equsto.com/en/shop/tezgah/7911-19060-20
	200	https://equsto.com/en/shop/tezgah/7911-12070-20	1	https://equsto.com/en/shop/tezgah/7911-12070-20
	200	https://equsto.com/en/shop/tezgah/7911-14070-20	1	https://equsto.com/en/shop/tezgah/7911-14070-20
	200	https://equsto.com/en/shop/tezgah/7911-16070-20	1	https://equsto.com/en/shop/tezgah/7911-16070-20
	200	https://equsto.com/en/shop/tezgah/7911-19070-20	1	https://equsto.com/en/shop/tezgah/7911-19070-20
	200	https://equsto.com/en/shop/tezgah/7911-12060-24	1	https://equsto.com/en/shop/tezgah/7911-12060-24
	200	https://equsto.com/en/shop/tezgah/7911-14060-24	1	https://equsto.com/en/shop/tezgah/7911-14060-24
	200	https://equsto.com/en/shop/tezgah/7911-16060-24	1	https://equsto.com/en/shop/tezgah/7911-16060-24
	200	https://equsto.com/en/shop/tezgah/7911-19060-24	1	https://equsto.com/en/shop/tezgah/7911-19060-24
	200	https://equsto.com/en/shop/tezgah/7911-12070-24	1	https://equsto.com/en/shop/tezgah/7911-12070-24
	200	https://equsto.com/en/shop/tezgah/7911-14070-24	1	https://equsto.com/en/shop/tezgah/7911-14070-24
	200	https://equsto.com/en/shop/tezgah/7911-16070-24	1	https://equsto.com/en/shop/tezgah/7911-16070-24
	200	https://equsto.com/en/shop/tezgah/7911-19070-24	1	https://equsto.com/en/shop/tezgah/7911-19070-24
	200	https://equsto.com/en/shop/tezgah/7911-12060-44	1	https://equsto.com/en/shop/tezgah/7911-12060-44
	200	https://equsto.com/en/shop/tezgah/7911-14060-44	1	https://equsto.com/en/shop/tezgah/7911-14060-44
	200	https://equsto.com/en/shop/tezgah/7911-16060-44	1	https://equsto.com/en/shop/tezgah/7911-16060-44
	200	https://equsto.com/en/shop/tezgah/7911-19060-44	1	https://equsto.com/en/shop/tezgah/7911-19060-44
	200	https://equsto.com/en/shop/tezgah/7911-12070-44	1	https://equsto.com/en/shop/tezgah/7911-12070-44
	200	https://equsto.com/en/shop/tezgah/7911-14070-44	1	https://equsto.com/en/shop/tezgah/7911-14070-44
	200	https://equsto.com/en/shop/tezgah/7911-16070-44	1	https://equsto.com/en/shop/tezgah/7911-16070-44
	200	https://equsto.com/en/shop/tezgah/7911-19070-44	1	https://equsto.com/en/shop/tezgah/7911-19070-44
	200	https://equsto.com/en/shop/tezgah/7911-12060-48	1	https://equsto.com/en/shop/tezgah/7911-12060-48
	200	https://equsto.com/en/shop/tezgah/7911-14060-48	1	https://equsto.com/en/shop/tezgah/7911-14060-48
	200	https://equsto.com/en/shop/tezgah/7911-16060-48	1	https://equsto.com/en/shop/tezgah/7911-16060-48
	200	https://equsto.com/en/shop/tezgah/7911-19060-48	1	https://equsto.com/en/shop/tezgah/7911-19060-48
	200	https://equsto.com/en/shop/tezgah/7911-12070-48	1	https://equsto.com/en/shop/tezgah/7911-12070-48
	200	https://equsto.com/en/shop/tezgah/7911-14070-48	1	https://equsto.com/en/shop/tezgah/7911-14070-48
	200	https://equsto.com/en/shop/tezgah/7911-16070-48	1	https://equsto.com/en/shop/tezgah/7911-16070-48
	200	https://equsto.com/en/shop/tezgah/7911-19070-48	1	https://equsto.com/en/shop/tezgah/7911-19070-48
	200	https://equsto.com/en/shop/tezgah/7911-12060-13	1	https://equsto.com/en/shop/tezgah/7911-12060-13
	200	https://equsto.com/en/shop/tezgah/7911-14060-13	1	https://equsto.com/en/shop/tezgah/7911-14060-13
	200	https://equsto.com/en/shop/tezgah/7911-16060-13	1	https://equsto.com/en/shop/tezgah/7911-16060-13
	200	https://equsto.com/en/shop/tezgah/7911-19060-13	1	https://equsto.com/en/shop/tezgah/7911-19060-13
	200	https://equsto.com/en/shop/tezgah/7911-12070-13	1	https://equsto.com/en/shop/tezgah/7911-12070-13
	200	https://equsto.com/en/shop/tezgah/7911-14070-13	1	https://equsto.com/en/shop/tezgah/7911-14070-13
	200	https://equsto.com/en/shop/tezgah/7911-16070-13	1	https://equsto.com/en/shop/tezgah/7911-16070-13
	200	https://equsto.com/en/shop/tezgah/7911-19070-13	1	https://equsto.com/en/shop/tezgah/7911-19070-13
	200	https://equsto.com/en/shop/tezgah/7911-12060-12	1	https://equsto.com/en/shop/tezgah/7911-12060-12
	200	https://equsto.com/en/shop/tezgah/7911-14060-12	1	https://equsto.com/en/shop/tezgah/7911-14060-12
	200	https://equsto.com/en/shop/tezgah/7911-16060-12	1	https://equsto.com/en/shop/tezgah/7911-16060-12
	200	https://equsto.com/en/shop/tezgah/7911-19060-12	1	https://equsto.com/en/shop/tezgah/7911-19060-12
	200	https://equsto.com/en/shop/tezgah/7911-12070-12	1	https://equsto.com/en/shop/tezgah/7911-12070-12
	200	https://equsto.com/en/shop/tezgah/7911-14070-12	1	https://equsto.com/en/shop/tezgah/7911-14070-12
	200	https://equsto.com/en/shop/tezgah/7911-16070-12	1	https://equsto.com/en/shop/tezgah/7911-16070-12
	200	https://equsto.com/en/shop/tezgah/7911-19070-12	1	https://equsto.com/en/shop/tezgah/7911-19070-12
	200	https://equsto.com/en/shop/tezgah/7911-12060-56	1	https://equsto.com/en/shop/tezgah/7911-12060-56
	200	https://equsto.com/en/shop/tezgah/7911-14060-56	1	https://equsto.com/en/shop/tezgah/7911-14060-56
	200	https://equsto.com/en/shop/tezgah/7911-16060-56	1	https://equsto.com/en/shop/tezgah/7911-16060-56
	200	https://equsto.com/en/shop/tezgah/7911-19060-56	1	https://equsto.com/en/shop/tezgah/7911-19060-56
	200	https://equsto.com/en/shop/tezgah/7911-12070-56	1	https://equsto.com/en/shop/tezgah/7911-12070-56
	200	https://equsto.com/en/shop/tezgah/7911-14070-56	1	https://equsto.com/en/shop/tezgah/7911-14070-56
	200	https://equsto.com/en/shop/tezgah/7911-16070-56	1	https://equsto.com/en/shop/tezgah/7911-16070-56
	200	https://equsto.com/en/shop/tezgah/7911-19070-56	1	https://equsto.com/en/shop/tezgah/7911-19070-56
	200	https://equsto.com/en/shop/tezgah/7911-12060-52	1	https://equsto.com/en/shop/tezgah/7911-12060-52
	200	https://equsto.com/en/shop/tezgah/7911-14060-52	1	https://equsto.com/en/shop/tezgah/7911-14060-52
	200	https://equsto.com/en/shop/tezgah/7911-16060-52	1	https://equsto.com/en/shop/tezgah/7911-16060-52
	200	https://equsto.com/en/shop/tezgah/7911-19060-52	1	https://equsto.com/en/shop/tezgah/7911-19060-52
	200	https://equsto.com/en/shop/tezgah/7911-12070-52	1	https://equsto.com/en/shop/tezgah/7911-12070-52
	200	https://equsto.com/en/shop/tezgah/7911-14070-52	1	https://equsto.com/en/shop/tezgah/7911-14070-52
	200	https://equsto.com/en/shop/tezgah/7911-16070-52	1	https://equsto.com/en/shop/tezgah/7911-16070-52
	200	https://equsto.com/en/shop/tezgah/7911-19070-52	1	https://equsto.com/en/shop/tezgah/7911-19070-52
	200	https://equsto.com/en/shop/tezgah/7911-12060-15	1	https://equsto.com/en/shop/tezgah/7911-12060-15
	200	https://equsto.com/en/shop/tezgah/7911-14060-15	1	https://equsto.com/en/shop/tezgah/7911-14060-15
	200	https://equsto.com/en/shop/tezgah/7911-16060-15	1	https://equsto.com/en/shop/tezgah/7911-16060-15
	200	https://equsto.com/en/shop/tezgah/7911-19060-15	1	https://equsto.com/en/shop/tezgah/7911-19060-15
	200	https://equsto.com/en/shop/tezgah/7911-12070-15	1	https://equsto.com/en/shop/tezgah/7911-12070-15
	200	https://equsto.com/en/shop/tezgah/7911-14070-15	1	https://equsto.com/en/shop/tezgah/7911-14070-15
	200	https://equsto.com/en/shop/tezgah/7911-16070-15	1	https://equsto.com/en/shop/tezgah/7911-16070-15
	200	https://equsto.com/en/shop/tezgah/7911-19070-15	1	https://equsto.com/en/shop/tezgah/7911-19070-15
	200	https://equsto.com/en/shop/tezgah/7911-12060-35	1	https://equsto.com/en/shop/tezgah/7911-12060-35
	200	https://equsto.com/en/shop/tezgah/7911-14060-35	1	https://equsto.com/en/shop/tezgah/7911-14060-35
	200	https://equsto.com/en/shop/tezgah/7911-16060-35	1	https://equsto.com/en/shop/tezgah/7911-16060-35
	200	https://equsto.com/en/shop/tezgah/7911-19060-35	1	https://equsto.com/en/shop/tezgah/7911-19060-35
	200	https://equsto.com/en/shop/tezgah/7911-12070-35	1	https://equsto.com/en/shop/tezgah/7911-12070-35
	200	https://equsto.com/en/shop/tezgah/7911-14070-35	1	https://equsto.com/en/shop/tezgah/7911-14070-35
	200	https://equsto.com/en/shop/tezgah/7911-16070-35	1	https://equsto.com/en/shop/tezgah/7911-16070-35
	200	https://equsto.com/en/shop/tezgah/7911-19070-35	1	https://equsto.com/en/shop/tezgah/7911-19070-35
	200	https://equsto.com/en/shop/tezgah/7911-12060-14	1	https://equsto.com/en/shop/tezgah/7911-12060-14
	200	https://equsto.com/en/shop/tezgah/7911-14060-14	1	https://equsto.com/en/shop/tezgah/7911-14060-14
	200	https://equsto.com/en/shop/tezgah/7911-16060-14	1	https://equsto.com/en/shop/tezgah/7911-16060-14
	200	https://equsto.com/en/shop/tezgah/7911-19060-14	1	https://equsto.com/en/shop/tezgah/7911-19060-14
	200	https://equsto.com/en/shop/tezgah/7911-12070-14	1	https://equsto.com/en/shop/tezgah/7911-12070-14
	200	https://equsto.com/en/shop/tezgah/7911-14070-14	1	https://equsto.com/en/shop/tezgah/7911-14070-14
	200	https://equsto.com/en/shop/tezgah/7911-16070-14	1	https://equsto.com/en/shop/tezgah/7911-16070-14
	200	https://equsto.com/en/shop/tezgah/7911-19070-14	1	https://equsto.com/en/shop/tezgah/7911-19070-14
	200	https://equsto.com/en/shop/tezgah/7911-12070-30	1	https://equsto.com/en/shop/tezgah/7911-12070-30
	200	https://equsto.com/en/shop/tezgah/7911-14070-30	1	https://equsto.com/en/shop/tezgah/7911-14070-30
	200	https://equsto.com/en/shop/tezgah/7911-16070-30	1	https://equsto.com/en/shop/tezgah/7911-16070-30
	200	https://equsto.com/en/shop/tezgah/7911-19070-30	1	https://equsto.com/en/shop/tezgah/7911-19070-30
	200	https://equsto.com/en/shop/tezgah/7911-12080-30	1	https://equsto.com/en/shop/tezgah/7911-12080-30
	200	https://equsto.com/en/shop/tezgah/7911-14080-30	1	https://equsto.com/en/shop/tezgah/7911-14080-30
	200	https://equsto.com/en/shop/tezgah/7911-16080-30	1	https://equsto.com/en/shop/tezgah/7911-16080-30
	200	https://equsto.com/en/shop/tezgah/7911-19080-30	1	https://equsto.com/en/shop/tezgah/7911-19080-30
	200	https://equsto.com/en/shop/tezgah/7911-12070-22	1	https://equsto.com/en/shop/tezgah/7911-12070-22
	200	https://equsto.com/en/shop/tezgah/7911-14070-22	1	https://equsto.com/en/shop/tezgah/7911-14070-22
	200	https://equsto.com/en/shop/tezgah/7911-16070-22	1	https://equsto.com/en/shop/tezgah/7911-16070-22
	200	https://equsto.com/en/shop/tezgah/7911-19070-22	1	https://equsto.com/en/shop/tezgah/7911-19070-22
	200	https://equsto.com/en/shop/tezgah/7911-12080-22	1	https://equsto.com/en/shop/tezgah/7911-12080-22
	200	https://equsto.com/en/shop/tezgah/7911-14080-22	1	https://equsto.com/en/shop/tezgah/7911-14080-22
	200	https://equsto.com/en/shop/tezgah/7911-16080-22	1	https://equsto.com/en/shop/tezgah/7911-16080-22
	200	https://equsto.com/en/shop/tezgah/7911-19080-22	1	https://equsto.com/en/shop/tezgah/7911-19080-22
	200	https://equsto.com/en/shop/tezgah/7911-12070-30m	1	https://equsto.com/en/shop/tezgah/7911-12070-30m
	200	https://equsto.com/en/shop/tezgah/7911-14070-30m	1	https://equsto.com/en/shop/tezgah/7911-14070-30m
	200	https://equsto.com/en/shop/tezgah/7911-16070-30m	1	https://equsto.com/en/shop/tezgah/7911-16070-30m
	200	https://equsto.com/en/shop/tezgah/7911-19070-30m	1	https://equsto.com/en/shop/tezgah/7911-19070-30m
	200	https://equsto.com/en/shop/tezgah/7911-12080-30m	1	https://equsto.com/en/shop/tezgah/7911-12080-30m
	200	https://equsto.com/en/shop/tezgah/7911-14080-30m	1	https://equsto.com/en/shop/tezgah/7911-14080-30m
	200	https://equsto.com/en/shop/tezgah/7911-16080-30m	1	https://equsto.com/en/shop/tezgah/7911-16080-30m
	200	https://equsto.com/en/shop/tezgah/7911-19080-30m	1	https://equsto.com/en/shop/tezgah/7911-19080-30m
	200	https://equsto.com/en/shop/tezgah/7911-12070-22m	1	https://equsto.com/en/shop/tezgah/7911-12070-22m
	200	https://equsto.com/en/shop/tezgah/7911-14070-22m	1	https://equsto.com/en/shop/tezgah/7911-14070-22m
	200	https://equsto.com/en/shop/tezgah/7911-16070-22m	1	https://equsto.com/en/shop/tezgah/7911-16070-22m
	200	https://equsto.com/en/shop/tezgah/7911-19070-22m	1	https://equsto.com/en/shop/tezgah/7911-19070-22m
	200	https://equsto.com/en/shop/tezgah/7911-12080-22m	1	https://equsto.com/en/shop/tezgah/7911-12080-22m
	200	https://equsto.com/en/shop/tezgah/7911-14080-22m	1	https://equsto.com/en/shop/tezgah/7911-14080-22m
	200	https://equsto.com/en/shop/tezgah/7911-16080-22m	1	https://equsto.com/en/shop/tezgah/7911-16080-22m
	200	https://equsto.com/en/shop/tezgah/7911-19080-22m	1	https://equsto.com/en/shop/tezgah/7911-19080-22m
	200	https://equsto.com/en/shop/tezgah/7911-05050-90	1	https://equsto.com/en/shop/tezgah/7911-05050-90
	200	https://equsto.com/en/shop/tezgah/7911-06060-90	1	https://equsto.com/en/shop/tezgah/7911-06060-90
	200	https://equsto.com/en/shop/tezgah/7911-06070-90	1	https://equsto.com/en/shop/tezgah/7911-06070-90
	200	https://equsto.com/en/shop/tezgah/7911-07070-90	1	https://equsto.com/en/shop/tezgah/7911-07070-90
	200	https://equsto.com/en/shop/tezgah/7911-05050-91	1	https://equsto.com/en/shop/tezgah/7911-05050-91
	200	https://equsto.com/en/shop/tezgah/7911-06060-91	1	https://equsto.com/en/shop/tezgah/7911-06060-91
	200	https://equsto.com/en/shop/tezgah/7911-06070-91	1	https://equsto.com/en/shop/tezgah/7911-06070-91
	200	https://equsto.com/en/shop/tezgah/7911-07070-91	1	https://equsto.com/en/shop/tezgah/7911-07070-91
	200	https://equsto.com/en/shop/tezgah/7911-12060-09	1	https://equsto.com/en/shop/tezgah/7911-12060-09
	200	https://equsto.com/en/shop/tezgah/7911-14060-09	1	https://equsto.com/en/shop/tezgah/7911-14060-09
	200	https://equsto.com/en/shop/tezgah/7911-16060-09	1	https://equsto.com/en/shop/tezgah/7911-16060-09
	200	https://equsto.com/en/shop/tezgah/7911-19060-09	1	https://equsto.com/en/shop/tezgah/7911-19060-09
	200	https://equsto.com/en/shop/tezgah/7911-12070-09	1	https://equsto.com/en/shop/tezgah/7911-12070-09
	200	https://equsto.com/en/shop/tezgah/7911-14070-09	1	https://equsto.com/en/shop/tezgah/7911-14070-09
	200	https://equsto.com/en/shop/tezgah/7911-16070-09	1	https://equsto.com/en/shop/tezgah/7911-16070-09
	200	https://equsto.com/en/shop/tezgah/7911-19070-09	1	https://equsto.com/en/shop/tezgah/7911-19070-09
	200	https://equsto.com/en/shop/tezgah/7911-12060-21a	1	https://equsto.com/en/shop/tezgah/7911-12060-21a
	200	https://equsto.com/en/shop/tezgah/7911-14060-21a	1	https://equsto.com/en/shop/tezgah/7911-14060-21a
	200	https://equsto.com/en/shop/tezgah/7911-16060-21a	1	https://equsto.com/en/shop/tezgah/7911-16060-21a
	200	https://equsto.com/en/shop/tezgah/7911-19060-21a	1	https://equsto.com/en/shop/tezgah/7911-19060-21a
	200	https://equsto.com/en/shop/tezgah/7911-12070-21a	1	https://equsto.com/en/shop/tezgah/7911-12070-21a
	200	https://equsto.com/en/shop/tezgah/7911-14070-21a	1	https://equsto.com/en/shop/tezgah/7911-14070-21a
	200	https://equsto.com/en/shop/tezgah/7911-16070-21a	1	https://equsto.com/en/shop/tezgah/7911-16070-21a
	200	https://equsto.com/en/shop/tezgah/7911-19070-21a	1	https://equsto.com/en/shop/tezgah/7911-19070-21a
	200	https://equsto.com/en/shop/tezgah/7911-12060-04a	1	https://equsto.com/en/shop/tezgah/7911-12060-04a
	200	https://equsto.com/en/shop/tezgah/7911-14060-04a	1	https://equsto.com/en/shop/tezgah/7911-14060-04a
	200	https://equsto.com/en/shop/tezgah/7911-16060-04a	1	https://equsto.com/en/shop/tezgah/7911-16060-04a
	200	https://equsto.com/en/shop/tezgah/7911-19060-04a	1	https://equsto.com/en/shop/tezgah/7911-19060-04a
	200	https://equsto.com/en/shop/tezgah/7911-12070-04a	1	https://equsto.com/en/shop/tezgah/7911-12070-04a
	200	https://equsto.com/en/shop/tezgah/7911-14070-04a	1	https://equsto.com/en/shop/tezgah/7911-14070-04a
	200	https://equsto.com/en/shop/tezgah/7911-16070-04a	1	https://equsto.com/en/shop/tezgah/7911-16070-04a
	200	https://equsto.com/en/shop/tezgah/7911-19070-04a	1	https://equsto.com/en/shop/tezgah/7911-19070-04a
	200	https://equsto.com/en/shop/tezgah/7911-12060-23p	1	https://equsto.com/en/shop/tezgah/7911-12060-23p
	200	https://equsto.com/en/shop/tezgah/7911-14060-23p	1	https://equsto.com/en/shop/tezgah/7911-14060-23p
	200	https://equsto.com/en/shop/tezgah/7911-16060-23p	1	https://equsto.com/en/shop/tezgah/7911-16060-23p
	200	https://equsto.com/en/shop/tezgah/7911-19060-23p	1	https://equsto.com/en/shop/tezgah/7911-19060-23p
	200	https://equsto.com/en/shop/tezgah/7911-12070-23p	1	https://equsto.com/en/shop/tezgah/7911-12070-23p
	200	https://equsto.com/en/shop/tezgah/7911-14070-23p	1	https://equsto.com/en/shop/tezgah/7911-14070-23p
	200	https://equsto.com/en/shop/tezgah/7911-16070-23p	1	https://equsto.com/en/shop/tezgah/7911-16070-23p
	200	https://equsto.com/en/shop/tezgah/7911-19070-23p	1	https://equsto.com/en/shop/tezgah/7911-19070-23p
	200	https://equsto.com/en/shop/tezgah/7911-12060-31p	1	https://equsto.com/en/shop/tezgah/7911-12060-31p
	200	https://equsto.com/en/shop/tezgah/7911-14060-31p	1	https://equsto.com/en/shop/tezgah/7911-14060-31p
	200	https://equsto.com/en/shop/tezgah/7911-16060-31p	1	https://equsto.com/en/shop/tezgah/7911-16060-31p
	200	https://equsto.com/en/shop/tezgah/7911-19060-31p	1	https://equsto.com/en/shop/tezgah/7911-19060-31p
	200	https://equsto.com/en/shop/tezgah/7911-12070-31p	1	https://equsto.com/en/shop/tezgah/7911-12070-31p
	200	https://equsto.com/en/shop/tezgah/7911-14070-31p	1	https://equsto.com/en/shop/tezgah/7911-14070-31p
	200	https://equsto.com/en/shop/tezgah/7911-16070-31p	1	https://equsto.com/en/shop/tezgah/7911-16070-31p
	200	https://equsto.com/en/shop/tezgah/7911-19070-31p	1	https://equsto.com/en/shop/tezgah/7911-19070-31p
	200	https://equsto.com/en/shop/tezgah/7911-12060-23	1	https://equsto.com/en/shop/tezgah/7911-12060-23
	200	https://equsto.com/en/shop/tezgah/7911-14060-23	1	https://equsto.com/en/shop/tezgah/7911-14060-23
	200	https://equsto.com/en/shop/tezgah/7911-16060-23	1	https://equsto.com/en/shop/tezgah/7911-16060-23
	200	https://equsto.com/en/shop/tezgah/7911-19060-23	1	https://equsto.com/en/shop/tezgah/7911-19060-23
	200	https://equsto.com/en/shop/tezgah/7911-12070-23	1	https://equsto.com/en/shop/tezgah/7911-12070-23
	200	https://equsto.com/en/shop/tezgah/7911-14070-23	1	https://equsto.com/en/shop/tezgah/7911-14070-23
	200	https://equsto.com/en/shop/tezgah/7911-16070-23	1	https://equsto.com/en/shop/tezgah/7911-16070-23
	200	https://equsto.com/en/shop/tezgah/7911-19070-23	1	https://equsto.com/en/shop/tezgah/7911-19070-23
	200	https://equsto.com/en/shop/tezgah/7911-12060-31	1	https://equsto.com/en/shop/tezgah/7911-12060-31
	200	https://equsto.com/en/shop/tezgah/7911-14060-31	1	https://equsto.com/en/shop/tezgah/7911-14060-31
	200	https://equsto.com/en/shop/tezgah/7911-16060-31	1	https://equsto.com/en/shop/tezgah/7911-16060-31
	200	https://equsto.com/en/shop/tezgah/7911-19060-31	1	https://equsto.com/en/shop/tezgah/7911-19060-31
	200	https://equsto.com/en/shop/tezgah/7911-12070-31	1	https://equsto.com/en/shop/tezgah/7911-12070-31
	200	https://equsto.com/en/shop/tezgah/7911-14070-31	1	https://equsto.com/en/shop/tezgah/7911-14070-31
	200	https://equsto.com/en/shop/tezgah/7911-16070-31	1	https://equsto.com/en/shop/tezgah/7911-16070-31
	200	https://equsto.com/en/shop/tezgah/7911-19070-31	1	https://equsto.com/en/shop/tezgah/7911-19070-31
	200	https://equsto.com/en/shop/tezgah/7712-12090-01	1	https://equsto.com/en/shop/tezgah/7712-12090-01
	200	https://equsto.com/en/shop/tezgah/7712-14090-01	1	https://equsto.com/en/shop/tezgah/7712-14090-01
	200	https://equsto.com/en/shop/tezgah/7712-16090-01	1	https://equsto.com/en/shop/tezgah/7712-16090-01
	200	https://equsto.com/en/shop/tezgah/7712-19090-01	1	https://equsto.com/en/shop/tezgah/7712-19090-01
	200	https://equsto.com/en/shop/tezgah/7712-12011-01	1	https://equsto.com/en/shop/tezgah/7712-12011-01
	200	https://equsto.com/en/shop/tezgah/7712-14011-01	1	https://equsto.com/en/shop/tezgah/7712-14011-01
	200	https://equsto.com/en/shop/tezgah/7712-16011-01	1	https://equsto.com/en/shop/tezgah/7712-16011-01
	200	https://equsto.com/en/shop/tezgah/7712-19011-01	1	https://equsto.com/en/shop/tezgah/7712-19011-01
	200	https://equsto.com/en/shop/tezgah/7712-12060-03	1	https://equsto.com/en/shop/tezgah/7712-12060-03
	200	https://equsto.com/en/shop/tezgah/7712-14060-03	1	https://equsto.com/en/shop/tezgah/7712-14060-03
	200	https://equsto.com/en/shop/tezgah/7712-16060-03	1	https://equsto.com/en/shop/tezgah/7712-16060-03
	200	https://equsto.com/en/shop/tezgah/7712-19060-03	1	https://equsto.com/en/shop/tezgah/7712-19060-03
	200	https://equsto.com/en/shop/tezgah/7712-12070-03	1	https://equsto.com/en/shop/tezgah/7712-12070-03
	200	https://equsto.com/en/shop/tezgah/7712-14070-03	1	https://equsto.com/en/shop/tezgah/7712-14070-03
	200	https://equsto.com/en/shop/tezgah/7712-16070-03	1	https://equsto.com/en/shop/tezgah/7712-16070-03
	200	https://equsto.com/en/shop/tezgah/7712-19070-03	1	https://equsto.com/en/shop/tezgah/7712-19070-03
	200	https://equsto.com/en/shop/tezgah/7876-12060-00	1	https://equsto.com/en/shop/tezgah/7876-12060-00
	200	https://equsto.com/en/shop/tezgah/7876-14060-00	1	https://equsto.com/en/shop/tezgah/7876-14060-00
	200	https://equsto.com/en/shop/tezgah/7876-16060-00	1	https://equsto.com/en/shop/tezgah/7876-16060-00
	200	https://equsto.com/en/shop/tezgah/7876-19060-00	1	https://equsto.com/en/shop/tezgah/7876-19060-00
	200	https://equsto.com/en/shop/tezgah/7876-12070-00	1	https://equsto.com/en/shop/tezgah/7876-12070-00
	200	https://equsto.com/en/shop/tezgah/7876-14070-00	1	https://equsto.com/en/shop/tezgah/7876-14070-00
	200	https://equsto.com/en/shop/tezgah/7876-16070-00	1	https://equsto.com/en/shop/tezgah/7876-16070-00
	200	https://equsto.com/en/shop/tezgah/7876-19070-00	1	https://equsto.com/en/shop/tezgah/7876-19070-00
	200	https://equsto.com/en/shop/tezgah/7910-10040-00	1	https://equsto.com/en/shop/tezgah/7910-10040-00
	200	https://equsto.com/en/shop/tezgah/7910-12040-00	1	https://equsto.com/en/shop/tezgah/7910-12040-00
	200	https://equsto.com/en/shop/tezgah/7910-14040-00	1	https://equsto.com/en/shop/tezgah/7910-14040-00
	200	https://equsto.com/en/shop/tezgah/7910-16040-00	1	https://equsto.com/en/shop/tezgah/7910-16040-00
	200	https://equsto.com/en/shop/tezgah/7910-19040-00	1	https://equsto.com/en/shop/tezgah/7910-19040-00
	200	https://equsto.com/en/shop/tezgah/7910-10040-01	1	https://equsto.com/en/shop/tezgah/7910-10040-01
	200	https://equsto.com/en/shop/tezgah/7910-12040-01	1	https://equsto.com/en/shop/tezgah/7910-12040-01
	200	https://equsto.com/en/shop/tezgah/7910-14040-01	1	https://equsto.com/en/shop/tezgah/7910-14040-01
	200	https://equsto.com/en/shop/tezgah/7910-16040-01	1	https://equsto.com/en/shop/tezgah/7910-16040-01
	200	https://equsto.com/en/shop/tezgah/7910-19040-01	1	https://equsto.com/en/shop/tezgah/7910-19040-01
	200	https://equsto.com/en/shop/tezgah/7868-12608-23	1	https://equsto.com/en/shop/tezgah/7868-12608-23
	200	https://equsto.com/en/shop/tezgah/7868-14608-23	1	https://equsto.com/en/shop/tezgah/7868-14608-23
	200	https://equsto.com/en/shop/tezgah/7868-16608-23	1	https://equsto.com/en/shop/tezgah/7868-16608-23
	200	https://equsto.com/en/shop/tezgah/7868-19608-23	1	https://equsto.com/en/shop/tezgah/7868-19608-23
	200	https://equsto.com/en/shop/tezgah/7868-12708-23	1	https://equsto.com/en/shop/tezgah/7868-12708-23
	200	https://equsto.com/en/shop/tezgah/7868-14708-23	1	https://equsto.com/en/shop/tezgah/7868-14708-23
	200	https://equsto.com/en/shop/tezgah/7868-16708-23	1	https://equsto.com/en/shop/tezgah/7868-16708-23
	200	https://equsto.com/en/shop/tezgah/7868-19708-23	1	https://equsto.com/en/shop/tezgah/7868-19708-23
	200	https://equsto.com/en/shop/tezgah/7897-10030-30	1	https://equsto.com/en/shop/tezgah/7897-10030-30
	200	https://equsto.com/en/shop/tezgah/7897-12030-30	1	https://equsto.com/en/shop/tezgah/7897-12030-30
	200	https://equsto.com/en/shop/tezgah/7897-14030-30	1	https://equsto.com/en/shop/tezgah/7897-14030-30
	200	https://equsto.com/en/shop/tezgah/7897-16030-30	1	https://equsto.com/en/shop/tezgah/7897-16030-30
	200	https://equsto.com/en/shop/tezgah/7897-19030-30	1	https://equsto.com/en/shop/tezgah/7897-19030-30
	200	https://equsto.com/en/shop/tezgah/7897-10030-31	1	https://equsto.com/en/shop/tezgah/7897-10030-31
	200	https://equsto.com/en/shop/tezgah/7897-12030-31	1	https://equsto.com/en/shop/tezgah/7897-12030-31
	200	https://equsto.com/en/shop/tezgah/7897-14030-31	1	https://equsto.com/en/shop/tezgah/7897-14030-31
	200	https://equsto.com/en/shop/tezgah/7897-16030-31	1	https://equsto.com/en/shop/tezgah/7897-16030-31
	200	https://equsto.com/en/shop/tezgah/7897-19030-31	1	https://equsto.com/en/shop/tezgah/7897-19030-31
	200	https://equsto.com/en/shop/tezgah/7897-12030-03	1	https://equsto.com/en/shop/tezgah/7897-12030-03
	200	https://equsto.com/en/shop/tezgah/7897-14030-03	1	https://equsto.com/en/shop/tezgah/7897-14030-03
	200	https://equsto.com/en/shop/tezgah/7897-15030-03	1	https://equsto.com/en/shop/tezgah/7897-15030-03
	200	https://equsto.com/en/shop/tezgah/7897-16030-03	1	https://equsto.com/en/shop/tezgah/7897-16030-03
	200	https://equsto.com/en/shop/tezgah/7897-19030-03	1	https://equsto.com/en/shop/tezgah/7897-19030-03
	200	https://equsto.com/en/shop/tezgah/7897-12030-04	1	https://equsto.com/en/shop/tezgah/7897-12030-04
	200	https://equsto.com/en/shop/tezgah/7897-14030-04	1	https://equsto.com/en/shop/tezgah/7897-14030-04
	200	https://equsto.com/en/shop/tezgah/7897-15030-04	1	https://equsto.com/en/shop/tezgah/7897-15030-04
	200	https://equsto.com/en/shop/tezgah/7897-16030-04	1	https://equsto.com/en/shop/tezgah/7897-16030-04
	200	https://equsto.com/en/shop/tezgah/7897-19030-04	1	https://equsto.com/en/shop/tezgah/7897-19030-04
	200	https://equsto.com/en/shop/tezgah/7897-12030-08	1	https://equsto.com/en/shop/tezgah/7897-12030-08
	200	https://equsto.com/en/shop/tezgah/7897-14030-08	1	https://equsto.com/en/shop/tezgah/7897-14030-08
	200	https://equsto.com/en/shop/tezgah/7897-15030-08	1	https://equsto.com/en/shop/tezgah/7897-15030-08
	200	https://equsto.com/en/shop/tezgah/7897-16030-08	1	https://equsto.com/en/shop/tezgah/7897-16030-08
	200	https://equsto.com/en/shop/tezgah/7897-19030-08	1	https://equsto.com/en/shop/tezgah/7897-19030-08
	200	https://equsto.com/en/shop/tezgah/7897-12030-07	1	https://equsto.com/en/shop/tezgah/7897-12030-07
	200	https://equsto.com/en/shop/tezgah/7897-14030-07	1	https://equsto.com/en/shop/tezgah/7897-14030-07
	200	https://equsto.com/en/shop/tezgah/7897-15030-07	1	https://equsto.com/en/shop/tezgah/7897-15030-07
	200	https://equsto.com/en/shop/tezgah/7897-16030-07	1	https://equsto.com/en/shop/tezgah/7897-16030-07
	200	https://equsto.com/en/shop/tezgah/7897-19030-07	1	https://equsto.com/en/shop/tezgah/7897-19030-07
	200	https://equsto.com/en/shop/tezgah/7897-12030-02	1	https://equsto.com/en/shop/tezgah/7897-12030-02
	200	https://equsto.com/en/shop/tezgah/7897-14030-02	1	https://equsto.com/en/shop/tezgah/7897-14030-02
	200	https://equsto.com/en/shop/tezgah/7897-15030-02	1	https://equsto.com/en/shop/tezgah/7897-15030-02
	200	https://equsto.com/en/shop/tezgah/7897-16030-02	1	https://equsto.com/en/shop/tezgah/7897-16030-02
	200	https://equsto.com/en/shop/tezgah/7897-19030-02	1	https://equsto.com/en/shop/tezgah/7897-19030-02
	200	https://equsto.com/en/shop/tezgah/9868-rtr12-0l	1	https://equsto.com/en/shop/tezgah/9868-rtr12-0l
	200	https://equsto.com/en/shop/tezgah/9868-rtr16-0l	1	https://equsto.com/en/shop/tezgah/9868-rtr16-0l
