urun_adi,sku,oztiryakiler_url,ozti_main_category,equsto_dept,ozti_categories,page_url,eslesme_durumu,equsto_fiyat_tl,equsto_urun_kodu,equsto_url,equsto_aciklama
Hamur Yoğurma Makinesi (30 Kg),0820.00030.11-tr,https://oztiryakiler.com.tr/urun/hamur-yogurma-makinesi-30-kg-0820-00030-11/,hamur-yogurma-makineleri-hamur-isleme-makineleri-hazirlik-makineleri,hazirlik,hamur-isleme-makineleri-hazirlik-makineleri | hamur-yogurma-makineleri-hamur-isleme-makineleri-hazirlik-makineleri | hazirlik-makineleri-tr,https://oztiryakiler.com.tr/urunler/hazirlik-makineleri-tr/hamur-isleme-makineleri-hazirlik-makineleri/hamur-yogurma-makineleri-hamur-isleme-makineleri-hazirlik-makineleri/,Bulundu,282844,0820.00030.11,,HAMUR YOĞURMA MAKINASI 30 KG MEKANİK KONTROL PANELLİ
Hamur Yoğurma Makinesi (50 Kg),0820.00050.11-tr,https://oztiryakiler.com.tr/urun/hamur-yogurma-makinesi-50-kg-0820-00050-11/,hamur-yogurma-makineleri-hamur-isleme-makineleri-hazirlik-makineleri,hazirlik,hamur-isleme-makineleri-hazirlik-makineleri | hamur-yogurma-makineleri-hamur-isleme-makineleri-hazirlik-makineleri | hazirlik-makineleri-tr,https://oztiryakiler.com.tr/urunler/hazirlik-makineleri-tr/hamur-isleme-makineleri-hazirlik-makineleri/hamur-yogurma-makineleri-hamur-isleme-makineleri-hazirlik-makineleri/,Bulundu,308777,0820.00050.11,,HAMUR YOĞURMA MAKINASI 50 KG MEKANİK KONTROL PANELLİ
Daub Hamur Bölme Yuv. Makinası 30 Bol.25-85Gr,9823.DR230.00-tr,https://oztiryakiler.com.tr/urun/daub-hamur-bolme-yuv-makinasi-30-bol-25-85gr-9823-dr230-00/,hamur-bolme-ve-yuvarlama-makineleri,hazirlik,hamur-bolme-ve-yuvarlama-makineleri | hamur-isleme-makineleri-hazirlik-makineleri | hazirlik-makineleri-tr,https://oztiryakiler.com.tr/urunler/hazirlik-makineleri-tr/hamur-isleme-makineleri-hazirlik-makineleri/hamur-bolme-ve-yuvarlama-makineleri/,Bulundu,,9823.DR230.00,,DAUB HAMUR BOLME YUV. MAKINASI 30 BOHAMURACMAL.25-85GR
Daub Hamur Bölme Yuvarlama Mak.14Bol.130-250Gr,9823.DR414.00-tr,https://oztiryakiler.com.tr/urun/daub-hamur-bolme-yuvarlama-mak-14bol-130-250gr-9823-dr414-00/,hamur-bolme-ve-yuvarlama-makineleri,hazirlik,hamur-bolme-ve-yuvarlama-makineleri | hamur-isleme-makineleri-hazirlik-makineleri | hazirlik-makineleri-tr,https://oztiryakiler.com.tr/urunler/hazirlik-makineleri-tr/hamur-isleme-makineleri-hazirlik-makineleri/hamur-bolme-ve-yuvarlama-makineleri/,Bulundu,,9823.DR414.00,,DAUB HAMUR BOLME YUVARLAMA MAK.14BOL.130-250GR
Daub Hamur Bölme Yuvarlama Mak.30 Bol.30-100Gr,9823.DR330.00-tr,https://oztiryakiler.com.tr/urun/daub-hamur-bolme-yuvarlama-mak-30-bol-30-100gr-9823-dr330-00/,hamur-bolme-ve-yuvarlama-makineleri,hazirlik,hamur-bolme-ve-yuvarlama-makineleri | hamur-isleme-makineleri-hazirlik-makineleri | hazirlik-makineleri-tr,https://oztiryakiler.com.tr/urunler/hazirlik-makineleri-tr/hamur-isleme-makineleri-hazirlik-makineleri/hamur-bolme-ve-yuvarlama-makineleri/,Bulundu,,9823.DR330.00,,DAUB HAMUR BOLME YUVARLAMA MAK.30 BOL.30-100GR
Daub Hamur Bölme Yuvarlama Mak.30Bol.40-130Gr,9823.DR430.00-tr,https://oztiryakiler.com.tr/urun/daub-hamur-bolme-yuvarlama-mak-30bol-40-130gr-9823-dr430-00/,hamur-bolme-ve-yuvarlama-makineleri,hazirlik,hamur-bolme-ve-yuvarlama-makineleri | hamur-isleme-makineleri-hazirlik-makineleri | hazirlik-makineleri-tr,https://oztiryakiler.com.tr/urunler/hazirlik-makineleri-tr/hamur-isleme-makineleri-hazirlik-makineleri/hamur-bolme-ve-yuvarlama-makineleri/,Bulundu,,9823.DR430.00,,DAUB HAMUR BOLME YUVARLAMA MAK.30BOL.40-130GR
Daub Hamur Bölme Yuvarlama Mak.36 Bol.25-85Gr,9823.DR336.00-tr,https://oztiryakiler.com.tr/urun/daub-hamur-bolme-yuvarlama-mak-36-bol-25-85gr-9823-dr336-00/,hamur-bolme-ve-yuvarlama-makineleri,hazirlik,hamur-bolme-ve-yuvarlama-makineleri | hamur-isleme-makineleri-hazirlik-makineleri | hazirlik-makineleri-tr,https://oztiryakiler.com.tr/urunler/hazirlik-makineleri-tr/hamur-isleme-makineleri-hazirlik-makineleri/hamur-bolme-ve-yuvarlama-makineleri/,Bulundu,,9823.DR336.00,,DAUB HAMUR BOLME YUVARLAMA MAK.36 BOL.25-85GR
Daub Hamur Bölme Yuvarlama Mak.36Bol.30-110Gr,9823.DR436.00-tr,https://oztiryakiler.com.tr/urun/daub-hamur-bolme-yuvarlama-mak-36bol-30-110gr-9823-dr436-00/,hamur-bolme-ve-yuvarlama-makineleri,hazirlik,hamur-bolme-ve-yuvarlama-makineleri | hamur-isleme-makineleri-hazirlik-makineleri | hazirlik-makineleri-tr,https://oztiryakiler.com.tr/urunler/hazirlik-makineleri-tr/hamur-isleme-makineleri-hazirlik-makineleri/hamur-bolme-ve-yuvarlama-makineleri/,Bulundu,,9823.DR436.00,,DAUB HAMUR BOLME YUVARLAMA MAK.36BOL.30-110GR
Daub Hamur Bölme Yuvarlama Mak.52Bol.18-50Gr,9823.DR352.00-tr,https://oztiryakiler.com.tr/urun/daub-hamur-bolme-yuvarlama-mak-52bol-18-50gr-9823-dr352-00/,hamur-bolme-ve-yuvarlama-makineleri,hazirlik,hamur-bolme-ve-yuvarlama-makineleri | hamur-isleme-makineleri-hazirlik-makineleri | hazirlik-makineleri-tr,https://oztiryakiler.com.tr/urunler/hazirlik-makineleri-tr/hamur-isleme-makineleri-hazirlik-makineleri/hamur-bolme-ve-yuvarlama-makineleri/,Bulundu,,9823.DR352.00,,DAUB HAMUR BOLME YUVARLAMA MAK.52BOL.18-50GR
Hamur Açma Makinası,8823.0HA30.00-tr,https://oztiryakiler.com.tr/urun/hamur-acma-makinasi-8823-0ha30-00/,hamur-acma-makineleri-hamur-isleme-makineleri-hazirlik-makineleri,hazirlik,hamur-acma-makineleri-hamur-isleme-makineleri-hazirlik-makineleri | hamur-isleme-makineleri-hazirlik-makineleri | hazirlik-makineleri-tr,https://oztiryakiler.com.tr/urunler/hazirlik-makineleri-tr/hamur-isleme-makineleri-hazirlik-makineleri/hamur-acma-makineleri-hamur-isleme-makineleri-hazirlik-makineleri/,Bulundu,58184,8823.0HA30.00,,HAMUR ACMA MAKINASI HA30
Hamur Açma Makinası,8823.0HA40.00-tr,https://oztiryakiler.com.tr/urun/hamur-acma-makinasi-8823-0ha40-00/,hamur-acma-makineleri-hamur-isleme-makineleri-hazirlik-makineleri,hazirlik,hamur-acma-makineleri-hamur-isleme-makineleri-hazirlik-makineleri | hamur-isleme-makineleri-hazirlik-makineleri | hazirlik-makineleri-tr,https://oztiryakiler.com.tr/urunler/hazirlik-makineleri-tr/hamur-isleme-makineleri-hazirlik-makineleri/hamur-acma-makineleri-hamur-isleme-makineleri-hazirlik-makineleri/,Bulundu,66584,8823.0HA40.00,,HAMUR ACMA MAKINASI HA40
Hamur Açma Makinası,8823.0HA55.00-tr,https://oztiryakiler.com.tr/urun/hamur-acma-makinasi-8823-0ha55-00/,hamur-acma-makineleri-hamur-isleme-makineleri-hazirlik-makineleri,hazirlik,hamur-acma-makineleri-hamur-isleme-makineleri-hazirlik-makineleri | hamur-isleme-makineleri-hazirlik-makineleri | hazirlik-makineleri-tr,https://oztiryakiler.com.tr/urunler/hazirlik-makineleri-tr/hamur-isleme-makineleri-hazirlik-makineleri/hamur-acma-makineleri-hamur-isleme-makineleri-hazirlik-makineleri/,Bulundu,136903,8823.0HA55.00,,HAMUR ACMA MAKINASI HA55
Kanatlı Hamur Açma Makinesi,8823.DHM60.00-tr,https://oztiryakiler.com.tr/urun/kanatli-hamur-acma-makinesi-8823-dhm60-00/,hamur-acma-makineleri-hamur-isleme-makineleri-hazirlik-makineleri,hazirlik,hamur-acma-makineleri-hamur-isleme-makineleri-hazirlik-makineleri | hamur-isleme-makineleri-hazirlik-makineleri | hazirlik-makineleri-tr,https://oztiryakiler.com.tr/urunler/hazirlik-makineleri-tr/hamur-isleme-makineleri-hazirlik-makineleri/hamur-acma-makineleri-hamur-isleme-makineleri-hazirlik-makineleri/,Bulundu,302588,8823.DHM60.00,,KANATLI HAMUR ACMA MAKINASI DHM 60
Yufka Yedek Açma,8823.0HA60.00-tr,https://oztiryakiler.com.tr/urun/yufka-yedek-acma-8823-0ha60-00/,hamur-acma-makineleri-hamur-isleme-makineleri-hazirlik-makineleri,hazirlik,hamur-acma-makineleri-hamur-isleme-makineleri-hazirlik-makineleri | hamur-isleme-makineleri-hazirlik-makineleri | hazirlik-makineleri-tr,https://oztiryakiler.com.tr/urunler/hazirlik-makineleri-tr/hamur-isleme-makineleri-hazirlik-makineleri/hamur-acma-makineleri-hamur-isleme-makineleri-hazirlik-makineleri/,Bulundu,152461,8823.0HA60.00,,YUFKA YEDEK ACMA 60 CM
Yufka Yedek Açma 3 Merdanelı,8823.0HA60.30-tr,https://oztiryakiler.com.tr/urun/yufka-yedek-acma-3-merdaneli-8823-0ha60-30/,hamur-acma-makineleri-hamur-isleme-makineleri-hazirlik-makineleri,hazirlik,hamur-acma-makineleri-hamur-isleme-makineleri-hazirlik-makineleri | hamur-isleme-makineleri-hazirlik-makineleri | hazirlik-makineleri-tr,https://oztiryakiler.com.tr/urunler/hazirlik-makineleri-tr/hamur-isleme-makineleri-hazirlik-makineleri/hamur-acma-makineleri-hamur-isleme-makineleri-hazirlik-makineleri/,Bulundu,196021,8823.0HA60.30,,YUFKA YEDEK ACMA 60 CM 3 MERDANELI
Yufka Yedek Açma Merdane Hız Kontrollü,8823.HHA55.M0-tr,https://oztiryakiler.com.tr/urun/yufka-yedek-acma-merdane-hiz-kontrollu-8823-hha55-m0/,hamur-acma-makineleri-hamur-isleme-makineleri-hazirlik-makineleri,hazirlik,hamur-acma-makineleri-hamur-isleme-makineleri-hazirlik-makineleri | hamur-isleme-makineleri-hazirlik-makineleri | hazirlik-makineleri-tr,https://oztiryakiler.com.tr/urunler/hazirlik-makineleri-tr/hamur-isleme-makineleri-hazirlik-makineleri/hamur-acma-makineleri-hamur-isleme-makineleri-hazirlik-makineleri/,Bulundu,158683,8823.HHA55.M0,,YUFKA YEDEK ACMA 55 CM MERDANE HIZ KONTROLLU
Yufka Yedek Açma Merdane Hız Kontrollü,8823.HHA60.M0-tr,https://oztiryakiler.com.tr/urun/yufka-yedek-acma-merdane-hiz-kontrollu-8823-hha60-m0/,hamur-acma-makineleri-hamur-isleme-makineleri-hazirlik-makineleri,hazirlik,hamur-acma-makineleri-hamur-isleme-makineleri-hazirlik-makineleri | hamur-isleme-makineleri-hazirlik-makineleri | hazirlik-makineleri-tr,https://oztiryakiler.com.tr/urunler/hazirlik-makineleri-tr/hamur-isleme-makineleri-hazirlik-makineleri/hamur-acma-makineleri-hamur-isleme-makineleri-hazirlik-makineleri/,Bulundu,174241,8823.HHA60.M0,,YUFKA YEDEK ACMA 60 CM MERDANE HIZ KONTROLLU
Planet Mikser (20 Lt),0810.00020.01-tr,https://oztiryakiler.com.tr/urun/planet-mikser-20-lt-0810-00020-01/,planet-mikserler,hazirlik,hazirlik-makineleri-tr | mikserler-hazirlik-makineleri | planet-mikserler,https://oztiryakiler.com.tr/urunler/hazirlik-makineleri-tr/mikserler-hazirlik-makineleri/planet-mikserler/,Bulundu,160127,0810.00020.01,,MIKSER 20 LT TRIFAZE CE MEKANIK KONTROL PANELLI
Planet Mikser (20 Lt),0810.00020.04-tr,https://oztiryakiler.com.tr/urun/planet-mikser-20-lt-0810-00020-04/,planet-mikserler,hazirlik,hazirlik-makineleri-tr | mikserler-hazirlik-makineleri | planet-mikserler,https://oztiryakiler.com.tr/urunler/hazirlik-makineleri-tr/mikserler-hazirlik-makineleri/planet-mikserler/,Bulundu,156006,0810.00020.04,,MIKSER 20 LT MONOFAZE CE MEKANIK KONTROL PANELI
Planet Mikser (40 Lt),0810.00040.01-tr,https://oztiryakiler.com.tr/urun/planet-mikser-40-lt-0810-00040-01/,planet-mikserler,hazirlik,hazirlik-makineleri-tr | mikserler-hazirlik-makineleri | planet-mikserler,https://oztiryakiler.com.tr/urunler/hazirlik-makineleri-tr/mikserler-hazirlik-makineleri/planet-mikserler/,Bulundu,210100,0810.00040.01,,MIKSER 40 LT TRIFAZE CE MEKANIK KONTROL PANELI
Planet Mikser (60 Lt),0810.00060.01-tr,https://oztiryakiler.com.tr/urun/planet-mikser-60-lt-0810-00060-01/,planet-mikserler,hazirlik,hazirlik-makineleri-tr | mikserler-hazirlik-makineleri | planet-mikserler,https://oztiryakiler.com.tr/urunler/hazirlik-makineleri-tr/mikserler-hazirlik-makineleri/planet-mikserler/,Bulundu,219017,0810.00060.01,,MIKSER 60 LT TRIFAZE CE MEKANIK KONTROL PANELI
Planet Mikser İnvertör Kontrollü Dkp (10 Lt ),0810.00010.15-tr,https://oztiryakiler.com.tr/urun/planet-mikser-invertor-kontrollu-dkp-10-lt-0810-00010-15/,planet-mikserler,hazirlik,hazirlik-makineleri-tr | mikserler-hazirlik-makineleri | planet-mikserler,https://oztiryakiler.com.tr/urunler/hazirlik-makineleri-tr/mikserler-hazirlik-makineleri/planet-mikserler/,Bulundu,103856,0810.00010.15,,MIKSER 10 LT MONOFAZE CE DKP
Planet Mikser Şanzıman Kontrollü ( 20 Lt ),0810.00020.03-tr,https://oztiryakiler.com.tr/urun/planet-mikser-sanziman-kontrollu-20-lt-0810-00020-03/,sanzimanli-mikserler,hazirlik,hazirlik-makineleri-tr | mikserler-hazirlik-makineleri | sanzimanli-mikserler,https://oztiryakiler.com.tr/urunler/hazirlik-makineleri-tr/mikserler-hazirlik-makineleri/sanzimanli-mikserler/,Bulundu,227089,0810.00020.03,,MIKSER 20 LT TRIFAZE CE SANZIMAN KONTROLLU
Planet Mikser Şanzıman Kontrollü (40 Lt),0810.00040.03-tr,https://oztiryakiler.com.tr/urun/planet-mikser-sanziman-kontrollu-40-lt-0810-00040-03/,sanzimanli-mikserler,hazirlik,hazirlik-makineleri-tr | mikserler-hazirlik-makineleri | sanzimanli-mikserler,https://oztiryakiler.com.tr/urunler/hazirlik-makineleri-tr/mikserler-hazirlik-makineleri/sanzimanli-mikserler/,Bulundu,266159,0810.00040.03,,MIKSER 40 LT TRIFAZE CE SANZIMAN KONTROLLU
Planet Mikser Şanzıman Kontrollü (60 Lt),0810.00060.03-tr,https://oztiryakiler.com.tr/urun/planet-mikser-sanziman-kontrollu-60-lt-0810-00060-03/,sanzimanli-mikserler,hazirlik,hazirlik-makineleri-tr | mikserler-hazirlik-makineleri | sanzimanli-mikserler,https://oztiryakiler.com.tr/urunler/hazirlik-makineleri-tr/mikserler-hazirlik-makineleri/sanzimanli-mikserler/,Bulundu,278774,0810.00060.03,,MIKSER 60 LT TRIFAZE CE SANZIMAN KONTROLLU
Robot Coupe Sebze Doğrama Makinasi Cl60 Bıçaksız Otomatik Kafalı,9840.CL60D.00-tr,https://oztiryakiler.com.tr/urun/robot-coupe-sebze-dograma-makinasi-cl60-bicaksiz-otomatik-kafali-9840-cl60d-00/,sebze-dograma,hazirlik,hazirlik-makineleri-tr | robot-coupe-urunleri | sebze-dograma,https://oztiryakiler.com.tr/urunler/hazirlik-makineleri-tr/robot-coupe-urunleri/sebze-dograma/,Bulundu,617560,9840.CL60D.00,,ROBOT COUPE SEBZE DOGRAMA MAKINASI CL60 BIÇAKSIZ OTOMATIK KAFALI
Robot Coupe Sebze Doğrama Makinası Cl50 Ultra Bıcaksız (24465),9840.CL50D.00-tr,https://oztiryakiler.com.tr/urun/robot-coupe-sebze-dograma-makinasi-cl50-ultra-bicaksiz-24465-9840-cl50d-00/,sebze-dograma,hazirlik,hazirlik-makineleri-tr | robot-coupe-urunleri | sebze-dograma,https://oztiryakiler.com.tr/urunler/hazirlik-makineleri-tr/robot-coupe-urunleri/sebze-dograma/,Bulundu,99418,9840.CL50D.00,,ROBOT COUPE SEBZE DOGRAMA MAKINASI CL50 BICAKSIZ
Robot Coupe Sebze Doğrama Makinası Cl52 Bıcaksız İtme Kafalı,9840.CL52D.00-tr,https://oztiryakiler.com.tr/urun/robot-coupe-sebze-dograma-makinasi-cl52-bicaksiz-itme-kafali-9840-cl52d-00/,sebze-dograma,hazirlik,hazirlik-makineleri-tr | robot-coupe-urunleri | sebze-dograma,https://oztiryakiler.com.tr/urunler/hazirlik-makineleri-tr/robot-coupe-urunleri/sebze-dograma/,Bulundu,168984,9840.CL52D.00,,ROBOT COUPE SEBZE DOGRAMA MAKINESI CL52 BICAKSIZ İTME KAFALI
Sebze Doğrama Makinesi,9840.CL55D.00-tr,https://oztiryakiler.com.tr/urun/sebze-dograma-makinesi-9840-cl55d-00/,sebze-dograma,hazirlik,hazirlik-makineleri-tr | robot-coupe-urunleri | sebze-dograma,https://oztiryakiler.com.tr/urunler/hazirlik-makineleri-tr/robot-coupe-urunleri/sebze-dograma/,Bulundu,300443,9840.CL55D.00,,ROBOT COUPE SEBZE DOGRAMA MAKINESI CL55 BICAKSIZ İTME KAFALI
Robot Coupe Sebze Doğrama Ve Parçalama Makinasi R211 XL,9840.R201E.00-tr,https://oztiryakiler.com.tr/urun/robot-coupe-sebze-dograma-ve-parcalama-makinasi-r211-xl-9840-r201e-00/,sebze-dograma-ve-parcalama,hazirlik,hazirlik-makineleri-tr | robot-coupe-urunleri | sebze-dograma-ve-parcalama,https://oztiryakiler.com.tr/urunler/hazirlik-makineleri-tr/robot-coupe-urunleri/sebze-dograma-ve-parcalama/,Bulundu,62327,9840.R201E.00,,ROBOT COUPE SEBZE DOĞRAMA VE PARÇALAMA MAKİNESİ R211 XL
Robot Coupe Sebze Doğrama Ve Parçalama Makinasi R301,9840.R301C.00-tr,https://oztiryakiler.com.tr/urun/robot-coupe-sebze-dograma-ve-parcalama-makinasi-r301-9840-r301c-00/,sebze-dograma-ve-parcalama,hazirlik,hazirlik-makineleri-tr | robot-coupe-urunleri | sebze-dograma-ve-parcalama,https://oztiryakiler.com.tr/urunler/hazirlik-makineleri-tr/robot-coupe-urunleri/sebze-dograma-ve-parcalama/,Bulundu,76811,9840.R301C.00,,ROBOT COUPE SEBZE DOĞRAMA VE PARÇALAMA MAKİNESİ R301
"Robot Coupe Mutfak Robotu R2, 2,5 Ltr",9860.000R2.00-tr,https://oztiryakiler.com.tr/urun/robot-coupe-mutfak-robotu-r2-25-ltr-9860-000r2-00/,sebze-parcalama,hazirlik,hazirlik-makineleri-tr | robot-coupe-urunleri | sebze-parcalama,https://oztiryakiler.com.tr/urunler/hazirlik-makineleri-tr/robot-coupe-urunleri/sebze-parcalama/,Bulundu,64304,9860.000R2.00,,"ROBOT COUPE MUTFAK ROBOTU R2, 2,5 LTR"
"Robot Coupe Mutfak Robotu R5, 5,5 Ltr",9860.000R5.00-tr,https://oztiryakiler.com.tr/urun/robot-coupe-mutfak-robotu-r5-55-ltr-9860-000r5-00/,sebze-parcalama,hazirlik,hazirlik-makineleri-tr | robot-coupe-urunleri | sebze-parcalama,https://oztiryakiler.com.tr/urunler/hazirlik-makineleri-tr/robot-coupe-urunleri/sebze-parcalama/,Bulundu,134092,9860.000R5.00,,"ROBOT COUPE MUTFAK ROBOTU R5, 5,5 LTR"
Robot Coupe El Blender Mini Mp 160 V.V.,9860.MP160.VV-tr,https://oztiryakiler.com.tr/urun/robot-coupe-el-blender-mini-mp-160-v-v-9860-mp160-vv/,el-mikserleri,hazirlik,el-mikserleri | hazirlik-makineleri-tr | robot-coupe-urunleri,https://oztiryakiler.com.tr/urunler/hazirlik-makineleri-tr/robot-coupe-urunleri/el-mikserleri/,Bulundu,16022,9860.MP160.VV,,ROBOT COUPE EL BLENDER MİNİ MP 160 V.V.
Robot Coupe El Blender Mini Mp 190 Combi,9860.MP190.C0-tr,https://oztiryakiler.com.tr/urun/robot-coupe-el-blender-mini-mp-190-combi-9860-mp190-c0/,el-mikserleri,hazirlik,el-mikserleri | hazirlik-makineleri-tr | robot-coupe-urunleri,https://oztiryakiler.com.tr/urunler/hazirlik-makineleri-tr/robot-coupe-urunleri/el-mikserleri/,Bulundu,29190,9860.MP190.C0,,ROBOT COUPE EL BLENDER MİNİ MP 190 COMBİ
Robot Coupe El Blender Mini Mp 190 V.V.,9860.MP190.VV-tr,https://oztiryakiler.com.tr/urun/robot-coupe-el-blender-mini-mp-190-v-v-9860-mp190-vv/,el-mikserleri,hazirlik,el-mikserleri | hazirlik-makineleri-tr | robot-coupe-urunleri,https://oztiryakiler.com.tr/urunler/hazirlik-makineleri-tr/robot-coupe-urunleri/el-mikserleri/,Bulundu,20190,9860.MP190.VV,,ROBOT COUPE EL BLENDER MİNİ MP 190 V.V.
Robot Coupe El Blender Mini Mp 240 V.V.,9860.MP240.VV-tr,https://oztiryakiler.com.tr/urun/robot-coupe-el-blender-mini-mp-240-v-v-9860-mp240-vv/,el-mikserleri,hazirlik,el-mikserleri | hazirlik-makineleri-tr | robot-coupe-urunleri,https://oztiryakiler.com.tr/urunler/hazirlik-makineleri-tr/robot-coupe-urunleri/el-mikserleri/,Bulundu,21946,9860.MP240.VV,,ROBOT COUPE EL BLENDER MİNİ MP 240 V.V.
Robot Coupe El Blenderı Mp350 Ultra 230/50/1,9810.MP350.U0-tr,https://oztiryakiler.com.tr/urun/robot-coupe-el-blenderi-mp350-ultra-230-50-1-9810-mp350-u0/,el-mikserleri,hazirlik,el-mikserleri | hazirlik-makineleri-tr | robot-coupe-urunleri,https://oztiryakiler.com.tr/urunler/hazirlik-makineleri-tr/robot-coupe-urunleri/el-mikserleri/,Bulundu,30947,9810.MP350.U0,,ROBOT COUPE EL BLENDERI  MP350 Ultra 230/50/1
Robot Coupe El Blenderı cmp250 Kombı,9860.MP250.C0-tr,https://oztiryakiler.com.tr/urun/robot-coupe-el-blenderi-cmp250-kombi-9860-mp250-c0/,el-mikserleri,hazirlik,el-mikserleri | hazirlik-makineleri-tr | robot-coupe-urunleri,https://oztiryakiler.com.tr/urunler/hazirlik-makineleri-tr/robot-coupe-urunleri/el-mikserleri/,Bulundu,38846,9860.MP250.C0,,ROBOT COUPE EL BLENDERI CMP250 KOMBI
Robot Coupe El Blenderı İki Kafalı Mp 450 Combi Ultra,9860.MP450.C0-tr,https://oztiryakiler.com.tr/urun/robot-coupe-el-blenderi-iki-kafali-mp-450-combi-ultra-9860-mp450-c0/,el-mikserleri,hazirlik,el-mikserleri | hazirlik-makineleri-tr | robot-coupe-urunleri,https://oztiryakiler.com.tr/urunler/hazirlik-makineleri-tr/robot-coupe-urunleri/el-mikserleri/,Bulundu,51792,9860.MP450.C0,,ROBOT COUPE EL BLENDERI IKI KAFALI MP 450 COMBİ ULTRA
Robot Coupe El Blenderı Mp350 Combı Ultra 230/50,9810.MP350.CU-tr,https://oztiryakiler.com.tr/urun/robot-coupe-el-blenderi-mp350-combi-ultra-230-50-9810-mp350-cu/,el-mikserleri,hazirlik,el-mikserleri | hazirlik-makineleri-tr | robot-coupe-urunleri,https://oztiryakiler.com.tr/urunler/hazirlik-makineleri-tr/robot-coupe-urunleri/el-mikserleri/,Bulundu,47843,9810.MP350.CU,,ROBOT COUPE EL BLENDERI MP350 COMBI Ultra 230/50
Robot Coupe El Blenderı Mp450 Ultra,9810.MP450.UL-tr,https://oztiryakiler.com.tr/urun/robot-coupe-el-blenderi-mp450-ultra-9810-mp450-ul/,el-mikserleri,hazirlik,el-mikserleri | hazirlik-makineleri-tr | robot-coupe-urunleri,https://oztiryakiler.com.tr/urunler/hazirlik-makineleri-tr/robot-coupe-urunleri/el-mikserleri/,Bulundu,34236,9810.MP450.UL,,ROBOT COUPE EL BLENDERI MP450 ULTRA
"Imperia Makarna Kesme Diski R 220 No.1 Capelli D’Angelo 1,5 mm",5I1X.00060.00-tr,https://oztiryakiler.com.tr/urun/imperia-makarna-kesme-diski-r-220-no-1-capelli-dangelo-15-mm-5i1x-00060-00/,makarna-kesme-makineleri,hazirlik,hamur-isleme-makineleri-hazirlik-makineleri | hazirlik-makineleri-tr | imperia-makarna-kesme-makinesi-aksesuarlari | makarna-kesme-makineleri,https://oztiryakiler.com.tr/urunler/hazirlik-makineleri-tr/hamur-isleme-makineleri-hazirlik-makineleri/makarna-kesme-makineleri/,Eşleşmedi,,,,
Imperia Makarna Kesme Diski R 220 No.2 Tagliatelle 2 mm,5I1X.00070.00-tr,https://oztiryakiler.com.tr/urun/imperia-makarna-kesme-diski-r-220-no-2-tagliatelle-2-mm-5i1x-00070-00/,makarna-kesme-makineleri,hazirlik,hamur-isleme-makineleri-hazirlik-makineleri | hazirlik-makineleri-tr | imperia-makarna-kesme-makinesi-aksesuarlari | makarna-kesme-makineleri,https://oztiryakiler.com.tr/urunler/hazirlik-makineleri-tr/hamur-isleme-makineleri-hazirlik-makineleri/makarna-kesme-makineleri/,Eşleşmedi,,,,
Imperia Makarna Kesme Diski R 220 No.3 Trenette 4 mm,5I1X.00080.00-tr,https://oztiryakiler.com.tr/urun/imperia-makarna-kesme-diski-r-220-no-3-trenette-4-mm-5i1x-00080-00/,makarna-kesme-makineleri,hazirlik,hamur-isleme-makineleri-hazirlik-makineleri | hazirlik-makineleri-tr | imperia-makarna-kesme-makinesi-aksesuarlari | makarna-kesme-makineleri,https://oztiryakiler.com.tr/urunler/hazirlik-makineleri-tr/hamur-isleme-makineleri-hazirlik-makineleri/makarna-kesme-makineleri/,Eşleşmedi,,,,
"Imperia Makarna Kesme Diski R 220 No.4 Fettuccine 6,5 mm",5I1X.00090.00-tr,https://oztiryakiler.com.tr/urun/imperia-makarna-kesme-diski-r-220-no-4-fettuccine-65-mm-5i1x-00090-00/,makarna-kesme-makineleri,hazirlik,hamur-isleme-makineleri-hazirlik-makineleri | hazirlik-makineleri-tr | imperia-makarna-kesme-makinesi-aksesuarlari | makarna-kesme-makineleri,https://oztiryakiler.com.tr/urunler/hazirlik-makineleri-tr/hamur-isleme-makineleri-hazirlik-makineleri/makarna-kesme-makineleri/,Eşleşmedi,,,,
Imperia Makarna Kesme Diski R 220 No.5 Lasagnette 12 mm,5I1X.00095.00-tr,https://oztiryakiler.com.tr/urun/imperia-makarna-kesme-diski-r-220-no-5-lasagnette-12-mm-5i1x-00095-00/,makarna-kesme-makineleri,hazirlik,hamur-isleme-makineleri-hazirlik-makineleri | hazirlik-makineleri-tr | imperia-makarna-kesme-makinesi-aksesuarlari | makarna-kesme-makineleri,https://oztiryakiler.com.tr/urunler/hazirlik-makineleri-tr/hamur-isleme-makineleri-hazirlik-makineleri/makarna-kesme-makineleri/,Eşleşmedi,,,,
Imperıa Makarna Kesme Makinası Manuel,9823.00100.00-tr,https://oztiryakiler.com.tr/urun/imperia-makarna-kesme-makinasi-manuel-9823-00100-00/,makarna-kesme-makineleri,hazirlik,hamur-isleme-makineleri-hazirlik-makineleri | hazirlik-makineleri-tr | makarna-kesme-makineleri,https://oztiryakiler.com.tr/urunler/hazirlik-makineleri-tr/hamur-isleme-makineleri-hazirlik-makineleri/makarna-kesme-makineleri/,Eşleşmedi,,,,
Imperıa Makarna Kesme Makinası Otomatik No 35,9823.00022.00-tr,https://oztiryakiler.com.tr/urun/imperia-makarna-kesme-makinasi-otomatik-no-35-9823-00022-00/,makarna-kesme-makineleri,hazirlik,hamur-isleme-makineleri-hazirlik-makineleri | hazirlik-makineleri-tr | makarna-kesme-makineleri,https://oztiryakiler.com.tr/urunler/hazirlik-makineleri-tr/hamur-isleme-makineleri-hazirlik-makineleri/makarna-kesme-makineleri/,Eşleşmedi,,,,
Patates Soyma Makinesi (10 Kg),0840.00010.11-tr,https://oztiryakiler.com.tr/urun/patates-soyma-makinesi-10-kg-0840-00010-11/,sebze-isleme-makineleri,hazirlik,hazirlik-makineleri-tr | patates-soyma-makinesi | sebze-isleme-makineleri,https://oztiryakiler.com.tr/urunler/hazirlik-makineleri-tr/sebze-isleme-makineleri/,Eşleşmedi,,,,
Patates Soyma Makinesi (10 Kg),0840.00010.14-tr,https://oztiryakiler.com.tr/urun/patates-soyma-makinesi-10-kg-0840-00010-14/,sebze-isleme-makineleri,hazirlik,hazirlik-makineleri-tr | patates-soyma-makinesi | sebze-isleme-makineleri,https://oztiryakiler.com.tr/urunler/hazirlik-makineleri-tr/sebze-isleme-makineleri/,Eşleşmedi,,,,
Patates Soyma Makinesi (20 Kg),0840.00020.01-tr,https://oztiryakiler.com.tr/urun/patates-soyma-makinesi-20-kg-0840-00020-01/,sebze-isleme-makineleri,hazirlik,hazirlik-makineleri-tr | patates-soyma-makinesi | sebze-isleme-makineleri,https://oztiryakiler.com.tr/urunler/hazirlik-makineleri-tr/sebze-isleme-makineleri/,Eşleşmedi,,,,
Patates Soyma Makinesi (30 Kg),0840.00030.01-tr,https://oztiryakiler.com.tr/urun/patates-soyma-makinesi-30-kg-0840-00030-01/,sebze-isleme-makineleri,hazirlik,hazirlik-makineleri-tr | patates-soyma-makinesi | sebze-isleme-makineleri,https://oztiryakiler.com.tr/urunler/hazirlik-makineleri-tr/sebze-isleme-makineleri/,Eşleşmedi,,,,
Patates Soyma Makinesi Filtreli (10 Kg),0840.00010.21-tr,https://oztiryakiler.com.tr/urun/patates-soyma-makinesi-filtreli-10-kg-0840-00010-21/,sebze-isleme-makineleri,hazirlik,hazirlik-makineleri-tr | patates-soyma-makinesi | sebze-isleme-makineleri,https://oztiryakiler.com.tr/urunler/hazirlik-makineleri-tr/sebze-isleme-makineleri/,Eşleşmedi,,,,
Patates Soyma Makinesi Filtreli (20 Kg),0840.00020.21-tr,https://oztiryakiler.com.tr/urun/patates-soyma-makinesi-filtreli-20-kg-0840-00020-21/,sebze-isleme-makineleri,hazirlik,hazirlik-makineleri-tr | patates-soyma-makinesi | sebze-isleme-makineleri,https://oztiryakiler.com.tr/urunler/hazirlik-makineleri-tr/sebze-isleme-makineleri/,Eşleşmedi,,,,
Patates Soyma Makınası Filtreli (30Kg),0840.00030.21-tr,https://oztiryakiler.com.tr/urun/patates-soyma-makinasi-filtreli-30kg-0840-00030-21/,sebze-isleme-makineleri,hazirlik,hazirlik-makineleri-tr | patates-soyma-makinesi | sebze-isleme-makineleri,https://oztiryakiler.com.tr/urunler/hazirlik-makineleri-tr/sebze-isleme-makineleri/,Eşleşmedi,,,,
ROBOT COUPE BLIXER 3,9810.BLIXE.R3-tr,https://oztiryakiler.com.tr/urun/robot-coupe-blixer-3-9810-blixe-r3/,sebze-isleme-makineleri,hazirlik,hazirlik-makineleri-tr | robot-coupe-sebze-isleme-makineleri | sebze-isleme-makineleri,https://oztiryakiler.com.tr/urunler/hazirlik-makineleri-tr/sebze-isleme-makineleri/,Eşleşmedi,,,,
Salata Ve Sebze Kurutma Makinesi (40 Lt),0840.40035.01-tr,https://oztiryakiler.com.tr/urun/salata-ve-sebze-kurutma-makinesi-40-lt-0840-40035-01/,sebze-isleme-makineleri,hazirlik,hazirlik-makineleri-tr | salata-ve-sebze-kurutma-makinesi | sebze-isleme-makineleri,https://oztiryakiler.com.tr/urunler/hazirlik-makineleri-tr/sebze-isleme-makineleri/,Eşleşmedi,,,,
Sarımsak Soyma Makinesi (5 Kg),0840.00005.00-tr,https://oztiryakiler.com.tr/urun/sarimsak-soyma-makinesi-5-kg-0840-00005-00/,sebze-isleme-makineleri,hazirlik,hazirlik-makineleri-tr | sarimsak-soyma-makinesi | sebze-isleme-makineleri,https://oztiryakiler.com.tr/urunler/hazirlik-makineleri-tr/sebze-isleme-makineleri/,Eşleşmedi,,,,
Sebze Parçalama Makinesi Çift Devirli (10 Lt),0830.00010.02-tr,https://oztiryakiler.com.tr/urun/sebze-parcalama-makinesi-cift-devirli-10-lt-0830-00010-02/,sebze-isleme-makineleri,hazirlik,hazirlik-makineleri-tr | sebze-isleme-makineleri | sebze-parcalama-makineleri,https://oztiryakiler.com.tr/urunler/hazirlik-makineleri-tr/sebze-isleme-makineleri/,Eşleşmedi,,,,
Sebze Parçalama Makinesi Çift Devirli (20 Lt ),0830.00020.02-tr,https://oztiryakiler.com.tr/urun/sebze-parcalama-makinesi-cift-devirli-20-lt-0830-00020-02/,sebze-isleme-makineleri,hazirlik,hazirlik-makineleri-tr | sebze-isleme-makineleri | sebze-parcalama-makineleri,https://oztiryakiler.com.tr/urunler/hazirlik-makineleri-tr/sebze-isleme-makineleri/,Eşleşmedi,,,,
Sebze Parçalama Makinesi Çift Devirli (50 Lt ),0830.00050.02-tr,https://oztiryakiler.com.tr/urun/sebze-parcalama-makinesi-cift-devirli-50-lt-0830-00050-02/,sebze-isleme-makineleri,hazirlik,hazirlik-makineleri-tr | sebze-isleme-makineleri | sebze-parcalama-makineleri,https://oztiryakiler.com.tr/urunler/hazirlik-makineleri-tr/sebze-isleme-makineleri/,Eşleşmedi,,,,
Sebze Parçalama Makinesi İnvertör Kontrollü (10 Lt ),0830.00010.00-tr,https://oztiryakiler.com.tr/urun/sebze-parcalama-makinesi-invertor-kontrollu-10-lt-0830-00010-00/,sebze-isleme-makineleri,hazirlik,hazirlik-makineleri-tr | sebze-isleme-makineleri | sebze-parcalama-makineleri,https://oztiryakiler.com.tr/urunler/hazirlik-makineleri-tr/sebze-isleme-makineleri/,Eşleşmedi,,,,
Sebze Parçalama Makinesi İnvertor Kontrollü (20 Lt ),0830.00020.00-tr,https://oztiryakiler.com.tr/urun/sebze-parcalama-makinesi-invertor-kontrollu-20-lt-0830-00020-00/,sebze-isleme-makineleri,hazirlik,hazirlik-makineleri-tr | sebze-isleme-makineleri | sebze-parcalama-makineleri,https://oztiryakiler.com.tr/urunler/hazirlik-makineleri-tr/sebze-isleme-makineleri/,Eşleşmedi,,,,
Sebze Parçalama Makinesi İnvertör Kontrollü (30 Lt.),0830.00030.00-tr,https://oztiryakiler.com.tr/urun/sebze-parcalama-makinesi-invertor-kontrollu-30-lt-0830-00030-00/,sebze-isleme-makineleri,hazirlik,hazirlik-makineleri-tr | sebze-isleme-makineleri | sebze-parcalama-makineleri,https://oztiryakiler.com.tr/urunler/hazirlik-makineleri-tr/sebze-isleme-makineleri/,Eşleşmedi,,,,
Sebze Parçalama Makinesi Çift Devirli (10 Lt),0830.00010.02-tr,https://oztiryakiler.com.tr/urun/sebze-parcalama-makinesi-cift-devirli-10-lt-0830-00010-02/,sebze-parcalama-makineleri,hazirlik,hazirlik-makineleri-tr | sebze-isleme-makineleri | sebze-parcalama-makineleri,https://oztiryakiler.com.tr/urunler/hazirlik-makineleri-tr/sebze-isleme-makineleri/sebze-parcalama-makineleri/,Eşleşmedi,,,,
Sebze Parçalama Makinesi Çift Devirli (20 Lt ),0830.00020.02-tr,https://oztiryakiler.com.tr/urun/sebze-parcalama-makinesi-cift-devirli-20-lt-0830-00020-02/,sebze-parcalama-makineleri,hazirlik,hazirlik-makineleri-tr | sebze-isleme-makineleri | sebze-parcalama-makineleri,https://oztiryakiler.com.tr/urunler/hazirlik-makineleri-tr/sebze-isleme-makineleri/sebze-parcalama-makineleri/,Eşleşmedi,,,,
Sebze Parçalama Makinesi Çift Devirli (50 Lt ),0830.00050.02-tr,https://oztiryakiler.com.tr/urun/sebze-parcalama-makinesi-cift-devirli-50-lt-0830-00050-02/,sebze-parcalama-makineleri,hazirlik,hazirlik-makineleri-tr | sebze-isleme-makineleri | sebze-parcalama-makineleri,https://oztiryakiler.com.tr/urunler/hazirlik-makineleri-tr/sebze-isleme-makineleri/sebze-parcalama-makineleri/,Eşleşmedi,,,,
Sebze Parçalama Makinesi İnvertör Kontrollü (10 Lt ),0830.00010.00-tr,https://oztiryakiler.com.tr/urun/sebze-parcalama-makinesi-invertor-kontrollu-10-lt-0830-00010-00/,sebze-parcalama-makineleri,hazirlik,hazirlik-makineleri-tr | sebze-isleme-makineleri | sebze-parcalama-makineleri,https://oztiryakiler.com.tr/urunler/hazirlik-makineleri-tr/sebze-isleme-makineleri/sebze-parcalama-makineleri/,Eşleşmedi,,,,
Sebze Parçalama Makinesi İnvertor Kontrollü (20 Lt ),0830.00020.00-tr,https://oztiryakiler.com.tr/urun/sebze-parcalama-makinesi-invertor-kontrollu-20-lt-0830-00020-00/,sebze-parcalama-makineleri,hazirlik,hazirlik-makineleri-tr | sebze-isleme-makineleri | sebze-parcalama-makineleri,https://oztiryakiler.com.tr/urunler/hazirlik-makineleri-tr/sebze-isleme-makineleri/sebze-parcalama-makineleri/,Eşleşmedi,,,,
Sebze Parçalama Makinesi İnvertör Kontrollü (30 Lt.),0830.00030.00-tr,https://oztiryakiler.com.tr/urun/sebze-parcalama-makinesi-invertor-kontrollu-30-lt-0830-00030-00/,sebze-parcalama-makineleri,hazirlik,hazirlik-makineleri-tr | sebze-isleme-makineleri | sebze-parcalama-makineleri,https://oztiryakiler.com.tr/urunler/hazirlik-makineleri-tr/sebze-isleme-makineleri/sebze-parcalama-makineleri/,Eşleşmedi,,,,
Sebze Parçalama Makinesi İnvertör Kontrollü (50 Lt),0830.00050.00-tr,https://oztiryakiler.com.tr/urun/sebze-parcalama-makinesi-invertor-kontrollu-50-lt-0830-00050-00/,sebze-parcalama-makineleri,hazirlik,hazirlik-makineleri-tr | sebze-isleme-makineleri | sebze-parcalama-makineleri,https://oztiryakiler.com.tr/urunler/hazirlik-makineleri-tr/sebze-isleme-makineleri/sebze-parcalama-makineleri/,Eşleşmedi,,,,
Sebze Parçalama Makinesi İnvertör Kontrollü (70 Lt),0830.00070.00-tr,https://oztiryakiler.com.tr/urun/sebze-parcalama-makinesi-invertor-kontrollu-70-lt-0830-00070-00/,sebze-parcalama-makineleri,hazirlik,hazirlik-makineleri-tr | sebze-isleme-makineleri | sebze-parcalama-makineleri,https://oztiryakiler.com.tr/urunler/hazirlik-makineleri-tr/sebze-isleme-makineleri/sebze-parcalama-makineleri/,Eşleşmedi,,,,
Sebze Parçalama Makinesi Tek Devirli (10 Lt ),0830.00010.11-tr,https://oztiryakiler.com.tr/urun/sebze-parcalama-makinesi-tek-devirli-10-lt-0830-00010-11/,sebze-parcalama-makineleri,hazirlik,hazirlik-makineleri-tr | sebze-isleme-makineleri | sebze-parcalama-makineleri,https://oztiryakiler.com.tr/urunler/hazirlik-makineleri-tr/sebze-isleme-makineleri/sebze-parcalama-makineleri/,Eşleşmedi,,,,
Patates Soyma Makinesi (10 Kg),0840.00010.11-tr,https://oztiryakiler.com.tr/urun/patates-soyma-makinesi-10-kg-0840-00010-11/,patates-soyma-makinesi,hazirlik,hazirlik-makineleri-tr | patates-soyma-makinesi | sebze-isleme-makineleri,https://oztiryakiler.com.tr/urunler/hazirlik-makineleri-tr/sebze-isleme-makineleri/patates-soyma-makinesi/,Eşleşmedi,,,,
Patates Soyma Makinesi (10 Kg),0840.00010.14-tr,https://oztiryakiler.com.tr/urun/patates-soyma-makinesi-10-kg-0840-00010-14/,patates-soyma-makinesi,hazirlik,hazirlik-makineleri-tr | patates-soyma-makinesi | sebze-isleme-makineleri,https://oztiryakiler.com.tr/urunler/hazirlik-makineleri-tr/sebze-isleme-makineleri/patates-soyma-makinesi/,Eşleşmedi,,,,
Patates Soyma Makinesi (20 Kg),0840.00020.01-tr,https://oztiryakiler.com.tr/urun/patates-soyma-makinesi-20-kg-0840-00020-01/,patates-soyma-makinesi,hazirlik,hazirlik-makineleri-tr | patates-soyma-makinesi | sebze-isleme-makineleri,https://oztiryakiler.com.tr/urunler/hazirlik-makineleri-tr/sebze-isleme-makineleri/patates-soyma-makinesi/,Eşleşmedi,,,,
Patates Soyma Makinesi (30 Kg),0840.00030.01-tr,https://oztiryakiler.com.tr/urun/patates-soyma-makinesi-30-kg-0840-00030-01/,patates-soyma-makinesi,hazirlik,hazirlik-makineleri-tr | patates-soyma-makinesi | sebze-isleme-makineleri,https://oztiryakiler.com.tr/urunler/hazirlik-makineleri-tr/sebze-isleme-makineleri/patates-soyma-makinesi/,Eşleşmedi,,,,
Patates Soyma Makinesi Filtreli (10 Kg),0840.00010.21-tr,https://oztiryakiler.com.tr/urun/patates-soyma-makinesi-filtreli-10-kg-0840-00010-21/,patates-soyma-makinesi,hazirlik,hazirlik-makineleri-tr | patates-soyma-makinesi | sebze-isleme-makineleri,https://oztiryakiler.com.tr/urunler/hazirlik-makineleri-tr/sebze-isleme-makineleri/patates-soyma-makinesi/,Eşleşmedi,,,,
Patates Soyma Makinesi Filtreli (20 Kg),0840.00020.21-tr,https://oztiryakiler.com.tr/urun/patates-soyma-makinesi-filtreli-20-kg-0840-00020-21/,patates-soyma-makinesi,hazirlik,hazirlik-makineleri-tr | patates-soyma-makinesi | sebze-isleme-makineleri,https://oztiryakiler.com.tr/urunler/hazirlik-makineleri-tr/sebze-isleme-makineleri/patates-soyma-makinesi/,Eşleşmedi,,,,
Patates Soyma Makınası Filtreli (30Kg),0840.00030.21-tr,https://oztiryakiler.com.tr/urun/patates-soyma-makinasi-filtreli-30kg-0840-00030-21/,patates-soyma-makinesi,hazirlik,hazirlik-makineleri-tr | patates-soyma-makinesi | sebze-isleme-makineleri,https://oztiryakiler.com.tr/urunler/hazirlik-makineleri-tr/sebze-isleme-makineleri/patates-soyma-makinesi/,Eşleşmedi,,,,
Sogan Soyma Makınası (6 Kg),0840.00010.33-tr,https://oztiryakiler.com.tr/urun/sogan-soyma-makinasi-6-kg-0840-00010-33/,sogan-soyma-makinesi,hazirlik,hazirlik-makineleri-tr | sebze-isleme-makineleri | sogan-soyma-makinesi,https://oztiryakiler.com.tr/urunler/hazirlik-makineleri-tr/sebze-isleme-makineleri/sogan-soyma-makinesi/,Eşleşmedi,,,,
Sarımsak Soyma Makinesi (5 Kg),0840.00005.00-tr,https://oztiryakiler.com.tr/urun/sarimsak-soyma-makinesi-5-kg-0840-00005-00/,sarimsak-soyma-makinesi,hazirlik,hazirlik-makineleri-tr | sarimsak-soyma-makinesi | sebze-isleme-makineleri,https://oztiryakiler.com.tr/urunler/hazirlik-makineleri-tr/sebze-isleme-makineleri/sarimsak-soyma-makinesi/,Eşleşmedi,,,,
Vakum Makinesi (30 LT),0830.OVM30.00-tr,https://oztiryakiler.com.tr/urun/vakum-makinesi-30-lt-0830-ovm30-00/,patates-sogan-sarimsak-soyma-makineleri,hazirlik,hazirlik-makineleri-tr | patates-sogan-sarimsak-soyma-makineleri | sebze-isleme-makineleri,https://oztiryakiler.com.tr/urunler/hazirlik-makineleri-tr/sebze-isleme-makineleri/patates-sogan-sarimsak-soyma-makineleri/,Eşleşmedi,,,,
Vakum Makinesi (37 LT),0830.OVM37.00-tr,https://oztiryakiler.com.tr/urun/vakum-makinesi-37-lt-0830-ovm37-00/,patates-sogan-sarimsak-soyma-makineleri,hazirlik,hazirlik-makineleri-tr | patates-sogan-sarimsak-soyma-makineleri | sebze-isleme-makineleri,https://oztiryakiler.com.tr/urunler/hazirlik-makineleri-tr/sebze-isleme-makineleri/patates-sogan-sarimsak-soyma-makineleri/,Eşleşmedi,,,,
Vakum Makinesi (47 LT),0830.OVM47.00-tr,https://oztiryakiler.com.tr/urun/vakum-makinesi-47-lt-0830-ovm47-00/,patates-sogan-sarimsak-soyma-makineleri,hazirlik,hazirlik-makineleri-tr | patates-sogan-sarimsak-soyma-makineleri | sebze-isleme-makineleri,https://oztiryakiler.com.tr/urunler/hazirlik-makineleri-tr/sebze-isleme-makineleri/patates-sogan-sarimsak-soyma-makineleri/,Eşleşmedi,,,,
Sebze Yıkama Makinası (Kurutmasız),0720.00057.00-tr,https://oztiryakiler.com.tr/urun/sebze-yikama-makinasi-kurutmasiz-0720-00057-00/,sebze-yikama-makineleri,hazirlik,hazirlik-makineleri-tr | sebze-isleme-makineleri | sebze-yikama-makineleri,https://oztiryakiler.com.tr/urunler/hazirlik-makineleri-tr/sebze-isleme-makineleri/sebze-yikama-makineleri/,Eşleşmedi,,,,
Salata Ve Sebze Kurutma Makinesi (40 Lt),0840.40035.01-tr,https://oztiryakiler.com.tr/urun/salata-ve-sebze-kurutma-makinesi-40-lt-0840-40035-01/,salata-ve-sebze-kurutma-makinesi,hazirlik,hazirlik-makineleri-tr | salata-ve-sebze-kurutma-makinesi | sebze-isleme-makineleri,https://oztiryakiler.com.tr/urunler/hazirlik-makineleri-tr/sebze-isleme-makineleri/salata-ve-sebze-kurutma-makinesi/,Eşleşmedi,,,,
ROBOT COUPE BLIXER 3,9810.BLIXE.R3-tr,https://oztiryakiler.com.tr/urun/robot-coupe-blixer-3-9810-blixe-r3/,robot-coupe-sebze-isleme-makineleri,hazirlik,hazirlik-makineleri-tr | robot-coupe-sebze-isleme-makineleri | sebze-isleme-makineleri,https://oztiryakiler.com.tr/urunler/hazirlik-makineleri-tr/sebze-isleme-makineleri/robot-coupe-sebze-isleme-makineleri/,Eşleşmedi,,,,
Komple Paslanmaz Et Kıyma Mk 12 Monofaze,8358.OKM12.MN-tr,https://oztiryakiler.com.tr/urun/komple-paslanmaz-et-kiyma-mk-12-monofaze-8358-okm12-mn/,et-kiyma-makineleri,hazirlik,ana-mutfak-ekipmanlari | et-kiyma-makineleri | et-isleme-makineleri,https://oztiryakiler.com.tr/urunler/hazirlik-makineleri-tr/et-isleme-makineleri-hazirlik-makineleri/et-kiyma-makineleri/,Eşleşmedi,,,,
Komple Paslanmaz Et Kıyma Mk 22 Monofaze,8358.OKM22.MN-tr,https://oztiryakiler.com.tr/urun/komple-paslanmaz-et-kiyma-mk-22-monofaze-8358-okm22-mn/,et-kiyma-makineleri,hazirlik,ana-mutfak-ekipmanlari | et-kiyma-makineleri | et-isleme-makineleri,https://oztiryakiler.com.tr/urunler/hazirlik-makineleri-tr/et-isleme-makineleri-hazirlik-makineleri/et-kiyma-makineleri/,Eşleşmedi,,,,
Komple Paslanmaz Et Kıyma Mk 22 Sogutmalı Monofaze,8358.OKM22.SMN-tr,https://oztiryakiler.com.tr/urun/komple-paslanmaz-et-kiyma-mk-22-sogutmali-monofaze-8358-okm22-smn/,et-kiyma-makineleri,hazirlik,ana-mutfak-ekipmanlari | et-kiyma-makineleri | et-isleme-makineleri,https://oztiryakiler.com.tr/urunler/hazirlik-makineleri-tr/et-isleme-makineleri-hazirlik-makineleri/et-kiyma-makineleri/,Eşleşmedi,,,,
Komple Paslanmaz Et Kıyma Mk 22 Sogutmalı Trifaze,8358.OKM22.STR-tr,https://oztiryakiler.com.tr/urun/komple-paslanmaz-et-kiyma-mk-22-sogutmali-trifaze-8358-okm22-str/,et-kiyma-makineleri,hazirlik,ana-mutfak-ekipmanlari | et-kiyma-makineleri | et-isleme-makineleri,https://oztiryakiler.com.tr/urunler/hazirlik-makineleri-tr/et-isleme-makineleri-hazirlik-makineleri/et-kiyma-makineleri/,Eşleşmedi,,,,
Komple Paslanmaz Et Kıyma Mk 22 Trifaze,8358.OKM22.TR-tr,https://oztiryakiler.com.tr/urun/komple-paslanmaz-et-kiyma-mk-22-trifaze-8358-okm22-tr/,et-kiyma-makineleri,hazirlik,ana-mutfak-ekipmanlari | et-kiyma-makineleri | et-isleme-makineleri,https://oztiryakiler.com.tr/urunler/hazirlik-makineleri-tr/et-isleme-makineleri-hazirlik-makineleri/et-kiyma-makineleri/,Eşleşmedi,,,,
Komple Paslanmaz Et Kıyma Mk 32 Monofaze,8358.OKM32.MN-tr,https://oztiryakiler.com.tr/urun/komple-paslanmaz-et-kiyma-mk-32-monofaze-8358-okm32-mn/,et-kiyma-makineleri,hazirlik,ana-mutfak-ekipmanlari | et-kiyma-makineleri | et-isleme-makineleri,https://oztiryakiler.com.tr/urunler/hazirlik-makineleri-tr/et-isleme-makineleri-hazirlik-makineleri/et-kiyma-makineleri/,Eşleşmedi,,,,
Komple Paslanmaz Et Kıyma Mk 32 Sogutmalı Monofaze,8358.OKM32.SMN-tr,https://oztiryakiler.com.tr/urun/komple-paslanmaz-et-kiyma-mk-32-sogutmali-monofaze-8358-okm32-smn/,et-kiyma-makineleri,hazirlik,ana-mutfak-ekipmanlari | et-kiyma-makineleri | et-isleme-makineleri,https://oztiryakiler.com.tr/urunler/hazirlik-makineleri-tr/et-isleme-makineleri-hazirlik-makineleri/et-kiyma-makineleri/,Eşleşmedi,,,,
Komple Paslanmaz Et Kıyma Mk 32 Sogutmalı Trifaze,8358.OKM32.STR-tr,https://oztiryakiler.com.tr/urun/komple-paslanmaz-et-kiyma-mk-32-sogutmali-trifaze-8358-okm32-str/,et-kiyma-makineleri,hazirlik,ana-mutfak-ekipmanlari | et-kiyma-makineleri | et-isleme-makineleri,https://oztiryakiler.com.tr/urunler/hazirlik-makineleri-tr/et-isleme-makineleri-hazirlik-makineleri/et-kiyma-makineleri/,Eşleşmedi,,,,
Komple Paslanmaz Et Kıyma Mk 32 Trifaze,8358.OKM32.TR-tr,https://oztiryakiler.com.tr/urun/komple-paslanmaz-et-kiyma-mk-32-trifaze-8358-okm32-tr/,et-kiyma-makineleri,hazirlik,ana-mutfak-ekipmanlari | et-kiyma-makineleri | et-isleme-makineleri,https://oztiryakiler.com.tr/urunler/hazirlik-makineleri-tr/et-isleme-makineleri-hazirlik-makineleri/et-kiyma-makineleri/,Eşleşmedi,,,,
Komple Paslanmaz Et Kıyma Mk 42 Sogutmalı Trıfaze,8358.OKM42.STR-tr,https://oztiryakiler.com.tr/urun/komple-paslanmaz-et-kiyma-mk-42-sogutmali-trifaze-8358-okm42-str/,et-kiyma-makineleri,hazirlik,ana-mutfak-ekipmanlari | et-kiyma-makineleri | et-isleme-makineleri,https://oztiryakiler.com.tr/urunler/hazirlik-makineleri-tr/et-isleme-makineleri-hazirlik-makineleri/et-kiyma-makineleri/,Eşleşmedi,,,,
Komple Paslanmaz Et Kıyma Mk 42 Trifaze,8358.OKM42.TR-tr,https://oztiryakiler.com.tr/urun/komple-paslanmaz-et-kiyma-mk-42-trifaze-8358-okm42-tr/,et-kiyma-makineleri,hazirlik,ana-mutfak-ekipmanlari | et-kiyma-makineleri | et-isleme-makineleri,https://oztiryakiler.com.tr/urunler/hazirlik-makineleri-tr/et-isleme-makineleri-hazirlik-makineleri/et-kiyma-makineleri/,Eşleşmedi,,,,
Berkel Pro Line 25 cm Çelik Gıda Dilimleme,9830.0XS25.00-tr,https://oztiryakiler.com.tr/urun/berkel-pro-line-25-cm-celik-gida-dilimleme-9830-0xs25-00/,gida-dilimleme-makineleri,hazirlik,et-isleme-makineleri-hazirlik-makineleri | gida-dilimleme-makineleri | hazirlik-makineleri-tr,https://oztiryakiler.com.tr/urunler/hazirlik-makineleri-tr/et-isleme-makineleri-hazirlik-makineleri/gida-dilimleme-makineleri/,Eşleşmedi,,,,
Berkel Red Line 22 cm Kırmızı Gıda Dilimleme,9830.RL220.RD-tr,https://oztiryakiler.com.tr/urun/berkel-red-line-22-cm-kirmizi-gida-dilimleme-9830-rl220-rd/,gida-dilimleme-makineleri,hazirlik,et-isleme-makineleri-hazirlik-makineleri | gida-dilimleme-makineleri | hazirlik-makineleri-tr,https://oztiryakiler.com.tr/urunler/hazirlik-makineleri-tr/et-isleme-makineleri-hazirlik-makineleri/gida-dilimleme-makineleri/,Eşleşmedi,,,,
Berkel Red Line 25 cm Kırmızı Gıda Dilimleme,9830.RL250.RD-tr,https://oztiryakiler.com.tr/urun/berkel-red-line-25-cm-kirmizi-gida-dilimleme-9830-rl250-rd/,gida-dilimleme-makineleri,hazirlik,et-isleme-makineleri-hazirlik-makineleri | gida-dilimleme-makineleri | hazirlik-makineleri-tr,https://oztiryakiler.com.tr/urunler/hazirlik-makineleri-tr/et-isleme-makineleri-hazirlik-makineleri/gida-dilimleme-makineleri/,Eşleşmedi,,,,
Berkel Red Line 30 cm Kırmızı Gıda Dilimleme,9830.RL300.RD-tr,https://oztiryakiler.com.tr/urun/berkel-red-line-30-cm-kirmizi-gida-dilimleme-9830-rl300-rd/,gida-dilimleme-makineleri,hazirlik,et-isleme-makineleri-hazirlik-makineleri | gida-dilimleme-makineleri | hazirlik-makineleri-tr,https://oztiryakiler.com.tr/urunler/hazirlik-makineleri-tr/et-isleme-makineleri-hazirlik-makineleri/gida-dilimleme-makineleri/,Eşleşmedi,,,,
Fac Gıda Dilimleme Makinası,9830.S220A.F0-tr,https://oztiryakiler.com.tr/urun/fac-gida-dilimleme-makinasi-9830-s220a-f0/,gida-dilimleme-makineleri,hazirlik,et-isleme-makineleri-hazirlik-makineleri | gida-dilimleme-makineleri | hazirlik-makineleri-tr,https://oztiryakiler.com.tr/urunler/hazirlik-makineleri-tr/et-isleme-makineleri-hazirlik-makineleri/gida-dilimleme-makineleri/,Eşleşmedi,,,,
Fac Gıda Dilimleme Makinası F 250 R,9830.F250E.00-tr,https://oztiryakiler.com.tr/urun/fac-gida-dilimleme-makinasi-f-250-r-9830-f250e-00/,gida-dilimleme-makineleri,hazirlik,et-isleme-makineleri-hazirlik-makineleri | gida-dilimleme-makineleri | hazirlik-makineleri-tr,https://oztiryakiler.com.tr/urunler/hazirlik-makineleri-tr/et-isleme-makineleri-hazirlik-makineleri/gida-dilimleme-makineleri/,Eşleşmedi,,,,
Fac Gıda Dilimleme Makinası F 275 E,9830.F275E.00-tr,https://oztiryakiler.com.tr/urun/fac-gida-dilimleme-makinasi-f-275-e-9830-f275e-00/,gida-dilimleme-makineleri,hazirlik,et-isleme-makineleri-hazirlik-makineleri | gida-dilimleme-makineleri | hazirlik-makineleri-tr,https://oztiryakiler.com.tr/urunler/hazirlik-makineleri-tr/et-isleme-makineleri-hazirlik-makineleri/gida-dilimleme-makineleri/,Eşleşmedi,,,,
Fac Gıda Dilimleme Makinası F 300 R,9830.F300E.00-tr,https://oztiryakiler.com.tr/urun/fac-gida-dilimleme-makinasi-f-300-r-9830-f300e-00/,gida-dilimleme-makineleri,hazirlik,et-isleme-makineleri-hazirlik-makineleri | gida-dilimleme-makineleri | hazirlik-makineleri-tr,https://oztiryakiler.com.tr/urunler/hazirlik-makineleri-tr/et-isleme-makineleri-hazirlik-makineleri/gida-dilimleme-makineleri/,Eşleşmedi,,,,
Kemik Testeresi Set Üstü Paslanmaz Gövde 1840 Ø Frensiz 60 Hz,8357.UKT01.T0-tr,https://oztiryakiler.com.tr/urun/kemik-testeresi-set-ustu-paslanmaz-govde-1840-o-frensiz-60-hz-8357-ukt01-t0/,kemik-testereleri,hazirlik,ana-mutfak-ekipmanlari | et-isleme-makineleri | kemik-testereleri,https://oztiryakiler.com.tr/urunler/hazirlik-makineleri-tr/et-isleme-makineleri-hazirlik-makineleri/kemik-testereleri/,Eşleşmedi,,,,
Arzum Termogusto Çok Amaçlı Mutfak Robotu 8840.AR1181-tr,,https://oztiryakiler.com.tr/urun/arzum-termogusto-cok-amacli-mutfak-robotu-8840-ar1181/,mutfak-robotu,hazirlik,genel-hazirlik-makineleri | hazirlik-makineleri-tr | mutfak-robotu,https://oztiryakiler.com.tr/urunler/hazirlik-makineleri-tr/genel-hazirlik-makineleri/mutfak-robotu/,SKU yok,,,,
"Ocak Elektrikli İkili Compact Serı 75x40 5,2 Kw",7865.80402.26-tr,https://oztiryakiler.com.tr/urun/ocak-elektrikli-ikili-compact-seri-75x40-52-kw-7865-80402-26/,elektrikli-ocaklar,pisirme,ana-mutfak-ekipmanlari | elektrikli-ocaklar | ocaklar,https://oztiryakiler.com.tr/urunler/ana-mutfak-ekipmanlari/ocaklar/elektrikli-ocaklar/,Eşleşmedi,,,,
"Ocak Elektrikli Tekli Compact Serı 40x40 2,6 Kw",7865.40402.26-tr,https://oztiryakiler.com.tr/urun/ocak-elektrikli-tekli-compact-seri-40x40-26-kw-7865-40402-26/,elektrikli-ocaklar,pisirme,ana-mutfak-ekipmanlari | elektrikli-ocaklar | ocaklar,https://oztiryakiler.com.tr/urunler/ana-mutfak-ekipmanlari/ocaklar/elektrikli-ocaklar/,Eşleşmedi,,,,
Ocak Gazlı İkili Compact Serı 75x40,7865.80402.02-tr,https://oztiryakiler.com.tr/urun/ocak-gazli-ikili-compact-seri-75x40-7865-80402-02/,gazli-ocaklar,pisirme,ana-mutfak-ekipmanlari | gazli-ocaklar | ocaklar,https://oztiryakiler.com.tr/urunler/ana-mutfak-ekipmanlari/ocaklar/gazli-ocaklar/,Eşleşmedi,,,,
Ocak Gazlı Tekli Compact Serı 40x40,7865.40402.01-tr,https://oztiryakiler.com.tr/urun/ocak-gazli-tekli-compact-seri-40x40-7865-40402-01/,gazli-ocaklar,pisirme,ana-mutfak-ekipmanlari | gazli-ocaklar | ocaklar,https://oztiryakiler.com.tr/urunler/ana-mutfak-ekipmanlari/ocaklar/gazli-ocaklar/,Eşleşmedi,,,,
Öztiryakiler İndiksüyonlu Isıtıcı-Pişirici Gömme 500-3500 W 36X38X12 cm,9868.BT350.T0-tr,https://oztiryakiler.com.tr/urun/oztiryakiler-indiksuyonlu-isitici-pisirici-gomme-500-3500-w-36x38x12-cm-9868-bt350-t0/,induksiyonlu-ocaklar,pisirme,ana-mutfak-ekipmanlari | induksiyonlu-ocaklar | ocaklar,https://oztiryakiler.com.tr/urunler/ana-mutfak-ekipmanlari/ocaklar/induksiyonlu-ocaklar/,Eşleşmedi,,,,
"Öztiryakiler İndiksüyonlu Pişirici Gömme 7000W 69,8 X 34,9 X 9,4 cm Dikey",9868.ET700.A0-tr,https://oztiryakiler.com.tr/urun/oztiryakiler-indiksuyonlu-pisirici-gomme-7000w-698-x-349-x-94-cm-dikey-9868-et700-a0/,induksiyonlu-ocaklar,pisirme,ana-mutfak-ekipmanlari | induksiyonlu-ocaklar | ocaklar,https://oztiryakiler.com.tr/urunler/ana-mutfak-ekipmanlari/ocaklar/induksiyonlu-ocaklar/,Eşleşmedi,,,,
Öztiryakiler İndiksüyonlu Wok Isıtıcı-Pişirici Gömme 500-3500 W 36X38X12 cm,9865.APF35.00-tr,https://oztiryakiler.com.tr/urun/oztiryakiler-indiksuyonlu-wok-isitici-pisirici-gomme-500-3500-w-36x38x12-cm-9865-apf35-00/,induksiyonlu-ocaklar,pisirme,ana-mutfak-ekipmanlari | induksiyonlu-ocaklar | ocaklar,https://oztiryakiler.com.tr/urunler/ana-mutfak-ekipmanlari/ocaklar/induksiyonlu-ocaklar/,Eşleşmedi,,,,
Öztiryakiler İndiksüyonlu Wok Isıtıcı-Pişirici Setüstü 500-3500 W 33.9X42.8X11.7 cm,9865.BT350.KCT1-tr,https://oztiryakiler.com.tr/urun/oztiryakiler-indiksuyonlu-wok-isitici-pisirici-setustu-500-3500-w-33-9x42-8x11-7-cm-9865-bt350-kct1/,induksiyonlu-ocaklar,pisirme,ana-mutfak-ekipmanlari | induksiyonlu-ocaklar | ocaklar,https://oztiryakiler.com.tr/urunler/ana-mutfak-ekipmanlari/ocaklar/induksiyonlu-ocaklar/,Eşleşmedi,,,,
Yer Ocağı Elektrikli 55x55x50,7865.55555.01-tr,https://oztiryakiler.com.tr/urun/yer-ocagi-elektrikli-55x55x50-7865-55555-01/,yer-ocaklari,pisirme,ana-mutfak-ekipmanlari | ocaklar | yer-ocaklari,https://oztiryakiler.com.tr/urunler/ana-mutfak-ekipmanlari/ocaklar/yer-ocaklari/,Eşleşmedi,,,,
Yer Ocağı Gazlı Çift Yanışlı 10 Kw 50x50,7865.50505.22-tr,https://oztiryakiler.com.tr/urun/yer-ocagi-gazli-cift-yanisli-10-kw-50x50-7865-50505-22/,yer-ocaklari,pisirme,ana-mutfak-ekipmanlari | ocaklar | yer-ocaklari,https://oztiryakiler.com.tr/urunler/ana-mutfak-ekipmanlari/ocaklar/yer-ocaklari/,Eşleşmedi,,,,
Yer Ocağı Gazlı Çift Yanışlı 60x60x50,7865.60605.21-tr,https://oztiryakiler.com.tr/urun/yer-ocagi-gazli-cift-yanisli-60x60x50-7865-60605-21/,yer-ocaklari,pisirme,ana-mutfak-ekipmanlari | ocaklar | yer-ocaklari,https://oztiryakiler.com.tr/urunler/ana-mutfak-ekipmanlari/ocaklar/yer-ocaklari/,Eşleşmedi,,,,
Yer Ocağı Gazlı Çift Yanışlı 70x70x50,7865.70705.21-tr,https://oztiryakiler.com.tr/urun/yer-ocagi-gazli-cift-yanisli-70x70x50-7865-70705-21/,yer-ocaklari,pisirme,ana-mutfak-ekipmanlari | ocaklar | yer-ocaklari,https://oztiryakiler.com.tr/urunler/ana-mutfak-ekipmanlari/ocaklar/yer-ocaklari/,Eşleşmedi,,,,
Yer Ocağı Gazlı Dört Yanışlı 70x85x50-Yüksek Basınçlı,7865.70705.44-tr,https://oztiryakiler.com.tr/urun/yer-ocagi-gazli-dort-yanisli-70x85x50-yuksek-basincli-7865-70705-44/,yer-ocaklari,pisirme,ana-mutfak-ekipmanlari | ocaklar | yer-ocaklari,https://oztiryakiler.com.tr/urunler/ana-mutfak-ekipmanlari/ocaklar/yer-ocaklari/,Eşleşmedi,,,,
Yer Ocağı Gazlı Gazlı Tek Yanışlı 40x40,7865.40405.21-tr,https://oztiryakiler.com.tr/urun/yer-ocagi-gazli-gazli-tek-yanisli-40x40-7865-40405-21/,yer-ocaklari,pisirme,ana-mutfak-ekipmanlari | ocaklar | yer-ocaklari,https://oztiryakiler.com.tr/urunler/ana-mutfak-ekipmanlari/ocaklar/yer-ocaklari/,Eşleşmedi,,,,
Fritöz Elektrikli 2x10 Litre Trıfaze,7856.EF10D.S0-tr,https://oztiryakiler.com.tr/urun/fritoz-elektrikli-2x10-litre-trifaze-7856-ef10d-s0/,elektrikli-fritozler,pisirme,ana-mutfak-ekipmanlari | elektrikli-fritozler | fritozler,https://oztiryakiler.com.tr/urunler/ana-mutfak-ekipmanlari/fritozler/elektrikli-fritozler/,Eşleşmedi,,,,
Fritöz Elektrikli 2x8 Litre 3+3 Kw Ef8D,7856.EF8D0.08-tr,https://oztiryakiler.com.tr/urun/fritoz-elektrikli-2x8-litre-33-kw-ef8d-7856-ef8d0-08/,elektrikli-fritozler,pisirme,ana-mutfak-ekipmanlari | elektrikli-fritozler | fritozler,https://oztiryakiler.com.tr/urunler/ana-mutfak-ekipmanlari/fritozler/elektrikli-fritozler/,Eşleşmedi,,,,
Fritöz Elektrikli 2x8 Litre Trıfaze 12 Kw Ef8Ds,7856.EF8DS.08-tr,https://oztiryakiler.com.tr/urun/fritoz-elektrikli-2x8-litre-trifaze-12-kw-ef8ds-7856-ef8ds-08/,elektrikli-fritozler,pisirme,ana-mutfak-ekipmanlari | elektrikli-fritozler | fritozler,https://oztiryakiler.com.tr/urunler/ana-mutfak-ekipmanlari/fritozler/elektrikli-fritozler/,Eşleşmedi,,,,
Fritöz Gn 1/2 Elektrıkli 8 Lt 3 Kw. Ef8-Kontaktörlü,7856.GN120.08-tr,https://oztiryakiler.com.tr/urun/fritoz-gn-1-2-elektrikli-8-lt-3-kw-ef8-kontaktorlu-7856-gn120-08/,elektrikli-fritozler,pisirme,ana-mutfak-ekipmanlari | elektrikli-fritozler | fritozler,https://oztiryakiler.com.tr/urunler/ana-mutfak-ekipmanlari/fritozler/elektrikli-fritozler/,Eşleşmedi,,,,
Fritöz Gn 1/2 Elektrıkli 8 Lt 6Kw Ef8S,7856.GN12S.08-tr,https://oztiryakiler.com.tr/urun/fritoz-gn-1-2-elektrikli-8-lt-6kw-ef8s-7856-gn12s-08/,elektrikli-fritozler,pisirme,ana-mutfak-ekipmanlari | elektrikli-fritozler | fritozler,https://oztiryakiler.com.tr/urunler/ana-mutfak-ekipmanlari/fritozler/elektrikli-fritozler/,Eşleşmedi,,,,
Fritöz Gn 1/3 Elektrikli 5 Lt. 3Kw,7856.GN130.05-tr,https://oztiryakiler.com.tr/urun/fritoz-gn-1-3-elektrikli-5-lt-3kw-7856-gn130-05/,elektrikli-fritozler,pisirme,ana-mutfak-ekipmanlari | elektrikli-fritozler | fritozler,https://oztiryakiler.com.tr/urunler/ana-mutfak-ekipmanlari/fritozler/elektrikli-fritozler/,Eşleşmedi,,,,
Fritöz Gn 2/3 Elektrikli 10 Lt 9 Kw Ef 10 S,7856.GN23S.10-tr,https://oztiryakiler.com.tr/urun/fritoz-gn-2-3-elektrikli-10-lt-9-kw-ef-10-s-7856-gn23s-10/,elektrikli-fritozler,pisirme,ana-mutfak-ekipmanlari | elektrikli-fritozler | fritozler,https://oztiryakiler.com.tr/urunler/ana-mutfak-ekipmanlari/fritozler/elektrikli-fritozler/,Eşleşmedi,,,,
Kaynatma Tenceresi Buharlı 400 Litre Krom Çelik,7855.00400.00-tr,https://oztiryakiler.com.tr/urun/kaynatma-tenceresi-buharli-400-litre-krom-celik-7855-00400-00/,kaynatma-tenceresi,pisirme,ana-mutfak-ekipmanlari | kaynatma-tenceresi,https://oztiryakiler.com.tr/urunler/ana-mutfak-ekipmanlari/kaynatma-tenceresi/,Eşleşmedi,,,,
Kaynatma Tenceresi Buharlı 500 Litre Krom Çelik,7855.00500.00-tr,https://oztiryakiler.com.tr/urun/kaynatma-tenceresi-buharli-500-litre-krom-celik-7855-00500-00/,kaynatma-tenceresi,pisirme,ana-mutfak-ekipmanlari | kaynatma-tenceresi,https://oztiryakiler.com.tr/urunler/ana-mutfak-ekipmanlari/kaynatma-tenceresi/,Eşleşmedi,,,,
Kaynatma Tenceresi Direkt Gazlı 250 Lt. 100x110x85-Silindirik Kazanlı 7855.N,1.10118.13-tr,https://oztiryakiler.com.tr/urun/kaynatma-tenceresi-direkt-gazli-250-lt-100x110x85-silindirik-kazanli-7855-n1-10118-13/,kaynatma-tenceresi,pisirme,ana-mutfak-ekipmanlari | kaynatma-tenceresi,https://oztiryakiler.com.tr/urunler/ana-mutfak-ekipmanlari/kaynatma-tenceresi/,Eşleşmedi,,,,
Kaynatma Tenceresi İndirekt Elektrikli 250 Lt. 100x110x85-Silindirik Kazanlı 7855.N,1.10118.07-tr,https://oztiryakiler.com.tr/urun/kaynatma-tenceresi-indirekt-elektrikli-250-lt-100x110x85-silindirik-kazanli-7855-n1-10118-07/,kaynatma-tenceresi,pisirme,ana-mutfak-ekipmanlari | kaynatma-tenceresi,https://oztiryakiler.com.tr/urunler/ana-mutfak-ekipmanlari/kaynatma-tenceresi/,Eşleşmedi,,,,
Kaynatma Tenceresi İndirekt Elektrikli 300 Lt.-Sabit Model,7855.00300.02-tr,https://oztiryakiler.com.tr/urun/kaynatma-tenceresi-indirekt-elektrikli-300-lt-sabit-model-7855-00300-02/,kaynatma-tenceresi,pisirme,ana-mutfak-ekipmanlari | kaynatma-tenceresi,https://oztiryakiler.com.tr/urunler/ana-mutfak-ekipmanlari/kaynatma-tenceresi/,Eşleşmedi,,,,
Kaynatma Tenceresi İndirekt Elektrikli 400 Lt.-Sabit Model,7855.00400.02-tr,https://oztiryakiler.com.tr/urun/kaynatma-tenceresi-indirekt-elektrikli-400-lt-sabit-model-7855-00400-02/,kaynatma-tenceresi,pisirme,ana-mutfak-ekipmanlari | kaynatma-tenceresi,https://oztiryakiler.com.tr/urunler/ana-mutfak-ekipmanlari/kaynatma-tenceresi/,Eşleşmedi,,,,
Kaynatma Tenceresi İndirekt Elektrikli Silindirik Kazanlı-Sabit 500 Lt.,7855.00500.02-tr,https://oztiryakiler.com.tr/urun/kaynatma-tenceresi-indirekt-elektrikli-silindirik-kazanli-sabit-500-lt-7855-00500-02/,kaynatma-tenceresi,pisirme,ana-mutfak-ekipmanlari | kaynatma-tenceresi,https://oztiryakiler.com.tr/urunler/ana-mutfak-ekipmanlari/kaynatma-tenceresi/,Eşleşmedi,,,,
Kaynatma Tenceresi İndirekt Gazlı 250 Lt. 100x110x85-Silindirik Kazanlı 7855.N,1.10118.03-tr,https://oztiryakiler.com.tr/urun/kaynatma-tenceresi-indirekt-gazli-250-lt-100x110x85-silindirik-kazanli-7855-n1-10118-03/,kaynatma-tenceresi,pisirme,ana-mutfak-ekipmanlari | kaynatma-tenceresi,https://oztiryakiler.com.tr/urunler/ana-mutfak-ekipmanlari/kaynatma-tenceresi/,Eşleşmedi,,,,
Kaynatma Tenceresi İndirekt Gazlı 300 Lt.-Sabit Model,7855.00300.01-tr,https://oztiryakiler.com.tr/urun/kaynatma-tenceresi-indirekt-gazli-300-lt-sabit-model-7855-00300-01/,kaynatma-tenceresi,pisirme,ana-mutfak-ekipmanlari | kaynatma-tenceresi,https://oztiryakiler.com.tr/urunler/ana-mutfak-ekipmanlari/kaynatma-tenceresi/,Eşleşmedi,,,,
Kaynatma Tenceresi İndirekt Gazlı 400 Lt.-Sabit Model,7855.00400.01-tr,https://oztiryakiler.com.tr/urun/kaynatma-tenceresi-indirekt-gazli-400-lt-sabit-model-7855-00400-01/,kaynatma-tenceresi,pisirme,ana-mutfak-ekipmanlari | kaynatma-tenceresi,https://oztiryakiler.com.tr/urunler/ana-mutfak-ekipmanlari/kaynatma-tenceresi/,Eşleşmedi,,,,
Kaynatma Tenceresi İndirekt Gazlı 500 Lt.-Sabit Model,7855.00500.01-tr,https://oztiryakiler.com.tr/urun/kaynatma-tenceresi-indirekt-gazli-500-lt-sabit-model-7855-00500-01/,kaynatma-tenceresi,pisirme,ana-mutfak-ekipmanlari | kaynatma-tenceresi,https://oztiryakiler.com.tr/urunler/ana-mutfak-ekipmanlari/kaynatma-tenceresi/,Eşleşmedi,,,,
Otomatik Devrilir Kaynatma Tenceresı Indırekt Gazlı 500 Lt.,7855.500LG.01-tr,https://oztiryakiler.com.tr/urun/otomatik-devrilir-kaynatma-tenceresi-indirekt-gazli-500-lt-7855-500lg-01/,kaynatma-tenceresi,pisirme,ana-mutfak-ekipmanlari | kaynatma-tenceresi,https://oztiryakiler.com.tr/urunler/ana-mutfak-ekipmanlari/kaynatma-tenceresi/,Eşleşmedi,,,,
Döner Ocağı Elektrikli Alttan Motorlu 3Eu-W,8859.00EU3.W0-tr,https://oztiryakiler.com.tr/urun/doner-ocagi-elektrikli-alttan-motorlu-3eu-w-8859-00eu3-w0/,elektrikli-doner-makineleri,pisirme,ana-mutfak-ekipmanlari | doner-makineleri | elektrikli-doner-makineleri,https://oztiryakiler.com.tr/urunler/ana-mutfak-ekipmanlari/doner-makineleri/elektrikli-doner-makineleri/,Eşleşmedi,,,,
Döner Ocağı Elektrikli Alttan Motorlu 4 Eud-Eco Model,8859.00EU4.E0-tr,https://oztiryakiler.com.tr/urun/doner-ocagi-elektrikli-alttan-motorlu-4-eud-eco-model-8859-00eu4-e0/,elektrikli-doner-makineleri,pisirme,ana-mutfak-ekipmanlari | doner-makineleri | elektrikli-doner-makineleri,https://oztiryakiler.com.tr/urunler/ana-mutfak-ekipmanlari/doner-makineleri/elektrikli-doner-makineleri/,Eşleşmedi,,,,
Döner Ocağı Elektrikli Alttan Motorlu 4Eu W,8859.00EU4.W0-tr,https://oztiryakiler.com.tr/urun/doner-ocagi-elektrikli-alttan-motorlu-4eu-w-8859-00eu4-w0/,elektrikli-doner-makineleri,pisirme,ana-mutfak-ekipmanlari | doner-makineleri | elektrikli-doner-makineleri,https://oztiryakiler.com.tr/urunler/ana-mutfak-ekipmanlari/doner-makineleri/elektrikli-doner-makineleri/,Eşleşmedi,,,,
Döner Ocağı Elektrikli Üstten Motorlu 3E Model (Sekizgen Tepsili),8859.000E3.8T-tr,https://oztiryakiler.com.tr/urun/doner-ocagi-elektrikli-ustten-motorlu-3e-model-sekizgen-tepsili-8859-000e3-8t/,elektrikli-doner-makineleri,pisirme,ana-mutfak-ekipmanlari | doner-makineleri | elektrikli-doner-makineleri,https://oztiryakiler.com.tr/urunler/ana-mutfak-ekipmanlari/doner-makineleri/elektrikli-doner-makineleri/,Eşleşmedi,,,,
Döner Ocağı Elektrikli Üstten Motorlu 4E Model (Sekizgen Tepsili),8859.000E4.8T-tr,https://oztiryakiler.com.tr/urun/doner-ocagi-elektrikli-ustten-motorlu-4e-model-sekizgen-tepsili-8859-000e4-8t/,elektrikli-doner-makineleri,pisirme,ana-mutfak-ekipmanlari | doner-makineleri | elektrikli-doner-makineleri,https://oztiryakiler.com.tr/urunler/ana-mutfak-ekipmanlari/doner-makineleri/elektrikli-doner-makineleri/,Eşleşmedi,,,,
Döner Ocağı Gazlı Alt Motor 4 Gud-Eco Model,8859.0GUD4.E0-tr,https://oztiryakiler.com.tr/urun/doner-ocagi-gazli-alt-motor-4-gud-eco-model-8859-0gud4-e0/,gazli-doner-makineleri,pisirme,ana-mutfak-ekipmanlari | doner-makineleri | gazli-doner-makineleri,https://oztiryakiler.com.tr/urunler/ana-mutfak-ekipmanlari/doner-makineleri/gazli-doner-makineleri/,Eşleşmedi,,,,
Döner Ocağı Gazlı Alttan Motorlu 3 Gud-W Model,8859.0GUD3.W0-tr,https://oztiryakiler.com.tr/urun/doner-ocagi-gazli-alttan-motorlu-3-gud-w-model-8859-0gud3-w0/,gazli-doner-makineleri,pisirme,ana-mutfak-ekipmanlari | doner-makineleri | gazli-doner-makineleri,https://oztiryakiler.com.tr/urunler/ana-mutfak-ekipmanlari/doner-makineleri/gazli-doner-makineleri/,Eşleşmedi,,,,
Döner Ocağı Gazlı Alttan Motorlu 4 Gud-W Model,8859.0GUD4.W0-tr,https://oztiryakiler.com.tr/urun/doner-ocagi-gazli-alttan-motorlu-4-gud-w-model-8859-0gud4-w0/,gazli-doner-makineleri,pisirme,ana-mutfak-ekipmanlari | doner-makineleri | gazli-doner-makineleri,https://oztiryakiler.com.tr/urunler/ana-mutfak-ekipmanlari/doner-makineleri/gazli-doner-makineleri/,Eşleşmedi,,,,
Döner Ocağı Gazlı Üstten Motorlu 3Gd Model (Sekizgen Tepsili),8859.00GD3.8T-tr,https://oztiryakiler.com.tr/urun/doner-ocagi-gazli-ustten-motorlu-3gd-model-sekizgen-tepsili-8859-00gd3-8t/,gazli-doner-makineleri,pisirme,ana-mutfak-ekipmanlari | doner-makineleri | gazli-doner-makineleri,https://oztiryakiler.com.tr/urunler/ana-mutfak-ekipmanlari/doner-makineleri/gazli-doner-makineleri/,Eşleşmedi,,,,
Döner Ocağı Gazlı Üstten Motorlu 4Gd Model (Sekizgen Tepsili),8859.00GD4.8T-tr,https://oztiryakiler.com.tr/urun/doner-ocagi-gazli-ustten-motorlu-4gd-model-sekizgen-tepsili-8859-00gd4-8t/,gazli-doner-makineleri,pisirme,ana-mutfak-ekipmanlari | doner-makineleri | gazli-doner-makineleri,https://oztiryakiler.com.tr/urunler/ana-mutfak-ekipmanlari/doner-makineleri/gazli-doner-makineleri/,Eşleşmedi,,,,
Tıpı (44Gud-V),8859.GUD44.V0-tr,https://oztiryakiler.com.tr/urun/tipi-44gud-v-8859-gud44-v0/,gazli-doner-makineleri,pisirme,ana-mutfak-ekipmanlari | doner-makineleri | gazli-doner-makineleri,https://oztiryakiler.com.tr/urunler/ana-mutfak-ekipmanlari/doner-makineleri/gazli-doner-makineleri/,Eşleşmedi,,,,
Elekt.Döner Kesme Makınası Odkm100,8350.OZT10.00-tr,https://oztiryakiler.com.tr/urun/elekt-doner-kesme-makinasi-odkm100-8350-ozt10-00/,doner-kesme-aleti,pisirme,ana-mutfak-ekipmanlari | doner-kesme-aleti | doner-makineleri,https://oztiryakiler.com.tr/urunler/ana-mutfak-ekipmanlari/doner-makineleri/doner-kesme-aleti/,Eşleşmedi,,,,
Krep Makınası Ikılı,8850.02K40.02-tr,https://oztiryakiler.com.tr/urun/krep-makinasi-ikili-8850-02k40-02/,tost-ve-waffle-makineleri,pisirme,ana-mutfak-ekipmanlari | ekmek-ve-kizartma-ve-tost-makineleri | tost-ve-waffle-makineleri,https://oztiryakiler.com.tr/urunler/ana-mutfak-ekipmanlari/ekmek-ve-kizartma-ve-tost-makineleri/tost-ve-waffle-makineleri/,Eşleşmedi,,,,
Piliç Çevirme Makinası 3 Şiş 12-15 Piliç Kapasite Gazlı,8845.0CRG3.00-tr,https://oztiryakiler.com.tr/urun/pilic-cevirme-makinasi-3-sis-12-15-pilic-kapasite-gazli-8845-0crg3-00/,tost-ve-waffle-makineleri,pisirme,ana-mutfak-ekipmanlari | ekmek-ve-kizartma-ve-tost-makineleri | tost-ve-waffle-makineleri,https://oztiryakiler.com.tr/urunler/ana-mutfak-ekipmanlari/ekmek-ve-kizartma-ve-tost-makineleri/tost-ve-waffle-makineleri/,Eşleşmedi,,,,
Piliç Çevirme Makinası 4 Şiş 16-20 Piliç Kapasite Gazlı,8845.0CRG4.00-tr,https://oztiryakiler.com.tr/urun/pilic-cevirme-makinasi-4-sis-16-20-pilic-kapasite-gazli-8845-0crg4-00/,tost-ve-waffle-makineleri,pisirme,ana-mutfak-ekipmanlari | ekmek-ve-kizartma-ve-tost-makineleri | tost-ve-waffle-makineleri,https://oztiryakiler.com.tr/urunler/ana-mutfak-ekipmanlari/ekmek-ve-kizartma-ve-tost-makineleri/tost-ve-waffle-makineleri/,Eşleşmedi,,,,
Piliç Çevirme Makinası 5 Şiş 20-25 Piliç Kapasite Gazlı,8845.0CRG5.00-tr,https://oztiryakiler.com.tr/urun/pilic-cevirme-makinasi-5-sis-20-25-pilic-kapasite-gazli-8845-0crg5-00/,tost-ve-waffle-makineleri,pisirme,ana-mutfak-ekipmanlari | ekmek-ve-kizartma-ve-tost-makineleri | tost-ve-waffle-makineleri,https://oztiryakiler.com.tr/urunler/ana-mutfak-ekipmanlari/ekmek-ve-kizartma-ve-tost-makineleri/tost-ve-waffle-makineleri/,Eşleşmedi,,,,
Piliç Çevirme Makinası 6 Şiş 24-30 Piliç Kapasite Gazlı,8845.0CRG6.00-tr,https://oztiryakiler.com.tr/urun/pilic-cevirme-makinasi-6-sis-24-30-pilic-kapasite-gazli-8845-0crg6-00/,tost-ve-waffle-makineleri,pisirme,ana-mutfak-ekipmanlari | ekmek-ve-kizartma-ve-tost-makineleri | tost-ve-waffle-makineleri,https://oztiryakiler.com.tr/urunler/ana-mutfak-ekipmanlari/ekmek-ve-kizartma-ve-tost-makineleri/tost-ve-waffle-makineleri/,Eşleşmedi,,,,
Piliç Çevirme Makinası 7 Şiş 28-35 Piliç Kapasite Gazlı,8845.0CRG7.00-tr,https://oztiryakiler.com.tr/urun/pilic-cevirme-makinasi-7-sis-28-35-pilic-kapasite-gazli-8845-0crg7-00/,tost-ve-waffle-makineleri,pisirme,ana-mutfak-ekipmanlari | ekmek-ve-kizartma-ve-tost-makineleri | tost-ve-waffle-makineleri,https://oztiryakiler.com.tr/urunler/ana-mutfak-ekipmanlari/ekmek-ve-kizartma-ve-tost-makineleri/tost-ve-waffle-makineleri/,Eşleşmedi,,,,
Piliç Çevirme Makinası 8 Şiş 32-40 Piliç Kapasite Gazlı,8845.0CRG8.00-tr,https://oztiryakiler.com.tr/urun/pilic-cevirme-makinasi-8-sis-32-40-pilic-kapasite-gazli-8845-0crg8-00/,tost-ve-waffle-makineleri,pisirme,ana-mutfak-ekipmanlari | ekmek-ve-kizartma-ve-tost-makineleri | tost-ve-waffle-makineleri,https://oztiryakiler.com.tr/urunler/ana-mutfak-ekipmanlari/ekmek-ve-kizartma-ve-tost-makineleri/tost-ve-waffle-makineleri/,Eşleşmedi,,,,
Tost Makinası,8850.02745.00-tr,https://oztiryakiler.com.tr/urun/tost-makinasi-8850-02745-00/,tost-ve-waffle-makineleri,pisirme,ana-mutfak-ekipmanlari | ekmek-ve-kizartma-ve-tost-makineleri | tost-ve-waffle-makineleri,https://oztiryakiler.com.tr/urunler/ana-mutfak-ekipmanlari/ekmek-ve-kizartma-ve-tost-makineleri/tost-ve-waffle-makineleri/,Eşleşmedi,,,,
Tost Makinası,8850.04060.00-tr,https://oztiryakiler.com.tr/urun/tost-makinasi-8850-04060-00/,tost-ve-waffle-makineleri,pisirme,ana-mutfak-ekipmanlari | ekmek-ve-kizartma-ve-tost-makineleri | tost-ve-waffle-makineleri,https://oztiryakiler.com.tr/urunler/ana-mutfak-ekipmanlari/ekmek-ve-kizartma-ve-tost-makineleri/tost-ve-waffle-makineleri/,Eşleşmedi,,,,
Tost Makinası Cıft Kapaklı,8850.05530.02-tr,https://oztiryakiler.com.tr/urun/tost-makinasi-cift-kapakli-8850-05530-02/,tost-ve-waffle-makineleri,pisirme,ana-mutfak-ekipmanlari | ekmek-ve-kizartma-ve-tost-makineleri | tost-ve-waffle-makineleri,https://oztiryakiler.com.tr/urunler/ana-mutfak-ekipmanlari/ekmek-ve-kizartma-ve-tost-makineleri/tost-ve-waffle-makineleri/,Eşleşmedi,,,,
Tost Makınası,8850.02740.00-tr,https://oztiryakiler.com.tr/urun/tost-makinasi-8850-02740-00/,tost-ve-waffle-makineleri,pisirme,ana-mutfak-ekipmanlari | ekmek-ve-kizartma-ve-tost-makineleri | tost-ve-waffle-makineleri,https://oztiryakiler.com.tr/urunler/ana-mutfak-ekipmanlari/ekmek-ve-kizartma-ve-tost-makineleri/tost-ve-waffle-makineleri/,Eşleşmedi,,,,
Piliç Çevirme Makinası 2 Şiş 8-10 Piliç Kapasite Gazlı,8845.0CRG2.00-tr,https://oztiryakiler.com.tr/urun/pilic-cevirme-makinasi-2-sis-8-10-pilic-kapasite-gazli-8845-0crg2-00/,pilic-cevirme-makineleri,pisirme,ana-mutfak-ekipmanlari | pilic-cevirme-makineleri,https://oztiryakiler.com.tr/urunler/ana-mutfak-ekipmanlari/pilic-cevirme-makineleri/,Eşleşmedi,,,,
Piliç Çevirme Makinası 5 Şiş 20-25 Piliç Kapasite Elektrıklı,8845.0CRE5.00-tr,https://oztiryakiler.com.tr/urun/pilic-cevirme-makinasi-5-sis-20-25-pilic-kapasite-elektrikli-8845-0cre5-00/,pilic-cevirme-makineleri,pisirme,ana-mutfak-ekipmanlari | pilic-cevirme-makineleri,https://oztiryakiler.com.tr/urunler/ana-mutfak-ekipmanlari/pilic-cevirme-makineleri/,Eşleşmedi,,,,
Piliç Çevirme Makinası 6 Şiş 24-30 Piliç Kapasite Elektrikli,8845.0CRE6.00-tr,https://oztiryakiler.com.tr/urun/pilic-cevirme-makinasi-6-sis-24-30-pilic-kapasite-elektrikli-8845-0cre6-00/,pilic-cevirme-makineleri,pisirme,ana-mutfak-ekipmanlari | pilic-cevirme-makineleri,https://oztiryakiler.com.tr/urunler/ana-mutfak-ekipmanlari/pilic-cevirme-makineleri/,Eşleşmedi,,,,
Piliç Çevirme Makinesi 2 Şiş 8-10 Piliç Kapasite Elektrikli,8845.0CRE2.00-tr,https://oztiryakiler.com.tr/urun/pilic-cevirme-makinesi-2-sis-8-10-pilic-kapasite-elektrikli-8845-0cre2-00/,pilic-cevirme-makineleri,pisirme,ana-mutfak-ekipmanlari | pilic-cevirme-makineleri,https://oztiryakiler.com.tr/urunler/ana-mutfak-ekipmanlari/pilic-cevirme-makineleri/,Eşleşmedi,,,,
Piliç Çevirme Makinesi 4 Şiş 16-20 Piliç Kapasite Elektrikli,8845.0CRE4.00-tr,https://oztiryakiler.com.tr/urun/pilic-cevirme-makinesi-4-sis-16-20-pilic-kapasite-elektrikli-8845-0cre4-00/,pilic-cevirme-makineleri,pisirme,ana-mutfak-ekipmanlari | pilic-cevirme-makineleri,https://oztiryakiler.com.tr/urunler/ana-mutfak-ekipmanlari/pilic-cevirme-makineleri/,Eşleşmedi,,,,
Öztİryakiler Çorbalık,9479.10061.HK-tr,https://oztiryakiler.com.tr/urun/oztiryakiler-corbalik-9479-10061-hk/,elektrikli-corbalik,pisirme,ana-mutfak-ekipmanlari | bainmariler-ana-mutfak-ekipmanlari | elektrikli-corbalik,https://oztiryakiler.com.tr/urunler/ana-mutfak-ekipmanlari/bainmariler-ana-mutfak-ekipmanlari/elektrikli-corbalik/,Eşleşmedi,,,,
Öztiryakiler Çorbalık Yuvarlak Standlı 11 L Gw-M10-11A-Gl,9479.GWM10.11AGL-tr,https://oztiryakiler.com.tr/urun/oztiryakiler-corbalik-yuvarlak-standli-11-l-gw-m10-11a-gl-9479-gwm10-11agl/,elektrikli-corbalik,pisirme,ana-mutfak-ekipmanlari | bainmariler-ana-mutfak-ekipmanlari | elektrikli-corbalik,https://oztiryakiler.com.tr/urunler/ana-mutfak-ekipmanlari/bainmariler-ana-mutfak-ekipmanlari/elektrikli-corbalik/,Eşleşmedi,,,,
Unox Davlumbaz Xebhc-Hceu,9885.XEBHC.HCEU-tr,https://oztiryakiler.com.tr/urun/unox-davlumbaz-xebhc-hceu-9885-xebhc-hceu/,unox-davlumbazlar,pisirme,ana-mutfak-ekipmanlari | davlumbazlar | unox-davlumbazlar,https://oztiryakiler.com.tr/urunler/ana-mutfak-ekipmanlari/davlumbazlar/unox-davlumbazlar/,Eşleşmedi,,,,
Salamander Elektrikli,7850.58575.70-tr,https://oztiryakiler.com.tr/urun/salamander-elektrikli-7850-58575-70/,salamanderler,pisirme,ana-mutfak-ekipmanlari | diger-ekipmanlar-ana-mutfak-ekipmanlari | salamanderler,https://oztiryakiler.com.tr/urunler/ana-mutfak-ekipmanlari/diger-ekipmanlar-ana-mutfak-ekipmanlari/salamanderler/,Eşleşmedi,,,,
Salamander Elektrikli Gemi Model,7850.58575.70G-tr,https://oztiryakiler.com.tr/urun/salamander-elektrikli-gemi-model-7850-58575-70g/,salamanderler,pisirme,ana-mutfak-ekipmanlari | diger-ekipmanlar-ana-mutfak-ekipmanlari | salamanderler,https://oztiryakiler.com.tr/urunler/ana-mutfak-ekipmanlari/diger-ekipmanlar-ana-mutfak-ekipmanlari/salamanderler/,Eşleşmedi,,,,
Piliç Çevirma Makinesi 3 Şiş 12-15 Piliç Kapasite Elektrikli,8845.0CRE3.00-tr,https://oztiryakiler.com.tr/urun/pilic-cevirma-makinesi-3-sis-12-15-pilic-kapasite-elektrikli-8845-0cre3-00/,kumpir-makineleri,pisirme,ana-mutfak-ekipmanlari | kumpir-makineleri,https://oztiryakiler.com.tr/urunler/ana-mutfak-ekipmanlari/kumpir-makineleri/,Eşleşmedi,,,,
Ocak Set Üstü 600 Seri Elektrikli 40x60x26 7865.N,1.40603.13-tr,https://oztiryakiler.com.tr/urun/ocak-set-ustu-600-seri-elektrikli-40x60x26-7865-n1-40603-13/,ocaklar-600-serisi,pisirme,600-serisi | moduler-mutfaklar | ocaklar-600-serisi,https://oztiryakiler.com.tr/urunler/moduler-mutfaklar/600-serisi/ocaklar-600-serisi/,Eşleşmedi,,,,
Ocak Set Üstü 600 Seri Elektrikli Dörtlü 60x60x26 7865.N,1.60603.14-tr,https://oztiryakiler.com.tr/urun/ocak-set-ustu-600-seri-elektrikli-dortlu-60x60x26-7865-n1-60603-14/,ocaklar-600-serisi,pisirme,600-serisi | moduler-mutfaklar | ocaklar-600-serisi,https://oztiryakiler.com.tr/urunler/moduler-mutfaklar/600-serisi/ocaklar-600-serisi/,Eşleşmedi,,,,
Ocak Set Üstü 600 Seri Gazlı Dörtlü Ocak 60x60x26 7865.N,1.60603.35-tr,https://oztiryakiler.com.tr/urun/ocak-set-ustu-600-seri-gazli-dortlu-ocak-60x60x26-7865-n1-60603-35/,ocaklar-600-serisi,pisirme,600-serisi | moduler-mutfaklar | ocaklar-600-serisi,https://oztiryakiler.com.tr/urunler/moduler-mutfaklar/600-serisi/ocaklar-600-serisi/,Eşleşmedi,,,,
Ocak Set Üstü 600 Seri İkili Ocak Gazlı 40x60x26 7865.N,1.40603.33-tr,https://oztiryakiler.com.tr/urun/ocak-set-ustu-600-seri-ikili-ocak-gazli-40x60x26-7865-n1-40603-33/,ocaklar-600-serisi,pisirme,600-serisi | moduler-mutfaklar | ocaklar-600-serisi,https://oztiryakiler.com.tr/urunler/moduler-mutfaklar/600-serisi/ocaklar-600-serisi/,Eşleşmedi,,,,
Wok Ocak Set Üstü 600 Seri Gazlı 40x60x26 7865.,N1.40603.WK-tr,https://oztiryakiler.com.tr/urun/wok-ocak-set-ustu-600-seri-gazli-40x60x26-7865-n1-40603-wk/,ocaklar-600-serisi,pisirme,600-serisi | moduler-mutfaklar | ocaklar-600-serisi,https://oztiryakiler.com.tr/urunler/moduler-mutfaklar/600-serisi/ocaklar-600-serisi/,Eşleşmedi,,,,
Fritöz Set Üstü 600 Seri Elektrikli 40x60x26 7856.N,1.40603.11-tr,https://oztiryakiler.com.tr/urun/fritoz-set-ustu-600-seri-elektrikli-40x60x26-7856-n1-40603-11/,fritozler-600-serisi,pisirme,600-serisi | fritozler-600-serisi | moduler-mutfaklar,https://oztiryakiler.com.tr/urunler/moduler-mutfaklar/600-serisi/fritozler-600-serisi/,Eşleşmedi,,,,
Fritöz Set Üstü 600 Seri Elektrikli 60x60x26 7856.N,1.60603.21-tr,https://oztiryakiler.com.tr/urun/fritoz-set-ustu-600-seri-elektrikli-60x60x26-7856-n1-60603-21/,fritozler-600-serisi,pisirme,600-serisi | fritozler-600-serisi | moduler-mutfaklar,https://oztiryakiler.com.tr/urunler/moduler-mutfaklar/600-serisi/fritozler-600-serisi/,Eşleşmedi,,,,
Döküm Izgara Set Üstü 600 Seri Gazlı 60x60x26 7864.N,1.60603.70-tr,https://oztiryakiler.com.tr/urun/dokum-izgara-set-ustu-600-seri-gazli-60x60x26-7864-n1-60603-70/,izgaralar,pisirme,600-serisi | izgaralar | moduler-mutfaklar,https://oztiryakiler.com.tr/urunler/moduler-mutfaklar/600-serisi/izgaralar/,Eşleşmedi,,,,
Grill Plate Set Üstü 600 Seri Düz Elektrikli 40x60x26-Sert Krom Kaplı 7864.N,1.40603.04-tr,https://oztiryakiler.com.tr/urun/grill-plate-set-ustu-600-seri-duz-elektrikli-40x60x26-sert-krom-kapli-7864-n1-40603-04/,izgaralar,pisirme,600-serisi | izgaralar | moduler-mutfaklar,https://oztiryakiler.com.tr/urunler/moduler-mutfaklar/600-serisi/izgaralar/,Eşleşmedi,,,,
Grill Plate Set Üstü 600 Seri Düz Gazlı 40x60x26 7864.N,1.40603.06-tr,https://oztiryakiler.com.tr/urun/grill-plate-set-ustu-600-seri-duz-gazli-40x60x26-7864-n1-40603-06/,izgaralar,pisirme,600-serisi | izgaralar | moduler-mutfaklar,https://oztiryakiler.com.tr/urunler/moduler-mutfaklar/600-serisi/izgaralar/,Eşleşmedi,,,,
Grill Plate Set Üstü 600 Seri Elektrikli Düz 60x60x26 7864.N,1.60603.17-tr,https://oztiryakiler.com.tr/urun/grill-plate-set-ustu-600-seri-elektrikli-duz-60x60x26-7864-n1-60603-17/,izgaralar,pisirme,600-serisi | izgaralar | moduler-mutfaklar,https://oztiryakiler.com.tr/urunler/moduler-mutfaklar/600-serisi/izgaralar/,Eşleşmedi,,,,
Grill Plate Set Üstü 600 Seri Gazlı Düz 60x60x26 7864.N,1.60603.19-tr,https://oztiryakiler.com.tr/urun/grill-plate-set-ustu-600-seri-gazli-duz-60x60x26-7864-n1-60603-19/,izgaralar,pisirme,600-serisi | izgaralar | moduler-mutfaklar,https://oztiryakiler.com.tr/urunler/moduler-mutfaklar/600-serisi/izgaralar/,Eşleşmedi,,,,
Grill Plate Set Üstü 600 Seri Oluklu Elektrikli 40x60x26 7864.N,1.40603.01-tr,https://oztiryakiler.com.tr/urun/grill-plate-set-ustu-600-seri-oluklu-elektrikli-40x60x26-7864-n1-40603-01/,izgaralar,pisirme,600-serisi | izgaralar | moduler-mutfaklar,https://oztiryakiler.com.tr/urunler/moduler-mutfaklar/600-serisi/izgaralar/,Eşleşmedi,,,,
Grill Plate Set Üstü 600 Seri Oluklu Gazlı 40x60x26 7864.N,1.40603.03-tr,https://oztiryakiler.com.tr/urun/grill-plate-set-ustu-600-seri-oluklu-gazli-40x60x26-7864-n1-40603-03/,izgaralar,pisirme,600-serisi | izgaralar | moduler-mutfaklar,https://oztiryakiler.com.tr/urunler/moduler-mutfaklar/600-serisi/izgaralar/,Eşleşmedi,,,,
Kaynatma Tenceresi 700 Seri Direkt Gazlı 60 Lt. 80x70x85 7855.N,1.80708.14-tr,https://oztiryakiler.com.tr/urun/kaynatma-tenceresi-700-seri-direkt-gazli-60-lt-80x70x85-7855-n1-80708-14/,kaynatma-tencereleri-700-serisi,pisirme,700-serisi | kaynatma-tencereleri-700-serisi | moduler-mutfaklar,https://oztiryakiler.com.tr/urunler/moduler-mutfaklar/700-serisi/kaynatma-tencereleri-700-serisi/,Eşleşmedi,,,,
Kaynatma Tenceresi 700 Seri İndirekt Elektrikli 60 Lt. 80x70x85 7855.N,1.80708.01-tr,https://oztiryakiler.com.tr/urun/kaynatma-tenceresi-700-seri-indirekt-elektrikli-60-lt-80x70x85-7855-n1-80708-01/,kaynatma-tencereleri-700-serisi,pisirme,700-serisi | kaynatma-tencereleri-700-serisi | moduler-mutfaklar,https://oztiryakiler.com.tr/urunler/moduler-mutfaklar/700-serisi/kaynatma-tencereleri-700-serisi/,Eşleşmedi,,,,
Kaynatma Tenceresi 700 Seri İndirekt Gazlı 60 Lt. 80x70x85 7855.N,1.80708.04-tr,https://oztiryakiler.com.tr/urun/kaynatma-tenceresi-700-seri-indirekt-gazli-60-lt-80x70x85-7855-n1-80708-04/,kaynatma-tencereleri-700-serisi,pisirme,700-serisi | kaynatma-tencereleri-700-serisi | moduler-mutfaklar,https://oztiryakiler.com.tr/urunler/moduler-mutfaklar/700-serisi/kaynatma-tencereleri-700-serisi/,Eşleşmedi,,,,
İndüksiyon Ocak Set Üstü 700 Seri Elektrikli 40x70x30 7865.,N1.40703.IS-tr,https://oztiryakiler.com.tr/urun/induksiyon-ocak-set-ustu-700-seri-elektrikli-40x70x30-7865-n1-40703-is/,ocaklar-700-serisi,pisirme,700-serisi | moduler-mutfaklar | ocaklar-700-serisi,https://oztiryakiler.com.tr/urunler/moduler-mutfaklar/700-serisi/ocaklar-700-serisi/,Eşleşmedi,,,,
İndüksiyon Ocak Set Üstü 700 Seri Elektrikli 80x70x30 7865.,N1.80703.IS-tr,https://oztiryakiler.com.tr/urun/induksiyon-ocak-set-ustu-700-seri-elektrikli-80x70x30-7865-n1-80703-is/,ocaklar-700-serisi,pisirme,700-serisi | moduler-mutfaklar | ocaklar-700-serisi,https://oztiryakiler.com.tr/urunler/moduler-mutfaklar/700-serisi/ocaklar-700-serisi/,Eşleşmedi,,,,
Ocak Set Üstü 70 Seri Gazlı İkili 40x70x30 (L) -2X6 Kw 7865.,N1.40703.33L-tr,https://oztiryakiler.com.tr/urun/ocak-set-ustu-70-seri-gazli-ikili-40x70x30-l-2x6-kw-7865-n1-40703-33l/,ocaklar-700-serisi,pisirme,700-serisi | moduler-mutfaklar | ocaklar-700-serisi,https://oztiryakiler.com.tr/urunler/moduler-mutfaklar/700-serisi/ocaklar-700-serisi/,Eşleşmedi,,,,
Ocak Set Üstü 700 Seri Elektrikli 40x70 7865.N,1.40703.12-tr,https://oztiryakiler.com.tr/urun/ocak-set-ustu-700-seri-elektrikli-40x70-7865-n1-40703-12/,ocaklar-700-serisi,pisirme,700-serisi | moduler-mutfaklar | ocaklar-700-serisi,https://oztiryakiler.com.tr/urunler/moduler-mutfaklar/700-serisi/ocaklar-700-serisi/,Eşleşmedi,,,,
Ocak Set Üstü 700 Seri Elektrikli Dörtlü 80x70x30 7865.N,1.80703.14-tr,https://oztiryakiler.com.tr/urun/ocak-set-ustu-700-seri-elektrikli-dortlu-80x70x30-7865-n1-80703-14/,ocaklar-700-serisi,pisirme,700-serisi | moduler-mutfaklar | ocaklar-700-serisi,https://oztiryakiler.com.tr/urunler/moduler-mutfaklar/700-serisi/ocaklar-700-serisi/,Eşleşmedi,,,,
Ocak Set Üstü 700 Seri Gazlı Dörtlü 80x70x30 (L)-4X6 Kw 7865.,N1.80703.35L-tr,https://oztiryakiler.com.tr/urun/ocak-set-ustu-700-seri-gazli-dortlu-80x70x30-l-4x6-kw-7865-n1-80703-35l/,ocaklar-700-serisi,pisirme,700-serisi | moduler-mutfaklar | ocaklar-700-serisi,https://oztiryakiler.com.tr/urunler/moduler-mutfaklar/700-serisi/ocaklar-700-serisi/,Eşleşmedi,,,,
"Ocak Set Üstü 700 Seri Gazlı Dörtlü Ocak 80x70x30 (Lp)-2X6Kw+2X7,5Kw 7865.",N1.80703.35LP-tr,https://oztiryakiler.com.tr/urun/ocak-set-ustu-700-seri-gazli-dortlu-ocak-80x70x30-lp-2x6kw2x75kw-7865-n1-80703-35lp/,ocaklar-700-serisi,pisirme,700-serisi | moduler-mutfaklar | ocaklar-700-serisi,https://oztiryakiler.com.tr/urunler/moduler-mutfaklar/700-serisi/ocaklar-700-serisi/,Eşleşmedi,,,,
"Ocak Set Üstü 700 Seri Gazlı İkili 40x70x30 (Lp) -6 Kw+7,5Kw 7865.",N1.40703.33LP-tr,https://oztiryakiler.com.tr/urun/ocak-set-ustu-700-seri-gazli-ikili-40x70x30-lp-6-kw75kw-7865-n1-40703-33lp/,ocaklar-700-serisi,pisirme,700-serisi | moduler-mutfaklar | ocaklar-700-serisi,https://oztiryakiler.com.tr/urunler/moduler-mutfaklar/700-serisi/ocaklar-700-serisi/,Eşleşmedi,,,,
"Ocak Set Üstü 700 Seri Gazlı İkili 40x70x30 (Ls) -2X7,5 Kw 7865.",N1.40703.33LS-tr,https://oztiryakiler.com.tr/urun/ocak-set-ustu-700-seri-gazli-ikili-40x70x30-ls-2x75-kw-7865-n1-40703-33ls/,ocaklar-700-serisi,pisirme,700-serisi | moduler-mutfaklar | ocaklar-700-serisi,https://oztiryakiler.com.tr/urunler/moduler-mutfaklar/700-serisi/ocaklar-700-serisi/,Eşleşmedi,,,,
Ocak Set Üstü 700 Seri Gazlı Kapalı Döküm 80x70x30 7865.N,1.80703.22-tr,https://oztiryakiler.com.tr/urun/ocak-set-ustu-700-seri-gazli-kapali-dokum-80x70x30-7865-n1-80703-22/,ocaklar-700-serisi,pisirme,700-serisi | moduler-mutfaklar | ocaklar-700-serisi,https://oztiryakiler.com.tr/urunler/moduler-mutfaklar/700-serisi/ocaklar-700-serisi/,Eşleşmedi,,,,
Seran Cam Ocak Set Üstü 700 Seri Elektrikli 40x70x30 7865.,N1.40703.CS-tr,https://oztiryakiler.com.tr/urun/seran-cam-ocak-set-ustu-700-seri-elektrikli-40x70x30-7865-n1-40703-cs/,ocaklar-700-serisi,pisirme,700-serisi | moduler-mutfaklar | ocaklar-700-serisi,https://oztiryakiler.com.tr/urunler/moduler-mutfaklar/700-serisi/ocaklar-700-serisi/,Eşleşmedi,,,,
Seran Ocak Set Üstü 700 Seri Elektrikli 80x70x30 7865.,N1.80703.CS-tr,https://oztiryakiler.com.tr/urun/seran-ocak-set-ustu-700-seri-elektrikli-80x70x30-7865-n1-80703-cs/,ocaklar-700-serisi,pisirme,700-serisi | moduler-mutfaklar | ocaklar-700-serisi,https://oztiryakiler.com.tr/urunler/moduler-mutfaklar/700-serisi/ocaklar-700-serisi/,Eşleşmedi,,,,
Wok Ocak Set Üstü 700 Seri İkili Gazlı 80x70x30-28 Kw 7865.,N1.80703.WK-tr,https://oztiryakiler.com.tr/urun/wok-ocak-set-ustu-700-seri-ikili-gazli-80x70x30-28-kw-7865-n1-80703-wk/,ocaklar-700-serisi,pisirme,700-serisi | moduler-mutfaklar | ocaklar-700-serisi,https://oztiryakiler.com.tr/urunler/moduler-mutfaklar/700-serisi/ocaklar-700-serisi/,Eşleşmedi,,,,
Wok Ocak Set Üstü 700 Seri Tekli Gazlı 40x70x30-14 Kw 7865.,N1.40703.WK-tr,https://oztiryakiler.com.tr/urun/wok-ocak-set-ustu-700-seri-tekli-gazli-40x70x30-14-kw-7865-n1-40703-wk/,ocaklar-700-serisi,pisirme,700-serisi | moduler-mutfaklar | ocaklar-700-serisi,https://oztiryakiler.com.tr/urunler/moduler-mutfaklar/700-serisi/ocaklar-700-serisi/,Eşleşmedi,,,,
Fritöz Set Üstü 700 Seri Elektrikli 40x70x30 7856.N,1.40703.11-tr,https://oztiryakiler.com.tr/urun/fritoz-set-ustu-700-seri-elektrikli-40x70x30-7856-n1-40703-11/,fritozler-700-serisi,pisirme,700-serisi | fritozler-700-serisi | moduler-mutfaklar,https://oztiryakiler.com.tr/urunler/moduler-mutfaklar/700-serisi/fritozler-700-serisi/,Eşleşmedi,,,,
Fritöz Set Üstü 700 Seri Elektrikli 80x70x30 7856.N,1.80703.11-tr,https://oztiryakiler.com.tr/urun/fritoz-set-ustu-700-seri-elektrikli-80x70x30-7856-n1-80703-11/,fritozler-700-serisi,pisirme,700-serisi | fritozler-700-serisi | moduler-mutfaklar,https://oztiryakiler.com.tr/urunler/moduler-mutfaklar/700-serisi/fritozler-700-serisi/,Eşleşmedi,,,,
Fritöz Set Üstü 700 Seri Gazlı 40x70x30 7856.N,1.40703.03-tr,https://oztiryakiler.com.tr/urun/fritoz-set-ustu-700-seri-gazli-40x70x30-7856-n1-40703-03/,fritozler-700-serisi,pisirme,700-serisi | fritozler-700-serisi | moduler-mutfaklar,https://oztiryakiler.com.tr/urunler/moduler-mutfaklar/700-serisi/fritozler-700-serisi/,Eşleşmedi,,,,
Fritöz Set Üstü 700 Seri Gazlı 80x70x30 7856.N,1.80703.13-tr,https://oztiryakiler.com.tr/urun/fritoz-set-ustu-700-seri-gazli-80x70x30-7856-n1-80703-13/,fritozler-700-serisi,pisirme,700-serisi | fritozler-700-serisi | moduler-mutfaklar,https://oztiryakiler.com.tr/urunler/moduler-mutfaklar/700-serisi/fritozler-700-serisi/,Eşleşmedi,,,,
Grill Plate Set Üstü 700 Seri Düz Elektrikli 40x70x30 7864.N,1.40703.04-tr,https://oztiryakiler.com.tr/urun/grill-plate-set-ustu-700-seri-duz-elektrikli-40x70x30-7864-n1-40703-04/,izgaralar-700-serisi,pisirme,700-serisi | izgaralar-700-serisi | moduler-mutfaklar,https://oztiryakiler.com.tr/urunler/moduler-mutfaklar/700-serisi/izgaralar-700-serisi/,Eşleşmedi,,,,
Grill Plate Set Üstü 700 Seri Düz Elektrikli 40x70x30- Sert Krom Kaplı 7864.,N1.40703.04C-tr,https://oztiryakiler.com.tr/urun/grill-plate-set-ustu-700-seri-duz-elektrikli-40x70x30-sert-krom-kapli-7864-n1-40703-04c/,izgaralar-700-serisi,pisirme,700-serisi | izgaralar-700-serisi | moduler-mutfaklar,https://oztiryakiler.com.tr/urunler/moduler-mutfaklar/700-serisi/izgaralar-700-serisi/,Eşleşmedi,,,,
Grill Plate Set Üstü 700 Seri Elektrikli Düz 80x70x30 7864.N,1.80703.17-tr,https://oztiryakiler.com.tr/urun/grill-plate-set-ustu-700-seri-elektrikli-duz-80x70x30-7864-n1-80703-17/,izgaralar-700-serisi,pisirme,700-serisi | izgaralar-700-serisi | moduler-mutfaklar,https://oztiryakiler.com.tr/urunler/moduler-mutfaklar/700-serisi/izgaralar-700-serisi/,Eşleşmedi,,,,
Grill Plate Set Üstü 700 Seri Elektrikli Düz 80x70x30-Sert Krom Kaplı 7864.,N1.80703.17C-tr,https://oztiryakiler.com.tr/urun/grill-plate-set-ustu-700-seri-elektrikli-duz-80x70x30-sert-krom-kapli-7864-n1-80703-17c/,izgaralar-700-serisi,pisirme,700-serisi | izgaralar-700-serisi | moduler-mutfaklar,https://oztiryakiler.com.tr/urunler/moduler-mutfaklar/700-serisi/izgaralar-700-serisi/,Eşleşmedi,,,,
Grill Plate Set Üstü 700 Seri Elektrikli Oluklu 80x70x30 7864.N,1.80703.11-tr,https://oztiryakiler.com.tr/urun/grill-plate-set-ustu-700-seri-elektrikli-oluklu-80x70x30-7864-n1-80703-11/,izgaralar-700-serisi,pisirme,700-serisi | izgaralar-700-serisi | moduler-mutfaklar,https://oztiryakiler.com.tr/urunler/moduler-mutfaklar/700-serisi/izgaralar-700-serisi/,Eşleşmedi,,,,
Grill Plate Set Üstü 700 Seri Elektrikli Oluklu 80x70x30-Sert Krom Kaplı 7864.,N1.80703.11C-tr,https://oztiryakiler.com.tr/urun/grill-plate-set-ustu-700-seri-elektrikli-oluklu-80x70x30-sert-krom-kapli-7864-n1-80703-11c/,izgaralar-700-serisi,pisirme,700-serisi | izgaralar-700-serisi | moduler-mutfaklar,https://oztiryakiler.com.tr/urunler/moduler-mutfaklar/700-serisi/izgaralar-700-serisi/,Eşleşmedi,,,,
Grill Plate Set Üstü 700 Seri Elektrikli Yarı Oluklu 80x70x30-Sert Krom Kaplı 7864.,N1.80703.14C-tr,https://oztiryakiler.com.tr/urun/grill-plate-set-ustu-700-seri-elektrikli-yari-oluklu-80x70x30-sert-krom-kapli-7864-n1-80703-14c/,izgaralar-700-serisi,pisirme,700-serisi | izgaralar-700-serisi | moduler-mutfaklar,https://oztiryakiler.com.tr/urunler/moduler-mutfaklar/700-serisi/izgaralar-700-serisi/,Eşleşmedi,,,,
Grill Plate Set Üstü 700 Seri Gazlı Düz 40x70x30 7864.N,1.40703.06-tr,https://oztiryakiler.com.tr/urun/grill-plate-set-ustu-700-seri-gazli-duz-40x70x30-7864-n1-40703-06/,izgaralar-700-serisi,pisirme,700-serisi | izgaralar-700-serisi | moduler-mutfaklar,https://oztiryakiler.com.tr/urunler/moduler-mutfaklar/700-serisi/izgaralar-700-serisi/,Eşleşmedi,,,,
Grill Plate Set Üstü 700 Seri Gazlı Düz 40x70x30-Sert Krom Kaplı 7864.,N1.40703.06C-tr,https://oztiryakiler.com.tr/urun/grill-plate-set-ustu-700-seri-gazli-duz-40x70x30-sert-krom-kapli-7864-n1-40703-06c/,izgaralar-700-serisi,pisirme,700-serisi | izgaralar-700-serisi | moduler-mutfaklar,https://oztiryakiler.com.tr/urunler/moduler-mutfaklar/700-serisi/izgaralar-700-serisi/,Eşleşmedi,,,,
Grill Plate Set Üstü 700 Seri Gazlı Düz 80x70x30 7864.N,1.80703.19-tr,https://oztiryakiler.com.tr/urun/grill-plate-set-ustu-700-seri-gazli-duz-80x70x30-7864-n1-80703-19/,izgaralar-700-serisi,pisirme,700-serisi | izgaralar-700-serisi | moduler-mutfaklar,https://oztiryakiler.com.tr/urunler/moduler-mutfaklar/700-serisi/izgaralar-700-serisi/,Eşleşmedi,,,,
Grill Plate Set Üstü 700 Seri Gazlı Düz 80x70x30-Sert Krom Kaplı 7864.,N1.80703.19C-tr,https://oztiryakiler.com.tr/urun/grill-plate-set-ustu-700-seri-gazli-duz-80x70x30-sert-krom-kapli-7864-n1-80703-19c/,izgaralar-700-serisi,pisirme,700-serisi | izgaralar-700-serisi | moduler-mutfaklar,https://oztiryakiler.com.tr/urunler/moduler-mutfaklar/700-serisi/izgaralar-700-serisi/,Eşleşmedi,,,,
Grill Plate Set Üstü 700 Seri Gazlı Oluklu 80x70x30 7864.N,1.80703.13-tr,https://oztiryakiler.com.tr/urun/grill-plate-set-ustu-700-seri-gazli-oluklu-80x70x30-7864-n1-80703-13/,izgaralar-700-serisi,pisirme,700-serisi | izgaralar-700-serisi | moduler-mutfaklar,https://oztiryakiler.com.tr/urunler/moduler-mutfaklar/700-serisi/izgaralar-700-serisi/,Eşleşmedi,,,,
Grill Plate Set Üstü 700 Seri Gazlı Oluklu 80x70x30-Sert Krom Kaplı 7864.,N1.80703.13C-tr,https://oztiryakiler.com.tr/urun/grill-plate-set-ustu-700-seri-gazli-oluklu-80x70x30-sert-krom-kapli-7864-n1-80703-13c/,izgaralar-700-serisi,pisirme,700-serisi | izgaralar-700-serisi | moduler-mutfaklar,https://oztiryakiler.com.tr/urunler/moduler-mutfaklar/700-serisi/izgaralar-700-serisi/,Eşleşmedi,,,,
Grill Plate Set Üstü 700 Seri Gazlı Yarı Oluklu 80x70x30 7864.N,1.80703.16-tr,https://oztiryakiler.com.tr/urun/grill-plate-set-ustu-700-seri-gazli-yari-oluklu-80x70x30-7864-n1-80703-16/,izgaralar-700-serisi,pisirme,700-serisi | izgaralar-700-serisi | moduler-mutfaklar,https://oztiryakiler.com.tr/urunler/moduler-mutfaklar/700-serisi/izgaralar-700-serisi/,Eşleşmedi,,,,
Grill Plate Set Üstü 700 Seri Gazlı Yarı Oluklu 80x70x30-Sert Krom Kaplı 7864.,N1.80703.16C-tr,https://oztiryakiler.com.tr/urun/grill-plate-set-ustu-700-seri-gazli-yari-oluklu-80x70x30-sert-krom-kapli-7864-n1-80703-16c/,izgaralar-700-serisi,pisirme,700-serisi | izgaralar-700-serisi | moduler-mutfaklar,https://oztiryakiler.com.tr/urunler/moduler-mutfaklar/700-serisi/izgaralar-700-serisi/,Eşleşmedi,,,,
Grill Plate Set Üstü 700 Seri Oluklu Elektrikli 40x70x30 7864.N,1.40703.01-tr,https://oztiryakiler.com.tr/urun/grill-plate-set-ustu-700-seri-oluklu-elektrikli-40x70x30-7864-n1-40703-01/,izgaralar-700-serisi,pisirme,700-serisi | izgaralar-700-serisi | moduler-mutfaklar,https://oztiryakiler.com.tr/urunler/moduler-mutfaklar/700-serisi/izgaralar-700-serisi/,Eşleşmedi,,,,
Devrilir Tava 700 Seri 50 Lt. Gazlı 80x70x85-Elektronik Ateşlemeli 7867.N,1.80708.04-tr,https://oztiryakiler.com.tr/urun/devrilir-tava-700-seri-50-lt-gazli-80x70x85-elektronik-ateslemeli-7867-n1-80708-04/,devrilir-tavalar-700-serisi,pisirme,700-serisi | devrilir-tavalar-700-serisi | moduler-mutfaklar,https://oztiryakiler.com.tr/urunler/moduler-mutfaklar/700-serisi/devrilir-tavalar-700-serisi/,Eşleşmedi,,,,
Devrilir Tava 700 Seri Elektrikli 50 Lt. 80x70x85 7867.N,1.80708.01-tr,https://oztiryakiler.com.tr/urun/devrilir-tava-700-seri-elektrikli-50-lt-80x70x85-7867-n1-80708-01/,devrilir-tavalar-700-serisi,pisirme,700-serisi | devrilir-tavalar-700-serisi | moduler-mutfaklar,https://oztiryakiler.com.tr/urunler/moduler-mutfaklar/700-serisi/devrilir-tavalar-700-serisi/,Eşleşmedi,,,,
İnduksiyon Ocak Set Üstü 900 Seri 40x90x30 7865.,N1.40903.IS-tr,https://oztiryakiler.com.tr/urun/induksiyon-ocak-set-ustu-900-seri-40x90x30-7865-n1-40903-is/,ocaklar-900-serisi,pisirme,900-serisi | moduler-mutfaklar | ocaklar-900-serisi,https://oztiryakiler.com.tr/urunler/moduler-mutfaklar/900-serisi/ocaklar-900-serisi/,Eşleşmedi,,,,
İnduksiyon Ocak Set Üstü 900 Seri 80x90x30 7865.,N1.80903.IS-tr,https://oztiryakiler.com.tr/urun/induksiyon-ocak-set-ustu-900-seri-80x90x30-7865-n1-80903-is/,ocaklar-900-serisi,pisirme,900-serisi | moduler-mutfaklar | ocaklar-900-serisi,https://oztiryakiler.com.tr/urunler/moduler-mutfaklar/900-serisi/ocaklar-900-serisi/,Eşleşmedi,,,,
Ocak Set Üstü 900 Seri Elektrikli 40x90x30 7865.N,1.40903.21-tr,https://oztiryakiler.com.tr/urun/ocak-set-ustu-900-seri-elektrikli-40x90x30-7865-n1-40903-21/,ocaklar-900-serisi,pisirme,900-serisi | moduler-mutfaklar | ocaklar-900-serisi,https://oztiryakiler.com.tr/urunler/moduler-mutfaklar/900-serisi/ocaklar-900-serisi/,Eşleşmedi,,,,
Ocak Set Üstü 900 Seri Elektrikli Altılı 120x90x30 7865.N,1.12903.21-tr,https://oztiryakiler.com.tr/urun/ocak-set-ustu-900-seri-elektrikli-altili-120x90x30-7865-n1-12903-21/,ocaklar-900-serisi,pisirme,900-serisi | moduler-mutfaklar | ocaklar-900-serisi,https://oztiryakiler.com.tr/urunler/moduler-mutfaklar/900-serisi/ocaklar-900-serisi/,Eşleşmedi,,,,
Ocak Set Üstü 900 Seri Elektrikli Dörtlü 80x90x30 7865.N,1.80903.21-tr,https://oztiryakiler.com.tr/urun/ocak-set-ustu-900-seri-elektrikli-dortlu-80x90x30-7865-n1-80903-21/,ocaklar-900-serisi,pisirme,900-serisi | moduler-mutfaklar | ocaklar-900-serisi,https://oztiryakiler.com.tr/urunler/moduler-mutfaklar/900-serisi/ocaklar-900-serisi/,Eşleşmedi,,,,
Ocak Set Üstü 900 Seri Gazlı Altılı 120x90x30 (3X6+3X10=48 Kw) 7865.N,1.12903.20-tr,https://oztiryakiler.com.tr/urun/ocak-set-ustu-900-seri-gazli-altili-120x90x30-3x63x1048-kw-7865-n1-12903-20/,ocaklar-900-serisi,pisirme,900-serisi | moduler-mutfaklar | ocaklar-900-serisi,https://oztiryakiler.com.tr/urunler/moduler-mutfaklar/900-serisi/ocaklar-900-serisi/,Eşleşmedi,,,,
Ocak Set Üstü 900 Seri Gazlı Dörtlü 80x90x30 (2X6+2X10=32 Kw) 7865.N,1.80903.20-tr,https://oztiryakiler.com.tr/urun/ocak-set-ustu-900-seri-gazli-dortlu-80x90x30-2x62x1032-kw-7865-n1-80903-20/,ocaklar-900-serisi,pisirme,900-serisi | moduler-mutfaklar | ocaklar-900-serisi,https://oztiryakiler.com.tr/urunler/moduler-mutfaklar/900-serisi/ocaklar-900-serisi/,Eşleşmedi,,,,
Ocak Set Üstü 900 Seri Gazlı Dörtlü 80x90x30 (4X10=40 Kw) 7865.,N1.80903.20P-tr,https://oztiryakiler.com.tr/urun/ocak-set-ustu-900-seri-gazli-dortlu-80x90x30-4x1040-kw-7865-n1-80903-20p/,ocaklar-900-serisi,pisirme,900-serisi | moduler-mutfaklar | ocaklar-900-serisi,https://oztiryakiler.com.tr/urunler/moduler-mutfaklar/900-serisi/ocaklar-900-serisi/,Eşleşmedi,,,,
Ocak Set Üstü 900 Seri Gazlı İkili Ocak 40x90x30 (6+10=16 Kw) 7865.N,1.40903.20-tr,https://oztiryakiler.com.tr/urun/ocak-set-ustu-900-seri-gazli-ikili-ocak-40x90x30-61016-kw-7865-n1-40903-20/,ocaklar-900-serisi,pisirme,900-serisi | moduler-mutfaklar | ocaklar-900-serisi,https://oztiryakiler.com.tr/urunler/moduler-mutfaklar/900-serisi/ocaklar-900-serisi/,Eşleşmedi,,,,
Ocak Set Üstü 900 Seri Gazlı Kapalı Döküm 80x90x30 7865.N,1.80903.22-tr,https://oztiryakiler.com.tr/urun/ocak-set-ustu-900-seri-gazli-kapali-dokum-80x90x30-7865-n1-80903-22/,ocaklar-900-serisi,pisirme,900-serisi | moduler-mutfaklar | ocaklar-900-serisi,https://oztiryakiler.com.tr/urunler/moduler-mutfaklar/900-serisi/ocaklar-900-serisi/,Eşleşmedi,,,,
Ocak Set Üstü 900 Seri Gazlı Tekli Ocak 80x90x30 7865.N,1.80903.53-tr,https://oztiryakiler.com.tr/urun/ocak-set-ustu-900-seri-gazli-tekli-ocak-80x90x30-7865-n1-80903-53/,ocaklar-900-serisi,pisirme,900-serisi | moduler-mutfaklar | ocaklar-900-serisi,https://oztiryakiler.com.tr/urunler/moduler-mutfaklar/900-serisi/ocaklar-900-serisi/,Eşleşmedi,,,,
Seran Cam Ocak Set Üstü 900 Seri Elektrikli 40x90x30 7865.,N1.40903.CS-tr,https://oztiryakiler.com.tr/urun/seran-cam-ocak-set-ustu-900-seri-elektrikli-40x90x30-7865-n1-40903-cs/,ocaklar-900-serisi,pisirme,900-serisi | moduler-mutfaklar | ocaklar-900-serisi,https://oztiryakiler.com.tr/urunler/moduler-mutfaklar/900-serisi/ocaklar-900-serisi/,Eşleşmedi,,,,
Seran Cam Ocak Set Üstü 900 Seri Elektrikli 80x90x30 7865.,N1.80903.CS-tr,https://oztiryakiler.com.tr/urun/seran-cam-ocak-set-ustu-900-seri-elektrikli-80x90x30-7865-n1-80903-cs/,ocaklar-900-serisi,pisirme,900-serisi | moduler-mutfaklar | ocaklar-900-serisi,https://oztiryakiler.com.tr/urunler/moduler-mutfaklar/900-serisi/ocaklar-900-serisi/,Eşleşmedi,,,,
Wok Ocak Set Üstü 900 Seri Gazlı Tekli 40x90x30-14 Kw 7865.,N1.40903.WK-tr,https://oztiryakiler.com.tr/urun/wok-ocak-set-ustu-900-seri-gazli-tekli-40x90x30-14-kw-7865-n1-40903-wk/,ocaklar-900-serisi,pisirme,900-serisi | moduler-mutfaklar | ocaklar-900-serisi,https://oztiryakiler.com.tr/urunler/moduler-mutfaklar/900-serisi/ocaklar-900-serisi/,Eşleşmedi,,,,
Wok Ocak Set Üstü 900 Seri İkili Gazlı 80x90x30-28 Kw 7865.,N1.80903.WK-tr,https://oztiryakiler.com.tr/urun/wok-ocak-set-ustu-900-seri-ikili-gazli-80x90x30-28-kw-7865-n1-80903-wk/,ocaklar-900-serisi,pisirme,900-serisi | moduler-mutfaklar | ocaklar-900-serisi,https://oztiryakiler.com.tr/urunler/moduler-mutfaklar/900-serisi/ocaklar-900-serisi/,Eşleşmedi,,,,
Fritöz Dolaplı 900 Seri Elektrikli 80x90x85 7856.N,1.80908.02-tr,https://oztiryakiler.com.tr/urun/fritoz-dolapli-900-seri-elektrikli-80x90x85-7856-n1-80908-02/,fritozler-900-serisi,pisirme,900-serisi | fritozler-900-serisi | moduler-mutfaklar,https://oztiryakiler.com.tr/urunler/moduler-mutfaklar/900-serisi/fritozler-900-serisi/,Eşleşmedi,,,,
Fritöz Dolaplı 900 Seri Gazlı 40x90x85 7856.N,1.40908.04-tr,https://oztiryakiler.com.tr/urun/fritoz-dolapli-900-seri-gazli-40x90x85-7856-n1-40908-04/,fritozler-900-serisi,pisirme,900-serisi | fritozler-900-serisi | moduler-mutfaklar,https://oztiryakiler.com.tr/urunler/moduler-mutfaklar/900-serisi/fritozler-900-serisi/,Eşleşmedi,,,,
Fritöz Dolaplı 900 Seri Gazlı 80x90x85 7856.N,1.80908.14-tr,https://oztiryakiler.com.tr/urun/fritoz-dolapli-900-seri-gazli-80x90x85-7856-n1-80908-14/,fritozler-900-serisi,pisirme,900-serisi | fritozler-900-serisi | moduler-mutfaklar,https://oztiryakiler.com.tr/urunler/moduler-mutfaklar/900-serisi/fritozler-900-serisi/,Eşleşmedi,,,,
Fritöz Set Üstü 900 Seri Elektrikli Dolaplı 40x90x85 7856.N,1.40908.02-tr,https://oztiryakiler.com.tr/urun/fritoz-set-ustu-900-seri-elektrikli-dolapli-40x90x85-7856-n1-40908-02/,fritozler-900-serisi,pisirme,900-serisi | fritozler-900-serisi | moduler-mutfaklar,https://oztiryakiler.com.tr/urunler/moduler-mutfaklar/900-serisi/fritozler-900-serisi/,Eşleşmedi,,,,
Grill Plate Set Üstü 900 Seri Elektrikli Düz 40x90x30 7864.N,1.40903.04-tr,https://oztiryakiler.com.tr/urun/grill-plate-set-ustu-900-seri-elektrikli-duz-40x90x30-7864-n1-40903-04/,izgaralar-900-serisi,pisirme,900-serisi | izgaralar-900-serisi | moduler-mutfaklar,https://oztiryakiler.com.tr/urunler/moduler-mutfaklar/900-serisi/izgaralar-900-serisi/,Eşleşmedi,,,,
Grill Plate Set Üstü 900 Seri Elektrikli Düz 40x90x30-Sert Krom Kaplı 7864.,N1.40903.04C-tr,https://oztiryakiler.com.tr/urun/grill-plate-set-ustu-900-seri-elektrikli-duz-40x90x30-sert-krom-kapli-7864-n1-40903-04c/,izgaralar-900-serisi,pisirme,900-serisi | izgaralar-900-serisi | moduler-mutfaklar,https://oztiryakiler.com.tr/urunler/moduler-mutfaklar/900-serisi/izgaralar-900-serisi/,Eşleşmedi,,,,
Grill Plate Set Üstü 900 Seri Elektrikli Düz 80x90x30 7864.N,1.80903.17-tr,https://oztiryakiler.com.tr/urun/grill-plate-set-ustu-900-seri-elektrikli-duz-80x90x30-7864-n1-80903-17/,izgaralar-900-serisi,pisirme,900-serisi | izgaralar-900-serisi | moduler-mutfaklar,https://oztiryakiler.com.tr/urunler/moduler-mutfaklar/900-serisi/izgaralar-900-serisi/,Eşleşmedi,,,,
Grill Plate Set Üstü 900 Seri Elektrikli Düz 80x90x30-Sert Krom Kaplı 7864.,N1.80903.17C-tr,https://oztiryakiler.com.tr/urun/grill-plate-set-ustu-900-seri-elektrikli-duz-80x90x30-sert-krom-kapli-7864-n1-80903-17c/,izgaralar-900-serisi,pisirme,900-serisi | izgaralar-900-serisi | moduler-mutfaklar,https://oztiryakiler.com.tr/urunler/moduler-mutfaklar/900-serisi/izgaralar-900-serisi/,Eşleşmedi,,,,
Grill Plate Set Üstü 900 Seri Elektrikli Oluklu 40x90x30 7864.N,1.40903.01-tr,https://oztiryakiler.com.tr/urun/grill-plate-set-ustu-900-seri-elektrikli-oluklu-40x90x30-7864-n1-40903-01/,izgaralar-900-serisi,pisirme,900-serisi | izgaralar-900-serisi | moduler-mutfaklar,https://oztiryakiler.com.tr/urunler/moduler-mutfaklar/900-serisi/izgaralar-900-serisi/,Eşleşmedi,,,,
Grill Plate Set Üstü 900 Seri Elektrikli Oluklu 40x90x30-Sert Krom Kaplı 7864.,N1.40903.01C-tr,https://oztiryakiler.com.tr/urun/grill-plate-set-ustu-900-seri-elektrikli-oluklu-40x90x30-sert-krom-kapli-7864-n1-40903-01c/,izgaralar-900-serisi,pisirme,900-serisi | izgaralar-900-serisi | moduler-mutfaklar,https://oztiryakiler.com.tr/urunler/moduler-mutfaklar/900-serisi/izgaralar-900-serisi/,Eşleşmedi,,,,
Grill Plate Set Üstü 900 Seri Elektrikli Oluklu 80x90x30 7864.N,1.80903.11-tr,https://oztiryakiler.com.tr/urun/grill-plate-set-ustu-900-seri-elektrikli-oluklu-80x90x30-7864-n1-80903-11/,izgaralar-900-serisi,pisirme,900-serisi | izgaralar-900-serisi | moduler-mutfaklar,https://oztiryakiler.com.tr/urunler/moduler-mutfaklar/900-serisi/izgaralar-900-serisi/,Eşleşmedi,,,,
Grill Plate Set Üstü 900 Seri Elektrikli Oluklu 80x90x30-Sert Krom Kaplı 7864.,N1.80903.11C-tr,https://oztiryakiler.com.tr/urun/grill-plate-set-ustu-900-seri-elektrikli-oluklu-80x90x30-sert-krom-kapli-7864-n1-80903-11c/,izgaralar-900-serisi,pisirme,900-serisi | izgaralar-900-serisi | moduler-mutfaklar,https://oztiryakiler.com.tr/urunler/moduler-mutfaklar/900-serisi/izgaralar-900-serisi/,Eşleşmedi,,,,
Grill Plate Set Üstü 900 Seri Elektrikli Yarı Oluklu 80x90x30 7864.N,1.80903.14-tr,https://oztiryakiler.com.tr/urun/grill-plate-set-ustu-900-seri-elektrikli-yari-oluklu-80x90x30-7864-n1-80903-14/,izgaralar-900-serisi,pisirme,900-serisi | izgaralar-900-serisi | moduler-mutfaklar,https://oztiryakiler.com.tr/urunler/moduler-mutfaklar/900-serisi/izgaralar-900-serisi/,Eşleşmedi,,,,
Grill Plate Set Üstü 900 Seri Elektrikli Yarı Oluklu 80x90x30-Sert Krom Kaplı 7864.,N1.80903.14C-tr,https://oztiryakiler.com.tr/urun/grill-plate-set-ustu-900-seri-elektrikli-yari-oluklu-80x90x30-sert-krom-kapli-7864-n1-80903-14c/,izgaralar-900-serisi,pisirme,900-serisi | izgaralar-900-serisi | moduler-mutfaklar,https://oztiryakiler.com.tr/urunler/moduler-mutfaklar/900-serisi/izgaralar-900-serisi/,Eşleşmedi,,,,
Grill Plate Set Üstü 900 Seri Gazlı Düz 40x90 7864.N,1.40903.06-tr,https://oztiryakiler.com.tr/urun/grill-plate-set-ustu-900-seri-gazli-duz-40x90-7864-n1-40903-06/,izgaralar-900-serisi,pisirme,900-serisi | izgaralar-900-serisi | moduler-mutfaklar,https://oztiryakiler.com.tr/urunler/moduler-mutfaklar/900-serisi/izgaralar-900-serisi/,Eşleşmedi,,,,
Grill Plate Set Üstü 900 Seri Gazlı Düz 40x90x30-Sert Krom Kaplı 7864.,N1.40903.06C-tr,https://oztiryakiler.com.tr/urun/grill-plate-set-ustu-900-seri-gazli-duz-40x90x30-sert-krom-kapli-7864-n1-40903-06c/,izgaralar-900-serisi,pisirme,900-serisi | izgaralar-900-serisi | moduler-mutfaklar,https://oztiryakiler.com.tr/urunler/moduler-mutfaklar/900-serisi/izgaralar-900-serisi/,Eşleşmedi,,,,
Grill Plate Set Üstü 900 Seri Gazlı Düz 80x90x30 7864.N,1.80903.16-tr,https://oztiryakiler.com.tr/urun/grill-plate-set-ustu-900-seri-gazli-duz-80x90x30-7864-n1-80903-16/,izgaralar-900-serisi,pisirme,900-serisi | izgaralar-900-serisi | moduler-mutfaklar,https://oztiryakiler.com.tr/urunler/moduler-mutfaklar/900-serisi/izgaralar-900-serisi/,Eşleşmedi,,,,
Grill Plate Set Üstü 900 Seri Gazlı Düz 80x90x30-Sert Krom Kaplı 7864.,N1.80903.16C-tr,https://oztiryakiler.com.tr/urun/grill-plate-set-ustu-900-seri-gazli-duz-80x90x30-sert-krom-kapli-7864-n1-80903-16c/,izgaralar-900-serisi,pisirme,900-serisi | izgaralar-900-serisi | moduler-mutfaklar,https://oztiryakiler.com.tr/urunler/moduler-mutfaklar/900-serisi/izgaralar-900-serisi/,Eşleşmedi,,,,
Grill Plate Set Üstü 900 Seri Gazlı Oluklu 40x90x30 7864.N,1.40903.03-tr,https://oztiryakiler.com.tr/urun/grill-plate-set-ustu-900-seri-gazli-oluklu-40x90x30-7864-n1-40903-03/,izgaralar-900-serisi,pisirme,900-serisi | izgaralar-900-serisi | moduler-mutfaklar,https://oztiryakiler.com.tr/urunler/moduler-mutfaklar/900-serisi/izgaralar-900-serisi/,Eşleşmedi,,,,
Grill Plate Set Üstü 900 Seri Gazlı Oluklu 40x90x30-Sert Krom Kaplı 7864.,N1.40903.03C-tr,https://oztiryakiler.com.tr/urun/grill-plate-set-ustu-900-seri-gazli-oluklu-40x90x30-sert-krom-kapli-7864-n1-40903-03c/,izgaralar-900-serisi,pisirme,900-serisi | izgaralar-900-serisi | moduler-mutfaklar,https://oztiryakiler.com.tr/urunler/moduler-mutfaklar/900-serisi/izgaralar-900-serisi/,Eşleşmedi,,,,
Devrilir Tava 900 Seri Elektrikli -Elektrik Kaldırma Motorlu 205 Lt. 160x90x85 7867.N,1.16908.18-tr,https://oztiryakiler.com.tr/urun/devrilir-tava-900-seri-elektrikli-elektrik-kaldirma-motorlu-205-lt-160x90x85-7867-n1-16908-18/,devrilir-tavalar,pisirme,900-serisi | devrilir-tavalar | moduler-mutfaklar,https://oztiryakiler.com.tr/urunler/moduler-mutfaklar/900-serisi/devrilir-tavalar/,Eşleşmedi,,,,
Devrilir Tava 900 Seri Elektrikli 100 Lt. 100x90x85 7867.N,1.10908.05-tr,https://oztiryakiler.com.tr/urun/devrilir-tava-900-seri-elektrikli-100-lt-100x90x85-7867-n1-10908-05/,devrilir-tavalar,pisirme,900-serisi | devrilir-tavalar | moduler-mutfaklar,https://oztiryakiler.com.tr/urunler/moduler-mutfaklar/900-serisi/devrilir-tavalar/,Eşleşmedi,,,,
Devrilir Tava 900 Seri Elektrikli 130 Lt. 120x90x85 7867.N,1.12908.06-tr,https://oztiryakiler.com.tr/urun/devrilir-tava-900-seri-elektrikli-130-lt-120x90x85-7867-n1-12908-06/,devrilir-tavalar,pisirme,900-serisi | devrilir-tavalar | moduler-mutfaklar,https://oztiryakiler.com.tr/urunler/moduler-mutfaklar/900-serisi/devrilir-tavalar/,Eşleşmedi,,,,
Devrilir Tava 900 Seri Elektrikli 80 Lt. 80x90x85 7867.N,1.80908.04-tr,https://oztiryakiler.com.tr/urun/devrilir-tava-900-seri-elektrikli-80-lt-80x90x85-7867-n1-80908-04/,devrilir-tavalar,pisirme,900-serisi | devrilir-tavalar | moduler-mutfaklar,https://oztiryakiler.com.tr/urunler/moduler-mutfaklar/900-serisi/devrilir-tavalar/,Eşleşmedi,,,,
Devrilir Tava 900 Seri Gazlı -Elektrik Kaldırma Motorlu 205 Lt. 160x90x85-Elektronik Ateşlemeli 7867.N,1.16908.14-tr,https://oztiryakiler.com.tr/urun/devrilir-tava-900-seri-gazli-elektrik-kaldirma-motorlu-205-lt-160x90x85-elektronik-ateslemeli-7867-n1-16908-14/,devrilir-tavalar,pisirme,900-serisi | devrilir-tavalar | moduler-mutfaklar,https://oztiryakiler.com.tr/urunler/moduler-mutfaklar/900-serisi/devrilir-tavalar/,Eşleşmedi,,,,
Devrilir Tava 900 Seri Gazlı 100 Lt. 100x90x85-Elektronik Ateşlemeli 7867.N,1.10908.02-tr,https://oztiryakiler.com.tr/urun/devrilir-tava-900-seri-gazli-100-lt-100x90x85-elektronik-ateslemeli-7867-n1-10908-02/,devrilir-tavalar,pisirme,900-serisi | devrilir-tavalar | moduler-mutfaklar,https://oztiryakiler.com.tr/urunler/moduler-mutfaklar/900-serisi/devrilir-tavalar/,Eşleşmedi,,,,
Devrilir Tava 900 Seri Gazlı 130 Lt. 120x90x85-Elektronik Ateşlemeli 7867.N,1.12908.03-tr,https://oztiryakiler.com.tr/urun/devrilir-tava-900-seri-gazli-130-lt-120x90x85-elektronik-ateslemeli-7867-n1-12908-03/,devrilir-tavalar,pisirme,900-serisi | devrilir-tavalar | moduler-mutfaklar,https://oztiryakiler.com.tr/urunler/moduler-mutfaklar/900-serisi/devrilir-tavalar/,Eşleşmedi,,,,
Devrilir Tava 900 Seri Gazlı 80 Lt. 80x90x85-Elektronik Ateşlemeli 7867.N,1.80908.01-tr,https://oztiryakiler.com.tr/urun/devrilir-tava-900-seri-gazli-80-lt-80x90x85-elektronik-ateslemeli-7867-n1-80908-01/,devrilir-tavalar,pisirme,900-serisi | devrilir-tavalar | moduler-mutfaklar,https://oztiryakiler.com.tr/urunler/moduler-mutfaklar/900-serisi/devrilir-tavalar/,Eşleşmedi,,,,
Kaynatma Tenceresi 900 Seri Direkt Gazlı 100 Lt. 80x90x85 7855.N,1.80908.11-tr,https://oztiryakiler.com.tr/urun/kaynatma-tenceresi-900-seri-direkt-gazli-100-lt-80x90x85-7855-n1-80908-11/,kaynatma-tencereleri,pisirme,900-serisi | kaynatma-tencereleri | moduler-mutfaklar,https://oztiryakiler.com.tr/urunler/moduler-mutfaklar/900-serisi/kaynatma-tencereleri/,Eşleşmedi,,,,
Kaynatma Tenceresi 900 Seri Direkt Gazlı 150 Lt. 80x90x85 7855.N,1.80908.12-tr,https://oztiryakiler.com.tr/urun/kaynatma-tenceresi-900-seri-direkt-gazli-150-lt-80x90x85-7855-n1-80908-12/,kaynatma-tencereleri,pisirme,900-serisi | kaynatma-tencereleri | moduler-mutfaklar,https://oztiryakiler.com.tr/urunler/moduler-mutfaklar/900-serisi/kaynatma-tencereleri/,Eşleşmedi,,,,
Kaynatma Tenceresi 900 Seri Direkt Gazlı 250 Lt. 100x90x85 7855.N,1.10908.13-tr,https://oztiryakiler.com.tr/urun/kaynatma-tenceresi-900-seri-direkt-gazli-250-lt-100x90x85-7855-n1-10908-13/,kaynatma-tencereleri,pisirme,900-serisi | kaynatma-tencereleri | moduler-mutfaklar,https://oztiryakiler.com.tr/urunler/moduler-mutfaklar/900-serisi/kaynatma-tencereleri/,Eşleşmedi,,,,
Kaynatma Tenceresi 900 Seri İndirekt Elektrikli 100 Lt. 80x90x85 7855.N,1.80908.04-tr,https://oztiryakiler.com.tr/urun/kaynatma-tenceresi-900-seri-indirekt-elektrikli-100-lt-80x90x85-7855-n1-80908-04/,kaynatma-tencereleri,pisirme,900-serisi | kaynatma-tencereleri | moduler-mutfaklar,https://oztiryakiler.com.tr/urunler/moduler-mutfaklar/900-serisi/kaynatma-tencereleri/,Eşleşmedi,,,,
Kaynatma Tenceresi 900 Seri İndirekt Elektrikli 150 Lt. 80x90x85 7855.N,1.80908.05-tr,https://oztiryakiler.com.tr/urun/kaynatma-tenceresi-900-seri-indirekt-elektrikli-150-lt-80x90x85-7855-n1-80908-05/,kaynatma-tencereleri,pisirme,900-serisi | kaynatma-tencereleri | moduler-mutfaklar,https://oztiryakiler.com.tr/urunler/moduler-mutfaklar/900-serisi/kaynatma-tencereleri/,Eşleşmedi,,,,
Kaynatma Tenceresi 900 Seri İndirekt Elektrikli 250 Lt. 100x90x85 7855.N,1.10908.07-tr,https://oztiryakiler.com.tr/urun/kaynatma-tenceresi-900-seri-indirekt-elektrikli-250-lt-100x90x85-7855-n1-10908-07/,kaynatma-tencereleri,pisirme,900-serisi | kaynatma-tencereleri | moduler-mutfaklar,https://oztiryakiler.com.tr/urunler/moduler-mutfaklar/900-serisi/kaynatma-tencereleri/,Eşleşmedi,,,,
Kaynatma Tenceresi 900 Seri İndirekt Gazlı 100 Lt. 80x90x85 7855.N,1.80908.01-tr,https://oztiryakiler.com.tr/urun/kaynatma-tenceresi-900-seri-indirekt-gazli-100-lt-80x90x85-7855-n1-80908-01/,kaynatma-tencereleri,pisirme,900-serisi | kaynatma-tencereleri | moduler-mutfaklar,https://oztiryakiler.com.tr/urunler/moduler-mutfaklar/900-serisi/kaynatma-tencereleri/,Eşleşmedi,,,,
Kaynatma Tenceresi 900 Seri İndirekt Gazlı 150 Lt. 80x90x85 7855.N,1.80908.02-tr,https://oztiryakiler.com.tr/urun/kaynatma-tenceresi-900-seri-indirekt-gazli-150-lt-80x90x85-7855-n1-80908-02/,kaynatma-tencereleri,pisirme,900-serisi | kaynatma-tencereleri | moduler-mutfaklar,https://oztiryakiler.com.tr/urunler/moduler-mutfaklar/900-serisi/kaynatma-tencereleri/,Eşleşmedi,,,,
Kaynatma Tenceresi 900 Seri İndirekt Gazlı 250 Lt. 100x90x85 7855.N,1.10908.03-tr,https://oztiryakiler.com.tr/urun/kaynatma-tenceresi-900-seri-indirekt-gazli-250-lt-100x90x85-7855-n1-10908-03/,kaynatma-tencereleri,pisirme,900-serisi | kaynatma-tencereleri | moduler-mutfaklar,https://oztiryakiler.com.tr/urunler/moduler-mutfaklar/900-serisi/kaynatma-tencereleri/,Eşleşmedi,,,,
Çok Amaçlı Fırın Mayalama Kabınlı Mt800 2 Katlı,8890.MT800.02-tr,https://oztiryakiler.com.tr/urun/cok-amacli-firin-mayalama-kabinli-mt800-2-katli-8890-mt800-02/,cok-amacli-firinlar,pisirme,cok-amacli-firinlar | firinlar,https://oztiryakiler.com.tr/urunler/firinlar/cok-amacli-firinlar/,Eşleşmedi,,,,
Çok Amaçlı Fırın Mayalama Kabınlı Mt800 3 Katlı,8890.MT800.03-tr,https://oztiryakiler.com.tr/urun/cok-amacli-firin-mayalama-kabinli-mt800-3-katli-8890-mt800-03/,cok-amacli-firinlar,pisirme,cok-amacli-firinlar | firinlar,https://oztiryakiler.com.tr/urunler/firinlar/cok-amacli-firinlar/,Eşleşmedi,,,,
Çok Amaçlı Fırın Mayalama Kabinli Mt1200 3 Katlı,8890.MT120.03-tr,https://oztiryakiler.com.tr/urun/cok-amacli-firin-mayalama-kabinli-mt1200-3-katli-8890-mt120-03/,cok-amacli-firinlar,pisirme,cok-amacli-firinlar | firinlar,https://oztiryakiler.com.tr/urunler/firinlar/cok-amacli-firinlar/,Eşleşmedi,,,,
Çok Amaçlı Fırın Mayalama Kabinli Mt1200 2 Katlı,8890.MT120.02-tr,https://oztiryakiler.com.tr/urun/cok-amacli-firin-mayalama-kabinli-mt1200-2-katli-8890-mt120-02/,cok-amacli-firinlar,pisirme,cok-amacli-firinlar | firinlar,https://oztiryakiler.com.tr/urunler/firinlar/cok-amacli-firinlar/,Eşleşmedi,,,,
Çok Amaçlı Fırın Me1200,8890.ME120.01-tr,https://oztiryakiler.com.tr/urun/cok-amacli-firin-me1200-8890-me120-01/,cok-amacli-firinlar,pisirme,cok-amacli-firinlar | firinlar,https://oztiryakiler.com.tr/urunler/firinlar/cok-amacli-firinlar/,Eşleşmedi,,,,
Çok Amaçlı Fırın Me800,8890.ME800.01-tr,https://oztiryakiler.com.tr/urun/cok-amacli-firin-me800-8890-me800-01/,cok-amacli-firinlar,pisirme,cok-amacli-firinlar | firinlar,https://oztiryakiler.com.tr/urunler/firinlar/cok-amacli-firinlar/,Eşleşmedi,,,,
Çok Amaçlı Fırın Tezgahlı Md1200 2 Katlı,8890.MD120.02-tr,https://oztiryakiler.com.tr/urun/cok-amacli-firin-tezgahli-md1200-2-katli-8890-md120-02/,cok-amacli-firinlar,pisirme,cok-amacli-firinlar | firinlar,https://oztiryakiler.com.tr/urunler/firinlar/cok-amacli-firinlar/,Eşleşmedi,,,,
Çok Amaçlı Fırın Tezgahlı Md1200 Tek Katlı,8890.MD120.01-tr,https://oztiryakiler.com.tr/urun/cok-amacli-firin-tezgahli-md1200-tek-katli-8890-md120-01/,cok-amacli-firinlar,pisirme,cok-amacli-firinlar | firinlar,https://oztiryakiler.com.tr/urunler/firinlar/cok-amacli-firinlar/,Eşleşmedi,,,,
Çok Amaçlı Fırın Tezgahlı Md800 2 Katlı,8890.MD800.02-tr,https://oztiryakiler.com.tr/urun/cok-amacli-firin-tezgahli-md800-2-katli-8890-md800-02/,cok-amacli-firinlar,pisirme,cok-amacli-firinlar | firinlar,https://oztiryakiler.com.tr/urunler/firinlar/cok-amacli-firinlar/,Eşleşmedi,,,,
Pizza Fırını 4 Lu Elektrıklı 380 V,8890.P5050.01-tr,https://oztiryakiler.com.tr/urun/pizza-firini-4-lu-elektrikli-380-v-8890-p5050-01/,elektrikli-pizza-firinlari,pisirme,elektrikli-pizza-firinlari | firinlar,https://oztiryakiler.com.tr/urunler/firinlar/elektrikli-pizza-firinlari/,Eşleşmedi,,,,
Pizza Fırını 4+4 Elektrıklı 380 V,8890.P5050.02-tr,https://oztiryakiler.com.tr/urun/pizza-firini-44-elektrikli-380-v-8890-p5050-02/,elektrikli-pizza-firinlari,pisirme,elektrikli-pizza-firinlari | firinlar,https://oztiryakiler.com.tr/urunler/firinlar/elektrikli-pizza-firinlari/,Eşleşmedi,,,,
Pizza Fırını 5'Lı Elektrıklı 380 V,8890.P6262.01-tr,https://oztiryakiler.com.tr/urun/pizza-firini-5li-elektrikli-380-v-8890-p6262-01/,elektrikli-pizza-firinlari,pisirme,elektrikli-pizza-firinlari | firinlar,https://oztiryakiler.com.tr/urunler/firinlar/elektrikli-pizza-firinlari/,Eşleşmedi,,,,
Pizza Fırını 5+5 Elektrıklı 380 V,8890.P6262.02-tr,https://oztiryakiler.com.tr/urun/pizza-firini-55-elektrikli-380-v-8890-p6262-02/,elektrikli-pizza-firinlari,pisirme,elektrikli-pizza-firinlari | firinlar,https://oztiryakiler.com.tr/urunler/firinlar/elektrikli-pizza-firinlari/,Eşleşmedi,,,,
Pizza Fırını 6'Lı Elektr. 380 V,8890.P9262.01-tr,https://oztiryakiler.com.tr/urun/pizza-firini-6li-elektr-380-v-8890-p9262-01/,elektrikli-pizza-firinlari,pisirme,elektrikli-pizza-firinlari | firinlar,https://oztiryakiler.com.tr/urunler/firinlar/elektrikli-pizza-firinlari/,Eşleşmedi,,,,
Pizza Fırını 6+6'Lı Elektr. 380 V,8890.P9262.02-tr,https://oztiryakiler.com.tr/urun/pizza-firini-66li-elektr-380-v-8890-p9262-02/,elektrikli-pizza-firinlari,pisirme,elektrikli-pizza-firinlari | firinlar,https://oztiryakiler.com.tr/urunler/firinlar/elektrikli-pizza-firinlari/,Eşleşmedi,,,,
Pizza Fırını 9'Lu Elektrıklı 380 V,8890.P9292.01-tr,https://oztiryakiler.com.tr/urun/pizza-firini-9lu-elektrikli-380-v-8890-p9292-01/,elektrikli-pizza-firinlari,pisirme,elektrikli-pizza-firinlari | firinlar,https://oztiryakiler.com.tr/urunler/firinlar/elektrikli-pizza-firinlari/,Eşleşmedi,,,,
Pizza Fırını 9+9 Elek 380 V,8890.P9292.02-tr,https://oztiryakiler.com.tr/urun/pizza-firini-99-elek-380-v-8890-p9292-02/,elektrikli-pizza-firinlari,pisirme,elektrikli-pizza-firinlari | firinlar,https://oztiryakiler.com.tr/urunler/firinlar/elektrikli-pizza-firinlari/,Eşleşmedi,,,,
Pizza Lahmacun Fırını 3 Katlı + Mayalama Kabınlı Profı 10570 Te-3,8890.10570.M3-tr,https://oztiryakiler.com.tr/urun/pizza-lahmacun-firini-3-katli-mayalama-kabinli-profi-10570-te-3-8890-10570-m3/,elektrikli-pizza-firinlari,pisirme,elektrikli-pizza-firinlari | firinlar,https://oztiryakiler.com.tr/urunler/firinlar/elektrikli-pizza-firinlari/,Eşleşmedi,,,,
Pizza Lahmacun Fırını Tek Katlı + Tezgah Profı 10570 E-1,8890.10570.01-tr,https://oztiryakiler.com.tr/urun/pizza-lahmacun-firini-tek-katli-tezgah-profi-10570-e-1-8890-10570-01/,elektrikli-pizza-firinlari,pisirme,elektrikli-pizza-firinlari | firinlar,https://oztiryakiler.com.tr/urunler/firinlar/elektrikli-pizza-firinlari/,Eşleşmedi,,,,
Pizza Lahmacun Fırını Tek Katlı Profı 10570 E,8890.10570.00-tr,https://oztiryakiler.com.tr/urun/pizza-lahmacun-firini-tek-katli-profi-10570-e-8890-10570-00/,elektrikli-pizza-firinlari,pisirme,elektrikli-pizza-firinlari | firinlar,https://oztiryakiler.com.tr/urunler/firinlar/elektrikli-pizza-firinlari/,Eşleşmedi,,,,
Fırın,9890.ICCLS10.1E-tr,https://oztiryakiler.com.tr/urun/firin-9890-iccls10-1e/,rational-firinlar,pisirme,firinlar | ithal-firinlar | rational-firinlar,https://oztiryakiler.com.tr/urunler/firinlar/ithal-firinlar/rational-firinlar/,Eşleşmedi,,,,
Fırın,9890.ICCLS10.1G-tr,https://oztiryakiler.com.tr/urun/firin-9890-iccls10-1g/,rational-firinlar,pisirme,firinlar | ithal-firinlar | rational-firinlar,https://oztiryakiler.com.tr/urunler/firinlar/ithal-firinlar/rational-firinlar/,Eşleşmedi,,,,
Fırın,9890.ICPRO10.1E-tr,https://oztiryakiler.com.tr/urun/firin-9890-icpro10-1e/,rational-firinlar,pisirme,firinlar | ithal-firinlar | rational-firinlar,https://oztiryakiler.com.tr/urunler/firinlar/ithal-firinlar/rational-firinlar/,Eşleşmedi,,,,
Fırın,9890.ICPRO10.1G-tr,https://oztiryakiler.com.tr/urun/firin-9890-icpro10-1g/,rational-firinlar,pisirme,firinlar | ithal-firinlar | rational-firinlar,https://oztiryakiler.com.tr/urunler/firinlar/ithal-firinlar/rational-firinlar/,Eşleşmedi,,,,
Rational Buhar Konveksiyonlu Elektrikli Fırın 20*1/1 Gn İcombi Classic,9890.ICCLS20.1E-tr,https://oztiryakiler.com.tr/urun/rational-buhar-konveksiyonlu-elektrikli-firin-201-1-gn-icombi-classic-9890-iccls20-1e/,rational-firinlar,pisirme,firinlar | ithal-firinlar | rational-firinlar,https://oztiryakiler.com.tr/urunler/firinlar/ithal-firinlar/rational-firinlar/,Eşleşmedi,,,,
Rational 1/1 Gn Fırın Tepsisi 20 mm,5RRX.60141.102-tr,https://oztiryakiler.com.tr/urun/rational-1-1-gn-firin-tepsisi-20-mm-5rrx-60141-102/,rational-firinlar,pisirme,firinlar | ithal-firinlar | rational-firin-aksesuarlari | rational-firinlar,https://oztiryakiler.com.tr/urunler/firinlar/ithal-firinlar/rational-firinlar/,Eşleşmedi,,,,
Rational 1/1 Gn Fırın Tepsisi 40 mm,5RRX.60141.104-tr,https://oztiryakiler.com.tr/urun/rational-1-1-gn-firin-tepsisi-40-mm-5rrx-60141-104/,rational-firinlar,pisirme,firinlar | ithal-firinlar | rational-firin-aksesuarlari | rational-firinlar,https://oztiryakiler.com.tr/urunler/firinlar/ithal-firinlar/rational-firinlar/,Eşleşmedi,,,,
Rational 1/1 Gn Fırın Tepsisi 60 mm,5RRX.60141.106-tr,https://oztiryakiler.com.tr/urun/rational-1-1-gn-firin-tepsisi-60-mm-5rrx-60141-106/,rational-firinlar,pisirme,firinlar | ithal-firinlar | rational-firin-aksesuarlari | rational-firinlar,https://oztiryakiler.com.tr/urunler/firinlar/ithal-firinlar/rational-firinlar/,Eşleşmedi,,,,
Rational 1/2 Gn Fırın Tepsisi 20 mm,5RRX.60141.202-tr,https://oztiryakiler.com.tr/urun/rational-1-2-gn-firin-tepsisi-20-mm-5rrx-60141-202/,rational-firinlar,pisirme,firinlar | ithal-firinlar | rational-firin-aksesuarlari | rational-firinlar,https://oztiryakiler.com.tr/urunler/firinlar/ithal-firinlar/rational-firinlar/,Eşleşmedi,,,,
Rational 1/2 Gn Fırın Tepsisi 40 mm,5RRX.60141.204-tr,https://oztiryakiler.com.tr/urun/rational-1-2-gn-firin-tepsisi-40-mm-5rrx-60141-204/,rational-firinlar,pisirme,firinlar | ithal-firinlar | rational-firin-aksesuarlari | rational-firinlar,https://oztiryakiler.com.tr/urunler/firinlar/ithal-firinlar/rational-firinlar/,Eşleşmedi,,,,
Rational 1/2 Gn Fırın Tepsisi 60 mm,5RRX.60141.206-tr,https://oztiryakiler.com.tr/urun/rational-1-2-gn-firin-tepsisi-60-mm-5rrx-60141-206/,rational-firinlar,pisirme,firinlar | ithal-firinlar | rational-firin-aksesuarlari | rational-firinlar,https://oztiryakiler.com.tr/urunler/firinlar/ithal-firinlar/rational-firinlar/,Eşleşmedi,,,,
Rational Buhar Konveksiyonlu Elektrikli Fırın 10*2/1 Gn İcombi Classic,9890.ICCLS10.2E-tr,https://oztiryakiler.com.tr/urun/rational-buhar-konveksiyonlu-elektrikli-firin-102-1-gn-icombi-classic-9890-iccls10-2e/,rational-firinlar,pisirme,firinlar | ithal-firinlar | rational-firinlar,https://oztiryakiler.com.tr/urunler/firinlar/ithal-firinlar/rational-firinlar/,Eşleşmedi,,,,
Rational Buhar Konveksiyonlu Elektrikli Fırın 20*2/1 Gn İcombi Classic,9890.ICCLS20.2E-tr,https://oztiryakiler.com.tr/urun/rational-buhar-konveksiyonlu-elektrikli-firin-202-1-gn-icombi-classic-9890-iccls20-2e/,rational-firinlar,pisirme,firinlar | ithal-firinlar | rational-firinlar,https://oztiryakiler.com.tr/urunler/firinlar/ithal-firinlar/rational-firinlar/,Eşleşmedi,,,,
Rational Buhar Konveksiyonlu Elektrikli Fırın 6*1/1 Gn İcombi Classic,9890.ICCLS61.E0-tr,https://oztiryakiler.com.tr/urun/rational-buhar-konveksiyonlu-elektrikli-firin-61-1-gn-icombi-classic-9890-iccls61-e0/,rational-firinlar,pisirme,firinlar | ithal-firinlar | rational-firinlar,https://oztiryakiler.com.tr/urunler/firinlar/ithal-firinlar/rational-firinlar/,Eşleşmedi,,,,
Rational Buhar Konveksiyonlu Elektrikli Fırın 6*2/1 Gn İcombi Classic,9890.ICCLS62.E0-tr,https://oztiryakiler.com.tr/urun/rational-buhar-konveksiyonlu-elektrikli-firin-62-1-gn-icombi-classic-9890-iccls62-e0/,rational-firinlar,pisirme,firinlar | ithal-firinlar | rational-firinlar,https://oztiryakiler.com.tr/urunler/firinlar/ithal-firinlar/rational-firinlar/,Eşleşmedi,,,,
Rational Buhar Konveksiyonlu Gazlı Fırın 10*2/1 Gn İcombi Classic,9890.ICCLS10.2G-tr,https://oztiryakiler.com.tr/urun/rational-buhar-konveksiyonlu-gazli-firin-102-1-gn-icombi-classic-9890-iccls10-2g/,rational-firinlar,pisirme,firinlar | ithal-firinlar | rational-firinlar,https://oztiryakiler.com.tr/urunler/firinlar/ithal-firinlar/rational-firinlar/,Eşleşmedi,,,,
Buharlı Konveksiyonel Fırın,9890.XBC16.E1-tr,https://oztiryakiler.com.tr/urun/buharli-konveksiyonel-firin-9890-xbc16-e1/,unox-firinlar,pisirme,firinlar | ithal-firinlar | unox-bakertop | unox-firinlar,https://oztiryakiler.com.tr/urunler/firinlar/ithal-firinlar/unox-firinlar/,Eşleşmedi,,,,
Buharlı Konveksiyonel Fırın,9890.XBC16.EP-tr,https://oztiryakiler.com.tr/urun/buharli-konveksiyonel-firin-9890-xbc16-ep/,unox-firinlar,pisirme,firinlar | ithal-firinlar | unox-bakertop | unox-firinlar,https://oztiryakiler.com.tr/urunler/firinlar/ithal-firinlar/unox-firinlar/,Eşleşmedi,,,,
Buharlı Konveksiyonel Fırın,9890.XBC16.GP-tr,https://oztiryakiler.com.tr/urun/buharli-konveksiyonel-firin-9890-xbc16-gp/,unox-firinlar,pisirme,firinlar | ithal-firinlar | unox-bakertop | unox-firinlar,https://oztiryakiler.com.tr/urunler/firinlar/ithal-firinlar/unox-firinlar/,Eşleşmedi,,,,
Buharlı Konveksiyonel Fırın,9890.X1021.EG-tr,https://oztiryakiler.com.tr/urun/buharli-konveksiyonel-firin-9890-x1021-eg/,unox-firinlar,pisirme,firinlar | ithal-firinlar | unox-cheftop | unox-firinlar,https://oztiryakiler.com.tr/urunler/firinlar/ithal-firinlar/unox-firinlar/,Eşleşmedi,,,,
Buharlı Konveksiyonel Fırın,9890.X1021.EP-tr,https://oztiryakiler.com.tr/urun/buharli-konveksiyonel-firin-9890-x1021-ep/,unox-firinlar,pisirme,firinlar | ithal-firinlar | unox-cheftop | unox-firinlar,https://oztiryakiler.com.tr/urunler/firinlar/ithal-firinlar/unox-firinlar/,Eşleşmedi,,,,
Buharlı Konveksiyonel Fırın,9890.X2011.E1-tr,https://oztiryakiler.com.tr/urun/buharli-konveksiyonel-firin-9890-x2011-e1/,unox-firinlar,pisirme,firinlar | ithal-firinlar | unox-cheftop | unox-firinlar,https://oztiryakiler.com.tr/urunler/firinlar/ithal-firinlar/unox-firinlar/,Eşleşmedi,,,,
Buharlı Konveksiyonel Fırın,9890.X2011.EG-tr,https://oztiryakiler.com.tr/urun/buharli-konveksiyonel-firin-9890-x2011-eg/,unox-firinlar,pisirme,firinlar | ithal-firinlar | unox-cheftop | unox-firinlar,https://oztiryakiler.com.tr/urunler/firinlar/ithal-firinlar/unox-firinlar/,Eşleşmedi,,,,
Buharlı Konveksiyonel Fırın,9890.X2011.EP-tr,https://oztiryakiler.com.tr/urun/buharli-konveksiyonel-firin-9890-x2011-ep/,unox-firinlar,pisirme,firinlar | ithal-firinlar | unox-cheftop | unox-firinlar,https://oztiryakiler.com.tr/urunler/firinlar/ithal-firinlar/unox-firinlar/,Eşleşmedi,,,,
Buharlı Konveksiyonel Fırın,9890.X2021.EG-tr,https://oztiryakiler.com.tr/urun/buharli-konveksiyonel-firin-9890-x2021-eg/,unox-firinlar,pisirme,firinlar | ithal-firinlar | unox-cheftop | unox-firinlar,https://oztiryakiler.com.tr/urunler/firinlar/ithal-firinlar/unox-firinlar/,Eşleşmedi,,,,
Buharlı Konveksiyonel Fırın,9890.X2021.EP-tr,https://oztiryakiler.com.tr/urun/buharli-konveksiyonel-firin-9890-x2021-ep/,unox-firinlar,pisirme,firinlar | ithal-firinlar | unox-cheftop | unox-firinlar,https://oztiryakiler.com.tr/urunler/firinlar/ithal-firinlar/unox-firinlar/,Eşleşmedi,,,,
Unox Speedpro Hızlı Pişirme Fırını,9890.XESW03.HS-tr,https://oztiryakiler.com.tr/urun/unox-speedpro-hizli-pisirme-firini-9890-xesw03-hs/,unox-firinlar,pisirme,firinlar | ithal-firinlar | unox-firinlar | unox-speedpro,https://oztiryakiler.com.tr/urunler/firinlar/ithal-firinlar/unox-firinlar/,Eşleşmedi,,,,
Unox 4*460*330 Tepsili Anna Model Elk. Fırın,9890.XF023.00-tr,https://oztiryakiler.com.tr/urun/unox-4460330-tepsili-anna-model-elk-firin-9890-xf023-00/,unox-firinlar,pisirme,firinlar | ithal-firinlar | unox-anna-patiserrie-firini | unox-firinlar,https://oztiryakiler.com.tr/urunler/firinlar/ithal-firinlar/unox-firinlar/,Eşleşmedi,,,,
Unox Arıanna Model Fırın 4 Tepsi 460X330,9890.XFT04.HS-tr,https://oztiryakiler.com.tr/urun/unox-arianna-model-firin-4-tepsi-460x330-9890-xft04-hs/,unox-firinlar,pisirme,firinlar | ithal-firinlar | unox-arianna-patiserrie-firini | unox-firinlar,https://oztiryakiler.com.tr/urunler/firinlar/ithal-firinlar/unox-firinlar/,Eşleşmedi,,,,
Unox Bakertop 10 Tepsi 600*400 Kombi Fırın Elektrikli One Model + Kurulum kiti girilmeli,9890.XBC10.E1-tr,https://oztiryakiler.com.tr/urun/unox-bakertop-10-tepsi-600400-kombi-firin-elektrikli-one-model-kurulum-kiti-girilmeli-9890-xbc10-e1/,unox-firinlar,pisirme,firinlar | ithal-firinlar | unox-bakertop | unox-firinlar,https://oztiryakiler.com.tr/urunler/firinlar/ithal-firinlar/unox-firinlar/,Eşleşmedi,,,,
Unox Bakertop 10 Tepsi 600*400 Kombi Fırın Elektrikli Plus Model + Kurulum kiti girilmeli,9890.XBC10.EP-tr,https://oztiryakiler.com.tr/urun/unox-bakertop-10-tepsi-600400-kombi-firin-elektrikli-plus-model-kurulum-kiti-girilmeli-9890-xbc10-ep/,unox-firinlar,pisirme,firinlar | ithal-firinlar | unox-bakertop | unox-firinlar,https://oztiryakiler.com.tr/urunler/firinlar/ithal-firinlar/unox-firinlar/,Eşleşmedi,,,,
Unox Bakertop 10 Tepsi 600*400 Kombi Fırın Gazlı Plus Model + Kurulum kiti girilmeli,9890.XBC10.GP-tr,https://oztiryakiler.com.tr/urun/unox-bakertop-10-tepsi-600400-kombi-firin-gazli-plus-model-kurulum-kiti-girilmeli-9890-xbc10-gp/,unox-firinlar,pisirme,firinlar | ithal-firinlar | unox-bakertop | unox-firinlar,https://oztiryakiler.com.tr/urunler/firinlar/ithal-firinlar/unox-firinlar/,Eşleşmedi,,,,
Konveksiyonlu Kombi Fırın Elektrikli 10xGN 1/1 Kızaklı 7890.,C1.10E11.01-tr,https://oztiryakiler.com.tr/urun/konveksiyonlu-kombi-firin-elektrikli-10xgn-1-1-kizakli-7890-c1-10e11-01/,elektrikli-kombi-firinlar,pisirme,10-gn-1-1tepsili-elektrikli-kombi-firinlar | elektrikli-kombi-firinlar | firinlar | kombi-firinlar-firinlar,https://oztiryakiler.com.tr/urunler/firinlar/kombi-firinlar-firinlar/elektrikli-kombi-firinlar/,Eşleşmedi,,,,
Konveksiyonlu Kombi Fırın Elektrikli 10xGN 2/1 Kızaklı 7890.,C1.10E21.01-tr,https://oztiryakiler.com.tr/urun/konveksiyonlu-kombi-firin-elektrikli-10xgn-2-1-kizakli-7890-c1-10e21-01/,elektrikli-kombi-firinlar,pisirme,10-gn-2-1tepsili-elektrikli-kombi-firinlar | elektrikli-kombi-firinlar | firinlar | kombi-firinlar-firinlar,https://oztiryakiler.com.tr/urunler/firinlar/kombi-firinlar-firinlar/elektrikli-kombi-firinlar/,Eşleşmedi,,,,
Konveksiyonlu Kombi Fırın Elektrikli 20xGN 2/1 Tepsı Kıt Arabalı 7890.,C1.20E21.01-tr,https://oztiryakiler.com.tr/urun/konveksiyonlu-kombi-firin-elektrikli-20xgn-2-1-tepsi-kit-arabali-7890-c1-20e21-01/,elektrikli-kombi-firinlar,pisirme,20-gn-2-1tepsili | elektrikli-kombi-firinlar | firinlar | kombi-firinlar-firinlar,https://oztiryakiler.com.tr/urunler/firinlar/kombi-firinlar-firinlar/elektrikli-kombi-firinlar/,Eşleşmedi,,,,
Konveksiyonlu Kombi Fırın Gazlı 10xGN 2/1 Kızaklı 7890.,C1.10G21.03-tr,https://oztiryakiler.com.tr/urun/konveksiyonlu-kombi-firin-gazli-10xgn-2-1-kizakli-7890-c1-10g21-03/,gazli-kombi-firinlar,pisirme,10-gn-2-1tepsili-gazli-kombi-firinlar | firinlar | gazli-kombi-firinlar | kombi-firinlar-firinlar,https://oztiryakiler.com.tr/urunler/firinlar/kombi-firinlar-firinlar/gazli-kombi-firinlar/,Eşleşmedi,,,,
Konveksiyonlu Kombi Fırın Gazlı 20xGN 2/1 Tepsı Kıt Arabalı 7890.,C1.20G21.03-tr,https://oztiryakiler.com.tr/urun/konveksiyonlu-kombi-firin-gazli-20xgn-2-1-tepsi-kit-arabali-7890-c1-20g21-03/,gazli-kombi-firinlar,pisirme,20-gn-2-1tepsili-gazli-kombi-firinlar | firinlar | gazli-kombi-firinlar | kombi-firinlar-firinlar,https://oztiryakiler.com.tr/urunler/firinlar/kombi-firinlar-firinlar/gazli-kombi-firinlar/,Eşleşmedi,,,,
Konveksiyonlu Fırın Elektrikli 10xGN1/1 Kızaklı,7890.10G11.01-tr,https://oztiryakiler.com.tr/urun/konveksiyonlu-firin-elektrikli-10xgn1-1-kizakli-7890-10g11-01/,elektrikli-konveksiyonlu-firinlar,pisirme,10-gn-1-1tepsili-elektrikli-konveksiyonlu-firinlar | elektrikli-konveksiyonlu-firinlar | firinlar | konveksiyonlu-firinlar,https://oztiryakiler.com.tr/urunler/firinlar/konveksiyonlu-firinlar/elektrikli-konveksiyonlu-firinlar/,Eşleşmedi,,,,
Konveksiyonlu Fırın Elektrikli 10xGN2/1 Kızaklı,7890.10G21.01-tr,https://oztiryakiler.com.tr/urun/konveksiyonlu-firin-elektrikli-10xgn2-1-kizakli-7890-10g21-01/,elektrikli-konveksiyonlu-firinlar,pisirme,10-gn-2-1tepsili | elektrikli-konveksiyonlu-firinlar | firinlar | konveksiyonlu-firinlar,https://oztiryakiler.com.tr/urunler/firinlar/konveksiyonlu-firinlar/elektrikli-konveksiyonlu-firinlar/,Eşleşmedi,,,,
Konveksiyonlu Fırın Elektrikli 20xGN 2/1 Kızaklı,7890.20G21.01-tr,https://oztiryakiler.com.tr/urun/konveksiyonlu-firin-elektrikli-20xgn-2-1-kizakli-7890-20g21-01/,elektrikli-konveksiyonlu-firinlar,pisirme,20-gn-2-1tepsili-elektrikli-konveksiyonlu-firinlar | elektrikli-konveksiyonlu-firinlar | firinlar | konveksiyonlu-firinlar,https://oztiryakiler.com.tr/urunler/firinlar/konveksiyonlu-firinlar/elektrikli-konveksiyonlu-firinlar/,Eşleşmedi,,,,
Konveksiyonlu Fırın Elektrikli 20xGN 2/1 Kızaklı-Kıt Arabalı,7890.20G21.01TK-tr,https://oztiryakiler.com.tr/urun/konveksiyonlu-firin-elektrikli-20xgn-2-1-kizakli-kit-arabali-7890-20g21-01tk/,elektrikli-konveksiyonlu-firinlar,pisirme,20-gn-2-1tepsili-kit-arabali | elektrikli-konveksiyonlu-firinlar | firinlar | konveksiyonlu-firinlar,https://oztiryakiler.com.tr/urunler/firinlar/konveksiyonlu-firinlar/elektrikli-konveksiyonlu-firinlar/,Eşleşmedi,,,,
Konveksiyonlu Fırın Elektrikli 6xGN 1/1 Kızaklı,7890.95708.01-tr,https://oztiryakiler.com.tr/urun/konveksiyonlu-firin-elektrikli-6xgn-1-1-kizakli-7890-95708-01/,elektrikli-konveksiyonlu-firinlar,pisirme,6-gn-1-1tepsili-elektrikli-konveksiyonlu-firinlar | elektrikli-konveksiyonlu-firinlar | firinlar | konveksiyonlu-firinlar,https://oztiryakiler.com.tr/urunler/firinlar/konveksiyonlu-firinlar/elektrikli-konveksiyonlu-firinlar/,Eşleşmedi,,,,
Konveksiyonlu Fırın Gazlı 10xGN 1/1 Kızaklı,7890.95701.03-tr,https://oztiryakiler.com.tr/urun/konveksiyonlu-firin-gazli-10xgn-1-1-kizakli-7890-95701-03/,gazli-konveksiyonlu-firinlar,pisirme,10-gn-1-1tepsili | firinlar | gazli-konveksiyonlu-firinlar | konveksiyonlu-firinlar,https://oztiryakiler.com.tr/urunler/firinlar/konveksiyonlu-firinlar/gazli-konveksiyonlu-firinlar/,Eşleşmedi,,,,
Konveksiyonlu Fırın Gazlı 10xGN 2/1 Kızaklı,7890.10G21.03-tr,https://oztiryakiler.com.tr/urun/konveksiyonlu-firin-gazli-10xgn-2-1-kizakli-7890-10g21-03/,gazli-konveksiyonlu-firinlar,pisirme,10-gn-2-1tepsili-gazli-konveksiyonlu-firinlar | firinlar | gazli-konveksiyonlu-firinlar | konveksiyonlu-firinlar,https://oztiryakiler.com.tr/urunler/firinlar/konveksiyonlu-firinlar/gazli-konveksiyonlu-firinlar/,Eşleşmedi,,,,
Konveksiyonlu Fırın Gazlı 20xGN 2/1 Kızaklı,7890.20G21.03-tr,https://oztiryakiler.com.tr/urun/konveksiyonlu-firin-gazli-20xgn-2-1-kizakli-7890-20g21-03/,gazli-konveksiyonlu-firinlar,pisirme,20-gn-2-1tepsili-gazli-konveksiyonlu-firinlar | firinlar | gazli-konveksiyonlu-firinlar | konveksiyonlu-firinlar,https://oztiryakiler.com.tr/urunler/firinlar/konveksiyonlu-firinlar/gazli-konveksiyonlu-firinlar/,Eşleşmedi,,,,
Konveksiyonlu Fırın Gazlı 20xGN 2/1 Kızaklı-Kıt Arabalı,7890.20G21.03TK-tr,https://oztiryakiler.com.tr/urun/konveksiyonlu-firin-gazli-20xgn-2-1-kizakli-kit-arabali-7890-20g21-03tk/,gazli-konveksiyonlu-firinlar,pisirme,20-gn-2-1tepsili-kit-arabali-gazli-konveksiyonlu-firinlar | firinlar | gazli-konveksiyonlu-firinlar | konveksiyonlu-firinlar,https://oztiryakiler.com.tr/urunler/firinlar/konveksiyonlu-firinlar/gazli-konveksiyonlu-firinlar/,Eşleşmedi,,,,
Konveksiyonlu Fırın Gazlı 6xGN1/1 Kızaklı,7890.6G110.03-tr,https://oztiryakiler.com.tr/urun/konveksiyonlu-firin-gazli-6xgn1-1-kizakli-7890-6g110-03/,gazli-konveksiyonlu-firinlar,pisirme,6-gn-1-1tepsili | firinlar | gazli-konveksiyonlu-firinlar | konveksiyonlu-firinlar,https://oztiryakiler.com.tr/urunler/firinlar/konveksiyonlu-firinlar/gazli-konveksiyonlu-firinlar/,Eşleşmedi,,,,
Konveyörlü Pizza Fırını Gazlı,8890.G1502.00-tr,https://oztiryakiler.com.tr/urun/konveyorlu-pizza-firini-gazli-8890-g1502-00/,pizza-firinlari-konveyorlu-firinlar,pisirme,firinlar | konveyorlu-firinlar | pizza-firinlari-konveyorlu-firinlar,https://oztiryakiler.com.tr/urunler/firinlar/konveyorlu-firinlar/pizza-firinlari-konveyorlu-firinlar/,Eşleşmedi,,,,
Konveyörlü Pizza Fırını Gazlı,8890.G1702.00-tr,https://oztiryakiler.com.tr/urun/konveyorlu-pizza-firini-gazli-8890-g1702-00/,pizza-firinlari-konveyorlu-firinlar,pisirme,firinlar | konveyorlu-firinlar | pizza-firinlari-konveyorlu-firinlar,https://oztiryakiler.com.tr/urunler/firinlar/konveyorlu-firinlar/pizza-firinlari-konveyorlu-firinlar/,Eşleşmedi,,,,
Konveyörlü Pizza Fırını Gazlı,8890.G2002.00-tr,https://oztiryakiler.com.tr/urun/konveyorlu-pizza-firini-gazli-8890-g2002-00/,pizza-firinlari-konveyorlu-firinlar,pisirme,firinlar | konveyorlu-firinlar | pizza-firinlari-konveyorlu-firinlar,https://oztiryakiler.com.tr/urunler/firinlar/konveyorlu-firinlar/pizza-firinlari-konveyorlu-firinlar/,Eşleşmedi,,,,
Konveyorlu Pizza Fırını OKF1500,8890.OKF15.00-tr,https://oztiryakiler.com.tr/urun/konveyorlu-pizza-firini-okf1500-8890-okf15-00/,pizza-firinlari-konveyorlu-firinlar,pisirme,firinlar | konveyorlu-firinlar | pizza-firinlari-konveyorlu-firinlar,https://oztiryakiler.com.tr/urunler/firinlar/konveyorlu-firinlar/pizza-firinlari-konveyorlu-firinlar/,Eşleşmedi,,,,
Konveyorlu Pizza Fırını OKF1700,8890.OKF17.00-tr,https://oztiryakiler.com.tr/urun/konveyorlu-pizza-firini-okf1700-8890-okf17-00/,pizza-firinlari-konveyorlu-firinlar,pisirme,firinlar | konveyorlu-firinlar | pizza-firinlari-konveyorlu-firinlar,https://oztiryakiler.com.tr/urunler/firinlar/konveyorlu-firinlar/pizza-firinlari-konveyorlu-firinlar/,Eşleşmedi,,,,
Konveyorlu Pizza Fırını OKF2000,8890.OKF20.00-tr,https://oztiryakiler.com.tr/urun/konveyorlu-pizza-firini-okf2000-8890-okf20-00/,pizza-firinlari-konveyorlu-firinlar,pisirme,firinlar | konveyorlu-firinlar | pizza-firinlari-konveyorlu-firinlar,https://oztiryakiler.com.tr/urunler/firinlar/konveyorlu-firinlar/pizza-firinlari-konveyorlu-firinlar/,Eşleşmedi,,,,
Menumaster Mikrodalga Fırın 1000 W 23 Litre Rms510Ts 50 Hz,9891.RMS51.0TS-tr,https://oztiryakiler.com.tr/urun/menumaster-mikrodalga-firin-1000-w-23-litre-rms510ts-50-hz-9891-rms51-0ts/,menumaster,pisirme,firinlar | menumaster | mikrodalga-firinlar,https://oztiryakiler.com.tr/urunler/firinlar/mikrodalga-firinlar/menumaster/,Eşleşmedi,,,,
Menumaster Mikrodalga Fırın 1800 W 34 Litre Rfs518Ts 50 Hz,9891.RFS51.8TS-tr,https://oztiryakiler.com.tr/urun/menumaster-mikrodalga-firin-1800-w-34-litre-rfs518ts-50-hz-9891-rfs51-8ts/,menumaster,pisirme,firinlar | menumaster | mikrodalga-firinlar,https://oztiryakiler.com.tr/urunler/firinlar/mikrodalga-firinlar/menumaster/,Eşleşmedi,,,,
Mayalama Dolabı 40x60 8 Tepsi Raylı- 807x730x807,7868.40608.MD-tr,https://oztiryakiler.com.tr/urun/mayalama-dolabi-40x60-8-tepsi-rayli-807x730x807-7868-40608-md/,patiserrie-firinlari,pisirme,firinlar | mayalama-dolaplari | patiserrie-firinlari,https://oztiryakiler.com.tr/urunler/firinlar/patiserrie-firinlari/,Eşleşmedi,,,,
Mayalama Dolabı 40x60 8 Tepsi Raylı- 807x730x807,7868.40608.MD-tr,https://oztiryakiler.com.tr/urun/mayalama-dolabi-40x60-8-tepsi-rayli-807x730x807-7868-40608-md/,mayalama-dolaplari,pisirme,firinlar | mayalama-dolaplari | patiserrie-firinlari,https://oztiryakiler.com.tr/urunler/firinlar/patiserrie-firinlari/mayalama-dolaplari/,Eşleşmedi,,,,
Flight Tip Bulaşık Yıkama Makinesi Sağ Girişli Kurutmalı,07AR.0010K.BF-tr,https://oztiryakiler.com.tr/urun/flight-tip-bulasik-yikama-makinesi-sag-girisli-kurutmali-07ar-0010k-bf/,flight-tip,yikama,bulasik-makineleri | bulasikhane-ekipmanlari | flight-tip,https://oztiryakiler.com.tr/urunler/bulasikhane-ekipmanlari/bulasik-makineleri/flight-tip/,Eşleşmedi,,,,
Flight Tip Bulaşık Yıkama Makinesi Sağ Girişli Kurutmalı,07BR.0010K.BF-tr,https://oztiryakiler.com.tr/urun/flight-tip-bulasik-yikama-makinesi-sag-girisli-kurutmali-07br-0010k-bf/,flight-tip,yikama,bulasik-makineleri | bulasikhane-ekipmanlari | flight-tip,https://oztiryakiler.com.tr/urunler/bulasikhane-ekipmanlari/bulasik-makineleri/flight-tip/,Eşleşmedi,,,,
Flight Tip Bulaşık Yıkama Makinesi Sağ Girişli Kurutmalı,07CR.0010K.BF-tr,https://oztiryakiler.com.tr/urun/flight-tip-bulasik-yikama-makinesi-sag-girisli-kurutmali-07cr-0010k-bf/,flight-tip,yikama,bulasik-makineleri | bulasikhane-ekipmanlari | flight-tip,https://oztiryakiler.com.tr/urunler/bulasikhane-ekipmanlari/bulasik-makineleri/flight-tip/,Eşleşmedi,,,,
Flight Tip Bulaşık Yıkama Makinesi Sağ Girişli Kurutmalı,07ER.0010K.BF-tr,https://oztiryakiler.com.tr/urun/flight-tip-bulasik-yikama-makinesi-sag-girisli-kurutmali-07er-0010k-bf/,flight-tip,yikama,bulasik-makineleri | bulasikhane-ekipmanlari | flight-tip,https://oztiryakiler.com.tr/urunler/bulasikhane-ekipmanlari/bulasik-makineleri/flight-tip/,Eşleşmedi,,,,
Flight Tip Bulaşık Yıkama Makinesi Sağ Girişli Kurutmalı,07FR.0010K.BF-tr,https://oztiryakiler.com.tr/urun/flight-tip-bulasik-yikama-makinesi-sag-girisli-kurutmali-07fr-0010k-bf/,flight-tip,yikama,bulasik-makineleri | bulasikhane-ekipmanlari | flight-tip,https://oztiryakiler.com.tr/urunler/bulasikhane-ekipmanlari/bulasik-makineleri/flight-tip/,Eşleşmedi,,,,
Flight Tip Bulaşık Yıkama Makinesi Sol Girişli Kurutmalı,07AL.0010K.BF-tr,https://oztiryakiler.com.tr/urun/flight-tip-bulasik-yikama-makinesi-sol-girisli-kurutmali-07al-0010k-bf/,flight-tip,yikama,bulasik-makineleri | bulasikhane-ekipmanlari | flight-tip,https://oztiryakiler.com.tr/urunler/bulasikhane-ekipmanlari/bulasik-makineleri/flight-tip/,Eşleşmedi,,,,
Flight Tip Bulaşık Yıkama Makinesi Sol Girişli Kurutmalı,07BL.0010K.BF-tr,https://oztiryakiler.com.tr/urun/flight-tip-bulasik-yikama-makinesi-sol-girisli-kurutmali-07bl-0010k-bf/,flight-tip,yikama,bulasik-makineleri | bulasikhane-ekipmanlari | flight-tip,https://oztiryakiler.com.tr/urunler/bulasikhane-ekipmanlari/bulasik-makineleri/flight-tip/,Eşleşmedi,,,,
Flight Tip Bulaşık Yıkama Makinesi Sol Girişli Kurutmalı,07CL.0010K.BF-tr,https://oztiryakiler.com.tr/urun/flight-tip-bulasik-yikama-makinesi-sol-girisli-kurutmali-07cl-0010k-bf/,flight-tip,yikama,bulasik-makineleri | bulasikhane-ekipmanlari | flight-tip,https://oztiryakiler.com.tr/urunler/bulasikhane-ekipmanlari/bulasik-makineleri/flight-tip/,Eşleşmedi,,,,
Flight Tip Bulaşık Yıkama Makinesi Sol Girişli Kurutmalı,07EL.0010K.BF-tr,https://oztiryakiler.com.tr/urun/flight-tip-bulasik-yikama-makinesi-sol-girisli-kurutmali-07el-0010k-bf/,flight-tip,yikama,bulasik-makineleri | bulasikhane-ekipmanlari | flight-tip,https://oztiryakiler.com.tr/urunler/bulasikhane-ekipmanlari/bulasik-makineleri/flight-tip/,Eşleşmedi,,,,
Flight Tip Bulaşık Yıkama Makinesi Sol Girişli Kurutmalı,07FL.0010K.BF-tr,https://oztiryakiler.com.tr/urun/flight-tip-bulasik-yikama-makinesi-sol-girisli-kurutmali-07fl-0010k-bf/,flight-tip,yikama,bulasik-makineleri | bulasikhane-ekipmanlari | flight-tip,https://oztiryakiler.com.tr/urunler/bulasikhane-ekipmanlari/bulasik-makineleri/flight-tip/,Eşleşmedi,,,,
"Giyotin Tip Bulaşık Yıkama Mak. Touch Panel, Yarım Kazan",071T.00000.BB-tr,https://oztiryakiler.com.tr/urun/giyotin-tip-bulasik-yikama-mak-touch-panel-yarim-kazan-071t-00000-bb/,giyotin-tip-bulasik-makineleri,yikama,bulasik-makineleri | bulasikhane-ekipmanlari | giyotin-tip-bulasik-makineleri,https://oztiryakiler.com.tr/urunler/bulasikhane-ekipmanlari/bulasik-makineleri/giyotin-tip-bulasik-makineleri/,Eşleşmedi,,,,
"Giyotin Tip Bulaşık Yıkama Mak. Touch Panel, Yarım Kazan",071T.11110.BB-tr,https://oztiryakiler.com.tr/urun/giyotin-tip-bulasik-yikama-mak-touch-panel-yarim-kazan-071t-11110-bb/,giyotin-tip-bulasik-makineleri,yikama,bulasik-makineleri | bulasikhane-ekipmanlari | giyotin-tip-bulasik-makineleri,https://oztiryakiler.com.tr/urunler/bulasikhane-ekipmanlari/bulasik-makineleri/giyotin-tip-bulasik-makineleri/,Eşleşmedi,,,,
Giyotin Tip Bulaşık Yıkama Makinesi,9710.AMX10.00-tr,https://oztiryakiler.com.tr/urun/giyotin-tip-bulasik-yikama-makinesi-9710-amx10-00/,hobart,yikama,bulasik-makineleri | bulasikhane-ekipmanlari | giyotin-tip | hobart,https://oztiryakiler.com.tr/urunler/bulasikhane-ekipmanlari/bulasik-makineleri/hobart/,Eşleşmedi,,,,
Hobart Kazan Yıkama Makinası,9710.UX10N.00-tr,https://oztiryakiler.com.tr/urun/hobart-kazan-yikama-makinasi-9710-ux10n-00/,hobart,yikama,bulasik-makineleri | bulasikhane-ekipmanlari | hobart | kazan-yikama,https://oztiryakiler.com.tr/urunler/bulasikhane-ekipmanlari/bulasik-makineleri/hobart/,Eşleşmedi,,,,
Hobart Konveyörlü Bulaşık Yıkama Makinası Cn-S-A 4000 T/Saat – Ön Yıkama-Kurutma Dahil,9710.0CNAS.00-tr,https://oztiryakiler.com.tr/urun/hobart-konveyorlu-bulasik-yikama-makinasi-cn-s-a-4000-t-saat-on-yikama-kurutma-dahil-9710-0cnas-00/,hobart,yikama,bulasik-makineleri | bulasikhane-ekipmanlari | hobart | konveyorlu-tip,https://oztiryakiler.com.tr/urunler/bulasikhane-ekipmanlari/bulasik-makineleri/hobart/,Eşleşmedi,,,,
Hobart Konveyörlü Bulaşık Yıkama Makinası Cn-L-A 3200 T/Saat – Ön Yıkama-Kurutma Dahil,9710.0CNAL.00-tr,https://oztiryakiler.com.tr/urun/hobart-konveyorlu-bulasik-yikama-makinasi-cn-l-a-3200-t-saat-on-yikama-kurutma-dahil-9710-0cnal-00/,hobart,yikama,bulasik-makineleri | bulasikhane-ekipmanlari | hobart | konveyorlu-tip,https://oztiryakiler.com.tr/urunler/bulasikhane-ekipmanlari/bulasik-makineleri/hobart/,Eşleşmedi,,,,
Hobart Konveyörlü Bulaşık Yıkama Makinası Cs-E-A 2500 T/Saat – Ön Yıkama-Kurutma Dahil,9710.0CSAE.00-tr,https://oztiryakiler.com.tr/urun/hobart-konveyorlu-bulasik-yikama-makinasi-cs-e-a-2500-t-saat-on-yikama-kurutma-dahil-9710-0csae-00/,hobart,yikama,bulasik-makineleri | bulasikhane-ekipmanlari | hobart | konveyorlu-tip,https://oztiryakiler.com.tr/urunler/bulasikhane-ekipmanlari/bulasik-makineleri/hobart/,Eşleşmedi,,,,
Hobart Konveyörlü Bulaşık Yıkama Makinası Csa 2000 T/Saat – Kurutma Dahil,9710.00CSA.00-tr,https://oztiryakiler.com.tr/urun/hobart-konveyorlu-bulasik-yikama-makinasi-csa-2000-t-saat-kurutma-dahil-9710-00csa-00/,hobart,yikama,bulasik-makineleri | bulasikhane-ekipmanlari | hobart | konveyorlu-tip,https://oztiryakiler.com.tr/urunler/bulasikhane-ekipmanlari/bulasik-makineleri/hobart/,Eşleşmedi,,,,
"Kazan Yıkama Bulaşık Makinesi, OKY PDRT",078M.11110.BD-tr,https://oztiryakiler.com.tr/urun/kazan-yikama-bulasik-makinesi-oky-pdrt-078m-11110-bd/,kazan-yikama-tip,yikama,bulasik-makineleri | bulasikhane-ekipmanlari | kazan-yikama-tip,https://oztiryakiler.com.tr/urunler/bulasikhane-ekipmanlari/bulasik-makineleri/kazan-yikama-tip/,Eşleşmedi,,,,
Konveyör Tipi Bulaşık Yıkama Mak. Sağ Giriş/Kurutmalı,072R.0010K.BD-tr,https://oztiryakiler.com.tr/urun/konveyor-tipi-bulasik-yikama-mak-sag-giris-kurutmali-072r-0010k-bd/,konveyorlu-tip-bulasik-makineleri,yikama,bulasik-makineleri | bulasikhane-ekipmanlari | konveyorlu-tip-bulasik-makineleri,https://oztiryakiler.com.tr/urunler/bulasikhane-ekipmanlari/bulasik-makineleri/konveyorlu-tip-bulasik-makineleri/,Eşleşmedi,,,,
Konveyör Tipi Bulaşık Yıkama Mak. Sağ Giriş/Kurutmalı,076R.0010K.BD-tr,https://oztiryakiler.com.tr/urun/konveyor-tipi-bulasik-yikama-mak-sag-giris-kurutmali-076r-0010k-bd/,konveyorlu-tip-bulasik-makineleri,yikama,bulasik-makineleri | bulasikhane-ekipmanlari | konveyorlu-tip-bulasik-makineleri,https://oztiryakiler.com.tr/urunler/bulasikhane-ekipmanlari/bulasik-makineleri/konveyorlu-tip-bulasik-makineleri/,Eşleşmedi,,,,
Konveyör Tipi Bulaşık Yıkama Mak. Sağ Giriş/Kurutmasız,076R.00100.BD-tr,https://oztiryakiler.com.tr/urun/konveyor-tipi-bulasik-yikama-mak-sag-giris-kurutmasiz-076r-00100-bd/,konveyorlu-tip-bulasik-makineleri,yikama,bulasik-makineleri | bulasikhane-ekipmanlari | konveyorlu-tip-bulasik-makineleri,https://oztiryakiler.com.tr/urunler/bulasikhane-ekipmanlari/bulasik-makineleri/konveyorlu-tip-bulasik-makineleri/,Eşleşmedi,,,,
Konveyör Tipi Bulaşık Yıkama Mak. Sol Giriş/Kurutmalı,072L.0010K.BD-tr,https://oztiryakiler.com.tr/urun/konveyor-tipi-bulasik-yikama-mak-sol-giris-kurutmali-072l-0010k-bd/,konveyorlu-tip-bulasik-makineleri,yikama,bulasik-makineleri | bulasikhane-ekipmanlari | konveyorlu-tip-bulasik-makineleri,https://oztiryakiler.com.tr/urunler/bulasikhane-ekipmanlari/bulasik-makineleri/konveyorlu-tip-bulasik-makineleri/,Eşleşmedi,,,,
Konveyör Tipi Bulaşık Yıkama Mak. Sol Giriş/Kurutmalı,076L.0010K.BD-tr,https://oztiryakiler.com.tr/urun/konveyor-tipi-bulasik-yikama-mak-sol-giris-kurutmali-076l-0010k-bd/,konveyorlu-tip-bulasik-makineleri,yikama,bulasik-makineleri | bulasikhane-ekipmanlari | konveyorlu-tip-bulasik-makineleri,https://oztiryakiler.com.tr/urunler/bulasikhane-ekipmanlari/bulasik-makineleri/konveyorlu-tip-bulasik-makineleri/,Eşleşmedi,,,,
Konveyör Tipi Bulaşık Yıkama Mak. Sol Giriş/Kurutmasız,076L.00100.BD-tr,https://oztiryakiler.com.tr/urun/konveyor-tipi-bulasik-yikama-mak-sol-giris-kurutmasiz-076l-00100-bd/,konveyorlu-tip-bulasik-makineleri,yikama,bulasik-makineleri | bulasikhane-ekipmanlari | konveyorlu-tip-bulasik-makineleri,https://oztiryakiler.com.tr/urunler/bulasikhane-ekipmanlari/bulasik-makineleri/konveyorlu-tip-bulasik-makineleri/,Eşleşmedi,,,,
"Bardak Yıkama Makinesi Mekanik, (35x35 cm)",073M.00000.AD-tr,https://oztiryakiler.com.tr/urun/bardak-yikama-makinesi-mekanik-35x35-cm-073m-00000-ad/,setustu-bardak-tip,yikama,bulasik-makineleri | bulasikhane-ekipmanlari | setustu-bardak-tip,https://oztiryakiler.com.tr/urunler/bulasikhane-ekipmanlari/bulasik-makineleri/setustu-bardak-tip/,Eşleşmedi,,,,
"Bardak Yıkama Makinesi Mekanik, (35x35 cm)",073M.11010.AD-tr,https://oztiryakiler.com.tr/urun/bardak-yikama-makinesi-mekanik-35x35-cm-073m-11010-ad/,setustu-bardak-tip,yikama,bulasik-makineleri | bulasikhane-ekipmanlari | setustu-bardak-tip,https://oztiryakiler.com.tr/urunler/bulasikhane-ekipmanlari/bulasik-makineleri/setustu-bardak-tip/,Eşleşmedi,,,,
"Bardak Yıkama Makinesi Mekanik, (40x40 cm)",074M.00000.AD-tr,https://oztiryakiler.com.tr/urun/bardak-yikama-makinesi-mekanik-40x40-cm-074m-00000-ad/,setustu-bardak-tip,yikama,bulasik-makineleri | bulasikhane-ekipmanlari | setustu-bardak-tip,https://oztiryakiler.com.tr/urunler/bulasikhane-ekipmanlari/bulasik-makineleri/setustu-bardak-tip/,Eşleşmedi,,,,
"Bardak Yıkama Makinesi Mekanik, (40x40 cm)",074M.11010.AD-tr,https://oztiryakiler.com.tr/urun/bardak-yikama-makinesi-mekanik-40x40-cm-074m-11010-ad/,setustu-bardak-tip,yikama,bulasik-makineleri | bulasikhane-ekipmanlari | setustu-bardak-tip,https://oztiryakiler.com.tr/urunler/bulasikhane-ekipmanlari/bulasik-makineleri/setustu-bardak-tip/,Eşleşmedi,,,,
"Bardak Yıkama Makinesi Touch Panel, (35x35 cm)",073T.00000.AD-tr,https://oztiryakiler.com.tr/urun/bardak-yikama-makinesi-touch-panel-35x35-cm-073t-00000-ad/,setustu-bardak-tip,yikama,bulasik-makineleri | bulasikhane-ekipmanlari | setustu-bardak-tip,https://oztiryakiler.com.tr/urunler/bulasikhane-ekipmanlari/bulasik-makineleri/setustu-bardak-tip/,Eşleşmedi,,,,
"Bardak Yıkama Makinesi Touch Panel, (35x35 cm)",073T.11010.AD-tr,https://oztiryakiler.com.tr/urun/bardak-yikama-makinesi-touch-panel-35x35-cm-073t-11010-ad/,setustu-bardak-tip,yikama,bulasik-makineleri | bulasikhane-ekipmanlari | setustu-bardak-tip,https://oztiryakiler.com.tr/urunler/bulasikhane-ekipmanlari/bulasik-makineleri/setustu-bardak-tip/,Eşleşmedi,,,,
"Bardak Yıkama Makinesi Touch Panel, (40x40 cm)",074T.00000.AD-tr,https://oztiryakiler.com.tr/urun/bardak-yikama-makinesi-touch-panel-40x40-cm-074t-00000-ad/,setustu-bardak-tip,yikama,bulasik-makineleri | bulasikhane-ekipmanlari | setustu-bardak-tip,https://oztiryakiler.com.tr/urunler/bulasikhane-ekipmanlari/bulasik-makineleri/setustu-bardak-tip/,Eşleşmedi,,,,
"Bardak Yıkama Makinesi Touch Panel, (40x40 cm)",074T.11010.AD-tr,https://oztiryakiler.com.tr/urun/bardak-yikama-makinesi-touch-panel-40x40-cm-074t-11010-ad/,setustu-bardak-tip,yikama,bulasik-makineleri | bulasikhane-ekipmanlari | setustu-bardak-tip,https://oztiryakiler.com.tr/urunler/bulasikhane-ekipmanlari/bulasik-makineleri/setustu-bardak-tip/,Eşleşmedi,,,,
"Tezgahaltı Bulaşık Mak. Touch Panel, (50x50 cm)",075T.11110.AD-tr,https://oztiryakiler.com.tr/urun/tezgahalti-bulasik-mak-touch-panel-50x50-cm-075t-11110-ad/,tezgahalti-tip,yikama,bulasik-makineleri | bulasikhane-ekipmanlari | tezgahalti-tip,https://oztiryakiler.com.tr/urunler/bulasikhane-ekipmanlari/bulasik-makineleri/tezgahalti-tip/,Eşleşmedi,,,,
Servis Arabası Procart 251,8959.PR251.00-tr,https://oztiryakiler.com.tr/urun/servis-arabasi-procart-251-8959-pr251-00/,bardak-kavanoz-yikama-duslari,yikama,bardak-kavanoz-yikama-duslari | bulasikhane-ekipmanlari | duslama-uniteleri,https://oztiryakiler.com.tr/urunler/bulasikhane-ekipmanlari/duslama-uniteleri/bardak-kavanoz-yikama-duslari/,Eşleşmedi,,,,
buZ MAKINES,9805.OFB16.5A-tr,https://oztiryakiler.com.tr/urun/buz-makines-9805-ofb16-5a/,ozti,sogutma,buz-makineleri | ozti | soguk-uniteler,https://oztiryakiler.com.tr/urunler/soguk-uniteler/buz-makineleri/ozti/,Eşleşmedi,,,,
BuZ MAKINES,9805.OFB32.0A-tr,https://oztiryakiler.com.tr/urun/buz-makines-9805-ofb32-0a/,ozti,sogutma,buz-makineleri | ozti | soguk-uniteler,https://oztiryakiler.com.tr/urunler/soguk-uniteler/buz-makineleri/ozti/,Eşleşmedi,,,,
BUZ MAKİNESİ,9805.ODB20.0A-tr,https://oztiryakiler.com.tr/urun/buz-makinesi-9805-odb20-0a/,ozti,sogutma,buz-makineleri | ozti | soguk-uniteler,https://oztiryakiler.com.tr/urunler/soguk-uniteler/buz-makineleri/ozti/,Eşleşmedi,,,,
BUZ MAKİNESİ,9805.ODB41.4A-tr,https://oztiryakiler.com.tr/urun/buz-makinesi-9805-odb41-4a/,ozti,sogutma,buz-makineleri | ozti | soguk-uniteler,https://oztiryakiler.com.tr/urunler/soguk-uniteler/buz-makineleri/ozti/,Eşleşmedi,,,,
BUZ MAKINESI,9805.OFB10.0A-tr,https://oztiryakiler.com.tr/urun/buz-makinesi-9805-ofb10-0a/,ozti,sogutma,buz-makineleri | ozti | soguk-uniteler,https://oztiryakiler.com.tr/urunler/soguk-uniteler/buz-makineleri/ozti/,Eşleşmedi,,,,
Buz Makinesi,9805.OKB25.A0-tr,https://oztiryakiler.com.tr/urun/buz-makinesi-9805-okb25-a0/,ozti,sogutma,buz-makineleri | ozti | soguk-uniteler,https://oztiryakiler.com.tr/urunler/soguk-uniteler/buz-makineleri/ozti/,Eşleşmedi,,,,
Buz Makinesi,9805.OKB37.A0-tr,https://oztiryakiler.com.tr/urun/buz-makinesi-9805-okb37-a0/,ozti,sogutma,buz-makineleri | ozti | soguk-uniteler,https://oztiryakiler.com.tr/urunler/soguk-uniteler/buz-makineleri/ozti/,Eşleşmedi,,,,
Buz Makinesi,9805.OKB46.A0-tr,https://oztiryakiler.com.tr/urun/buz-makinesi-9805-okb46-a0/,ozti,sogutma,buz-makineleri | ozti | soguk-uniteler,https://oztiryakiler.com.tr/urunler/soguk-uniteler/buz-makineleri/ozti/,Eşleşmedi,,,,
Buz Makinesi,9805.OKB68.A0-tr,https://oztiryakiler.com.tr/urun/buz-makinesi-9805-okb68-a0/,ozti,sogutma,buz-makineleri | ozti | soguk-uniteler,https://oztiryakiler.com.tr/urunler/soguk-uniteler/buz-makineleri/ozti/,Eşleşmedi,,,,
BUZ MAKINESI,9805.OKB88.A0-tr,https://oztiryakiler.com.tr/urun/buz-makinesi-9805-okb88-a0/,ozti,sogutma,buz-makineleri | ozti | soguk-uniteler,https://oztiryakiler.com.tr/urunler/soguk-uniteler/buz-makineleri/ozti/,Eşleşmedi,,,,
OztiBuz Makinesi OKB158 158KG/Gün Hava Soğutmalı R452A,9805.OKB158.00-tr,https://oztiryakiler.com.tr/urun/oztibuz-makinesi-okb158-158kg-gun-hava-sogutmali-r452a-9805-okb158-00/,ozti,sogutma,buz-makineleri | ozti | soguk-uniteler,https://oztiryakiler.com.tr/urunler/soguk-uniteler/buz-makineleri/ozti/,Eşleşmedi,,,,
"Cuber, Modular",9805.IM240A.NEH-tr,https://oztiryakiler.com.tr/urun/cuber-modular-9805-im240a-neh/,hoshizaki,sogutma,buz-makineleri | hoshizaki | soguk-uniteler,https://oztiryakiler.com.tr/urunler/soguk-uniteler/buz-makineleri/hoshizaki/,Eşleşmedi,,,,
"Cuber, Modular & Stackable",9805.IM240X.NHC-tr,https://oztiryakiler.com.tr/urun/cuber-modular-stackable-9805-im240x-nhc/,hoshizaki,sogutma,buz-makineleri | hoshizaki | soguk-uniteler,https://oztiryakiler.com.tr/urunler/soguk-uniteler/buz-makineleri/hoshizaki/,Eşleşmedi,,,,
"Cuber, Self Contained",9805.IM30CN.EHC-tr,https://oztiryakiler.com.tr/urun/cuber-self-contained-9805-im30cn-ehc/,hoshizaki,sogutma,buz-makineleri | hoshizaki | soguk-uniteler,https://oztiryakiler.com.tr/urunler/soguk-uniteler/buz-makineleri/hoshizaki/,Eşleşmedi,,,,
"Cuber, Self Contained",9805.IM45N.EHC-tr,https://oztiryakiler.com.tr/urun/cuber-self-contained-9805-im45n-ehc/,hoshizaki,sogutma,buz-makineleri | hoshizaki | soguk-uniteler,https://oztiryakiler.com.tr/urunler/soguk-uniteler/buz-makineleri/hoshizaki/,Eşleşmedi,,,,
"Cuber, Self Contained",9805.IM65N.EHC-tr,https://oztiryakiler.com.tr/urun/cuber-self-contained-9805-im65n-ehc/,hoshizaki,sogutma,buz-makineleri | hoshizaki | soguk-uniteler,https://oztiryakiler.com.tr/urunler/soguk-uniteler/buz-makineleri/hoshizaki/,Eşleşmedi,,,,
HOSHIZAKI Buz Makinesi IM-240DNE-HC 210KG,9805.IM240D.NHC-tr,https://oztiryakiler.com.tr/urun/hoshizaki-buz-makinesi-im-240dne-hc-210kg-9805-im240d-nhc/,hoshizaki,sogutma,buz-makineleri | hoshizaki | soguk-uniteler,https://oztiryakiler.com.tr/urunler/soguk-uniteler/buz-makineleri/hoshizaki/,Eşleşmedi,,,,
HOSHIZAKIBuz Haznesi 340KG B-340SA,9805.0B340.SA-tr,https://oztiryakiler.com.tr/urun/hoshizakibuz-haznesi-340kg-b-340sa-9805-0b340-sa/,hoshizaki,sogutma,buz-makineleri | hoshizaki | soguk-uniteler,https://oztiryakiler.com.tr/urunler/soguk-uniteler/buz-makineleri/hoshizaki/,Eşleşmedi,,,,
Storage Bin,9805.0B140.SA-tr,https://oztiryakiler.com.tr/urun/storage-bin-9805-0b140-sa/,hoshizaki,sogutma,buz-makineleri | hoshizaki | soguk-uniteler,https://oztiryakiler.com.tr/urunler/soguk-uniteler/buz-makineleri/hoshizaki/,Eşleşmedi,,,,
Simag Buz Makinası Sde30 30 Kg/Gün,9805.SDE30.00-tr,https://oztiryakiler.com.tr/urun/simag-buz-makinasi-sde30-30-kg-gun-9805-sde30-00/,simag,sogutma,buz-makineleri | simag | soguk-uniteler,https://oztiryakiler.com.tr/urunler/soguk-uniteler/buz-makineleri/simag/,Eşleşmedi,,,,
Simag Buz Makinası 315 Ltr,9805.SV325.00-tr,https://oztiryakiler.com.tr/urun/simag-buz-makinasi-315-ltr-9805-sv325-00/,simag,sogutma,buz-makineleri | simag | soguk-uniteler,https://oztiryakiler.com.tr/urunler/soguk-uniteler/buz-makineleri/simag/,Eşleşmedi,,,,
Simag Buz Makinası Sde18 18 Kg/Gün,9805.SDE18.00-tr,https://oztiryakiler.com.tr/urun/simag-buz-makinasi-sde18-18-kg-gun-9805-sde18-00/,simag,sogutma,buz-makineleri | simag | soguk-uniteler,https://oztiryakiler.com.tr/urunler/soguk-uniteler/buz-makineleri/simag/,Eşleşmedi,,,,
Simag Buz Makinası Sde24 24 Kg/Gün,9805.SDE24.00-tr,https://oztiryakiler.com.tr/urun/simag-buz-makinasi-sde24-24-kg-gun-9805-sde24-00/,simag,sogutma,buz-makineleri | simag | soguk-uniteler,https://oztiryakiler.com.tr/urunler/soguk-uniteler/buz-makineleri/simag/,Eşleşmedi,,,,
Simag Buz Makinası Sde40 38 Kg/Gün,9805.SDE40.00-tr,https://oztiryakiler.com.tr/urun/simag-buz-makinasi-sde40-38-kg-gun-9805-sde40-00/,simag,sogutma,buz-makineleri | simag | soguk-uniteler,https://oztiryakiler.com.tr/urunler/soguk-uniteler/buz-makineleri/simag/,Eşleşmedi,,,,
Simag Buz Makinası Sde84 82 Kg/Gün,9805.SDE84.00-tr,https://oztiryakiler.com.tr/urun/simag-buz-makinasi-sde84-82-kg-gun-9805-sde84-00/,simag,sogutma,buz-makineleri | simag | soguk-uniteler,https://oztiryakiler.com.tr/urunler/soguk-uniteler/buz-makineleri/simag/,Eşleşmedi,,,,
Simag Kar Buz Makinası Sp,9805.SPN40.50-tr,https://oztiryakiler.com.tr/urun/simag-kar-buz-makinasi-sp-9805-spn40-50/,simag,sogutma,buz-makineleri | simag | soguk-uniteler,https://oztiryakiler.com.tr/urunler/soguk-uniteler/buz-makineleri/simag/,Eşleşmedi,,,,
Simag Mod. Kar Makinasi 100Lt.,9912.SPR80.00-tr,https://oztiryakiler.com.tr/urun/simag-mod-kar-makinasi-100lt-9912-spr80-00/,simag,sogutma,buz-makineleri | simag | soguk-uniteler,https://oztiryakiler.com.tr/urunler/soguk-uniteler/buz-makineleri/simag/,Eşleşmedi,,,,
BAKER GA 950 L DR RETARDER PROVER,72P3.95GGV.00-tr,https://oztiryakiler.com.tr/urun/baker-ga-950-l-dr-retarder-prover-72p3-95ggv-00/,dikey-buzdolaplari,sogutma,buzdolaplari | dikey-buzdolaplari | soguk-uniteler,https://oztiryakiler.com.tr/urunler/soguk-uniteler/buzdolaplari/dikey-buzdolaplari/,Eşleşmedi,,,,
BAKER M 550 BUZDOLABI,74P3.40MMV.00-tr,https://oztiryakiler.com.tr/urun/baker-m-550-buzdolabi-74p3-40mmv-00/,dikey-buzdolaplari,sogutma,buzdolaplari | dikey-buzdolaplari | soguk-uniteler,https://oztiryakiler.com.tr/urunler/soguk-uniteler/buzdolaplari/dikey-buzdolaplari/,Eşleşmedi,,,,
BAKER M 625 BUZDOLABI,74P3.60MTW.R0-tr,https://oztiryakiler.com.tr/urun/baker-m-625-buzdolabi-74p3-60mtw-r0/,dikey-buzdolaplari,sogutma,buzdolaplari | dikey-buzdolaplari | soguk-uniteler,https://oztiryakiler.com.tr/urunler/soguk-uniteler/buzdolaplari/dikey-buzdolaplari/,Eşleşmedi,,,,
Çift İnoks Kapı Dik Tip Buzdolabı Ekonomik,79E4.12NMV.00-tr,https://oztiryakiler.com.tr/urun/cift-inoks-kapi-dik-tip-buzdolabi-ekonomik-79e4-12nmv-00/,dikey-buzdolaplari,sogutma,buzdolaplari | dikey-buzdolaplari | soguk-uniteler,https://oztiryakiler.com.tr/urunler/soguk-uniteler/buzdolaplari/dikey-buzdolaplari/,Eşleşmedi,,,,
Çift İnoks Kapı Dik Tip Buzdolabı K Tip,79K3.12NMV.00-tr,https://oztiryakiler.com.tr/urun/cift-inoks-kapi-dik-tip-buzdolabi-k-tip-79k3-12nmv-00/,dikey-buzdolaplari,sogutma,buzdolaplari | dikey-buzdolaplari | soguk-uniteler,https://oztiryakiler.com.tr/urunler/soguk-uniteler/buzdolaplari/dikey-buzdolaplari/,Eşleşmedi,,,,
Çift İnoks Kapı Dik Tip Buzdolabı K Tip,79K4.12NMV.00-tr,https://oztiryakiler.com.tr/urun/cift-inoks-kapi-dik-tip-buzdolabi-k-tip-79k4-12nmv-00/,dikey-buzdolaplari,sogutma,buzdolaplari | dikey-buzdolaplari | soguk-uniteler,https://oztiryakiler.com.tr/urunler/soguk-uniteler/buzdolaplari/dikey-buzdolaplari/,Eşleşmedi,,,,
Dört Yarım Cam Kapılı Buzdolabı K Tip,79K3.12NMV.11-tr,https://oztiryakiler.com.tr/urun/dort-yarim-cam-kapili-buzdolabi-k-tip-79k3-12nmv-11/,dikey-buzdolaplari,sogutma,buzdolaplari | dikey-buzdolaplari | soguk-uniteler,https://oztiryakiler.com.tr/urunler/soguk-uniteler/buzdolaplari/dikey-buzdolaplari/,Eşleşmedi,,,,
Dört Yarım Kapılı Buzdolabı K Tip,79K3.12NMV.10-tr,https://oztiryakiler.com.tr/urun/dort-yarim-kapili-buzdolabi-k-tip-79k3-12nmv-10/,dikey-buzdolaplari,sogutma,buzdolaplari | dikey-buzdolaplari | soguk-uniteler,https://oztiryakiler.com.tr/urunler/soguk-uniteler/buzdolaplari/dikey-buzdolaplari/,Eşleşmedi,,,,
Dört Yarım Kapılı Buzdolabı 430 K Tip,79K4.12NMV.10-tr,https://oztiryakiler.com.tr/urun/dort-yarim-kapili-buzdolabi-430-k-tip-79k4-12nmv-10/,dikey-buzdolaplari,sogutma,buzdolaplari | dikey-buzdolaplari | soguk-uniteler,https://oztiryakiler.com.tr/urunler/soguk-uniteler/buzdolaplari/dikey-buzdolaplari/,Eşleşmedi,,,,
İki Yarım Cam Kapılı Buzdolabı K Tip,79K3.06NMV.11-tr,https://oztiryakiler.com.tr/urun/iki-yarim-cam-kapili-buzdolabi-k-tip-79k3-06nmv-11/,dikey-buzdolaplari,sogutma,buzdolaplari | dikey-buzdolaplari | soguk-uniteler,https://oztiryakiler.com.tr/urunler/soguk-uniteler/buzdolaplari/dikey-buzdolaplari/,Eşleşmedi,,,,
İki Yarım Kapılı Buzdolabı K Tip,79K3.06NMV.10-tr,https://oztiryakiler.com.tr/urun/iki-yarim-kapili-buzdolabi-k-tip-79k3-06nmv-10/,dikey-buzdolaplari,sogutma,buzdolaplari | dikey-buzdolaplari | soguk-uniteler,https://oztiryakiler.com.tr/urunler/soguk-uniteler/buzdolaplari/dikey-buzdolaplari/,Eşleşmedi,,,,
İki Yarım Kapılı Buzdolabı 430 K Tip,79K4.06NMV.10-tr,https://oztiryakiler.com.tr/urun/iki-yarim-kapili-buzdolabi-430-k-tip-79k4-06nmv-10/,dikey-buzdolaplari,sogutma,buzdolaplari | dikey-buzdolaplari | soguk-uniteler,https://oztiryakiler.com.tr/urunler/soguk-uniteler/buzdolaplari/dikey-buzdolaplari/,Eşleşmedi,,,,
Tek İnoks Kapı Dik Tip Buzdolabı Ekonomik,79E4.06NMV.00-tr,https://oztiryakiler.com.tr/urun/tek-inoks-kapi-dik-tip-buzdolabi-ekonomik-79e4-06nmv-00/,dikey-buzdolaplari,sogutma,buzdolaplari | dikey-buzdolaplari | soguk-uniteler,https://oztiryakiler.com.tr/urunler/soguk-uniteler/buzdolaplari/dikey-buzdolaplari/,Eşleşmedi,,,,
Tek İnoks Kapı Dik Tip Buzdolabı K Tip,79K3.06NMV.00-tr,https://oztiryakiler.com.tr/urun/tek-inoks-kapi-dik-tip-buzdolabi-k-tip-79k3-06nmv-00/,dikey-buzdolaplari,sogutma,buzdolaplari | dikey-buzdolaplari | soguk-uniteler,https://oztiryakiler.com.tr/urunler/soguk-uniteler/buzdolaplari/dikey-buzdolaplari/,Eşleşmedi,,,,
Tek İnoks Kapı Dik Tip Buzdolabı K Tip,79K4.06NMV.00-tr,https://oztiryakiler.com.tr/urun/tek-inoks-kapi-dik-tip-buzdolabi-k-tip-79k4-06nmv-00/,dikey-buzdolaplari,sogutma,buzdolaplari | dikey-buzdolaplari | soguk-uniteler,https://oztiryakiler.com.tr/urunler/soguk-uniteler/buzdolaplari/dikey-buzdolaplari/,Eşleşmedi,,,,
4 Yarım Cam Kapı Dik Tip Buzdolabı,7919.12NMV.11-tr,https://oztiryakiler.com.tr/urun/4-yarim-cam-kapi-dik-tip-buzdolabi-7919-12nmv-11/,dikey-tip-buzdolaplari,sogutma,buzdolaplari | dikey-tip-buzdolaplari | soguk-uniteler,https://oztiryakiler.com.tr/urunler/soguk-uniteler/buzdolaplari/dikey-tip-buzdolaplari/,Eşleşmedi,,,,
4 Yarım İnoks Kapı Dik Tip Buzdolabı,7919.12NMV.10-tr,https://oztiryakiler.com.tr/urun/4-yarim-inoks-kapi-dik-tip-buzdolabi-7919-12nmv-10/,dikey-tip-buzdolaplari,sogutma,buzdolaplari | dikey-tip-buzdolaplari | soguk-uniteler,https://oztiryakiler.com.tr/urunler/soguk-uniteler/buzdolaplari/dikey-tip-buzdolaplari/,Eşleşmedi,,,,
Çift Cam Kapı Dik Tip Buzdolabı,7919.12NMV.01-tr,https://oztiryakiler.com.tr/urun/cift-cam-kapi-dik-tip-buzdolabi-7919-12nmv-01/,dikey-tip-buzdolaplari,sogutma,buzdolaplari | dikey-tip-buzdolaplari | soguk-uniteler,https://oztiryakiler.com.tr/urunler/soguk-uniteler/buzdolaplari/dikey-tip-buzdolaplari/,Eşleşmedi,,,,
Çift İnoks Kapı Dik Tip Buzdolabı,7919.12NMV.00-tr,https://oztiryakiler.com.tr/urun/cift-inoks-kapi-dik-tip-buzdolabi-7919-12nmv-00/,dikey-tip-buzdolaplari,sogutma,buzdolaplari | dikey-tip-buzdolaplari | soguk-uniteler,https://oztiryakiler.com.tr/urunler/soguk-uniteler/buzdolaplari/dikey-tip-buzdolaplari/,Eşleşmedi,,,,
Çift Yarım Cam Kapı Dik Tip Buzdolabı,7919.06NMV.11-tr,https://oztiryakiler.com.tr/urun/cift-yarim-cam-kapi-dik-tip-buzdolabi-7919-06nmv-11/,dikey-tip-buzdolaplari,sogutma,buzdolaplari | dikey-tip-buzdolaplari | soguk-uniteler,https://oztiryakiler.com.tr/urunler/soguk-uniteler/buzdolaplari/dikey-tip-buzdolaplari/,Eşleşmedi,,,,
Çift Yarım İnoks Kapı Dik Tip Buzdolabı,7919.06NMV.10-tr,https://oztiryakiler.com.tr/urun/cift-yarim-inoks-kapi-dik-tip-buzdolabi-7919-06nmv-10/,dikey-tip-buzdolaplari,sogutma,buzdolaplari | dikey-tip-buzdolaplari | soguk-uniteler,https://oztiryakiler.com.tr/urunler/soguk-uniteler/buzdolaplari/dikey-tip-buzdolaplari/,Eşleşmedi,,,,
PREMIER M W80 C DL REFRIGERATOR,74G3.07MMW.60-tr,https://oztiryakiler.com.tr/urun/premier-m-w80-c-dl-refrigerator-74g3-07mmw-60/,dikey-tip-buzdolaplari,sogutma,buzdolaplari | dikey-tip-buzdolaplari | soguk-uniteler,https://oztiryakiler.com.tr/urunler/soguk-uniteler/buzdolaplari/dikey-tip-buzdolaplari/,Eşleşmedi,,,,
Tek Cam Kapı Dik Tip Buzdolabı,7919.06NMV.01-tr,https://oztiryakiler.com.tr/urun/tek-cam-kapi-dik-tip-buzdolabi-7919-06nmv-01/,dikey-tip-buzdolaplari,sogutma,buzdolaplari | dikey-tip-buzdolaplari | soguk-uniteler,https://oztiryakiler.com.tr/urunler/soguk-uniteler/buzdolaplari/dikey-tip-buzdolaplari/,Eşleşmedi,,,,
Tek İnoks Kapı Dik Tip Buzdolabı,7919.06NMV.00-tr,https://oztiryakiler.com.tr/urun/tek-inoks-kapi-dik-tip-buzdolabi-7919-06nmv-00/,dikey-tip-buzdolaplari,sogutma,buzdolaplari | dikey-tip-buzdolaplari | soguk-uniteler,https://oztiryakiler.com.tr/urunler/soguk-uniteler/buzdolaplari/dikey-tip-buzdolaplari/,Eşleşmedi,,,,
12 Çekmece Yatay Tip Buzdolabı,79E3.46NMV.03-tr,https://oztiryakiler.com.tr/urun/12-cekmece-yatay-tip-buzdolabi-79e3-46nmv-03/,yatay-buzdolaplari,sogutma,buzdolaplari | soguk-uniteler | yatay-buzdolaplari,https://oztiryakiler.com.tr/urunler/soguk-uniteler/buzdolaplari/yatay-buzdolaplari/,Eşleşmedi,,,,
12 Çekmece Yatay Tip Buzdolabı,79E3.47NMV.03-tr,https://oztiryakiler.com.tr/urun/12-cekmece-yatay-tip-buzdolabi-79e3-47nmv-03/,yatay-buzdolaplari,sogutma,buzdolaplari | soguk-uniteler | yatay-buzdolaplari,https://oztiryakiler.com.tr/urunler/soguk-uniteler/buzdolaplari/yatay-buzdolaplari/,Eşleşmedi,,,,
12 Çekmece Yatay Tip Buzdolabı,79E4.47NMV.03-tr,https://oztiryakiler.com.tr/urun/12-cekmece-yatay-tip-buzdolabi-79e4-47nmv-03/,yatay-buzdolaplari,sogutma,buzdolaplari | soguk-uniteler | yatay-buzdolaplari,https://oztiryakiler.com.tr/urunler/soguk-uniteler/buzdolaplari/yatay-buzdolaplari/,Eşleşmedi,,,,
3 Cam Kapı Yatay Tip Buzdolabı,79E3.36NMV.01-tr,https://oztiryakiler.com.tr/urun/3-cam-kapi-yatay-tip-buzdolabi-79e3-36nmv-01/,yatay-buzdolaplari,sogutma,buzdolaplari | soguk-uniteler | yatay-buzdolaplari,https://oztiryakiler.com.tr/urunler/soguk-uniteler/buzdolaplari/yatay-buzdolaplari/,Eşleşmedi,,,,
3 Cam Kapı Yatay Tip Buzdolabı,79E3.37NMV.01-tr,https://oztiryakiler.com.tr/urun/3-cam-kapi-yatay-tip-buzdolabi-79e3-37nmv-01/,yatay-buzdolaplari,sogutma,buzdolaplari | soguk-uniteler | yatay-buzdolaplari,https://oztiryakiler.com.tr/urunler/soguk-uniteler/buzdolaplari/yatay-buzdolaplari/,Eşleşmedi,,,,
3 Cam Kapı Yatay Tip Buzdolabı,79E4.37NMV.01-tr,https://oztiryakiler.com.tr/urun/3-cam-kapi-yatay-tip-buzdolabi-79e4-37nmv-01/,yatay-buzdolaplari,sogutma,buzdolaplari | soguk-uniteler | yatay-buzdolaplari,https://oztiryakiler.com.tr/urunler/soguk-uniteler/buzdolaplari/yatay-buzdolaplari/,Eşleşmedi,,,,
3 İnoks Kapı Yatay Tip Buzdolabı,79E3.36NMV.00-tr,https://oztiryakiler.com.tr/urun/3-inoks-kapi-yatay-tip-buzdolabi-79e3-36nmv-00/,yatay-buzdolaplari,sogutma,buzdolaplari | soguk-uniteler | yatay-buzdolaplari,https://oztiryakiler.com.tr/urunler/soguk-uniteler/buzdolaplari/yatay-buzdolaplari/,Eşleşmedi,,,,
3 İnoks Kapı Yatay Tip Buzdolabı,79E3.37NMV.00-tr,https://oztiryakiler.com.tr/urun/3-inoks-kapi-yatay-tip-buzdolabi-79e3-37nmv-00/,yatay-buzdolaplari,sogutma,buzdolaplari | soguk-uniteler | yatay-buzdolaplari,https://oztiryakiler.com.tr/urunler/soguk-uniteler/buzdolaplari/yatay-buzdolaplari/,Eşleşmedi,,,,
3 İnoks Kapı Yatay Tip Buzdolabı,79E4.37NMV.00-tr,https://oztiryakiler.com.tr/urun/3-inoks-kapi-yatay-tip-buzdolabi-79e4-37nmv-00/,yatay-buzdolaplari,sogutma,buzdolaplari | soguk-uniteler | yatay-buzdolaplari,https://oztiryakiler.com.tr/urunler/soguk-uniteler/buzdolaplari/yatay-buzdolaplari/,Eşleşmedi,,,,
4 Çekmece Cihazaltı Buzdolabı,7919.26NTV.C2-tr,https://oztiryakiler.com.tr/urun/4-cekmece-cihazalti-buzdolabi-7919-26ntv-c2/,yatay-buzdolaplari,sogutma,buzdolaplari | soguk-uniteler | yatay-buzdolaplari,https://oztiryakiler.com.tr/urunler/soguk-uniteler/buzdolaplari/yatay-buzdolaplari/,Eşleşmedi,,,,
4 Cam Kapı Yatay Tip Buzdolabı,79E3.46NMV.01-tr,https://oztiryakiler.com.tr/urun/4-cam-kapi-yatay-tip-buzdolabi-79e3-46nmv-01/,yatay-buzdolaplari,sogutma,buzdolaplari | soguk-uniteler | yatay-buzdolaplari,https://oztiryakiler.com.tr/urunler/soguk-uniteler/buzdolaplari/yatay-buzdolaplari/,Eşleşmedi,,,,
4 Cam Kapı Yatay Tip Buzdolabı,79E3.47NMV.01-tr,https://oztiryakiler.com.tr/urun/4-cam-kapi-yatay-tip-buzdolabi-79e3-47nmv-01/,yatay-buzdolaplari,sogutma,buzdolaplari | soguk-uniteler | yatay-buzdolaplari,https://oztiryakiler.com.tr/urunler/soguk-uniteler/buzdolaplari/yatay-buzdolaplari/,Eşleşmedi,,,,
4 Cam Kapı Yatay Tip Buzdolabı,79E4.47NMV.01-tr,https://oztiryakiler.com.tr/urun/4-cam-kapi-yatay-tip-buzdolabi-79e4-47nmv-01/,yatay-buzdolaplari,sogutma,buzdolaplari | soguk-uniteler | yatay-buzdolaplari,https://oztiryakiler.com.tr/urunler/soguk-uniteler/buzdolaplari/yatay-buzdolaplari/,Eşleşmedi,,,,
4 Çekmece Yatay Tip Buzdolabı,79E3.26NMV.02-tr,https://oztiryakiler.com.tr/urun/4-cekmece-yatay-tip-buzdolabi-79e3-26nmv-02/,yatay-buzdolaplari,sogutma,buzdolaplari | soguk-uniteler | yatay-buzdolaplari,https://oztiryakiler.com.tr/urunler/soguk-uniteler/buzdolaplari/yatay-buzdolaplari/,Eşleşmedi,,,,
4 Çekmece Yatay Tip Buzdolabı,79E3.27NMV.02-tr,https://oztiryakiler.com.tr/urun/4-cekmece-yatay-tip-buzdolabi-79e3-27nmv-02/,yatay-buzdolaplari,sogutma,buzdolaplari | soguk-uniteler | yatay-buzdolaplari,https://oztiryakiler.com.tr/urunler/soguk-uniteler/buzdolaplari/yatay-buzdolaplari/,Eşleşmedi,,,,
4 Çekmece Yatay Tip Buzdolabı,79E4.27NMV.02-tr,https://oztiryakiler.com.tr/urun/4-cekmece-yatay-tip-buzdolabi-79e4-27nmv-02/,yatay-buzdolaplari,sogutma,buzdolaplari | soguk-uniteler | yatay-buzdolaplari,https://oztiryakiler.com.tr/urunler/soguk-uniteler/buzdolaplari/yatay-buzdolaplari/,Eşleşmedi,,,,
Düz Granit Tabla,2920.13260.37-tr,https://oztiryakiler.com.tr/urun/duz-granit-tabla-2920-13260-37/,yatay-tip-buzdolaplari,sogutma,aksesuar | buzdolaplari | soguk-uniteler | yatay-tip-buzdolaplari,https://oztiryakiler.com.tr/urunler/soguk-uniteler/buzdolaplari/yatay-tip-buzdolaplari/,Eşleşmedi,,,,
Düz Granit Tabla,2920.13270.37-tr,https://oztiryakiler.com.tr/urun/duz-granit-tabla-2920-13270-37/,yatay-tip-buzdolaplari,sogutma,aksesuar | buzdolaplari | soguk-uniteler | yatay-tip-buzdolaplari,https://oztiryakiler.com.tr/urunler/soguk-uniteler/buzdolaplari/yatay-tip-buzdolaplari/,Eşleşmedi,,,,
Düz Granit Tabla,2920.17860.37-tr,https://oztiryakiler.com.tr/urun/duz-granit-tabla-2920-17860-37/,yatay-tip-buzdolaplari,sogutma,aksesuar | buzdolaplari | soguk-uniteler | yatay-tip-buzdolaplari,https://oztiryakiler.com.tr/urunler/soguk-uniteler/buzdolaplari/yatay-tip-buzdolaplari/,Eşleşmedi,,,,
Düz Granit Tabla,2920.17870.37-tr,https://oztiryakiler.com.tr/urun/duz-granit-tabla-2920-17870-37/,yatay-tip-buzdolaplari,sogutma,aksesuar | buzdolaplari | soguk-uniteler | yatay-tip-buzdolaplari,https://oztiryakiler.com.tr/urunler/soguk-uniteler/buzdolaplari/yatay-tip-buzdolaplari/,Eşleşmedi,,,,
Düz Granit Tabla,2920.22560.37-tr,https://oztiryakiler.com.tr/urun/duz-granit-tabla-2920-22560-37/,yatay-tip-buzdolaplari,sogutma,aksesuar | buzdolaplari | soguk-uniteler | yatay-tip-buzdolaplari,https://oztiryakiler.com.tr/urunler/soguk-uniteler/buzdolaplari/yatay-tip-buzdolaplari/,Eşleşmedi,,,,
Düz Granit Tabla,2920.22570.37-tr,https://oztiryakiler.com.tr/urun/duz-granit-tabla-2920-22570-37/,yatay-tip-buzdolaplari,sogutma,aksesuar | buzdolaplari | soguk-uniteler | yatay-tip-buzdolaplari,https://oztiryakiler.com.tr/urunler/soguk-uniteler/buzdolaplari/yatay-tip-buzdolaplari/,Eşleşmedi,,,,
Düz Mermer Tabla,2920.13260.02-tr,https://oztiryakiler.com.tr/urun/duz-mermer-tabla-2920-13260-02/,yatay-tip-buzdolaplari,sogutma,aksesuar | buzdolaplari | soguk-uniteler | yatay-tip-buzdolaplari,https://oztiryakiler.com.tr/urunler/soguk-uniteler/buzdolaplari/yatay-tip-buzdolaplari/,Eşleşmedi,,,,
Düz Mermer Tabla,2920.13270.02-tr,https://oztiryakiler.com.tr/urun/duz-mermer-tabla-2920-13270-02/,yatay-tip-buzdolaplari,sogutma,aksesuar | buzdolaplari | soguk-uniteler | yatay-tip-buzdolaplari,https://oztiryakiler.com.tr/urunler/soguk-uniteler/buzdolaplari/yatay-tip-buzdolaplari/,Eşleşmedi,,,,
Düz Mermer Tabla,2920.17860.02-tr,https://oztiryakiler.com.tr/urun/duz-mermer-tabla-2920-17860-02/,yatay-tip-buzdolaplari,sogutma,aksesuar | buzdolaplari | soguk-uniteler | yatay-tip-buzdolaplari,https://oztiryakiler.com.tr/urunler/soguk-uniteler/buzdolaplari/yatay-tip-buzdolaplari/,Eşleşmedi,,,,
Düz Mermer Tabla,2920.17870.02-tr,https://oztiryakiler.com.tr/urun/duz-mermer-tabla-2920-17870-02/,yatay-tip-buzdolaplari,sogutma,aksesuar | buzdolaplari | soguk-uniteler | yatay-tip-buzdolaplari,https://oztiryakiler.com.tr/urunler/soguk-uniteler/buzdolaplari/yatay-tip-buzdolaplari/,Eşleşmedi,,,,
Düz Mermer Tabla,2920.22560.02-tr,https://oztiryakiler.com.tr/urun/duz-mermer-tabla-2920-22560-02/,yatay-tip-buzdolaplari,sogutma,aksesuar | buzdolaplari | soguk-uniteler | yatay-tip-buzdolaplari,https://oztiryakiler.com.tr/urunler/soguk-uniteler/buzdolaplari/yatay-tip-buzdolaplari/,Eşleşmedi,,,,
Düz Mermer Tabla,2920.22570.02-tr,https://oztiryakiler.com.tr/urun/duz-mermer-tabla-2920-22570-02/,yatay-tip-buzdolaplari,sogutma,aksesuar | buzdolaplari | soguk-uniteler | yatay-tip-buzdolaplari,https://oztiryakiler.com.tr/urunler/soguk-uniteler/buzdolaplari/yatay-tip-buzdolaplari/,Eşleşmedi,,,,
Düz Polietilen Tabla,2920.13260.27-tr,https://oztiryakiler.com.tr/urun/duz-polietilen-tabla-2920-13260-27/,yatay-tip-buzdolaplari,sogutma,aksesuar | buzdolaplari | soguk-uniteler | yatay-tip-buzdolaplari,https://oztiryakiler.com.tr/urunler/soguk-uniteler/buzdolaplari/yatay-tip-buzdolaplari/,Eşleşmedi,,,,
Düz Polietilen Tabla,2920.13270.27-tr,https://oztiryakiler.com.tr/urun/duz-polietilen-tabla-2920-13270-27/,yatay-tip-buzdolaplari,sogutma,aksesuar | buzdolaplari | soguk-uniteler | yatay-tip-buzdolaplari,https://oztiryakiler.com.tr/urunler/soguk-uniteler/buzdolaplari/yatay-tip-buzdolaplari/,Eşleşmedi,,,,
Düz Polietilen Tabla,2920.17860.27-tr,https://oztiryakiler.com.tr/urun/duz-polietilen-tabla-2920-17860-27/,yatay-tip-buzdolaplari,sogutma,aksesuar | buzdolaplari | soguk-uniteler | yatay-tip-buzdolaplari,https://oztiryakiler.com.tr/urunler/soguk-uniteler/buzdolaplari/yatay-tip-buzdolaplari/,Eşleşmedi,,,,
Düz Polietilen Tabla,2920.17870.27-tr,https://oztiryakiler.com.tr/urun/duz-polietilen-tabla-2920-17870-27/,yatay-tip-buzdolaplari,sogutma,aksesuar | buzdolaplari | soguk-uniteler | yatay-tip-buzdolaplari,https://oztiryakiler.com.tr/urunler/soguk-uniteler/buzdolaplari/yatay-tip-buzdolaplari/,Eşleşmedi,,,,
Alçak Pleksiglass Kapaklı Pizza Hazırlık Ünitesi,79E3.PZC35.L0-tr,https://oztiryakiler.com.tr/urun/alcak-pleksiglass-kapakli-pizza-hazirlik-unitesi-79e3-pzc35-l0/,pizza-hazirlik-dolaplari,sogutma,buzdolaplari | pizza-hazirlik-dolaplari | soguk-uniteler,https://oztiryakiler.com.tr/urunler/soguk-uniteler/buzdolaplari/pizza-hazirlik-dolaplari/,Eşleşmedi,,,,
Alçak Pleksiglass Kapaklı Pizza Hazırlık Ünitesi,79E3.PZC54.L0-tr,https://oztiryakiler.com.tr/urun/alcak-pleksiglass-kapakli-pizza-hazirlik-unitesi-79e3-pzc54-l0/,pizza-hazirlik-dolaplari,sogutma,buzdolaplari | pizza-hazirlik-dolaplari | soguk-uniteler,https://oztiryakiler.com.tr/urunler/soguk-uniteler/buzdolaplari/pizza-hazirlik-dolaplari/,Eşleşmedi,,,,
Alçak Pleksiglass Kapaklı Pizza Hazırlık Ünitesi,79E3.PZC72.L0-tr,https://oztiryakiler.com.tr/urun/alcak-pleksiglass-kapakli-pizza-hazirlik-unitesi-79e3-pzc72-l0/,pizza-hazirlik-dolaplari,sogutma,buzdolaplari | pizza-hazirlik-dolaplari | soguk-uniteler,https://oztiryakiler.com.tr/urunler/soguk-uniteler/buzdolaplari/pizza-hazirlik-dolaplari/,Eşleşmedi,,,,
Dört İnoks Kapılı Buzdolabı Pizza Hazırlık Tablalı,7919.47NTV.S0-tr,https://oztiryakiler.com.tr/urun/dort-inoks-kapili-buzdolabi-pizza-hazirlik-tablali-7919-47ntv-s0/,pizza-hazirlik-dolaplari,sogutma,buzdolaplari | pizza-hazirlik-dolaplari | soguk-uniteler,https://oztiryakiler.com.tr/urunler/soguk-uniteler/buzdolaplari/pizza-hazirlik-dolaplari/,Eşleşmedi,,,,
İki İnoks Kapılı Buzdolabı Pizza Hazırlık Tablalı,7919.27NTV.S0-tr,https://oztiryakiler.com.tr/urun/iki-inoks-kapili-buzdolabi-pizza-hazirlik-tablali-7919-27ntv-s0/,pizza-hazirlik-dolaplari,sogutma,buzdolaplari | pizza-hazirlik-dolaplari | soguk-uniteler,https://oztiryakiler.com.tr/urunler/soguk-uniteler/buzdolaplari/pizza-hazirlik-dolaplari/,Eşleşmedi,,,,
Make Up Pizza Hazırlık Dolabı 142X80 Özel Pizza Önü Telli,7919.28NTV.PJ-tr,https://oztiryakiler.com.tr/urun/make-up-pizza-hazirlik-dolabi-142x80-ozel-pizza-onu-telli-7919-28ntv-pj/,pizza-hazirlik-dolaplari,sogutma,buzdolaplari | pizza-hazirlik-dolaplari | soguk-uniteler,https://oztiryakiler.com.tr/urunler/soguk-uniteler/buzdolaplari/pizza-hazirlik-dolaplari/,Eşleşmedi,,,,
Make Up Pizza Hazırlık Dolabı 188X80 Özel Pizza Önü Telli,7919.38NTV.PJ-tr,https://oztiryakiler.com.tr/urun/make-up-pizza-hazirlik-dolabi-188x80-ozel-pizza-onu-telli-7919-38ntv-pj/,pizza-hazirlik-dolaplari,sogutma,buzdolaplari | pizza-hazirlik-dolaplari | soguk-uniteler,https://oztiryakiler.com.tr/urunler/soguk-uniteler/buzdolaplari/pizza-hazirlik-dolaplari/,Eşleşmedi,,,,
Make Up Pizza Hazırlık Dolabı 240X80 Özel Pizza Önü Gn Kap Telli,7919.48NTV.PJ-tr,https://oztiryakiler.com.tr/urun/make-up-pizza-hazirlik-dolabi-240x80-ozel-pizza-onu-gn-kap-telli-7919-48ntv-pj/,pizza-hazirlik-dolaplari,sogutma,buzdolaplari | pizza-hazirlik-dolaplari | soguk-uniteler,https://oztiryakiler.com.tr/urunler/soguk-uniteler/buzdolaplari/pizza-hazirlik-dolaplari/,Eşleşmedi,,,,
Tezgah Üstü Camlı Pizza Hazırlık Ünitesi,79E3.PZC35.00-tr,https://oztiryakiler.com.tr/urun/tezgah-ustu-camli-pizza-hazirlik-unitesi-79e3-pzc35-00/,pizza-hazirlik-dolaplari,sogutma,buzdolaplari | pizza-hazirlik-dolaplari | soguk-uniteler,https://oztiryakiler.com.tr/urunler/soguk-uniteler/buzdolaplari/pizza-hazirlik-dolaplari/,Eşleşmedi,,,,
Tezgah Üstü Camlı Pizza Hazırlık Ünitesi,79E3.PZC54.00-tr,https://oztiryakiler.com.tr/urun/tezgah-ustu-camli-pizza-hazirlik-unitesi-79e3-pzc54-00/,pizza-hazirlik-dolaplari,sogutma,buzdolaplari | pizza-hazirlik-dolaplari | soguk-uniteler,https://oztiryakiler.com.tr/urunler/soguk-uniteler/buzdolaplari/pizza-hazirlik-dolaplari/,Eşleşmedi,,,,
Tezgah Üstü Camlı Pizza Hazırlık Ünitesi,79E3.PZC72.00-tr,https://oztiryakiler.com.tr/urun/tezgah-ustu-camli-pizza-hazirlik-unitesi-79e3-pzc72-00/,pizza-hazirlik-dolaplari,sogutma,buzdolaplari | pizza-hazirlik-dolaplari | soguk-uniteler,https://oztiryakiler.com.tr/urunler/soguk-uniteler/buzdolaplari/pizza-hazirlik-dolaplari/,Eşleşmedi,,,,
Üç İnoks Kapılı Buzdolabı Pizza Hazırlık Tablalı,7919.37NTV.S0-tr,https://oztiryakiler.com.tr/urun/uc-inoks-kapili-buzdolabi-pizza-hazirlik-tablali-7919-37ntv-s0/,pizza-hazirlik-dolaplari,sogutma,buzdolaplari | pizza-hazirlik-dolaplari | soguk-uniteler,https://oztiryakiler.com.tr/urunler/soguk-uniteler/buzdolaplari/pizza-hazirlik-dolaplari/,Eşleşmedi,,,,
Yüksek Pleksiglass Kapaklı Pizza Hazırlık Ünitesi,79E3.PZC35.H0-tr,https://oztiryakiler.com.tr/urun/yuksek-pleksiglass-kapakli-pizza-hazirlik-unitesi-79e3-pzc35-h0/,pizza-hazirlik-dolaplari,sogutma,buzdolaplari | pizza-hazirlik-dolaplari | soguk-uniteler,https://oztiryakiler.com.tr/urunler/soguk-uniteler/buzdolaplari/pizza-hazirlik-dolaplari/,Eşleşmedi,,,,
Yüksek Pleksiglass Kapaklı Pizza Hazırlık Ünitesi,79E3.PZC54.H0-tr,https://oztiryakiler.com.tr/urun/yuksek-pleksiglass-kapakli-pizza-hazirlik-unitesi-79e3-pzc54-h0/,pizza-hazirlik-dolaplari,sogutma,buzdolaplari | pizza-hazirlik-dolaplari | soguk-uniteler,https://oztiryakiler.com.tr/urunler/soguk-uniteler/buzdolaplari/pizza-hazirlik-dolaplari/,Eşleşmedi,,,,
Yüksek Pleksiglass Kapaklı Pizza Hazırlık Ünitesi,79E3.PZC72.H0-tr,https://oztiryakiler.com.tr/urun/yuksek-pleksiglass-kapakli-pizza-hazirlik-unitesi-79e3-pzc72-h0/,pizza-hazirlik-dolaplari,sogutma,buzdolaplari | pizza-hazirlik-dolaplari | soguk-uniteler,https://oztiryakiler.com.tr/urunler/soguk-uniteler/buzdolaplari/pizza-hazirlik-dolaplari/,Eşleşmedi,,,,
Salat Bar Asansörlü (Ceviz),7912.15070.W0-tr,https://oztiryakiler.com.tr/urun/salat-bar-asansorlu-ceviz-7912-15070-w0/,salad-barlar-buzdolaplari,sogutma,buzdolaplari | salad-barlar-buzdolaplari | soguk-uniteler,https://oztiryakiler.com.tr/urunler/soguk-uniteler/buzdolaplari/salad-barlar-buzdolaplari/,Eşleşmedi,,,,
Salat Bar Asansörlü (Maun),7912.15070.M0-tr,https://oztiryakiler.com.tr/urun/salat-bar-asansorlu-maun-7912-15070-m0/,salad-barlar-buzdolaplari,sogutma,buzdolaplari | salad-barlar-buzdolaplari | soguk-uniteler,https://oztiryakiler.com.tr/urunler/soguk-uniteler/buzdolaplari/salad-barlar-buzdolaplari/,Eşleşmedi,,,,
Salat Bar Asansörlü (Meşe),7912.15070.O0-tr,https://oztiryakiler.com.tr/urun/salat-bar-asansorlu-mese-7912-15070-o0/,salad-barlar-buzdolaplari,sogutma,buzdolaplari | salad-barlar-buzdolaplari | soguk-uniteler,https://oztiryakiler.com.tr/urunler/soguk-uniteler/buzdolaplari/salad-barlar-buzdolaplari/,Eşleşmedi,,,,
3 İnoks Kapı Buzdolabı Soğuk Servis Bankosu,7919.37NTV.24-tr,https://oztiryakiler.com.tr/urun/3-inoks-kapi-buzdolabi-soguk-servis-bankosu-7919-37ntv-24/,soguk-servis-bankosu,sogutma,buzdolaplari | soguk-servis-bankosu | soguk-uniteler,https://oztiryakiler.com.tr/urunler/soguk-uniteler/buzdolaplari/soguk-servis-bankosu/,Eşleşmedi,,,,
3 İnoks Kapı Buzdolabı Soğuk Servis Bankosu Ahşap Kaplamalı,7919.37NTV.A4-tr,https://oztiryakiler.com.tr/urun/3-inoks-kapi-buzdolabi-soguk-servis-bankosu-ahsap-kaplamali-7919-37ntv-a4/,soguk-servis-bankosu,sogutma,buzdolaplari | soguk-servis-bankosu | soguk-uniteler,https://oztiryakiler.com.tr/urunler/soguk-uniteler/buzdolaplari/soguk-servis-bankosu/,Eşleşmedi,,,,
4 İnoks Kapı Buzdolabı Soğuk Servis Bankosu,7919.47NTV.24-tr,https://oztiryakiler.com.tr/urun/4-inoks-kapi-buzdolabi-soguk-servis-bankosu-7919-47ntv-24/,soguk-servis-bankosu,sogutma,buzdolaplari | soguk-servis-bankosu | soguk-uniteler,https://oztiryakiler.com.tr/urunler/soguk-uniteler/buzdolaplari/soguk-servis-bankosu/,Eşleşmedi,,,,
Çift İnoks Kapı Buzdolabı Soğuk Servis Bankosu,7919.27NTV.24-tr,https://oztiryakiler.com.tr/urun/cift-inoks-kapi-buzdolabi-soguk-servis-bankosu-7919-27ntv-24/,soguk-servis-bankosu,sogutma,buzdolaplari | soguk-servis-bankosu | soguk-uniteler,https://oztiryakiler.com.tr/urunler/soguk-uniteler/buzdolaplari/soguk-servis-bankosu/,Eşleşmedi,,,,
Çift İnoks Kapı Buzdolabı Soğuk Servis Bankosu Ahşap Kaplamalı,7919.27NTV.A4-tr,https://oztiryakiler.com.tr/urun/cift-inoks-kapi-buzdolabi-soguk-servis-bankosu-ahsap-kaplamali-7919-27ntv-a4/,soguk-servis-bankosu,sogutma,buzdolaplari | soguk-servis-bankosu | soguk-uniteler,https://oztiryakiler.com.tr/urunler/soguk-uniteler/buzdolaplari/soguk-servis-bankosu/,Eşleşmedi,,,,
Çift İnoks Kapı T Tip Havuzlu Buzdolabı,7919.27NTV.T1-tr,https://oztiryakiler.com.tr/urun/cift-inoks-kapi-t-tip-havuzlu-buzdolabi-7919-27ntv-t1/,soguk-servis-bankosu,sogutma,buzdolaplari | soguk-servis-bankosu | soguk-uniteler,https://oztiryakiler.com.tr/urunler/soguk-uniteler/buzdolaplari/soguk-servis-bankosu/,Eşleşmedi,,,,
Dört İnoks Kapılı T Tip Havuzlu Dolap,7919.47NTV.T1-tr,https://oztiryakiler.com.tr/urun/dort-inoks-kapili-t-tip-havuzlu-dolap-7919-47ntv-t1/,soguk-servis-bankosu,sogutma,buzdolaplari | soguk-servis-bankosu | soguk-uniteler,https://oztiryakiler.com.tr/urunler/soguk-uniteler/buzdolaplari/soguk-servis-bankosu/,Eşleşmedi,,,,
Üç İnoks Kapılı T Tip Havuzlu Dolap,7919.37NTV.T1-tr,https://oztiryakiler.com.tr/urun/uc-inoks-kapili-t-tip-havuzlu-dolap-7919-37ntv-t1/,soguk-servis-bankosu,sogutma,buzdolaplari | soguk-servis-bankosu | soguk-uniteler,https://oztiryakiler.com.tr/urunler/soguk-uniteler/buzdolaplari/soguk-servis-bankosu/,Eşleşmedi,,,,
12 Çekmece Yatay Tip Derin Dondurucu,79E3.46LMV.03-tr,https://oztiryakiler.com.tr/urun/12-cekmece-yatay-tip-derin-dondurucu-79e3-46lmv-03/,yatay-tip-derindondurucular-buzdolaplari,sogutma,buzdolaplari | soguk-uniteler | yatay-tip-derindondurucular-buzdolaplari,https://oztiryakiler.com.tr/urunler/soguk-uniteler/buzdolaplari/yatay-tip-derindondurucular-buzdolaplari/,Eşleşmedi,,,,
12 Çekmece Yatay Tip Derin Dondurucu,79E3.47LMV.03-tr,https://oztiryakiler.com.tr/urun/12-cekmece-yatay-tip-derin-dondurucu-79e3-47lmv-03/,yatay-tip-derindondurucular-buzdolaplari,sogutma,buzdolaplari | soguk-uniteler | yatay-tip-derindondurucular-buzdolaplari,https://oztiryakiler.com.tr/urunler/soguk-uniteler/buzdolaplari/yatay-tip-derindondurucular-buzdolaplari/,Eşleşmedi,,,,
12 Çekmece Yatay Tip Derin Dondurucu,79E4.47LMV.03-tr,https://oztiryakiler.com.tr/urun/12-cekmece-yatay-tip-derin-dondurucu-79e4-47lmv-03/,yatay-tip-derindondurucular-buzdolaplari,sogutma,buzdolaplari | soguk-uniteler | yatay-tip-derindondurucular-buzdolaplari,https://oztiryakiler.com.tr/urunler/soguk-uniteler/buzdolaplari/yatay-tip-derindondurucular-buzdolaplari/,Eşleşmedi,,,,
3 İnoks Kapı Yatay Tip Derin Dondurucu,79E3.36LMV.00-tr,https://oztiryakiler.com.tr/urun/3-inoks-kapi-yatay-tip-derin-dondurucu-79e3-36lmv-00/,yatay-tip-derindondurucular-buzdolaplari,sogutma,buzdolaplari | soguk-uniteler | yatay-tip-derindondurucular-buzdolaplari,https://oztiryakiler.com.tr/urunler/soguk-uniteler/buzdolaplari/yatay-tip-derindondurucular-buzdolaplari/,Eşleşmedi,,,,
3 İnoks Kapı Yatay Tip Derin Dondurucu,79E3.37LMV.00-tr,https://oztiryakiler.com.tr/urun/3-inoks-kapi-yatay-tip-derin-dondurucu-79e3-37lmv-00/,yatay-tip-derindondurucular-buzdolaplari,sogutma,buzdolaplari | soguk-uniteler | yatay-tip-derindondurucular-buzdolaplari,https://oztiryakiler.com.tr/urunler/soguk-uniteler/buzdolaplari/yatay-tip-derindondurucular-buzdolaplari/,Eşleşmedi,,,,
3 İnoks Kapı Yatay Tip Derin Dondurucu,79E4.37LMV.00-tr,https://oztiryakiler.com.tr/urun/3-inoks-kapi-yatay-tip-derin-dondurucu-79e4-37lmv-00/,yatay-tip-derindondurucular-buzdolaplari,sogutma,buzdolaplari | soguk-uniteler | yatay-tip-derindondurucular-buzdolaplari,https://oztiryakiler.com.tr/urunler/soguk-uniteler/buzdolaplari/yatay-tip-derindondurucular-buzdolaplari/,Eşleşmedi,,,,
4 Çekmece Yatay Tip Derin Dondurucu,79E3.26LMV.02-tr,https://oztiryakiler.com.tr/urun/4-cekmece-yatay-tip-derin-dondurucu-79e3-26lmv-02/,yatay-tip-derindondurucular-buzdolaplari,sogutma,buzdolaplari | soguk-uniteler | yatay-tip-derindondurucular-buzdolaplari,https://oztiryakiler.com.tr/urunler/soguk-uniteler/buzdolaplari/yatay-tip-derindondurucular-buzdolaplari/,Eşleşmedi,,,,
4 Çekmece Yatay Tip Derin Dondurucu,79E3.27LMV.02-tr,https://oztiryakiler.com.tr/urun/4-cekmece-yatay-tip-derin-dondurucu-79e3-27lmv-02/,yatay-tip-derindondurucular-buzdolaplari,sogutma,buzdolaplari | soguk-uniteler | yatay-tip-derindondurucular-buzdolaplari,https://oztiryakiler.com.tr/urunler/soguk-uniteler/buzdolaplari/yatay-tip-derindondurucular-buzdolaplari/,Eşleşmedi,,,,
4 Çekmece Yatay Tip Derin Dondurucu,79E4.27LMV.02-tr,https://oztiryakiler.com.tr/urun/4-cekmece-yatay-tip-derin-dondurucu-79e4-27lmv-02/,yatay-tip-derindondurucular-buzdolaplari,sogutma,buzdolaplari | soguk-uniteler | yatay-tip-derindondurucular-buzdolaplari,https://oztiryakiler.com.tr/urunler/soguk-uniteler/buzdolaplari/yatay-tip-derindondurucular-buzdolaplari/,Eşleşmedi,,,,
4 İnoks Kapı Yatay Tip Derin Dondurucu,79E3.46LMV.00-tr,https://oztiryakiler.com.tr/urun/4-inoks-kapi-yatay-tip-derin-dondurucu-79e3-46lmv-00/,yatay-tip-derindondurucular-buzdolaplari,sogutma,buzdolaplari | soguk-uniteler | yatay-tip-derindondurucular-buzdolaplari,https://oztiryakiler.com.tr/urunler/soguk-uniteler/buzdolaplari/yatay-tip-derindondurucular-buzdolaplari/,Eşleşmedi,,,,
4 İnoks Kapı Yatay Tip Derin Dondurucu,79E3.47LMV.00-tr,https://oztiryakiler.com.tr/urun/4-inoks-kapi-yatay-tip-derin-dondurucu-79e3-47lmv-00/,yatay-tip-derindondurucular-buzdolaplari,sogutma,buzdolaplari | soguk-uniteler | yatay-tip-derindondurucular-buzdolaplari,https://oztiryakiler.com.tr/urunler/soguk-uniteler/buzdolaplari/yatay-tip-derindondurucular-buzdolaplari/,Eşleşmedi,,,,
4 İnoks Kapı Yatay Tip Derin Dondurucu,79E4.47LMV.00-tr,https://oztiryakiler.com.tr/urun/4-inoks-kapi-yatay-tip-derin-dondurucu-79e4-47lmv-00/,yatay-tip-derindondurucular-buzdolaplari,sogutma,buzdolaplari | soguk-uniteler | yatay-tip-derindondurucular-buzdolaplari,https://oztiryakiler.com.tr/urunler/soguk-uniteler/buzdolaplari/yatay-tip-derindondurucular-buzdolaplari/,Eşleşmedi,,,,
6 Çekmece Yatay Tip Derin Dondurucu,79E3.26LMV.03-tr,https://oztiryakiler.com.tr/urun/6-cekmece-yatay-tip-derin-dondurucu-79e3-26lmv-03/,yatay-tip-derindondurucular-buzdolaplari,sogutma,buzdolaplari | soguk-uniteler | yatay-tip-derindondurucular-buzdolaplari,https://oztiryakiler.com.tr/urunler/soguk-uniteler/buzdolaplari/yatay-tip-derindondurucular-buzdolaplari/,Eşleşmedi,,,,
6 Çekmece Yatay Tip Derin Dondurucu,79E3.27LMV.03-tr,https://oztiryakiler.com.tr/urun/6-cekmece-yatay-tip-derin-dondurucu-79e3-27lmv-03/,yatay-tip-derindondurucular-buzdolaplari,sogutma,buzdolaplari | soguk-uniteler | yatay-tip-derindondurucular-buzdolaplari,https://oztiryakiler.com.tr/urunler/soguk-uniteler/buzdolaplari/yatay-tip-derindondurucular-buzdolaplari/,Eşleşmedi,,,,
6 Çekmece Yatay Tip Derin Dondurucu,79E3.36LMV.02-tr,https://oztiryakiler.com.tr/urun/6-cekmece-yatay-tip-derin-dondurucu-79e3-36lmv-02/,yatay-tip-derindondurucular-buzdolaplari,sogutma,buzdolaplari | soguk-uniteler | yatay-tip-derindondurucular-buzdolaplari,https://oztiryakiler.com.tr/urunler/soguk-uniteler/buzdolaplari/yatay-tip-derindondurucular-buzdolaplari/,Eşleşmedi,,,,
6 Çekmece Yatay Tip Derin Dondurucu,79E3.37LMV.02-tr,https://oztiryakiler.com.tr/urun/6-cekmece-yatay-tip-derin-dondurucu-79e3-37lmv-02/,yatay-tip-derindondurucular-buzdolaplari,sogutma,buzdolaplari | soguk-uniteler | yatay-tip-derindondurucular-buzdolaplari,https://oztiryakiler.com.tr/urunler/soguk-uniteler/buzdolaplari/yatay-tip-derindondurucular-buzdolaplari/,Eşleşmedi,,,,
4 Yarım İnoks Kapı Dik Tip Derin Dondurucu,7919.12LMV.10-tr,https://oztiryakiler.com.tr/urun/4-yarim-inoks-kapi-dik-tip-derin-dondurucu-7919-12lmv-10/,dikey-tip-derindondurucular,sogutma,derindondurucular | dikey-tip-derindondurucular | soguk-uniteler,https://oztiryakiler.com.tr/urunler/soguk-uniteler/derindondurucular/dikey-tip-derindondurucular/,Eşleşmedi,,,,
BAKER F 625 DL FREEZER,72G3.60LTW.S0-tr,https://oztiryakiler.com.tr/urun/baker-f-625-dl-freezer-72g3-60ltw-s0/,dikey-tip-derindondurucular,sogutma,derindondurucular | dikey-tip-derindondurucular | soguk-uniteler,https://oztiryakiler.com.tr/urunler/soguk-uniteler/derindondurucular/dikey-tip-derindondurucular/,Eşleşmedi,,,,
BAKER F 625 DL U FREEZER,73G3.60LTW.S0-tr,https://oztiryakiler.com.tr/urun/baker-f-625-dl-u-freezer-73g3-60ltw-s0/,dikey-tip-derindondurucular,sogutma,derindondurucular | dikey-tip-derindondurucular | soguk-uniteler,https://oztiryakiler.com.tr/urunler/soguk-uniteler/derindondurucular/dikey-tip-derindondurucular/,Eşleşmedi,,,,
BAKER F 625 DR FREEZER,72G3.60LTW.R0-tr,https://oztiryakiler.com.tr/urun/baker-f-625-dr-freezer-72g3-60ltw-r0/,dikey-tip-derindondurucular,sogutma,derindondurucular | dikey-tip-derindondurucular | soguk-uniteler,https://oztiryakiler.com.tr/urunler/soguk-uniteler/derindondurucular/dikey-tip-derindondurucular/,Eşleşmedi,,,,
BAKER F 625 DR U FREEZER,73G3.60LTW.R0-tr,https://oztiryakiler.com.tr/urun/baker-f-625-dr-u-freezer-73g3-60ltw-r0/,dikey-tip-derindondurucular,sogutma,derindondurucular | dikey-tip-derindondurucular | soguk-uniteler,https://oztiryakiler.com.tr/urunler/soguk-uniteler/derindondurucular/dikey-tip-derindondurucular/,Eşleşmedi,,,,
Çift İnoks Kapı Dik Tip Derin Dondurucu,7919.12LMV.00-tr,https://oztiryakiler.com.tr/urun/cift-inoks-kapi-dik-tip-derin-dondurucu-7919-12lmv-00/,dikey-tip-derindondurucular,sogutma,derindondurucular | dikey-tip-derindondurucular | soguk-uniteler,https://oztiryakiler.com.tr/urunler/soguk-uniteler/derindondurucular/dikey-tip-derindondurucular/,Eşleşmedi,,,,
Çift İnoks Kapı Dik Tip Derin Dondurucu Ekonomik,79E4.12LMV.00-tr,https://oztiryakiler.com.tr/urun/cift-inoks-kapi-dik-tip-derin-dondurucu-ekonomik-79e4-12lmv-00/,dikey-tip-derindondurucular,sogutma,derindondurucular | dikey-tip-derindondurucular | soguk-uniteler,https://oztiryakiler.com.tr/urunler/soguk-uniteler/derindondurucular/dikey-tip-derindondurucular/,Eşleşmedi,,,,
Çift İnoks Kapı Dik Tip Derin Dondurucu K Tip,79K3.12LMV.00-tr,https://oztiryakiler.com.tr/urun/cift-inoks-kapi-dik-tip-derin-dondurucu-k-tip-79k3-12lmv-00/,dikey-tip-derindondurucular,sogutma,derindondurucular | dikey-tip-derindondurucular | soguk-uniteler,https://oztiryakiler.com.tr/urunler/soguk-uniteler/derindondurucular/dikey-tip-derindondurucular/,Eşleşmedi,,,,
Çift İnoks Kapı Dik Tip Derindondurucu 430 K Tip,79K4.12LMV.00-tr,https://oztiryakiler.com.tr/urun/cift-inoks-kapi-dik-tip-derindondurucu-430-k-tip-79k4-12lmv-00/,dikey-tip-derindondurucular,sogutma,derindondurucular | dikey-tip-derindondurucular | soguk-uniteler,https://oztiryakiler.com.tr/urunler/soguk-uniteler/derindondurucular/dikey-tip-derindondurucular/,Eşleşmedi,,,,
Çift Yarım İnoks Kapı Dik Tip Derin Dondurucu,7919.06LMV.10-tr,https://oztiryakiler.com.tr/urun/cift-yarim-inoks-kapi-dik-tip-derin-dondurucu-7919-06lmv-10/,dikey-tip-derindondurucular,sogutma,derindondurucular | dikey-tip-derindondurucular | soguk-uniteler,https://oztiryakiler.com.tr/urunler/soguk-uniteler/derindondurucular/dikey-tip-derindondurucular/,Eşleşmedi,,,,
İki Yarım Kapılı Derin Dondurucu 430 K Tip,79K4.06LMV.10-tr,https://oztiryakiler.com.tr/urun/iki-yarim-kapili-derin-dondurucu-430-k-tip-79k4-06lmv-10/,dikey-tip-derindondurucular,sogutma,derindondurucular | dikey-tip-derindondurucular | soguk-uniteler,https://oztiryakiler.com.tr/urunler/soguk-uniteler/derindondurucular/dikey-tip-derindondurucular/,Eşleşmedi,,,,
İki Yarım Kapılı Derin Dondurucu K Tip,79K3.06LMV.10-tr,https://oztiryakiler.com.tr/urun/iki-yarim-kapili-derin-dondurucu-k-tip-79k3-06lmv-10/,dikey-tip-derindondurucular,sogutma,derindondurucular | dikey-tip-derindondurucular | soguk-uniteler,https://oztiryakiler.com.tr/urunler/soguk-uniteler/derindondurucular/dikey-tip-derindondurucular/,Eşleşmedi,,,,
Tek İnoks Kapı Dik Tip Derin Dondurucu,7919.06LMV.00-tr,https://oztiryakiler.com.tr/urun/tek-inoks-kapi-dik-tip-derin-dondurucu-7919-06lmv-00/,dikey-tip-derindondurucular,sogutma,derindondurucular | dikey-tip-derindondurucular | soguk-uniteler,https://oztiryakiler.com.tr/urunler/soguk-uniteler/derindondurucular/dikey-tip-derindondurucular/,Eşleşmedi,,,,
Tek İnoks Kapı Dik Tip Derin Dondurucu Ekonomik,79E4.06LMV.00-tr,https://oztiryakiler.com.tr/urun/tek-inoks-kapi-dik-tip-derin-dondurucu-ekonomik-79e4-06lmv-00/,dikey-tip-derindondurucular,sogutma,derindondurucular | dikey-tip-derindondurucular | soguk-uniteler,https://oztiryakiler.com.tr/urunler/soguk-uniteler/derindondurucular/dikey-tip-derindondurucular/,Eşleşmedi,,,,
Tek İnoks Kapı Dik Tip Derin Dondurucu K Tip,79K3.06LMV.00-tr,https://oztiryakiler.com.tr/urun/tek-inoks-kapi-dik-tip-derin-dondurucu-k-tip-79k3-06lmv-00/,dikey-tip-derindondurucular,sogutma,derindondurucular | dikey-tip-derindondurucular | soguk-uniteler,https://oztiryakiler.com.tr/urunler/soguk-uniteler/derindondurucular/dikey-tip-derindondurucular/,Eşleşmedi,,,,
Tek İnoks Kapı Dik Tip Derin Dondurucu K Tip,79K4.06LMV.00-tr,https://oztiryakiler.com.tr/urun/tek-inoks-kapi-dik-tip-derin-dondurucu-k-tip-79k4-06lmv-00/,dikey-tip-derindondurucular,sogutma,derindondurucular | dikey-tip-derindondurucular | soguk-uniteler,https://oztiryakiler.com.tr/urunler/soguk-uniteler/derindondurucular/dikey-tip-derindondurucular/,Eşleşmedi,,,,
İnoks Kapı Derin Dondurucu,7919.10LTS.00-tr,https://oztiryakiler.com.tr/urun/inoks-kapi-derin-dondurucu-7919-10lts-00/,yatay-tip-derindondurucular,sogutma,derindondurucular | soguk-uniteler | yatay-tip-derindondurucular,https://oztiryakiler.com.tr/urunler/soguk-uniteler/derindondurucular/yatay-tip-derindondurucular/,Eşleşmedi,,,,
İnoks Kapı Derin Dondurucu,7919.15LTS.00-tr,https://oztiryakiler.com.tr/urun/inoks-kapi-derin-dondurucu-7919-15lts-00/,yatay-tip-derindondurucular,sogutma,derindondurucular | soguk-uniteler | yatay-tip-derindondurucular,https://oztiryakiler.com.tr/urunler/soguk-uniteler/derindondurucular/yatay-tip-derindondurucular/,Eşleşmedi,,,,
"Soğuk Oda Panel-Split Tip, 0/+5 C",7919.CR1515.00-tr,https://oztiryakiler.com.tr/urun/soguk-oda-panel-split-tip-0-5-c-7919-cr1515-00/,sogutucu-odalar,sogutma,soguk-muhafaza-odalari | soguk-uniteler | sogutucu-odalar,https://oztiryakiler.com.tr/urunler/soguk-uniteler/soguk-muhafaza-odalari/sogutucu-odalar/,Eşleşmedi,,,,
"Soğuk Oda Panel-Split Tip, 0/+5 C",7919.CR2015.00-tr,https://oztiryakiler.com.tr/urun/soguk-oda-panel-split-tip-0-5-c-7919-cr2015-00/,sogutucu-odalar,sogutma,soguk-muhafaza-odalari | soguk-uniteler | sogutucu-odalar,https://oztiryakiler.com.tr/urunler/soguk-uniteler/soguk-muhafaza-odalari/sogutucu-odalar/,Eşleşmedi,,,,
"Soğuk Oda Panel-Split Tip, 0/+5 C",7919.CR2520.00-tr,https://oztiryakiler.com.tr/urun/soguk-oda-panel-split-tip-0-5-c-7919-cr2520-00/,sogutucu-odalar,sogutma,soguk-muhafaza-odalari | soguk-uniteler | sogutucu-odalar,https://oztiryakiler.com.tr/urunler/soguk-uniteler/soguk-muhafaza-odalari/sogutucu-odalar/,Eşleşmedi,,,,
"Soğuk Oda Panel-Split Tip, 0/+5 C",7919.CR2525.00-tr,https://oztiryakiler.com.tr/urun/soguk-oda-panel-split-tip-0-5-c-7919-cr2525-00/,sogutucu-odalar,sogutma,soguk-muhafaza-odalari | soguk-uniteler | sogutucu-odalar,https://oztiryakiler.com.tr/urunler/soguk-uniteler/soguk-muhafaza-odalari/sogutucu-odalar/,Eşleşmedi,,,,
"Soğuk Oda Panel-Split Tip, 0/+5 C",7919.CR3020.00-tr,https://oztiryakiler.com.tr/urun/soguk-oda-panel-split-tip-0-5-c-7919-cr3020-00/,sogutucu-odalar,sogutma,soguk-muhafaza-odalari | soguk-uniteler | sogutucu-odalar,https://oztiryakiler.com.tr/urunler/soguk-uniteler/soguk-muhafaza-odalari/sogutucu-odalar/,Eşleşmedi,,,,
"Soğuk Oda Panel-Split Tip, 0/+5 C",7919.CR3025.00-tr,https://oztiryakiler.com.tr/urun/soguk-oda-panel-split-tip-0-5-c-7919-cr3025-00/,sogutucu-odalar,sogutma,soguk-muhafaza-odalari | soguk-uniteler | sogutucu-odalar,https://oztiryakiler.com.tr/urunler/soguk-uniteler/soguk-muhafaza-odalari/sogutucu-odalar/,Eşleşmedi,,,,
"Soğuk Oda Panel-Split Tip, 0/+5 C",7919.CR3030.00-tr,https://oztiryakiler.com.tr/urun/soguk-oda-panel-split-tip-0-5-c-7919-cr3030-00/,sogutucu-odalar,sogutma,soguk-muhafaza-odalari | soguk-uniteler | sogutucu-odalar,https://oztiryakiler.com.tr/urunler/soguk-uniteler/soguk-muhafaza-odalari/sogutucu-odalar/,Eşleşmedi,,,,
"Soğuk Oda Panel-Split Tip, 0/+5 C",7919.CR3515.00-tr,https://oztiryakiler.com.tr/urun/soguk-oda-panel-split-tip-0-5-c-7919-cr3515-00/,sogutucu-odalar,sogutma,soguk-muhafaza-odalari | soguk-uniteler | sogutucu-odalar,https://oztiryakiler.com.tr/urunler/soguk-uniteler/soguk-muhafaza-odalari/sogutucu-odalar/,Eşleşmedi,,,,
"Soğuk Oda Panel-Split Tip, 0/+5 C",7919.CR3525.00-tr,https://oztiryakiler.com.tr/urun/soguk-oda-panel-split-tip-0-5-c-7919-cr3525-00/,sogutucu-odalar,sogutma,soguk-muhafaza-odalari | soguk-uniteler | sogutucu-odalar,https://oztiryakiler.com.tr/urunler/soguk-uniteler/soguk-muhafaza-odalari/sogutucu-odalar/,Eşleşmedi,,,,
"Soğuk Oda Panel-Split Tip, 0/+5 C",7919.CR3535.00-tr,https://oztiryakiler.com.tr/urun/soguk-oda-panel-split-tip-0-5-c-7919-cr3535-00/,sogutucu-odalar,sogutma,soguk-muhafaza-odalari | soguk-uniteler | sogutucu-odalar,https://oztiryakiler.com.tr/urunler/soguk-uniteler/soguk-muhafaza-odalari/sogutucu-odalar/,Eşleşmedi,,,,
"Soğuk Oda Panel-Split Tip, 0/+5 C",7919.CR4015.00-tr,https://oztiryakiler.com.tr/urun/soguk-oda-panel-split-tip-0-5-c-7919-cr4015-00/,sogutucu-odalar,sogutma,soguk-muhafaza-odalari | soguk-uniteler | sogutucu-odalar,https://oztiryakiler.com.tr/urunler/soguk-uniteler/soguk-muhafaza-odalari/sogutucu-odalar/,Eşleşmedi,,,,
"Soğuk Oda Panel-Split Tip, 0/+5 C",7919.CR4025.00-tr,https://oztiryakiler.com.tr/urun/soguk-oda-panel-split-tip-0-5-c-7919-cr4025-00/,sogutucu-odalar,sogutma,soguk-muhafaza-odalari | soguk-uniteler | sogutucu-odalar,https://oztiryakiler.com.tr/urunler/soguk-uniteler/soguk-muhafaza-odalari/sogutucu-odalar/,Eşleşmedi,,,,
"Soğuk Oda Panel-Split Tip, 0/+5 C",7919.CR4035.00-tr,https://oztiryakiler.com.tr/urun/soguk-oda-panel-split-tip-0-5-c-7919-cr4035-00/,sogutucu-odalar,sogutma,soguk-muhafaza-odalari | soguk-uniteler | sogutucu-odalar,https://oztiryakiler.com.tr/urunler/soguk-uniteler/soguk-muhafaza-odalari/sogutucu-odalar/,Eşleşmedi,,,,
"Soğuk Oda Panel-Split Tip, 0/+5 C",7919.CR4040.00-tr,https://oztiryakiler.com.tr/urun/soguk-oda-panel-split-tip-0-5-c-7919-cr4040-00/,sogutucu-odalar,sogutma,soguk-muhafaza-odalari | soguk-uniteler | sogutucu-odalar,https://oztiryakiler.com.tr/urunler/soguk-uniteler/soguk-muhafaza-odalari/sogutucu-odalar/,Eşleşmedi,,,,
"Soğuk Oda Panel-Split Tip, 0/+5 C",7919.CR4525.00-tr,https://oztiryakiler.com.tr/urun/soguk-oda-panel-split-tip-0-5-c-7919-cr4525-00/,sogutucu-odalar,sogutma,soguk-muhafaza-odalari | soguk-uniteler | sogutucu-odalar,https://oztiryakiler.com.tr/urunler/soguk-uniteler/soguk-muhafaza-odalari/sogutucu-odalar/,Eşleşmedi,,,,
"Soğuk Oda Panel-Split Tip, 0/+5 C",7919.CR4535.00-tr,https://oztiryakiler.com.tr/urun/soguk-oda-panel-split-tip-0-5-c-7919-cr4535-00/,sogutucu-odalar,sogutma,soguk-muhafaza-odalari | soguk-uniteler | sogutucu-odalar,https://oztiryakiler.com.tr/urunler/soguk-uniteler/soguk-muhafaza-odalari/sogutucu-odalar/,Eşleşmedi,,,,
"Derin Dondurucu Oda Panel-Split Tip, -22/-18 C",7919.DF1515.00-tr,https://oztiryakiler.com.tr/urun/derin-dondurucu-oda-panel-split-tip-22-18-c-7919-df1515-00/,derin-dondurucu-odalar,sogutma,derin-dondurucu-odalar | soguk-muhafaza-odalari | soguk-uniteler,https://oztiryakiler.com.tr/urunler/soguk-uniteler/soguk-muhafaza-odalari/derin-dondurucu-odalar/,Eşleşmedi,,,,
"Derin Dondurucu Oda Panel-Split Tip, -22/-18 C",7919.DF2015.00-tr,https://oztiryakiler.com.tr/urun/derin-dondurucu-oda-panel-split-tip-22-18-c-7919-df2015-00/,derin-dondurucu-odalar,sogutma,derin-dondurucu-odalar | soguk-muhafaza-odalari | soguk-uniteler,https://oztiryakiler.com.tr/urunler/soguk-uniteler/soguk-muhafaza-odalari/derin-dondurucu-odalar/,Eşleşmedi,,,,
"Derin Dondurucu Oda Panel-Split Tip, -22/-18 C",7919.DF2520.00-tr,https://oztiryakiler.com.tr/urun/derin-dondurucu-oda-panel-split-tip-22-18-c-7919-df2520-00/,derin-dondurucu-odalar,sogutma,derin-dondurucu-odalar | soguk-muhafaza-odalari | soguk-uniteler,https://oztiryakiler.com.tr/urunler/soguk-uniteler/soguk-muhafaza-odalari/derin-dondurucu-odalar/,Eşleşmedi,,,,
"Derin Dondurucu Oda Panel-Split Tip, -22/-18 C",7919.DF2525.00-tr,https://oztiryakiler.com.tr/urun/derin-dondurucu-oda-panel-split-tip-22-18-c-7919-df2525-00/,derin-dondurucu-odalar,sogutma,derin-dondurucu-odalar | soguk-muhafaza-odalari | soguk-uniteler,https://oztiryakiler.com.tr/urunler/soguk-uniteler/soguk-muhafaza-odalari/derin-dondurucu-odalar/,Eşleşmedi,,,,
"Derin Dondurucu Oda Panel-Split Tip, -22/-18 C",7919.DF3015.00-tr,https://oztiryakiler.com.tr/urun/derin-dondurucu-oda-panel-split-tip-22-18-c-7919-df3015-00/,derin-dondurucu-odalar,sogutma,derin-dondurucu-odalar | soguk-muhafaza-odalari | soguk-uniteler,https://oztiryakiler.com.tr/urunler/soguk-uniteler/soguk-muhafaza-odalari/derin-dondurucu-odalar/,Eşleşmedi,,,,
"Derin Dondurucu Oda Panel-Split Tip, -22/-18 C",7919.DF3020.00-tr,https://oztiryakiler.com.tr/urun/derin-dondurucu-oda-panel-split-tip-22-18-c-7919-df3020-00/,derin-dondurucu-odalar,sogutma,derin-dondurucu-odalar | soguk-muhafaza-odalari | soguk-uniteler,https://oztiryakiler.com.tr/urunler/soguk-uniteler/soguk-muhafaza-odalari/derin-dondurucu-odalar/,Eşleşmedi,,,,
"Derin Dondurucu Oda Panel-Split Tip, -22/-18 C",7919.DF3030.00-tr,https://oztiryakiler.com.tr/urun/derin-dondurucu-oda-panel-split-tip-22-18-c-7919-df3030-00/,derin-dondurucu-odalar,sogutma,derin-dondurucu-odalar | soguk-muhafaza-odalari | soguk-uniteler,https://oztiryakiler.com.tr/urunler/soguk-uniteler/soguk-muhafaza-odalari/derin-dondurucu-odalar/,Eşleşmedi,,,,
"Derin Dondurucu Oda Panel-Split Tip, -22/-18 C",7919.DF3525.00-tr,https://oztiryakiler.com.tr/urun/derin-dondurucu-oda-panel-split-tip-22-18-c-7919-df3525-00/,derin-dondurucu-odalar,sogutma,derin-dondurucu-odalar | soguk-muhafaza-odalari | soguk-uniteler,https://oztiryakiler.com.tr/urunler/soguk-uniteler/soguk-muhafaza-odalari/derin-dondurucu-odalar/,Eşleşmedi,,,,
"Derin Dondurucu Oda Panel-Split Tip, -22/-18 C",7919.DF3530.00-tr,https://oztiryakiler.com.tr/urun/derin-dondurucu-oda-panel-split-tip-22-18-c-7919-df3530-00/,derin-dondurucu-odalar,sogutma,derin-dondurucu-odalar | soguk-muhafaza-odalari | soguk-uniteler,https://oztiryakiler.com.tr/urunler/soguk-uniteler/soguk-muhafaza-odalari/derin-dondurucu-odalar/,Eşleşmedi,,,,
"Derin Dondurucu Oda Panel-Split Tip, -22/-18 C",7919.DF4025.00-tr,https://oztiryakiler.com.tr/urun/derin-dondurucu-oda-panel-split-tip-22-18-c-7919-df4025-00/,derin-dondurucu-odalar,sogutma,derin-dondurucu-odalar | soguk-muhafaza-odalari | soguk-uniteler,https://oztiryakiler.com.tr/urunler/soguk-uniteler/soguk-muhafaza-odalari/derin-dondurucu-odalar/,Eşleşmedi,,,,
"Derin Dondurucu Oda Panel-Split Tip, -22/-18 C",7919.DF4520.00-tr,https://oztiryakiler.com.tr/urun/derin-dondurucu-oda-panel-split-tip-22-18-c-7919-df4520-00/,derin-dondurucu-odalar,sogutma,derin-dondurucu-odalar | soguk-muhafaza-odalari | soguk-uniteler,https://oztiryakiler.com.tr/urunler/soguk-uniteler/soguk-muhafaza-odalari/derin-dondurucu-odalar/,Eşleşmedi,,,,
"Derin Dondurucu Oda Panel-Split Tip, -22/-18 C",7919.DF4540.00-tr,https://oztiryakiler.com.tr/urun/derin-dondurucu-oda-panel-split-tip-22-18-c-7919-df4540-00/,derin-dondurucu-odalar,sogutma,derin-dondurucu-odalar | soguk-muhafaza-odalari | soguk-uniteler,https://oztiryakiler.com.tr/urunler/soguk-uniteler/soguk-muhafaza-odalari/derin-dondurucu-odalar/,Eşleşmedi,,,,
Derin Dondurucu Düz Sürgü Camlı D200F,8919.DF200.FF-tr,https://oztiryakiler.com.tr/urun/derin-dondurucu-duz-surgu-camli-d200f-8919-df200-ff/,yumusak-dondurma-makineleri,sogutma,dondurma-makineleri | soguk-uniteler | yumusak-dondurma-makineleri,https://oztiryakiler.com.tr/urunler/soguk-uniteler/dondurma-makineleri/yumusak-dondurma-makineleri/,Eşleşmedi,,,,
Derin Dondurucu Düz Sürgü Camlı D300F,8919.DF300.FF-tr,https://oztiryakiler.com.tr/urun/derin-dondurucu-duz-surgu-camli-d300f-8919-df300-ff/,yumusak-dondurma-makineleri,sogutma,dondurma-makineleri | soguk-uniteler | yumusak-dondurma-makineleri,https://oztiryakiler.com.tr/urunler/soguk-uniteler/dondurma-makineleri/yumusak-dondurma-makineleri/,Eşleşmedi,,,,
Derin Dondurucu Düz Sürgü Camlı D400FF,8919.DF400.FF-tr,https://oztiryakiler.com.tr/urun/derin-dondurucu-duz-surgu-camli-d400ff-8919-df400-ff/,yumusak-dondurma-makineleri,sogutma,dondurma-makineleri | soguk-uniteler | yumusak-dondurma-makineleri,https://oztiryakiler.com.tr/urunler/soguk-uniteler/dondurma-makineleri/yumusak-dondurma-makineleri/,Eşleşmedi,,,,
Derin Dondurucu Düz Sürgü Camlı D500FF,8919.DF500.FF-tr,https://oztiryakiler.com.tr/urun/derin-dondurucu-duz-surgu-camli-d500ff-8919-df500-ff/,yumusak-dondurma-makineleri,sogutma,dondurma-makineleri | soguk-uniteler | yumusak-dondurma-makineleri,https://oztiryakiler.com.tr/urunler/soguk-uniteler/dondurma-makineleri/yumusak-dondurma-makineleri/,Eşleşmedi,,,,
Dodnurma Makinesi Set Üstü Tek Kollu Pastörizatörlü Pompalı Karıştırıcılı 11 Lt,8919.OEF15.APHT-tr,https://oztiryakiler.com.tr/urun/dodnurma-makinesi-set-ustu-tek-kollu-pastorizatorlu-pompali-karistiricili-11-lt-8919-oef15-apht/,yumusak-dondurma-makineleri,sogutma,dondurma-makineleri | soguk-uniteler | yumusak-dondurma-makineleri,https://oztiryakiler.com.tr/urunler/soguk-uniteler/dondurma-makineleri/yumusak-dondurma-makineleri/,Eşleşmedi,,,,
Dondurma Makinesi Set Üstü 3 Kollu 2x6 Lt,8919.OEF25.00-tr,https://oztiryakiler.com.tr/urun/dondurma-makinesi-set-ustu-3-kollu-2x6-lt-8919-oef25-00/,yumusak-dondurma-makineleri,sogutma,dondurma-makineleri | soguk-uniteler | yumusak-dondurma-makineleri,https://oztiryakiler.com.tr/urunler/soguk-uniteler/dondurma-makineleri/yumusak-dondurma-makineleri/,Eşleşmedi,,,,
Dondurma ve Frozen Yoğurt Makinesi Üç Kollu Karıştırıcılı 2x11 Lt,8919.OEF40.APS-tr,https://oztiryakiler.com.tr/urun/dondurma-ve-frozen-yogurt-makinesi-uc-kollu-karistiricili-2x11-lt-8919-oef40-aps/,yumusak-dondurma-makineleri,sogutma,dondurma-makineleri | soguk-uniteler | yumusak-dondurma-makineleri,https://oztiryakiler.com.tr/urunler/soguk-uniteler/dondurma-makineleri/yumusak-dondurma-makineleri/,Eşleşmedi,,,,
Dondurma ve Frozen Yoğurt Makinesi Üç Kollu Karıştırıcılı 2x15 Lt,8919.OEF40.0A-tr,https://oztiryakiler.com.tr/urun/dondurma-ve-frozen-yogurt-makinesi-uc-kollu-karistiricili-2x15-lt-8919-oef40-0a/,yumusak-dondurma-makineleri,sogutma,dondurma-makineleri | soguk-uniteler | yumusak-dondurma-makineleri,https://oztiryakiler.com.tr/urunler/soguk-uniteler/dondurma-makineleri/yumusak-dondurma-makineleri/,Eşleşmedi,,,,
Dondurma Makinesi 3 Kollu 2x10 Pompalı,8919.OEF40.0P-tr,https://oztiryakiler.com.tr/urun/dondurma-makinesi-3-kollu-2x10-pompali-8919-oef40-0p/,yumusak-dondurma-makineleri,sogutma,dondurma-makineleri | soguk-uniteler | yumusak-dondurma-makineleri,https://oztiryakiler.com.tr/urunler/soguk-uniteler/dondurma-makineleri/yumusak-dondurma-makineleri/,Eşleşmedi,,,,
Dondurma Makinesi 3 Kollu 2x6 Lt,8919.OEF40.00-tr,https://oztiryakiler.com.tr/urun/dondurma-makinesi-3-kollu-2x6-lt-8919-oef40-00/,yumusak-dondurma-makineleri,sogutma,dondurma-makineleri | soguk-uniteler | yumusak-dondurma-makineleri,https://oztiryakiler.com.tr/urunler/soguk-uniteler/dondurma-makineleri/yumusak-dondurma-makineleri/,Eşleşmedi,,,,
Dondurma Makinesi Set Üstü 3 Kollu Pompalı 2x10 Lt,8919.OEF25.0P-tr,https://oztiryakiler.com.tr/urun/dondurma-makinesi-set-ustu-3-kollu-pompali-2x10-lt-8919-oef25-0p/,yumusak-dondurma-makineleri,sogutma,dondurma-makineleri | soguk-uniteler | yumusak-dondurma-makineleri,https://oztiryakiler.com.tr/urunler/soguk-uniteler/dondurma-makineleri/yumusak-dondurma-makineleri/,Eşleşmedi,,,,
Dondurma Makinesi Set Üstü Tek Kollu 8 Lt O,8919.OEF15.00-tr,https://oztiryakiler.com.tr/urun/dondurma-makinesi-set-ustu-tek-kollu-8-lt-o-8919-oef15-00/,yumusak-dondurma-makineleri,sogutma,dondurma-makineleri | soguk-uniteler | yumusak-dondurma-makineleri,https://oztiryakiler.com.tr/urunler/soguk-uniteler/dondurma-makineleri/yumusak-dondurma-makineleri/,Eşleşmedi,,,,
Dondurma Makinesi Set Üstü Tek Kollu Pastörizatörlü Pompalı Karıştırıcılı 11 Lt,8919.OEF15.APSHT-tr,https://oztiryakiler.com.tr/urun/dondurma-makinesi-set-ustu-tek-kollu-pastorizatorlu-pompali-karistiricili-11-lt-8919-oef15-apsht/,yumusak-dondurma-makineleri,sogutma,dondurma-makineleri | soguk-uniteler | yumusak-dondurma-makineleri,https://oztiryakiler.com.tr/urunler/soguk-uniteler/dondurma-makineleri/yumusak-dondurma-makineleri/,Eşleşmedi,,,,
Dondurma Makinesi Set Üstü Tek Kollu Pompalı,8919.OEF15.0P-tr,https://oztiryakiler.com.tr/urun/dondurma-makinesi-set-ustu-tek-kollu-pompali-8919-oef15-0p/,yumusak-dondurma-makineleri,sogutma,dondurma-makineleri | soguk-uniteler | yumusak-dondurma-makineleri,https://oztiryakiler.com.tr/urunler/soguk-uniteler/dondurma-makineleri/yumusak-dondurma-makineleri/,Eşleşmedi,,,,
Dondurma Makinesi Üç Kollu Pastörizatörlü Pompalı Karıştırıcılı 2x11 Lt,8919.OEF40.APSHT-tr,https://oztiryakiler.com.tr/urun/dondurma-makinesi-uc-kollu-pastorizatorlu-pompali-karistiricili-2x11-lt-8919-oef40-apsht/,yumusak-dondurma-makineleri,sogutma,dondurma-makineleri | soguk-uniteler | yumusak-dondurma-makineleri,https://oztiryakiler.com.tr/urunler/soguk-uniteler/dondurma-makineleri/yumusak-dondurma-makineleri/,Eşleşmedi,,,,
Dondurma Makinesi Üç Kollu Pastörizörlü Pompalı Karıştırıcılı 2x11 Lt,8919.OEF40.APHT-tr,https://oztiryakiler.com.tr/urun/dondurma-makinesi-uc-kollu-pastorizorlu-pompali-karistiricili-2x11-lt-8919-oef40-apht/,yumusak-dondurma-makineleri,sogutma,dondurma-makineleri | soguk-uniteler | yumusak-dondurma-makineleri,https://oztiryakiler.com.tr/urunler/soguk-uniteler/dondurma-makineleri/yumusak-dondurma-makineleri/,Eşleşmedi,,,,
Dik Vitrin Soğutucu Kanopili,8919.0D372.4C-tr,https://oztiryakiler.com.tr/urun/dik-vitrin-sogutucu-kanopili-8919-0d372-4c/,bar-tipi-sise-sogutucu-dolabi,sogutma,bar-tipi-sise-sogutucu-dolabi | soguk-uniteler | teshir-dolaplari,https://oztiryakiler.com.tr/urunler/soguk-uniteler/teshir-dolaplari/bar-tipi-sise-sogutucu-dolabi/,Eşleşmedi,,,,
Dondurma Reyonu,8919.0M441.00-tr,https://oztiryakiler.com.tr/urun/dondurma-reyonu-8919-0m441-00/,bar-tipi-sise-sogutucu-dolabi,sogutma,bar-tipi-sise-sogutucu-dolabi | soguk-uniteler | teshir-dolaplari,https://oztiryakiler.com.tr/urunler/soguk-uniteler/teshir-dolaplari/bar-tipi-sise-sogutucu-dolabi/,Eşleşmedi,,,,
Dondurma Teşhir Dolabı 18+18 Kovalı,8919.0M451.00-tr,https://oztiryakiler.com.tr/urun/dondurma-teshir-dolabi-1818-kovali-8919-0m451-00/,bar-tipi-sise-sogutucu-dolabi,sogutma,bar-tipi-sise-sogutucu-dolabi | soguk-uniteler | teshir-dolaplari,https://oztiryakiler.com.tr/urunler/soguk-uniteler/teshir-dolaplari/bar-tipi-sise-sogutucu-dolabi/,Eşleşmedi,,,,
Et Teşhir Dolabı Leopard 800,8919.00000.05-tr,https://oztiryakiler.com.tr/urun/et-teshir-dolabi-leopard-800-8919-00000-05/,et-teshir-dolaplari,sogutma,et-teshir-dolaplari | soguk-uniteler | teshir-dolaplari,https://oztiryakiler.com.tr/urunler/soguk-uniteler/teshir-dolaplari/et-teshir-dolaplari/,Eşleşmedi,,,,
Et Teşhir Dolabı Leopard 800,8919.01037.00-tr,https://oztiryakiler.com.tr/urun/et-teshir-dolabi-leopard-800-8919-01037-00/,et-teshir-dolaplari,sogutma,et-teshir-dolaplari | soguk-uniteler | teshir-dolaplari,https://oztiryakiler.com.tr/urunler/soguk-uniteler/teshir-dolaplari/et-teshir-dolaplari/,Eşleşmedi,,,,
Et Teşhir Dolabı Leopard 800,8919.02000.00-tr,https://oztiryakiler.com.tr/urun/et-teshir-dolabi-leopard-800-8919-02000-00/,et-teshir-dolaplari,sogutma,et-teshir-dolaplari | soguk-uniteler | teshir-dolaplari,https://oztiryakiler.com.tr/urunler/soguk-uniteler/teshir-dolaplari/et-teshir-dolaplari/,Eşleşmedi,,,,
Et Teşhir Dolabı Leopard 800,8919.02600.00-tr,https://oztiryakiler.com.tr/urun/et-teshir-dolabi-leopard-800-8919-02600-00/,et-teshir-dolaplari,sogutma,et-teshir-dolaplari | soguk-uniteler | teshir-dolaplari,https://oztiryakiler.com.tr/urunler/soguk-uniteler/teshir-dolaplari/et-teshir-dolaplari/,Eşleşmedi,,,,
Et Teşhir Dolabı Leopard 800,8919.02912.00-tr,https://oztiryakiler.com.tr/urun/et-teshir-dolabi-leopard-800-8919-02912-00/,et-teshir-dolaplari,sogutma,et-teshir-dolaplari | soguk-uniteler | teshir-dolaplari,https://oztiryakiler.com.tr/urunler/soguk-uniteler/teshir-dolaplari/et-teshir-dolaplari/,Eşleşmedi,,,,
Et Teşhir Dolabı Leopard 800,8919.03225.00-tr,https://oztiryakiler.com.tr/urun/et-teshir-dolabi-leopard-800-8919-03225-00/,et-teshir-dolaplari,sogutma,et-teshir-dolaplari | soguk-uniteler | teshir-dolaplari,https://oztiryakiler.com.tr/urunler/soguk-uniteler/teshir-dolaplari/et-teshir-dolaplari/,Eşleşmedi,,,,
Et Teşhir Dolabı Leopard 800,8919.03850.00-tr,https://oztiryakiler.com.tr/urun/et-teshir-dolabi-leopard-800-8919-03850-00/,et-teshir-dolaplari,sogutma,et-teshir-dolaplari | soguk-uniteler | teshir-dolaplari,https://oztiryakiler.com.tr/urunler/soguk-uniteler/teshir-dolaplari/et-teshir-dolaplari/,Eşleşmedi,,,,
Tek Kapılı Soğutucu Tezgah Tipi,8919.0D149.SC-tr,https://oztiryakiler.com.tr/urun/tek-kapili-sogutucu-tezgah-tipi-8919-0d149-sc/,icecek-teshir-dolaplari,sogutma,icecek-teshir-dolaplari | soguk-uniteler | teshir-dolaplari,https://oztiryakiler.com.tr/urunler/soguk-uniteler/teshir-dolaplari/icecek-teshir-dolaplari/,Eşleşmedi,,,,
Sıcak Bombe Camlı Teşhir Dolabı,7ETD.11H10.SS-tr,https://oztiryakiler.com.tr/urun/sicak-bombe-camli-teshir-dolabi-7etd-11h10-ss/,pasta-teshir-dolabi,sogutma,pasta-teshir-dolabi | sicak-pasta-teshir-dolabi | soguk-uniteler | teshir-dolaplari,https://oztiryakiler.com.tr/urunler/soguk-uniteler/teshir-dolaplari/pasta-teshir-dolabi/,Eşleşmedi,,,,
Sıcak Bombe Camlı Teşhir Dolabı,7ETD.11H12.SS-tr,https://oztiryakiler.com.tr/urun/sicak-bombe-camli-teshir-dolabi-7etd-11h12-ss/,pasta-teshir-dolabi,sogutma,pasta-teshir-dolabi | sicak-pasta-teshir-dolabi | soguk-uniteler | teshir-dolaplari,https://oztiryakiler.com.tr/urunler/soguk-uniteler/teshir-dolaplari/pasta-teshir-dolabi/,Eşleşmedi,,,,
Sıcak Bombe Camlı Teşhir Dolabı,7ETD.11H15.SS-tr,https://oztiryakiler.com.tr/urun/sicak-bombe-camli-teshir-dolabi-7etd-11h15-ss/,pasta-teshir-dolabi,sogutma,pasta-teshir-dolabi | sicak-pasta-teshir-dolabi | soguk-uniteler | teshir-dolaplari,https://oztiryakiler.com.tr/urunler/soguk-uniteler/teshir-dolaplari/pasta-teshir-dolabi/,Eşleşmedi,,,,
Sıcak Bombe Camlı Teşhir Dolabı,7ETD.11H18.SS-tr,https://oztiryakiler.com.tr/urun/sicak-bombe-camli-teshir-dolabi-7etd-11h18-ss/,pasta-teshir-dolabi,sogutma,pasta-teshir-dolabi | sicak-pasta-teshir-dolabi | soguk-uniteler | teshir-dolaplari,https://oztiryakiler.com.tr/urunler/soguk-uniteler/teshir-dolaplari/pasta-teshir-dolabi/,Eşleşmedi,,,,
Sıcak Bombe Camlı Teşhir Dolabı,7ETD.11H20.SS-tr,https://oztiryakiler.com.tr/urun/sicak-bombe-camli-teshir-dolabi-7etd-11h20-ss/,pasta-teshir-dolabi,sogutma,pasta-teshir-dolabi | sicak-pasta-teshir-dolabi | soguk-uniteler | teshir-dolaplari,https://oztiryakiler.com.tr/urunler/soguk-uniteler/teshir-dolaplari/pasta-teshir-dolabi/,Eşleşmedi,,,,
Sıcak Borulu Tip Camlı Teşhir Dolabı,7ETD.14H10.SS-tr,https://oztiryakiler.com.tr/urun/sicak-borulu-tip-camli-teshir-dolabi-7etd-14h10-ss/,pasta-teshir-dolabi,sogutma,pasta-teshir-dolabi | sicak-pasta-teshir-dolabi | soguk-uniteler | teshir-dolaplari,https://oztiryakiler.com.tr/urunler/soguk-uniteler/teshir-dolaplari/pasta-teshir-dolabi/,Eşleşmedi,,,,
Sıcak Borulu Tip Camlı Teşhir Dolabı,7ETD.14H12.SS-tr,https://oztiryakiler.com.tr/urun/sicak-borulu-tip-camli-teshir-dolabi-7etd-14h12-ss/,pasta-teshir-dolabi,sogutma,pasta-teshir-dolabi | sicak-pasta-teshir-dolabi | soguk-uniteler | teshir-dolaplari,https://oztiryakiler.com.tr/urunler/soguk-uniteler/teshir-dolaplari/pasta-teshir-dolabi/,Eşleşmedi,,,,
Sıcak Borulu Tip Camlı Teşhir Dolabı,7ETD.14H15.SS-tr,https://oztiryakiler.com.tr/urun/sicak-borulu-tip-camli-teshir-dolabi-7etd-14h15-ss/,pasta-teshir-dolabi,sogutma,pasta-teshir-dolabi | sicak-pasta-teshir-dolabi | soguk-uniteler | teshir-dolaplari,https://oztiryakiler.com.tr/urunler/soguk-uniteler/teshir-dolaplari/pasta-teshir-dolabi/,Eşleşmedi,,,,
Sıcak Borulu Tip Camlı Teşhir Dolabı,7ETD.14H18.SS-tr,https://oztiryakiler.com.tr/urun/sicak-borulu-tip-camli-teshir-dolabi-7etd-14h18-ss/,pasta-teshir-dolabi,sogutma,pasta-teshir-dolabi | sicak-pasta-teshir-dolabi | soguk-uniteler | teshir-dolaplari,https://oztiryakiler.com.tr/urunler/soguk-uniteler/teshir-dolaplari/pasta-teshir-dolabi/,Eşleşmedi,,,,
Sıcak Borulu Tip Camlı Teşhir Dolabı,7ETD.14H20.SS-tr,https://oztiryakiler.com.tr/urun/sicak-borulu-tip-camli-teshir-dolabi-7etd-14h20-ss/,pasta-teshir-dolabi,sogutma,pasta-teshir-dolabi | sicak-pasta-teshir-dolabi | soguk-uniteler | teshir-dolaplari,https://oztiryakiler.com.tr/urunler/soguk-uniteler/teshir-dolaplari/pasta-teshir-dolabi/,Eşleşmedi,,,,
Sıcak Düz Camlı Teşhir Dolabı,7ETD.12H10.SS-tr,https://oztiryakiler.com.tr/urun/sicak-duz-camli-teshir-dolabi-7etd-12h10-ss/,pasta-teshir-dolabi,sogutma,pasta-teshir-dolabi | sicak-pasta-teshir-dolabi | soguk-uniteler | teshir-dolaplari,https://oztiryakiler.com.tr/urunler/soguk-uniteler/teshir-dolaplari/pasta-teshir-dolabi/,Eşleşmedi,,,,
Sıcak Düz Camlı Teşhir Dolabı,7ETD.12H12.SS-tr,https://oztiryakiler.com.tr/urun/sicak-duz-camli-teshir-dolabi-7etd-12h12-ss/,pasta-teshir-dolabi,sogutma,pasta-teshir-dolabi | sicak-pasta-teshir-dolabi | soguk-uniteler | teshir-dolaplari,https://oztiryakiler.com.tr/urunler/soguk-uniteler/teshir-dolaplari/pasta-teshir-dolabi/,Eşleşmedi,,,,
Sıcak Düz Camlı Teşhir Dolabı,7ETD.12H15.SS-tr,https://oztiryakiler.com.tr/urun/sicak-duz-camli-teshir-dolabi-7etd-12h15-ss/,pasta-teshir-dolabi,sogutma,pasta-teshir-dolabi | sicak-pasta-teshir-dolabi | soguk-uniteler | teshir-dolaplari,https://oztiryakiler.com.tr/urunler/soguk-uniteler/teshir-dolaplari/pasta-teshir-dolabi/,Eşleşmedi,,,,
Sıcak Düz Camlı Teşhir Dolabı,7ETD.12H18.SS-tr,https://oztiryakiler.com.tr/urun/sicak-duz-camli-teshir-dolabi-7etd-12h18-ss/,pasta-teshir-dolabi,sogutma,pasta-teshir-dolabi | sicak-pasta-teshir-dolabi | soguk-uniteler | teshir-dolaplari,https://oztiryakiler.com.tr/urunler/soguk-uniteler/teshir-dolaplari/pasta-teshir-dolabi/,Eşleşmedi,,,,
Sıcak Düz Camlı Teşhir Dolabı,7ETD.12H20.SS-tr,https://oztiryakiler.com.tr/urun/sicak-duz-camli-teshir-dolabi-7etd-12h20-ss/,pasta-teshir-dolabi,sogutma,pasta-teshir-dolabi | sicak-pasta-teshir-dolabi | soguk-uniteler | teshir-dolaplari,https://oztiryakiler.com.tr/urunler/soguk-uniteler/teshir-dolaplari/pasta-teshir-dolabi/,Eşleşmedi,,,,
Soğuk Bombe Camlı Teşhir Dolabı,7ETD.11C10.SS-tr,https://oztiryakiler.com.tr/urun/soguk-bombe-camli-teshir-dolabi-7etd-11c10-ss/,pasta-teshir-dolabi,sogutma,pasta-teshir-dolabi | soguk | soguk-uniteler | teshir-dolaplari,https://oztiryakiler.com.tr/urunler/soguk-uniteler/teshir-dolaplari/pasta-teshir-dolabi/,Eşleşmedi,,,,
Isıtmalı Servis Ünitesi,7912.15894.M0-tr,https://oztiryakiler.com.tr/urun/isitmali-servis-unitesi-7912-15894-m0/,salad-barlar,sogutma,salad-barlar | sicak-salad-barlar | soguk-uniteler | teshir-dolaplari,https://oztiryakiler.com.tr/urunler/soguk-uniteler/teshir-dolaplari/salad-barlar/,Eşleşmedi,,,,
Isıtmalı Servis Ünitesi,7912.15894.O0-tr,https://oztiryakiler.com.tr/urun/isitmali-servis-unitesi-7912-15894-o0/,salad-barlar,sogutma,salad-barlar | sicak-salad-barlar | soguk-uniteler | teshir-dolaplari,https://oztiryakiler.com.tr/urunler/soguk-uniteler/teshir-dolaplari/salad-barlar/,Eşleşmedi,,,,
Isıtmalı Servis Ünitesi,7912.15894.W0-tr,https://oztiryakiler.com.tr/urun/isitmali-servis-unitesi-7912-15894-w0/,salad-barlar,sogutma,salad-barlar | sicak-salad-barlar | soguk-uniteler | teshir-dolaplari,https://oztiryakiler.com.tr/urunler/soguk-uniteler/teshir-dolaplari/salad-barlar/,Eşleşmedi,,,,
Salad Bar - Soğuk - GN Havuzlu - R290,7EKO.OSBEC.03-tr,https://oztiryakiler.com.tr/urun/salad-bar-soguk-gn-havuzlu-r290-7eko-osbec-03/,salad-barlar,sogutma,salad-barlar | soguk-uniteler | teshir-dolaplari,https://oztiryakiler.com.tr/urunler/soguk-uniteler/teshir-dolaplari/salad-barlar/,Eşleşmedi,,,,
Sıcak Saladbar Düz Zeminli,7EKO.OSBEH.02-tr,https://oztiryakiler.com.tr/urun/sicak-saladbar-duz-zeminli-7eko-osbeh-02/,salad-barlar,sogutma,salad-barlar | sicak-salad-barlar | soguk-uniteler | teshir-dolaplari,https://oztiryakiler.com.tr/urunler/soguk-uniteler/teshir-dolaplari/salad-barlar/,Eşleşmedi,,,,
Sıcak Saladbar Gn Havuzlu,7EKO.OSBEH.01-tr,https://oztiryakiler.com.tr/urun/sicak-saladbar-gn-havuzlu-7eko-osbeh-01/,salad-barlar,sogutma,salad-barlar | sicak-salad-barlar | soguk-uniteler | teshir-dolaplari,https://oztiryakiler.com.tr/urunler/soguk-uniteler/teshir-dolaplari/salad-barlar/,Eşleşmedi,,,,
Soğuk Saladbar (Ceviz),7912.16894.W0-tr,https://oztiryakiler.com.tr/urun/soguk-saladbar-ceviz-7912-16894-w0/,salad-barlar,sogutma,salad-barlar | soguk-salad-barlar | soguk-uniteler | teshir-dolaplari,https://oztiryakiler.com.tr/urunler/soguk-uniteler/teshir-dolaplari/salad-barlar/,Eşleşmedi,,,,
Soğuk Saladbar (Maun),7912.16894.M0-tr,https://oztiryakiler.com.tr/urun/soguk-saladbar-maun-7912-16894-m0/,salad-barlar,sogutma,salad-barlar | soguk-salad-barlar | soguk-uniteler | teshir-dolaplari,https://oztiryakiler.com.tr/urunler/soguk-uniteler/teshir-dolaplari/salad-barlar/,Eşleşmedi,,,,
Soğuk Saladbar (Meşe),7912.16894.O0-tr,https://oztiryakiler.com.tr/urun/soguk-saladbar-mese-7912-16894-o0/,salad-barlar,sogutma,salad-barlar | soguk-salad-barlar | soguk-uniteler | teshir-dolaplari,https://oztiryakiler.com.tr/urunler/soguk-uniteler/teshir-dolaplari/salad-barlar/,Eşleşmedi,,,,
Soğuk Saladbar Düz Zeminli,7EKO.OSBEC.02-tr,https://oztiryakiler.com.tr/urun/soguk-saladbar-duz-zeminli-7eko-osbec-02/,salad-barlar,sogutma,salad-barlar | soguk-salad-barlar | soguk-uniteler | teshir-dolaplari,https://oztiryakiler.com.tr/urunler/soguk-uniteler/teshir-dolaplari/salad-barlar/,Eşleşmedi,,,,
Soğuk Saladbar Gn Havuzlu,7EKO.OSBEC.01-tr,https://oztiryakiler.com.tr/urun/soguk-saladbar-gn-havuzlu-7eko-osbec-01/,salad-barlar,sogutma,salad-barlar | soguk-salad-barlar | soguk-uniteler | teshir-dolaplari,https://oztiryakiler.com.tr/urunler/soguk-uniteler/teshir-dolaplari/salad-barlar/,Eşleşmedi,,,,
Sıcak Self Servis Duvar Tipi Teşhir Dolabı,7ETD.35H10.SS-tr,https://oztiryakiler.com.tr/urun/sicak-self-servis-duvar-tipi-teshir-dolabi-7etd-35h10-ss/,sutluk-dolabi-teshir-dolaplari,sogutma,sicak | soguk-uniteler | sutluk-dolabi-teshir-dolaplari | teshir-dolaplari,https://oztiryakiler.com.tr/urunler/soguk-uniteler/teshir-dolaplari/sutluk-dolabi-teshir-dolaplari/,Eşleşmedi,,,,
Sıcak Self Servis Duvar Tipi Teşhir Dolabı,7ETD.35H12.SS-tr,https://oztiryakiler.com.tr/urun/sicak-self-servis-duvar-tipi-teshir-dolabi-7etd-35h12-ss/,sutluk-dolabi-teshir-dolaplari,sogutma,sicak | soguk-uniteler | sutluk-dolabi-teshir-dolaplari | teshir-dolaplari,https://oztiryakiler.com.tr/urunler/soguk-uniteler/teshir-dolaplari/sutluk-dolabi-teshir-dolaplari/,Eşleşmedi,,,,
Sıcak Self Servis Duvar Tipi Teşhir Dolabı,7ETD.35H15.SS-tr,https://oztiryakiler.com.tr/urun/sicak-self-servis-duvar-tipi-teshir-dolabi-7etd-35h15-ss/,sutluk-dolabi-teshir-dolaplari,sogutma,sicak | soguk-uniteler | sutluk-dolabi-teshir-dolaplari | teshir-dolaplari,https://oztiryakiler.com.tr/urunler/soguk-uniteler/teshir-dolaplari/sutluk-dolabi-teshir-dolaplari/,Eşleşmedi,,,,
Sıcak Self Servis Duvar Tipi Teşhir Dolabı,7ETD.35H18.SS-tr,https://oztiryakiler.com.tr/urun/sicak-self-servis-duvar-tipi-teshir-dolabi-7etd-35h18-ss/,sutluk-dolabi-teshir-dolaplari,sogutma,sicak | soguk-uniteler | sutluk-dolabi-teshir-dolaplari | teshir-dolaplari,https://oztiryakiler.com.tr/urunler/soguk-uniteler/teshir-dolaplari/sutluk-dolabi-teshir-dolaplari/,Eşleşmedi,,,,
Sıcak Self Servis Duvar Tipi Teşhir Dolabı,7ETD.35H20.SS-tr,https://oztiryakiler.com.tr/urun/sicak-self-servis-duvar-tipi-teshir-dolabi-7etd-35h20-ss/,sutluk-dolabi-teshir-dolaplari,sogutma,sicak | soguk-uniteler | sutluk-dolabi-teshir-dolaplari | teshir-dolaplari,https://oztiryakiler.com.tr/urunler/soguk-uniteler/teshir-dolaplari/sutluk-dolabi-teshir-dolaplari/,Eşleşmedi,,,,
Soğuk Self Servis Duvar Tipi Teşhir Dolabı,7ETD.35C10.SS-tr,https://oztiryakiler.com.tr/urun/soguk-self-servis-duvar-tipi-teshir-dolabi-7etd-35c10-ss/,sutluk-dolabi-teshir-dolaplari,sogutma,soguk-sutluk-dolabi-teshir-dolaplari | soguk-uniteler | sutluk-dolabi-teshir-dolaplari | teshir-dolaplari,https://oztiryakiler.com.tr/urunler/soguk-uniteler/teshir-dolaplari/sutluk-dolabi-teshir-dolaplari/,Eşleşmedi,,,,
Soğuk Self Servis Duvar Tipi Teşhir Dolabı,7ETD.35C12.SS-tr,https://oztiryakiler.com.tr/urun/soguk-self-servis-duvar-tipi-teshir-dolabi-7etd-35c12-ss/,sutluk-dolabi-teshir-dolaplari,sogutma,soguk-sutluk-dolabi-teshir-dolaplari | soguk-uniteler | sutluk-dolabi-teshir-dolaplari | teshir-dolaplari,https://oztiryakiler.com.tr/urunler/soguk-uniteler/teshir-dolaplari/sutluk-dolabi-teshir-dolaplari/,Eşleşmedi,,,,
Soğuk Self Servis Duvar Tipi Teşhir Dolabı,7ETD.35C15.SS-tr,https://oztiryakiler.com.tr/urun/soguk-self-servis-duvar-tipi-teshir-dolabi-7etd-35c15-ss/,sutluk-dolabi-teshir-dolaplari,sogutma,soguk-sutluk-dolabi-teshir-dolaplari | soguk-uniteler | sutluk-dolabi-teshir-dolaplari | teshir-dolaplari,https://oztiryakiler.com.tr/urunler/soguk-uniteler/teshir-dolaplari/sutluk-dolabi-teshir-dolaplari/,Eşleşmedi,,,,
Soğuk Self Servis Duvar Tipi Teşhir Dolabı,7ETD.35C18.SS-tr,https://oztiryakiler.com.tr/urun/soguk-self-servis-duvar-tipi-teshir-dolabi-7etd-35c18-ss/,sutluk-dolabi-teshir-dolaplari,sogutma,soguk-sutluk-dolabi-teshir-dolaplari | soguk-uniteler | sutluk-dolabi-teshir-dolaplari | teshir-dolaplari,https://oztiryakiler.com.tr/urunler/soguk-uniteler/teshir-dolaplari/sutluk-dolabi-teshir-dolaplari/,Eşleşmedi,,,,
Soğuk Self Servis Duvar Tipi Teşhir Dolabı,7ETD.35C20.SS-tr,https://oztiryakiler.com.tr/urun/soguk-self-servis-duvar-tipi-teshir-dolabi-7etd-35c20-ss/,sutluk-dolabi-teshir-dolaplari,sogutma,soguk-sutluk-dolabi-teshir-dolaplari | soguk-uniteler | sutluk-dolabi-teshir-dolaplari | teshir-dolaplari,https://oztiryakiler.com.tr/urunler/soguk-uniteler/teshir-dolaplari/sutluk-dolabi-teshir-dolaplari/,Eşleşmedi,,,,
