scope	brand	category	subcategory	sku	product_code	barcode	equsto_name	equsto_price_vat_included	mutbex_name	mutbex_price_vat_included	difference_tl	difference_percent	classification	match_method	confidence	stock_status	equsto_url	mutbex_url	notes
ATALAY	Atalay Endüstriyel Mutfak Ekipmanları	Pişirme	Adr Seri Doner Robotu	ADR-10E	ATALAY		Atalay ADR Seri Döner Robotu ADR-10E 10 (5x2)	455569.0					NO_MATCH	NO_MATCH	LOW	NOT_FOUND	https://equsto.com/shop/adr-10e		No match found on Mutbex
ATALAY	Atalay Endüstriyel Mutfak Ekipmanları	Pişirme	Adr Seri Doner Robotu	ADR-10G	ATALAY		Atalay ADR Seri Döner Robotu ADR-10G 10 (5x2)	447628.0					NO_MATCH	NO_MATCH	LOW	NOT_FOUND	https://equsto.com/shop/adr-10g		No match found on Mutbex
ATALAY	Atalay Endüstriyel Mutfak Ekipmanları	Pişirme	Adr Seri Doner Robotu	ADR-14E	ATALAY		Atalay ADR Seri Döner Robotu ADR-14E 14 (7x2)	513012.0					NO_MATCH	NO_MATCH	LOW	NOT_FOUND	https://equsto.com/shop/adr-14e		No match found on Mutbex
ATALAY	Atalay Endüstriyel Mutfak Ekipmanları	Pişirme	Adr Seri Doner Robotu	ADR-14G	ATALAY		Atalay ADR Seri Döner Robotu ADR-14G 14 (7x2)	501894.0					NO_MATCH	NO_MATCH	LOW	NOT_FOUND	https://equsto.com/shop/adr-14g		No match found on Mutbex
ATALAY	Atalay Endüstriyel Mutfak Ekipmanları	Pişirme	Adr Seri Doner Robotu	ADR-5E	ATALAY		Atalay ADR Seri Döner Robotu ADR-5E 100x110x170 cm.	417451.0					NO_MATCH	NO_MATCH	LOW	NOT_FOUND	https://equsto.com/shop/adr-5e		No match found on Mutbex
ATALAY	Atalay Endüstriyel Mutfak Ekipmanları	Pişirme	Adr Seri Doner Robotu	ADR-5G	ATALAY		Atalay ADR Seri Döner Robotu ADR-5G 130x140x170 cm.	408980.0					NO_MATCH	NO_MATCH	LOW	NOT_FOUND	https://equsto.com/shop/adr-5g		No match found on Mutbex
ATALAY	Atalay Endüstriyel Mutfak Ekipmanları	Pişirme	Adr Seri Doner Robotu	ADR-C1-10E	ATALAY		Atalay ADR-C1-10E 10 90x110x147 cm	416392.0					NO_MATCH	NO_MATCH	LOW	NOT_FOUND	https://equsto.com/shop/adr-c1-10e		No match found on Mutbex
ATALAY	Atalay Endüstriyel Mutfak Ekipmanları	Pişirme	Adr Seri Doner Robotu	ADR-C1-10E-GK	ATALAY		Atalay ADR-C1-10E-GK 10 90x110x147 cm	469070.0					NO_MATCH	NO_MATCH	LOW	NOT_FOUND	https://equsto.com/shop/adr-c1-10e-gk		No match found on Mutbex
ATALAY	Atalay Endüstriyel Mutfak Ekipmanları	Pişirme	Adr Seri Doner Robotu	ADR-C1-10G	ATALAY		Atalay ADR-C1-10G 10 90x110x147 cm.	403156.0					NO_MATCH	NO_MATCH	LOW	NOT_FOUND	https://equsto.com/shop/adr-c1-10g		No match found on Mutbex
ATALAY	Atalay Endüstriyel Mutfak Ekipmanları	Pişirme	Adr Seri Doner Robotu	ADR-C1-10G-GK	ATALAY		Atalay ADR-C1-10G-GK 10 90x110x147 cm.	455834.0					NO_MATCH	NO_MATCH	LOW	NOT_FOUND	https://equsto.com/shop/adr-c1-10g-gk		No match found on Mutbex
ATALAY	Atalay Endüstriyel Mutfak Ekipmanları	Pişirme	Adr Seri Doner Robotu	ADR-C1-4E	ATALAY		Atalay ADR-C1-4E 4 80x80x140 cm.	363714.0					NO_MATCH	NO_MATCH	LOW	NOT_FOUND	https://equsto.com/shop/adr-c1-4e		No match found on Mutbex
ATALAY	Atalay Endüstriyel Mutfak Ekipmanları	Pişirme	Adr Seri Doner Robotu	ADR-C1-4E-GK	ATALAY		Atalay ADR-C1-4E-GK 4 80x80x140 cm.	412157.0					NO_MATCH	NO_MATCH	LOW	NOT_FOUND	https://equsto.com/shop/adr-c1-4e-gk		No match found on Mutbex
ATALAY	Atalay Endüstriyel Mutfak Ekipmanları	Pişirme	Adr Seri Doner Robotu	ADR-C1-4G	ATALAY		Atalay ADR-C1-4G 4 80x100x140 cm.	351538.0					NO_MATCH	NO_MATCH	LOW	NOT_FOUND	https://equsto.com/shop/adr-c1-4g		No match found on Mutbex
ATALAY	Atalay Endüstriyel Mutfak Ekipmanları	Pişirme	Adr Seri Doner Robotu	ADR-C1-4G-GK	ATALAY		Atalay ADR-C1-4G-GK 4 80x100x140 cm.	400245.0					NO_MATCH	NO_MATCH	LOW	NOT_FOUND	https://equsto.com/shop/adr-c1-4g-gk		No match found on Mutbex
ATALAY	Atalay Endüstriyel Mutfak Ekipmanları	Pişirme	Adr Seri Doner Robotu	ADR-C1-5	ATALAY		Atalay ADR-C1-5 ﬁiﬂ Grubunu, Robot üzerinde sarmaya dönüﬂüm seti 12 x 12	3865.0					NO_MATCH	NO_MATCH	LOW	NOT_FOUND	https://equsto.com/shop/adr-c1-5		No match found on Mutbex
ATALAY	Atalay Endüstriyel Mutfak Ekipmanları	Pişirme	Adr Seri Doner Robotu	ADR-C1-5E	ATALAY		Atalay ADR-C1-5E 5 80x80x140 cm.	381979.0					NO_MATCH	NO_MATCH	LOW	NOT_FOUND	https://equsto.com/shop/adr-c1-5e		No match found on Mutbex
ATALAY	Atalay Endüstriyel Mutfak Ekipmanları	Pişirme	Adr Seri Doner Robotu	ADR-C1-5E-GK	ATALAY		Atalay ADR-C1-5E-GK 5 80x80x140 cm.	430422.0					NO_MATCH	NO_MATCH	LOW	NOT_FOUND	https://equsto.com/shop/adr-c1-5e-gk		No match found on Mutbex
ATALAY	Atalay Endüstriyel Mutfak Ekipmanları	Pişirme	Adr Seri Doner Robotu	ADR-C1-5G	ATALAY		Atalay ADR-C1-5G 5 80x100x140 cm.	369803.0					NO_MATCH	NO_MATCH	LOW	NOT_FOUND	https://equsto.com/shop/adr-c1-5g		No match found on Mutbex
ATALAY	Atalay Endüstriyel Mutfak Ekipmanları	Pişirme	Adr Seri Doner Robotu	ADR-C1-5G-GK	ATALAY		Atalay ADR-C1-5G-GK 5 80x100x140 cm.	418245.0					NO_MATCH	NO_MATCH	LOW	NOT_FOUND	https://equsto.com/shop/adr-c1-5g-gk		No match found on Mutbex
ATALAY	Atalay Endüstriyel Mutfak Ekipmanları	Pişirme	Adr Seri Doner Robotu	ADR-C1-8E	ATALAY		Atalay ADR-C1-8E 8 90x110x147 cm.	396539.0					NO_MATCH	NO_MATCH	LOW	NOT_FOUND	https://equsto.com/shop/adr-c1-8e		No match found on Mutbex
ATALAY	Atalay Endüstriyel Mutfak Ekipmanları	Pişirme	Adr Seri Doner Robotu	ADR-C1-8E-GK	ATALAY		Atalay ADR-C1-8E-GK 8 90x110x147 cm.	449216.0					NO_MATCH	NO_MATCH	LOW	NOT_FOUND	https://equsto.com/shop/adr-c1-8e-gk		No match found on Mutbex
ATALAY	Atalay Endüstriyel Mutfak Ekipmanları	Pişirme	Adr Seri Doner Robotu	ADR-C1-8G	ATALAY		Atalay ADR-C1-8G 8 90x110x147 cm.	383303.0					NO_MATCH	NO_MATCH	LOW	NOT_FOUND	https://equsto.com/shop/adr-c1-8g		No match found on Mutbex
ATALAY	Atalay Endüstriyel Mutfak Ekipmanları	Pişirme	Adr Seri Doner Robotu	ADR-C1-8G-GK	ATALAY		Atalay ADR-C1-8G-GK 8 90x110x147 cm.	436245.0					NO_MATCH	NO_MATCH	LOW	NOT_FOUND	https://equsto.com/shop/adr-c1-8g-gk		No match found on Mutbex
ATALAY	Atalay Endüstriyel Mutfak Ekipmanları	Pişirme	Adr Seri Doner Robotu	ADRM-01	ATALAY		Atalay ADRM-01 680x715x641 mm.	13765.0					NO_MATCH	NO_MATCH	LOW	NOT_FOUND	https://equsto.com/shop/adrm-01		No match found on Mutbex
ATALAY	Atalay Endüstriyel Mutfak Ekipmanları	Pişirme	Adr Seri Doner Robotu	ADRM-02	ATALAY		Atalay ADRM-02 680x715x641 mm.	17206.0					NO_MATCH	NO_MATCH	LOW	NOT_FOUND	https://equsto.com/shop/adrm-02		No match found on Mutbex
ATALAY	Atalay Endüstriyel Mutfak Ekipmanları	Pişirme	Adr Seri Doner Robotu	ADRM-03	ATALAY		Atalay ADRM-03 710x750x641 mm.	34148.0					NO_MATCH	NO_MATCH	LOW	NOT_FOUND	https://equsto.com/shop/adrm-03		No match found on Mutbex
ATALAY	Atalay Endüstriyel Mutfak Ekipmanları	Pişirme	Adr Seri Doner Robotu	ADRM-C1-01	ATALAY		Atalay ADRM-C1-01 710x665x670 mm.	16147.0					NO_MATCH	NO_MATCH	LOW	NOT_FOUND	https://equsto.com/shop/adrm-c1-01		No match found on Mutbex
ATALAY	Atalay Endüstriyel Mutfak Ekipmanları	Pişirme	Adr Seri Doner Robotu	ADRM-C1-02	ATALAY		Atalay ADRM-C1-02 710x665x670 mm.	24618.0					NO_MATCH	NO_MATCH	LOW	NOT_FOUND	https://equsto.com/shop/adrm-c1-02		No match found on Mutbex
ATALAY	Atalay Endüstriyel Mutfak Ekipmanları	Pişirme	Banket Arabalari	ABA-102/1	ATALAY		Atalay ABA - 10 2/1 2/1 100 740 x 950 x 1830	55854.0					NO_MATCH	NO_MATCH	LOW	NOT_FOUND	https://equsto.com/shop/aba-102/1		No match found on Mutbex
ATALAY	Atalay Endüstriyel Mutfak Ekipmanları	Pişirme	Banket Arabalari	ABA-122/1	ATALAY		Atalay ABA - 12 2/1 2/1 100 86x 940 x 1700	61148.0					NO_MATCH	NO_MATCH	LOW	NOT_FOUND	https://equsto.com/shop/aba-122/1		No match found on Mutbex
ATALAY	Atalay Endüstriyel Mutfak Ekipmanları	Pişirme	Banket Arabalari	ABA-151/1	ATALAY		Atalay ABA - 15 1/1 1/1 65 590 x 870 x 1700	46589.0					NO_MATCH	NO_MATCH	LOW	NOT_FOUND	https://equsto.com/shop/aba-151/1		No match found on Mutbex
ATALAY	Atalay Endüstriyel Mutfak Ekipmanları	Pişirme	Banket Arabalari	ABA-62/1	ATALAY		Atalay ABA - 6 2/1 2/1 100 860 x 940 x 1070	42883.0					NO_MATCH	NO_MATCH	LOW	NOT_FOUND	https://equsto.com/shop/aba-62/1		No match found on Mutbex
ATALAY	Atalay Endüstriyel Mutfak Ekipmanları	Pişirme	Banket Arabalari	AKF-20E	ATALAY		Atalay AKF - 20 E 2 500 x 700 x 840	36795.0					NO_MATCH	NO_MATCH	LOW	NOT_FOUND	https://equsto.com/shop/akf-20e		No match found on Mutbex
ATALAY	Atalay Endüstriyel Mutfak Ekipmanları	Pişirme	Banket Arabalari	AKF-20G	ATALAY		Atalay AKF - 20 G 2 500 x 700 x 960	32295.0					NO_MATCH	NO_MATCH	LOW	NOT_FOUND	https://equsto.com/shop/akf-20g		No match found on Mutbex
ATALAY	Atalay Endüstriyel Mutfak Ekipmanları	Pişirme	Banket Arabalari	AKF-30E	ATALAY		Atalay AKF - 30 E 3 500 x 700 x 1030	41030.0					NO_MATCH	NO_MATCH	LOW	NOT_FOUND	https://equsto.com/shop/akf-30e		No match found on Mutbex
ATALAY	Atalay Endüstriyel Mutfak Ekipmanları	Pişirme	Banket Arabalari	AKF-30G	ATALAY		Atalay AKF - 30 G 3 500 x 700 x 1120	34942.0					NO_MATCH	NO_MATCH	LOW	NOT_FOUND	https://equsto.com/shop/akf-30g		No match found on Mutbex
ATALAY	Atalay Endüstriyel Mutfak Ekipmanları	Pişirme	Banket Arabalari	AKF-40E	ATALAY		Atalay AKF - 40 E 4 500 x 700 x 1220	48178.0					NO_MATCH	NO_MATCH	LOW	NOT_FOUND	https://equsto.com/shop/akf-40e		No match found on Mutbex
ATALAY	Atalay Endüstriyel Mutfak Ekipmanları	Pişirme	Banket Arabalari	AKF-40G	ATALAY		Atalay AKF - 40 G 4 500 x 700 x 1320	39442.0					NO_MATCH	NO_MATCH	LOW	NOT_FOUND	https://equsto.com/shop/akf-40g		No match found on Mutbex
ATALAY	Atalay Endüstriyel Mutfak Ekipmanları	Pişirme	Benmariler	ASB-870	ATALAY		Atalay ASB - 870 2 x GN 1/1 - 150 800 x 700 x 300	30707.0					NO_MATCH	NO_MATCH	LOW	NOT_FOUND	https://equsto.com/shop/asb-870		No match found on Mutbex
ATALAY	Atalay Endüstriyel Mutfak Ekipmanları	Pişirme	Benmariler	ASB-890	ATALAY		Atalay ASB - 890 2 x GN 1/1 150+ GN 1/3 150 800 x 900 x 850	51619.0					NO_MATCH	NO_MATCH	LOW	NOT_FOUND	https://equsto.com/shop/asb-890		No match found on Mutbex
ATALAY	Atalay Endüstriyel Mutfak Ekipmanları	Pişirme	Benmariler	ASM-2G	ATALAY		Atalay ASM - 2 G 2 650 x 430 x 600	23559.0					NO_MATCH	NO_MATCH	LOW	NOT_FOUND	https://equsto.com/shop/asm-2g		No match found on Mutbex
ATALAY	Atalay Endüstriyel Mutfak Ekipmanları	Pişirme	Benmariler	ASM-3E	ATALAY		Atalay ASM - 3 E 3 960 x 480 x 695	28324.0					NO_MATCH	NO_MATCH	LOW	NOT_FOUND	https://equsto.com/shop/asm-3e		No match found on Mutbex
ATALAY	Atalay Endüstriyel Mutfak Ekipmanları	Pişirme	Benmariler	ASM-4G	ATALAY		Atalay ASM - 4 G 4 960 x 430 x 600	31501.0					NO_MATCH	NO_MATCH	LOW	NOT_FOUND	https://equsto.com/shop/asm-4g		No match found on Mutbex
ATALAY	Atalay Endüstriyel Mutfak Ekipmanları	Pişirme	Benmariler	ASM-45	ATALAY		Atalay ASM - 45 220-240 V 450 x 500 x 525	18795.0	Atalay Elektrikli Salamander, ASM-45	28882.8	-10087.8	-34.93	EQUSTO_DAHA_UCUZ	EXACT_MODEL	HIGH	IN_STOCK	https://equsto.com/shop/asm-45	https://www.mutbex.com/atalay-elektrikli-salamander-asm-45	match_method=EXACT_MODEL; mutbex_code=042.ASM.45
ATALAY	Atalay Endüstriyel Mutfak Ekipmanları	Pişirme	Benmariler	ASM-5E	ATALAY		Atalay ASM - 5 E 5 1295 x 480 x 695	39177.0					NO_MATCH	NO_MATCH	LOW	NOT_FOUND	https://equsto.com/shop/asm-5e		No match found on Mutbex
ATALAY	Atalay Endüstriyel Mutfak Ekipmanları	Pişirme	Benmariler	ASM-6G	ATALAY		Atalay ASM - 6 G 6 1295 x 430 x 600	41030.0					NO_MATCH	NO_MATCH	LOW	NOT_FOUND	https://equsto.com/shop/asm-6g		No match found on Mutbex
ATALAY	Atalay Endüstriyel Mutfak Ekipmanları	Pişirme	Benmariler	ASM-65	ATALAY		Atalay ASM - 65 220-240 V 650 x 500 x 525	21971.0					NO_MATCH	NO_MATCH	LOW	NOT_FOUND	https://equsto.com/shop/asm-65		No match found on Mutbex
ATALAY	Atalay Endüstriyel Mutfak Ekipmanları	Pişirme	Benmariler	ASSB-02	ATALAY		Atalay ASSB - 02 GN 1/1 x 2 800 x 700 x 1400	55060.0					NO_MATCH	NO_MATCH	LOW	NOT_FOUND	https://equsto.com/shop/assb-02		No match found on Mutbex
ATALAY	Atalay Endüstriyel Mutfak Ekipmanları	Pişirme	Benmariler	ASSB-03	ATALAY		Atalay ASSB - 03 GN 1/1 x 3 1150x 700 x1400	55854.0					NO_MATCH	NO_MATCH	LOW	NOT_FOUND	https://equsto.com/shop/assb-03		No match found on Mutbex
ATALAY	Atalay Endüstriyel Mutfak Ekipmanları	Pişirme	Benmariler	ASSB-04	ATALAY		Atalay ASSB - 04 GN 1/1 x 4 1500 x 700 x 1400	57178.0					NO_MATCH	NO_MATCH	LOW	NOT_FOUND	https://equsto.com/shop/assb-04		No match found on Mutbex
ATALAY	Atalay Endüstriyel Mutfak Ekipmanları	Pişirme	Benmariler	ASB-873	ATALAY		Atalay Benmariler ASB - 873 630 x 510 x 195 / 150 800 x 730 x 300	37060.0					NO_MATCH	NO_MATCH	LOW	NOT_FOUND	https://equsto.com/shop/asb-873		No match found on Mutbex
ATALAY	Atalay Endüstriyel Mutfak Ekipmanları	Pişirme	Benmariler	ASBM-02	ATALAY		Atalay Benmariler ASBM - 02 GN 1/1 x 2 800 x 700 x 1400	41030.0					NO_MATCH	NO_MATCH	LOW	NOT_FOUND	https://equsto.com/shop/asbm-02		No match found on Mutbex
ATALAY	Atalay Endüstriyel Mutfak Ekipmanları	Pişirme	Benmariler	ASBM-03	ATALAY		Atalay Benmariler ASBM - 03 GN 1/1 x 3 1150x 700 x1400	41824.0					NO_MATCH	NO_MATCH	LOW	NOT_FOUND	https://equsto.com/shop/asbm-03		No match found on Mutbex
ATALAY	Atalay Endüstriyel Mutfak Ekipmanları	Pişirme	Benmariler	ASBM-04	ATALAY		Atalay Benmariler ASBM - 04 GN 1/1 x 4 1500 x 700 x 1400	42619.0					NO_MATCH	NO_MATCH	LOW	NOT_FOUND	https://equsto.com/shop/asbm-04		No match found on Mutbex
ATALAY	Atalay Endüstriyel Mutfak Ekipmanları	Pişirme	Benmariler	GN1/1150	ATALAY		Atalay Benmariler GN 1/1 150 220-240 V 400 x 730 x 300	22765.0					NO_MATCH	NO_MATCH	LOW	NOT_FOUND	https://equsto.com/shop/gn1/1150		No match found on Mutbex
ATALAY	Atalay Endüstriyel Mutfak Ekipmanları	Pişirme	Benmariler	GN1/1-150	ATALAY		Atalay GN 1/1 - 150 220-240 V 400 x 700 x 300	21442.0					NO_MATCH	NO_MATCH	LOW	NOT_FOUND	https://equsto.com/shop/gn1/1-150		No match found on Mutbex
ATALAY	Atalay Endüstriyel Mutfak Ekipmanları	Pişirme	Benmariler	GN1/1150+GN1/3150	ATALAY		Atalay GN 1/1 150+GN 1/3 150 220-240 V 400 x 900 x 850	32824.0					NO_MATCH	NO_MATCH	LOW	NOT_FOUND	https://equsto.com/shop/gn1/1150+gn1/3150		No match found on Mutbex
ATALAY	Atalay Endüstriyel Mutfak Ekipmanları	Pişirme	Benmariler	GN2/1	ATALAY		Atalay Kuzineler GN 2/1 380-415 V 4 x 2.6 kW + 6 kW	74384.0					NO_MATCH	NO_MATCH	LOW	NOT_FOUND	https://equsto.com/shop/gn2/1		No match found on Mutbex
ATALAY	Atalay Endüstriyel Mutfak Ekipmanları	Pişirme	Benmariler	EASB-660	ATALAY		Atalay Seri 600 E ASB - 660 GN 1/1 + GN 1/4x2 150 600 x 600 x 300	23295.0					NO_MATCH	NO_MATCH	LOW	NOT_FOUND	https://equsto.com/shop/easb-660		No match found on Mutbex
ATALAY	Atalay Endüstriyel Mutfak Ekipmanları	Pişirme	Benmariler	GN1/2+GN1/3150	ATALAY		Atalay Seri 600 GN 1/2 + GN 1/3 150 220-240 V 400 x 600 x 300	18000.0					NO_MATCH	NO_MATCH	LOW	NOT_FOUND	https://equsto.com/shop/gn1/2+gn1/3150		No match found on Mutbex
ATALAY	Atalay Endüstriyel Mutfak Ekipmanları	Pişirme	Benmariler	GN1/2150	ATALAY		Atalay Seri 600 GN 1/2 150 220-240 V 300 x 600 x 300	12177.0					NO_MATCH	NO_MATCH	LOW	NOT_FOUND	https://equsto.com/shop/gn1/2150		No match found on Mutbex
ATALAY	Atalay Endüstriyel Mutfak Ekipmanları	Pişirme	Benmariler	GN1/4+GN1/2150	ATALAY		Atalay Seri 600 GN 1/4 + GN 1/2 150 220-240 V 300 x 600 x 300	16677.0					NO_MATCH	NO_MATCH	LOW	NOT_FOUND	https://equsto.com/shop/gn1/4+gn1/2150		No match found on Mutbex
ATALAY	Atalay Endüstriyel Mutfak Ekipmanları	Pişirme	Benmariler	GN2/3150	ATALAY		Atalay Seri 600 GN 2/3 150 220-240 V 400 x 600 x 300	12971.0					NO_MATCH	NO_MATCH	LOW	NOT_FOUND	https://equsto.com/shop/gn2/3150		No match found on Mutbex
ATALAY	Atalay Endüstriyel Mutfak Ekipmanları	Pişirme	Devrilir Tava	ADTE-1290	ATALAY		Atalay ADTE - 1290 120 1200 x 900 x 850	150621.0					NO_MATCH	NO_MATCH	LOW	NOT_FOUND	https://equsto.com/shop/adte-1290		No match found on Mutbex
ATALAY	Atalay Endüstriyel Mutfak Ekipmanları	Pişirme	Devrilir Tava	ADTE-890	ATALAY		Atalay ADTE - 890 80 800 x 900 x 850	57834.0					NO_MATCH	NO_MATCH	LOW	NOT_FOUND	https://equsto.com/shop/adte-890		No match found on Mutbex
ATALAY	Atalay Endüstriyel Mutfak Ekipmanları	Pişirme	Devrilir Tava	ADTG-1290	ATALAY		Atalay ADTG - 1290 120 1200 x 900 x 850	158033.0					NO_MATCH	NO_MATCH	LOW	NOT_FOUND	https://equsto.com/shop/adtg-1290		No match found on Mutbex
ATALAY	Atalay Endüstriyel Mutfak Ekipmanları	Pişirme	Devrilir Tava	ADTG-890	ATALAY		Atalay ADTG - 890 80 800 x 900 x 850	110385.0					NO_MATCH	NO_MATCH	LOW	NOT_FOUND	https://equsto.com/shop/adtg-890		No match found on Mutbex
ATALAY	Atalay Endüstriyel Mutfak Ekipmanları	Pişirme	Dolaplar Ve Taban Raflari Ara Tezgahlar	AAT-470	ATALAY		Atalay AAT - 470 400 x 700 x 300 470 x 800 x 530	7677.0					NO_MATCH	NO_MATCH	LOW	NOT_FOUND	https://equsto.com/shop/aat-470		No match found on Mutbex
ATALAY	Atalay Endüstriyel Mutfak Ekipmanları	Pişirme	Dolaplar Ve Taban Raflari Ara Tezgahlar	AAT-490	ATALAY		Atalay AAT - 490 400 x 900 x 850 470 x 1020 x 1210	15618.0					NO_MATCH	NO_MATCH	LOW	NOT_FOUND	https://equsto.com/shop/aat-490		No match found on Mutbex
ATALAY	Atalay Endüstriyel Mutfak Ekipmanları	Pişirme	Dolaplar Ve Taban Raflari Ara Tezgahlar	AAT-490S	ATALAY		Atalay AAT - 490 S 400 x 900 x 300 470 x 1020 x 530	9794.0					NO_MATCH	NO_MATCH	LOW	NOT_FOUND	https://equsto.com/shop/aat-490s		No match found on Mutbex
ATALAY	Atalay Endüstriyel Mutfak Ekipmanları	Pişirme	Dolaplar Ve Taban Raflari Ara Tezgahlar	AAT-670	ATALAY		Atalay AAT - 670 600 x 700 x 300 670 x 800 x 530	9265.0					NO_MATCH	NO_MATCH	LOW	NOT_FOUND	https://equsto.com/shop/aat-670		No match found on Mutbex
ATALAY	Atalay Endüstriyel Mutfak Ekipmanları	Pişirme	Dolaplar Ve Taban Raflari Ara Tezgahlar	AAT-870	ATALAY		Atalay AAT - 870 800 x 700 x 300 870 x 800 x 530	10588.0					NO_MATCH	NO_MATCH	LOW	NOT_FOUND	https://equsto.com/shop/aat-870		No match found on Mutbex
ATALAY	Atalay Endüstriyel Mutfak Ekipmanları	Pişirme	Dolaplar Ve Taban Raflari Ara Tezgahlar	AAT-890	ATALAY		Atalay AAT - 890 800 x 900 x 850 870 x 1020 x 1210	24618.0					NO_MATCH	NO_MATCH	LOW	NOT_FOUND	https://equsto.com/shop/aat-890		No match found on Mutbex
ATALAY	Atalay Endüstriyel Mutfak Ekipmanları	Pişirme	Dolaplar Ve Taban Raflari Ara Tezgahlar	AAT-890S	ATALAY		Atalay AAT - 890 S 800 x 900 x 300 870 x 1020 x 530	15089.0					NO_MATCH	NO_MATCH	LOW	NOT_FOUND	https://equsto.com/shop/aat-890s		No match found on Mutbex
ATALAY	Atalay Endüstriyel Mutfak Ekipmanları	Pişirme	Dolaplar Ve Taban Raflari Ara Tezgahlar	AKE-01	ATALAY		Atalay AKE - 01 500 x 430 x 330	8206.0					NO_MATCH	NO_MATCH	LOW	NOT_FOUND	https://equsto.com/shop/ake-01		No match found on Mutbex
ATALAY	Atalay Endüstriyel Mutfak Ekipmanları	Pişirme	Dolaplar Ve Taban Raflari Ara Tezgahlar	AKE-02	ATALAY		Atalay AKE - 02 500 x 430 x 520	8471.0					NO_MATCH	NO_MATCH	LOW	NOT_FOUND	https://equsto.com/shop/ake-02		No match found on Mutbex
ATALAY	Atalay Endüstriyel Mutfak Ekipmanları	Pişirme	Dolaplar Ve Taban Raflari Ara Tezgahlar	AST-127	ATALAY		Atalay AST - 127 1200 x 650 x 560 1220 x 670 x 560	14030.0					NO_MATCH	NO_MATCH	LOW	NOT_FOUND	https://equsto.com/shop/ast-127		No match found on Mutbex
ATALAY	Atalay Endüstriyel Mutfak Ekipmanları	Pişirme	Dolaplar Ve Taban Raflari Ara Tezgahlar	AST-129	ATALAY		Atalay AST - 129 1200 x 850 x 560 1220 x 870 x 560	15089.0					NO_MATCH	NO_MATCH	LOW	NOT_FOUND	https://equsto.com/shop/ast-129		No match found on Mutbex
ATALAY	Atalay Endüstriyel Mutfak Ekipmanları	Pişirme	Dolaplar Ve Taban Raflari Ara Tezgahlar	AST-47	ATALAY		Atalay AST - 47 400 x 650 x 560 420 x 670 x 560	7941.0					NO_MATCH	NO_MATCH	LOW	NOT_FOUND	https://equsto.com/shop/ast-47		No match found on Mutbex
ATALAY	Atalay Endüstriyel Mutfak Ekipmanları	Pişirme	Dolaplar Ve Taban Raflari Ara Tezgahlar	AST-49	ATALAY		Atalay AST - 49 400 x 850 x 560 420 x 870 x 560	11912.0					NO_MATCH	NO_MATCH	LOW	NOT_FOUND	https://equsto.com/shop/ast-49		No match found on Mutbex
ATALAY	Atalay Endüstriyel Mutfak Ekipmanları	Pişirme	Dolaplar Ve Taban Raflari Ara Tezgahlar	AST-67	ATALAY		Atalay AST - 67 600 x 650 x 560 620 x 670 x 560	9000.0					NO_MATCH	NO_MATCH	LOW	NOT_FOUND	https://equsto.com/shop/ast-67		No match found on Mutbex
ATALAY	Atalay Endüstriyel Mutfak Ekipmanları	Pişirme	Dolaplar Ve Taban Raflari Ara Tezgahlar	AST-87	ATALAY		Atalay AST - 87 800 x 650 x 560 820 x 670 x 560	10324.0					NO_MATCH	NO_MATCH	LOW	NOT_FOUND	https://equsto.com/shop/ast-87		No match found on Mutbex
ATALAY	Atalay Endüstriyel Mutfak Ekipmanları	Pişirme	Dolaplar Ve Taban Raflari Ara Tezgahlar	AST-89	ATALAY		Atalay AST - 89 800 x 850 x 560 820 x 870 x 560	12971.0					NO_MATCH	NO_MATCH	LOW	NOT_FOUND	https://equsto.com/shop/ast-89		No match found on Mutbex
ATALAY	Atalay Endüstriyel Mutfak Ekipmanları	Pişirme	Dolaplar Ve Taban Raflari Ara Tezgahlar	AAT-473C	ATALAY		Atalay Benmariler AAT - 473 C 400 x 730 x 300 500 x 860 x 500	11912.0					NO_MATCH	NO_MATCH	LOW	NOT_FOUND	https://equsto.com/shop/aat-473c		No match found on Mutbex
ATALAY	Atalay Endüstriyel Mutfak Ekipmanları	Pişirme	Dolaplar Ve Taban Raflari Ara Tezgahlar	AAT-673C	ATALAY		Atalay Benmariler AAT - 673 C 600 x 730 x 300 700 x 860 x 500	14030.0					NO_MATCH	NO_MATCH	LOW	NOT_FOUND	https://equsto.com/shop/aat-673c		No match found on Mutbex
ATALAY	Atalay Endüstriyel Mutfak Ekipmanları	Pişirme	Dolaplar Ve Taban Raflari Ara Tezgahlar	EAAT-360	ATALAY		Atalay Seri 600 E AAT - 360 300 x 600 x 300 400 x 690 x 575	5824.0					NO_MATCH	NO_MATCH	LOW	NOT_FOUND	https://equsto.com/shop/eaat-360		No match found on Mutbex
ATALAY	Atalay Endüstriyel Mutfak Ekipmanları	Pişirme	Dolaplar Ve Taban Raflari Ara Tezgahlar	EAAT-460	ATALAY		Atalay Seri 600 E AAT - 460 400 x 600 x 300 500 x 690 x 575	6618.0					NO_MATCH	NO_MATCH	LOW	NOT_FOUND	https://equsto.com/shop/eaat-460		No match found on Mutbex
ATALAY	Atalay Endüstriyel Mutfak Ekipmanları	Pişirme	Dolaplar Ve Taban Raflari Ara Tezgahlar	EAAT-660	ATALAY		Atalay Seri 600 E AAT - 660 600 x 600 x 300 700 x 690 x 575	7941.0					NO_MATCH	NO_MATCH	LOW	NOT_FOUND	https://equsto.com/shop/eaat-660		No match found on Mutbex
ATALAY	Atalay Endüstriyel Mutfak Ekipmanları	Pişirme	Dolaplar Ve Taban Raflari Ara Tezgahlar	EAST-106	ATALAY		Atalay Seri 600 E AST - 106 1000 x 530 x 550 1020 x 550 x 550	11912.0					NO_MATCH	NO_MATCH	LOW	NOT_FOUND	https://equsto.com/shop/east-106		No match found on Mutbex
ATALAY	Atalay Endüstriyel Mutfak Ekipmanları	Pişirme	Dolaplar Ve Taban Raflari Ara Tezgahlar	EAST-126	ATALAY		Atalay Seri 600 E AST - 126 1200 x 530 x 550 1220 x 550 x 550	13236.0					NO_MATCH	NO_MATCH	LOW	NOT_FOUND	https://equsto.com/shop/east-126		No match found on Mutbex
ATALAY	Atalay Endüstriyel Mutfak Ekipmanları	Pişirme	Dolaplar Ve Taban Raflari Ara Tezgahlar	EAST-36	ATALAY		Atalay Seri 600 E AST - 36 300 x 530 x 550 320 x 550 x 550	6353.0					NO_MATCH	NO_MATCH	LOW	NOT_FOUND	https://equsto.com/shop/east-36		No match found on Mutbex
ATALAY	Atalay Endüstriyel Mutfak Ekipmanları	Pişirme	Dolaplar Ve Taban Raflari Ara Tezgahlar	EAST-46	ATALAY		Atalay Seri 600 E AST - 46 400 x 530 x 550 420 x 550 x 550	7412.0					NO_MATCH	NO_MATCH	LOW	NOT_FOUND	https://equsto.com/shop/east-46		No match found on Mutbex
ATALAY	Atalay Endüstriyel Mutfak Ekipmanları	Pişirme	Dolaplar Ve Taban Raflari Ara Tezgahlar	EAST-66	ATALAY		Atalay Seri 600 E AST - 66 600 x 530 x 550 620 x 550 x 550	8471.0					NO_MATCH	NO_MATCH	LOW	NOT_FOUND	https://equsto.com/shop/east-66		No match found on Mutbex
ATALAY	Atalay Endüstriyel Mutfak Ekipmanları	Pişirme	Dolaplar Ve Taban Raflari Ara Tezgahlar	EAST-86	ATALAY		Atalay Seri 600 E AST - 86 800 x 530 x 550 820 x 550 x 550	9265.0					NO_MATCH	NO_MATCH	LOW	NOT_FOUND	https://equsto.com/shop/east-86		No match found on Mutbex
ATALAY	Atalay Endüstriyel Mutfak Ekipmanları	Pişirme	Dolaplar Ve Taban Raflari Ara Tezgahlar	AAT-1273	ATALAY		Atalay Seri 730 AAT - 1273 1200 x 730 x 300 1300 x 860 x 500	17736.0					NO_MATCH	NO_MATCH	LOW	NOT_FOUND	https://equsto.com/shop/aat-1273		No match found on Mutbex
ATALAY	Atalay Endüstriyel Mutfak Ekipmanları	Pişirme	Dolaplar Ve Taban Raflari Ara Tezgahlar	AAT-473	ATALAY		Atalay Seri 730 AAT - 473 400 x 730 x 300 500 x 860 x 500	8471.0					NO_MATCH	NO_MATCH	LOW	NOT_FOUND	https://equsto.com/shop/aat-473		No match found on Mutbex
ATALAY	Atalay Endüstriyel Mutfak Ekipmanları	Pişirme	Dolaplar Ve Taban Raflari Ara Tezgahlar	AAT-673	ATALAY		Atalay Seri 730 AAT - 673 600 x 730 x 300 700 x 860 x 500	10059.0					NO_MATCH	NO_MATCH	LOW	NOT_FOUND	https://equsto.com/shop/aat-673		No match found on Mutbex
ATALAY	Atalay Endüstriyel Mutfak Ekipmanları	Pişirme	Dolaplar Ve Taban Raflari Ara Tezgahlar	AAT-873	ATALAY		Atalay Seri 730 AAT - 873 800 x 730x 300 900 x 860 x 500	12441.0					NO_MATCH	NO_MATCH	LOW	NOT_FOUND	https://equsto.com/shop/aat-873		No match found on Mutbex
ATALAY	Atalay Endüstriyel Mutfak Ekipmanları	Pişirme	Dolaplar Ve Taban Raflari Ara Tezgahlar	AST-1273	ATALAY		Atalay Seri 730 AST - 1273 1000 x 670 x 550 1020 x 690 x 550	15353.0					NO_MATCH	NO_MATCH	LOW	NOT_FOUND	https://equsto.com/shop/ast-1273		No match found on Mutbex
ATALAY	Atalay Endüstriyel Mutfak Ekipmanları	Pişirme	Dolaplar Ve Taban Raflari Ara Tezgahlar	AST-473	ATALAY		Atalay Seri 730 AST - 473 400 x 670 x 550 420 x 690 x 550	10853.0					NO_MATCH	NO_MATCH	LOW	NOT_FOUND	https://equsto.com/shop/ast-473		No match found on Mutbex
ATALAY	Atalay Endüstriyel Mutfak Ekipmanları	Pişirme	Dolaplar Ve Taban Raflari Ara Tezgahlar	AST-673	ATALAY		Atalay Seri 730 AST - 673 600 x 670 x 550 620 x 690 x 550	11912.0					NO_MATCH	NO_MATCH	LOW	NOT_FOUND	https://equsto.com/shop/ast-673		No match found on Mutbex
ATALAY	Atalay Endüstriyel Mutfak Ekipmanları	Pişirme	Dolaplar Ve Taban Raflari Ara Tezgahlar	AST-873	ATALAY		Atalay Seri 730 AST - 873 800 x 670 x 550 820 x 690 x 550	12971.0					NO_MATCH	NO_MATCH	LOW	NOT_FOUND	https://equsto.com/shop/ast-873		No match found on Mutbex
ATALAY	Atalay Endüstriyel Mutfak Ekipmanları	Pişirme	Doner Makineleri	ADR-10E-GK	ATALAY		Atalay ADR Seri Döner Robotu ADR-10E-GK 10 (5x2)	504276.0					NO_MATCH	NO_MATCH	LOW	NOT_FOUND	https://equsto.com/shop/adr-10e-gk		No match found on Mutbex
ATALAY	Atalay Endüstriyel Mutfak Ekipmanları	Pişirme	Doner Makineleri	ADR-10G-GK	ATALAY		Atalay ADR Seri Döner Robotu ADR-10G-GK 10 (5x2)	495806.0					NO_MATCH	NO_MATCH	LOW	NOT_FOUND	https://equsto.com/shop/adr-10g-gk		No match found on Mutbex
ATALAY	Atalay Endüstriyel Mutfak Ekipmanları	Pişirme	Doner Makineleri	ADR-14E-GK	ATALAY		Atalay ADR Seri Döner Robotu ADR-14E-GK 14 (7x2)	561454.0					NO_MATCH	NO_MATCH	LOW	NOT_FOUND	https://equsto.com/shop/adr-14e-gk		No match found on Mutbex
ATALAY	Atalay Endüstriyel Mutfak Ekipmanları	Pişirme	Doner Makineleri	ADR-14G-GK	ATALAY		Atalay ADR Seri Döner Robotu ADR-14G-GK 14 (7x2)	550601.0					NO_MATCH	NO_MATCH	LOW	NOT_FOUND	https://equsto.com/shop/adr-14g-gk		No match found on Mutbex
ATALAY	Atalay Endüstriyel Mutfak Ekipmanları	Pişirme	Doner Makineleri	ADR-5E-GK	ATALAY		Atalay ADR Seri Döner Robotu ADR-5E-GK 100x110x170 cm.	465893.0					NO_MATCH	NO_MATCH	LOW	NOT_FOUND	https://equsto.com/shop/adr-5e-gk		No match found on Mutbex
ATALAY	Atalay Endüstriyel Mutfak Ekipmanları	Pişirme	Doner Makineleri	ADR-5G-GK	ATALAY		Atalay ADR Seri Döner Robotu ADR-5G-GK 130x140x170 cm.	457687.0					NO_MATCH	NO_MATCH	LOW	NOT_FOUND	https://equsto.com/shop/adr-5g-gk		No match found on Mutbex
ATALAY	Atalay Endüstriyel Mutfak Ekipmanları	Pişirme	Doner Ocaklari	ADE-3A	ATALAY		Atalay Döner Makineleri ADE-3A	39707.0					NO_MATCH	NO_MATCH	LOW	NOT_FOUND	https://equsto.com/shop/ade-3a		No match found on Mutbex
ATALAY	Atalay Endüstriyel Mutfak Ekipmanları	Pişirme	Doner Ocaklari	ADE-3S	ATALAY		Atalay Döner Makineleri ADE-3S	28907.0					NO_MATCH	NO_MATCH	LOW	NOT_FOUND	https://equsto.com/shop/ade-3s		No match found on Mutbex
ATALAY	Atalay Endüstriyel Mutfak Ekipmanları	Pişirme	Doner Ocaklari	ADE-3U	ATALAY		Atalay Döner Makineleri ADE-3U	36848.0					NO_MATCH	NO_MATCH	LOW	NOT_FOUND	https://equsto.com/shop/ade-3u		No match found on Mutbex
ATALAY	Atalay Endüstriyel Mutfak Ekipmanları	Pişirme	Doner Ocaklari	ADE-4A	ATALAY		Atalay Döner Makineleri ADE-4A	45107.0	Atalay 4 Gözlü Alttan Motorlu Elektrikli Döner Ocağı, ADE-4A	57765.6	-12658.599999999999	-21.91	EQUSTO_DAHA_UCUZ	MODEL_IN_NAME	HIGH	IN_STOCK	https://equsto.com/shop/ade-4a	https://www.mutbex.com/atalay-4-gozlu-alttan-motorlu-doner-ocagi-ade-4a	match_method=MODEL_IN_NAME; mutbex_code=042.ADE.4A
ATALAY	Atalay Endüstriyel Mutfak Ekipmanları	Pişirme	Doner Ocaklari	ADE-4S	ATALAY		Atalay Döner Makineleri ADE-4S	32718.0					NO_MATCH	NO_MATCH	LOW	NOT_FOUND	https://equsto.com/shop/ade-4s		No match found on Mutbex
ATALAY	Atalay Endüstriyel Mutfak Ekipmanları	Pişirme	Doner Ocaklari	ADE-4U	ATALAY		Atalay Döner Makineleri ADE-4U	42883.0					NO_MATCH	NO_MATCH	LOW	NOT_FOUND	https://equsto.com/shop/ade-4u		No match found on Mutbex
ATALAY	Atalay Endüstriyel Mutfak Ekipmanları	Pişirme	Doner Ocaklari	ADE-5A	ATALAY		Atalay Döner Makineleri ADE-5A	50189.0					NO_MATCH	NO_MATCH	LOW	NOT_FOUND	https://equsto.com/shop/ade-5a		No match found on Mutbex
ATALAY	Atalay Endüstriyel Mutfak Ekipmanları	Pişirme	Doner Ocaklari	ADE-5S	ATALAY		Atalay Döner Makineleri ADE-5S	35577.0					NO_MATCH	NO_MATCH	LOW	NOT_FOUND	https://equsto.com/shop/ade-5s		No match found on Mutbex
ATALAY	Atalay Endüstriyel Mutfak Ekipmanları	Pişirme	Doner Ocaklari	ADE-5U	ATALAY		Atalay Döner Makineleri ADE-5U	47013.0					NO_MATCH	NO_MATCH	LOW	NOT_FOUND	https://equsto.com/shop/ade-5u		No match found on Mutbex
ATALAY	Atalay Endüstriyel Mutfak Ekipmanları	Pişirme	Doner Ocaklari	ADG-10A	ATALAY		Atalay Döner Makineleri ADG-10A	70519.0					NO_MATCH	NO_MATCH	LOW	NOT_FOUND	https://equsto.com/shop/adg-10a		No match found on Mutbex
ATALAY	Atalay Endüstriyel Mutfak Ekipmanları	Pişirme	Doner Ocaklari	ADG-10D	ATALAY		Atalay Döner Makineleri ADG-10D	149298.0					NO_MATCH	NO_MATCH	LOW	NOT_FOUND	https://equsto.com/shop/adg-10d		No match found on Mutbex
ATALAY	Atalay Endüstriyel Mutfak Ekipmanları	Pişirme	Doner Ocaklari	ADG-10DS	ATALAY		Atalay Döner Makineleri ADG-10DS	123885.0					NO_MATCH	NO_MATCH	LOW	NOT_FOUND	https://equsto.com/shop/adg-10ds		No match found on Mutbex
ATALAY	Atalay Endüstriyel Mutfak Ekipmanları	Pişirme	Doner Ocaklari	ADG-10S	ATALAY		Atalay Döner Makineleri ADG-10S	51460.0	Atalay 10 Gözlü V Tipi Gazlı Döner Ocağı, ADG-10S	65901.6	-14441.600000000006	-21.91	EQUSTO_DAHA_UCUZ	EXACT_MODEL	HIGH	IN_STOCK	https://equsto.com/shop/adg-10s	https://www.mutbex.com/atalay-10-gozlu-v-tipi-gazli-doner-ocagi-adg-10s	match_method=EXACT_MODEL; mutbex_code=042.ADG.10S
ATALAY	Atalay Endüstriyel Mutfak Ekipmanları	Pişirme	Doner Ocaklari	ADG-12A	ATALAY		Atalay Döner Makineleri ADG-12A	78461.0					NO_MATCH	NO_MATCH	LOW	NOT_FOUND	https://equsto.com/shop/adg-12a		No match found on Mutbex
ATALAY	Atalay Endüstriyel Mutfak Ekipmanları	Pişirme	Doner Ocaklari	ADG-12D	ATALAY		Atalay Döner Makineleri ADG-12D	160415.0					NO_MATCH	NO_MATCH	LOW	NOT_FOUND	https://equsto.com/shop/adg-12d		No match found on Mutbex
ATALAY	Atalay Endüstriyel Mutfak Ekipmanları	Pişirme	Doner Ocaklari	ADG-12DS	ATALAY		Atalay Döner Makineleri ADG-12DS	133097.0					NO_MATCH	NO_MATCH	LOW	NOT_FOUND	https://equsto.com/shop/adg-12ds		No match found on Mutbex
ATALAY	Atalay Endüstriyel Mutfak Ekipmanları	Pişirme	Doner Ocaklari	ADG-12S	ATALAY		Atalay Döner Makineleri ADG-12S	60672.0					NO_MATCH	NO_MATCH	LOW	NOT_FOUND	https://equsto.com/shop/adg-12s		No match found on Mutbex
ATALAY	Atalay Endüstriyel Mutfak Ekipmanları	Pişirme	Doner Ocaklari	ADG-3A	ATALAY		Atalay Döner Makineleri ADG-3A	32401.0					NO_MATCH	NO_MATCH	LOW	NOT_FOUND	https://equsto.com/shop/adg-3a		No match found on Mutbex
ATALAY	Atalay Endüstriyel Mutfak Ekipmanları	Pişirme	Doner Ocaklari	ADG-3S	ATALAY		Atalay Döner Makineleri ADG-3S	18742.0					NO_MATCH	NO_MATCH	LOW	NOT_FOUND	https://equsto.com/shop/adg-3s		No match found on Mutbex
ATALAY	Atalay Endüstriyel Mutfak Ekipmanları	Pişirme	Doner Ocaklari	ADG-3U	ATALAY		Atalay Döner Makineleri ADG-3U	28907.0					NO_MATCH	NO_MATCH	LOW	NOT_FOUND	https://equsto.com/shop/adg-3u		No match found on Mutbex
ATALAY	Atalay Endüstriyel Mutfak Ekipmanları	Pişirme	Doner Ocaklari	ADG-4+4A	ATALAY		Atalay Döner Makineleri ADG-4+4A	69566.0					NO_MATCH	NO_MATCH	LOW	NOT_FOUND	https://equsto.com/shop/adg-4+4a		No match found on Mutbex
ATALAY	Atalay Endüstriyel Mutfak Ekipmanları	Pişirme	Doner Ocaklari	ADG-4A	ATALAY		Atalay Döner Makineleri ADG-4A	35577.0	Atalay 4 Gözlü Alttan Motorlu Gazlı Döner Ocağı, ADG-4A	45561.6	-9984.599999999999	-21.91	EQUSTO_DAHA_UCUZ	EXACT_MODEL	HIGH	IN_STOCK	https://equsto.com/shop/adg-4a	https://www.mutbex.com/atalay-4-gozlu-alttan-motorlu-gazli-doner-ocagi-adg-4a	match_method=EXACT_MODEL; mutbex_code=042.ADG.4A
ATALAY	Atalay Endüstriyel Mutfak Ekipmanları	Pişirme	Doner Ocaklari	ADG-4S	ATALAY		Atalay Döner Makineleri ADG-4S	21918.0	Atalay 4 Gözlü Gazlı Döner Ocağı, ADG-4S	28069.2	-6151.200000000001	-21.91	EQUSTO_DAHA_UCUZ	EXACT_MODEL	HIGH	IN_STOCK	https://equsto.com/shop/adg-4s	https://www.mutbex.com/atalay-dort-gozlu-gazli-doner-ocagi-adg-4s	match_method=EXACT_MODEL; mutbex_code=042.ADG.4S
ATALAY	Atalay Endüstriyel Mutfak Ekipmanları	Pişirme	Doner Ocaklari	ADG-4U	ATALAY		Atalay Döner Makineleri ADG-4U	32083.0					NO_MATCH	NO_MATCH	LOW	NOT_FOUND	https://equsto.com/shop/adg-4u		No match found on Mutbex
ATALAY	Atalay Endüstriyel Mutfak Ekipmanları	Pişirme	Doner Ocaklari	ADG-5+5A	ATALAY		Atalay Döner Makineleri ADG-5+5A	73061.0					NO_MATCH	NO_MATCH	LOW	NOT_FOUND	https://equsto.com/shop/adg-5+5a		No match found on Mutbex
ATALAY	Atalay Endüstriyel Mutfak Ekipmanları	Pişirme	Doner Ocaklari	ADG-5A	ATALAY		Atalay Döner Makineleri ADG-5A	37483.0	Atalay 5 Gözlü Alttan Motorlu Gazlı Döner Ocağı, ADG-5A	48002.4	-10519.400000000001	-21.91	EQUSTO_DAHA_UCUZ	EXACT_MODEL	HIGH	IN_STOCK	https://equsto.com/shop/adg-5a	https://www.mutbex.com/atalay-5-gozlu-alttan-motorlu-gazli-doner-ocagi-adg-5a	match_method=EXACT_MODEL; mutbex_code=042.ADG.5A
ATALAY	Atalay Endüstriyel Mutfak Ekipmanları	Pişirme	Doner Ocaklari	ADG-5D	ATALAY		Atalay Döner Makineleri ADG-5D	111497.0					NO_MATCH	NO_MATCH	LOW	NOT_FOUND	https://equsto.com/shop/adg-5d		No match found on Mutbex
ATALAY	Atalay Endüstriyel Mutfak Ekipmanları	Pişirme	Doner Ocaklari	ADG-5DS	ATALAY		Atalay Döner Makineleri ADG-5DS	92437.0					NO_MATCH	NO_MATCH	LOW	NOT_FOUND	https://equsto.com/shop/adg-5ds		No match found on Mutbex
ATALAY	Atalay Endüstriyel Mutfak Ekipmanları	Pişirme	Doner Ocaklari	ADG-5S	ATALAY		Atalay Döner Makineleri ADG-5S	24459.0	Atalay 5 Gözlü Gazlı Döner Ocağı, ADG-5S	31323.6	-6864.5999999999985	-21.92	EQUSTO_DAHA_UCUZ	EXACT_MODEL	HIGH	IN_STOCK	https://equsto.com/shop/adg-5s	https://www.mutbex.com/atalay-5-gozlu-gazli-doner-ocagi-adg-5s	match_method=EXACT_MODEL; mutbex_code=042.ADG.5S
ATALAY	Atalay Endüstriyel Mutfak Ekipmanları	Pişirme	Doner Ocaklari	ADG-5U	ATALAY		Atalay Döner Makineleri ADG-5U	33989.0					NO_MATCH	NO_MATCH	LOW	NOT_FOUND	https://equsto.com/shop/adg-5u		No match found on Mutbex
ATALAY	Atalay Endüstriyel Mutfak Ekipmanları	Pişirme	Doner Ocaklari	ADG-6A	ATALAY		Atalay Döner Makineleri ADG-6A	39389.0					NO_MATCH	NO_MATCH	LOW	NOT_FOUND	https://equsto.com/shop/adg-6a		No match found on Mutbex
ATALAY	Atalay Endüstriyel Mutfak Ekipmanları	Pişirme	Doner Ocaklari	ADG-6D	ATALAY		Atalay Döner Makineleri ADG-6D	118803.0					NO_MATCH	NO_MATCH	LOW	NOT_FOUND	https://equsto.com/shop/adg-6d		No match found on Mutbex
ATALAY	Atalay Endüstriyel Mutfak Ekipmanları	Pişirme	Doner Ocaklari	ADG-6DS	ATALAY		Atalay Döner Makineleri ADG-6DS	98473.0					NO_MATCH	NO_MATCH	LOW	NOT_FOUND	https://equsto.com/shop/adg-6ds		No match found on Mutbex
ATALAY	Atalay Endüstriyel Mutfak Ekipmanları	Pişirme	Doner Ocaklari	ADG-6S	ATALAY		Atalay Döner Makineleri ADG-6S	29542.0	Atalay Döner Ocağı, Sabit, 6 Raydan, Gazlı, ADG 6 S	37832.4	-8290.400000000001	-21.91	EQUSTO_DAHA_UCUZ	MODEL_IN_NAME	HIGH	IN_STOCK	https://equsto.com/shop/adg-6s	https://www.mutbex.com/atalay-doner-ocagi-sabit-6-raydan-gazli-adg-6-s	match_method=MODEL_IN_NAME; mutbex_code=042.ADG.6S
ATALAY	Atalay Endüstriyel Mutfak Ekipmanları	Pişirme	Doner Ocaklari	ADG-8A	ATALAY		Atalay Döner Makineleri ADG-8A	63849.0					NO_MATCH	NO_MATCH	LOW	NOT_FOUND	https://equsto.com/shop/adg-8a		No match found on Mutbex
ATALAY	Atalay Endüstriyel Mutfak Ekipmanları	Pişirme	Doner Ocaklari	ADG-8D	ATALAY		Atalay Döner Makineleri ADG-8D	137862.0					NO_MATCH	NO_MATCH	LOW	NOT_FOUND	https://equsto.com/shop/adg-8d		No match found on Mutbex
ATALAY	Atalay Endüstriyel Mutfak Ekipmanları	Pişirme	Doner Ocaklari	ADG-8DS	ATALAY		Atalay Döner Makineleri ADG-8DS	114356.0					NO_MATCH	NO_MATCH	LOW	NOT_FOUND	https://equsto.com/shop/adg-8ds		No match found on Mutbex
ATALAY	Atalay Endüstriyel Mutfak Ekipmanları	Pişirme	Doner Ocaklari	ADG-8S	ATALAY		Atalay Döner Makineleri ADG-8S	45425.0					NO_MATCH	NO_MATCH	LOW	NOT_FOUND	https://equsto.com/shop/adg-8s		No match found on Mutbex
ATALAY	Atalay Endüstriyel Mutfak Ekipmanları	Pişirme	Doner Ocaklari	ADGC-3A	ATALAY		Atalay Döner Makineleri ADGC-3A	39389.0					NO_MATCH	NO_MATCH	LOW	NOT_FOUND	https://equsto.com/shop/adgc-3a		No match found on Mutbex
ATALAY	Atalay Endüstriyel Mutfak Ekipmanları	Pişirme	Doner Ocaklari	ADGC-3S	ATALAY		Atalay Döner Makineleri ADGC-3S	26365.0					NO_MATCH	NO_MATCH	LOW	NOT_FOUND	https://equsto.com/shop/adgc-3s		No match found on Mutbex
ATALAY	Atalay Endüstriyel Mutfak Ekipmanları	Pişirme	Doner Ocaklari	ADGC-3U	ATALAY		Atalay Döner Makineleri ADGC-3U	35895.0					NO_MATCH	NO_MATCH	LOW	NOT_FOUND	https://equsto.com/shop/adgc-3u		No match found on Mutbex
ATALAY	Atalay Endüstriyel Mutfak Ekipmanları	Pişirme	Doner Ocaklari	ADGC-4A	ATALAY		Atalay Döner Makineleri ADGC-4A	43836.0					NO_MATCH	NO_MATCH	LOW	NOT_FOUND	https://equsto.com/shop/adgc-4a		No match found on Mutbex
ATALAY	Atalay Endüstriyel Mutfak Ekipmanları	Pişirme	Doner Ocaklari	ADGC-4S	ATALAY		Atalay Döner Makineleri ADGC-4S	30177.0					NO_MATCH	NO_MATCH	LOW	NOT_FOUND	https://equsto.com/shop/adgc-4s		No match found on Mutbex
ATALAY	Atalay Endüstriyel Mutfak Ekipmanları	Pişirme	Doner Ocaklari	ADGC-4U	ATALAY		Atalay Döner Makineleri ADGC-4U	40024.0					NO_MATCH	NO_MATCH	LOW	NOT_FOUND	https://equsto.com/shop/adgc-4u		No match found on Mutbex
ATALAY	Atalay Endüstriyel Mutfak Ekipmanları	Pişirme	Doner Ocaklari	ADGC-5A	ATALAY		Atalay Döner Makineleri ADGC-5A	47013.0					NO_MATCH	NO_MATCH	LOW	NOT_FOUND	https://equsto.com/shop/adgc-5a		No match found on Mutbex
ATALAY	Atalay Endüstriyel Mutfak Ekipmanları	Pişirme	Doner Ocaklari	ADGC-5S	ATALAY		Atalay Döner Makineleri ADGC-5S	34942.0					NO_MATCH	NO_MATCH	LOW	NOT_FOUND	https://equsto.com/shop/adgc-5s		No match found on Mutbex
ATALAY	Atalay Endüstriyel Mutfak Ekipmanları	Pişirme	Doner Ocaklari	ADGC-5U	ATALAY		Atalay Döner Makineleri ADGC-5U	43836.0					NO_MATCH	NO_MATCH	LOW	NOT_FOUND	https://equsto.com/shop/adgc-5u		No match found on Mutbex
ATALAY	Atalay Endüstriyel Mutfak Ekipmanları	Pişirme	Doner Ocaklari	ADEK-01D	ATALAY		Atalay Konveyörlü Izgaralar ADEK - 01 D 220-240 V 360 x 425 mm.	77296.0	Atalay Dikey Ekmek Kızartma Elektirikli Hamburger Seti, 70x23,5x72 Cm Dijital ,ADEK 01D	118785.6	-41489.600000000006	-34.93	EQUSTO_DAHA_UCUZ	MODEL_IN_NAME	HIGH	IN_STOCK	https://equsto.com/shop/adek-01d	https://www.mutbex.com/atalay-dikey-ekmek-kizartma-elektirikli-hamburger-seti-70x235x72-cm-dijital-adek-01d	match_method=MODEL_IN_NAME; mutbex_code=042.ADEK.01D
ATALAY	Atalay Endüstriyel Mutfak Ekipmanları	Pişirme	Doner Ocaklari	ADEK-01M	ATALAY		Atalay Konveyörlü Izgaralar ADEK - 01 M 220-240 V 360 x 425 mm.	55060.0					NO_MATCH	NO_MATCH	LOW	NOT_FOUND	https://equsto.com/shop/adek-01m		No match found on Mutbex
ATALAY	Atalay Endüstriyel Mutfak Ekipmanları	Pişirme	Firinlar	ABS-10	ATALAY		Atalay ABS - 10 220-240 V 490 x 100 x 600	5559.0	Atalay 10 Bıçaklık Sterilitazör, ABS-10	8542.8	-2983.7999999999993	-34.93	EQUSTO_DAHA_UCUZ	EXACT_MODEL	HIGH	IN_STOCK	https://equsto.com/shop/abs-10	https://www.mutbex.com/atalay-sterilitazor-10-bicaklik-abs-10	match_method=EXACT_MODEL; mutbex_code=042.ABS.10
ATALAY	Atalay Endüstriyel Mutfak Ekipmanları	Pişirme	Firinlar	ABS-20	ATALAY		Atalay ABS - 20 220-240 V 930 x 100 x 600	8735.0					NO_MATCH	NO_MATCH	LOW	NOT_FOUND	https://equsto.com/shop/abs-20		No match found on Mutbex
ATALAY	Atalay Endüstriyel Mutfak Ekipmanları	Pişirme	Firinlar	APFM-40	ATALAY		Atalay APFM - 40 - 650 x 510 x 850	11383.0					NO_MATCH	NO_MATCH	LOW	NOT_FOUND	https://equsto.com/shop/apfm-40		No match found on Mutbex
ATALAY	Atalay Endüstriyel Mutfak Ekipmanları	Pişirme	Firinlar	APFM-50	ATALAY		Atalay APFM - 50 - 800 x 640 x 850	11383.0					NO_MATCH	NO_MATCH	LOW	NOT_FOUND	https://equsto.com/shop/apfm-50		No match found on Mutbex
ATALAY	Atalay Endüstriyel Mutfak Ekipmanları	Pişirme	Firinlar	APFM-62	ATALAY		Atalay APFM - 62 - 890 x 720 x 850	12706.0					NO_MATCH	NO_MATCH	LOW	NOT_FOUND	https://equsto.com/shop/apfm-62		No match found on Mutbex
ATALAY	Atalay Endüstriyel Mutfak Ekipmanları	Pişirme	Firinlar	APFM-92	ATALAY		Atalay APFM - 92 - 1190 x 1030 x 850	18000.0					NO_MATCH	NO_MATCH	LOW	NOT_FOUND	https://equsto.com/shop/apfm-92		No match found on Mutbex
ATALAY	Atalay Endüstriyel Mutfak Ekipmanları	Pişirme	Firinlar	APFM-962	ATALAY		Atalay APFM- 962 - 1190 x 720 x 850	16677.0					NO_MATCH	NO_MATCH	LOW	NOT_FOUND	https://equsto.com/shop/apfm-962		No match found on Mutbex
ATALAY	Atalay Endüstriyel Mutfak Ekipmanları	Pişirme	Firinlar	ASFE-1273ST	ATALAY		Atalay Setaltı Fırınlar ASFE - 1273 ST 650 x 930 1200 x 715 x 550	50825.0					NO_MATCH	NO_MATCH	LOW	NOT_FOUND	https://equsto.com/shop/asfe-1273st		No match found on Mutbex
ATALAY	Atalay Endüstriyel Mutfak Ekipmanları	Pişirme	Firinlar	ASFE-1273STD	ATALAY		Atalay Setaltı Fırınlar ASFE - 1273 ST D 530 x 400 1200 x 715 x 550	46854.0					NO_MATCH	NO_MATCH	LOW	NOT_FOUND	https://equsto.com/shop/asfe-1273std		No match found on Mutbex
ATALAY	Atalay Endüstriyel Mutfak Ekipmanları	Pişirme	Firinlar	ASFE-873F	ATALAY		Atalay Setaltı Fırınlar ASFE - 873 F 530 x 400 800 x 715 x 550	33354.0					NO_MATCH	NO_MATCH	LOW	NOT_FOUND	https://equsto.com/shop/asfe-873f		No match found on Mutbex
ATALAY	Atalay Endüstriyel Mutfak Ekipmanları	Pişirme	Firinlar	ASFE-873ST	ATALAY		Atalay Setaltı Fırınlar ASFE - 873 ST 530 x 400 800 x 715 x 550	45266.0					NO_MATCH	NO_MATCH	LOW	NOT_FOUND	https://equsto.com/shop/asfe-873st		No match found on Mutbex
ATALAY	Atalay Endüstriyel Mutfak Ekipmanları	Pişirme	Firinlar	ASFG-1273	ATALAY		Atalay Setaltı Fırınlar ASFG - 1273 650 x 930 1200 x 730 x 550	56913.0					NO_MATCH	NO_MATCH	LOW	NOT_FOUND	https://equsto.com/shop/asfg-1273		No match found on Mutbex
ATALAY	Atalay Endüstriyel Mutfak Ekipmanları	Pişirme	Firinlar	ASFG-1273D	ATALAY		Atalay Setaltı Fırınlar ASFG - 1273 D 530 x 650 1200 x 730 x 550	54795.0					NO_MATCH	NO_MATCH	LOW	NOT_FOUND	https://equsto.com/shop/asfg-1273d		No match found on Mutbex
ATALAY	Atalay Endüstriyel Mutfak Ekipmanları	Pişirme	Firinlar	ASFG-873	ATALAY		Atalay Setaltı Fırınlar ASFG - 873 530 x 650 800 x 730 x 550	49501.0					NO_MATCH	NO_MATCH	LOW	NOT_FOUND	https://equsto.com/shop/asfg-873		No match found on Mutbex
ATALAY	Atalay Endüstriyel Mutfak Ekipmanları	Pişirme	Firinlar	EASFE-1060F	ATALAY		Atalay Setaltı Fırınlar E ASFE - 1060 F 530 x 400 1000 x 600 x 550	31765.0					NO_MATCH	NO_MATCH	LOW	NOT_FOUND	https://equsto.com/shop/easfe-1060f		No match found on Mutbex
ATALAY	Atalay Endüstriyel Mutfak Ekipmanları	Pişirme	Firinlar	EASFE-1060ST	ATALAY		Atalay Setaltı Fırınlar E ASFE - 1060 ST 530 x 400 1000 x 600 x 550	43148.0					NO_MATCH	NO_MATCH	LOW	NOT_FOUND	https://equsto.com/shop/easfe-1060st		No match found on Mutbex
ATALAY	Atalay Endüstriyel Mutfak Ekipmanları	Pişirme	Firinlar	EASFE-860F	ATALAY		Atalay Setaltı Fırınlar E ASFE - 860 F 530 x 400 800 x 600 x 550	28589.0					NO_MATCH	NO_MATCH	LOW	NOT_FOUND	https://equsto.com/shop/easfe-860f		No match found on Mutbex
ATALAY	Atalay Endüstriyel Mutfak Ekipmanları	Pişirme	Firinlar	EASFE-860ST	ATALAY		Atalay Setaltı Fırınlar E ASFE - 860 ST 530 x 400 800 x 600 x 550	39177.0					NO_MATCH	NO_MATCH	LOW	NOT_FOUND	https://equsto.com/shop/easfe-860st		No match found on Mutbex
ATALAY	Atalay Endüstriyel Mutfak Ekipmanları	Pişirme	Firinlar	EASFG-1060	ATALAY		Atalay Setaltı Fırınlar E ASFG - 1060 530 x 400 1000 x 600 x 550	42354.0					NO_MATCH	NO_MATCH	LOW	NOT_FOUND	https://equsto.com/shop/easfg-1060		No match found on Mutbex
ATALAY	Atalay Endüstriyel Mutfak Ekipmanları	Pişirme	Firinlar	EASFG-860	ATALAY		Atalay Setaltı Fırınlar E ASFG - 860 530 x 400 800 x 600 x 550	37060.0					NO_MATCH	NO_MATCH	LOW	NOT_FOUND	https://equsto.com/shop/easfg-860		No match found on Mutbex
ATALAY	Atalay Endüstriyel Mutfak Ekipmanları	Pişirme	Fritozler	AEF-470	ATALAY		Atalay Fritözler AEF - 470 Min. 6 lt. Max 12 lt 400 x 700 x 300	28589.0	Atalay Elektrikli Fritöz, 40x70 cm, AEF-470	43934.4	-15345.400000000001	-34.93	EQUSTO_DAHA_UCUZ	EXACT_MODEL	HIGH	IN_STOCK	https://equsto.com/shop/aef-470	https://www.mutbex.com/atalay-elektrikli-fritoz-400x700-aef-470	match_method=EXACT_MODEL; mutbex_code=042.AEF.470
ATALAY	Atalay Endüstriyel Mutfak Ekipmanları	Pişirme	Fritozler	AEF-473	ATALAY		Atalay Fritözler AEF - 473 Min. 6 lt - Max. 12 lt. 400 x 730 x 300	36530.0					NO_MATCH	NO_MATCH	LOW	NOT_FOUND	https://equsto.com/shop/aef-473		No match found on Mutbex
ATALAY	Atalay Endüstriyel Mutfak Ekipmanları	Pişirme	Fritozler	AEF-490	ATALAY		Atalay Fritözler AEF - 490 Min. 15 lt. Max. 24 lt 400 x 900 x 850	49236.0					NO_MATCH	NO_MATCH	LOW	NOT_FOUND	https://equsto.com/shop/aef-490		No match found on Mutbex
ATALAY	Atalay Endüstriyel Mutfak Ekipmanları	Pişirme	Fritozler	AEF-670	ATALAY		Atalay Fritözler AEF - 670 2 x Min. 5 lt. Max 11 lt 600 x 700 x 300	48707.0					NO_MATCH	NO_MATCH	LOW	NOT_FOUND	https://equsto.com/shop/aef-670		No match found on Mutbex
ATALAY	Atalay Endüstriyel Mutfak Ekipmanları	Pişirme	Fritozler	AEF-870	ATALAY		Atalay Fritözler AEF - 870 2 x Min. 6 lt. Max 12 lt 800 x 700 x 300	51354.0	Atalay Elektrikli Fritöz, 80x70 cm, AEF-870	78919.2	-27565.199999999997	-34.93	EQUSTO_DAHA_UCUZ	EXACT_MODEL	HIGH	IN_STOCK	https://equsto.com/shop/aef-870	https://www.mutbex.com/atalay-elektrikli-fritoz-80x70-cm-aef-870	match_method=EXACT_MODEL; mutbex_code=042.AEF.870
ATALAY	Atalay Endüstriyel Mutfak Ekipmanları	Pişirme	Fritozler	AEF-873	ATALAY		Atalay Fritözler AEF - 873 Min. 2 x 6 lt - Max. 2 x 12 lt. 800 x 730 x 300	61413.0					NO_MATCH	NO_MATCH	LOW	NOT_FOUND	https://equsto.com/shop/aef-873		No match found on Mutbex
ATALAY	Atalay Endüstriyel Mutfak Ekipmanları	Pişirme	Fritozler	AEF-890	ATALAY		Atalay Fritözler AEF - 890 Min. 2 x 15 lt. Max. 2 x 24 lt 800 x 900 x 850	88149.0	Atalay Elektrikli Fritöz, 80x90 cm, AEF-890	135464.4	-47315.399999999994	-34.93	EQUSTO_DAHA_UCUZ	EXACT_MODEL	HIGH	IN_STOCK	https://equsto.com/shop/aef-890	https://www.mutbex.com/atalay-elektrikli-fritoz-800x900-aef-890	match_method=EXACT_MODEL; mutbex_code=042.AEF.890
ATALAY	Atalay Endüstriyel Mutfak Ekipmanları	Pişirme	Fritozler	AGF-470	ATALAY		Atalay Fritözler AGF - 470 Min. 18 lt. Max 22 lt 400 x 700 x 850	53472.0					NO_MATCH	NO_MATCH	LOW	NOT_FOUND	https://equsto.com/shop/agf-470		No match found on Mutbex
ATALAY	Atalay Endüstriyel Mutfak Ekipmanları	Pişirme	Fritozler	AGF-490	ATALAY		Atalay Fritözler AGF - 490 Min. 28 lt. Max. 30 lt 400 x 900 x 850	55590.0					NO_MATCH	NO_MATCH	LOW	NOT_FOUND	https://equsto.com/shop/agf-490		No match found on Mutbex
ATALAY	Atalay Endüstriyel Mutfak Ekipmanları	Pişirme	Fritozler	AGF-870	ATALAY		Atalay Fritözler AGF - 870 2 x Min. 18 lt. Max 22 lt 800 x 700 x 850	99267.0					NO_MATCH	NO_MATCH	LOW	NOT_FOUND	https://equsto.com/shop/agf-870		No match found on Mutbex
ATALAY	Atalay Endüstriyel Mutfak Ekipmanları	Pişirme	Fritozler	AGF-890	ATALAY		Atalay Fritözler AGF - 890 Min. 2 x 28 lt. Max. 2 x 30 lt 800 x 900 x 850	99267.0					NO_MATCH	NO_MATCH	LOW	NOT_FOUND	https://equsto.com/shop/agf-890		No match found on Mutbex
ATALAY	Atalay Endüstriyel Mutfak Ekipmanları	Pişirme	Fritozler	EAEF-360	ATALAY		Atalay Fritözler E AEF - 360 Min. 4,5 lt - Max. 9 lt. 300 x 600 x 300	26206.0					NO_MATCH	NO_MATCH	LOW	NOT_FOUND	https://equsto.com/shop/eaef-360		No match found on Mutbex
ATALAY	Atalay Endüstriyel Mutfak Ekipmanları	Pişirme	Fritozler	EAEF-460	ATALAY		Atalay Fritözler E AEF - 460 Min. 6 lt - Max. 12 lt. 400 x 600 x 300	27265.0					NO_MATCH	NO_MATCH	LOW	NOT_FOUND	https://equsto.com/shop/eaef-460		No match found on Mutbex
ATALAY	Atalay Endüstriyel Mutfak Ekipmanları	Pişirme	Fritozler	EAEF-660	ATALAY		Atalay Fritözler E AEF - 660 Min. 2x4,5 lt - Max. 2x9 lt. 600 x 600 x 300	46589.0					NO_MATCH	NO_MATCH	LOW	NOT_FOUND	https://equsto.com/shop/eaef-660		No match found on Mutbex
ATALAY	Atalay Endüstriyel Mutfak Ekipmanları	Pişirme	Fritozler	EAEF-860	ATALAY		Atalay Fritözler E AEF - 860 Min. 2x6 lt - Max. 2x12 lt. 800 x 600 x 300	49501.0					NO_MATCH	NO_MATCH	LOW	NOT_FOUND	https://equsto.com/shop/eaef-860		No match found on Mutbex
ATALAY	Atalay Endüstriyel Mutfak Ekipmanları	Pişirme	Fritozler	EAGF-460	ATALAY		Atalay Fritözler E AGF - 460 Min. 10 lt - Max. 13 lt. 400 x 600 x 300	32560.0					NO_MATCH	NO_MATCH	LOW	NOT_FOUND	https://equsto.com/shop/eagf-460		No match found on Mutbex
ATALAY	Atalay Endüstriyel Mutfak Ekipmanları	Pişirme	Fritozler	EAGF-660	ATALAY		Atalay Fritözler E AGF - 660 Min. 2 x 7 lt - Max. 2 x 8 lt. 600 x 600 x 300	57443.0					NO_MATCH	NO_MATCH	LOW	NOT_FOUND	https://equsto.com/shop/eagf-660		No match found on Mutbex
ATALAY	Atalay Endüstriyel Mutfak Ekipmanları	Pişirme	Fritozler	EAGF-860	ATALAY		Atalay Fritözler E AGF - 860 Min. 2 x 10 lt - Max. 2 x 13 lt. 800 x 600 x 300	61148.0					NO_MATCH	NO_MATCH	LOW	NOT_FOUND	https://equsto.com/shop/eagf-860		No match found on Mutbex
ATALAY	Atalay Endüstriyel Mutfak Ekipmanları	Pişirme	Kaynatma Tenceresi	AKEK-02M	ATALAY		Atalay AKEK-02 M 220-240 V 365 x 320 mm.	29118.0					NO_MATCH	NO_MATCH	LOW	NOT_FOUND	https://equsto.com/shop/akek-02m		No match found on Mutbex
ATALAY	Atalay Endüstriyel Mutfak Ekipmanları	Pişirme	Kaynatma Tenceresi	AKEK-02T	ATALAY		Atalay AKEK-02 T 380-415 V 365 x 320 mm.	31765.0					NO_MATCH	NO_MATCH	LOW	NOT_FOUND	https://equsto.com/shop/akek-02t		No match found on Mutbex
ATALAY	Atalay Endüstriyel Mutfak Ekipmanları	Pişirme	Kaynatma Tenceresi	AKTE-1000	ATALAY		Atalay AKTE - 1000 250 1000 x 1070 x 950	234800.0					NO_MATCH	NO_MATCH	LOW	NOT_FOUND	https://equsto.com/shop/akte-1000		No match found on Mutbex
ATALAY	Atalay Endüstriyel Mutfak Ekipmanları	Pişirme	Kaynatma Tenceresi	AKTE-890	ATALAY		Atalay AKTE - 890 150 800 x 900 x 850	156180.0					NO_MATCH	NO_MATCH	LOW	NOT_FOUND	https://equsto.com/shop/akte-890		No match found on Mutbex
ATALAY	Atalay Endüstriyel Mutfak Ekipmanları	Pişirme	Kaynatma Tenceresi	AKTG-1000	ATALAY		Atalay AKTG - 1000 250 1000 x 1070 x 950	255182.0					NO_MATCH	NO_MATCH	LOW	NOT_FOUND	https://equsto.com/shop/aktg-1000		No match found on Mutbex
ATALAY	Atalay Endüstriyel Mutfak Ekipmanları	Pişirme	Kaynatma Tenceresi	AKTG-890	ATALAY		Atalay AKTG - 890 150 800 x 900 x 850	172063.0					NO_MATCH	NO_MATCH	LOW	NOT_FOUND	https://equsto.com/shop/aktg-890		No match found on Mutbex
ATALAY	Atalay Endüstriyel Mutfak Ekipmanları	Pişirme	Kaynatma Tenceresi	AYEK-01	ATALAY		Atalay AYEK - 01 380-415 V 520 x 540 mm.	87620.0					NO_MATCH	NO_MATCH	LOW	NOT_FOUND	https://equsto.com/shop/ayek-01		No match found on Mutbex
ATALAY	Atalay Endüstriyel Mutfak Ekipmanları	Pişirme	Kaynatma Tenceresi	AYEK-02	ATALAY		Atalay AYEK - 02 380-415 V 250 x 540 mm.	82061.0					NO_MATCH	NO_MATCH	LOW	NOT_FOUND	https://equsto.com/shop/ayek-02		No match found on Mutbex
ATALAY	Atalay Endüstriyel Mutfak Ekipmanları	Pişirme	Kaynatma Tenceresi	AKIE-01	ATALAY		Atalay Konveyörlü Izgaralar AKIE - 01 220-240 V 260 x 550 mm.	80208.0					NO_MATCH	NO_MATCH	LOW	NOT_FOUND	https://equsto.com/shop/akie-01		No match found on Mutbex
ATALAY	Atalay Endüstriyel Mutfak Ekipmanları	Pişirme	Kaynatma Tenceresi	AKIE-02	ATALAY		Atalay Konveyörlü Izgaralar AKIE - 02 380-415 V 420 x 550 mm.	95826.0					NO_MATCH	NO_MATCH	LOW	NOT_FOUND	https://equsto.com/shop/akie-02		No match found on Mutbex
ATALAY	Atalay Endüstriyel Mutfak Ekipmanları	Pişirme	Kuzineler	AEK-1273	ATALAY		Atalay Kuzineler AEK - 1273 6 x Ø220 1040x530	96090.0					NO_MATCH	NO_MATCH	LOW	NOT_FOUND	https://equsto.com/shop/aek-1273		No match found on Mutbex
ATALAY	Atalay Endüstriyel Mutfak Ekipmanları	Pişirme	Kuzineler	AGK-1270	ATALAY		Atalay Kuzineler AGK - 1270 GN 2/1 - 100 x 2 6 x 5 kW + 3,3 kW	98473.0					NO_MATCH	NO_MATCH	LOW	NOT_FOUND	https://equsto.com/shop/agk-1270		No match found on Mutbex
ATALAY	Atalay Endüstriyel Mutfak Ekipmanları	Pişirme	Kuzineler	AGK-870	ATALAY		Atalay Kuzineler AGK - 870 GN 2/1 - 100 x 2 4 x 5 kW + 3,3 kW	77825.0					NO_MATCH	NO_MATCH	LOW	NOT_FOUND	https://equsto.com/shop/agk-870		No match found on Mutbex
ATALAY	Atalay Endüstriyel Mutfak Ekipmanları	Pişirme	Kuzineler	EAEK-1060	ATALAY		Atalay Kuzineler E AEK - 1060 6 x Ø180 530 x 400	60884.0					NO_MATCH	NO_MATCH	LOW	NOT_FOUND	https://equsto.com/shop/eaek-1060		No match found on Mutbex
ATALAY	Atalay Endüstriyel Mutfak Ekipmanları	Pişirme	Kuzineler	EAEK-860	ATALAY		Atalay Kuzineler E AEK - 860 4 x Ø180 530 x 400	54266.0					NO_MATCH	NO_MATCH	LOW	NOT_FOUND	https://equsto.com/shop/eaek-860		No match found on Mutbex
ATALAY	Atalay Endüstriyel Mutfak Ekipmanları	Pişirme	Kuzineler	EAGK-1060	ATALAY		Atalay Kuzineler E AGK - 1060 6x Ø80 530 x 400	83384.0					NO_MATCH	NO_MATCH	LOW	NOT_FOUND	https://equsto.com/shop/eagk-1060		No match found on Mutbex
ATALAY	Atalay Endüstriyel Mutfak Ekipmanları	Pişirme	Kuzineler	EAGK-860	ATALAY		Atalay Kuzineler E AGK - 860 4 x Ø80 530 x 400	70413.0					NO_MATCH	NO_MATCH	LOW	NOT_FOUND	https://equsto.com/shop/eagk-860		No match found on Mutbex
ATALAY	Atalay Endüstriyel Mutfak Ekipmanları	Pişirme	Makarna Hafllamalar	AMP-490	ATALAY		Atalay AMP - 490 6 400 x 900 x 850	46325.0					NO_MATCH	NO_MATCH	LOW	NOT_FOUND	https://equsto.com/shop/amp-490		No match found on Mutbex
ATALAY	Atalay Endüstriyel Mutfak Ekipmanları	Pişirme	Makarna Hafllamalar	AMPG-490	ATALAY		Atalay AMPG - 490 6 400 x 900 x 850	68560.0					NO_MATCH	NO_MATCH	LOW	NOT_FOUND	https://equsto.com/shop/ampg-490		No match found on Mutbex
ATALAY	Atalay Endüstriyel Mutfak Ekipmanları	Pişirme	Makarna Hafllamalar	EAMP-360	ATALAY		Atalay Seri 600 E AMP - 360 2 300 x 600 x 300	23295.0					NO_MATCH	NO_MATCH	LOW	NOT_FOUND	https://equsto.com/shop/eamp-360		No match found on Mutbex
ATALAY	Atalay Endüstriyel Mutfak Ekipmanları	Pişirme	Makarna Hafllamalar	EAMP-460	ATALAY		Atalay Seri 600 E AMP - 460 4 400 x 600 x 300	26206.0					NO_MATCH	NO_MATCH	LOW	NOT_FOUND	https://equsto.com/shop/eamp-460		No match found on Mutbex
ATALAY	Atalay Endüstriyel Mutfak Ekipmanları	Pişirme	Makarna Hafllamalar	EAMP-660	ATALAY		Atalay Seri 600 E AMP - 660 3 600 x 600 x 300	32030.0					NO_MATCH	NO_MATCH	LOW	NOT_FOUND	https://equsto.com/shop/eamp-660		No match found on Mutbex
ATALAY	Atalay Endüstriyel Mutfak Ekipmanları	Pişirme	Makarna Hafllamalar	AMP-470	ATALAY		Atalay Seri 700 AMP - 470 6 400 x 700 x 300	29383.0					NO_MATCH	NO_MATCH	LOW	NOT_FOUND	https://equsto.com/shop/amp-470		No match found on Mutbex
ATALAY	Atalay Endüstriyel Mutfak Ekipmanları	Pişirme	Makarna Hafllamalar	AMPG-470	ATALAY		Atalay Seri 700 AMPG - 470 4 400 x 700 x 850	52148.0					NO_MATCH	NO_MATCH	LOW	NOT_FOUND	https://equsto.com/shop/ampg-470		No match found on Mutbex
ATALAY	Atalay Endüstriyel Mutfak Ekipmanları	Pişirme	Makarna Hafllamalar	AMP-473	ATALAY		Atalay Seri 730 AMP - 473 4 400 x 730 x 300	33883.0					NO_MATCH	NO_MATCH	LOW	NOT_FOUND	https://equsto.com/shop/amp-473		No match found on Mutbex
ATALAY	Atalay Endüstriyel Mutfak Ekipmanları	Pişirme	Makarna Hafllamalar	AMP-673	ATALAY		Atalay Seri 730 AMP - 673 3 600 x 730 x 300	36795.0					NO_MATCH	NO_MATCH	LOW	NOT_FOUND	https://equsto.com/shop/amp-673		No match found on Mutbex
ATALAY	Atalay Endüstriyel Mutfak Ekipmanları	Pişirme	Makarna Hafllamalar	AMP-873	ATALAY		Atalay Seri 730 AMP - 873 4+4 800 x 730 x 300	56913.0					NO_MATCH	NO_MATCH	LOW	NOT_FOUND	https://equsto.com/shop/amp-873		No match found on Mutbex
ATALAY	Atalay Endüstriyel Mutfak Ekipmanları	Pişirme	Makarna Hafllamalar	AMPG-473	ATALAY		Atalay Seri 730 AMPG - 473 4 400 x 730 x 850	60090.0					NO_MATCH	NO_MATCH	LOW	NOT_FOUND	https://equsto.com/shop/ampg-473		No match found on Mutbex
ATALAY	Atalay Endüstriyel Mutfak Ekipmanları	Pişirme	Ocakbasi İzgara	ACIE-01S	ATALAY		Atalay ACIE-01S 380-415 V Üst 360x400 / Alt 396x440 mm.	70149.0					NO_MATCH	NO_MATCH	LOW	NOT_FOUND	https://equsto.com/shop/acie-01s		No match found on Mutbex
ATALAY	Atalay Endüstriyel Mutfak Ekipmanları	Pişirme	Ocakbasi İzgara	ACIE-02S	ATALAY		Atalay ACIE-02S 380-415 V Üst 2x360x400 / Alt 796x440 mm.	124944.0					NO_MATCH	NO_MATCH	LOW	NOT_FOUND	https://equsto.com/shop/acie-02s		No match found on Mutbex
ATALAY	Atalay Endüstriyel Mutfak Ekipmanları	Pişirme	Ocaklar	ABB-01	ATALAY		Atalay ABB-01 220-240 V - 50/60 Hz. 310x310x570 mm.	40236.0					NO_MATCH	NO_MATCH	LOW	NOT_FOUND	https://equsto.com/shop/abb-01		No match found on Mutbex
ATALAY	Atalay Endüstriyel Mutfak Ekipmanları	Pişirme	Ocaklar	ACAG-02	ATALAY		Atalay ACAG - 02 400 V 1380 x 840 x 940	126003.0					NO_MATCH	NO_MATCH	LOW	NOT_FOUND	https://equsto.com/shop/acag-02		No match found on Mutbex
ATALAY	Atalay Endüstriyel Mutfak Ekipmanları	Pişirme	Ocaklar	AEO-01	ATALAY		Atalay AEO - 01 1 x Ø20 300 x 300 x 200	6353.0					NO_MATCH	NO_MATCH	LOW	NOT_FOUND	https://equsto.com/shop/aeo-01		No match found on Mutbex
ATALAY	Atalay Endüstriyel Mutfak Ekipmanları	Pişirme	Ocaklar	AEO-02	ATALAY		Atalay AEO - 02 2 x Ø20 600 x 300 x 200	12177.0					NO_MATCH	NO_MATCH	LOW	NOT_FOUND	https://equsto.com/shop/aeo-02		No match found on Mutbex
ATALAY	Atalay Endüstriyel Mutfak Ekipmanları	Pişirme	Ocaklar	AGO-01	ATALAY		Atalay AGO - 01 1	7941.0					NO_MATCH	NO_MATCH	LOW	NOT_FOUND	https://equsto.com/shop/ago-01		No match found on Mutbex
ATALAY	Atalay Endüstriyel Mutfak Ekipmanları	Pişirme	Ocaklar	AGO-02	ATALAY		Atalay AGO - 02 2	12971.0					NO_MATCH	NO_MATCH	LOW	NOT_FOUND	https://equsto.com/shop/ago-02		No match found on Mutbex
ATALAY	Atalay Endüstriyel Mutfak Ekipmanları	Pişirme	Ocaklar	AGO-1290	ATALAY		Atalay AGO - 1290 6 x Ø100 6 x 10,5	87884.0	Atalay Gazlı Ocak, 120x90 cm, AGO-1290	135057.6	-47173.600000000006	-34.93	EQUSTO_DAHA_UCUZ	EXACT_MODEL	HIGH	IN_STOCK	https://equsto.com/shop/ago-1290	https://www.mutbex.com/atalay-gazli-ocak-800x900-ago-5303	match_method=EXACT_MODEL; mutbex_code=042.AGO.1290
ATALAY	Atalay Endüstriyel Mutfak Ekipmanları	Pişirme	Ocaklar	AGO-490	ATALAY		Atalay AGO - 490 2 x Ø100 2 x 10,5	34413.0					NO_MATCH	NO_MATCH	LOW	NOT_FOUND	https://equsto.com/shop/ago-490		No match found on Mutbex
ATALAY	Atalay Endüstriyel Mutfak Ekipmanları	Pişirme	Ocaklar	AGO-490T	ATALAY		Atalay AGO - 490 T 1 x Ø100 400 x 900 x 850	30177.0					NO_MATCH	NO_MATCH	LOW	NOT_FOUND	https://equsto.com/shop/ago-490t		No match found on Mutbex
ATALAY	Atalay Endüstriyel Mutfak Ekipmanları	Pişirme	Ocaklar	AGO-890	ATALAY		Atalay AGO - 890 4 x Ø100 4 x 10,5	61943.0					NO_MATCH	NO_MATCH	LOW	NOT_FOUND	https://equsto.com/shop/ago-890		No match found on Mutbex
ATALAY	Atalay Endüstriyel Mutfak Ekipmanları	Pişirme	Ocaklar	AGO-890T	ATALAY		Atalay AGO - 890 T 2 800 x 900 x 850	57443.0					NO_MATCH	NO_MATCH	LOW	NOT_FOUND	https://equsto.com/shop/ago-890t		No match found on Mutbex
ATALAY	Atalay Endüstriyel Mutfak Ekipmanları	Pişirme	Ocaklar	AKM-4001	ATALAY		Atalay AKM-4001 230 V 450 x 500 x 220	15353.0					NO_MATCH	NO_MATCH	LOW	NOT_FOUND	https://equsto.com/shop/akm-4001		No match found on Mutbex
ATALAY	Atalay Endüstriyel Mutfak Ekipmanları	Pişirme	Ocaklar	AKM-4002	ATALAY		Atalay AKM-4002 400 V 900 x 500 x 220	30707.0					NO_MATCH	NO_MATCH	LOW	NOT_FOUND	https://equsto.com/shop/akm-4002		No match found on Mutbex
ATALAY	Atalay Endüstriyel Mutfak Ekipmanları	Pişirme	Ocaklar	AMAY-4060/12	ATALAY		Atalay AMAY - 4060 / 12 12 adet 40x60 tepsi 890 x 965 x 840	34413.0					NO_MATCH	NO_MATCH	LOW	NOT_FOUND	https://equsto.com/shop/amay-4060/12		No match found on Mutbex
ATALAY	Atalay Endüstriyel Mutfak Ekipmanları	Pişirme	Ocaklar	AMAY-4060/6	ATALAY		Atalay AMAY - 4060 / 6 6 adet 40x60 tepsi 800 x 855 x 840	31236.0					NO_MATCH	NO_MATCH	LOW	NOT_FOUND	https://equsto.com/shop/amay-4060/6		No match found on Mutbex
ATALAY	Atalay Endüstriyel Mutfak Ekipmanları	Pişirme	Ocaklar	AYOE-01	ATALAY		Atalay AYOE - 01 380-415 V 550 x 580 x 572	27001.0					NO_MATCH	NO_MATCH	LOW	NOT_FOUND	https://equsto.com/shop/ayoe-01		No match found on Mutbex
ATALAY	Atalay Endüstriyel Mutfak Ekipmanları	Pişirme	Ocaklar	AYOG-60	ATALAY		Atalay AYOG - 60 2 600 x 740 x 590	23559.0					NO_MATCH	NO_MATCH	LOW	NOT_FOUND	https://equsto.com/shop/ayog-60		No match found on Mutbex
ATALAY	Atalay Endüstriyel Mutfak Ekipmanları	Pişirme	Ocaklar	AYOG-70	ATALAY		Atalay AYOG - 70 3 700 x 850 x 590	29912.0					NO_MATCH	NO_MATCH	LOW	NOT_FOUND	https://equsto.com/shop/ayog-70		No match found on Mutbex
ATALAY	Atalay Endüstriyel Mutfak Ekipmanları	Pişirme	Ocaklar	AEO-1270	ATALAY		Atalay Ocaklar AEO - 1270 6 x Ø22 cm. 6 x 2,6 cm.	34677.0					NO_MATCH	NO_MATCH	LOW	NOT_FOUND	https://equsto.com/shop/aeo-1270		No match found on Mutbex
ATALAY	Atalay Endüstriyel Mutfak Ekipmanları	Pişirme	Ocaklar	AEO-1273/1K	ATALAY		Atalay Ocaklar AEO - 1273 / 1K 3 x 300 x 300 3 x 4	47648.0					NO_MATCH	NO_MATCH	LOW	NOT_FOUND	https://equsto.com/shop/aeo-1273/1k		No match found on Mutbex
ATALAY	Atalay Endüstriyel Mutfak Ekipmanları	Pişirme	Ocaklar	AEO-1273/2K	ATALAY		Atalay Ocaklar AEO - 1273 / 2K 6 x 220 x 220 6 x 2.6	62604.0					NO_MATCH	NO_MATCH	LOW	NOT_FOUND	https://equsto.com/shop/aeo-1273/2k		No match found on Mutbex
ATALAY	Atalay Endüstriyel Mutfak Ekipmanları	Pişirme	Ocaklar	AEO-1273	ATALAY		Atalay Ocaklar AEO - 1273 6 x Ø220 6 x 2.6	40236.0					NO_MATCH	NO_MATCH	LOW	NOT_FOUND	https://equsto.com/shop/aeo-1273		No match found on Mutbex
ATALAY	Atalay Endüstriyel Mutfak Ekipmanları	Pişirme	Ocaklar	AEO-1290	ATALAY		Atalay Ocaklar AEO - 1290 6 x 300 x 300 6 x 4 kW	83384.0					NO_MATCH	NO_MATCH	LOW	NOT_FOUND	https://equsto.com/shop/aeo-1290		No match found on Mutbex
ATALAY	Atalay Endüstriyel Mutfak Ekipmanları	Pişirme	Ocaklar	AEO-1290S	ATALAY		Atalay Ocaklar AEO - 1290 S 6 x 300 x 300 6 x 4 kW	70678.0					NO_MATCH	NO_MATCH	LOW	NOT_FOUND	https://equsto.com/shop/aeo-1290s		No match found on Mutbex
ATALAY	Atalay Endüstriyel Mutfak Ekipmanları	Pişirme	Ocaklar	AEO-470	ATALAY		Atalay Ocaklar AEO - 470 2 x Ø22 cm. 2 x 2,6 kW	15618.0					NO_MATCH	NO_MATCH	LOW	NOT_FOUND	https://equsto.com/shop/aeo-470		No match found on Mutbex
ATALAY	Atalay Endüstriyel Mutfak Ekipmanları	Pişirme	Ocaklar	AEO-473/1K	ATALAY		Atalay Ocaklar AEO - 473 / 1K 1 x 300 x 300 400 x 730 x 300	20383.0					NO_MATCH	NO_MATCH	LOW	NOT_FOUND	https://equsto.com/shop/aeo-473/1k		No match found on Mutbex
ATALAY	Atalay Endüstriyel Mutfak Ekipmanları	Pişirme	Ocaklar	AEO-473/2K	ATALAY		Atalay Ocaklar AEO - 473 / 2K 2 x 220 x 220 2 x 2.6	29118.0					NO_MATCH	NO_MATCH	LOW	NOT_FOUND	https://equsto.com/shop/aeo-473/2k		No match found on Mutbex
ATALAY	Atalay Endüstriyel Mutfak Ekipmanları	Pişirme	Ocaklar	AEO-473	ATALAY		Atalay Ocaklar AEO - 473 2 x Ø220 2 x 2.6	17736.0					NO_MATCH	NO_MATCH	LOW	NOT_FOUND	https://equsto.com/shop/aeo-473		No match found on Mutbex
ATALAY	Atalay Endüstriyel Mutfak Ekipmanları	Pişirme	Ocaklar	AEO-490	ATALAY		Atalay Ocaklar AEO - 490 2 x 300 x 300 2 x 4 kW	36266.0					NO_MATCH	NO_MATCH	LOW	NOT_FOUND	https://equsto.com/shop/aeo-490		No match found on Mutbex
ATALAY	Atalay Endüstriyel Mutfak Ekipmanları	Pişirme	Ocaklar	AEO-490S	ATALAY		Atalay Ocaklar AEO - 490 S 2 x 300 x 300 2 x 4 kW	28589.0					NO_MATCH	NO_MATCH	LOW	NOT_FOUND	https://equsto.com/shop/aeo-490s		No match found on Mutbex
ATALAY	Atalay Endüstriyel Mutfak Ekipmanları	Pişirme	Ocaklar	AEO-870	ATALAY		Atalay Ocaklar AEO - 870 4 x Ø22 cm. 4 x 2,6 kW	27795.0					NO_MATCH	NO_MATCH	LOW	NOT_FOUND	https://equsto.com/shop/aeo-870		No match found on Mutbex
ATALAY	Atalay Endüstriyel Mutfak Ekipmanları	Pişirme	Ocaklar	AEO-873/1K	ATALAY		Atalay Ocaklar AEO - 873 / 1K 2 x 300 x 300 2 x 4	31765.0					NO_MATCH	NO_MATCH	LOW	NOT_FOUND	https://equsto.com/shop/aeo-873/1k		No match found on Mutbex
ATALAY	Atalay Endüstriyel Mutfak Ekipmanları	Pişirme	Ocaklar	AEO-873/2K	ATALAY		Atalay Ocaklar AEO - 873 / 2K 4 x 220 x 220 4 x 2.6	47648.0					NO_MATCH	NO_MATCH	LOW	NOT_FOUND	https://equsto.com/shop/aeo-873/2k		No match found on Mutbex
ATALAY	Atalay Endüstriyel Mutfak Ekipmanları	Pişirme	Ocaklar	AEO-873	ATALAY		Atalay Ocaklar AEO - 873 4 x Ø220 4 x 2.6	31765.0					NO_MATCH	NO_MATCH	LOW	NOT_FOUND	https://equsto.com/shop/aeo-873		No match found on Mutbex
ATALAY	Atalay Endüstriyel Mutfak Ekipmanları	Pişirme	Ocaklar	AEO-890	ATALAY		Atalay Ocaklar AEO - 890 4 x 300 x 300 4 x 4 kW	56119.0					NO_MATCH	NO_MATCH	LOW	NOT_FOUND	https://equsto.com/shop/aeo-890		No match found on Mutbex
ATALAY	Atalay Endüstriyel Mutfak Ekipmanları	Pişirme	Ocaklar	AEO-890S	ATALAY		Atalay Ocaklar AEO - 890 S 4 x 300 x 300 4 x 4 kW	46060.0					NO_MATCH	NO_MATCH	LOW	NOT_FOUND	https://equsto.com/shop/aeo-890s		No match found on Mutbex
ATALAY	Atalay Endüstriyel Mutfak Ekipmanları	Pişirme	Ocaklar	AGO-1270	ATALAY		Atalay Ocaklar AGO - 1270 6 x Ø80 6 x 5 kW	51089.0					NO_MATCH	NO_MATCH	LOW	NOT_FOUND	https://equsto.com/shop/ago-1270		No match found on Mutbex
ATALAY	Atalay Endüstriyel Mutfak Ekipmanları	Pişirme	Ocaklar	AGO-1273	ATALAY		Atalay Ocaklar AGO - 1273 6 x Ø80 1200 x 730 x 300	58237.0					NO_MATCH	NO_MATCH	LOW	NOT_FOUND	https://equsto.com/shop/ago-1273		No match found on Mutbex
ATALAY	Atalay Endüstriyel Mutfak Ekipmanları	Pişirme	Ocaklar	AGO-1273T	ATALAY		Atalay Ocaklar AGO - 1273 T 3 x Ø100 1200 x 730 x 300	43148.0					NO_MATCH	NO_MATCH	LOW	NOT_FOUND	https://equsto.com/shop/ago-1273t		No match found on Mutbex
ATALAY	Atalay Endüstriyel Mutfak Ekipmanları	Pişirme	Ocaklar	AGO-1290S	ATALAY		Atalay Ocaklar AGO - 1290 S 6 x Ø100 6 x 10,5	73590.0					NO_MATCH	NO_MATCH	LOW	NOT_FOUND	https://equsto.com/shop/ago-1290s		No match found on Mutbex
ATALAY	Atalay Endüstriyel Mutfak Ekipmanları	Pişirme	Ocaklar	AGO-470	ATALAY		Atalay Ocaklar AGO - 470 2 x Ø80 2 x 5 kW	20383.0					NO_MATCH	NO_MATCH	LOW	NOT_FOUND	https://equsto.com/shop/ago-470		No match found on Mutbex
ATALAY	Atalay Endüstriyel Mutfak Ekipmanları	Pişirme	Ocaklar	AGO-473	ATALAY		Atalay Ocaklar AGO - 473 2 x Ø80 400 x 730 x 300	22765.0					NO_MATCH	NO_MATCH	LOW	NOT_FOUND	https://equsto.com/shop/ago-473		No match found on Mutbex
ATALAY	Atalay Endüstriyel Mutfak Ekipmanları	Pişirme	Ocaklar	AGO-473T	ATALAY		Atalay Ocaklar AGO - 473 T 1 x Ø100 400 x 730 x 300	21706.0					NO_MATCH	NO_MATCH	LOW	NOT_FOUND	https://equsto.com/shop/ago-473t		No match found on Mutbex
ATALAY	Atalay Endüstriyel Mutfak Ekipmanları	Pişirme	Ocaklar	AGO-490S	ATALAY		Atalay Ocaklar AGO - 490 S 2 x Ø100 2 x 10,5	25148.0					NO_MATCH	NO_MATCH	LOW	NOT_FOUND	https://equsto.com/shop/ago-490s		No match found on Mutbex
ATALAY	Atalay Endüstriyel Mutfak Ekipmanları	Pişirme	Ocaklar	AGO-870	ATALAY		Atalay Ocaklar AGO - 870 4 x Ø80 4 x 5 kW	34677.0					NO_MATCH	NO_MATCH	LOW	NOT_FOUND	https://equsto.com/shop/ago-870		No match found on Mutbex
ATALAY	Atalay Endüstriyel Mutfak Ekipmanları	Pişirme	Ocaklar	AGO-873	ATALAY		Atalay Ocaklar AGO - 873 4 x Ø80 800 x 730 x 300	38913.0					NO_MATCH	NO_MATCH	LOW	NOT_FOUND	https://equsto.com/shop/ago-873		No match found on Mutbex
ATALAY	Atalay Endüstriyel Mutfak Ekipmanları	Pişirme	Ocaklar	AGO-873T	ATALAY		Atalay Ocaklar AGO - 873 T 2 x Ø100 800 x 730 x 300	29912.0					NO_MATCH	NO_MATCH	LOW	NOT_FOUND	https://equsto.com/shop/ago-873t		No match found on Mutbex
ATALAY	Atalay Endüstriyel Mutfak Ekipmanları	Pişirme	Ocaklar	AGO-890S	ATALAY		Atalay Ocaklar AGO - 890 S 4 x Ø100 4 x 10,5	49236.0					NO_MATCH	NO_MATCH	LOW	NOT_FOUND	https://equsto.com/shop/ago-890s		No match found on Mutbex
ATALAY	Atalay Endüstriyel Mutfak Ekipmanları	Pişirme	Ocaklar	AIO-1273	ATALAY		Atalay Ocaklar AIO - 1273 6 1200 x 730 x 300	184504.0					NO_MATCH	NO_MATCH	LOW	NOT_FOUND	https://equsto.com/shop/aio-1273		No match found on Mutbex
ATALAY	Atalay Endüstriyel Mutfak Ekipmanları	Pişirme	Ocaklar	AIO-473	ATALAY		Atalay Ocaklar AIO - 473 2 400 x 730 x 300	67766.0					NO_MATCH	NO_MATCH	LOW	NOT_FOUND	https://equsto.com/shop/aio-473		No match found on Mutbex
ATALAY	Atalay Endüstriyel Mutfak Ekipmanları	Pişirme	Ocaklar	AIO-873	ATALAY		Atalay Ocaklar AIO - 873 4 800 x 730 x 300	137650.0					NO_MATCH	NO_MATCH	LOW	NOT_FOUND	https://equsto.com/shop/aio-873		No match found on Mutbex
ATALAY	Atalay Endüstriyel Mutfak Ekipmanları	Pişirme	Ocaklar	EAEO-1060	ATALAY		Atalay Ocaklar E AEO - 1060 6 x Ø180 1000 x 600 x 300	29912.0					NO_MATCH	NO_MATCH	LOW	NOT_FOUND	https://equsto.com/shop/eaeo-1060		No match found on Mutbex
ATALAY	Atalay Endüstriyel Mutfak Ekipmanları	Pişirme	Ocaklar	EAEO-360	ATALAY		Atalay Ocaklar E AEO - 360 2 x Ø180 300 x 600 x 300	12706.0					NO_MATCH	NO_MATCH	LOW	NOT_FOUND	https://equsto.com/shop/eaeo-360		No match found on Mutbex
ATALAY	Atalay Endüstriyel Mutfak Ekipmanları	Pişirme	Ocaklar	EAEO-460	ATALAY		Atalay Ocaklar E AEO - 460 2 x Ø180 400 x 600 x 300	13236.0					NO_MATCH	NO_MATCH	LOW	NOT_FOUND	https://equsto.com/shop/eaeo-460		No match found on Mutbex
ATALAY	Atalay Endüstriyel Mutfak Ekipmanları	Pişirme	Ocaklar	EAEO-660	ATALAY		Atalay Ocaklar E AEO - 660 4 x Ø180 600 x 600 x 300	21706.0					NO_MATCH	NO_MATCH	LOW	NOT_FOUND	https://equsto.com/shop/eaeo-660		No match found on Mutbex
ATALAY	Atalay Endüstriyel Mutfak Ekipmanları	Pişirme	Ocaklar	EAEO-860	ATALAY		Atalay Ocaklar E AEO - 860 4 x Ø180 800 x 600 x 300	23030.0					NO_MATCH	NO_MATCH	LOW	NOT_FOUND	https://equsto.com/shop/eaeo-860		No match found on Mutbex
ATALAY	Atalay Endüstriyel Mutfak Ekipmanları	Pişirme	Ocaklar	EAGO-1060	ATALAY		Atalay Ocaklar E AGO - 1060 6 x Ø80 1000 x 600 x 300	47648.0					NO_MATCH	NO_MATCH	LOW	NOT_FOUND	https://equsto.com/shop/eago-1060		No match found on Mutbex
ATALAY	Atalay Endüstriyel Mutfak Ekipmanları	Pişirme	Ocaklar	EAGO-360	ATALAY		Atalay Ocaklar E AGO - 360 2 x Ø80 300 x 600 x 300	17471.0					NO_MATCH	NO_MATCH	LOW	NOT_FOUND	https://equsto.com/shop/eago-360		No match found on Mutbex
ATALAY	Atalay Endüstriyel Mutfak Ekipmanları	Pişirme	Ocaklar	EAGO-460	ATALAY		Atalay Ocaklar E AGO - 460 2 x Ø80 400 x 600 x 300	19853.0					NO_MATCH	NO_MATCH	LOW	NOT_FOUND	https://equsto.com/shop/eago-460		No match found on Mutbex
ATALAY	Atalay Endüstriyel Mutfak Ekipmanları	Pişirme	Ocaklar	EAGO-660	ATALAY		Atalay Ocaklar E AGO - 660 4 x Ø80 600 x 600 x 300	32030.0					NO_MATCH	NO_MATCH	LOW	NOT_FOUND	https://equsto.com/shop/eago-660		No match found on Mutbex
ATALAY	Atalay Endüstriyel Mutfak Ekipmanları	Pişirme	Ocaklar	EAGO-860	ATALAY		Atalay Ocaklar E AGO - 860 4 x Ø80 800 x 600 x 300	32824.0					NO_MATCH	NO_MATCH	LOW	NOT_FOUND	https://equsto.com/shop/eago-860		No match found on Mutbex
ATALAY	Atalay Endüstriyel Mutfak Ekipmanları	Pişirme	Ocaklar	EAGO-860T	ATALAY		Atalay Ocaklar E AGO - 860 T 2 x Ø100 2 x 5	26736.0					NO_MATCH	NO_MATCH	LOW	NOT_FOUND	https://equsto.com/shop/eago-860t		No match found on Mutbex
ATALAY	Atalay Endüstriyel Mutfak Ekipmanları	Pişirme	Ocaklar	EAGO460T	ATALAY		Atalay Ocaklar E AGO 460 T 1 x Ø100 400 x 600 x 300	15353.0					NO_MATCH	NO_MATCH	LOW	NOT_FOUND	https://equsto.com/shop/eago460t		No match found on Mutbex
ATALAY	Atalay Endüstriyel Mutfak Ekipmanları	Pişirme	Ocaklar	AGO-1270Y	ATALAY		Atalay Wok Ocaklar AGO - 1270 Y 3 x Ø100 3 x 10	39442.0					NO_MATCH	NO_MATCH	LOW	NOT_FOUND	https://equsto.com/shop/ago-1270y		No match found on Mutbex
ATALAY	Atalay Endüstriyel Mutfak Ekipmanları	Pişirme	Ocaklar	AGO-470Y	ATALAY		Atalay Wok Ocaklar AGO - 470 Y 1 x Ø100 400 x 700 x 300	18795.0					NO_MATCH	NO_MATCH	LOW	NOT_FOUND	https://equsto.com/shop/ago-470y		No match found on Mutbex
ATALAY	Atalay Endüstriyel Mutfak Ekipmanları	Pişirme	Ocaklar	AGO-870Y	ATALAY		Atalay Wok Ocaklar AGO - 870 Y 2 x Ø100 2 x 10	28854.0					NO_MATCH	NO_MATCH	LOW	NOT_FOUND	https://equsto.com/shop/ago-870y		No match found on Mutbex
ATALAY	Atalay Endüstriyel Mutfak Ekipmanları	Pişirme	Patates Dinlendirme	APD-473	ATALAY		Atalay Fritözler APD - 473 Yekpare 400 x 730 x 300	16942.0					NO_MATCH	NO_MATCH	LOW	NOT_FOUND	https://equsto.com/shop/apd-473		No match found on Mutbex
ATALAY	Atalay Endüstriyel Mutfak Ekipmanları	Pişirme	Pilic Cevirme Makineleri	APME-02	ATALAY		Atalay APME - 02 2 1130 x 500 x 830	51884.0					NO_MATCH	NO_MATCH	LOW	NOT_FOUND	https://equsto.com/shop/apme-02		No match found on Mutbex
ATALAY	Atalay Endüstriyel Mutfak Ekipmanları	Pişirme	Pilic Cevirme Makineleri	APME-04	ATALAY		Atalay APME - 04 4 1130 x 500 x 1210	70678.0					NO_MATCH	NO_MATCH	LOW	NOT_FOUND	https://equsto.com/shop/apme-04		No match found on Mutbex
ATALAY	Atalay Endüstriyel Mutfak Ekipmanları	Pişirme	Pilic Cevirme Makineleri	APME-06	ATALAY		Atalay APME - 06 6 1130 x 500 x 1475	83384.0					NO_MATCH	NO_MATCH	LOW	NOT_FOUND	https://equsto.com/shop/apme-06		No match found on Mutbex
ATALAY	Atalay Endüstriyel Mutfak Ekipmanları	Pişirme	Pilic Cevirme Makineleri	APMG-02	ATALAY		Atalay APMG - 02 2 1130 x 500 x 830	52678.0					NO_MATCH	NO_MATCH	LOW	NOT_FOUND	https://equsto.com/shop/apmg-02		No match found on Mutbex
ATALAY	Atalay Endüstriyel Mutfak Ekipmanları	Pişirme	Pilic Cevirme Makineleri	APMG-04	ATALAY		Atalay APMG - 04 4 1130 x 500 x 1210	74119.0					NO_MATCH	NO_MATCH	LOW	NOT_FOUND	https://equsto.com/shop/apmg-04		No match found on Mutbex
ATALAY	Atalay Endüstriyel Mutfak Ekipmanları	Pişirme	Pilic Cevirme Makineleri	APMG-06	ATALAY		Atalay APMG - 06 6 1130 x 500 x 1475	91326.0					NO_MATCH	NO_MATCH	LOW	NOT_FOUND	https://equsto.com/shop/apmg-06		No match found on Mutbex
ATALAY	Atalay Endüstriyel Mutfak Ekipmanları	Pişirme	Pilic Cevirme Makineleri	APMG-08	ATALAY		Atalay APMG - 08 8 1130 x 500 x 1850	110120.0					NO_MATCH	NO_MATCH	LOW	NOT_FOUND	https://equsto.com/shop/apmg-08		No match found on Mutbex
ATALAY	Atalay Endüstriyel Mutfak Ekipmanları	Pişirme	Pizza Firinlari	APF-40/1	ATALAY		Atalay APF - 40/1 230 V 650 x 510 x 290	25677.0					NO_MATCH	NO_MATCH	LOW	NOT_FOUND	https://equsto.com/shop/apf-40/1		No match found on Mutbex
ATALAY	Atalay Endüstriyel Mutfak Ekipmanları	Pişirme	Pizza Firinlari	APF-40/2	ATALAY		Atalay APF - 40/2 400 V 650 x 510 x 500	35471.0					NO_MATCH	NO_MATCH	LOW	NOT_FOUND	https://equsto.com/shop/apf-40/2		No match found on Mutbex
ATALAY	Atalay Endüstriyel Mutfak Ekipmanları	Pişirme	Pizza Firinlari	APF-50/1	ATALAY		Atalay APF - 50/1 400 V 800 x 640 x 360	29383.0					NO_MATCH	NO_MATCH	LOW	NOT_FOUND	https://equsto.com/shop/apf-50/1		No match found on Mutbex
ATALAY	Atalay Endüstriyel Mutfak Ekipmanları	Pişirme	Pizza Firinlari	APF-50/2	ATALAY		Atalay APF - 50/2 400 V 800 x 640 x 500	41560.0	Atalay Çift Katlı Elektrikli Pizza Fırını, 8 Pizza Kapasiteli, APF-50-2	63867.6	-22307.6	-34.93	EQUSTO_DAHA_UCUZ	EXACT_MODEL	HIGH	IN_STOCK	https://equsto.com/shop/apf-50/2	https://www.mutbex.com/atalay-cift-katli-elektrikli-pizza-firini-8-pizza-kapasiteli-apf-50-2	match_method=EXACT_MODEL; mutbex_code=042.APF.50.2
ATALAY	Atalay Endüstriyel Mutfak Ekipmanları	Pişirme	Pizza Firinlari	APF-62/1	ATALAY		Atalay APF - 62/1 400 V 890 x 720 x 430	33618.0	Atalay Tek Katlı Elektrikli Pizza Fırını, 4 Pizza Kapasiteli, APF-62-1	51663.6	-18045.6	-34.93	EQUSTO_DAHA_UCUZ	EXACT_MODEL	HIGH	IN_STOCK	https://equsto.com/shop/apf-62/1	https://www.mutbex.com/atalay-tek-katli-elektrikli-pizza-firini-4-pizza-kapasiteli-apf-62-1	match_method=EXACT_MODEL; mutbex_code=042.APF.62.1
ATALAY	Atalay Endüstriyel Mutfak Ekipmanları	Pişirme	Pizza Firinlari	APF-62/2	ATALAY		Atalay APF - 62/2 400 V 890 x 720 x 760	52942.0	Atalay Çift Katlı Elektrikli Pizza Fırını, 8 Pizza Kapasiteli, APF-62-2	81360	-28418.0	-34.93	EQUSTO_DAHA_UCUZ	EXACT_MODEL	HIGH	IN_STOCK	https://equsto.com/shop/apf-62/2	https://www.mutbex.com/atalay-cift-katli-elektrikli-pizza-firini-8-pizza-kapasiteli-apf-62-2	match_method=EXACT_MODEL; mutbex_code=042.APF.62.2
ATALAY	Atalay Endüstriyel Mutfak Ekipmanları	Pişirme	Pizza Firinlari	APF-92/1	ATALAY		Atalay APF - 92/1 400 V 1190 x 1030 x 430	60884.0					NO_MATCH	NO_MATCH	LOW	NOT_FOUND	https://equsto.com/shop/apf-92/1		No match found on Mutbex
ATALAY	Atalay Endüstriyel Mutfak Ekipmanları	Pişirme	Pizza Firinlari	APF-92/2	ATALAY		Atalay APF - 92/2 400 V 1190 x 1030 x 760	96620.0					NO_MATCH	NO_MATCH	LOW	NOT_FOUND	https://equsto.com/shop/apf-92/2		No match found on Mutbex
ATALAY	Atalay Endüstriyel Mutfak Ekipmanları	Pişirme	Pizza Firinlari	APF-962/1	ATALAY		Atalay APF - 962/1 400 V 1190 x 720 x 430	49236.0					NO_MATCH	NO_MATCH	LOW	NOT_FOUND	https://equsto.com/shop/apf-962/1		No match found on Mutbex
ATALAY	Atalay Endüstriyel Mutfak Ekipmanları	Pişirme	Pizza Firinlari	APF-962/2	ATALAY		Atalay APF - 962/2 400 V 1190 x 720 x 760	74913.0	Atalay Çift Katlı Elektrikli Pizza Fırını, 12 Pizza Kapasiteli, APF-962-2	115124.4	-40211.399999999994	-34.93	EQUSTO_DAHA_UCUZ	EXACT_MODEL	HIGH	IN_STOCK	https://equsto.com/shop/apf-962/2	https://www.mutbex.com/atalay-cift-katli-elektrikli-pizza-firini-12-pizza-kapasiteli-apf-962-2	match_method=EXACT_MODEL; mutbex_code=042.APF.962.2
ATALAY	Atalay Endüstriyel Mutfak Ekipmanları	Pişirme	Sanayi Ocaklari	AGKO-473	ATALAY		Atalay Wok Ocaklar AGKO - 473 1 400 x 730 x 300	34942.0					NO_MATCH	NO_MATCH	LOW	NOT_FOUND	https://equsto.com/shop/agko-473		No match found on Mutbex
ATALAY	Atalay Endüstriyel Mutfak Ekipmanları	Pişirme	Sanayi Ocaklari	AGKO-873	ATALAY		Atalay Wok Ocaklar AGKO - 873 1 800 x 730 x 300	51354.0					NO_MATCH	NO_MATCH	LOW	NOT_FOUND	https://equsto.com/shop/agko-873		No match found on Mutbex
ATALAY	Atalay Endüstriyel Mutfak Ekipmanları	Pişirme	Sanayi Ocaklari	AWO-470	ATALAY		Atalay Wok Ocaklar AWO - 470 1 400 x 700 x 300	25412.0					NO_MATCH	NO_MATCH	LOW	NOT_FOUND	https://equsto.com/shop/awo-470		No match found on Mutbex
ATALAY	Atalay Endüstriyel Mutfak Ekipmanları	Pişirme	Sanayi Ocaklari	AWO-490	ATALAY		Atalay Wok Ocaklar AWO - 490 1 400 x 900 x 850	37854.0					NO_MATCH	NO_MATCH	LOW	NOT_FOUND	https://equsto.com/shop/awo-490		No match found on Mutbex
ATALAY	Atalay Endüstriyel Mutfak Ekipmanları	Pişirme	Sanayi Ocaklari	AWO-870	ATALAY		Atalay Wok Ocaklar AWO - 870 2 2 x 12,5	43677.0					NO_MATCH	NO_MATCH	LOW	NOT_FOUND	https://equsto.com/shop/awo-870		No match found on Mutbex
ATALAY	Atalay Endüstriyel Mutfak Ekipmanları	Pişirme	Sanayi Ocaklari	AWO-873	ATALAY		Atalay Wok Ocaklar AWO - 873 2 800 x 730 x 300	50295.0					NO_MATCH	NO_MATCH	LOW	NOT_FOUND	https://equsto.com/shop/awo-873		No match found on Mutbex
ATALAY	Atalay Endüstriyel Mutfak Ekipmanları	Pişirme	Sanayi Ocaklari	AWO-890	ATALAY		Atalay Wok Ocaklar AWO - 890 2 2 x 12,5	62207.0					NO_MATCH	NO_MATCH	LOW	NOT_FOUND	https://equsto.com/shop/awo-890		No match found on Mutbex
ATALAY	Atalay Endüstriyel Mutfak Ekipmanları	Pişirme	Sanayi Ocaklari	AWO473	ATALAY		Atalay Wok Ocaklar AWO 473 1 400 x 730 x 300	29383.0					NO_MATCH	NO_MATCH	LOW	NOT_FOUND	https://equsto.com/shop/awo473		No match found on Mutbex
ATALAY	Atalay Endüstriyel Mutfak Ekipmanları	Pişirme	Sanayi Ocaklari	EAWO-860	ATALAY		Atalay Wok Ocaklar E AWO - 860 2 800 x 600 x 300	37060.0					NO_MATCH	NO_MATCH	LOW	NOT_FOUND	https://equsto.com/shop/eawo-860		No match found on Mutbex
ATALAY	Atalay Endüstriyel Mutfak Ekipmanları	Pişirme	Sanayi Ocaklari	EAWO460	ATALAY		Atalay Wok Ocaklar E AWO 460 1 400 x 600 x 300	21442.0					NO_MATCH	NO_MATCH	LOW	NOT_FOUND	https://equsto.com/shop/eawo460		No match found on Mutbex
ATALAY	Atalay Endüstriyel Mutfak Ekipmanları	Pişirme	Sanayi Tipi İzgaralar	AGI-490/NCR	ATALAY		Atalay AGI - 490 / N CR Nervürlü 400 x 900 x 850	45266.0					NO_MATCH	NO_MATCH	LOW	NOT_FOUND	https://equsto.com/shop/agi-490/ncr		No match found on Mutbex
ATALAY	Atalay Endüstriyel Mutfak Ekipmanları	Pişirme	Sanayi Tipi İzgaralar	AGI-490/N	ATALAY		Atalay AGI - 490 / N Nervürlü 400 x 900 x 850	38119.0					NO_MATCH	NO_MATCH	LOW	NOT_FOUND	https://equsto.com/shop/agi-490/n		No match found on Mutbex
ATALAY	Atalay Endüstriyel Mutfak Ekipmanları	Pişirme	Sanayi Tipi İzgaralar	AGI-490CR	ATALAY		Atalay AGI - 490 CR Düz 400 x 900 x 850	39972.0					NO_MATCH	NO_MATCH	LOW	NOT_FOUND	https://equsto.com/shop/agi-490cr		No match found on Mutbex
ATALAY	Atalay Endüstriyel Mutfak Ekipmanları	Pişirme	Sanayi Tipi İzgaralar	AGI-490	ATALAY		Atalay AGI - 490 Düz 400 x 900 x 850	33883.0					NO_MATCH	NO_MATCH	LOW	NOT_FOUND	https://equsto.com/shop/agi-490		No match found on Mutbex
ATALAY	Atalay Endüstriyel Mutfak Ekipmanları	Pişirme	Sanayi Tipi İzgaralar	AGI-890/NCR	ATALAY		Atalay AGI - 890 / N CR Nervürlü 800 x 900 x 850	70413.0					NO_MATCH	NO_MATCH	LOW	NOT_FOUND	https://equsto.com/shop/agi-890/ncr		No match found on Mutbex
ATALAY	Atalay Endüstriyel Mutfak Ekipmanları	Pişirme	Sanayi Tipi İzgaralar	AGI-890/N	ATALAY		Atalay AGI - 890 / N Nervürlü 800 x 900 x 850	56648.0					NO_MATCH	NO_MATCH	LOW	NOT_FOUND	https://equsto.com/shop/agi-890/n		No match found on Mutbex
ATALAY	Atalay Endüstriyel Mutfak Ekipmanları	Pişirme	Sanayi Tipi İzgaralar	AGI-890/NDCR	ATALAY		Atalay AGI - 890 / ND CR Nervürlü+Düz 800 x 900 x 850	69619.0					NO_MATCH	NO_MATCH	LOW	NOT_FOUND	https://equsto.com/shop/agi-890/ndcr		No match found on Mutbex
ATALAY	Atalay Endüstriyel Mutfak Ekipmanları	Pişirme	Sanayi Tipi İzgaralar	AGI-890/ND	ATALAY		Atalay AGI - 890 / ND Nervürlü+Düz 800 x 900 x 850	56119.0					NO_MATCH	NO_MATCH	LOW	NOT_FOUND	https://equsto.com/shop/agi-890/nd		No match found on Mutbex
ATALAY	Atalay Endüstriyel Mutfak Ekipmanları	Pişirme	Sanayi Tipi İzgaralar	AGI-890CR	ATALAY		Atalay AGI - 890 CR Düz 800 x 900 x 850	68825.0					NO_MATCH	NO_MATCH	LOW	NOT_FOUND	https://equsto.com/shop/agi-890cr		No match found on Mutbex
ATALAY	Atalay Endüstriyel Mutfak Ekipmanları	Pişirme	Sanayi Tipi İzgaralar	AGI-890	ATALAY		Atalay AGI - 890 Düz 800 x 900 x 850	55060.0					NO_MATCH	NO_MATCH	LOW	NOT_FOUND	https://equsto.com/shop/agi-890		No match found on Mutbex
ATALAY	Atalay Endüstriyel Mutfak Ekipmanları	Pişirme	Sanayi Tipi İzgaralar	AAIE-473	ATALAY		Atalay Amerikan Izgaralar AAIE - 473 380-415 V 400 x 730 x 300	33354.0					NO_MATCH	NO_MATCH	LOW	NOT_FOUND	https://equsto.com/shop/aaie-473		No match found on Mutbex
ATALAY	Atalay Endüstriyel Mutfak Ekipmanları	Pişirme	Sanayi Tipi İzgaralar	AAIE-673	ATALAY		Atalay Amerikan Izgaralar AAIE - 673 380-415 V 600 x 730 x 300	39972.0					NO_MATCH	NO_MATCH	LOW	NOT_FOUND	https://equsto.com/shop/aaie-673		No match found on Mutbex
ATALAY	Atalay Endüstriyel Mutfak Ekipmanları	Pişirme	Sanayi Tipi İzgaralar	AAIG-1270	ATALAY		Atalay Amerikan Izgaralar AAIG - 1270 1,581 kg / h 1200 x 700 x 300	60354.0					NO_MATCH	NO_MATCH	LOW	NOT_FOUND	https://equsto.com/shop/aaig-1270		No match found on Mutbex
ATALAY	Atalay Endüstriyel Mutfak Ekipmanları	Pişirme	Sanayi Tipi İzgaralar	AAIG-1273	ATALAY		Atalay Amerikan Izgaralar AAIG - 1273 1,581 kg / h 1200 x 730 x 300	70413.0					NO_MATCH	NO_MATCH	LOW	NOT_FOUND	https://equsto.com/shop/aaig-1273		No match found on Mutbex
ATALAY	Atalay Endüstriyel Mutfak Ekipmanları	Pişirme	Sanayi Tipi İzgaralar	AAIG-1290	ATALAY		Atalay Amerikan Izgaralar AAIG - 1290 2,465 kg / h 1200 x 900 x 850	84973.0					NO_MATCH	NO_MATCH	LOW	NOT_FOUND	https://equsto.com/shop/aaig-1290		No match found on Mutbex
ATALAY	Atalay Endüstriyel Mutfak Ekipmanları	Pişirme	Sanayi Tipi İzgaralar	AAIG-1290S	ATALAY		Atalay Amerikan Izgaralar AAIG - 1290 S 2,465 kg / h 1200 x 900 x 300	72002.0					NO_MATCH	NO_MATCH	LOW	NOT_FOUND	https://equsto.com/shop/aaig-1290s		No match found on Mutbex
ATALAY	Atalay Endüstriyel Mutfak Ekipmanları	Pişirme	Sanayi Tipi İzgaralar	AAIG-470	ATALAY		Atalay Amerikan Izgaralar AAIG - 470 0,527 kg / h 400 x 700 x 300	30707.0					NO_MATCH	NO_MATCH	LOW	NOT_FOUND	https://equsto.com/shop/aaig-470		No match found on Mutbex
ATALAY	Atalay Endüstriyel Mutfak Ekipmanları	Pişirme	Sanayi Tipi İzgaralar	AAIG-473	ATALAY		Atalay Amerikan Izgaralar AAIG - 473 0,527 kg / h 400 x 730 x 300	35207.0					NO_MATCH	NO_MATCH	LOW	NOT_FOUND	https://equsto.com/shop/aaig-473		No match found on Mutbex
ATALAY	Atalay Endüstriyel Mutfak Ekipmanları	Pişirme	Sanayi Tipi İzgaralar	AAIG-490	ATALAY		Atalay Amerikan Izgaralar AAIG - 490 0,822 kg / h 400 x 900 x 850	39972.0					NO_MATCH	NO_MATCH	LOW	NOT_FOUND	https://equsto.com/shop/aaig-490		No match found on Mutbex
ATALAY	Atalay Endüstriyel Mutfak Ekipmanları	Pişirme	Sanayi Tipi İzgaralar	AAIG-490S	ATALAY		Atalay Amerikan Izgaralar AAIG - 490 S 0,822 kg / h 400 x 900 x 300	37324.0					NO_MATCH	NO_MATCH	LOW	NOT_FOUND	https://equsto.com/shop/aaig-490s		No match found on Mutbex
ATALAY	Atalay Endüstriyel Mutfak Ekipmanları	Pişirme	Sanayi Tipi İzgaralar	AAIG-670	ATALAY		Atalay Amerikan Izgaralar AAIG - 670 0,527 kg / h 600 x 700 x 300	37060.0					NO_MATCH	NO_MATCH	LOW	NOT_FOUND	https://equsto.com/shop/aaig-670		No match found on Mutbex
ATALAY	Atalay Endüstriyel Mutfak Ekipmanları	Pişirme	Sanayi Tipi İzgaralar	AAIG-673	ATALAY		Atalay Amerikan Izgaralar AAIG - 673 1,054 kg / h 600 x 730 x 300	41560.0					NO_MATCH	NO_MATCH	LOW	NOT_FOUND	https://equsto.com/shop/aaig-673		No match found on Mutbex
ATALAY	Atalay Endüstriyel Mutfak Ekipmanları	Pişirme	Sanayi Tipi İzgaralar	AAIG-870	ATALAY		Atalay Amerikan Izgaralar AAIG - 870 1,054 kg / h 800 x 700 x 300	46854.0					NO_MATCH	NO_MATCH	LOW	NOT_FOUND	https://equsto.com/shop/aaig-870		No match found on Mutbex
ATALAY	Atalay Endüstriyel Mutfak Ekipmanları	Pişirme	Sanayi Tipi İzgaralar	AAIG-873	ATALAY		Atalay Amerikan Izgaralar AAIG - 873 1,054 kg / h 800 x 730 x 300	54001.0					NO_MATCH	NO_MATCH	LOW	NOT_FOUND	https://equsto.com/shop/aaig-873		No match found on Mutbex
ATALAY	Atalay Endüstriyel Mutfak Ekipmanları	Pişirme	Sanayi Tipi İzgaralar	AAIG-890	ATALAY		Atalay Amerikan Izgaralar AAIG - 890 1,643 kg / h 800 x 900 x 850	57972.0					NO_MATCH	NO_MATCH	LOW	NOT_FOUND	https://equsto.com/shop/aaig-890		No match found on Mutbex
ATALAY	Atalay Endüstriyel Mutfak Ekipmanları	Pişirme	Sanayi Tipi İzgaralar	AAIG-890S	ATALAY		Atalay Amerikan Izgaralar AAIG - 890 S 1,643 kg / h 800 x 900 x 300	55060.0					NO_MATCH	NO_MATCH	LOW	NOT_FOUND	https://equsto.com/shop/aaig-890s		No match found on Mutbex
ATALAY	Atalay Endüstriyel Mutfak Ekipmanları	Pişirme	Sanayi Tipi İzgaralar	EAAIE-460	ATALAY		Atalay Amerikan Izgaralar E AAIE - 460 220-240 V 400 x 600 x 300	27265.0					NO_MATCH	NO_MATCH	LOW	NOT_FOUND	https://equsto.com/shop/eaaie-460		No match found on Mutbex
ATALAY	Atalay Endüstriyel Mutfak Ekipmanları	Pişirme	Sanayi Tipi İzgaralar	EAAIE-660	ATALAY		Atalay Amerikan Izgaralar E AAIE - 660 380-415 V 600 x 600 x 300	33089.0					NO_MATCH	NO_MATCH	LOW	NOT_FOUND	https://equsto.com/shop/eaaie-660		No match found on Mutbex
ATALAY	Atalay Endüstriyel Mutfak Ekipmanları	Pişirme	Sanayi Tipi İzgaralar	AEI-1273/NCR	ATALAY		Atalay Izgaralar AEI - 1273 / N CR Nervürlü 1200 x 730 x 300	74913.0					NO_MATCH	NO_MATCH	LOW	NOT_FOUND	https://equsto.com/shop/aei-1273/ncr		No match found on Mutbex
ATALAY	Atalay Endüstriyel Mutfak Ekipmanları	Pişirme	Sanayi Tipi İzgaralar	AEI-1273/N	ATALAY		Atalay Izgaralar AEI - 1273 / N Nervürlü 1200 x 730 x 300	59825.0					NO_MATCH	NO_MATCH	LOW	NOT_FOUND	https://equsto.com/shop/aei-1273/n		No match found on Mutbex
ATALAY	Atalay Endüstriyel Mutfak Ekipmanları	Pişirme	Sanayi Tipi İzgaralar	AEI-1273/NDCR	ATALAY		Atalay Izgaralar AEI - 1273 / ND CR Nervürlü + Düz 1200 x 730 x 300	74119.0					NO_MATCH	NO_MATCH	LOW	NOT_FOUND	https://equsto.com/shop/aei-1273/ndcr		No match found on Mutbex
ATALAY	Atalay Endüstriyel Mutfak Ekipmanları	Pişirme	Sanayi Tipi İzgaralar	AEI-1273/ND	ATALAY		Atalay Izgaralar AEI - 1273 / ND Nervürlü + Düz 1200 x 730 x 300	58237.0					NO_MATCH	NO_MATCH	LOW	NOT_FOUND	https://equsto.com/shop/aei-1273/nd		No match found on Mutbex
ATALAY	Atalay Endüstriyel Mutfak Ekipmanları	Pişirme	Sanayi Tipi İzgaralar	AEI-1273CR	ATALAY		Atalay Izgaralar AEI - 1273 CR Düz 1200 x 730 x 300	72796.0					NO_MATCH	NO_MATCH	LOW	NOT_FOUND	https://equsto.com/shop/aei-1273cr		No match found on Mutbex
ATALAY	Atalay Endüstriyel Mutfak Ekipmanları	Pişirme	Sanayi Tipi İzgaralar	AEI-1273	ATALAY		Atalay Izgaralar AEI - 1273 Düz 1200 x 730 x 300	50295.0					NO_MATCH	NO_MATCH	LOW	NOT_FOUND	https://equsto.com/shop/aei-1273		No match found on Mutbex
ATALAY	Atalay Endüstriyel Mutfak Ekipmanları	Pişirme	Sanayi Tipi İzgaralar	AEI-470/NCR	ATALAY		Atalay Izgaralar AEI - 470 / N CR Nervürlü 400 x 700 x 300	32030.0					NO_MATCH	NO_MATCH	LOW	NOT_FOUND	https://equsto.com/shop/aei-470/ncr		No match found on Mutbex
ATALAY	Atalay Endüstriyel Mutfak Ekipmanları	Pişirme	Sanayi Tipi İzgaralar	AEI-470/N	ATALAY		Atalay Izgaralar AEI - 470 / N Nervürlü 400 x 700 x 300	22765.0					NO_MATCH	NO_MATCH	LOW	NOT_FOUND	https://equsto.com/shop/aei-470/n		No match found on Mutbex
ATALAY	Atalay Endüstriyel Mutfak Ekipmanları	Pişirme	Sanayi Tipi İzgaralar	AEI-470CR	ATALAY		Atalay Izgaralar AEI - 470 CR Düz 400 x 700 x300	29118.0					NO_MATCH	NO_MATCH	LOW	NOT_FOUND	https://equsto.com/shop/aei-470cr		No match found on Mutbex
ATALAY	Atalay Endüstriyel Mutfak Ekipmanları	Pişirme	Sanayi Tipi İzgaralar	AEI-470	ATALAY		Atalay Izgaralar AEI - 470 Düz 400 x 700 x300	20383.0					NO_MATCH	NO_MATCH	LOW	NOT_FOUND	https://equsto.com/shop/aei-470		No match found on Mutbex
ATALAY	Atalay Endüstriyel Mutfak Ekipmanları	Pişirme	Sanayi Tipi İzgaralar	AEI-473/NCR	ATALAY		Atalay Izgaralar AEI - 473 / N CR Nervürlü 400 x 730 x 300	36795.0					NO_MATCH	NO_MATCH	LOW	NOT_FOUND	https://equsto.com/shop/aei-473/ncr		No match found on Mutbex
ATALAY	Atalay Endüstriyel Mutfak Ekipmanları	Pişirme	Sanayi Tipi İzgaralar	AEI-473/N	ATALAY		Atalay Izgaralar AEI - 473 / N Nervürlü 400 x 730 x 300	26206.0					NO_MATCH	NO_MATCH	LOW	NOT_FOUND	https://equsto.com/shop/aei-473/n		No match found on Mutbex
ATALAY	Atalay Endüstriyel Mutfak Ekipmanları	Pişirme	Sanayi Tipi İzgaralar	AEI-473CR	ATALAY		Atalay Izgaralar AEI - 473 CR Düz 400 x 730 x 300	33618.0					NO_MATCH	NO_MATCH	LOW	NOT_FOUND	https://equsto.com/shop/aei-473cr		No match found on Mutbex
ATALAY	Atalay Endüstriyel Mutfak Ekipmanları	Pişirme	Sanayi Tipi İzgaralar	AEI-473	ATALAY		Atalay Izgaralar AEI - 473 Düz 400 x 730 x 300	23559.0					NO_MATCH	NO_MATCH	LOW	NOT_FOUND	https://equsto.com/shop/aei-473		No match found on Mutbex
ATALAY	Atalay Endüstriyel Mutfak Ekipmanları	Pişirme	Sanayi Tipi İzgaralar	AEI-490/NCR	ATALAY		Atalay Izgaralar AEI - 490 / N CR Nervürlü 400 x 900 x 850	43148.0					NO_MATCH	NO_MATCH	LOW	NOT_FOUND	https://equsto.com/shop/aei-490/ncr		No match found on Mutbex
ATALAY	Atalay Endüstriyel Mutfak Ekipmanları	Pişirme	Sanayi Tipi İzgaralar	AEI-490/N	ATALAY		Atalay Izgaralar AEI - 490 / N Nervürlü 400 x 900 x 850	37060.0					NO_MATCH	NO_MATCH	LOW	NOT_FOUND	https://equsto.com/shop/aei-490/n		No match found on Mutbex
ATALAY	Atalay Endüstriyel Mutfak Ekipmanları	Pişirme	Sanayi Tipi İzgaralar	AEI-490/NSCR	ATALAY		Atalay Izgaralar AEI - 490 / N S CR Nervürlü 400 x 900 x 300	37060.0					NO_MATCH	NO_MATCH	LOW	NOT_FOUND	https://equsto.com/shop/aei-490/nscr		No match found on Mutbex
ATALAY	Atalay Endüstriyel Mutfak Ekipmanları	Pişirme	Sanayi Tipi İzgaralar	AEI-490/NS	ATALAY		Atalay Izgaralar AEI - 490 / N S Nervürlü 400 x 900 x 300	29648.0					NO_MATCH	NO_MATCH	LOW	NOT_FOUND	https://equsto.com/shop/aei-490/ns		No match found on Mutbex
ATALAY	Atalay Endüstriyel Mutfak Ekipmanları	Pişirme	Sanayi Tipi İzgaralar	AEI-490CR	ATALAY		Atalay Izgaralar AEI - 490 CR Düz 400 x 900 x 850	38383.0					NO_MATCH	NO_MATCH	LOW	NOT_FOUND	https://equsto.com/shop/aei-490cr		No match found on Mutbex
ATALAY	Atalay Endüstriyel Mutfak Ekipmanları	Pişirme	Sanayi Tipi İzgaralar	AEI-490	ATALAY		Atalay Izgaralar AEI - 490 Düz 400 x 900 x 850	32030.0					NO_MATCH	NO_MATCH	LOW	NOT_FOUND	https://equsto.com/shop/aei-490		No match found on Mutbex
ATALAY	Atalay Endüstriyel Mutfak Ekipmanları	Pişirme	Sanayi Tipi İzgaralar	AEI-490SCR	ATALAY		Atalay Izgaralar AEI - 490 S CR Düz 400 x 900 x 300	33354.0					NO_MATCH	NO_MATCH	LOW	NOT_FOUND	https://equsto.com/shop/aei-490scr		No match found on Mutbex
ATALAY	Atalay Endüstriyel Mutfak Ekipmanları	Pişirme	Sanayi Tipi İzgaralar	AEI-490S	ATALAY		Atalay Izgaralar AEI - 490 S Düz 400 x 900 x 300	24354.0					NO_MATCH	NO_MATCH	LOW	NOT_FOUND	https://equsto.com/shop/aei-490s		No match found on Mutbex
ATALAY	Atalay Endüstriyel Mutfak Ekipmanları	Pişirme	Sanayi Tipi İzgaralar	AEI-670/NCR	ATALAY		Atalay Izgaralar AEI - 670 / N CR Nervürlü 600 x 700 x 300	41030.0					NO_MATCH	NO_MATCH	LOW	NOT_FOUND	https://equsto.com/shop/aei-670/ncr		No match found on Mutbex
ATALAY	Atalay Endüstriyel Mutfak Ekipmanları	Pişirme	Sanayi Tipi İzgaralar	AEI-670CR	ATALAY		Atalay Izgaralar AEI - 670 CR Düz 600 x 700 x 300	37060.0					NO_MATCH	NO_MATCH	LOW	NOT_FOUND	https://equsto.com/shop/aei-670cr		No match found on Mutbex
ATALAY	Atalay Endüstriyel Mutfak Ekipmanları	Pişirme	Sanayi Tipi İzgaralar	AEI-670	ATALAY		Atalay Izgaralar AEI - 670 Düz 600 x 700 x 300	26471.0					NO_MATCH	NO_MATCH	LOW	NOT_FOUND	https://equsto.com/shop/aei-670		No match found on Mutbex
ATALAY	Atalay Endüstriyel Mutfak Ekipmanları	Pişirme	Sanayi Tipi İzgaralar	AEI-673/NCR	ATALAY		Atalay Izgaralar AEI - 673 / N CR Nervürlü 600 x 730 x 300	47119.0					NO_MATCH	NO_MATCH	LOW	NOT_FOUND	https://equsto.com/shop/aei-673/ncr		No match found on Mutbex
ATALAY	Atalay Endüstriyel Mutfak Ekipmanları	Pişirme	Sanayi Tipi İzgaralar	AEI-673/N	ATALAY		Atalay Izgaralar AEI - 673 / N Nervürlü 600 x 730 x 300	33354.0					NO_MATCH	NO_MATCH	LOW	NOT_FOUND	https://equsto.com/shop/aei-673/n		No match found on Mutbex
ATALAY	Atalay Endüstriyel Mutfak Ekipmanları	Pişirme	Sanayi Tipi İzgaralar	AEI-673/NDCR	ATALAY		Atalay Izgaralar AEI - 673 / ND CR Nervürlü + Düz 600 x 730 x 300	46060.0					NO_MATCH	NO_MATCH	LOW	NOT_FOUND	https://equsto.com/shop/aei-673/ndcr		No match found on Mutbex
ATALAY	Atalay Endüstriyel Mutfak Ekipmanları	Pişirme	Sanayi Tipi İzgaralar	AEI-673/ND	ATALAY		Atalay Izgaralar AEI - 673 / ND Nervürlü + Düz 600 x 730 x 300	32824.0					NO_MATCH	NO_MATCH	LOW	NOT_FOUND	https://equsto.com/shop/aei-673/nd		No match found on Mutbex
ATALAY	Atalay Endüstriyel Mutfak Ekipmanları	Pişirme	Sanayi Tipi İzgaralar	AEI-673CR	ATALAY		Atalay Izgaralar AEI - 673 CR Düz 600 x 730 x 300	42883.0					NO_MATCH	NO_MATCH	LOW	NOT_FOUND	https://equsto.com/shop/aei-673cr		No match found on Mutbex
ATALAY	Atalay Endüstriyel Mutfak Ekipmanları	Pişirme	Sanayi Tipi İzgaralar	AEI-673	ATALAY		Atalay Izgaralar AEI - 673 Düz 600 x 730 x 300	30177.0					NO_MATCH	NO_MATCH	LOW	NOT_FOUND	https://equsto.com/shop/aei-673		No match found on Mutbex
ATALAY	Atalay Endüstriyel Mutfak Ekipmanları	Pişirme	Sanayi Tipi İzgaralar	AEI-870/NCR	ATALAY		Atalay Izgaralar AEI - 870 / N CR Nervürlü 800 x 700 x 300	51884.0					NO_MATCH	NO_MATCH	LOW	NOT_FOUND	https://equsto.com/shop/aei-870/ncr		No match found on Mutbex
ATALAY	Atalay Endüstriyel Mutfak Ekipmanları	Pişirme	Sanayi Tipi İzgaralar	AEI-870CR	ATALAY		Atalay Izgaralar AEI - 870 CR Düz 800 x 700 x 300	44736.0					NO_MATCH	NO_MATCH	LOW	NOT_FOUND	https://equsto.com/shop/aei-870cr		No match found on Mutbex
ATALAY	Atalay Endüstriyel Mutfak Ekipmanları	Pişirme	Sanayi Tipi İzgaralar	AEI-870	ATALAY		Atalay Izgaralar AEI - 870 Düz 800 x 700 x 300	31236.0					NO_MATCH	NO_MATCH	LOW	NOT_FOUND	https://equsto.com/shop/aei-870		No match found on Mutbex
ATALAY	Atalay Endüstriyel Mutfak Ekipmanları	Pişirme	Sanayi Tipi İzgaralar	AEI-870/NDCR	ATALAY		Atalay Izgaralar AEI - 870/ND CR Nervürlü+Düz 800 x 700 x 300	50560.0					NO_MATCH	NO_MATCH	LOW	NOT_FOUND	https://equsto.com/shop/aei-870/ndcr		No match found on Mutbex
ATALAY	Atalay Endüstriyel Mutfak Ekipmanları	Pişirme	Sanayi Tipi İzgaralar	AEI-873/NCR	ATALAY		Atalay Izgaralar AEI - 873 / N CR Nervürlü 800 x 730 x 300	57707.0					NO_MATCH	NO_MATCH	LOW	NOT_FOUND	https://equsto.com/shop/aei-873/ncr		No match found on Mutbex
ATALAY	Atalay Endüstriyel Mutfak Ekipmanları	Pişirme	Sanayi Tipi İzgaralar	AEI-873/N	ATALAY		Atalay Izgaralar AEI - 873 / N Nervürlü 800 x 730 x 300	40501.0					NO_MATCH	NO_MATCH	LOW	NOT_FOUND	https://equsto.com/shop/aei-873/n		No match found on Mutbex
ATALAY	Atalay Endüstriyel Mutfak Ekipmanları	Pişirme	Sanayi Tipi İzgaralar	AEI-873/NDCR	ATALAY		Atalay Izgaralar AEI - 873 / ND CR Nervürlü + Düz 800 x 730 x 300	56384.0					NO_MATCH	NO_MATCH	LOW	NOT_FOUND	https://equsto.com/shop/aei-873/ndcr		No match found on Mutbex
ATALAY	Atalay Endüstriyel Mutfak Ekipmanları	Pişirme	Sanayi Tipi İzgaralar	AEI-873/ND	ATALAY		Atalay Izgaralar AEI - 873 / ND Nervürlü + Düz 800 x 730 x 300	39707.0					NO_MATCH	NO_MATCH	LOW	NOT_FOUND	https://equsto.com/shop/aei-873/nd		No match found on Mutbex
ATALAY	Atalay Endüstriyel Mutfak Ekipmanları	Pişirme	Sanayi Tipi İzgaralar	AEI-873CR	ATALAY		Atalay Izgaralar AEI - 873 CR Düz 800 x 730 x 300	51354.0					NO_MATCH	NO_MATCH	LOW	NOT_FOUND	https://equsto.com/shop/aei-873cr		No match found on Mutbex
ATALAY	Atalay Endüstriyel Mutfak Ekipmanları	Pişirme	Sanayi Tipi İzgaralar	AEI-873	ATALAY		Atalay Izgaralar AEI - 873 Düz 800 x 730 x 300	38383.0					NO_MATCH	NO_MATCH	LOW	NOT_FOUND	https://equsto.com/shop/aei-873		No match found on Mutbex
ATALAY	Atalay Endüstriyel Mutfak Ekipmanları	Pişirme	Sanayi Tipi İzgaralar	AEI-890/NCR	ATALAY		Atalay Izgaralar AEI - 890 / N CR Nervürlü 800 x 900 x 850	67237.0					NO_MATCH	NO_MATCH	LOW	NOT_FOUND	https://equsto.com/shop/aei-890/ncr		No match found on Mutbex
ATALAY	Atalay Endüstriyel Mutfak Ekipmanları	Pişirme	Sanayi Tipi İzgaralar	AEI-890/N	ATALAY		Atalay Izgaralar AEI - 890 / N Nervürlü 800 x 900 x 850	53207.0					NO_MATCH	NO_MATCH	LOW	NOT_FOUND	https://equsto.com/shop/aei-890/n		No match found on Mutbex
ATALAY	Atalay Endüstriyel Mutfak Ekipmanları	Pişirme	Sanayi Tipi İzgaralar	AEI-890/NSCR	ATALAY		Atalay Izgaralar AEI - 890 / N S CR Nervürlü 800 x 900 x 300	56648.0					NO_MATCH	NO_MATCH	LOW	NOT_FOUND	https://equsto.com/shop/aei-890/nscr		No match found on Mutbex
ATALAY	Atalay Endüstriyel Mutfak Ekipmanları	Pişirme	Sanayi Tipi İzgaralar	AEI-890/NS	ATALAY		Atalay Izgaralar AEI - 890 / N S Nervürlü 800 x 900 x 300	45266.0					NO_MATCH	NO_MATCH	LOW	NOT_FOUND	https://equsto.com/shop/aei-890/ns		No match found on Mutbex
ATALAY	Atalay Endüstriyel Mutfak Ekipmanları	Pişirme	Sanayi Tipi İzgaralar	AEI-890/NDCR	ATALAY		Atalay Izgaralar AEI - 890 / ND CR Nervürlü+Düz 800 x 900 x 850	66972.0					NO_MATCH	NO_MATCH	LOW	NOT_FOUND	https://equsto.com/shop/aei-890/ndcr		No match found on Mutbex
ATALAY	Atalay Endüstriyel Mutfak Ekipmanları	Pişirme	Sanayi Tipi İzgaralar	AEI-890/ND	ATALAY		Atalay Izgaralar AEI - 890 / ND Nervürlü+Düz 800 x 900 x 850	52942.0					NO_MATCH	NO_MATCH	LOW	NOT_FOUND	https://equsto.com/shop/aei-890/nd		No match found on Mutbex
ATALAY	Atalay Endüstriyel Mutfak Ekipmanları	Pişirme	Sanayi Tipi İzgaralar	AEI-890/NDSCR	ATALAY		Atalay Izgaralar AEI - 890 / ND S CR Nervürlü+Düz 800 x 900 x 300	53472.0					NO_MATCH	NO_MATCH	LOW	NOT_FOUND	https://equsto.com/shop/aei-890/ndscr		No match found on Mutbex
ATALAY	Atalay Endüstriyel Mutfak Ekipmanları	Pişirme	Sanayi Tipi İzgaralar	AEI-890/NDS	ATALAY		Atalay Izgaralar AEI - 890 / ND S Nervürlü+Düz 800 x 900 x 300	42354.0					NO_MATCH	NO_MATCH	LOW	NOT_FOUND	https://equsto.com/shop/aei-890/nds		No match found on Mutbex
ATALAY	Atalay Endüstriyel Mutfak Ekipmanları	Pişirme	Sanayi Tipi İzgaralar	AEI-890CR	ATALAY		Atalay Izgaralar AEI - 890 CR Düz 800 x 900 x 850	65913.0					NO_MATCH	NO_MATCH	LOW	NOT_FOUND	https://equsto.com/shop/aei-890cr		No match found on Mutbex
ATALAY	Atalay Endüstriyel Mutfak Ekipmanları	Pişirme	Sanayi Tipi İzgaralar	AEI-890	ATALAY		Atalay Izgaralar AEI - 890 Düz 800 x 900 x 850	52413.0					NO_MATCH	NO_MATCH	LOW	NOT_FOUND	https://equsto.com/shop/aei-890		No match found on Mutbex
ATALAY	Atalay Endüstriyel Mutfak Ekipmanları	Pişirme	Sanayi Tipi İzgaralar	AEI-890SCR	ATALAY		Atalay Izgaralar AEI - 890 S CR Düz 800 x 900 x 300	52678.0					NO_MATCH	NO_MATCH	LOW	NOT_FOUND	https://equsto.com/shop/aei-890scr		No match found on Mutbex
ATALAY	Atalay Endüstriyel Mutfak Ekipmanları	Pişirme	Sanayi Tipi İzgaralar	AEI-890S	ATALAY		Atalay Izgaralar AEI - 890 S Düz 800 x 900 x 300	42089.0					NO_MATCH	NO_MATCH	LOW	NOT_FOUND	https://equsto.com/shop/aei-890s		No match found on Mutbex
ATALAY	Atalay Endüstriyel Mutfak Ekipmanları	Pişirme	Sanayi Tipi İzgaralar	AEI-670/N	ATALAY		Atalay Izgaralar AEI-670 / N Nervürlü 600 x 700 x 300	29118.0					NO_MATCH	NO_MATCH	LOW	NOT_FOUND	https://equsto.com/shop/aei-670/n		No match found on Mutbex
ATALAY	Atalay Endüstriyel Mutfak Ekipmanları	Pişirme	Sanayi Tipi İzgaralar	AEI-670/NDCR	ATALAY		Atalay Izgaralar AEI-670 / ND CR Nervürlü+Düz 600 x 700 x 300	40236.0					NO_MATCH	NO_MATCH	LOW	NOT_FOUND	https://equsto.com/shop/aei-670/ndcr		No match found on Mutbex
ATALAY	Atalay Endüstriyel Mutfak Ekipmanları	Pişirme	Sanayi Tipi İzgaralar	AEI-670/ND	ATALAY		Atalay Izgaralar AEI-670 / ND Nervürlü+Düz 600 x 700 x 300	28589.0					NO_MATCH	NO_MATCH	LOW	NOT_FOUND	https://equsto.com/shop/aei-670/nd		No match found on Mutbex
ATALAY	Atalay Endüstriyel Mutfak Ekipmanları	Pişirme	Sanayi Tipi İzgaralar	AEI-870/N	ATALAY		Atalay Izgaralar AEI-870 / N Nervürlü 800 x 700 x 300	36266.0					NO_MATCH	NO_MATCH	LOW	NOT_FOUND	https://equsto.com/shop/aei-870/n		No match found on Mutbex
ATALAY	Atalay Endüstriyel Mutfak Ekipmanları	Pişirme	Sanayi Tipi İzgaralar	AEI-870/ND	ATALAY		Atalay Izgaralar AEI-870 / ND Nervürlü+Düz 800 x 700 x 300	34413.0					NO_MATCH	NO_MATCH	LOW	NOT_FOUND	https://equsto.com/shop/aei-870/nd		No match found on Mutbex
ATALAY	Atalay Endüstriyel Mutfak Ekipmanları	Pişirme	Sanayi Tipi İzgaralar	AGI-1273/NCR	ATALAY		Atalay Izgaralar AGI - 1273 / N CR Nervürlü 1200 x 730 x 300	80472.0					NO_MATCH	NO_MATCH	LOW	NOT_FOUND	https://equsto.com/shop/agi-1273/ncr		No match found on Mutbex
ATALAY	Atalay Endüstriyel Mutfak Ekipmanları	Pişirme	Sanayi Tipi İzgaralar	AGI-1273/N	ATALAY		Atalay Izgaralar AGI - 1273 / N Nervürlü 1200 x 730 x 300	63001.0					NO_MATCH	NO_MATCH	LOW	NOT_FOUND	https://equsto.com/shop/agi-1273/n		No match found on Mutbex
ATALAY	Atalay Endüstriyel Mutfak Ekipmanları	Pişirme	Sanayi Tipi İzgaralar	AGI-1273/NDCR	ATALAY		Atalay Izgaralar AGI - 1273 / ND CR Nervürlü + Düz 1200 x 730 x 300	74913.0					NO_MATCH	NO_MATCH	LOW	NOT_FOUND	https://equsto.com/shop/agi-1273/ndcr		No match found on Mutbex
ATALAY	Atalay Endüstriyel Mutfak Ekipmanları	Pişirme	Sanayi Tipi İzgaralar	AGI-1273/ND	ATALAY		Atalay Izgaralar AGI - 1273 / ND Nervürlü + Düz 1200 x 730 x 300	61413.0					NO_MATCH	NO_MATCH	LOW	NOT_FOUND	https://equsto.com/shop/agi-1273/nd		No match found on Mutbex
ATALAY	Atalay Endüstriyel Mutfak Ekipmanları	Pişirme	Sanayi Tipi İzgaralar	AGI-1273CR	ATALAY		Atalay Izgaralar AGI - 1273 CR Düz 1200 x 730 x 300	74649.0					NO_MATCH	NO_MATCH	LOW	NOT_FOUND	https://equsto.com/shop/agi-1273cr		No match found on Mutbex
ATALAY	Atalay Endüstriyel Mutfak Ekipmanları	Pişirme	Sanayi Tipi İzgaralar	AGI-1273	ATALAY		Atalay Izgaralar AGI - 1273 Düz 1200 x 730 x 300	57178.0					NO_MATCH	NO_MATCH	LOW	NOT_FOUND	https://equsto.com/shop/agi-1273		No match found on Mutbex
ATALAY	Atalay Endüstriyel Mutfak Ekipmanları	Pişirme	Sanayi Tipi İzgaralar	AGI-470CR	ATALAY		Atalay Izgaralar AGI - 470 CR Düz 400 x 700 x 300	33089.0					NO_MATCH	NO_MATCH	LOW	NOT_FOUND	https://equsto.com/shop/agi-470cr		No match found on Mutbex
ATALAY	Atalay Endüstriyel Mutfak Ekipmanları	Pişirme	Sanayi Tipi İzgaralar	AGI-470	ATALAY		Atalay Izgaralar AGI - 470 Düz 400 x 700 x 300	23559.0					NO_MATCH	NO_MATCH	LOW	NOT_FOUND	https://equsto.com/shop/agi-470		No match found on Mutbex
ATALAY	Atalay Endüstriyel Mutfak Ekipmanları	Pişirme	Sanayi Tipi İzgaralar	AGI-473/NCR	ATALAY		Atalay Izgaralar AGI - 473 / N CR Nervürlü 400 x 730 x 300	40236.0					NO_MATCH	NO_MATCH	LOW	NOT_FOUND	https://equsto.com/shop/agi-473/ncr		No match found on Mutbex
ATALAY	Atalay Endüstriyel Mutfak Ekipmanları	Pişirme	Sanayi Tipi İzgaralar	AGI-473/N	ATALAY		Atalay Izgaralar AGI - 473 / N Nervürlü 400 x 730 x 300	28854.0					NO_MATCH	NO_MATCH	LOW	NOT_FOUND	https://equsto.com/shop/agi-473/n		No match found on Mutbex
ATALAY	Atalay Endüstriyel Mutfak Ekipmanları	Pişirme	Sanayi Tipi İzgaralar	AGI-473CR	ATALAY		Atalay Izgaralar AGI - 473 CR Düz 400 x 730 x 300	38119.0					NO_MATCH	NO_MATCH	LOW	NOT_FOUND	https://equsto.com/shop/agi-473cr		No match found on Mutbex
ATALAY	Atalay Endüstriyel Mutfak Ekipmanları	Pişirme	Sanayi Tipi İzgaralar	AGI-473	ATALAY		Atalay Izgaralar AGI - 473 Düz 400 x 730 x 300	27265.0					NO_MATCH	NO_MATCH	LOW	NOT_FOUND	https://equsto.com/shop/agi-473		No match found on Mutbex
ATALAY	Atalay Endüstriyel Mutfak Ekipmanları	Pişirme	Sanayi Tipi İzgaralar	AGI-490/NSCR	ATALAY		Atalay Izgaralar AGI - 490 / N S CR Nervürlü 400 x 900 x 300	40766.0					NO_MATCH	NO_MATCH	LOW	NOT_FOUND	https://equsto.com/shop/agi-490/nscr		No match found on Mutbex
ATALAY	Atalay Endüstriyel Mutfak Ekipmanları	Pişirme	Sanayi Tipi İzgaralar	AGI-490/NS	ATALAY		Atalay Izgaralar AGI - 490 / N S Nervürlü 400 x 900 x 300	32030.0					NO_MATCH	NO_MATCH	LOW	NOT_FOUND	https://equsto.com/shop/agi-490/ns		No match found on Mutbex
ATALAY	Atalay Endüstriyel Mutfak Ekipmanları	Pişirme	Sanayi Tipi İzgaralar	AGI-490SCR	ATALAY		Atalay Izgaralar AGI - 490 S CR Düz 400 x 900 x 300	35471.0					NO_MATCH	NO_MATCH	LOW	NOT_FOUND	https://equsto.com/shop/agi-490scr		No match found on Mutbex
ATALAY	Atalay Endüstriyel Mutfak Ekipmanları	Pişirme	Sanayi Tipi İzgaralar	AGI-490S	ATALAY		Atalay Izgaralar AGI - 490 S Düz 400 x 900 x 300	28059.0					NO_MATCH	NO_MATCH	LOW	NOT_FOUND	https://equsto.com/shop/agi-490s		No match found on Mutbex
ATALAY	Atalay Endüstriyel Mutfak Ekipmanları	Pişirme	Sanayi Tipi İzgaralar	AGI-670CR	ATALAY		Atalay Izgaralar AGI - 670 CR Düz 600 x 700 x 300	44736.0					NO_MATCH	NO_MATCH	LOW	NOT_FOUND	https://equsto.com/shop/agi-670cr		No match found on Mutbex
ATALAY	Atalay Endüstriyel Mutfak Ekipmanları	Pişirme	Sanayi Tipi İzgaralar	AGI-670	ATALAY		Atalay Izgaralar AGI - 670 Düz 600 x 700 x 300	30177.0					NO_MATCH	NO_MATCH	LOW	NOT_FOUND	https://equsto.com/shop/agi-670		No match found on Mutbex
ATALAY	Atalay Endüstriyel Mutfak Ekipmanları	Pişirme	Sanayi Tipi İzgaralar	AGI-673/NCR	ATALAY		Atalay Izgaralar AGI - 673 / N CR Nervürlü 600 x 730 x 300	53737.0					NO_MATCH	NO_MATCH	LOW	NOT_FOUND	https://equsto.com/shop/agi-673/ncr		No match found on Mutbex
ATALAY	Atalay Endüstriyel Mutfak Ekipmanları	Pişirme	Sanayi Tipi İzgaralar	AGI-673/N	ATALAY		Atalay Izgaralar AGI - 673 / N Nervürlü 600 x 730 x 300	37324.0					NO_MATCH	NO_MATCH	LOW	NOT_FOUND	https://equsto.com/shop/agi-673/n		No match found on Mutbex
ATALAY	Atalay Endüstriyel Mutfak Ekipmanları	Pişirme	Sanayi Tipi İzgaralar	AGI-673/NDCR	ATALAY		Atalay Izgaralar AGI - 673 / ND CR Nervürlü + Düz 600 x 730 x 300	51354.0					NO_MATCH	NO_MATCH	LOW	NOT_FOUND	https://equsto.com/shop/agi-673/ndcr		No match found on Mutbex
ATALAY	Atalay Endüstriyel Mutfak Ekipmanları	Pişirme	Sanayi Tipi İzgaralar	AGI-673/ND	ATALAY		Atalay Izgaralar AGI - 673 / ND Nervürlü + Düz 600 x 730 x 300	35471.0					NO_MATCH	NO_MATCH	LOW	NOT_FOUND	https://equsto.com/shop/agi-673/nd		No match found on Mutbex
ATALAY	Atalay Endüstriyel Mutfak Ekipmanları	Pişirme	Sanayi Tipi İzgaralar	AGI-673CR	ATALAY		Atalay Izgaralar AGI - 673 CR Düz 600 x 730 x 300	48972.0					NO_MATCH	NO_MATCH	LOW	NOT_FOUND	https://equsto.com/shop/agi-673cr		No match found on Mutbex
ATALAY	Atalay Endüstriyel Mutfak Ekipmanları	Pişirme	Sanayi Tipi İzgaralar	AGI-673	ATALAY		Atalay Izgaralar AGI - 673 Düz 600 x 730 x 300	34677.0					NO_MATCH	NO_MATCH	LOW	NOT_FOUND	https://equsto.com/shop/agi-673		No match found on Mutbex
ATALAY	Atalay Endüstriyel Mutfak Ekipmanları	Pişirme	Sanayi Tipi İzgaralar	AGI-870CR	ATALAY		Atalay Izgaralar AGI - 870 CR Düz 800x700x300	56648.0					NO_MATCH	NO_MATCH	LOW	NOT_FOUND	https://equsto.com/shop/agi-870cr		No match found on Mutbex
ATALAY	Atalay Endüstriyel Mutfak Ekipmanları	Pişirme	Sanayi Tipi İzgaralar	AGI-870	ATALAY		Atalay Izgaralar AGI - 870 Düz 800x700x300	36266.0	Atalay Düz Gazlı Izgara, 80x70 cm, AGI-870	55731.6	-19465.6	-34.93	EQUSTO_DAHA_UCUZ	MODEL_IN_NAME	HIGH	IN_STOCK	https://equsto.com/shop/agi-870	https://www.mutbex.com/atalay-duz-gazli-izgara-80x70-cm-agi-870	match_method=MODEL_IN_NAME; mutbex_code=042.AGI.870
ATALAY	Atalay Endüstriyel Mutfak Ekipmanları	Pişirme	Sanayi Tipi İzgaralar	AGI-873/NCR	ATALAY		Atalay Izgaralar AGI - 873 / N CR Nervürlü 800 x 730 x 300	68825.0					NO_MATCH	NO_MATCH	LOW	NOT_FOUND	https://equsto.com/shop/agi-873/ncr		No match found on Mutbex
ATALAY	Atalay Endüstriyel Mutfak Ekipmanları	Pişirme	Sanayi Tipi İzgaralar	AGI-873/N	ATALAY		Atalay Izgaralar AGI - 873 / N Nervürlü 800 x 730 x 300	48707.0					NO_MATCH	NO_MATCH	LOW	NOT_FOUND	https://equsto.com/shop/agi-873/n		No match found on Mutbex
ATALAY	Atalay Endüstriyel Mutfak Ekipmanları	Pişirme	Sanayi Tipi İzgaralar	AGI-873/NDCR	ATALAY		Atalay Izgaralar AGI - 873 / ND CR Nervürlü + Düz 800 x 730 x 300	67237.0					NO_MATCH	NO_MATCH	LOW	NOT_FOUND	https://equsto.com/shop/agi-873/ndcr		No match found on Mutbex
ATALAY	Atalay Endüstriyel Mutfak Ekipmanları	Pişirme	Sanayi Tipi İzgaralar	AGI-873/ND	ATALAY		Atalay Izgaralar AGI - 873 / ND Nervürlü + Düz 800 x 730 x 300	46325.0					NO_MATCH	NO_MATCH	LOW	NOT_FOUND	https://equsto.com/shop/agi-873/nd		No match found on Mutbex
ATALAY	Atalay Endüstriyel Mutfak Ekipmanları	Pişirme	Sanayi Tipi İzgaralar	AGI-873CR	ATALAY		Atalay Izgaralar AGI - 873 CR Düz 800 x 730 x 300	61413.0					NO_MATCH	NO_MATCH	LOW	NOT_FOUND	https://equsto.com/shop/agi-873cr		No match found on Mutbex
ATALAY	Atalay Endüstriyel Mutfak Ekipmanları	Pişirme	Sanayi Tipi İzgaralar	AGI-873	ATALAY		Atalay Izgaralar AGI - 873 Düz 800 x 730 x 300	42883.0					NO_MATCH	NO_MATCH	LOW	NOT_FOUND	https://equsto.com/shop/agi-873		No match found on Mutbex
ATALAY	Atalay Endüstriyel Mutfak Ekipmanları	Pişirme	Sanayi Tipi İzgaralar	AGI-890/NSCR	ATALAY		Atalay Izgaralar AGI - 890 / N S CR Nervürlü 800 x 900 x 300	62207.0					NO_MATCH	NO_MATCH	LOW	NOT_FOUND	https://equsto.com/shop/agi-890/nscr		No match found on Mutbex
ATALAY	Atalay Endüstriyel Mutfak Ekipmanları	Pişirme	Sanayi Tipi İzgaralar	AGI-890/NS	ATALAY		Atalay Izgaralar AGI - 890 / N S Nervürlü 800 x 900 x 300	48442.0					NO_MATCH	NO_MATCH	LOW	NOT_FOUND	https://equsto.com/shop/agi-890/ns		No match found on Mutbex
ATALAY	Atalay Endüstriyel Mutfak Ekipmanları	Pişirme	Sanayi Tipi İzgaralar	AGI-890/NDSCR	ATALAY		Atalay Izgaralar AGI - 890 / ND S CR Nervürlü+Düz 800 x 900 x 300	61943.0					NO_MATCH	NO_MATCH	LOW	NOT_FOUND	https://equsto.com/shop/agi-890/ndscr		No match found on Mutbex
ATALAY	Atalay Endüstriyel Mutfak Ekipmanları	Pişirme	Sanayi Tipi İzgaralar	AGI-890/NDS	ATALAY		Atalay Izgaralar AGI - 890 / ND S Nervürlü+Düz 800 x 900 x 300	47119.0					NO_MATCH	NO_MATCH	LOW	NOT_FOUND	https://equsto.com/shop/agi-890/nds		No match found on Mutbex
ATALAY	Atalay Endüstriyel Mutfak Ekipmanları	Pişirme	Sanayi Tipi İzgaralar	AGI-890SCR	ATALAY		Atalay Izgaralar AGI - 890 S CR Düz 800 x 900 x 300	57178.0					NO_MATCH	NO_MATCH	LOW	NOT_FOUND	https://equsto.com/shop/agi-890scr		No match found on Mutbex
ATALAY	Atalay Endüstriyel Mutfak Ekipmanları	Pişirme	Sanayi Tipi İzgaralar	AGI-890S	ATALAY		Atalay Izgaralar AGI - 890 S Düz 800 x 900 x 300	42883.0					NO_MATCH	NO_MATCH	LOW	NOT_FOUND	https://equsto.com/shop/agi-890s		No match found on Mutbex
ATALAY	Atalay Endüstriyel Mutfak Ekipmanları	Pişirme	Sanayi Tipi İzgaralar	AGI-470/NCR	ATALAY		Atalay Izgaralar AGI-470/N CR Nervürlü 400 x 700 x 300	35207.0					NO_MATCH	NO_MATCH	LOW	NOT_FOUND	https://equsto.com/shop/agi-470/ncr		No match found on Mutbex
ATALAY	Atalay Endüstriyel Mutfak Ekipmanları	Pişirme	Sanayi Tipi İzgaralar	AGI-470/N	ATALAY		Atalay Izgaralar AGI-470/N Nervürlü 400 x 700 x 300	24883.0					NO_MATCH	NO_MATCH	LOW	NOT_FOUND	https://equsto.com/shop/agi-470/n		No match found on Mutbex
ATALAY	Atalay Endüstriyel Mutfak Ekipmanları	Pişirme	Sanayi Tipi İzgaralar	AGI-670/NCR	ATALAY		Atalay Izgaralar AGI-670/N CR Nervürlü 600 x 700 x 300	48178.0					NO_MATCH	NO_MATCH	LOW	NOT_FOUND	https://equsto.com/shop/agi-670/ncr		No match found on Mutbex
ATALAY	Atalay Endüstriyel Mutfak Ekipmanları	Pişirme	Sanayi Tipi İzgaralar	AGI-670/N	ATALAY		Atalay Izgaralar AGI-670/N Nervürlü 600 x 700 x 300	32295.0					NO_MATCH	NO_MATCH	LOW	NOT_FOUND	https://equsto.com/shop/agi-670/n		No match found on Mutbex
ATALAY	Atalay Endüstriyel Mutfak Ekipmanları	Pişirme	Sanayi Tipi İzgaralar	AGI-670/NDCR	ATALAY		Atalay Izgaralar AGI-670/ND CR Nervürlü+Düz 600 x 700 x 300	47383.0					NO_MATCH	NO_MATCH	LOW	NOT_FOUND	https://equsto.com/shop/agi-670/ndcr		No match found on Mutbex
ATALAY	Atalay Endüstriyel Mutfak Ekipmanları	Pişirme	Sanayi Tipi İzgaralar	AGI-670/ND	ATALAY		Atalay Izgaralar AGI-670/ND Nervürlü+Düz 600 x 700 x 300	31236.0					NO_MATCH	NO_MATCH	LOW	NOT_FOUND	https://equsto.com/shop/agi-670/nd		No match found on Mutbex
ATALAY	Atalay Endüstriyel Mutfak Ekipmanları	Pişirme	Sanayi Tipi İzgaralar	AGI-870/NCR	ATALAY		Atalay Izgaralar AGI-870/N CR Nervürlü 800x700x300	61148.0					NO_MATCH	NO_MATCH	LOW	NOT_FOUND	https://equsto.com/shop/agi-870/ncr		No match found on Mutbex
ATALAY	Atalay Endüstriyel Mutfak Ekipmanları	Pişirme	Sanayi Tipi İzgaralar	AGI-870/N	ATALAY		Atalay Izgaralar AGI-870/N Nervürlü 800x700x300	41295.0					NO_MATCH	NO_MATCH	LOW	NOT_FOUND	https://equsto.com/shop/agi-870/n		No match found on Mutbex
ATALAY	Atalay Endüstriyel Mutfak Ekipmanları	Pişirme	Sanayi Tipi İzgaralar	AGI-870/NDCR	ATALAY		Atalay Izgaralar AGI-870/ND CR Nervürlü+Düz 800x700x300	59825.0					NO_MATCH	NO_MATCH	LOW	NOT_FOUND	https://equsto.com/shop/agi-870/ndcr		No match found on Mutbex
ATALAY	Atalay Endüstriyel Mutfak Ekipmanları	Pişirme	Sanayi Tipi İzgaralar	AGI-870/ND	ATALAY		Atalay Izgaralar AGI-870/ND Nervürlü+Düz 800x700x300	40236.0					NO_MATCH	NO_MATCH	LOW	NOT_FOUND	https://equsto.com/shop/agi-870/nd		No match found on Mutbex
ATALAY	Atalay Endüstriyel Mutfak Ekipmanları	Pişirme	Sanayi Tipi İzgaralar	EAEI-1060/NCR	ATALAY		Atalay Izgaralar E AEI - 1060 / N CR Nervürlü 1000 x 600 x 300	46325.0					NO_MATCH	NO_MATCH	LOW	NOT_FOUND	https://equsto.com/shop/eaei-1060/ncr		No match found on Mutbex
ATALAY	Atalay Endüstriyel Mutfak Ekipmanları	Pişirme	Sanayi Tipi İzgaralar	EAEI-1060/N	ATALAY		Atalay Izgaralar E AEI - 1060 / N Nervürlü 1000 x 600 x 300	34148.0					NO_MATCH	NO_MATCH	LOW	NOT_FOUND	https://equsto.com/shop/eaei-1060/n		No match found on Mutbex
ATALAY	Atalay Endüstriyel Mutfak Ekipmanları	Pişirme	Sanayi Tipi İzgaralar	EAEI-1060/NDCR	ATALAY		Atalay Izgaralar E AEI - 1060 / ND CR Nervürlü +Düz 1000 x 600 x 300	45530.0					NO_MATCH	NO_MATCH	LOW	NOT_FOUND	https://equsto.com/shop/eaei-1060/ndcr		No match found on Mutbex
ATALAY	Atalay Endüstriyel Mutfak Ekipmanları	Pişirme	Sanayi Tipi İzgaralar	EAEI-1060/ND	ATALAY		Atalay Izgaralar E AEI - 1060 / ND Nervürlü + Düz 1000 x 600 x 300	33883.0					NO_MATCH	NO_MATCH	LOW	NOT_FOUND	https://equsto.com/shop/eaei-1060/nd		No match found on Mutbex
ATALAY	Atalay Endüstriyel Mutfak Ekipmanları	Pişirme	Sanayi Tipi İzgaralar	EAEI-1060CR	ATALAY		Atalay Izgaralar E AEI - 1060 CR Düz 1000 x 600 x 300	45266.0					NO_MATCH	NO_MATCH	LOW	NOT_FOUND	https://equsto.com/shop/eaei-1060cr		No match found on Mutbex
ATALAY	Atalay Endüstriyel Mutfak Ekipmanları	Pişirme	Sanayi Tipi İzgaralar	EAEI-1060	ATALAY		Atalay Izgaralar E AEI - 1060 Düz 1000 x 600 x 300	32824.0					NO_MATCH	NO_MATCH	LOW	NOT_FOUND	https://equsto.com/shop/eaei-1060		No match found on Mutbex
ATALAY	Atalay Endüstriyel Mutfak Ekipmanları	Pişirme	Sanayi Tipi İzgaralar	EAEI-360/NCR	ATALAY		Atalay Izgaralar E AEI - 360 / N CR Nervürlü 300 x 600 x 300	20383.0					NO_MATCH	NO_MATCH	LOW	NOT_FOUND	https://equsto.com/shop/eaei-360/ncr		No match found on Mutbex
ATALAY	Atalay Endüstriyel Mutfak Ekipmanları	Pişirme	Sanayi Tipi İzgaralar	EAEI-360/N	ATALAY		Atalay Izgaralar E AEI - 360 / N Nervürlü 300 x 600 x 300	17736.0					NO_MATCH	NO_MATCH	LOW	NOT_FOUND	https://equsto.com/shop/eaei-360/n		No match found on Mutbex
ATALAY	Atalay Endüstriyel Mutfak Ekipmanları	Pişirme	Sanayi Tipi İzgaralar	EAEI-360CR	ATALAY		Atalay Izgaralar E AEI - 360 CR Düz 300 x 600 x 300	19589.0					NO_MATCH	NO_MATCH	LOW	NOT_FOUND	https://equsto.com/shop/eaei-360cr		No match found on Mutbex
ATALAY	Atalay Endüstriyel Mutfak Ekipmanları	Pişirme	Sanayi Tipi İzgaralar	EAEI-360	ATALAY		Atalay Izgaralar E AEI - 360 Düz 300 x 600 x 300	16942.0					NO_MATCH	NO_MATCH	LOW	NOT_FOUND	https://equsto.com/shop/eaei-360		No match found on Mutbex
ATALAY	Atalay Endüstriyel Mutfak Ekipmanları	Pişirme	Sanayi Tipi İzgaralar	EAEI-460/NCR	ATALAY		Atalay Izgaralar E AEI - 460 / N CR Nervürlü 400 x 600 x 300	24089.0					NO_MATCH	NO_MATCH	LOW	NOT_FOUND	https://equsto.com/shop/eaei-460/ncr		No match found on Mutbex
ATALAY	Atalay Endüstriyel Mutfak Ekipmanları	Pişirme	Sanayi Tipi İzgaralar	EAEI-460/N	ATALAY		Atalay Izgaralar E AEI - 460 / N Nervürlü 400 x 600 x 300	20118.0					NO_MATCH	NO_MATCH	LOW	NOT_FOUND	https://equsto.com/shop/eaei-460/n		No match found on Mutbex
ATALAY	Atalay Endüstriyel Mutfak Ekipmanları	Pişirme	Sanayi Tipi İzgaralar	EAEI-460CR	ATALAY		Atalay Izgaralar E AEI - 460 CR Düz 400 x 600 x 300	23295.0					NO_MATCH	NO_MATCH	LOW	NOT_FOUND	https://equsto.com/shop/eaei-460cr		No match found on Mutbex
ATALAY	Atalay Endüstriyel Mutfak Ekipmanları	Pişirme	Sanayi Tipi İzgaralar	EAEI-460	ATALAY		Atalay Izgaralar E AEI - 460 Düz 400 x 600 x 300	19324.0					NO_MATCH	NO_MATCH	LOW	NOT_FOUND	https://equsto.com/shop/eaei-460		No match found on Mutbex
ATALAY	Atalay Endüstriyel Mutfak Ekipmanları	Pişirme	Sanayi Tipi İzgaralar	EAEI-660/NCR	ATALAY		Atalay Izgaralar E AEI - 660 / N CR Nervürlü 600 x 600 x 300	30971.0					NO_MATCH	NO_MATCH	LOW	NOT_FOUND	https://equsto.com/shop/eaei-660/ncr		No match found on Mutbex
ATALAY	Atalay Endüstriyel Mutfak Ekipmanları	Pişirme	Sanayi Tipi İzgaralar	EAEI-660/N	ATALAY		Atalay Izgaralar E AEI - 660 / N Nervürlü 600 x 600 x 300	23559.0					NO_MATCH	NO_MATCH	LOW	NOT_FOUND	https://equsto.com/shop/eaei-660/n		No match found on Mutbex
ATALAY	Atalay Endüstriyel Mutfak Ekipmanları	Pişirme	Sanayi Tipi İzgaralar	EAEI-660/NDCR	ATALAY		Atalay Izgaralar E AEI - 660 / ND CR Nervürlü + Düz 600 x 600 x 300	30177.0					NO_MATCH	NO_MATCH	LOW	NOT_FOUND	https://equsto.com/shop/eaei-660/ndcr		No match found on Mutbex
ATALAY	Atalay Endüstriyel Mutfak Ekipmanları	Pişirme	Sanayi Tipi İzgaralar	EAEI-660/ND	ATALAY		Atalay Izgaralar E AEI - 660 / ND Nervürlü + Düz 600 x 600 x 300	22765.0					NO_MATCH	NO_MATCH	LOW	NOT_FOUND	https://equsto.com/shop/eaei-660/nd		No match found on Mutbex
ATALAY	Atalay Endüstriyel Mutfak Ekipmanları	Pişirme	Sanayi Tipi İzgaralar	EAEI-660CR	ATALAY		Atalay Izgaralar E AEI - 660 CR Düz 600 x 600 x 300	29383.0					NO_MATCH	NO_MATCH	LOW	NOT_FOUND	https://equsto.com/shop/eaei-660cr		No match found on Mutbex
ATALAY	Atalay Endüstriyel Mutfak Ekipmanları	Pişirme	Sanayi Tipi İzgaralar	EAEI-660	ATALAY		Atalay Izgaralar E AEI - 660 Düz 600 x 600 x 300	22236.0					NO_MATCH	NO_MATCH	LOW	NOT_FOUND	https://equsto.com/shop/eaei-660		No match found on Mutbex
ATALAY	Atalay Endüstriyel Mutfak Ekipmanları	Pişirme	Sanayi Tipi İzgaralar	EAEI-860/NCR	ATALAY		Atalay Izgaralar E AEI - 860 / N CR Nervürlü 800 x 600 x 300	39707.0					NO_MATCH	NO_MATCH	LOW	NOT_FOUND	https://equsto.com/shop/eaei-860/ncr		No match found on Mutbex
ATALAY	Atalay Endüstriyel Mutfak Ekipmanları	Pişirme	Sanayi Tipi İzgaralar	EAEI-860/N	ATALAY		Atalay Izgaralar E AEI - 860 / N Nervürlü 800 x 600 x 300	29912.0					NO_MATCH	NO_MATCH	LOW	NOT_FOUND	https://equsto.com/shop/eaei-860/n		No match found on Mutbex
ATALAY	Atalay Endüstriyel Mutfak Ekipmanları	Pişirme	Sanayi Tipi İzgaralar	EAEI-860/NDCR	ATALAY		Atalay Izgaralar E AEI - 860 / ND CR Nervürlü + Düz 800 x 600 x 300	39177.0					NO_MATCH	NO_MATCH	LOW	NOT_FOUND	https://equsto.com/shop/eaei-860/ndcr		No match found on Mutbex
ATALAY	Atalay Endüstriyel Mutfak Ekipmanları	Pişirme	Sanayi Tipi İzgaralar	EAEI-860/ND	ATALAY		Atalay Izgaralar E AEI - 860 / ND Nervürlü + Düz 800 x 600 x 300	29118.0					NO_MATCH	NO_MATCH	LOW	NOT_FOUND	https://equsto.com/shop/eaei-860/nd		No match found on Mutbex
ATALAY	Atalay Endüstriyel Mutfak Ekipmanları	Pişirme	Sanayi Tipi İzgaralar	EAEI-860CR	ATALAY		Atalay Izgaralar E AEI - 860 CR Düz 800 x 600 x 300	38119.0					NO_MATCH	NO_MATCH	LOW	NOT_FOUND	https://equsto.com/shop/eaei-860cr		No match found on Mutbex
ATALAY	Atalay Endüstriyel Mutfak Ekipmanları	Pişirme	Sanayi Tipi İzgaralar	EAEI-860	ATALAY		Atalay Izgaralar E AEI - 860 Düz 800 x 600 x 300	28854.0					NO_MATCH	NO_MATCH	LOW	NOT_FOUND	https://equsto.com/shop/eaei-860		No match found on Mutbex
ATALAY	Atalay Endüstriyel Mutfak Ekipmanları	Pişirme	Sanayi Tipi İzgaralar	EAGI-1060/NCR	ATALAY		Atalay Izgaralar E AGI - 1060 / N CR Nervürlü 1000 x 600 x 300	63531.0					NO_MATCH	NO_MATCH	LOW	NOT_FOUND	https://equsto.com/shop/eagi-1060/ncr		No match found on Mutbex
ATALAY	Atalay Endüstriyel Mutfak Ekipmanları	Pişirme	Sanayi Tipi İzgaralar	EAGI-1060/N	ATALAY		Atalay Izgaralar E AGI - 1060 / N Nervürlü 1000 x 600 x 300	42089.0					NO_MATCH	NO_MATCH	LOW	NOT_FOUND	https://equsto.com/shop/eagi-1060/n		No match found on Mutbex
ATALAY	Atalay Endüstriyel Mutfak Ekipmanları	Pişirme	Sanayi Tipi İzgaralar	EAGI-1060/NDCR	ATALAY		Atalay Izgaralar E AGI - 1060 / ND CR Nervürlü + Düz 1000 x 600 x 300	61413.0					NO_MATCH	NO_MATCH	LOW	NOT_FOUND	https://equsto.com/shop/eagi-1060/ndcr		No match found on Mutbex
ATALAY	Atalay Endüstriyel Mutfak Ekipmanları	Pişirme	Sanayi Tipi İzgaralar	EAGI-1060/ND	ATALAY		Atalay Izgaralar E AGI - 1060 / ND Nervürlü + Düz 1000 x 600 x 300	41030.0					NO_MATCH	NO_MATCH	LOW	NOT_FOUND	https://equsto.com/shop/eagi-1060/nd		No match found on Mutbex
ATALAY	Atalay Endüstriyel Mutfak Ekipmanları	Pişirme	Sanayi Tipi İzgaralar	EAGI-1060CR	ATALAY		Atalay Izgaralar E AGI - 1060 CR Düz 1000 x 600 x 300	60884.0					NO_MATCH	NO_MATCH	LOW	NOT_FOUND	https://equsto.com/shop/eagi-1060cr		No match found on Mutbex
ATALAY	Atalay Endüstriyel Mutfak Ekipmanları	Pişirme	Sanayi Tipi İzgaralar	EAGI-1060	ATALAY		Atalay Izgaralar E AGI - 1060 Düz 1000 x 600 x 300	39972.0					NO_MATCH	NO_MATCH	LOW	NOT_FOUND	https://equsto.com/shop/eagi-1060		No match found on Mutbex
ATALAY	Atalay Endüstriyel Mutfak Ekipmanları	Pişirme	Sanayi Tipi İzgaralar	EAGI-360/NCR	ATALAY		Atalay Izgaralar E AGI - 360 / N CR Nervürlü 300 x 600 x 300	32824.0					NO_MATCH	NO_MATCH	LOW	NOT_FOUND	https://equsto.com/shop/eagi-360/ncr		No match found on Mutbex
ATALAY	Atalay Endüstriyel Mutfak Ekipmanları	Pişirme	Sanayi Tipi İzgaralar	EAGI-360/N	ATALAY		Atalay Izgaralar E AGI - 360 / N Nervürlü 300 x 600 x 300	19589.0					NO_MATCH	NO_MATCH	LOW	NOT_FOUND	https://equsto.com/shop/eagi-360/n		No match found on Mutbex
ATALAY	Atalay Endüstriyel Mutfak Ekipmanları	Pişirme	Sanayi Tipi İzgaralar	EAGI-360CR	ATALAY		Atalay Izgaralar E AGI - 360 CR Düz 300 x 600 x 300	27795.0					NO_MATCH	NO_MATCH	LOW	NOT_FOUND	https://equsto.com/shop/eagi-360cr		No match found on Mutbex
ATALAY	Atalay Endüstriyel Mutfak Ekipmanları	Pişirme	Sanayi Tipi İzgaralar	EAGI-360	ATALAY		Atalay Izgaralar E AGI - 360 Düz 300 x 600 x 300	18795.0					NO_MATCH	NO_MATCH	LOW	NOT_FOUND	https://equsto.com/shop/eagi-360		No match found on Mutbex
ATALAY	Atalay Endüstriyel Mutfak Ekipmanları	Pişirme	Sanayi Tipi İzgaralar	EAGI-460/NCR	ATALAY		Atalay Izgaralar E AGI - 460 / N CR Nervürlü 400 x 600 x 300	34413.0					NO_MATCH	NO_MATCH	LOW	NOT_FOUND	https://equsto.com/shop/eagi-460/ncr		No match found on Mutbex
ATALAY	Atalay Endüstriyel Mutfak Ekipmanları	Pişirme	Sanayi Tipi İzgaralar	EAGI-460/N	ATALAY		Atalay Izgaralar E AGI - 460 / N Nervürlü 400 x 600 x 300	22765.0					NO_MATCH	NO_MATCH	LOW	NOT_FOUND	https://equsto.com/shop/eagi-460/n		No match found on Mutbex
ATALAY	Atalay Endüstriyel Mutfak Ekipmanları	Pişirme	Sanayi Tipi İzgaralar	EAGI-460CR	ATALAY		Atalay Izgaralar E AGI - 460 CR Düz 400 x 600 x 300	30177.0					NO_MATCH	NO_MATCH	LOW	NOT_FOUND	https://equsto.com/shop/eagi-460cr		No match found on Mutbex
ATALAY	Atalay Endüstriyel Mutfak Ekipmanları	Pişirme	Sanayi Tipi İzgaralar	EAGI-460	ATALAY		Atalay Izgaralar E AGI - 460 Düz 400 x 600 x 300	21706.0					NO_MATCH	NO_MATCH	LOW	NOT_FOUND	https://equsto.com/shop/eagi-460		No match found on Mutbex
ATALAY	Atalay Endüstriyel Mutfak Ekipmanları	Pişirme	Sanayi Tipi İzgaralar	EAGI-660/NCR	ATALAY		Atalay Izgaralar E AGI - 660 / N CR Nervürlü 600 x 600 x 300	45530.0					NO_MATCH	NO_MATCH	LOW	NOT_FOUND	https://equsto.com/shop/eagi-660/ncr		No match found on Mutbex
ATALAY	Atalay Endüstriyel Mutfak Ekipmanları	Pişirme	Sanayi Tipi İzgaralar	EAGI-660/N	ATALAY		Atalay Izgaralar E AGI - 660 / N Nervürlü 600 x 600 x 300	29118.0					NO_MATCH	NO_MATCH	LOW	NOT_FOUND	https://equsto.com/shop/eagi-660/n		No match found on Mutbex
ATALAY	Atalay Endüstriyel Mutfak Ekipmanları	Pişirme	Sanayi Tipi İzgaralar	EAGI-660/NDCR	ATALAY		Atalay Izgaralar E AGI - 660 / ND CR Nervürlü + Düz 600 x 600 x 300	44736.0					NO_MATCH	NO_MATCH	LOW	NOT_FOUND	https://equsto.com/shop/eagi-660/ndcr		No match found on Mutbex
ATALAY	Atalay Endüstriyel Mutfak Ekipmanları	Pişirme	Sanayi Tipi İzgaralar	EAGI-660/ND	ATALAY		Atalay Izgaralar E AGI - 660 / ND Nervürlü + Düz 600 x 600 x 300	28854.0					NO_MATCH	NO_MATCH	LOW	NOT_FOUND	https://equsto.com/shop/eagi-660/nd		No match found on Mutbex
ATALAY	Atalay Endüstriyel Mutfak Ekipmanları	Pişirme	Sanayi Tipi İzgaralar	EAGI-660CR	ATALAY		Atalay Izgaralar E AGI - 660 CR Düz 600 x 600 x 300	42883.0					NO_MATCH	NO_MATCH	LOW	NOT_FOUND	https://equsto.com/shop/eagi-660cr		No match found on Mutbex
ATALAY	Atalay Endüstriyel Mutfak Ekipmanları	Pişirme	Sanayi Tipi İzgaralar	EAGI-660	ATALAY		Atalay Izgaralar E AGI - 660 Düz 600 x 600 x 300	27795.0					NO_MATCH	NO_MATCH	LOW	NOT_FOUND	https://equsto.com/shop/eagi-660		No match found on Mutbex
ATALAY	Atalay Endüstriyel Mutfak Ekipmanları	Pişirme	Sanayi Tipi İzgaralar	EAGI-860/NCR	ATALAY		Atalay Izgaralar E AGI - 860 / N CR Nervürlü 800 x 600 x 300	56648.0					NO_MATCH	NO_MATCH	LOW	NOT_FOUND	https://equsto.com/shop/eagi-860/ncr		No match found on Mutbex
ATALAY	Atalay Endüstriyel Mutfak Ekipmanları	Pişirme	Sanayi Tipi İzgaralar	EAGI-860/N	ATALAY		Atalay Izgaralar E AGI - 860 / N Nervürlü 800 x 600 x 300	35471.0					NO_MATCH	NO_MATCH	LOW	NOT_FOUND	https://equsto.com/shop/eagi-860/n		No match found on Mutbex
ATALAY	Atalay Endüstriyel Mutfak Ekipmanları	Pişirme	Sanayi Tipi İzgaralar	EAGI-860/NDCR	ATALAY		Atalay Izgaralar E AGI - 860 / ND CR Nervürlü + Düz 800 x 600 x 300	55590.0					NO_MATCH	NO_MATCH	LOW	NOT_FOUND	https://equsto.com/shop/eagi-860/ndcr		No match found on Mutbex
ATALAY	Atalay Endüstriyel Mutfak Ekipmanları	Pişirme	Sanayi Tipi İzgaralar	EAGI-860/ND	ATALAY		Atalay Izgaralar E AGI - 860 / ND Nervürlü + Düz 800 x 600 x 300	34677.0					NO_MATCH	NO_MATCH	LOW	NOT_FOUND	https://equsto.com/shop/eagi-860/nd		No match found on Mutbex
ATALAY	Atalay Endüstriyel Mutfak Ekipmanları	Pişirme	Sanayi Tipi İzgaralar	EAGI-860CR	ATALAY		Atalay Izgaralar E AGI - 860 CR Düz 800 x 600 x 300	54001.0					NO_MATCH	NO_MATCH	LOW	NOT_FOUND	https://equsto.com/shop/eagi-860cr		No match found on Mutbex
ATALAY	Atalay Endüstriyel Mutfak Ekipmanları	Pişirme	Sanayi Tipi İzgaralar	EAGI-860	ATALAY		Atalay Izgaralar E AGI - 860 Düz 800 x 600 x 300	33883.0					NO_MATCH	NO_MATCH	LOW	NOT_FOUND	https://equsto.com/shop/eagi-860		No match found on Mutbex
ATALAY	Atalay Endüstriyel Mutfak Ekipmanları	Pişirme	Sanayi Tipi İzgaralar	ALI-1270	ATALAY		Atalay Lavataﬂlı Izgaralar ALI - 1270 1,581 kg / h 1200 x 700 x 300	58501.0					NO_MATCH	NO_MATCH	LOW	NOT_FOUND	https://equsto.com/shop/ali-1270		No match found on Mutbex
ATALAY	Atalay Endüstriyel Mutfak Ekipmanları	Pişirme	Sanayi Tipi İzgaralar	ALI-1273	ATALAY		Atalay Lavataﬂlı Izgaralar ALI - 1273 1,581 kg / h 1200 x 730 x 300	67766.0					NO_MATCH	NO_MATCH	LOW	NOT_FOUND	https://equsto.com/shop/ali-1273		No match found on Mutbex
ATALAY	Atalay Endüstriyel Mutfak Ekipmanları	Pişirme	Sanayi Tipi İzgaralar	ALI-1290	ATALAY		Atalay Lavataﬂlı Izgaralar ALI - 1290 2,465 kg / h 1200 x 900 x 850	90532.0					NO_MATCH	NO_MATCH	LOW	NOT_FOUND	https://equsto.com/shop/ali-1290		No match found on Mutbex
ATALAY	Atalay Endüstriyel Mutfak Ekipmanları	Pişirme	Sanayi Tipi İzgaralar	ALI-1290S	ATALAY		Atalay Lavataﬂlı Izgaralar ALI - 1290 S 2,465 kg / h 1200 x 900 x 300	75972.0					NO_MATCH	NO_MATCH	LOW	NOT_FOUND	https://equsto.com/shop/ali-1290s		No match found on Mutbex
ATALAY	Atalay Endüstriyel Mutfak Ekipmanları	Pişirme	Sanayi Tipi İzgaralar	ALI-470	ATALAY		Atalay Lavataﬂlı Izgaralar ALI - 470 0,527 kg / h 400 x 700 x 300	27265.0					NO_MATCH	NO_MATCH	LOW	NOT_FOUND	https://equsto.com/shop/ali-470		No match found on Mutbex
ATALAY	Atalay Endüstriyel Mutfak Ekipmanları	Pişirme	Sanayi Tipi İzgaralar	ALI-473	ATALAY		Atalay Lavataﬂlı Izgaralar ALI - 473 0,527 kg / h 400 x 730 x 300	31501.0					NO_MATCH	NO_MATCH	LOW	NOT_FOUND	https://equsto.com/shop/ali-473		No match found on Mutbex
ATALAY	Atalay Endüstriyel Mutfak Ekipmanları	Pişirme	Sanayi Tipi İzgaralar	ALI-490	ATALAY		Atalay Lavataﬂlı Izgaralar ALI - 490 0,822 kg / h 400 x 900 x 850	40236.0					NO_MATCH	NO_MATCH	LOW	NOT_FOUND	https://equsto.com/shop/ali-490		No match found on Mutbex
ATALAY	Atalay Endüstriyel Mutfak Ekipmanları	Pişirme	Sanayi Tipi İzgaralar	ALI-490S	ATALAY		Atalay Lavataﬂlı Izgaralar ALI - 490 S 0,822 kg / h 400 x 900 x 300	32560.0					NO_MATCH	NO_MATCH	LOW	NOT_FOUND	https://equsto.com/shop/ali-490s		No match found on Mutbex
ATALAY	Atalay Endüstriyel Mutfak Ekipmanları	Pişirme	Sanayi Tipi İzgaralar	ALI-670	ATALAY		Atalay Lavataﬂlı Izgaralar ALI - 670 0,527 kg / h 600 x 700 x 300	32824.0					NO_MATCH	NO_MATCH	LOW	NOT_FOUND	https://equsto.com/shop/ali-670		No match found on Mutbex
ATALAY	Atalay Endüstriyel Mutfak Ekipmanları	Pişirme	Sanayi Tipi İzgaralar	ALI-673	ATALAY		Atalay Lavataﬂlı Izgaralar ALI - 673 1,054 kg / h 600 x 730 x 300	37589.0					NO_MATCH	NO_MATCH	LOW	NOT_FOUND	https://equsto.com/shop/ali-673		No match found on Mutbex
ATALAY	Atalay Endüstriyel Mutfak Ekipmanları	Pişirme	Sanayi Tipi İzgaralar	ALI-870	ATALAY		Atalay Lavataﬂlı Izgaralar ALI - 870 1,054 kg / h 800 x 700 x 300	45530.0					NO_MATCH	NO_MATCH	LOW	NOT_FOUND	https://equsto.com/shop/ali-870		No match found on Mutbex
ATALAY	Atalay Endüstriyel Mutfak Ekipmanları	Pişirme	Sanayi Tipi İzgaralar	ALI-873	ATALAY		Atalay Lavataﬂlı Izgaralar ALI - 873 1,054 kg / h 800 x 730 x 300	51884.0					NO_MATCH	NO_MATCH	LOW	NOT_FOUND	https://equsto.com/shop/ali-873		No match found on Mutbex
ATALAY	Atalay Endüstriyel Mutfak Ekipmanları	Pişirme	Sanayi Tipi İzgaralar	ALI-890	ATALAY		Atalay Lavataﬂlı Izgaralar ALI - 890 1,643 kg / h 800 x 900 x 850	63531.0					NO_MATCH	NO_MATCH	LOW	NOT_FOUND	https://equsto.com/shop/ali-890		No match found on Mutbex
ATALAY	Atalay Endüstriyel Mutfak Ekipmanları	Pişirme	Sanayi Tipi İzgaralar	ALI-890S	ATALAY		Atalay Lavataﬂlı Izgaralar ALI - 890 S 1,643 kg / h 800 x 900 x 300	52678.0					NO_MATCH	NO_MATCH	LOW	NOT_FOUND	https://equsto.com/shop/ali-890s		No match found on Mutbex
ATALAY	Atalay Endüstriyel Mutfak Ekipmanları	Pişirme	Sanayi Tipi İzgaralar	EALI-460	ATALAY		Atalay Lavataﬂlı Izgaralar E ALI - 460 0.504 kg / h 400 x 600 x 300	19853.0					NO_MATCH	NO_MATCH	LOW	NOT_FOUND	https://equsto.com/shop/eali-460		No match found on Mutbex
ATALAY	Atalay Endüstriyel Mutfak Ekipmanları	Pişirme	Sanayi Tipi İzgaralar	EALI-660	ATALAY		Atalay Lavataﬂlı Izgaralar E ALI - 660 0.721 kg / h 600 x 600 x 300	26736.0					NO_MATCH	NO_MATCH	LOW	NOT_FOUND	https://equsto.com/shop/eali-660		No match found on Mutbex
ATALAY	Atalay Endüstriyel Mutfak Ekipmanları	Pişirme	Sanayi Tipi İzgaralar	EALI-860	ATALAY		Atalay Lavataﬂlı Izgaralar E ALI - 860 1.008 kg / h 800 x 600 x 300	30707.0					NO_MATCH	NO_MATCH	LOW	NOT_FOUND	https://equsto.com/shop/eali-860		No match found on Mutbex
ATALAY	Atalay Endüstriyel Mutfak Ekipmanları	Pişirme	Taban Raflari	ADTA-10/2	ATALAY		Atalay ADTA-10/2 1270 x 730 x 1300 mm.	28324.0					NO_MATCH	NO_MATCH	LOW	NOT_FOUND	https://equsto.com/shop/adta-10/2		No match found on Mutbex
ATALAY	Atalay Endüstriyel Mutfak Ekipmanları	Pişirme	Taban Raflari	ADTA-14ST	ATALAY		Atalay ADTA-14 ST 910 x 850 x 1790 mm.	37060.0					NO_MATCH	NO_MATCH	LOW	NOT_FOUND	https://equsto.com/shop/adta-14st		No match found on Mutbex
ATALAY	Atalay Endüstriyel Mutfak Ekipmanları	Pişirme	Taban Raflari	ADTA-14/2	ATALAY		Atalay ADTA-14/2 1370 x 730 x 1690 mm.	31501.0					NO_MATCH	NO_MATCH	LOW	NOT_FOUND	https://equsto.com/shop/adta-14/2		No match found on Mutbex
ATALAY	Atalay Endüstriyel Mutfak Ekipmanları	Pişirme	Taban Raflari	ASA-860/2	ATALAY		Atalay ASA - 860 / 2 2 860 x 540 x 890	9530.0	Atalay 2 Raflı Servis Arabası, 80x60 cm, ASA-860-2	14644.8	-5114.799999999999	-34.93	EQUSTO_DAHA_UCUZ	EXACT_MODEL	HIGH	IN_STOCK	https://equsto.com/shop/asa-860/2	https://www.mutbex.com/atalay-servis-arabasi-800x600-2-rafli-asa-860-2	match_method=EXACT_MODEL; mutbex_code=042.ASA.860.2
ATALAY	Atalay Endüstriyel Mutfak Ekipmanları	Pişirme	Taban Raflari	ASA-860/3	ATALAY		Atalay ASA - 860 / 3 3 860 x 540 x 890	12177.0					NO_MATCH	NO_MATCH	LOW	NOT_FOUND	https://equsto.com/shop/asa-860/3		No match found on Mutbex
ATALAY	Atalay Endüstriyel Mutfak Ekipmanları	Pişirme	Taban Raflari	ATA-3253/15	ATALAY		Atalay ATA - 3253 / 15 15 32 x 53	12706.0					NO_MATCH	NO_MATCH	LOW	NOT_FOUND	https://equsto.com/shop/ata-3253/15		No match found on Mutbex
ATALAY	Atalay Endüstriyel Mutfak Ekipmanları	Pişirme	Taban Raflari	ATA-3484/14	ATALAY		Atalay ATA - 3484 / 14 14 34 x 84	19324.0					NO_MATCH	NO_MATCH	LOW	NOT_FOUND	https://equsto.com/shop/ata-3484/14		No match found on Mutbex
ATALAY	Atalay Endüstriyel Mutfak Ekipmanları	Pişirme	Taban Raflari	ATA-3753/15	ATALAY		Atalay ATA - 3753 / 15 15 37 x 53	14030.0	15 Tepsilik Tepsi Taşıma Arabası, 2/3 37x53 cm, ATA-3753/15	21560.4	-7530.4000000000015	-34.93	EQUSTO_DAHA_UCUZ	EXACT_MODEL	HIGH	IN_STOCK	https://equsto.com/shop/ata-3753/15	https://www.mutbex.com/atalay-15-tepsilik-tepsi-tasima-arabasi-37x53-cm-ata-3753-15	match_method=EXACT_MODEL; mutbex_code=042.ATA.3753.15
ATALAY	Atalay Endüstriyel Mutfak Ekipmanları	Pişirme	Taban Raflari	ATA-3753/30	ATALAY		Atalay ATA - 3753 / 30 15x2 37 x 53	24089.0	30 Tepsilik Tepsi Taşıma Arabası, 37x53 cm, ATA-3753/30	37018.8	-12929.800000000003	-34.93	EQUSTO_DAHA_UCUZ	EXACT_MODEL	HIGH	IN_STOCK	https://equsto.com/shop/ata-3753/30	https://www.mutbex.com/atalay-30-tepsilik-tepsi-tasima-arabasi-37x53-cm-ata-3753-30	match_method=EXACT_MODEL; mutbex_code=042.ATA.3753.30
ATALAY	Atalay Endüstriyel Mutfak Ekipmanları	Pişirme	Taban Raflari	ATA-3753/45	ATALAY		Atalay ATA - 3753 / 45 15x3 37 x 53	33089.0					NO_MATCH	NO_MATCH	LOW	NOT_FOUND	https://equsto.com/shop/ata-3753/45		No match found on Mutbex
ATALAY	Atalay Endüstriyel Mutfak Ekipmanları	Pişirme	Taban Raflari	ATA-4060/15	ATALAY		Atalay ATA - 4060 / 15 15 40 x 60	13236.0	Tepsi Taşıma Arabası 15 Tepsilik 40x60 cm, ATA-4060/15	20340	-7104.0	-34.93	EQUSTO_DAHA_UCUZ	EXACT_MODEL	HIGH	IN_STOCK	https://equsto.com/shop/ata-4060/15	https://www.mutbex.com/atalay-15-tepsilik-tepsi-tasima-arabasi-40x60-cm-ata-4060-15	match_method=EXACT_MODEL; mutbex_code=042.ATA.4060.15
ATALAY	Atalay Endüstriyel Mutfak Ekipmanları	Pişirme	Taban Raflari	ATA-50	ATALAY		Atalay ATA - 50 Nötr 440 x 650	6353.0					NO_MATCH	NO_MATCH	LOW	NOT_FOUND	https://equsto.com/shop/ata-50		No match found on Mutbex
ATALAY	Atalay Endüstriyel Mutfak Ekipmanları	Pişirme	Taban Raflari	ATA-5070/15	ATALAY		Atalay ATA - 5070 / 15 15 50 x 70	14559.0					NO_MATCH	NO_MATCH	LOW	NOT_FOUND	https://equsto.com/shop/ata-5070/15		No match found on Mutbex
ATALAY	Atalay Endüstriyel Mutfak Ekipmanları	Pişirme	Taban Raflari	ATA-5365/15	ATALAY		Atalay ATA - 5365 / 15 15 53 x 65	14030.0					NO_MATCH	NO_MATCH	LOW	NOT_FOUND	https://equsto.com/shop/ata-5365/15		No match found on Mutbex
ATALAY	Atalay Endüstriyel Mutfak Ekipmanları	Pişirme	Taban Raflari	ATAT-30	ATALAY		Atalay ATAT - 30 30 28 x 40	17206.0					NO_MATCH	NO_MATCH	LOW	NOT_FOUND	https://equsto.com/shop/atat-30		No match found on Mutbex
ATALAY	Atalay Endüstriyel Mutfak Ekipmanları	Pişirme	Taban Raflari	ATAT-3753/18	ATALAY		Atalay ATAT - 3753 / 18 9x2 37 x 53 Termotray	19589.0					NO_MATCH	NO_MATCH	LOW	NOT_FOUND	https://equsto.com/shop/atat-3753/18		No match found on Mutbex
ATALAY	Atalay Endüstriyel Mutfak Ekipmanları	Pişirme	Taban Raflari	ATI-100	ATALAY		Atalay ATI - 100 Is›tmal› 490 x 1000 x 1018	34148.0					NO_MATCH	NO_MATCH	LOW	NOT_FOUND	https://equsto.com/shop/ati-100		No match found on Mutbex
ATALAY	Atalay Endüstriyel Mutfak Ekipmanları	Pişirme	Taban Raflari	ATI-50	ATALAY		Atalay ATI - 50 Is›tmal› 490 x 600 x 1018	22236.0					NO_MATCH	NO_MATCH	LOW	NOT_FOUND	https://equsto.com/shop/ati-50		No match found on Mutbex
ATALAY	Atalay Endüstriyel Mutfak Ekipmanları	Pişirme	Taban Raflari	ATIA-50	ATALAY		Atalay ATIA - 50 Is›tmal› 440 x 650	7941.0					NO_MATCH	NO_MATCH	LOW	NOT_FOUND	https://equsto.com/shop/atia-50		No match found on Mutbex
ATALAY	Atalay Endüstriyel Mutfak Ekipmanları	Pişirme	Taban Raflari	ATN-100	ATALAY		Atalay ATN - 100 Nötr 490 x 1000 x 1018	23030.0					NO_MATCH	NO_MATCH	LOW	NOT_FOUND	https://equsto.com/shop/atn-100		No match found on Mutbex
ATALAY	Atalay Endüstriyel Mutfak Ekipmanları	Pişirme	Taban Raflari	ATN-50	ATALAY		Atalay ATN - 50 Nötr 490 x 600 x 1018	14294.0					NO_MATCH	NO_MATCH	LOW	NOT_FOUND	https://equsto.com/shop/atn-50		No match found on Mutbex
ATALAY	Atalay Endüstriyel Mutfak Ekipmanları	Pişirme	Tost Makineleri	ATM2745/2	ATALAY		Atalay ATM 2745/2 230 V 27 x 45	14824.0					NO_MATCH	NO_MATCH	LOW	NOT_FOUND	https://equsto.com/shop/atm2745/2		No match found on Mutbex
ATALAY	Atalay Endüstriyel Mutfak Ekipmanları	Pişirme	Tost Makineleri	ATM-2735	ATALAY		Atalay ATM-2735 230 V 27 x 36	12177.0					NO_MATCH	NO_MATCH	LOW	NOT_FOUND	https://equsto.com/shop/atm-2735		No match found on Mutbex
ATALAY	Atalay Endüstriyel Mutfak Ekipmanları	Pişirme	Tost Makineleri	ATM-2745	ATALAY		Atalay ATM-2745 230 V 27 x 45	13765.0					NO_MATCH	NO_MATCH	LOW	NOT_FOUND	https://equsto.com/shop/atm-2745		No match found on Mutbex
ATALAY	Atalay Endüstriyel Mutfak Ekipmanları	Pişirme	Tost Makineleri	ATM-5530	ATALAY		Atalay ATM-5530 230 V 24 x 52	16412.0					NO_MATCH	NO_MATCH	LOW	NOT_FOUND	https://equsto.com/shop/atm-5530		No match found on Mutbex
ATALAY	Atalay Endüstriyel Mutfak Ekipmanları	Pişirme	Waffle Krep Makineleri	AWM-2401	ATALAY		Atalay AWM-2401 230 V 8x16x1,5 Kare	13765.0					NO_MATCH	NO_MATCH	LOW	NOT_FOUND	https://equsto.com/shop/awm-2401		No match found on Mutbex
ATALAY	Atalay Endüstriyel Mutfak Ekipmanları	Pişirme	Waffle Krep Makineleri	AWM-2402	ATALAY		Atalay AWM-2402 230 V 2x8x16x1,5 Kare	24089.0					NO_MATCH	NO_MATCH	LOW	NOT_FOUND	https://equsto.com/shop/awm-2402		No match found on Mutbex
ATALAY	Atalay Endüstriyel Mutfak Ekipmanları	Pişirme	Waffle Krep Makineleri	AWMC-2401	ATALAY		Atalay AWMC-2401 230 V 320 x 320 x 300	14824.0					NO_MATCH	NO_MATCH	LOW	NOT_FOUND	https://equsto.com/shop/awmc-2401		No match found on Mutbex
ATALAY	Atalay Endüstriyel Mutfak Ekipmanları	Pişirme	Waffle Krep Makineleri	AWMC-2402	ATALAY		Atalay AWMC-2402 230 V 600 x 320 x 300	30707.0					NO_MATCH	NO_MATCH	LOW	NOT_FOUND	https://equsto.com/shop/awmc-2402		No match found on Mutbex
ATALAY	Atalay Endüstriyel Mutfak Ekipmanları	Pişirme	Yardimci Ekipmanlar	ADKM-01	ATALAY		Atalay ADKM-01 2690x90x30 mm.	3177.0					NO_MATCH	NO_MATCH	LOW	NOT_FOUND	https://equsto.com/shop/adkm-01		No match found on Mutbex
ATALAY	Atalay Endüstriyel Mutfak Ekipmanları	Pişirme	Yardimci Ekipmanlar	ADSA-02	ATALAY		Atalay ADSA-02 Ø340x170 mm. 12x12 mm.	3177.0					NO_MATCH	NO_MATCH	LOW	NOT_FOUND	https://equsto.com/shop/adsa-02		No match found on Mutbex
ATALAY	Atalay Endüstriyel Mutfak Ekipmanları	Pişirme	Yardimci Ekipmanlar	ADSA-03	ATALAY		Atalay ADSA-03 Ø340x170 mm. 15x15 mm.	4500.0					NO_MATCH	NO_MATCH	LOW	NOT_FOUND	https://equsto.com/shop/adsa-03		No match found on Mutbex
ATALAY	Atalay Endüstriyel Mutfak Ekipmanları	Pişirme	Yardimci Ekipmanlar	ADSA-04	ATALAY		Atalay ADSA-04 Ø340x170 mm. 20x20 mm.	4500.0					NO_MATCH	NO_MATCH	LOW	NOT_FOUND	https://equsto.com/shop/adsa-04		No match found on Mutbex
ATALAY	Atalay Endüstriyel Mutfak Ekipmanları	Pişirme	Yardimci Ekipmanlar	ADSA-05	ATALAY		Atalay ADSA-05 Ø360x164 mm.	6618.0	Atalay Döner Sarma Aparatları ADR Robot Şişeleri Cm ADSA 05	10170	-3552.0	-34.93	EQUSTO_DAHA_UCUZ	MODEL_IN_NAME	HIGH	IN_STOCK	https://equsto.com/shop/adsa-05	https://www.mutbex.com/atalay-doner-sarma-aparatlari-adr-robot-siseleri-cm-adsa-05	match_method=MODEL_IN_NAME; mutbex_code=042.ADSA.05
ATALAY	Atalay Endüstriyel Mutfak Ekipmanları	Pişirme	Yardimci Ekipmanlar	ADSK-01	ATALAY		Atalay ADSK-01 355x101x48 mm. 12x12 mm.	5030.0					NO_MATCH	NO_MATCH	LOW	NOT_FOUND	https://equsto.com/shop/adsk-01		No match found on Mutbex
ATALAY	Atalay Endüstriyel Mutfak Ekipmanları	Pişirme	Yardimci Ekipmanlar	ADSK-02	ATALAY		Atalay ADSK-02 355x101x48 mm. 30x10 mm.	5030.0					NO_MATCH	NO_MATCH	LOW	NOT_FOUND	https://equsto.com/shop/adsk-02		No match found on Mutbex
ATALAY	Atalay Endüstriyel Mutfak Ekipmanları	Pişirme	Yardimci Ekipmanlar	ADSK-03	ATALAY		Atalay ADSK-03 355x101x48 mm. 20x20 mm.	5030.0					NO_MATCH	NO_MATCH	LOW	NOT_FOUND	https://equsto.com/shop/adsk-03		No match found on Mutbex
ATALAY	Atalay Endüstriyel Mutfak Ekipmanları	Pişirme	Yardimci Ekipmanlar	ADTS-01	ATALAY		Atalay ADTS-01 410x580x1110 mm.	17206.0					NO_MATCH	NO_MATCH	LOW	NOT_FOUND	https://equsto.com/shop/adts-01		No match found on Mutbex
ATALAY	Atalay Endüstriyel Mutfak Ekipmanları	Pişirme	Yardimci Ekipmanlar	ADTS-02	ATALAY		Atalay ADTS-02 360x560x1156 mm.	12441.0					NO_MATCH	NO_MATCH	LOW	NOT_FOUND	https://equsto.com/shop/adts-02		No match found on Mutbex
ATALAY	Atalay Endüstriyel Mutfak Ekipmanları	Pişirme	Yardimci Ekipmanlar	AKA-01	ATALAY		Atalay AKA - 01 - 580 x 790 x 900	16677.0					NO_MATCH	NO_MATCH	LOW	NOT_FOUND	https://equsto.com/shop/aka-01		No match found on Mutbex
ATALAY	Atalay Endüstriyel Mutfak Ekipmanları	Pişirme	Yardimci Ekipmanlar	AKC-01	ATALAY		Atalay AKC - 01 250 x 376 x 87 270 x 395 x 100	3177.0	Atalay Kahve Çekmecesi, AKC-01	4881.6	-1704.6000000000004	-34.92	EQUSTO_DAHA_UCUZ	EXACT_MODEL	HIGH	IN_STOCK	https://equsto.com/shop/akc-01	https://www.mutbex.com/atalay-kahve-cekmecesi-akc-01	match_method=EXACT_MODEL; mutbex_code=042.AKC.01
ATALAY	Atalay Endüstriyel Mutfak Ekipmanları	Kahve	Cay Makineleri	ATKM-2M	ATALAY		Atalay ATKM-2M 2 2 x 2	30971.0					NO_MATCH	NO_MATCH	LOW	NOT_FOUND	https://equsto.com/shop/atkm-2m		No match found on Mutbex
ATALAY	Atalay Endüstriyel Mutfak Ekipmanları	Kahve	Cay Makineleri	ATKM-3M	ATALAY		Atalay ATKM-3M 3 3 x 2	39177.0	Atalay Ritüel Türk Kahvesi Makinesi, Manuel,3 Cezveli, Elektirikli,ATKM 3M	60206.4	-21029.4	-34.93	EQUSTO_DAHA_UCUZ	MODEL_IN_NAME	HIGH	IN_STOCK	https://equsto.com/shop/atkm-3m	https://www.mutbex.com/atalay-turk-kahvesi-makinesi-manuel-3-cezveli-elektirikli-atkm-3m	match_method=MODEL_IN_NAME; mutbex_code=042.ATKM.3M
ATALAY	Atalay Endüstriyel Mutfak Ekipmanları	Kahve	Cay Makineleri	ATKM-4M	ATALAY		Atalay ATKM-4M 4 4 x 2	51354.0					NO_MATCH	NO_MATCH	LOW	NOT_FOUND	https://equsto.com/shop/atkm-4m		No match found on Mutbex
ATALAY	Atalay Endüstriyel Mutfak Ekipmanları	Servis Arabaları	Yardimci Ekipmanlar	ADK-10/2	ATALAY		Atalay Döner Kalıpları ADK-10/2 810 x 764 x 1170 mm.	107738.0					NO_MATCH	NO_MATCH	LOW	NOT_FOUND	https://equsto.com/shop/adk-10/2		No match found on Mutbex
ATALAY	Atalay Endüstriyel Mutfak Ekipmanları	Servis Arabaları	Yardimci Ekipmanlar	ADK-8/3	ATALAY		Atalay Döner Kalıpları ADK-8/3 810 x 764 x 1615 mm.	152739.0					NO_MATCH	NO_MATCH	LOW	NOT_FOUND	https://equsto.com/shop/adk-8/3		No match found on Mutbex
ATALAY	Atalay Endüstriyel Mutfak Ekipmanları	Servis Arabaları	Yardimci Ekipmanlar	ADK-C5/2	ATALAY		Atalay Döner Kalıpları ADK-C5/2 675 x 645 x 1110 mm.	63531.0					NO_MATCH	NO_MATCH	LOW	NOT_FOUND	https://equsto.com/shop/adk-c5/2		No match found on Mutbex
ATALAY	Atalay Endüstriyel Mutfak Ekipmanları	Servis Arabaları	Yardimci Ekipmanlar	ADST-01	ATALAY		Atalay Döner Kalıpları ADST-01 665x955x1925mm.	81267.0					NO_MATCH	NO_MATCH	LOW	NOT_FOUND	https://equsto.com/shop/adst-01		No match found on Mutbex
ATALAY	Atalay Endüstriyel Mutfak Ekipmanları	Servis Arabaları	Yardimci Ekipmanlar	ADST-02	ATALAY		Atalay Döner Kalıpları ADST-02 570x986x1605 mm.	84708.0					NO_MATCH	NO_MATCH	LOW	NOT_FOUND	https://equsto.com/shop/adst-02		No match found on Mutbex
ATALAY	Atalay Endüstriyel Mutfak Ekipmanları	Servis Arabaları	Yardimci Ekipmanlar	ADST-03	ATALAY		Atalay Döner Kalıpları ADST-03 850x1161x1605 mm.	92914.0					NO_MATCH	NO_MATCH	LOW	NOT_FOUND	https://equsto.com/shop/adst-03		No match found on Mutbex
ATALAY	Atalay Endüstriyel Mutfak Ekipmanları	Servis Arabaları	Yardimci Ekipmanlar	ADST-04	ATALAY		Atalay Döner Kalıpları ADST-04 566x890x1605 mm.	80472.0					NO_MATCH	NO_MATCH	LOW	NOT_FOUND	https://equsto.com/shop/adst-04		No match found on Mutbex
ATALAY	Atalay Endüstriyel Mutfak Ekipmanları	Servis Arabaları	Yardimci Ekipmanlar	ADST-05	ATALAY		Atalay Döner Kalıpları ADST-05 568x986x1605 mm.	83914.0					NO_MATCH	NO_MATCH	LOW	NOT_FOUND	https://equsto.com/shop/adst-05		No match found on Mutbex
ATALAY	Atalay Endüstriyel Mutfak Ekipmanları	Servis Arabaları	Yardimci Ekipmanlar	ADST-06	ATALAY		Atalay Döner Kalıpları ADST-06 850x1160x1605 mm.	86031.0					NO_MATCH	NO_MATCH	LOW	NOT_FOUND	https://equsto.com/shop/adst-06		No match found on Mutbex
HAZIRLIK	Animo	Hazırlık	Pot Sayisi	199.08208	ANİMO		Animo Cam Pot, 1.8 L	1168.0					NO_MATCH	NO_MATCH	LOW	NOT_FOUND	https://equsto.com/shop/199.08208		No match found on Mutbex
HAZIRLIK	Dito Sama	Hazırlık	Cutter Mikserler	208.600091	DİTO		Dito Sama K120S Cutter Mikser, Mutfak Robotu, 2 Hızlı, 11.5 L	259291.0					NO_MATCH	NO_MATCH	LOW	NOT_FOUND	https://equsto.com/shop/208.600091		No match found on Mutbex
HAZIRLIK	Dito Sama	Hazırlık	Cutter Mikserler	208.600092	DİTO		Dito Sama K180S Cutter Mikser, Mutfak Robotu, 2 Hızlı, 17.5 L	283288.0					NO_MATCH	NO_MATCH	LOW	NOT_FOUND	https://equsto.com/shop/208.600092		No match found on Mutbex
HAZIRLIK	Dito Sama	Hazırlık	Cutter Mikserler	208.600443	DİTO		Dito Sama K45 Cutter Mikser, Mutfak Robotu, 1 Hızlı, 4.5 L	63867.0					NO_MATCH	NO_MATCH	LOW	NOT_FOUND	https://equsto.com/shop/208.600443		No match found on Mutbex
HAZIRLIK	Dito Sama	Hazırlık	Cutter Mikserler	208.600444	DİTO		Dito Sama K45 Cutter Mikser, Mutfak Robotu, 2 Hızlı, 4.5 L	77598.0					NO_MATCH	NO_MATCH	LOW	NOT_FOUND	https://equsto.com/shop/208.600444		No match found on Mutbex
HAZIRLIK	Dito Sama	Hazırlık	Cutter Mikserler	208.600448	DİTO		Dito Sama K45 Cutter Mikser, Mutfak Robotu, Hız Varyatörlü, 4.5 L	85899.0					NO_MATCH	NO_MATCH	LOW	NOT_FOUND	https://equsto.com/shop/208.600448		No match found on Mutbex
HAZIRLIK	Dito Sama	Hazırlık	Cutter Mikserler	208.600445	DİTO		Dito Sama K55 Cutter Mikser, Mutfak Robotu, 2 Hızlı, 5.5 L	75627.0					NO_MATCH	NO_MATCH	LOW	NOT_FOUND	https://equsto.com/shop/208.600445		No match found on Mutbex
HAZIRLIK	Dito Sama	Hazırlık	Cutter Mikserler	208.600450	DİTO		Dito Sama K55 Cutter Mikser, Mutfak Robotu, Hız Varyatörlü, 5.5 L	84997.0					NO_MATCH	NO_MATCH	LOW	NOT_FOUND	https://equsto.com/shop/208.600450		No match found on Mutbex
HAZIRLIK	Dito Sama	Hazırlık	Cutter Mikserler	208.600446	DİTO		Dito Sama K70 Cutter Mikser, Mutfak Robotu, 2 Hızlı, 7 L	80511.0					NO_MATCH	NO_MATCH	LOW	NOT_FOUND	https://equsto.com/shop/208.600446		No match found on Mutbex
HAZIRLIK	Dito Sama	Hazırlık	Cutter Mikserler	208.600453	DİTO		Dito Sama K70 Cutter Mikser, Mutfak Robotu, Hız Varyatörlü, 7 L	90977.0					NO_MATCH	NO_MATCH	LOW	NOT_FOUND	https://equsto.com/shop/208.600453		No match found on Mutbex
HAZIRLIK	Dito Sama	Hazırlık	Cutter Mikserler	208.600093	DİTO		Dito Sama KE120S Cutter Mikser, Mutfak Robotu, Hız Varyatörlü, 11.5 L	268885.0					NO_MATCH	NO_MATCH	LOW	NOT_FOUND	https://equsto.com/shop/208.600093		No match found on Mutbex
HAZIRLIK	Dito Sama	Hazırlık	Dito Sama 12 Li Disk Seti	208.CC0G13	DİTO		Dito Sama 12'li Disk Seti	67477.0					NO_MATCH	NO_MATCH	LOW	NOT_FOUND	https://equsto.com/shop/208.cc0g13		No match found on Mutbex
HAZIRLIK	Dito Sama	Hazırlık	Dito Sama 4 Li Disk Seti	208.650178	DİTO		Dito Sama 4'li Disk Seti	18794.0					NO_MATCH	NO_MATCH	LOW	NOT_FOUND	https://equsto.com/shop/208.650178		No match found on Mutbex
HAZIRLIK	Dito Sama	Hazırlık	Dito Sama 650166 As2xx Paslanmaz Celik Serit Kesme Diski 2x2 Mm	208.650166.AS2XX	DİTO		Dito Sama 650166 AS2XX Paslanmaz Çelik Şerit Kesme Diski, 2x2 mm	9503.0					NO_MATCH	NO_MATCH	LOW	NOT_FOUND	https://equsto.com/shop/208.650166.as2xx		No match found on Mutbex
HAZIRLIK	Dito Sama	Hazırlık	Dito Sama 650167 As3xx Paslanmaz Celik Rende Diski 3x3 Mm	208.650167.AS3XX	DİTO		Dito Sama 650167 AS3XX Paslanmaz Çelik Rende Diski, 3x3 mm	8733.0					NO_MATCH	NO_MATCH	LOW	NOT_FOUND	https://equsto.com/shop/208.650167.as3xx		No match found on Mutbex
HAZIRLIK	Dito Sama	Hazırlık	Dito Sama 7 Li Disk Seti	208.DS7DSET	DİTO		Dito Sama 7'li Disk Seti	44914.0					NO_MATCH	NO_MATCH	LOW	NOT_FOUND	https://equsto.com/shop/208.ds7dset		No match found on Mutbex
HAZIRLIK	Dito Sama	Hazırlık	Dito Sama 8 Li Disk Seti	208.CC0G12	DİTO		Dito Sama 8'li Disk Seti	39871.0					NO_MATCH	NO_MATCH	LOW	NOT_FOUND	https://equsto.com/shop/208.cc0g12		No match found on Mutbex
HAZIRLIK	Dito Sama	Hazırlık	Dito Sama C3sx S Tipi Bicakli Dilimleme Diski Paslanmaz Celik Baskili 3	208.650084.C3SX	DİTO		Dito Sama C3SX S-Tipi Bıçaklı Dilimleme Diski, Paslanmaz Çelik Baskılı, 3 mm	6875.0					NO_MATCH	NO_MATCH	LOW	NOT_FOUND	https://equsto.com/shop/208.650084.c3sx		No match found on Mutbex
HAZIRLIK	Dito Sama	Hazırlık	Dito Sama Cips Biciminde Kesme İzgarasi 3x10 Mm	208.653573.FT10	DİTO		Dito Sama Cips Biçiminde Kesme Izgarası, 3x10 mm	10140.0					NO_MATCH	NO_MATCH	LOW	NOT_FOUND	https://equsto.com/shop/208.653573.ft10		No match found on Mutbex
HAZIRLIK	Dito Sama	Hazırlık	Dito Sama Cips Biciminde Kesme İzgarasi 6x6 Mm	208.653571.FT06	DİTO		Dito Sama Cips Biçiminde Kesme Izgarası, 6x6 mm	12476.0					NO_MATCH	NO_MATCH	LOW	NOT_FOUND	https://equsto.com/shop/208.653571.ft06		No match found on Mutbex
HAZIRLIK	Dito Sama	Hazırlık	Dito Sama Cips Biciminde Kesme İzgarasi 8x8 Mm	208.653572.FT08	DİTO		Dito Sama Cips Biçiminde Kesme Izgarası, 8x8 mm	10299.0					NO_MATCH	NO_MATCH	LOW	NOT_FOUND	https://equsto.com/shop/208.653572.ft08		No match found on Mutbex
HAZIRLIK	Dito Sama	Hazırlık	Dito Sama Dalgali Dilimleme Diski 10 Mm	208.650164.C10WX	DİTO		Dito Sama Dalgalı Dilimleme Diski, 10 mm	5920.0					NO_MATCH	NO_MATCH	LOW	NOT_FOUND	https://equsto.com/shop/208.650164.c10wx		No match found on Mutbex
HAZIRLIK	Dito Sama	Hazırlık	Dito Sama Dalgali Dilimleme Diski S Tipi Bicakli 6 Mm	208.650091.C6WX	DİTO		Dito Sama Dalgalı Dilimleme Diski, S-Tipi Bıçaklı, 6 mm	7459.0					NO_MATCH	NO_MATCH	LOW	NOT_FOUND	https://equsto.com/shop/208.650091.c6wx		No match found on Mutbex
HAZIRLIK	Dito Sama	Hazırlık	Dito Sama Dalgali Dilimleme Diski S Tipi Bicakli 8 Mm	208.650162.C8WX	DİTO		Dito Sama Dalgalı Dilimleme Diski, S-Tipi Bıçaklı, 8 mm	5920.0					NO_MATCH	NO_MATCH	LOW	NOT_FOUND	https://equsto.com/shop/208.650162.c8wx		No match found on Mutbex
HAZIRLIK	Dito Sama	Hazırlık	Dito Sama Dilimleme Diski Dalgali Agizi S Tipi Bicakli Paslanmaz Celik B	208.650083.C2SX	DİTO		Dito Sama Dilimleme Diski, Dalgalı Ağızı S-Tipi Bıçaklı, Paslanmaz Çelik Baskılı, 2 mm	6875.0					NO_MATCH	NO_MATCH	LOW	NOT_FOUND	https://equsto.com/shop/208.650083.c2sx		No match found on Mutbex
HAZIRLIK	Dito Sama	Hazırlık	Dito Sama Dilimleme Diski Paslanmaz Celik Baskili 0 6 Mm	208.650081.C06SX	DİTO		Dito Sama Dilimleme Diski, Paslanmaz Çelik Baskılı, 0.6 mm	6875.0					NO_MATCH	NO_MATCH	LOW	NOT_FOUND	https://equsto.com/shop/208.650081.c06sx		No match found on Mutbex
HAZIRLIK	Dito Sama	Hazırlık	Dito Sama Dilimleme Diski S Tipi Bicakli Paslanmaz Celik 12 Mm	208.650161.C12SX	DİTO		Dito Sama Dilimleme Diski, S-Tipi Bıçaklı, Paslanmaz Çelik, 12 mm	5628.0					NO_MATCH	NO_MATCH	LOW	NOT_FOUND	https://equsto.com/shop/208.650161.c12sx		No match found on Mutbex
HAZIRLIK	Dito Sama	Hazırlık	Dito Sama Dilimleme Diski S Tipi Bicakli Paslanmaz Celik Baskili 1 Mm	208.650082.C1SX	DİTO		Dito Sama Dilimleme Diski, S-Tipi Bıçaklı, Paslanmaz Çelik Baskılı, 1 mm	6875.0					NO_MATCH	NO_MATCH	LOW	NOT_FOUND	https://equsto.com/shop/208.650082.c1sx		No match found on Mutbex
HAZIRLIK	Dito Sama	Hazırlık	Dito Sama Dilimleme Diski S Tipi Bicakli Paslanmaz Celik Baskili 2 Mm	208.650089.C2WX	DİTO		Dito Sama Dilimleme Diski, S-Tipi Bıçaklı, Paslanmaz Çelik Baskılı, 2 mm	7459.0					NO_MATCH	NO_MATCH	LOW	NOT_FOUND	https://equsto.com/shop/208.650089.c2wx		No match found on Mutbex
HAZIRLIK	Dito Sama	Hazırlık	Dito Sama Dilimleme Diski S Tipi Bicakli Paslanmaz Celik Baskili 4 Mm	208.650085.C4SX	DİTO		Dito Sama Dilimleme Diski, S-Tipi Bıçaklı, Paslanmaz Çelik Baskılı, 4 mm	6875.0					NO_MATCH	NO_MATCH	LOW	NOT_FOUND	https://equsto.com/shop/208.650085.c4sx		No match found on Mutbex
HAZIRLIK	Dito Sama	Hazırlık	Dito Sama Dilimleme Diski S Tipi Bicakli Paslanmaz Celik Baskili 6 Mm	208.650087.C6SX	DİTO		Dito Sama Dilimleme Diski, S-Tipi Bıçaklı, Paslanmaz Çelik Baskılı, 6 mm	6875.0					NO_MATCH	NO_MATCH	LOW	NOT_FOUND	https://equsto.com/shop/208.650087.c6sx		No match found on Mutbex
HAZIRLIK	Dito Sama	Hazırlık	Dito Sama Dilimleme Diski S Tipi Bicakli Paslanmaz Celik Baskili 8 Mm	208.650088.C8SX	DİTO		Dito Sama Dilimleme Diski, S-Tipi Bıçaklı, Paslanmaz Çelik Baskılı, 8 mm	5628.0					NO_MATCH	NO_MATCH	LOW	NOT_FOUND	https://equsto.com/shop/208.650088.c8sx		No match found on Mutbex
HAZIRLIK	Dito Sama	Hazırlık	Dito Sama Gastronomi Disk Seti 5 Bicakli	208.650077.AS4XX	DİTO		Dito Sama Gastronomi Disk Seti, 5 Bıçaklı	8733.0					NO_MATCH	NO_MATCH	LOW	NOT_FOUND	https://equsto.com/shop/208.650077.as4xx		No match found on Mutbex
HAZIRLIK	Dito Sama	Hazırlık	Dito Sama Julyen Dilimleme Diski 8x8 Mm	208.650079.AS8XX	DİTO		Dito Sama Jülyen Dilimleme Diski, 8x8 mm	6875.0					NO_MATCH	NO_MATCH	LOW	NOT_FOUND	https://equsto.com/shop/208.650079.as8xx		No match found on Mutbex
HAZIRLIK	Dito Sama	Hazırlık	Dito Sama Julyen Dilimleme Diski Paslanmaz Celik Baskili 10x10 Mm	208.650080.AS10XX	DİTO		Dito Sama Jülyen Dilimleme Diski, Paslanmaz Çelik Baskılı, 10x10 mm	6875.0					NO_MATCH	NO_MATCH	LOW	NOT_FOUND	https://equsto.com/shop/208.650080.as10xx		No match found on Mutbex
HAZIRLIK	Dito Sama	Hazırlık	Dito Sama Julyen Kesme Diski 6x6 Mm	208.650078.AS6XX	DİTO		Dito Sama Jülyen Kesme Diski, 6x6 mm	8733.0					NO_MATCH	NO_MATCH	LOW	NOT_FOUND	https://equsto.com/shop/208.650078.as6xx		No match found on Mutbex
HAZIRLIK	Dito Sama	Hazırlık	Dito Sama Kazan Arabasi 35x65x105 Cm	208.653585	DİTO		Dito Sama Kazan Arabası, 35x65x105 cm	22192.0					NO_MATCH	NO_MATCH	LOW	NOT_FOUND	https://equsto.com/shop/208.653585		No match found on Mutbex
HAZIRLIK	Dito Sama	Hazırlık	Dito Sama Kup Biciminde Kesme İzgarasi 10x10 Mm	208.653568.MT10T	DİTO		Dito Sama Küp Biçiminde Kesme Izgarası, 10x10 mm	15980.0					NO_MATCH	NO_MATCH	LOW	NOT_FOUND	https://equsto.com/shop/208.653568.mt10t		No match found on Mutbex
HAZIRLIK	Dito Sama	Hazırlık	Dito Sama Kup Biciminde Kesme İzgarasi 12x12 Mm	208.653569.MT12T	DİTO		Dito Sama Küp Biçiminde Kesme Izgarası, 12x12 mm	8788.0					NO_MATCH	NO_MATCH	LOW	NOT_FOUND	https://equsto.com/shop/208.653569.mt12t		No match found on Mutbex
HAZIRLIK	Dito Sama	Hazırlık	Dito Sama Lmp400 Manuel Hamur Acma Makinesi 400 Mm	208.601549	DİTO		Dito Sama LMP400 Manuel Hamur Açma Makinesi, 400 mm	72494.0					NO_MATCH	NO_MATCH	LOW	NOT_FOUND	https://equsto.com/shop/208.601549		No match found on Mutbex
HAZIRLIK	Dito Sama	Hazırlık	Dito Sama Lmp500 Set Ustu Hamur Acma Makinesi 500 Mm	208.601567	DİTO		Dito Sama LMP500 Set Üstü Hamur Açma Makinesi, 500 mm	127363.0					NO_MATCH	NO_MATCH	LOW	NOT_FOUND	https://equsto.com/shop/208.601567		No match found on Mutbex
HAZIRLIK	Dito Sama	Hazırlık	Dito Sama Lmp600bf Standli Hamur Acma Makinesi 600 Mm	208.601588	DİTO		Dito Sama LMP600BF Standlı Hamur Açma Makinesi, 600 mm	301922.0					NO_MATCH	NO_MATCH	LOW	NOT_FOUND	https://equsto.com/shop/208.601588		No match found on Mutbex
HAZIRLIK	Dito Sama	Hazırlık	Dito Sama Lv200 Sabit Kazanli Sebze Yikama Makinesi 200 L	208.660031	DİTO		Dito Sama LV200 Sabit Kazanlı Sebze Yıkama Makinesi, 200 L	330724.0					NO_MATCH	NO_MATCH	LOW	NOT_FOUND	https://equsto.com/shop/208.660031		No match found on Mutbex
HAZIRLIK	Dito Sama	Hazırlık	Dito Sama Lv300 Sabit Kazanli Sebze Yikama Makinesi 300 L	208.660033	DİTO		Dito Sama LV300 Sabit Kazanlı Sebze Yıkama Makinesi, 300 L	385857.0					NO_MATCH	NO_MATCH	LOW	NOT_FOUND	https://equsto.com/shop/208.660033		No match found on Mutbex
HAZIRLIK	Dito Sama	Hazırlık	Dito Sama Lv301 Otomatik Sebze Yikama Makinesi 300 L	208.660030	DİTO		Dito Sama LV301 Otomatik Sebze Yıkama Makinesi, 300 L	725474.0					NO_MATCH	NO_MATCH	LOW	NOT_FOUND	https://equsto.com/shop/208.660030		No match found on Mutbex
HAZIRLIK	Dito Sama	Hazırlık	Dito Sama Otomatik Sebze Yukleme Silosu	208.653037.AH260	DİTO		Dito Sama Otomatik Sebze Yükleme Silosu	113984.0					NO_MATCH	NO_MATCH	LOW	NOT_FOUND	https://equsto.com/shop/208.653037.ah260		No match found on Mutbex
HAZIRLIK	Dito Sama	Hazırlık	Dito Sama Rende Diski Paslanmaz Celik 13 Mm Tr260 Tr300	208.650165.C13SX	DİTO		Dito Sama Rende Diski, Paslanmaz Çelik, 13 mm, TR260/TR300	10034.0					NO_MATCH	NO_MATCH	LOW	NOT_FOUND	https://equsto.com/shop/208.650165.c13sx		No match found on Mutbex
HAZIRLIK	Dito Sama	Hazırlık	Dito Sama Rende Diski Paslanmaz Celik 2 Mm	208.653773.J2X	DİTO		Dito Sama Rende Diski, Paslanmaz Çelik, 2 mm	2568.0					NO_MATCH	NO_MATCH	LOW	NOT_FOUND	https://equsto.com/shop/208.653773.j2x		No match found on Mutbex
HAZIRLIK	Dito Sama	Hazırlık	Dito Sama Rende Diski Paslanmaz Celik 3 Mm	208.653774.J3X	DİTO		Dito Sama Rende Diski, Paslanmaz Çelik, 3 mm	2474.0					NO_MATCH	NO_MATCH	LOW	NOT_FOUND	https://equsto.com/shop/208.653774.j3x		No match found on Mutbex
HAZIRLIK	Dito Sama	Hazırlık	Dito Sama Rende Diski Paslanmaz Celik 7 Mm	208.653776.J7X	DİTO		Dito Sama Rende Diski, Paslanmaz Çelik, 7 mm	2255.0					NO_MATCH	NO_MATCH	LOW	NOT_FOUND	https://equsto.com/shop/208.653776.j7x		No match found on Mutbex
HAZIRLIK	Dito Sama	Hazırlık	Dito Sama Rende Diski Paslanmaz Celik 9 Mm	208.653777.J9X	DİTO		Dito Sama Rende Diski, Paslanmaz Çelik, 9 mm	2654.0					NO_MATCH	NO_MATCH	LOW	NOT_FOUND	https://equsto.com/shop/208.653777.j9x		No match found on Mutbex
HAZIRLIK	Dito Sama	Hazırlık	Dito Sama Rende Diski Paslanmaz Celik Kuru Ekmek İcin	208.653778.KX	DİTO		Dito Sama Rende Diski, Paslanmaz Çelik, Kuru Ekmek için	3026.0					NO_MATCH	NO_MATCH	LOW	NOT_FOUND	https://equsto.com/shop/208.653778.kx		No match found on Mutbex
HAZIRLIK	Dito Sama	Hazırlık	Dito Sama Rende Diski Paslanmaz Celik Permasan Vb Sert Peynirler Ve Kuru	208.653779.PX	DİTO		Dito Sama Rende Diski, Paslanmaz Çelik, Permasan vb. Sert Peynirler ve Kuru Ekmek için	3557.0					NO_MATCH	NO_MATCH	LOW	NOT_FOUND	https://equsto.com/shop/208.653779.px		No match found on Mutbex
HAZIRLIK	Dito Sama	Hazırlık	Dito Sama S Tipi Bicakli Dalgali Dilimleme Diski Paslanmaz Celik Baskili	208.650090.C3WX	DİTO		Dito Sama S-Tipi Bıçaklı Dalgalı Dilimleme Diski, Paslanmaz Çelik Baskılı, 3 mm	7459.0					NO_MATCH	NO_MATCH	LOW	NOT_FOUND	https://equsto.com/shop/208.650090.c3wx		No match found on Mutbex
HAZIRLIK	Dito Sama	Hazırlık	Dito Sama S Tipi Bicakli Dilimleme Diski Paslanmaz Celik 5 Mm	208.650086.C5SX	DİTO		Dito Sama S-Tipi Bıçaklı Dilimleme Diski, Paslanmaz Çelik, 5 mm	6875.0					NO_MATCH	NO_MATCH	LOW	NOT_FOUND	https://equsto.com/shop/208.650086.c5sx		No match found on Mutbex
HAZIRLIK	Dito Sama	Hazırlık	Dito Sama Sceqxx Bistro Diski Paketi 2 Mm Dilimleme Diski 5 Mm Dilimleme	208.650092.SCEQXX	DİTO		Dito Sama SCEQXX Bistro Diski Paketi, 2 mm Dilimleme Diski, 5 mm Dilimleme Diski, 2 mm Rendeleme Diski	16272.0					NO_MATCH	NO_MATCH	LOW	NOT_FOUND	https://equsto.com/shop/208.650092.sceqxx		No match found on Mutbex
HAZIRLIK	Dito Sama	Hazırlık	Dito Sama Serit Dilimleme Diski Paslanmaz Celik 2x10 Mm	208.650159.AS2X10X	DİTO		Dito Sama Şerit Dilimleme Diski, Paslanmaz Çelik, 2x10 mm	8123.0					NO_MATCH	NO_MATCH	LOW	NOT_FOUND	https://equsto.com/shop/208.650159.as2x10x		No match found on Mutbex
HAZIRLIK	Dito Sama	Hazırlık	Dito Sama Serit Dilimleme Diski Paslanmaz Celik 2x8 Mm	208.650158.AS2X8X	DİTO		Dito Sama Şerit Dilimleme Diski, Paslanmaz Çelik, 2x8 mm	8123.0					NO_MATCH	NO_MATCH	LOW	NOT_FOUND	https://equsto.com/shop/208.650158.as2x8x		No match found on Mutbex
HAZIRLIK	Dito Sama	Hazırlık	Dito Sama Sert Bicimde Kesme Diski S Tipi Bicakli Paslanmaz Celik 10 Mm	208.650160.C10SX	DİTO		Dito Sama Sert Biçimde Kesme Diski, S-Tipi Bıçaklı, Paslanmaz Çelik, 10 mm	5628.0					NO_MATCH	NO_MATCH	LOW	NOT_FOUND	https://equsto.com/shop/208.650160.c10sx		No match found on Mutbex
HAZIRLIK	Dito Sama	Hazırlık	Dito Sama T10e Standli Patates Soyma Makinesi 10 Kg	208.603510	DİTO		Dito Sama T10E Standlı Patates Soyma Makinesi, 10 kg	108728.0					NO_MATCH	NO_MATCH	LOW	NOT_FOUND	https://equsto.com/shop/208.603510		No match found on Mutbex
HAZIRLIK	Dito Sama	Hazırlık	Dito Sama T15e Standli Patates Soyma Makinesi 15 Kg	208.603512	DİTO		Dito Sama T15E Standlı Patates Soyma Makinesi, 15 kg	111250.0					NO_MATCH	NO_MATCH	LOW	NOT_FOUND	https://equsto.com/shop/208.603512		No match found on Mutbex
HAZIRLIK	Dito Sama	Hazırlık	Dito Sama T25e Standli Patates Soyma Makinesi 25 Kg	208.603649	DİTO		Dito Sama T25E Standlı Patates Soyma Makinesi, 25 kg	201821.0					NO_MATCH	NO_MATCH	LOW	NOT_FOUND	https://equsto.com/shop/208.603649		No match found on Mutbex
HAZIRLIK	Dito Sama	Hazırlık	Dito Sama T5e Patates Soyma Makinesi 5 Kg	208.603498	DİTO		Dito Sama T5E Patates Soyma Makinesi, 5 kg	103419.0					NO_MATCH	NO_MATCH	LOW	NOT_FOUND	https://equsto.com/shop/208.603498		No match found on Mutbex
HAZIRLIK	Dito Sama	Hazırlık	Dito Sama T5m Kabuklu Deniz Urunleri Ayiklama Makinesi 5 Kg	208.603499	DİTO		Dito Sama T5M Kabuklu Deniz Ürünleri Ayıklama Makinesi, 5 kg	118045.0					NO_MATCH	NO_MATCH	LOW	NOT_FOUND	https://equsto.com/shop/208.603499		No match found on Mutbex
HAZIRLIK	Dito Sama	Hazırlık	Dito Sama T8e Patates Soyma Makinesi 8 Kg	208.603506	DİTO		Dito Sama T8E Patates Soyma Makinesi, 8 kg	112869.0					NO_MATCH	NO_MATCH	LOW	NOT_FOUND	https://equsto.com/shop/208.603506		No match found on Mutbex
HAZIRLIK	Dito Sama	Hazırlık	Dito Sama Ti25 Patates Soyma Makinesi 25 Kg	208.603692	DİTO		Dito Sama Ti25 Patates Soyma Makinesi, 25 kg	350340.0					NO_MATCH	NO_MATCH	LOW	NOT_FOUND	https://equsto.com/shop/208.603692		No match found on Mutbex
HAZIRLIK	Dito Sama	Hazırlık	Dito Sama Tr260 Sebze Dograma Makinesi 2 Kafali 2500 Kg Saat	208.600125	DİTO		Dito Sama TR260 Sebze Doğrama Makinesi, 2 Kafalı, 2500 kg/saat	477809.0					NO_MATCH	NO_MATCH	LOW	NOT_FOUND	https://equsto.com/shop/208.600125		No match found on Mutbex
HAZIRLIK	Dito Sama	Hazırlık	Dito Sama Zsp Spiral Hamur Yogurma Makinesi 12 L	208.601525	DİTO		Dito Sama ZSP Spiral Hamur Yoğurma Makinesi, 12 L	68274.0					NO_MATCH	NO_MATCH	LOW	NOT_FOUND	https://equsto.com/shop/208.601525		No match found on Mutbex
HAZIRLIK	Dito Sama	Hazırlık	Dito Sama Zsp Spiral Hamur Yogurma Makinesi 25 L	208.601526	DİTO		Dito Sama ZSP Spiral Hamur Yoğurma Makinesi, 25 L	77325.0					NO_MATCH	NO_MATCH	LOW	NOT_FOUND	https://equsto.com/shop/208.601526		No match found on Mutbex
HAZIRLIK	Dito Sama	Hazırlık	Dito Sama Zsp Spiral Hamur Yogurma Makinesi 32 L	208.601546	DİTO		Dito Sama ZSP Spiral Hamur Yoğurma Makinesi, 32 L	85501.0					NO_MATCH	NO_MATCH	LOW	NOT_FOUND	https://equsto.com/shop/208.601546		No match found on Mutbex
HAZIRLIK	Dito Sama	Hazırlık	Dito Sama Zsp Spiral Hamur Yogurma Makinesi 38 L	208.601547	DİTO		Dito Sama ZSP Spiral Hamur Yoğurma Makinesi, 38 L	124204.0					NO_MATCH	NO_MATCH	LOW	NOT_FOUND	https://equsto.com/shop/208.601547		No match found on Mutbex
HAZIRLIK	Dito Sama	Hazırlık	Dito Sama Zsp Spiral Hamur Yogurma Makinesi 48 L	208.601548	DİTO		Dito Sama ZSP Spiral Hamur Yoğurma Makinesi, 48 L	142361.0					NO_MATCH	NO_MATCH	LOW	NOT_FOUND	https://equsto.com/shop/208.601548		No match found on Mutbex
HAZIRLIK	Dito Sama	Hazırlık	El Mikserleri	208.600322	DİTO		Dito Sama Bermixer Pro Turbo El Blender, 453 mm, 550 W	22192.0					NO_MATCH	NO_MATCH	LOW	NOT_FOUND	https://equsto.com/shop/208.600322		No match found on Mutbex
HAZIRLIK	Dito Sama	Hazırlık	El Mikserleri	208.600324	DİTO		Dito Sama Bermixer Pro Turbo El Blender, 453 mm, 650 W	23748.0					NO_MATCH	NO_MATCH	LOW	NOT_FOUND	https://equsto.com/shop/208.600324		No match found on Mutbex
HAZIRLIK	Dito Sama	Hazırlık	El Mikserleri	208.600331	DİTO		Dito Sama Bermixer Pro Turbo El Blender, 553 mm, 650 W	23261.0					NO_MATCH	NO_MATCH	LOW	NOT_FOUND	https://equsto.com/shop/208.600331		No match found on Mutbex
HAZIRLIK	Dito Sama	Hazırlık	El Mikserleri	208.600332	DİTO		Dito Sama Bermixer Pro Turbo El Blender, 553 mm, 750 W	23625.0					NO_MATCH	NO_MATCH	LOW	NOT_FOUND	https://equsto.com/shop/208.600332		No match found on Mutbex
HAZIRLIK	Dito Sama	Hazırlık	El Mikserleri	208.600336	DİTO		Dito Sama Bermixer Pro Turbo El Blender, 653 mm, 650 W	23535.0					NO_MATCH	NO_MATCH	LOW	NOT_FOUND	https://equsto.com/shop/208.600336		No match found on Mutbex
HAZIRLIK	Dito Sama	Hazırlık	El Mikserleri	208.600330	DİTO		Dito Sama Bermixer Pro Turbo El Mikser, 553 mm, 550 W	23261.0					NO_MATCH	NO_MATCH	LOW	NOT_FOUND	https://equsto.com/shop/208.600330		No match found on Mutbex
HAZIRLIK	Dito Sama	Hazırlık	El Mikserleri	208.600337	DİTO		Dito Sama Bermixer Pro Turbo El Mikser, 653 mm, 750 W	24129.0					NO_MATCH	NO_MATCH	LOW	NOT_FOUND	https://equsto.com/shop/208.600337		No match found on Mutbex
HAZIRLIK	Dito Sama	Hazırlık	İ Lemlerinde Yuksek Kapasiteli Otomatik Silolu Modeldir	208.650109	DİTO		Dito Sama 650109 Uzun Sebze Yükleme Silosu	27214.0					NO_MATCH	NO_MATCH	LOW	NOT_FOUND	https://equsto.com/shop/208.650109		No match found on Mutbex
HAZIRLIK	Dito Sama	Hazırlık	İ Lemlerinde Yuksek Kapasiteli Otomatik Silolu Modeldir	208.650094	DİTO		Dito Sama Sebze Doldurma Silosu	22298.0					NO_MATCH	NO_MATCH	LOW	NOT_FOUND	https://equsto.com/shop/208.650094		No match found on Mutbex
HAZIRLIK	Dito Sama	Hazırlık	İ Lemlerinde Yuksek Kapasiteli Otomatik Silolu Modeldir	208.600411	DİTO		Dito Sama TR210 Silolu Sebze Doğrama Makinesi, 1 Hızlı, 2100 kg/saat	92960.0					NO_MATCH	NO_MATCH	LOW	NOT_FOUND	https://equsto.com/shop/208.600411		No match found on Mutbex
HAZIRLIK	Dito Sama	Hazırlık	İ Lemlerinde Yuksek Kapasiteli Otomatik Silolu Modeldir	208.600412	DİTO		Dito Sama TR210 Silolu Sebze Doğrama Makinesi, 2 Hızlı, 2100 kg/saat	106697.0					NO_MATCH	NO_MATCH	LOW	NOT_FOUND	https://equsto.com/shop/208.600412		No match found on Mutbex
HAZIRLIK	Dito Sama	Hazırlık	İ Lemlerinde Yuksek Kapasiteli Otomatik Silolu Modeldir	208.600415	DİTO		Dito Sama TR210 Silolu Sebze Doğrama Makinesi, Hız Varyatörlü, 2100 kg/saat	107457.0					NO_MATCH	NO_MATCH	LOW	NOT_FOUND	https://equsto.com/shop/208.600415		No match found on Mutbex
HAZIRLIK	Dito Sama	Hazırlık	İ Lemlerinde Yuksek Kapasiteli Otomatik Silolu Modeldir	208.600413	DİTO		Dito Sama TR210 Silolu Sebze Doğrama Makinesi, Standlı, 2 Hızlı, 1500 kg/saat	167844.0					NO_MATCH	NO_MATCH	LOW	NOT_FOUND	https://equsto.com/shop/208.600413		No match found on Mutbex
HAZIRLIK	Dito Sama	Hazırlık	İ Lemlerinde Yuksek Kapasiteli Otomatik Silolu Modeldir	208.600414	DİTO		Dito Sama TR210 Silolu Sebze Doğrama Makinesi, Standlı, Hız Varyatörlü, 2100 kg/saat	167449.0					NO_MATCH	NO_MATCH	LOW	NOT_FOUND	https://equsto.com/shop/208.600414		No match found on Mutbex
HAZIRLIK	Dito Sama	Hazırlık	Kombine Cutter Ve Sebze Do Rama Makinalari	208.600981	DİTO		Dito Sama Prep4You Kombine Cutter ve Sebze Doğrama Makinesi, 3.6 L	52984.0					NO_MATCH	NO_MATCH	LOW	NOT_FOUND	https://equsto.com/shop/208.600981		No match found on Mutbex
HAZIRLIK	Dito Sama	Hazırlık	Kombine Cutter Ve Sebze Do Rama Makinalari	208.600984	DİTO		Dito Sama Prep4You Kombine Cutter ve Sebze Doğrama Makinesi, 9 Kademeli Hız, 3.6 L	71881.0					NO_MATCH	NO_MATCH	LOW	NOT_FOUND	https://equsto.com/shop/208.600984		No match found on Mutbex
HAZIRLIK	Dito Sama	Hazırlık	Kombine Cutter Ve Sebze Do Rama Makinalari	208.600974	DİTO		Dito Sama Prep4You Kombine Cutter ve Sebze Doğrama Makinesi, Paslanmaz Hazne, 2.6 L	51752.0					NO_MATCH	NO_MATCH	LOW	NOT_FOUND	https://equsto.com/shop/208.600974		No match found on Mutbex
HAZIRLIK	Dito Sama	Hazırlık	Kombine Cutter Ve Sebze Do Rama Makinalari	208.600976	DİTO		Dito Sama Prep4You Kombine Cutter ve Sebze Doğrama Makinesi, Plastik Hazne, 2.6 L	46005.0					NO_MATCH	NO_MATCH	LOW	NOT_FOUND	https://equsto.com/shop/208.600976		No match found on Mutbex
HAZIRLIK	Dito Sama	Hazırlık	Kombine Cutter Ve Sebze Do Rama Makinalari	208.600431	DİTO		Dito Sama TRK45 Kombine Cutter ve Sebze Doğrama Makinesi, 4.5 L	119224.0					NO_MATCH	NO_MATCH	LOW	NOT_FOUND	https://equsto.com/shop/208.600431		No match found on Mutbex
HAZIRLIK	Dito Sama	Hazırlık	Kombine Cutter Ve Sebze Do Rama Makinalari	208.600434	DİTO		Dito Sama TRK55 Kombine Cutter ve Sebze Doğrama Makinesi, 5.5 L	120045.0					NO_MATCH	NO_MATCH	LOW	NOT_FOUND	https://equsto.com/shop/208.600434		No match found on Mutbex
HAZIRLIK	Dito Sama	Hazırlık	Kombine Cutter Ve Sebze Do Rama Makinalari	208.600437	DİTO		Dito Sama TRK70 Kombine Cutter ve Sebze Doğrama Makinesi, 7 L	116904.0					NO_MATCH	NO_MATCH	LOW	NOT_FOUND	https://equsto.com/shop/208.600437		No match found on Mutbex
HAZIRLIK	Dito Sama	Hazırlık	Lva100 32 Litre El40 32 Litre Elx65 65 Litre	208.600522	DİTO		Dito Sama Dik Tip Gıda Dilimleme Makinesi, 300 mm	88514.0					NO_MATCH	NO_MATCH	LOW	NOT_FOUND	https://equsto.com/shop/208.600522		No match found on Mutbex
HAZIRLIK	Dito Sama	Hazırlık	Lva100 32 Litre El40 32 Litre Elx65 65 Litre	208.603354	DİTO		Dito Sama EL40 Sebze Kurutma Makinesi, 32 L	97128.0					NO_MATCH	NO_MATCH	LOW	NOT_FOUND	https://equsto.com/shop/208.603354		No match found on Mutbex
HAZIRLIK	Dito Sama	Hazırlık	Lva100 32 Litre El40 32 Litre Elx65 65 Litre	208.603651	DİTO		Dito Sama ELX65 Sebze Kurutma Makinesi, 65 L	142599.0					NO_MATCH	NO_MATCH	LOW	NOT_FOUND	https://equsto.com/shop/208.603651		No match found on Mutbex
HAZIRLIK	Dito Sama	Hazırlık	Lva100 32 Litre El40 32 Litre Elx65 65 Litre	208.601524	DİTO		Dito Sama LVA100 Sebze Yıkama ve Kurutma Makinesi, 32 L	337758.0					NO_MATCH	NO_MATCH	LOW	NOT_FOUND	https://equsto.com/shop/208.601524		No match found on Mutbex
HAZIRLIK	Dito Sama	Hazırlık	Lva100 32 Litre El40 32 Litre Elx65 65 Litre	208.600524	DİTO		Dito Sama Yatık Tip Gıda Dilimleme Makinesi, 250 mm	40561.0					NO_MATCH	NO_MATCH	LOW	NOT_FOUND	https://equsto.com/shop/208.600524		No match found on Mutbex
HAZIRLIK	Dito Sama	Hazırlık	Lva100 32 Litre El40 32 Litre Elx65 65 Litre	208.600521	DİTO		Dito Sama Yatık Tip Gıda Dilimleme Makinesi, 300 mm	73158.0					NO_MATCH	NO_MATCH	LOW	NOT_FOUND	https://equsto.com/shop/208.600521		No match found on Mutbex
HAZIRLIK	Dito Sama	Hazırlık	Lva100 32 Litre El40 32 Litre Elx65 65 Litre	208.600523	DİTO		Dito Sama Yatık Tip Gıda Dilimleme Makinesi, 350 mm	129513.0					NO_MATCH	NO_MATCH	LOW	NOT_FOUND	https://equsto.com/shop/208.600523		No match found on Mutbex
HAZIRLIK	Dito Sama	Hazırlık	Net A İrlik	208.600970	DİTO		Dito Sama Prep4You Kompakt Sebze Doğrama Makinesi, 1 Hızlı, 200 kg/saat	40189.0					NO_MATCH	NO_MATCH	LOW	NOT_FOUND	https://equsto.com/shop/208.600970		No match found on Mutbex
HAZIRLIK	Dito Sama	Hazırlık	Net A İrlik	208.600972	DİTO		Dito Sama Prep4You Kompakt Sebze Doğrama Makinesi, Değişken Hızlı, 200 kg/saat	58654.0					NO_MATCH	NO_MATCH	LOW	NOT_FOUND	https://equsto.com/shop/208.600972		No match found on Mutbex
HAZIRLIK	Dito Sama	Hazırlık	Net A İrlik	208.650196	DİTO		Dito Sama Prep4You Sebze Doğrama Disk Seti, 3 Adet	8043.0					NO_MATCH	NO_MATCH	LOW	NOT_FOUND	https://equsto.com/shop/208.650196		No match found on Mutbex
HAZIRLIK	Dito Sama	Hazırlık	Net A İrlik	208.650197	DİTO		Dito Sama Prep4You Sebze Doğrama Disk Seti, 6 Adet	20068.0					NO_MATCH	NO_MATCH	LOW	NOT_FOUND	https://equsto.com/shop/208.650197		No match found on Mutbex
HAZIRLIK	Dito Sama	Hazırlık	Patates Cips Do Rama Makinalari	208.600965	DİTO		Dito Sama Prep4You Cutter Mikser, Mutfak Robotu, 3.6 L	47436.0					NO_MATCH	NO_MATCH	LOW	NOT_FOUND	https://equsto.com/shop/208.600965		No match found on Mutbex
HAZIRLIK	Dito Sama	Hazırlık	Patates Cips Do Rama Makinalari	208.600967	DİTO		Dito Sama Prep4You Cutter Mikser, Mutfak Robotu, 9 Kademeli Hız, 3.6 L	66104.0					NO_MATCH	NO_MATCH	LOW	NOT_FOUND	https://equsto.com/shop/208.600967		No match found on Mutbex
HAZIRLIK	Dito Sama	Hazırlık	Patates Cips Do Rama Makinalari	208.600959	DİTO		Dito Sama Prep4You Cutter Mikser, Mutfak Robotu, Paslanmaz Hazne, 2.6 L	44622.0					NO_MATCH	NO_MATCH	LOW	NOT_FOUND	https://equsto.com/shop/208.600959		No match found on Mutbex
HAZIRLIK	Dito Sama	Hazırlık	Patates Cips Do Rama Makinalari	208.600960	DİTO		Dito Sama Prep4You Cutter Mikser, Mutfak Robotu, Plastik Hazne, 2.6 L	40258.0					NO_MATCH	NO_MATCH	LOW	NOT_FOUND	https://equsto.com/shop/208.600960		No match found on Mutbex
HAZIRLIK	Dito Sama	Hazırlık	Planet Mikserler	208.600137	DİTO		Dito Sama BE5 Planet Mikser, 5 L	68433.0					NO_MATCH	NO_MATCH	LOW	NOT_FOUND	https://equsto.com/shop/208.600137		No match found on Mutbex
HAZIRLIK	Dito Sama	Hazırlık	Planet Mikserler	208.600139	DİTO		Dito Sama BE8 Planet Mikser, 8 L	80352.0					NO_MATCH	NO_MATCH	LOW	NOT_FOUND	https://equsto.com/shop/208.600139		No match found on Mutbex
HAZIRLIK	Dito Sama	Hazırlık	Planet Mikserler	208.603797	DİTO		Dito Sama Dmix Set Üstü Mikser, 5 L, Siyah	39844.0					NO_MATCH	NO_MATCH	LOW	NOT_FOUND	https://equsto.com/shop/208.603797		No match found on Mutbex
HAZIRLIK	Dito Sama	Hazırlık	Sebze Do Rama Makinalari	208.600419	DİTO		Dito Sama TRS Sebze Doğrama Makinesi, 1 Hızlı, 500 kg/saat	66840.0					NO_MATCH	NO_MATCH	LOW	NOT_FOUND	https://equsto.com/shop/208.600419		No match found on Mutbex
HAZIRLIK	Dito Sama	Hazırlık	Sebze Do Rama Makinalari	208.600423	DİTO		Dito Sama TRS Sebze Doğrama Makinesi, 2 Hızlı, 500 kg/saat	87267.0					NO_MATCH	NO_MATCH	LOW	NOT_FOUND	https://equsto.com/shop/208.600423		No match found on Mutbex
HAZIRLIK	Dito Sama	Hazırlık	Sebze Do Rama Makinalari	208.600424	DİTO		Dito Sama TRS Sebze Doğrama Makinesi, Hız Varyatörlü, 500 kg/saat	86537.0					NO_MATCH	NO_MATCH	LOW	NOT_FOUND	https://equsto.com/shop/208.600424		No match found on Mutbex
HAZIRLIK	Dito Sama	Hazırlık	Speedy M Kser 250 Watt	208.650057	DİTO		Dito Sama 603677 El Blender için Çırpıcı	8176.0					NO_MATCH	NO_MATCH	LOW	NOT_FOUND	https://equsto.com/shop/208.650057		No match found on Mutbex
HAZIRLIK	Dito Sama	Hazırlık	Speedy M Kser 250 Watt	208.650108	DİTO		Dito Sama Bermixer için Çırpıcı	9848.0					NO_MATCH	NO_MATCH	LOW	NOT_FOUND	https://equsto.com/shop/208.650108		No match found on Mutbex
HAZIRLIK	Dito Sama	Hazırlık	Speedy M Kser 250 Watt	208.600314	DİTO		Dito Sama Bermixer Pro El Blender, 353 mm, 350 W	19829.0					NO_MATCH	NO_MATCH	LOW	NOT_FOUND	https://equsto.com/shop/208.600314		No match found on Mutbex
HAZIRLIK	Dito Sama	Hazırlık	Speedy M Kser 250 Watt	208.600320	DİTO		Dito Sama Bermixer Pro El Blender, 453 mm, 350 W	20676.0					NO_MATCH	NO_MATCH	LOW	NOT_FOUND	https://equsto.com/shop/208.600320		No match found on Mutbex
HAZIRLIK	Dito Sama	Hazırlık	Speedy M Kser 250 Watt	208.600329	DİTO		Dito Sama Bermixer Pro El Blender, 553 mm, 450 W	21163.0					NO_MATCH	NO_MATCH	LOW	NOT_FOUND	https://equsto.com/shop/208.600329		No match found on Mutbex
HAZIRLIK	Dito Sama	Hazırlık	Speedy M Kser 250 Watt	208.600392	DİTO		Dito Sama Bermixer Pro El Mikser, 353 mm, 450 W	20068.0					NO_MATCH	NO_MATCH	LOW	NOT_FOUND	https://equsto.com/shop/208.600392		No match found on Mutbex
HAZIRLIK	Dito Sama	Hazırlık	Speedy M Kser 250 Watt	208.600321	DİTO		Dito Sama Bermixer Pro El Mikser, 453 mm, 450 W	20950.0					NO_MATCH	NO_MATCH	LOW	NOT_FOUND	https://equsto.com/shop/208.600321		No match found on Mutbex
HAZIRLIK	Dito Sama	Hazırlık	Speedy M Kser 250 Watt	208.603464	DİTO		Dito Sama Speedy El Blender, 1 Hızlı, 200 mm, 250 W	14869.0					NO_MATCH	NO_MATCH	LOW	NOT_FOUND	https://equsto.com/shop/208.603464		No match found on Mutbex
HAZIRLIK	Dito Sama	Hazırlık	Speedy M Kser 250 Watt	208.603465	DİTO		Dito Sama Speedy El Blender, 1 Hızlı, 250 mm, 250 W	15477.0					NO_MATCH	NO_MATCH	LOW	NOT_FOUND	https://equsto.com/shop/208.603465		No match found on Mutbex
HAZIRLIK	Dito Sama	Hazırlık	Speedy M Kser 250 Watt	208.603676	DİTO		Dito Sama Speedy El Blender, Hız Varyatörlü, 200 mm, 250 W	19431.0					NO_MATCH	NO_MATCH	LOW	NOT_FOUND	https://equsto.com/shop/208.603676		No match found on Mutbex
HAZIRLIK	Dito Sama	Hazırlık	Vakum Paketleme Makinalari	208.602184	DİTO		Dito Sama Vakumlu Paketleme Makinesi, 8 m3/h	123726.0					NO_MATCH	NO_MATCH	LOW	NOT_FOUND	https://equsto.com/shop/208.602184		No match found on Mutbex
HAZIRLIK	Dito Sama	Hazırlık	Xbe10 Xbm10 10 Litre	208.600142	DİTO		Dito Sama XBE10 Planet Mikser, 10 L	132247.0					NO_MATCH	NO_MATCH	LOW	NOT_FOUND	https://equsto.com/shop/208.600142		No match found on Mutbex
HAZIRLIK	Dito Sama	Hazırlık	Xbe10 Xbm10 10 Litre	208.600155	DİTO		Dito Sama XBE20 Planet Mikser, 20 L	201200.0					NO_MATCH	NO_MATCH	LOW	NOT_FOUND	https://equsto.com/shop/208.600155		No match found on Mutbex
HAZIRLIK	Dito Sama	Hazırlık	Xbe10 Xbm10 10 Litre	208.600157	DİTO		Dito Sama XBE20 Standlı Planet Mikser, 20 L	209562.0					NO_MATCH	NO_MATCH	LOW	NOT_FOUND	https://equsto.com/shop/208.600157		No match found on Mutbex
HAZIRLIK	Dito Sama	Hazırlık	Xbe10 Xbm10 10 Litre	208.600141	DİTO		Dito Sama XBM10 Planet Mikser, 10 L	161946.0					NO_MATCH	NO_MATCH	LOW	NOT_FOUND	https://equsto.com/shop/208.600141		No match found on Mutbex
HAZIRLIK	Dito Sama	Hazırlık	Xbe10 Xbm10 10 Litre	208.600145	DİTO		Dito Sama XBM20 Planet Mikser, 20 L	193991.0					NO_MATCH	NO_MATCH	LOW	NOT_FOUND	https://equsto.com/shop/208.600145		No match found on Mutbex
HAZIRLIK	Dito Sama	Hazırlık	Xbe10 Xbm10 10 Litre	208.600150	DİTO		Dito Sama XBM20 Standlı Planet Mikser, 20 L	209015.0					NO_MATCH	NO_MATCH	LOW	NOT_FOUND	https://equsto.com/shop/208.600150		No match found on Mutbex
HAZIRLIK	Dito Sama	Hazırlık	Xbe30 Xbm30 30 Litre	208.600175	DİTO		Dito Sama MBE40 Planet Mikser, 40 L, 220V	365444.0					NO_MATCH	NO_MATCH	LOW	NOT_FOUND	https://equsto.com/shop/208.600175		No match found on Mutbex
HAZIRLIK	Dito Sama	Hazırlık	Xbe30 Xbm30 30 Litre	208.600176	DİTO		Dito Sama MBE40 Planet Mikser, 40 L, 380V	408300.0					NO_MATCH	NO_MATCH	LOW	NOT_FOUND	https://equsto.com/shop/208.600176		No match found on Mutbex
HAZIRLIK	Dito Sama	Hazırlık	Xbe30 Xbm30 30 Litre	208.600167	DİTO		Dito Sama XBE30 Planet Mikser, 30 L, 220V	236229.0					NO_MATCH	NO_MATCH	LOW	NOT_FOUND	https://equsto.com/shop/208.600167		No match found on Mutbex
HAZIRLIK	Dito Sama	Hazırlık	Xbe30 Xbm30 30 Litre	208.600163	DİTO		Dito Sama XBM30 Planet Mikser, 30 L, 380V	217350.0					NO_MATCH	NO_MATCH	LOW	NOT_FOUND	https://equsto.com/shop/208.600163		No match found on Mutbex
HAZIRLIK	Dito Sama	Hazırlık	Xbe60 Bmx60 Bmxe60 Xbe80 Bmxe80 60 Litre 80 Litre	208.600177	DİTO		Dito Sama BMX60 Planet Mikser, 60 L	622692.0					NO_MATCH	NO_MATCH	LOW	NOT_FOUND	https://equsto.com/shop/208.600177		No match found on Mutbex
HAZIRLIK	Dito Sama	Hazırlık	Xbe60 Bmx60 Bmxe60 Xbe80 Bmxe80 60 Litre 80 Litre	208.600181	DİTO		Dito Sama BMXE60 Planet Mikser, 60 L	717778.0					NO_MATCH	NO_MATCH	LOW	NOT_FOUND	https://equsto.com/shop/208.600181		No match found on Mutbex
HAZIRLIK	Dito Sama	Hazırlık	Xbe60 Bmx60 Bmxe60 Xbe80 Bmxe80 60 Litre 80 Litre	208.600186	DİTO		Dito Sama BMXE80 Planet Mikser, 80 L	781457.0					NO_MATCH	NO_MATCH	LOW	NOT_FOUND	https://equsto.com/shop/208.600186		No match found on Mutbex
HAZIRLIK	Dito Sama	Hazırlık	Xbe60 Bmx60 Bmxe60 Xbe80 Bmxe80 60 Litre 80 Litre	208.600182	DİTO		Dito Sama XBE60 Planet Mikser, 60 L	744049.0					NO_MATCH	NO_MATCH	LOW	NOT_FOUND	https://equsto.com/shop/208.600182		No match found on Mutbex
HAZIRLIK	Dito Sama	Hazırlık	Xbe60 Bmx60 Bmxe60 Xbe80 Bmxe80 60 Litre 80 Litre	208.600187	DİTO		Dito Sama XBE80 Planet Mikser, 80 L	833262.0					NO_MATCH	NO_MATCH	LOW	NOT_FOUND	https://equsto.com/shop/208.600187		No match found on Mutbex
HAZIRLIK	Electrolux Professional	Hazırlık	Et Ve Balik Hazirlik Tezgahlari	132962	ELECTROLUX		Premium Serisi Tezgah-Evyeler 1200 mm Et ve Balık Hazırlama/Yıkama Tezgahı	98144.0					NO_MATCH	NO_MATCH	LOW	NOT_FOUND	https://equsto.com/shop/132962		No match found on Mutbex
HAZIRLIK	Electrolux Professional	Hazırlık	Et Ve Balik Hazirlik Tezgahlari	132963	ELECTROLUX		Premium Serisi Tezgah-Evyeler 1600 mm Et ve Balık Hazırlama/Yıkama Tezgahı	115638.0					NO_MATCH	NO_MATCH	LOW	NOT_FOUND	https://equsto.com/shop/132963		No match found on Mutbex
HAZIRLIK	Electrolux Professional	Hazırlık	Sebze Hazirlik Tezgahlari	133068	ELECTROLUX		Premium Serisi Tezgah-Evyeler 1200 mm Sırtlı Sebze Hazırlama Tezgahı	64188.0					NO_MATCH	NO_MATCH	LOW	NOT_FOUND	https://equsto.com/shop/133068		No match found on Mutbex
HAZIRLIK	Electrolux Professional	Hazırlık	Sebze Hazirlik Tezgahlari	133069	ELECTROLUX		Premium Serisi Tezgah-Evyeler 1600 mm Sırtlı Sebze Hazırlama Tezgahı	72203.0					NO_MATCH	NO_MATCH	LOW	NOT_FOUND	https://equsto.com/shop/133069		No match found on Mutbex
HAZIRLIK	Electrolux Professional	Hazırlık	Setustu Vakum Paketleme Makineleri	602179	ELECTROLUX		Vakum Paketleme Makineleri Set üstü Vakum Paketleme Makinesi 12m3/saat	168218.0					NO_MATCH	NO_MATCH	LOW	NOT_FOUND	https://equsto.com/shop/602179		No match found on Mutbex
HAZIRLIK	Electrolux Professional	Hazırlık	Setustu Vakum Paketleme Makineleri	602181	ELECTROLUX		Vakum Paketleme Makineleri Set Üstü Vakum Paketleme Makinesi 20m3/saat	264067.0					NO_MATCH	NO_MATCH	LOW	NOT_FOUND	https://equsto.com/shop/602181		No match found on Mutbex
HAZIRLIK	Electrolux Professional	Hazırlık	Setustu Vakum Paketleme Makineleri	602178	ELECTROLUX		Vakum Paketleme Makineleri Set üstü Vakum Paketleme Makinesi 8m3/saat	154183.0					NO_MATCH	NO_MATCH	LOW	NOT_FOUND	https://equsto.com/shop/602178		No match found on Mutbex
HAZIRLIK	Electrolux Professional	Hazırlık	Setustu Vakum Paketleme Makineleri	602180	ELECTROLUX		Vakum Paketleme Makineleri Setüstü Vakum Paketleme Makinesi 16m3/saat	209026.0					NO_MATCH	NO_MATCH	LOW	NOT_FOUND	https://equsto.com/shop/602180		No match found on Mutbex
HAZIRLIK	Electrolux Professional	Hazırlık	Tbxpro	602167	ELECTROLUX		Turbo Mikserler TBX Pro Turbo sıvılaştırıcı motor (aksesuarlar dahil değildir), 2 hızlı, 850/1700 rpm, 380- 440V/3ph/50Hz	235998.0					NO_MATCH	NO_MATCH	LOW	NOT_FOUND	https://equsto.com/shop/602167		No match found on Mutbex
HAZIRLIK	Electrolux Professional	Hazırlık	Tbxpro	602199	ELECTROLUX		Turbo Mikserler TBX Pro Turbomikser motor (aksesuarlar dahil değildir), değişken hızlı, 630-1700 rpm, 1ph, 220-240V/50-60Hz	258812.0					NO_MATCH	NO_MATCH	LOW	NOT_FOUND	https://equsto.com/shop/602199		No match found on Mutbex
HAZIRLIK	Electrolux Professional	Hazırlık	Tbxpro	602168	ELECTROLUX		Turbo Mikserler TBX Pro Turbomikser motor (aksesuarlar dahil değildir), değişken hızlı, 630-1700 rpm, 3ph, 380-480V/50-60Hz	253758.0					NO_MATCH	NO_MATCH	LOW	NOT_FOUND	https://equsto.com/shop/602168		No match found on Mutbex
HAZIRLIK	Electrolux Professional	Hazırlık	Trinitypro Cutter Mikserler 2 6 Litre	600992	ELECTROLUX		Cutter-Mikserler TrinityPro Cutter Mikser 2,6 Lt - Değişken Hız	0.0					NO_MATCH	NO_MATCH	LOW	NOT_FOUND	https://equsto.com/shop/600992		No match found on Mutbex
HAZIRLIK	Electrolux Professional	Hazırlık	Trinitypro Cutter Mikserler 2 6 Litre	600987	ELECTROLUX		Cutter-Mikserler TrinityPro Cutter Mikser 2,6 Lt kopolyester hazne - 1 Hız	47658.0					NO_MATCH	NO_MATCH	LOW	NOT_FOUND	https://equsto.com/shop/600987		No match found on Mutbex
HAZIRLIK	Electrolux Professional	Hazırlık	Trinitypro Cutter Mikserler 2 6 Litre	600986	ELECTROLUX		Cutter-Mikserler TrinityPro Parçalayıcı Mikser 2,6 Lt - 1 Hız	54044.0					NO_MATCH	NO_MATCH	LOW	NOT_FOUND	https://equsto.com/shop/600986		No match found on Mutbex
HAZIRLIK	Electrolux Professional	Hazırlık	Trinitypro Cutter Mikserler 3 6 Litre	600996	ELECTROLUX		Cutter-Mikserler TrinityPro Cutter Mikser 3,6 Lt - Tek Hız	57270.0					NO_MATCH	NO_MATCH	LOW	NOT_FOUND	https://equsto.com/shop/600996		No match found on Mutbex
HAZIRLIK	Electrolux Professional	Hazırlık	Yatik Tip Dilimleme Makineleri Kayis Transmisyonlu Modeller	601130	ELECTROLUX		Dilimleme makineleri Yatık Dilimleme Makinesi, 250 mm, kayış transmisyonlu	64853.0					NO_MATCH	NO_MATCH	LOW	NOT_FOUND	https://equsto.com/shop/601130		No match found on Mutbex
HAZIRLIK	Electrolux Professional	Hazırlık	Yatik Tip Dilimleme Makineleri Kayis Transmisyonlu Modeller	601131	ELECTROLUX		Dilimleme makineleri Yatık tip dilimleme makinesi, bıçak çapı 300mm, kayışlı transmisyon	81748.0					NO_MATCH	NO_MATCH	LOW	NOT_FOUND	https://equsto.com/shop/601131		No match found on Mutbex
HAZIRLIK	Öztiryakiler Endüstriyel Mutfak	Hazırlık	Aksesuarlar	8841.SDC10.00	OZTI		SEBZE DOGRAMA MAK. KUBIK KESME DISKI C10	3626.0					NO_MATCH	NO_MATCH	LOW	NOT_FOUND	https://equsto.com/shop/8841.sdc10.00		No match found on Mutbex
HAZIRLIK	Öztiryakiler Endüstriyel Mutfak	Hazırlık	Aksesuarlar	8841.SDC20.00	OZTI		SEBZE DOGRAMA MAK. KUBIK KESME DISKI C20	3540.0					NO_MATCH	NO_MATCH	LOW	NOT_FOUND	https://equsto.com/shop/8841.sdc20.00		No match found on Mutbex
HAZIRLIK	Öztiryakiler Endüstriyel Mutfak	Hazırlık	Aksesuarlar	8841.SDK10.00	OZTI		SEBZE DOGRAMA MAK. KUBIK ON DISKI K10	2030.0					NO_MATCH	NO_MATCH	LOW	NOT_FOUND	https://equsto.com/shop/8841.sdk10.00		No match found on Mutbex
HAZIRLIK	Öztiryakiler Endüstriyel Mutfak	Hazırlık	Aksesuarlar	8841.SDP10.00	OZTI		SEBZE DOGRAMA MAK. PARMAK PATATES KESME DISKI P10	3170.0					NO_MATCH	NO_MATCH	LOW	NOT_FOUND	https://equsto.com/shop/8841.sdp10.00		No match found on Mutbex
HAZIRLIK	Öztiryakiler Endüstriyel Mutfak	Hazırlık	Daub Hamur Bolme Ve Yuvarlama Makineleri	9823.DR230.00	OZTI		DAUB HAMUR BOLME YUV. MAKINASI 30 BOHAMURACMAL.25-85GR	0.0					NO_MATCH	NO_MATCH	LOW	NOT_FOUND	https://equsto.com/shop/9823.dr230.00		No match found on Mutbex
HAZIRLIK	Öztiryakiler Endüstriyel Mutfak	Hazırlık	Daub Hamur Bolme Ve Yuvarlama Makineleri	9823.DR414.00	OZTI		DAUB HAMUR BOLME YUVARLAMA MAK.14BOL.130-250GR	0.0					NO_MATCH	NO_MATCH	LOW	NOT_FOUND	https://equsto.com/shop/9823.dr414.00		No match found on Mutbex
HAZIRLIK	Öztiryakiler Endüstriyel Mutfak	Hazırlık	Daub Hamur Bolme Ve Yuvarlama Makineleri	9823.DR330.00	OZTI		DAUB HAMUR BOLME YUVARLAMA MAK.30 BOL.30-100GR	0.0					NO_MATCH	NO_MATCH	LOW	NOT_FOUND	https://equsto.com/shop/9823.dr330.00		No match found on Mutbex
HAZIRLIK	Öztiryakiler Endüstriyel Mutfak	Hazırlık	Daub Hamur Bolme Ve Yuvarlama Makineleri	9823.DR430.00	OZTI		DAUB HAMUR BOLME YUVARLAMA MAK.30BOL.40-130GR	0.0					NO_MATCH	NO_MATCH	LOW	NOT_FOUND	https://equsto.com/shop/9823.dr430.00		No match found on Mutbex
HAZIRLIK	Öztiryakiler Endüstriyel Mutfak	Hazırlık	Daub Hamur Bolme Ve Yuvarlama Makineleri	9823.DR336.00	OZTI		DAUB HAMUR BOLME YUVARLAMA MAK.36 BOL.25-85GR	0.0					NO_MATCH	NO_MATCH	LOW	NOT_FOUND	https://equsto.com/shop/9823.dr336.00		No match found on Mutbex
HAZIRLIK	Öztiryakiler Endüstriyel Mutfak	Hazırlık	Daub Hamur Bolme Ve Yuvarlama Makineleri	9823.DR436.00	OZTI		DAUB HAMUR BOLME YUVARLAMA MAK.36BOL.30-110GR	0.0					NO_MATCH	NO_MATCH	LOW	NOT_FOUND	https://equsto.com/shop/9823.dr436.00		No match found on Mutbex
HAZIRLIK	Öztiryakiler Endüstriyel Mutfak	Hazırlık	Daub Hamur Bolme Ve Yuvarlama Makineleri	9823.DR352.00	OZTI		DAUB HAMUR BOLME YUVARLAMA MAK.52BOL.18-50GR	0.0					NO_MATCH	NO_MATCH	LOW	NOT_FOUND	https://equsto.com/shop/9823.dr352.00		No match found on Mutbex
HAZIRLIK	Öztiryakiler Endüstriyel Mutfak	Hazırlık	Hamur Acma Makineleri	8823.0HA30.00	OZTI		HAMUR ACMA MAKINASI HA30	58184.0					NO_MATCH	NO_MATCH	LOW	NOT_FOUND	https://equsto.com/shop/8823.0ha30.00		No match found on Mutbex
HAZIRLIK	Öztiryakiler Endüstriyel Mutfak	Hazırlık	Hamur Acma Makineleri	8823.0HA40.00	OZTI		HAMUR ACMA MAKINASI HA40	66584.0	Öztiryakiler Lahmacun, Pizza ve Lavaş Açma Makinesi, HA 40	66912.8	-328.8000000000029	-0.49	EQUSTO_DAHA_UCUZ	MODEL_IN_NAME	HIGH	IN_STOCK	https://equsto.com/shop/8823.0ha40.00	https://www.mutbex.com/oztiryakiler-lahmacun-pizza-ve-lavas-acma-makinesi-ha-40	match_method=MODEL_IN_NAME; mutbex_code=1M.8823.0HA40.00
HAZIRLIK	Öztiryakiler Endüstriyel Mutfak	Hazırlık	Hamur Acma Makineleri	8823.0HA55.00	OZTI		HAMUR ACMA MAKINASI HA55	136903.0					NO_MATCH	NO_MATCH	LOW	NOT_FOUND	https://equsto.com/shop/8823.0ha55.00		No match found on Mutbex
HAZIRLIK	Öztiryakiler Endüstriyel Mutfak	Hazırlık	Hamur Acma Makineleri	8823.DHM60.00	OZTI		KANATLI HAMUR ACMA MAKINASI DHM 60	302588.0					NO_MATCH	NO_MATCH	LOW	NOT_FOUND	https://equsto.com/shop/8823.dhm60.00		No match found on Mutbex
HAZIRLIK	Öztiryakiler Endüstriyel Mutfak	Hazırlık	Hamur Acma Makineleri	9823.50010.00	OZTI		XTS HAMUR ACMA MAKINASI	277056.0					NO_MATCH	NO_MATCH	LOW	NOT_FOUND	https://equsto.com/shop/9823.50010.00		No match found on Mutbex
HAZIRLIK	Öztiryakiler Endüstriyel Mutfak	Hazırlık	Hamur Acma Makineleri	8823.HHA55.M0	OZTI		YUFKA YEDEK ACMA 55 CM MERDANE HIZ KONTROLLU	158683.0					NO_MATCH	NO_MATCH	LOW	NOT_FOUND	https://equsto.com/shop/8823.hha55.m0		No match found on Mutbex
HAZIRLIK	Öztiryakiler Endüstriyel Mutfak	Hazırlık	Hamur Acma Makineleri	8823.0HA60.00	OZTI		YUFKA YEDEK ACMA 60 CM	152461.0					NO_MATCH	NO_MATCH	LOW	NOT_FOUND	https://equsto.com/shop/8823.0ha60.00		No match found on Mutbex
HAZIRLIK	Öztiryakiler Endüstriyel Mutfak	Hazırlık	Hamur Acma Makineleri	8823.0HA60.30	OZTI		YUFKA YEDEK ACMA 60 CM 3 MERDANELI	196021.0					NO_MATCH	NO_MATCH	LOW	NOT_FOUND	https://equsto.com/shop/8823.0ha60.30		No match found on Mutbex
HAZIRLIK	Öztiryakiler Endüstriyel Mutfak	Hazırlık	Hamur Acma Makineleri	8823.HHA60.M0	OZTI		YUFKA YEDEK ACMA 60 CM MERDANE HIZ KONTROLLU	174241.0					NO_MATCH	NO_MATCH	LOW	NOT_FOUND	https://equsto.com/shop/8823.hha60.m0		No match found on Mutbex
HAZIRLIK	Öztiryakiler Endüstriyel Mutfak	Hazırlık	Hamur Yogurma Makineleri	8820.UHM10.MN	OZTI		HAMUR YOGURMA MAKINASI 10 KG UN KAPASITE 220 V	43969.0					NO_MATCH	NO_MATCH	LOW	NOT_FOUND	https://equsto.com/shop/8820.uhm10.mn		No match found on Mutbex
HAZIRLIK	Öztiryakiler Endüstriyel Mutfak	Hazırlık	Hamur Yogurma Makineleri	8820.UHM10.TR	OZTI		HAMUR YOGURMA MAKINASI 10 KG UN KAPASITE 380 V	41053.0					NO_MATCH	NO_MATCH	LOW	NOT_FOUND	https://equsto.com/shop/8820.uhm10.tr		No match found on Mutbex
HAZIRLIK	Öztiryakiler Endüstriyel Mutfak	Hazırlık	Hamur Yogurma Makineleri	8820.UH100.MN	OZTI		HAMUR YOGURMA MAKINASI 100 KG UN KAPASITE 220 V	146714.0					NO_MATCH	NO_MATCH	LOW	NOT_FOUND	https://equsto.com/shop/8820.uh100.mn		No match found on Mutbex
HAZIRLIK	Öztiryakiler Endüstriyel Mutfak	Hazırlık	Hamur Yogurma Makineleri	8820.UH100.TR	OZTI		HAMUR YOGURMA MAKINASI 100 KG UN KAPASITE 380 V	141780.0					NO_MATCH	NO_MATCH	LOW	NOT_FOUND	https://equsto.com/shop/8820.uh100.tr		No match found on Mutbex
HAZIRLIK	Öztiryakiler Endüstriyel Mutfak	Hazırlık	Hamur Yogurma Makineleri	8820.UHM15.MN	OZTI		HAMUR YOGURMA MAKINASI 15 KG UN KAPASITE 220 V	61692.0					NO_MATCH	NO_MATCH	LOW	NOT_FOUND	https://equsto.com/shop/8820.uhm15.mn		No match found on Mutbex
HAZIRLIK	Öztiryakiler Endüstriyel Mutfak	Hazırlık	Hamur Yogurma Makineleri	8820.UHM15.TR	OZTI		HAMUR YOGURMA MAKINASI 15 KG UN KAPASITE 380 V	58776.0					NO_MATCH	NO_MATCH	LOW	NOT_FOUND	https://equsto.com/shop/8820.uhm15.tr		No match found on Mutbex
HAZIRLIK	Öztiryakiler Endüstriyel Mutfak	Hazırlık	Hamur Yogurma Makineleri	8820.UHM25.MN	OZTI		HAMUR YOGURMA MAKINASI 25 KG UN KAPASITE 220 V	66403.0					NO_MATCH	NO_MATCH	LOW	NOT_FOUND	https://equsto.com/shop/8820.uhm25.mn		No match found on Mutbex
HAZIRLIK	Öztiryakiler Endüstriyel Mutfak	Hazırlık	Hamur Yogurma Makineleri	8820.UHM25.TR	OZTI		HAMUR YOGURMA MAKINASI 25 KG UN KAPASITE 380 V	63038.0					NO_MATCH	NO_MATCH	LOW	NOT_FOUND	https://equsto.com/shop/8820.uhm25.tr		No match found on Mutbex
HAZIRLIK	Öztiryakiler Endüstriyel Mutfak	Hazırlık	Hamur Yogurma Makineleri	8820.UHM35.MN	OZTI		HAMUR YOGURMA MAKINASI 35 KG UN KAPASITE 220 V	73693.0					NO_MATCH	NO_MATCH	LOW	NOT_FOUND	https://equsto.com/shop/8820.uhm35.mn		No match found on Mutbex
HAZIRLIK	Öztiryakiler Endüstriyel Mutfak	Hazırlık	Hamur Yogurma Makineleri	8820.UHM35.TR	OZTI		HAMUR YOGURMA MAKINASI 35 KG UN KAPASITE 380 V	69432.0					NO_MATCH	NO_MATCH	LOW	NOT_FOUND	https://equsto.com/shop/8820.uhm35.tr		No match found on Mutbex
HAZIRLIK	Öztiryakiler Endüstriyel Mutfak	Hazırlık	Hamur Yogurma Makineleri	8820.UHM50.MN	OZTI		HAMUR YOGURMA MAKINASI 50 KG UN KAPASITE 220 V	105827.0					NO_MATCH	NO_MATCH	LOW	NOT_FOUND	https://equsto.com/shop/8820.uhm50.mn		No match found on Mutbex
HAZIRLIK	Öztiryakiler Endüstriyel Mutfak	Hazırlık	Hamur Yogurma Makineleri	8820.UHM50.TR	OZTI		HAMUR YOGURMA MAKINASI 50 KG UN KAPASITE 380 V	97810.0					NO_MATCH	NO_MATCH	LOW	NOT_FOUND	https://equsto.com/shop/8820.uhm50.tr		No match found on Mutbex
HAZIRLIK	Öztiryakiler Endüstriyel Mutfak	Hazırlık	Hamur Yogurma Makineleri	0820.00030.11	OZTI		HAMUR YOĞURMA MAKINASI 30 KG MEKANİK KONTROL PANELLİ	282844.0	Öztiryakiler Hamur Yoğurma Makinesi, 30 kg, OHY 30 TF	224678.57	58165.42999999999	25.89	BUYUK_FARK	MODEL_IN_NAME	HIGH	IN_STOCK	https://equsto.com/shop/0820.00030.11	https://www.mutbex.com/oztiryakiler-hamur-yogurma-makinesi-30-kg-ohy-30-tf	match_method=MODEL_IN_NAME; mutbex_code=1M.0820.00030.11
HAZIRLIK	Öztiryakiler Endüstriyel Mutfak	Hazırlık	Hamur Yogurma Makineleri	0820.00050.11	OZTI		HAMUR YOĞURMA MAKINASI 50 KG MEKANİK KONTROL PANELLİ	308777.0	Öztiryakiler Hamur Yoğurma Makinesi 50 KG, OHY 50 TF	245279.54	63497.45999999999	25.89	BUYUK_FARK	MODEL_IN_NAME	HIGH	IN_STOCK	https://equsto.com/shop/0820.00050.11	https://www.mutbex.com/oztiryakiler-hamur-yogurma-makinesi-50-kg-ohy-50-tf	match_method=MODEL_IN_NAME; mutbex_code=1M.0820.00050.11
HAZIRLIK	Öztiryakiler Endüstriyel Mutfak	Hazırlık	Hobart Mikserler	9810.HL200.21	OZTI		HOBART MIKSER 20 LT	554248.0					NO_MATCH	NO_MATCH	LOW	NOT_FOUND	https://equsto.com/shop/9810.hl200.21		No match found on Mutbex
HAZIRLIK	Öztiryakiler Endüstriyel Mutfak	Hazırlık	Mikser Aksesuar	2810.00010.16	OZTI		MIKSER 10 LT CIRPMA TELI	1879.0					NO_MATCH	NO_MATCH	LOW	NOT_FOUND	https://equsto.com/shop/2810.00010.16		No match found on Mutbex
HAZIRLIK	Öztiryakiler Endüstriyel Mutfak	Hazırlık	Mikser Aksesuar	2810.00010.31	OZTI		MIKSER 10 LT KAZAN	1657.0					NO_MATCH	NO_MATCH	LOW	NOT_FOUND	https://equsto.com/shop/2810.00010.31		No match found on Mutbex
HAZIRLIK	Öztiryakiler Endüstriyel Mutfak	Hazırlık	Mikser Aksesuar	2810.00010.13	OZTI		MIKSER 10 LT PALET	1850.0					NO_MATCH	NO_MATCH	LOW	NOT_FOUND	https://equsto.com/shop/2810.00010.13		No match found on Mutbex
HAZIRLIK	Öztiryakiler Endüstriyel Mutfak	Hazırlık	Mikser Aksesuar	2810.00010.08	OZTI		MIKSER 10 LT S BOYNUZ	1631.0					NO_MATCH	NO_MATCH	LOW	NOT_FOUND	https://equsto.com/shop/2810.00010.08		No match found on Mutbex
HAZIRLIK	Öztiryakiler Endüstriyel Mutfak	Hazırlık	Mikser Aksesuar	2810.00020.53	OZTI		MIKSER 20 LT CIRPMA TELI	2736.0					NO_MATCH	NO_MATCH	LOW	NOT_FOUND	https://equsto.com/shop/2810.00020.53		No match found on Mutbex
HAZIRLIK	Öztiryakiler Endüstriyel Mutfak	Hazırlık	Mikser Aksesuar	2810.20010.00	OZTI		MIKSER 20 LT ICIN KAZAN 10 LTR	1741.0					NO_MATCH	NO_MATCH	LOW	NOT_FOUND	https://equsto.com/shop/2810.20010.00		No match found on Mutbex
HAZIRLIK	Öztiryakiler Endüstriyel Mutfak	Hazırlık	Mikser Aksesuar	2810.20010.01	OZTI		MIKSER 20 LT ICIN PALET 10 LTR	1934.0					NO_MATCH	NO_MATCH	LOW	NOT_FOUND	https://equsto.com/shop/2810.20010.01		No match found on Mutbex
HAZIRLIK	Öztiryakiler Endüstriyel Mutfak	Hazırlık	Mikser Aksesuar	2810.20010.02	OZTI		MIKSER 20 LT ICIN S BOYNUZ 10 LTR	1962.0					NO_MATCH	NO_MATCH	LOW	NOT_FOUND	https://equsto.com/shop/2810.20010.02		No match found on Mutbex
HAZIRLIK	Öztiryakiler Endüstriyel Mutfak	Hazırlık	Mikser Aksesuar	2810.00020.06	OZTI		MIKSER 20 LT KAZAN	2874.0					NO_MATCH	NO_MATCH	LOW	NOT_FOUND	https://equsto.com/shop/2810.00020.06		No match found on Mutbex
HAZIRLIK	Öztiryakiler Endüstriyel Mutfak	Hazırlık	Mikser Aksesuar	2810.00020.50	OZTI		MIKSER 20 LT PALET	2321.0					NO_MATCH	NO_MATCH	LOW	NOT_FOUND	https://equsto.com/shop/2810.00020.50		No match found on Mutbex
HAZIRLIK	Öztiryakiler Endüstriyel Mutfak	Hazırlık	Mikser Aksesuar	2810.00020.49	OZTI		MIKSER 20 LT S BOYNUZ	1907.0					NO_MATCH	NO_MATCH	LOW	NOT_FOUND	https://equsto.com/shop/2810.00020.49		No match found on Mutbex
HAZIRLIK	Öztiryakiler Endüstriyel Mutfak	Hazırlık	Mikser Aksesuar	2810.00040.52	OZTI		MIKSER 40 LT CIRPMA TELI	3509.0					NO_MATCH	NO_MATCH	LOW	NOT_FOUND	https://equsto.com/shop/2810.00040.52		No match found on Mutbex
HAZIRLIK	Öztiryakiler Endüstriyel Mutfak	Hazırlık	Mikser Aksesuar	2810.40020.03	OZTI		MIKSER 40 LT ICIN CIRPMA TELI 20 LTR	2017.0					NO_MATCH	NO_MATCH	LOW	NOT_FOUND	https://equsto.com/shop/2810.40020.03		No match found on Mutbex
HAZIRLIK	Öztiryakiler Endüstriyel Mutfak	Hazırlık	Mikser Aksesuar	2810.40020.00	OZTI		MIKSER 40 LT ICIN KAZAN 20 LTR.	3040.0					NO_MATCH	NO_MATCH	LOW	NOT_FOUND	https://equsto.com/shop/2810.40020.00		No match found on Mutbex
HAZIRLIK	Öztiryakiler Endüstriyel Mutfak	Hazırlık	Mikser Aksesuar	2810.40020.01	OZTI		MIKSER 40 LT ICIN PALET 20 LTR.	2459.0					NO_MATCH	NO_MATCH	LOW	NOT_FOUND	https://equsto.com/shop/2810.40020.01		No match found on Mutbex
HAZIRLIK	Öztiryakiler Endüstriyel Mutfak	Hazırlık	Mikser Aksesuar	2810.40020.02	OZTI		MIKSER 40 LT ICIN S BOYNUZ 20 LTR.	2846.0					NO_MATCH	NO_MATCH	LOW	NOT_FOUND	https://equsto.com/shop/2810.40020.02		No match found on Mutbex
HAZIRLIK	Öztiryakiler Endüstriyel Mutfak	Hazırlık	Mikser Aksesuar	2810.00040.06	OZTI		MIKSER 40 LT KAZAN	6631.0					NO_MATCH	NO_MATCH	LOW	NOT_FOUND	https://equsto.com/shop/2810.00040.06		No match found on Mutbex
HAZIRLIK	Öztiryakiler Endüstriyel Mutfak	Hazırlık	Mikser Aksesuar	2810.00040.49	OZTI		MIKSER 40 LT PALET	2762.0					NO_MATCH	NO_MATCH	LOW	NOT_FOUND	https://equsto.com/shop/2810.00040.49		No match found on Mutbex
HAZIRLIK	Öztiryakiler Endüstriyel Mutfak	Hazırlık	Mikser Aksesuar	2810.00040.48	OZTI		MIKSER 40 LT S BOYNUZ	2321.0					NO_MATCH	NO_MATCH	LOW	NOT_FOUND	https://equsto.com/shop/2810.00040.48		No match found on Mutbex
HAZIRLIK	Öztiryakiler Endüstriyel Mutfak	Hazırlık	Mikser Aksesuar	2810.00060.17	OZTI		MIKSER 60 LT CIRPMA TELI	4890.0					NO_MATCH	NO_MATCH	LOW	NOT_FOUND	https://equsto.com/shop/2810.00060.17		No match found on Mutbex
HAZIRLIK	Öztiryakiler Endüstriyel Mutfak	Hazırlık	Mikser Aksesuar	2810.60040.03	OZTI		MIKSER 60 LT ICIN CIRPMA TELI 40LR	2459.0					NO_MATCH	NO_MATCH	LOW	NOT_FOUND	https://equsto.com/shop/2810.60040.03		No match found on Mutbex
HAZIRLIK	Öztiryakiler Endüstriyel Mutfak	Hazırlık	Mikser Aksesuar	2810.60040.00	OZTI		MIKSER 60 LT ICIN KAZAN 40 LTR	6935.0					NO_MATCH	NO_MATCH	LOW	NOT_FOUND	https://equsto.com/shop/2810.60040.00		No match found on Mutbex
HAZIRLIK	Öztiryakiler Endüstriyel Mutfak	Hazırlık	Mikser Aksesuar	2810.60040.01	OZTI		MIKSER 60 LT ICIN PALET 40 LTR	2874.0					NO_MATCH	NO_MATCH	LOW	NOT_FOUND	https://equsto.com/shop/2810.60040.01		No match found on Mutbex
HAZIRLIK	Öztiryakiler Endüstriyel Mutfak	Hazırlık	Mikser Aksesuar	2810.60040.02	OZTI		MIKSER 60 LT ICIN S BOYNUZ 40LTR	3674.0					NO_MATCH	NO_MATCH	LOW	NOT_FOUND	https://equsto.com/shop/2810.60040.02		No match found on Mutbex
HAZIRLIK	Öztiryakiler Endüstriyel Mutfak	Hazırlık	Mikser Aksesuar	2810.00060.06	OZTI		MIKSER 60 LT KAZAN	8068.0					NO_MATCH	NO_MATCH	LOW	NOT_FOUND	https://equsto.com/shop/2810.00060.06		No match found on Mutbex
HAZIRLIK	Öztiryakiler Endüstriyel Mutfak	Hazırlık	Mikser Aksesuar	2810.00060.14	OZTI		MIKSER 60 LT PALET	3509.0					NO_MATCH	NO_MATCH	LOW	NOT_FOUND	https://equsto.com/shop/2810.00060.14		No match found on Mutbex
HAZIRLIK	Öztiryakiler Endüstriyel Mutfak	Hazırlık	Mikser Aksesuar	2810.00060.13	OZTI		MIKSER 60 LT S BOYNUZ	2818.0					NO_MATCH	NO_MATCH	LOW	NOT_FOUND	https://equsto.com/shop/2810.00060.13		No match found on Mutbex
HAZIRLIK	Öztiryakiler Endüstriyel Mutfak	Hazırlık	Mikserler	9810.EF708.B0	OZTI		GURMEAID 4,8 LİTRE MİKSER,1000W BEYAZ	23789.0	Öztiryakiler Gurmeaid Stand Mikser, 4,8 Litre, Beyaz	21475.8	2313.2000000000007	10.77	MAKUL_FARK	MODEL_IN_NAME	HIGH	IN_STOCK	https://equsto.com/shop/9810.ef708.b0	https://www.mutbex.com/oztiryakiler-gurmeaid-stand-mikser-48-litre-beyaz	match_method=MODEL_IN_NAME; mutbex_code=011.9810.EF708.B0
HAZIRLIK	Öztiryakiler Endüstriyel Mutfak	Hazırlık	Mikserler	9810.EF708.G0	OZTI		GURMEAID 4,8 LİTRE MİKSER,1000W GRİ	23789.0	Öztiryakiler Gurmeaid Stand Mikser, 4,8 Litre, Gri	21475.8	2313.2000000000007	10.77	MAKUL_FARK	MODEL_IN_NAME	HIGH	IN_STOCK	https://equsto.com/shop/9810.ef708.g0	https://www.mutbex.com/oztiryakiler-gurmeaid-stand-mikser-48-litre-gri	match_method=MODEL_IN_NAME; mutbex_code=011.9810.EF708.G0
HAZIRLIK	Öztiryakiler Endüstriyel Mutfak	Hazırlık	Mikserler	9810.EF708.S0	OZTI		GURMEAID 4,8 LİTRE MİKSER,1000W MAT SİYAH	23789.0	Öztiryakiler Gurmeaid Stand Mikser, 4,8 Litre, Siyah	21475.8	2313.2000000000007	10.77	MAKUL_FARK	MODEL_IN_NAME	HIGH	IN_STOCK	https://equsto.com/shop/9810.ef708.s0	https://www.mutbex.com/oztiryakiler-gurmeaid-stand-mikser-48-litre-siyah	match_method=MODEL_IN_NAME; mutbex_code=011.9810.EF708.S0
HAZIRLIK	Öztiryakiler Endüstriyel Mutfak	Hazırlık	Mikserler	0810.00010.15	OZTI		MIKSER 10 LT MONOFAZE CE DKP	103856.0					NO_MATCH	NO_MATCH	LOW	NOT_FOUND	https://equsto.com/shop/0810.00010.15		No match found on Mutbex
HAZIRLIK	Öztiryakiler Endüstriyel Mutfak	Hazırlık	Mikserler	0810.00020.04	OZTI		MIKSER 20 LT MONOFAZE CE MEKANIK KONTROL PANELI	156006.0					NO_MATCH	NO_MATCH	LOW	NOT_FOUND	https://equsto.com/shop/0810.00020.04		No match found on Mutbex
HAZIRLIK	Öztiryakiler Endüstriyel Mutfak	Hazırlık	Mikserler	0810.00020.01	OZTI		MIKSER 20 LT TRIFAZE CE MEKANIK KONTROL PANELLI	160127.0					NO_MATCH	NO_MATCH	LOW	NOT_FOUND	https://equsto.com/shop/0810.00020.01		No match found on Mutbex
HAZIRLIK	Öztiryakiler Endüstriyel Mutfak	Hazırlık	Mikserler	0810.00020.03	OZTI		MIKSER 20 LT TRIFAZE CE SANZIMAN KONTROLLU	227089.0					NO_MATCH	NO_MATCH	LOW	NOT_FOUND	https://equsto.com/shop/0810.00020.03		No match found on Mutbex
HAZIRLIK	Öztiryakiler Endüstriyel Mutfak	Hazırlık	Mikserler	0810.00040.01	OZTI		MIKSER 40 LT TRIFAZE CE MEKANIK KONTROL PANELI	210100.0					NO_MATCH	NO_MATCH	LOW	NOT_FOUND	https://equsto.com/shop/0810.00040.01		No match found on Mutbex
HAZIRLIK	Öztiryakiler Endüstriyel Mutfak	Hazırlık	Mikserler	0810.00040.03	OZTI		MIKSER 40 LT TRIFAZE CE SANZIMAN KONTROLLU	266159.0					NO_MATCH	NO_MATCH	LOW	NOT_FOUND	https://equsto.com/shop/0810.00040.03		No match found on Mutbex
HAZIRLIK	Öztiryakiler Endüstriyel Mutfak	Hazırlık	Mikserler	0810.00060.01	OZTI		MIKSER 60 LT TRIFAZE CE MEKANIK KONTROL PANELI	219017.0					NO_MATCH	NO_MATCH	LOW	NOT_FOUND	https://equsto.com/shop/0810.00060.01		No match found on Mutbex
HAZIRLIK	Öztiryakiler Endüstriyel Mutfak	Hazırlık	Mikserler	0810.00060.03	OZTI		MIKSER 60 LT TRIFAZE CE SANZIMAN KONTROLLU	278774.0					NO_MATCH	NO_MATCH	LOW	NOT_FOUND	https://equsto.com/shop/0810.00060.03		No match found on Mutbex
HAZIRLIK	Öztiryakiler Endüstriyel Mutfak	Hazırlık	Mikserler	9810.EF705.H0	OZTI		OZTIRYAKILER GURMEAID 6,7 LİTRE STAND MİKSER ,800W  DC MOTOR ,BEYAZ	34813.0	Öztiryakiler Gurmeaid Stand Mikser, 6,7 Litre, Beyaz	31428	3385.0	10.77	MAKUL_FARK	MODEL_IN_NAME	HIGH	IN_STOCK	https://equsto.com/shop/9810.ef705.h0	https://www.mutbex.com/oztiryakiler-gurmeaid-stand-mikser-67-litre-beyaz	match_method=MODEL_IN_NAME; mutbex_code=011.9810.EF705.H0
HAZIRLIK	Öztiryakiler Endüstriyel Mutfak	Hazırlık	Robot Coupe Aksesuarlari	RC.1942	OZTI		ROBOT COUPE 12 'Lİ DİSK SETİ	0.0					NO_MATCH	NO_MATCH	LOW	NOT_FOUND	https://equsto.com/shop/rc.1942		No match found on Mutbex
HAZIRLIK	Öztiryakiler Endüstriyel Mutfak	Hazırlık	Robot Coupe Aksesuarlari	RC.1927	OZTI		ROBOT COUPE 1927 8'Lİ DİSK SETİ	0.0					NO_MATCH	NO_MATCH	LOW	NOT_FOUND	https://equsto.com/shop/rc.1927		No match found on Mutbex
HAZIRLIK	Öztiryakiler Endüstriyel Mutfak	Hazırlık	Robot Coupe Aksesuarlari	RC.27447	OZTI		ROBOT COUPE 27447 BLİXER 3 İNCE TIRTIKLI S BIÇAK	0.0					NO_MATCH	NO_MATCH	LOW	NOT_FOUND	https://equsto.com/shop/rc.27447		No match found on Mutbex
HAZIRLIK	Öztiryakiler Endüstriyel Mutfak	Hazırlık	Robot Coupe Aksesuarlari	RC.T1.057.39337	OZTI		ROBOT COUPE 39337 MP 350 & MP 450 COMBİ ULTRA, MP 350 V.V, MP 450 ULTRA YEDEK BIÇAK	0.0					NO_MATCH	NO_MATCH	LOW	NOT_FOUND	https://equsto.com/shop/rc.t1.057.39337		No match found on Mutbex
HAZIRLIK	Öztiryakiler Endüstriyel Mutfak	Hazırlık	Robot Coupe Aksesuarlari	RC.T1.057.39345	OZTI		ROBOT COUPE 39345 MP 550 & MP 800 TURBO ULTRA YEDEK BIÇAK	0.0					NO_MATCH	NO_MATCH	LOW	NOT_FOUND	https://equsto.com/shop/rc.t1.057.39345		No match found on Mutbex
HAZIRLIK	Öztiryakiler Endüstriyel Mutfak	Hazırlık	Robot Coupe Aksesuarlari	RC.1907	OZTI		ROBOT COUPE 4'LÜ DİSK SETİ	0.0					NO_MATCH	NO_MATCH	LOW	NOT_FOUND	https://equsto.com/shop/rc.1907		No match found on Mutbex
HAZIRLIK	Öztiryakiler Endüstriyel Mutfak	Hazırlık	Robot Coupe Aksesuarlari	RC.1946	OZTI		ROBOT COUPE 5'Lİ DİSK SETİ	0.0					NO_MATCH	NO_MATCH	LOW	NOT_FOUND	https://equsto.com/shop/rc.1946		No match found on Mutbex
HAZIRLIK	Öztiryakiler Endüstriyel Mutfak	Hazırlık	Robot Coupe Aksesuarlari	RC.T1.057.89054	OZTI		ROBOT COUPE 89054 MİNİ MP 190 COMBİ, MP 190 & MP 240 V.V. YEDEK BIÇAK	0.0					NO_MATCH	NO_MATCH	LOW	NOT_FOUND	https://equsto.com/shop/rc.t1.057.89054		No match found on Mutbex
HAZIRLIK	Öztiryakiler Endüstriyel Mutfak	Hazırlık	Robot Coupe Aksesuarlari	RC.T1.057.89102	OZTI		ROBOT COUPE 89102 MİNİ MP 160 V.V. YEDEK BIÇAK	0.0					NO_MATCH	NO_MATCH	LOW	NOT_FOUND	https://equsto.com/shop/rc.t1.057.89102		No match found on Mutbex
HAZIRLIK	Öztiryakiler Endüstriyel Mutfak	Hazırlık	Robot Coupe Aksesuarlari	RC.T1.057.89213	OZTI		ROBOT COUPE 89213 MİCROMİX YEDEK BIÇAK	0.0					NO_MATCH	NO_MATCH	LOW	NOT_FOUND	https://equsto.com/shop/rc.t1.057.89213		No match found on Mutbex
HAZIRLIK	Öztiryakiler Endüstriyel Mutfak	Hazırlık	Robot Coupe Aksesuarlari	RC.T1.057.89676	OZTI		ROBOT COUPE 89676 CMP 250 COMBİ, CMP 250 & 350 V.V. COMBİ YEDEK BIÇAK	0.0					NO_MATCH	NO_MATCH	LOW	NOT_FOUND	https://equsto.com/shop/rc.t1.057.89676		No match found on Mutbex
HAZIRLIK	Öztiryakiler Endüstriyel Mutfak	Hazırlık	Robot Coupe Aksesuarlari	RC.27363	OZTI		ROBOT COUPE AYARLANABİLİR DESTEK, PASLANMAZ, 330-650 MM	0.0					NO_MATCH	NO_MATCH	LOW	NOT_FOUND	https://equsto.com/shop/rc.27363		No match found on Mutbex
HAZIRLIK	Öztiryakiler Endüstriyel Mutfak	Hazırlık	Robot Coupe Aksesuarlari	RC.27364	OZTI		ROBOT COUPE AYARLANABİLİR DESTEK, PASLANMAZ, 500-1000 MM	0.0					NO_MATCH	NO_MATCH	LOW	NOT_FOUND	https://equsto.com/shop/rc.27364		No match found on Mutbex
HAZIRLIK	Öztiryakiler Endüstriyel Mutfak	Hazırlık	Robot Coupe Aksesuarlari	RC.27365	OZTI		ROBOT COUPE AYARLANABİLİR DESTEK, PASLANMAZ, 850-1300 MM	0.0					NO_MATCH	NO_MATCH	LOW	NOT_FOUND	https://equsto.com/shop/rc.27365		No match found on Mutbex
HAZIRLIK	Öztiryakiler Endüstriyel Mutfak	Hazırlık	Robot Coupe Aksesuarlari	RC.1909W	OZTI		ROBOT COUPE CL 30 BİSTRO İÇİN 8'Lİ DİSK SETİ	0.0					NO_MATCH	NO_MATCH	LOW	NOT_FOUND	https://equsto.com/shop/rc.1909w		No match found on Mutbex
HAZIRLIK	Öztiryakiler Endüstriyel Mutfak	Hazırlık	Robot Coupe Aksesuarlari	RC.102690	OZTI		ROBOT COUPE CL 50 FIRLATMA DİSKİ	0.0					NO_MATCH	NO_MATCH	LOW	NOT_FOUND	https://equsto.com/shop/rc.102690		No match found on Mutbex
HAZIRLIK	Öztiryakiler Endüstriyel Mutfak	Hazırlık	Robot Coupe Aksesuarlari	RC.28170	OZTI		ROBOT COUPE CL 55 İÇİN OTOMATİK KAFA	0.0					NO_MATCH	NO_MATCH	LOW	NOT_FOUND	https://equsto.com/shop/rc.28170		No match found on Mutbex
HAZIRLIK	Öztiryakiler Endüstriyel Mutfak	Hazırlık	Robot Coupe Aksesuarlari	RC.28157	OZTI		ROBOT COUPE CL 60 İÇİN DÜZ VE EĞİK TÜPLÜ AĞIZ	0.0					NO_MATCH	NO_MATCH	LOW	NOT_FOUND	https://equsto.com/shop/rc.28157		No match found on Mutbex
HAZIRLIK	Öztiryakiler Endüstriyel Mutfak	Hazırlık	Robot Coupe Aksesuarlari	RC.39680	OZTI		ROBOT COUPE CL 60 İTMELİ KAFA	0.0					NO_MATCH	NO_MATCH	LOW	NOT_FOUND	https://equsto.com/shop/rc.39680		No match found on Mutbex
HAZIRLIK	Öztiryakiler Endüstriyel Mutfak	Hazırlık	Robot Coupe Aksesuarlari	RC.28207	OZTI		ROBOT COUPE CL50 PÜRE AKSESUARI, 3 MM	0.0					NO_MATCH	NO_MATCH	LOW	NOT_FOUND	https://equsto.com/shop/rc.28207		No match found on Mutbex
HAZIRLIK	Öztiryakiler Endüstriyel Mutfak	Hazırlık	Robot Coupe Aksesuarlari	RC.28209	OZTI		ROBOT COUPE CL50 PÜRE AKSESUARI, 6 MM	0.0					NO_MATCH	NO_MATCH	LOW	NOT_FOUND	https://equsto.com/shop/rc.28209		No match found on Mutbex
HAZIRLIK	Öztiryakiler Endüstriyel Mutfak	Hazırlık	Robot Coupe Aksesuarlari	RC.39881	OZTI		ROBOT COUPE D-CLEAN KİT KÜP KESİM IZGARASI TEMİZLEME ALETİ	0.0					NO_MATCH	NO_MATCH	LOW	NOT_FOUND	https://equsto.com/shop/rc.39881		No match found on Mutbex
HAZIRLIK	Öztiryakiler Endüstriyel Mutfak	Hazırlık	Robot Coupe Aksesuarlari	RC.27069	OZTI		ROBOT COUPE DALGALI CİPS KESME DİSKİ, 3 MM	0.0					NO_MATCH	NO_MATCH	LOW	NOT_FOUND	https://equsto.com/shop/rc.27069		No match found on Mutbex
HAZIRLIK	Öztiryakiler Endüstriyel Mutfak	Hazırlık	Robot Coupe Aksesuarlari	RC.27070	OZTI		ROBOT COUPE DALGALI DİLİM KESME DİSKİ, 5 MM	0.0					NO_MATCH	NO_MATCH	LOW	NOT_FOUND	https://equsto.com/shop/rc.27070		No match found on Mutbex
HAZIRLIK	Öztiryakiler Endüstriyel Mutfak	Hazırlık	Robot Coupe Aksesuarlari	RC.27068	OZTI		ROBOT COUPE DALGALI KESME DİSKİ, 2 MM	0.0					NO_MATCH	NO_MATCH	LOW	NOT_FOUND	https://equsto.com/shop/rc.27068		No match found on Mutbex
HAZIRLIK	Öztiryakiler Endüstriyel Mutfak	Hazırlık	Robot Coupe Aksesuarlari	RC.28130	OZTI		ROBOT COUPE DİLİMLEME DİSKİ, 10 MM	0.0					NO_MATCH	NO_MATCH	LOW	NOT_FOUND	https://equsto.com/shop/rc.28130		No match found on Mutbex
HAZIRLIK	Öztiryakiler Endüstriyel Mutfak	Hazırlık	Robot Coupe Aksesuarlari	RC.28166W	OZTI		ROBOT COUPE DİLİMLEYİCİ BIÇAK, 0.6 MM	0.0					NO_MATCH	NO_MATCH	LOW	NOT_FOUND	https://equsto.com/shop/rc.28166w		No match found on Mutbex
HAZIRLIK	Öztiryakiler Endüstriyel Mutfak	Hazırlık	Robot Coupe Aksesuarlari	RC.27086	OZTI		ROBOT COUPE DİLİMLEYİCİ, İNCE, 3 MM	0.0					NO_MATCH	NO_MATCH	LOW	NOT_FOUND	https://equsto.com/shop/rc.27086		No match found on Mutbex
HAZIRLIK	Öztiryakiler Endüstriyel Mutfak	Hazırlık	Robot Coupe Aksesuarlari	RC.28069	OZTI		ROBOT COUPE İNCE DİLİMLEYİCİ DİSK, 0.8 MM	0.0					NO_MATCH	NO_MATCH	LOW	NOT_FOUND	https://equsto.com/shop/rc.28069		No match found on Mutbex
HAZIRLIK	Öztiryakiler Endüstriyel Mutfak	Hazırlık	Robot Coupe Aksesuarlari	RC.28062	OZTI		ROBOT COUPE İNCE DİLİMLEYİCİ DİSK, 1 MM	0.0					NO_MATCH	NO_MATCH	LOW	NOT_FOUND	https://equsto.com/shop/rc.28062		No match found on Mutbex
HAZIRLIK	Öztiryakiler Endüstriyel Mutfak	Hazırlık	Robot Coupe Aksesuarlari	RC.28067	OZTI		ROBOT COUPE İNCE DİLİMLEYİCİ DİSK, 10 MM	0.0					NO_MATCH	NO_MATCH	LOW	NOT_FOUND	https://equsto.com/shop/rc.28067		No match found on Mutbex
HAZIRLIK	Öztiryakiler Endüstriyel Mutfak	Hazırlık	Robot Coupe Aksesuarlari	RC.28068	OZTI		ROBOT COUPE İNCE DİLİMLEYİCİ DİSK, 14 MM	0.0					NO_MATCH	NO_MATCH	LOW	NOT_FOUND	https://equsto.com/shop/rc.28068		No match found on Mutbex
HAZIRLIK	Öztiryakiler Endüstriyel Mutfak	Hazırlık	Robot Coupe Aksesuarlari	RC.28063	OZTI		ROBOT COUPE İNCE DİLİMLEYİCİ DİSK, 2 MM	0.0					NO_MATCH	NO_MATCH	LOW	NOT_FOUND	https://equsto.com/shop/rc.28063		No match found on Mutbex
HAZIRLIK	Öztiryakiler Endüstriyel Mutfak	Hazırlık	Robot Coupe Aksesuarlari	RC.28064	OZTI		ROBOT COUPE İNCE DİLİMLEYİCİ DİSK, 3 MM	0.0					NO_MATCH	NO_MATCH	LOW	NOT_FOUND	https://equsto.com/shop/rc.28064		No match found on Mutbex
HAZIRLIK	Öztiryakiler Endüstriyel Mutfak	Hazırlık	Robot Coupe Aksesuarlari	RC.28004	OZTI		ROBOT COUPE İNCE DİLİMLEYİCİ DİSK, 4 MM	0.0					NO_MATCH	NO_MATCH	LOW	NOT_FOUND	https://equsto.com/shop/rc.28004		No match found on Mutbex
HAZIRLIK	Öztiryakiler Endüstriyel Mutfak	Hazırlık	Robot Coupe Aksesuarlari	RC.28065	OZTI		ROBOT COUPE İNCE DİLİMLEYİCİ DİSK, 5 MM	0.0					NO_MATCH	NO_MATCH	LOW	NOT_FOUND	https://equsto.com/shop/rc.28065		No match found on Mutbex
HAZIRLIK	Öztiryakiler Endüstriyel Mutfak	Hazırlık	Robot Coupe Aksesuarlari	RC.28196W	OZTI		ROBOT COUPE İNCE DİLİMLEYİCİ DİSK, 6 MM	0.0					NO_MATCH	NO_MATCH	LOW	NOT_FOUND	https://equsto.com/shop/rc.28196w		No match found on Mutbex
HAZIRLIK	Öztiryakiler Endüstriyel Mutfak	Hazırlık	Robot Coupe Aksesuarlari	RC.28066	OZTI		ROBOT COUPE İNCE DİLİMLEYİCİ DİSK, 8 MM	0.0					NO_MATCH	NO_MATCH	LOW	NOT_FOUND	https://equsto.com/shop/rc.28066		No match found on Mutbex
HAZIRLIK	Öztiryakiler Endüstriyel Mutfak	Hazırlık	Robot Coupe Aksesuarlari	RC.28195W	OZTI		ROBOT COUPE JÜLYEN ŞERİT KESİCİ BIÇAK, 2.5X2.5 MM	0.0					NO_MATCH	NO_MATCH	LOW	NOT_FOUND	https://equsto.com/shop/rc.28195w		No match found on Mutbex
HAZIRLIK	Öztiryakiler Endüstriyel Mutfak	Hazırlık	Robot Coupe Aksesuarlari	RC.27051	OZTI		ROBOT COUPE KESME DİSKİ, 1 MM	0.0					NO_MATCH	NO_MATCH	LOW	NOT_FOUND	https://equsto.com/shop/rc.27051		No match found on Mutbex
HAZIRLIK	Öztiryakiler Endüstriyel Mutfak	Hazırlık	Robot Coupe Aksesuarlari	RC.27555	OZTI		ROBOT COUPE KESME DİSKİ, 2 MM	0.0					NO_MATCH	NO_MATCH	LOW	NOT_FOUND	https://equsto.com/shop/rc.27555		No match found on Mutbex
HAZIRLIK	Öztiryakiler Endüstriyel Mutfak	Hazırlık	Robot Coupe Aksesuarlari	RC.27566	OZTI		ROBOT COUPE KESME DİSKİ, 4 MM	0.0					NO_MATCH	NO_MATCH	LOW	NOT_FOUND	https://equsto.com/shop/rc.27566		No match found on Mutbex
HAZIRLIK	Öztiryakiler Endüstriyel Mutfak	Hazırlık	Robot Coupe Aksesuarlari	RC.28112	OZTI		ROBOT COUPE KÜBİK KESME DİSKİ, 10X10 MM	0.0					NO_MATCH	NO_MATCH	LOW	NOT_FOUND	https://equsto.com/shop/rc.28112		No match found on Mutbex
HAZIRLIK	Öztiryakiler Endüstriyel Mutfak	Hazırlık	Robot Coupe Aksesuarlari	RC.28197W	OZTI		ROBOT COUPE KÜBİK KESME DİSKİ, 12X12X12 MM	0.0					NO_MATCH	NO_MATCH	LOW	NOT_FOUND	https://equsto.com/shop/rc.28197w		No match found on Mutbex
HAZIRLIK	Öztiryakiler Endüstriyel Mutfak	Hazırlık	Robot Coupe Aksesuarlari	RC.28113	OZTI		ROBOT COUPE KÜBİK KESME DİSKİ, 14X14 MM	0.0					NO_MATCH	NO_MATCH	LOW	NOT_FOUND	https://equsto.com/shop/rc.28113		No match found on Mutbex
HAZIRLIK	Öztiryakiler Endüstriyel Mutfak	Hazırlık	Robot Coupe Aksesuarlari	RC.28114	OZTI		ROBOT COUPE KÜBİK KESME DİSKİ, 20X20 MM	0.0					NO_MATCH	NO_MATCH	LOW	NOT_FOUND	https://equsto.com/shop/rc.28114		No match found on Mutbex
HAZIRLIK	Öztiryakiler Endüstriyel Mutfak	Hazırlık	Robot Coupe Aksesuarlari	RC.28115	OZTI		ROBOT COUPE KÜBİK KESME DİSKİ, 25X25 MM	0.0					NO_MATCH	NO_MATCH	LOW	NOT_FOUND	https://equsto.com/shop/rc.28115		No match found on Mutbex
HAZIRLIK	Öztiryakiler Endüstriyel Mutfak	Hazırlık	Robot Coupe Aksesuarlari	RC.28110	OZTI		ROBOT COUPE KÜBİK KESME DİSKİ, 5X5 MM	0.0					NO_MATCH	NO_MATCH	LOW	NOT_FOUND	https://equsto.com/shop/rc.28110		No match found on Mutbex
HAZIRLIK	Öztiryakiler Endüstriyel Mutfak	Hazırlık	Robot Coupe Aksesuarlari	RC.28111	OZTI		ROBOT COUPE KÜBİK KESME DİSKİ, 8X8 MM	0.0					NO_MATCH	NO_MATCH	LOW	NOT_FOUND	https://equsto.com/shop/rc.28111		No match found on Mutbex
HAZIRLIK	Öztiryakiler Endüstriyel Mutfak	Hazırlık	Robot Coupe Aksesuarlari	RC.T1.057.39453	OZTI		ROBOT COUPE MP 450 COMBİ ORTA KOL	0.0					NO_MATCH	NO_MATCH	LOW	NOT_FOUND	https://equsto.com/shop/rc.t1.057.39453		No match found on Mutbex
HAZIRLIK	Öztiryakiler Endüstriyel Mutfak	Hazırlık	Robot Coupe Aksesuarlari	RC.28135	OZTI		ROBOT COUPE PARMAK PATATES KESME DİSKİ, 10X10 MM	0.0					NO_MATCH	NO_MATCH	LOW	NOT_FOUND	https://equsto.com/shop/rc.28135		No match found on Mutbex
HAZIRLIK	Öztiryakiler Endüstriyel Mutfak	Hazırlık	Robot Coupe Aksesuarlari	RC.28158W	OZTI		ROBOT COUPE PARMAK PATATES KESME DİSKİ, 10X16 MM	0.0					NO_MATCH	NO_MATCH	LOW	NOT_FOUND	https://equsto.com/shop/rc.28158w		No match found on Mutbex
HAZIRLIK	Öztiryakiler Endüstriyel Mutfak	Hazırlık	Robot Coupe Aksesuarlari	RC.28134	OZTI		ROBOT COUPE PARMAK PATATES KESME DİSKİ, 8X8 MM	0.0					NO_MATCH	NO_MATCH	LOW	NOT_FOUND	https://equsto.com/shop/rc.28134		No match found on Mutbex
HAZIRLIK	Öztiryakiler Endüstriyel Mutfak	Hazırlık	Robot Coupe Aksesuarlari	RC.28061	OZTI		ROBOT COUPE PARMESAN KESİCİ DİSK	0.0					NO_MATCH	NO_MATCH	LOW	NOT_FOUND	https://equsto.com/shop/rc.28061		No match found on Mutbex
HAZIRLIK	Öztiryakiler Endüstriyel Mutfak	Hazırlık	Robot Coupe Aksesuarlari	RC.28210	OZTI		ROBOT COUPE PÜRE EZİCİ EKİPMANI, 6 MM	0.0					NO_MATCH	NO_MATCH	LOW	NOT_FOUND	https://equsto.com/shop/rc.28210		No match found on Mutbex
HAZIRLIK	Öztiryakiler Endüstriyel Mutfak	Hazırlık	Robot Coupe Aksesuarlari	RC.27138	OZTI		ROBOT COUPE R2 KALIN DİŞLİ BIÇAK	0.0					NO_MATCH	NO_MATCH	LOW	NOT_FOUND	https://equsto.com/shop/rc.27138		No match found on Mutbex
HAZIRLIK	Öztiryakiler Endüstriyel Mutfak	Hazırlık	Robot Coupe Aksesuarlari	RC.28055	OZTI		ROBOT COUPE RENDELEYİCİ DİSK, 1 MM	0.0					NO_MATCH	NO_MATCH	LOW	NOT_FOUND	https://equsto.com/shop/rc.28055		No match found on Mutbex
HAZIRLIK	Öztiryakiler Endüstriyel Mutfak	Hazırlık	Robot Coupe Aksesuarlari	RC.28056	OZTI		ROBOT COUPE RENDELEYİCİ DİSK, 1.5 MM	0.0					NO_MATCH	NO_MATCH	LOW	NOT_FOUND	https://equsto.com/shop/rc.28056		No match found on Mutbex
HAZIRLIK	Öztiryakiler Endüstriyel Mutfak	Hazırlık	Robot Coupe Aksesuarlari	RC.28057	OZTI		ROBOT COUPE RENDELEYİCİ DİSK, 2 MM	0.0					NO_MATCH	NO_MATCH	LOW	NOT_FOUND	https://equsto.com/shop/rc.28057		No match found on Mutbex
HAZIRLIK	Öztiryakiler Endüstriyel Mutfak	Hazırlık	Robot Coupe Aksesuarlari	RC.27511	OZTI		ROBOT COUPE RENDELEYİCİ DİSK, 3 MM	0.0					NO_MATCH	NO_MATCH	LOW	NOT_FOUND	https://equsto.com/shop/rc.27511		No match found on Mutbex
HAZIRLIK	Öztiryakiler Endüstriyel Mutfak	Hazırlık	Robot Coupe Aksesuarlari	RC.28073	OZTI		ROBOT COUPE RENDELEYİCİ DİSK, 4 MM	0.0					NO_MATCH	NO_MATCH	LOW	NOT_FOUND	https://equsto.com/shop/rc.28073		No match found on Mutbex
HAZIRLIK	Öztiryakiler Endüstriyel Mutfak	Hazırlık	Robot Coupe Aksesuarlari	RC.28059	OZTI		ROBOT COUPE RENDELEYİCİ DİSK, 5 MM	0.0					NO_MATCH	NO_MATCH	LOW	NOT_FOUND	https://equsto.com/shop/rc.28059		No match found on Mutbex
HAZIRLIK	Öztiryakiler Endüstriyel Mutfak	Hazırlık	Robot Coupe Aksesuarlari	RC.28016	OZTI		ROBOT COUPE RENDELEYİCİ DİSK, 7 MM	0.0					NO_MATCH	NO_MATCH	LOW	NOT_FOUND	https://equsto.com/shop/rc.28016		No match found on Mutbex
HAZIRLIK	Öztiryakiler Endüstriyel Mutfak	Hazırlık	Robot Coupe Aksesuarlari	RC.28060	OZTI		ROBOT COUPE RENDELEYİCİ DİSK, 9 MM	0.0					NO_MATCH	NO_MATCH	LOW	NOT_FOUND	https://equsto.com/shop/rc.28060		No match found on Mutbex
HAZIRLIK	Öztiryakiler Endüstriyel Mutfak	Hazırlık	Robot Coupe Aksesuarlari	RC.28058	OZTI		ROBOT COUPE RENDELEYİCİ KESME DİSKİ, 3 MM	0.0					NO_MATCH	NO_MATCH	LOW	NOT_FOUND	https://equsto.com/shop/rc.28058		No match found on Mutbex
HAZIRLIK	Öztiryakiler Endüstriyel Mutfak	Hazırlık	Robot Coupe Aksesuarlari	RC.28051	OZTI		ROBOT COUPE ŞERİT KESİCİ BIÇAK, 2X2 MM	0.0					NO_MATCH	NO_MATCH	LOW	NOT_FOUND	https://equsto.com/shop/rc.28051		No match found on Mutbex
HAZIRLIK	Öztiryakiler Endüstriyel Mutfak	Hazırlık	Robot Coupe Aksesuarlari	RC.28052	OZTI		ROBOT COUPE ŞERİT KESİCİ BIÇAK, 4X4 MM	0.0					NO_MATCH	NO_MATCH	LOW	NOT_FOUND	https://equsto.com/shop/rc.28052		No match found on Mutbex
HAZIRLIK	Öztiryakiler Endüstriyel Mutfak	Hazırlık	Robot Coupe Aksesuarlari	RC.28053	OZTI		ROBOT COUPE ŞERİT KESİCİ BIÇAK, 6X6 MM	0.0					NO_MATCH	NO_MATCH	LOW	NOT_FOUND	https://equsto.com/shop/rc.28053		No match found on Mutbex
HAZIRLIK	Öztiryakiler Endüstriyel Mutfak	Hazırlık	Robot Coupe Aksesuarlari	RC.28054	OZTI		ROBOT COUPE ŞERİT KESİCİ BIÇAK, 8X8 MM	0.0					NO_MATCH	NO_MATCH	LOW	NOT_FOUND	https://equsto.com/shop/rc.28054		No match found on Mutbex
HAZIRLIK	Öztiryakiler Endüstriyel Mutfak	Hazırlık	Robot Coupe Aksesuarlari	RC.27072	OZTI		ROBOT COUPE ŞERİT KESME DİSKİ, 2X4 MM	0.0					NO_MATCH	NO_MATCH	LOW	NOT_FOUND	https://equsto.com/shop/rc.27072		No match found on Mutbex
HAZIRLIK	Öztiryakiler Endüstriyel Mutfak	Hazırlık	Robot Coupe Aksesuarlari	RC.27066	OZTI		ROBOT COUPE ŞERİT KESME DİSKİ, 2X6 MM	0.0					NO_MATCH	NO_MATCH	LOW	NOT_FOUND	https://equsto.com/shop/rc.27066		No match found on Mutbex
HAZIRLIK	Öztiryakiler Endüstriyel Mutfak	Hazırlık	Robot Coupe Aksesuarlari	RC.27067	OZTI		ROBOT COUPE ŞERİT KESME DİSKİ, 2X8 MM	0.0					NO_MATCH	NO_MATCH	LOW	NOT_FOUND	https://equsto.com/shop/rc.27067		No match found on Mutbex
HAZIRLIK	Öztiryakiler Endüstriyel Mutfak	Hazırlık	Robot Coupe Aksesuarlari	RC.28101	OZTI		ROBOT COUPE ŞERİT KESME DİSKİ, 3X3 MM	0.0					NO_MATCH	NO_MATCH	LOW	NOT_FOUND	https://equsto.com/shop/rc.28101		No match found on Mutbex
HAZIRLIK	Öztiryakiler Endüstriyel Mutfak	Hazırlık	Robot Coupe Aksesuarlari	RC.27358	OZTI		ROBOT COUPE ÜNİVERSAL DESTEK, PASLANMAZ	0.0					NO_MATCH	NO_MATCH	LOW	NOT_FOUND	https://equsto.com/shop/rc.27358		No match found on Mutbex
HAZIRLIK	Öztiryakiler Endüstriyel Mutfak	Hazırlık	Robot Coupe Aksesuarlari	RC.28177W	OZTI		ROBOT COUPE WAFFLE VE GOFRET KESME DİSKİ, 4 MM	0.0					NO_MATCH	NO_MATCH	LOW	NOT_FOUND	https://equsto.com/shop/rc.28177w		No match found on Mutbex
HAZIRLIK	Öztiryakiler Endüstriyel Mutfak	Hazırlık	Robot Coupe Aksesuarlari	RC.28178W	OZTI		ROBOT COUPE WAFFLE VE GOFRET KESME DİSKİ, 6 MM	0.0					NO_MATCH	NO_MATCH	LOW	NOT_FOUND	https://equsto.com/shop/rc.28178w		No match found on Mutbex
HAZIRLIK	Öztiryakiler Endüstriyel Mutfak	Hazırlık	Robot Coupe El Mikserleri	RC.34240B	OZTI		ROBOT COUPE CMP 250 V.V. EL BLENDER	0.0					NO_MATCH	NO_MATCH	LOW	NOT_FOUND	https://equsto.com/shop/rc.34240b		No match found on Mutbex
HAZIRLIK	Öztiryakiler Endüstriyel Mutfak	Hazırlık	Robot Coupe El Mikserleri	RC.34310B	OZTI		ROBOT COUPE CMP 300 COMBİ EL BLENDER	0.0					NO_MATCH	NO_MATCH	LOW	NOT_FOUND	https://equsto.com/shop/rc.34310b		No match found on Mutbex
HAZIRLIK	Öztiryakiler Endüstriyel Mutfak	Hazırlık	Robot Coupe El Mikserleri	RC.34230B	OZTI		ROBOT COUPE CMP 300 V.V. EL BLENDER	0.0					NO_MATCH	NO_MATCH	LOW	NOT_FOUND	https://equsto.com/shop/rc.34230b		No match found on Mutbex
HAZIRLIK	Öztiryakiler Endüstriyel Mutfak	Hazırlık	Robot Coupe El Mikserleri	RC.34250B	OZTI		ROBOT COUPE CMP 350 V.V. EL MİKSERİ	0.0					NO_MATCH	NO_MATCH	LOW	NOT_FOUND	https://equsto.com/shop/rc.34250b		No match found on Mutbex
HAZIRLIK	Öztiryakiler Endüstriyel Mutfak	Hazırlık	Robot Coupe El Mikserleri	9860.MP160.VV	OZTI		ROBOT COUPE EL BLENDER MİNİ MP 160 V.V.	16022.0					NO_MATCH	NO_MATCH	LOW	NOT_FOUND	https://equsto.com/shop/9860.mp160.vv		No match found on Mutbex
HAZIRLIK	Öztiryakiler Endüstriyel Mutfak	Hazırlık	Robot Coupe El Mikserleri	9860.MP190.C0	OZTI		ROBOT COUPE EL BLENDER MİNİ MP 190 COMBİ	29190.0					NO_MATCH	NO_MATCH	LOW	NOT_FOUND	https://equsto.com/shop/9860.mp190.c0		No match found on Mutbex
HAZIRLIK	Öztiryakiler Endüstriyel Mutfak	Hazırlık	Robot Coupe El Mikserleri	9860.MP190.VV	OZTI		ROBOT COUPE EL BLENDER MİNİ MP 190 V.V.	20190.0					NO_MATCH	NO_MATCH	LOW	NOT_FOUND	https://equsto.com/shop/9860.mp190.vv		No match found on Mutbex
HAZIRLIK	Öztiryakiler Endüstriyel Mutfak	Hazırlık	Robot Coupe El Mikserleri	9860.MP240.VV	OZTI		ROBOT COUPE EL BLENDER MİNİ MP 240 V.V.	21946.0					NO_MATCH	NO_MATCH	LOW	NOT_FOUND	https://equsto.com/shop/9860.mp240.vv		No match found on Mutbex
HAZIRLIK	Öztiryakiler Endüstriyel Mutfak	Hazırlık	Robot Coupe El Mikserleri	9860.MP550.A0	OZTI		ROBOT COUPE EL BLENDER MP550 ULTRA	51137.0					NO_MATCH	NO_MATCH	LOW	NOT_FOUND	https://equsto.com/shop/9860.mp550.a0		No match found on Mutbex
HAZIRLIK	Öztiryakiler Endüstriyel Mutfak	Hazırlık	Robot Coupe El Mikserleri	9860.MP600.A0	OZTI		ROBOT COUPE EL BLENDER MP600 ULTRA	64082.0					NO_MATCH	NO_MATCH	LOW	NOT_FOUND	https://equsto.com/shop/9860.mp600.a0		No match found on Mutbex
HAZIRLIK	Öztiryakiler Endüstriyel Mutfak	Hazırlık	Robot Coupe El Mikserleri	9810.MP350.U0	OZTI		ROBOT COUPE EL BLENDERI  MP350 Ultra 230/50/1	30947.0					NO_MATCH	NO_MATCH	LOW	NOT_FOUND	https://equsto.com/shop/9810.mp350.u0		No match found on Mutbex
HAZIRLIK	Öztiryakiler Endüstriyel Mutfak	Hazırlık	Robot Coupe El Mikserleri	9860.MP250.C0	OZTI		ROBOT COUPE EL BLENDERI CMP250 KOMBI	38846.0					NO_MATCH	NO_MATCH	LOW	NOT_FOUND	https://equsto.com/shop/9860.mp250.c0		No match found on Mutbex
HAZIRLIK	Öztiryakiler Endüstriyel Mutfak	Hazırlık	Robot Coupe El Mikserleri	9860.MP450.C0	OZTI		ROBOT COUPE EL BLENDERI IKI KAFALI MP 450 COMBİ ULTRA	51792.0					NO_MATCH	NO_MATCH	LOW	NOT_FOUND	https://equsto.com/shop/9860.mp450.c0		No match found on Mutbex
HAZIRLIK	Öztiryakiler Endüstriyel Mutfak	Hazırlık	Robot Coupe El Mikserleri	9810.MP350.CU	OZTI		ROBOT COUPE EL BLENDERI MP350 COMBI Ultra 230/50	47843.0					NO_MATCH	NO_MATCH	LOW	NOT_FOUND	https://equsto.com/shop/9810.mp350.cu		No match found on Mutbex
HAZIRLIK	Öztiryakiler Endüstriyel Mutfak	Hazırlık	Robot Coupe El Mikserleri	9810.MP450.UL	OZTI		ROBOT COUPE EL BLENDERI MP450 ULTRA	34236.0					NO_MATCH	NO_MATCH	LOW	NOT_FOUND	https://equsto.com/shop/9810.mp450.ul		No match found on Mutbex
HAZIRLIK	Öztiryakiler Endüstriyel Mutfak	Hazırlık	Robot Coupe El Mikserleri	9810.MP800.UL	OZTI		ROBOT COUPE MIKSER  MP800 ULTRA	71544.0					NO_MATCH	NO_MATCH	LOW	NOT_FOUND	https://equsto.com/shop/9810.mp800.ul		No match found on Mutbex
HAZIRLIK	Öztiryakiler Endüstriyel Mutfak	Hazırlık	Robot Coupe El Mikserleri	RC.34900	OZTI		ROBOT COUPE MİCROMİX EL BLENDER	0.0					NO_MATCH	NO_MATCH	LOW	NOT_FOUND	https://equsto.com/shop/rc.34900		No match found on Mutbex
HAZIRLIK	Öztiryakiler Endüstriyel Mutfak	Hazırlık	Robot Coupe El Mikserleri	RC.34780	OZTI		ROBOT COUPE MİNİ MP 240 COMBİ EL BLENDER	0.0					NO_MATCH	NO_MATCH	LOW	NOT_FOUND	https://equsto.com/shop/rc.34780		No match found on Mutbex
HAZIRLIK	Öztiryakiler Endüstriyel Mutfak	Hazırlık	Robot Coupe El Mikserleri	RC.34800	OZTI		ROBOT COUPE MP 350 ULTRA EL BLENDER	0.0					NO_MATCH	NO_MATCH	LOW	NOT_FOUND	https://equsto.com/shop/rc.34800		No match found on Mutbex
HAZIRLIK	Öztiryakiler Endüstriyel Mutfak	Hazırlık	Robot Coupe El Mikserleri	RC.34840L	OZTI		ROBOT COUPE MP 350 V.V. ULTRA EL BLENDER	0.0					NO_MATCH	NO_MATCH	LOW	NOT_FOUND	https://equsto.com/shop/rc.34840l		No match found on Mutbex
HAZIRLIK	Öztiryakiler Endüstriyel Mutfak	Hazırlık	Robot Coupe El Mikserleri	RC.34880L	OZTI		ROBOT COUPE MP 450 FW ULTRA EL BLENDER	0.0					NO_MATCH	NO_MATCH	LOW	NOT_FOUND	https://equsto.com/shop/rc.34880l		No match found on Mutbex
HAZIRLIK	Öztiryakiler Endüstriyel Mutfak	Hazırlık	Robot Coupe El Mikserleri	RC.34850L	OZTI		ROBOT COUPE MP 450 ULTRA V.V. EL BLENDER	0.0					NO_MATCH	NO_MATCH	LOW	NOT_FOUND	https://equsto.com/shop/rc.34850l		No match found on Mutbex
HAZIRLIK	Öztiryakiler Endüstriyel Mutfak	Hazırlık	Robot Coupe El Mikserleri	RC.34890	OZTI		ROBOT COUPE MP 800 TURBO ULTRA EL BLENDER	0.0					NO_MATCH	NO_MATCH	LOW	NOT_FOUND	https://equsto.com/shop/rc.34890		No match found on Mutbex
HAZIRLIK	Öztiryakiler Endüstriyel Mutfak	Hazırlık	Sebze Dograma Makineleri	RC.33197	OZTI		ROBOT COUPE BLİXER 3 MONOFAZ	0.0					NO_MATCH	NO_MATCH	LOW	NOT_FOUND	https://equsto.com/shop/rc.33197		No match found on Mutbex
HAZIRLIK	Öztiryakiler Endüstriyel Mutfak	Hazırlık	Sebze Dograma Makineleri	RC.33208	OZTI		ROBOT COUPE BLİXER 4 - 3000 MONOFAZ	0.0					NO_MATCH	NO_MATCH	LOW	NOT_FOUND	https://equsto.com/shop/rc.33208		No match found on Mutbex
HAZIRLIK	Öztiryakiler Endüstriyel Mutfak	Hazırlık	Sebze Dograma Makineleri	RC.33215	OZTI		ROBOT COUPE BLİXER 4 TRİFAZE	0.0					NO_MATCH	NO_MATCH	LOW	NOT_FOUND	https://equsto.com/shop/rc.33215		No match found on Mutbex
HAZIRLIK	Öztiryakiler Endüstriyel Mutfak	Hazırlık	Sebze Dograma Makineleri	RC.33220	OZTI		ROBOT COUPE BLİXER 4 V.V.	0.0					NO_MATCH	NO_MATCH	LOW	NOT_FOUND	https://equsto.com/shop/rc.33220		No match found on Mutbex
HAZIRLIK	Öztiryakiler Endüstriyel Mutfak	Hazırlık	Sebze Dograma Makineleri	RC.33164	OZTI		ROBOT COUPE BLİXER 5 PLUS	0.0					NO_MATCH	NO_MATCH	LOW	NOT_FOUND	https://equsto.com/shop/rc.33164		No match found on Mutbex
HAZIRLIK	Öztiryakiler Endüstriyel Mutfak	Hazırlık	Sebze Dograma Makineleri	RC.33266M	OZTI		ROBOT COUPE BLİXER 5 V.V.	0.0					NO_MATCH	NO_MATCH	LOW	NOT_FOUND	https://equsto.com/shop/rc.33266m		No match found on Mutbex
HAZIRLIK	Öztiryakiler Endüstriyel Mutfak	Hazırlık	Sebze Dograma Makineleri	RC.22394	OZTI		ROBOT COUPE CL 20 SEBZE DOĞRAMA MAKİNESİ	0.0					NO_MATCH	NO_MATCH	LOW	NOT_FOUND	https://equsto.com/shop/rc.22394		No match found on Mutbex
HAZIRLIK	Öztiryakiler Endüstriyel Mutfak	Hazırlık	Sebze Dograma Makineleri	RC.24432	OZTI		ROBOT COUPE CL 30 BİSTRO SEBZE DOĞRAMA MAKİNESİ	0.0					NO_MATCH	NO_MATCH	LOW	NOT_FOUND	https://equsto.com/shop/rc.24432		No match found on Mutbex
HAZIRLIK	Öztiryakiler Endüstriyel Mutfak	Hazırlık	Sebze Dograma Makineleri	RC.24453	OZTI		ROBOT COUPE CL 50 GOURMET SEBZE DOĞRAMA MAKİNESİ	0.0					NO_MATCH	NO_MATCH	LOW	NOT_FOUND	https://equsto.com/shop/rc.24453		No match found on Mutbex
HAZIRLIK	Öztiryakiler Endüstriyel Mutfak	Hazırlık	Sebze Dograma Makineleri	RC.24465	OZTI		ROBOT COUPE CL 50 ULTRA SEBZE DOĞRAMA MAKİNESİ	0.0					NO_MATCH	NO_MATCH	LOW	NOT_FOUND	https://equsto.com/shop/rc.24465		No match found on Mutbex
HAZIRLIK	Öztiryakiler Endüstriyel Mutfak	Hazırlık	Sebze Dograma Makineleri	RC.2244	OZTI		ROBOT COUPE CL 55 SEBZE DOĞRAMA MAKİNESİ, 2 KAFALI, 230 V	0.0					NO_MATCH	NO_MATCH	LOW	NOT_FOUND	https://equsto.com/shop/rc.2244		No match found on Mutbex
HAZIRLIK	Öztiryakiler Endüstriyel Mutfak	Hazırlık	Sebze Dograma Makineleri	RC.2214	OZTI		ROBOT COUPE CL 55 SEBZE DOĞRAMA MAKİNESİ, İTME KAFALI, 400 V	0.0					NO_MATCH	NO_MATCH	LOW	NOT_FOUND	https://equsto.com/shop/rc.2214		No match found on Mutbex
HAZIRLIK	Öztiryakiler Endüstriyel Mutfak	Hazırlık	Sebze Dograma Makineleri	RC.2319F	OZTI		ROBOT COUPE CL 60 SEBZE DOĞRAMA MAKİNESİ, İTME KAFALI, 400 V	0.0					NO_MATCH	NO_MATCH	LOW	NOT_FOUND	https://equsto.com/shop/rc.2319f		No match found on Mutbex
HAZIRLIK	Öztiryakiler Endüstriyel Mutfak	Hazırlık	Sebze Dograma Makineleri	9860.000R2.00	OZTI		ROBOT COUPE MUTFAK ROBOTU R2, 2,5 LTR	64304.0					NO_MATCH	NO_MATCH	LOW	NOT_FOUND	https://equsto.com/shop/9860.000r2.00		No match found on Mutbex
HAZIRLIK	Öztiryakiler Endüstriyel Mutfak	Hazırlık	Sebze Dograma Makineleri	9860.000R5.00	OZTI		ROBOT COUPE MUTFAK ROBOTU R5, 5,5 LTR	134092.0					NO_MATCH	NO_MATCH	LOW	NOT_FOUND	https://equsto.com/shop/9860.000r5.00		No match found on Mutbex
HAZIRLIK	Öztiryakiler Endüstriyel Mutfak	Hazırlık	Sebze Dograma Makineleri	RC.22570D	OZTI		ROBOT COUPE R 201 XL SET ÜSTÜ SEBZE DOĞRAMA MAKİNESİ	0.0					NO_MATCH	NO_MATCH	LOW	NOT_FOUND	https://equsto.com/shop/rc.22570d		No match found on Mutbex
HAZIRLIK	Öztiryakiler Endüstriyel Mutfak	Hazırlık	Sebze Dograma Makineleri	RC.52331C	OZTI		ROBOT COUPE R 30 DİK TİP PARÇALAYICI, 28 L	0.0					NO_MATCH	NO_MATCH	LOW	NOT_FOUND	https://equsto.com/shop/rc.52331c		No match found on Mutbex
HAZIRLIK	Öztiryakiler Endüstriyel Mutfak	Hazırlık	Sebze Dograma Makineleri	RC.2547	OZTI		ROBOT COUPE R 301 ULTRA SEBZE DOĞRAMA VE PARÇALAMA MAKİNESİ	0.0					NO_MATCH	NO_MATCH	LOW	NOT_FOUND	https://equsto.com/shop/rc.2547		No match found on Mutbex
HAZIRLIK	Öztiryakiler Endüstriyel Mutfak	Hazırlık	Sebze Dograma Makineleri	RC.2547.LE	OZTI		ROBOT COUPE R 301 ULTRA SEBZE DOĞRAMA VE PARÇALAMA MAKİNESİ, 30.YIL LİMİTED EDİTİON	0.0					NO_MATCH	NO_MATCH	LOW	NOT_FOUND	https://equsto.com/shop/rc.2547.le		No match found on Mutbex
HAZIRLIK	Öztiryakiler Endüstriyel Mutfak	Hazırlık	Sebze Dograma Makineleri	RC.2433	OZTI		ROBOT COUPE R 402 KOMBİNE SEBZE DOĞRAMA VE PARÇALAMA MAKİNESİ, 400 V	0.0					NO_MATCH	NO_MATCH	LOW	NOT_FOUND	https://equsto.com/shop/rc.2433		No match found on Mutbex
HAZIRLIK	Öztiryakiler Endüstriyel Mutfak	Hazırlık	Sebze Dograma Makineleri	RC.53331C	OZTI		ROBOT COUPE R 45 DİK TİP PARÇALAYICI, 45 L	0.0					NO_MATCH	NO_MATCH	LOW	NOT_FOUND	https://equsto.com/shop/rc.53331c		No match found on Mutbex
HAZIRLIK	Öztiryakiler Endüstriyel Mutfak	Hazırlık	Sebze Dograma Makineleri	RC.24614M	OZTI		ROBOT COUPE R 5 PLUS 2V SET ÜSTÜ PARÇALAMA MAKİNESİ, 5.9 L, 400 V	0.0					NO_MATCH	NO_MATCH	LOW	NOT_FOUND	https://equsto.com/shop/rc.24614m		No match found on Mutbex
HAZIRLIK	Öztiryakiler Endüstriyel Mutfak	Hazırlık	Sebze Dograma Makineleri	RC.24620	OZTI		ROBOT COUPE R 5 V.V. SET ÜSTÜ PARÇALAMA MAKİNESİ, 5.9 L, 230V	0.0					NO_MATCH	NO_MATCH	LOW	NOT_FOUND	https://equsto.com/shop/rc.24620		No match found on Mutbex
HAZIRLIK	Öztiryakiler Endüstriyel Mutfak	Hazırlık	Sebze Dograma Makineleri	RC.2382	OZTI		ROBOT COUPE R 502 SEBZE DOĞRAMA VE PARÇALAMA MAKİNESİ, 400 V	0.0					NO_MATCH	NO_MATCH	LOW	NOT_FOUND	https://equsto.com/shop/rc.2382		No match found on Mutbex
HAZIRLIK	Öztiryakiler Endüstriyel Mutfak	Hazırlık	Sebze Dograma Makineleri	RC.2390	OZTI		ROBOT COUPE R 502 V.V. SEBZE DOĞRAMA VE PARÇALAMA MAKİNESİ	0.0					NO_MATCH	NO_MATCH	LOW	NOT_FOUND	https://equsto.com/shop/rc.2390		No match found on Mutbex
HAZIRLIK	Öztiryakiler Endüstriyel Mutfak	Hazırlık	Sebze Dograma Makineleri	RC.24709M	OZTI		ROBOT COUPE R 7 V.V. SET ÜSTÜ PARÇALAMA MAKİNESİ, 7 L	0.0					NO_MATCH	NO_MATCH	LOW	NOT_FOUND	https://equsto.com/shop/rc.24709m		No match found on Mutbex
HAZIRLIK	Öztiryakiler Endüstriyel Mutfak	Hazırlık	Sebze Dograma Makineleri	RC.2115	OZTI		ROBOT COUPE R 752 V.V. KOMBİNE PARÇALAMA VE SEBZE DOĞRAMA MAKİNESİ	0.0					NO_MATCH	NO_MATCH	LOW	NOT_FOUND	https://equsto.com/shop/rc.2115		No match found on Mutbex
HAZIRLIK	Öztiryakiler Endüstriyel Mutfak	Hazırlık	Sebze Dograma Makineleri	RC.22382	OZTI		ROBOT COUPE R3-1500 SET ÜSTÜ PARÇALAMA MAKİNESİ, 3.7 L	0.0					NO_MATCH	NO_MATCH	LOW	NOT_FOUND	https://equsto.com/shop/rc.22382		No match found on Mutbex
HAZIRLIK	Öztiryakiler Endüstriyel Mutfak	Hazırlık	Sebze Dograma Makineleri	RC.43000R	OZTI		ROBOT COUPE ROBOT COOK PROFESYONEL PİŞİRİCİ MUTFAK ROBOTU	0.0					NO_MATCH	NO_MATCH	LOW	NOT_FOUND	https://equsto.com/shop/rc.43000r		No match found on Mutbex
HAZIRLIK	Öztiryakiler Endüstriyel Mutfak	Hazırlık	Sebze Dograma Makineleri	9840.CL50D.00	OZTI		ROBOT COUPE SEBZE DOGRAMA MAKINASI CL50 BICAKSIZ	99418.0					NO_MATCH	NO_MATCH	LOW	NOT_FOUND	https://equsto.com/shop/9840.cl50d.00		No match found on Mutbex
HAZIRLIK	Öztiryakiler Endüstriyel Mutfak	Hazırlık	Sebze Dograma Makineleri	9840.CL60D.00	OZTI		ROBOT COUPE SEBZE DOGRAMA MAKINASI CL60 BIÇAKSIZ OTOMATIK KAFALI	617560.0					NO_MATCH	NO_MATCH	LOW	NOT_FOUND	https://equsto.com/shop/9840.cl60d.00		No match found on Mutbex
HAZIRLIK	Öztiryakiler Endüstriyel Mutfak	Hazırlık	Sebze Dograma Makineleri	9840.CL52D.00	OZTI		ROBOT COUPE SEBZE DOGRAMA MAKINESI CL52 BICAKSIZ İTME KAFALI	168984.0					NO_MATCH	NO_MATCH	LOW	NOT_FOUND	https://equsto.com/shop/9840.cl52d.00		No match found on Mutbex
HAZIRLIK	Öztiryakiler Endüstriyel Mutfak	Hazırlık	Sebze Dograma Makineleri	9840.CL55D.00	OZTI		ROBOT COUPE SEBZE DOGRAMA MAKINESI CL55 BICAKSIZ İTME KAFALI	300443.0					NO_MATCH	NO_MATCH	LOW	NOT_FOUND	https://equsto.com/shop/9840.cl55d.00		No match found on Mutbex
HAZIRLIK	Öztiryakiler Endüstriyel Mutfak	Hazırlık	Sebze Dograma Makineleri	9840.R201E.00	OZTI		ROBOT COUPE SEBZE DOĞRAMA VE PARÇALAMA MAKİNESİ R211 XL	62327.0					NO_MATCH	NO_MATCH	LOW	NOT_FOUND	https://equsto.com/shop/9840.r201e.00		No match found on Mutbex
HAZIRLIK	Öztiryakiler Endüstriyel Mutfak	Hazırlık	Sebze Dograma Makineleri	9840.R301C.00	OZTI		ROBOT COUPE SEBZE DOĞRAMA VE PARÇALAMA MAKİNESİ R301	76811.0					NO_MATCH	NO_MATCH	LOW	NOT_FOUND	https://equsto.com/shop/9840.r301c.00		No match found on Mutbex
HAZIRLIK	Öztiryakiler Endüstriyel Mutfak	Hazırlık	Sebze Dograma Ve Humus Makineleri	8840.USD02.00	OZTI		SEBZE DOGRAMA MAKINASI AYAKLI USD-02	69095.0					NO_MATCH	NO_MATCH	LOW	NOT_FOUND	https://equsto.com/shop/8840.usd02.00		No match found on Mutbex
HAZIRLIK	Öztiryakiler Endüstriyel Mutfak	Hazırlık	Sebze Dograma Ve Humus Makineleri	8840.USD01.00	OZTI		SEBZE DOGRAMA MAKINASI USD-01	61132.0					NO_MATCH	NO_MATCH	LOW	NOT_FOUND	https://equsto.com/shop/8840.usd01.00		No match found on Mutbex
HAZIRLIK	Pimak	Hazırlık	Doner Eti Acma Makinesi	PMK-ET45	PIMAK		PMK-ET45 Döner Eti Açma Makinesi	514943.0					NO_MATCH	NO_MATCH	LOW	NOT_FOUND	https://equsto.com/shop/pmk-et45		No match found on Mutbex
HAZIRLIK	Pimak	Hazırlık	Doner Eti Acma Makinesi	PMK-ST32	PIMAK		PMK-ST32 Setüstü Döner Eti Açma Makinesi	372890.0					NO_MATCH	NO_MATCH	LOW	NOT_FOUND	https://equsto.com/shop/pmk-st32		No match found on Mutbex
HAZIRLIK	Pimak	Hazırlık	Endustriyel Kiyma Makinesi	BKM.12	PIMAK		BKM.12 Kıyma Makinesi	28411.0					NO_MATCH	NO_MATCH	LOW	NOT_FOUND	https://equsto.com/shop/bkm.12		No match found on Mutbex
HAZIRLIK	Pimak	Hazırlık	Endustriyel Kiyma Makinesi	BKM.22	PIMAK		BKM.22 Kıyma Makinesi	44392.0					NO_MATCH	NO_MATCH	LOW	NOT_FOUND	https://equsto.com/shop/bkm.22		No match found on Mutbex
HAZIRLIK	Pimak	Hazırlık	Endustriyel Kiyma Makinesi	BKM.22E ECO	PIMAK		BKM.22E ECO Ekonomik Kıyma Makinesi	44513.0					NO_MATCH	NO_MATCH	LOW	NOT_FOUND	https://equsto.com/shop/bkm.22e eco		No match found on Mutbex
HAZIRLIK	Pimak	Hazırlık	Endustriyel Kiyma Makinesi	BKM.22S	PIMAK		BKM.22S Soğutuculu Kıyma Makinesi	63924.0					NO_MATCH	NO_MATCH	LOW	NOT_FOUND	https://equsto.com/shop/bkm.22s		No match found on Mutbex
HAZIRLIK	Pimak	Hazırlık	Endustriyel Kiyma Makinesi	BKM.32	PIMAK		BKM.32 Kıyma Makinesi	60373.0					NO_MATCH	NO_MATCH	LOW	NOT_FOUND	https://equsto.com/shop/bkm.32		No match found on Mutbex
HAZIRLIK	Pimak	Hazırlık	Endustriyel Kiyma Makinesi	BKM.32E ECO	PIMAK		BKM.32E ECO Ekonomik Kıyma Makinesi	42732.0					NO_MATCH	NO_MATCH	LOW	NOT_FOUND	https://equsto.com/shop/bkm.32e eco		No match found on Mutbex
HAZIRLIK	Pimak	Hazırlık	Endustriyel Kiyma Makinesi	BKM.32S	PIMAK		BKM.32S Soğutuculu Kıyma Makinesi	78129.0					NO_MATCH	NO_MATCH	LOW	NOT_FOUND	https://equsto.com/shop/bkm.32s		No match found on Mutbex
HAZIRLIK	Pimak	Hazırlık	Endustriyel Kiyma Makinesi	BPKM.12	PIMAK		BPKM.12 Paslanmaz Kıyma Makinesi	35513.0					NO_MATCH	NO_MATCH	LOW	NOT_FOUND	https://equsto.com/shop/bpkm.12		No match found on Mutbex
HAZIRLIK	Pimak	Hazırlık	Endustriyel Kiyma Makinesi	BPKM.12CK	PIMAK		BPKM.12CK Paslanmaz Çıkma Kafa Kıyma Makinesi	42616.0					NO_MATCH	NO_MATCH	LOW	NOT_FOUND	https://equsto.com/shop/bpkm.12ck		No match found on Mutbex
HAZIRLIK	Pimak	Hazırlık	Endustriyel Kiyma Makinesi	BPKM.12M	PIMAK		BPKM.12M Paslanmaz Çıkma Kafa Kıyma Makinesi	0.0					NO_MATCH	NO_MATCH	LOW	NOT_FOUND	https://equsto.com/shop/bpkm.12m		No match found on Mutbex
HAZIRLIK	Pimak	Hazırlık	Endustriyel Kiyma Makinesi	BPKM.130	PIMAK		BPKM.130 Paslanmaz Kıyma Makinesi	603727.0					NO_MATCH	NO_MATCH	LOW	NOT_FOUND	https://equsto.com/shop/bpkm.130		No match found on Mutbex
HAZIRLIK	Pimak	Hazırlık	Endustriyel Kiyma Makinesi	BPKM.130S	PIMAK		BPKM.130S Paslanmaz Soğutuculu Kıyma Makinesi	656997.0					NO_MATCH	NO_MATCH	LOW	NOT_FOUND	https://equsto.com/shop/bpkm.130s		No match found on Mutbex
HAZIRLIK	Pimak	Hazırlık	Endustriyel Kiyma Makinesi	BPKM.22	PIMAK		BPKM.22 Paslanmaz Kıyma Makinesi	63924.0					NO_MATCH	NO_MATCH	LOW	NOT_FOUND	https://equsto.com/shop/bpkm.22		No match found on Mutbex
HAZIRLIK	Pimak	Hazırlık	Endustriyel Kiyma Makinesi	BPKM.22S	PIMAK		BPKM.22S Paslanmaz Soğutuculu Kıyma Makinesi	83457.0					NO_MATCH	NO_MATCH	LOW	NOT_FOUND	https://equsto.com/shop/bpkm.22s		No match found on Mutbex
HAZIRLIK	Pimak	Hazırlık	Endustriyel Kiyma Makinesi	BPKM.32	PIMAK		BPKM.32 Paslanmaz Kıyma Makinesi	92335.0					NO_MATCH	NO_MATCH	LOW	NOT_FOUND	https://equsto.com/shop/bpkm.32		No match found on Mutbex
HAZIRLIK	Pimak	Hazırlık	Endustriyel Kiyma Makinesi	BPKM.32C	PIMAK		BPKM.32C Paslanmaz Çıkma Kafa Kıyma Makinesi	60373.0					NO_MATCH	NO_MATCH	LOW	NOT_FOUND	https://equsto.com/shop/bpkm.32c		No match found on Mutbex
HAZIRLIK	Pimak	Hazırlık	Endustriyel Kiyma Makinesi	BPKM.32M	PIMAK		BPKM.32M Paslanmaz Kıyma Makinesi	0.0					NO_MATCH	NO_MATCH	LOW	NOT_FOUND	https://equsto.com/shop/bpkm.32m		No match found on Mutbex
HAZIRLIK	Pimak	Hazırlık	Endustriyel Kiyma Makinesi	BPKM.32MS	PIMAK		BPKM.32MS Paslanmaz Soğutuculu Kıyma Makinesi	0.0					NO_MATCH	NO_MATCH	LOW	NOT_FOUND	https://equsto.com/shop/bpkm.32ms		No match found on Mutbex
HAZIRLIK	Pimak	Hazırlık	Endustriyel Kiyma Makinesi	BPKM.32S	PIMAK		BPKM.32S Paslanmaz Soğutuculu Kıyma Makinesi	110091.0					NO_MATCH	NO_MATCH	LOW	NOT_FOUND	https://equsto.com/shop/bpkm.32s		No match found on Mutbex
HAZIRLIK	Pimak	Hazırlık	Endustriyel Kiyma Makinesi	BPKM.32SCK	PIMAK		BPKM.32SCK Paslanmaz Soğutuculu Çıkma Kafa Kıyma Makinesi	117194.0					NO_MATCH	NO_MATCH	LOW	NOT_FOUND	https://equsto.com/shop/bpkm.32sck		No match found on Mutbex
HAZIRLIK	Pimak	Hazırlık	Endustriyel Kiyma Makinesi	BPKM.42	PIMAK		BPKM.42 Paslanmaz Kıyma Makinesi	188221.0					NO_MATCH	NO_MATCH	LOW	NOT_FOUND	https://equsto.com/shop/bpkm.42		No match found on Mutbex
HAZIRLIK	Pimak	Hazırlık	Endustriyel Kiyma Makinesi	BPKM.42A	PIMAK		BPKM.42A Paslanmaz Kıyma Makinesi	202426.0					NO_MATCH	NO_MATCH	LOW	NOT_FOUND	https://equsto.com/shop/bpkm.42a		No match found on Mutbex
HAZIRLIK	Pimak	Hazırlık	Endustriyel Kiyma Makinesi	BPKM.42S	PIMAK		BPKM.42S Paslanmaz Soğutuculu Kıyma Makinesi	202426.0					NO_MATCH	NO_MATCH	LOW	NOT_FOUND	https://equsto.com/shop/bpkm.42s		No match found on Mutbex
HAZIRLIK	Pimak	Hazırlık	Endustriyel Kiyma Makinesi	BPKM.42S.A	PIMAK		BPKM.42S.A Paslanmaz Soğutuculu Kıyma Makinesi	216631.0					NO_MATCH	NO_MATCH	LOW	NOT_FOUND	https://equsto.com/shop/bpkm.42s.a		No match found on Mutbex
HAZIRLIK	Pimak	Hazırlık	Endustriyel Mikser	BM.10S	PIMAK		BM.10S Mikser Makinesi	67475.0					NO_MATCH	NO_MATCH	LOW	NOT_FOUND	https://equsto.com/shop/bm.10s		No match found on Mutbex
HAZIRLIK	Pimak	Hazırlık	Endustriyel Mikser	BM.20S	PIMAK		BM.20S Mikser Makinesi	83457.0					NO_MATCH	NO_MATCH	LOW	NOT_FOUND	https://equsto.com/shop/bm.20s		No match found on Mutbex
HAZIRLIK	Pimak	Hazırlık	Endustriyel Mikser	BM.40S	PIMAK		BM.40S Mikser Makinesi	142053.0					NO_MATCH	NO_MATCH	LOW	NOT_FOUND	https://equsto.com/shop/bm.40s		No match found on Mutbex
HAZIRLIK	Pimak	Hazırlık	Endustriyel Mikser	BM.40S.3D	PIMAK		BM.40S.3D Üç Devirli Mikser Makinesi	154483.0					NO_MATCH	NO_MATCH	LOW	NOT_FOUND	https://equsto.com/shop/bm.40s.3d		No match found on Mutbex
HAZIRLIK	Pimak	Hazırlık	Endustriyel Mikser	BM.60	PIMAK		BM.60 Mikser Makinesi	202426.0					NO_MATCH	NO_MATCH	LOW	NOT_FOUND	https://equsto.com/shop/bm.60		No match found on Mutbex
HAZIRLIK	Pimak	Hazırlık	Endustriyel Mikser	BM.60S	PIMAK		BM.60S Mikser Makinesi	159810.0					NO_MATCH	NO_MATCH	LOW	NOT_FOUND	https://equsto.com/shop/bm.60s		No match found on Mutbex
HAZIRLIK	Pimak	Hazırlık	Endustriyel Mikser	BM.60S.3D	PIMAK		BM.60S.3D Üç Devirli Mikser Makinesi	172240.0					NO_MATCH	NO_MATCH	LOW	NOT_FOUND	https://equsto.com/shop/bm.60s.3d		No match found on Mutbex
HAZIRLIK	Pimak	Hazırlık	Et Ve Kemik Testeresi	BKT	PIMAK		BKT Paslanmaz Kemik Testeresi	53415.0					NO_MATCH	NO_MATCH	LOW	NOT_FOUND	https://equsto.com/shop/bkt		No match found on Mutbex
HAZIRLIK	Pimak	Hazırlık	Et Ve Kemik Testeresi	BKT.1840	PIMAK		BKT.1840 Kemik Testeresi	53270.0					NO_MATCH	NO_MATCH	LOW	NOT_FOUND	https://equsto.com/shop/bkt.1840		No match found on Mutbex
HAZIRLIK	Pimak	Hazırlık	Et Ve Kemik Testeresi	BKTA	PIMAK		BKTA Paslanmaz Kemik Testeresi	78342.0					NO_MATCH	NO_MATCH	LOW	NOT_FOUND	https://equsto.com/shop/bkta		No match found on Mutbex
HAZIRLIK	Pimak	Hazırlık	Et Ve Kemik Testeresi	BKTA.1840	PIMAK		BKTA.1840 Kemik Testeresi	78129.0					NO_MATCH	NO_MATCH	LOW	NOT_FOUND	https://equsto.com/shop/bkta.1840		No match found on Mutbex
HAZIRLIK	Pimak	Hazırlık	Et Ve Kemik Testeresi	BKTA.2500	PIMAK		BKTA.2500 Et Kemik Testeresi	95886.0					NO_MATCH	NO_MATCH	LOW	NOT_FOUND	https://equsto.com/shop/bkta.2500		No match found on Mutbex
HAZIRLIK	Pimak	Hazırlık	Et Ve Kemik Testeresi	BKTA.3100	PIMAK		BKTA.3100 Et Kemik Testeresi	205977.0					NO_MATCH	NO_MATCH	LOW	NOT_FOUND	https://equsto.com/shop/bkta.3100		No match found on Mutbex
HAZIRLIK	Pimak	Hazırlık	Hamur Yogurma Makinesi	BHA.30	PIMAK		BHA.30 Paslanmaz Hamur Açma Makinesi (Çiftli)	42616.0					NO_MATCH	NO_MATCH	LOW	NOT_FOUND	https://equsto.com/shop/bha.30		No match found on Mutbex
HAZIRLIK	Pimak	Hazırlık	Hamur Yogurma Makinesi	BHA.30T	PIMAK		BHA.30T Paslanmaz Hamur Açma Makinesi (Tekli)	35513.0					NO_MATCH	NO_MATCH	LOW	NOT_FOUND	https://equsto.com/shop/bha.30t		No match found on Mutbex
HAZIRLIK	Pimak	Hazırlık	Hamur Yogurma Makinesi	BHA.40	PIMAK		BHA.40 Paslanmaz Hamur Açma Makinesi (Çiftli)	46167.0					NO_MATCH	NO_MATCH	LOW	NOT_FOUND	https://equsto.com/shop/bha.40		No match found on Mutbex
HAZIRLIK	Pimak	Hazırlık	Hamur Yogurma Makinesi	BHA.40T	PIMAK		BHA.40T Paslanmaz Hamur Açma Makinesi (Tekli)	39065.0					NO_MATCH	NO_MATCH	LOW	NOT_FOUND	https://equsto.com/shop/bha.40t		No match found on Mutbex
HAZIRLIK	Pimak	Hazırlık	Hamur Yogurma Makinesi	BHKT.200	PIMAK		BHKT.200 Hamur Kestart Makinesi	152707.0					NO_MATCH	NO_MATCH	LOW	NOT_FOUND	https://equsto.com/shop/bhkt.200		No match found on Mutbex
HAZIRLIK	Pimak	Hazırlık	Hamur Yogurma Makinesi	BHKT.200A	PIMAK		BHKT.200A Hamur Kestart Makinesi	166913.0					NO_MATCH	NO_MATCH	LOW	NOT_FOUND	https://equsto.com/shop/bhkt.200a		No match found on Mutbex
HAZIRLIK	Pimak	Hazırlık	Hamur Yogurma Makinesi	BHY.10	PIMAK		BHY.10 Hamur Yoğurma Makinesi	29831.0					NO_MATCH	NO_MATCH	LOW	NOT_FOUND	https://equsto.com/shop/bhy.10		No match found on Mutbex
HAZIRLIK	Pimak	Hazırlık	Hamur Yogurma Makinesi	BHY.100K	PIMAK		BHY.100K Kapaklı Hamur Yoğurma Makinesi	111867.0					NO_MATCH	NO_MATCH	LOW	NOT_FOUND	https://equsto.com/shop/bhy.100k		No match found on Mutbex
HAZIRLIK	Pimak	Hazırlık	Hamur Yogurma Makinesi	BHY.10K	PIMAK		BHY.10K Kapaklı Hamur Yoğurma Makinesi	35159.0					NO_MATCH	NO_MATCH	LOW	NOT_FOUND	https://equsto.com/shop/bhy.10k		No match found on Mutbex
HAZIRLIK	Pimak	Hazırlık	Hamur Yogurma Makinesi	BHY.135	PIMAK		BHY.135 Hamur Yoğurma Makinesi	120745.0					NO_MATCH	NO_MATCH	LOW	NOT_FOUND	https://equsto.com/shop/bhy.135		No match found on Mutbex
HAZIRLIK	Pimak	Hazırlık	Hamur Yogurma Makinesi	BHY.135K	PIMAK		BHY.135K Kapaklı Hamur Yoğurma Makinesi	129624.0					NO_MATCH	NO_MATCH	LOW	NOT_FOUND	https://equsto.com/shop/bhy.135k		No match found on Mutbex
HAZIRLIK	Pimak	Hazırlık	Hamur Yogurma Makinesi	BHY.235	PIMAK		BHY.235 Hamur Yoğurma Makinesi	312517.0					NO_MATCH	NO_MATCH	LOW	NOT_FOUND	https://equsto.com/shop/bhy.235		No match found on Mutbex
HAZIRLIK	Pimak	Hazırlık	Hamur Yogurma Makinesi	BHY.235K	PIMAK		BHY.235K Kapaklı Hamur Yoğurma Makinesi	326723.0					NO_MATCH	NO_MATCH	LOW	NOT_FOUND	https://equsto.com/shop/bhy.235k		No match found on Mutbex
HAZIRLIK	Pimak	Hazırlık	Hamur Yogurma Makinesi	BHY.25	PIMAK		BHY.25 Hamur Yoğurma Makinesi	34803.0					NO_MATCH	NO_MATCH	LOW	NOT_FOUND	https://equsto.com/shop/bhy.25		No match found on Mutbex
HAZIRLIK	Pimak	Hazırlık	Hamur Yogurma Makinesi	BHY.25K	PIMAK		BHY.25K Kapaklı Hamur Yoğurma Makinesi	42616.0					NO_MATCH	NO_MATCH	LOW	NOT_FOUND	https://equsto.com/shop/bhy.25k		No match found on Mutbex
HAZIRLIK	Pimak	Hazırlık	Hamur Yogurma Makinesi	BHY.35	PIMAK		BHY.35 Hamur Yoğurma Makinesi	40841.0					NO_MATCH	NO_MATCH	LOW	NOT_FOUND	https://equsto.com/shop/bhy.35		No match found on Mutbex
HAZIRLIK	Pimak	Hazırlık	Hamur Yogurma Makinesi	BHY.35K	PIMAK		BHY.35K Kapaklı Hamur Yoğurma Makinesi	47943.0					NO_MATCH	NO_MATCH	LOW	NOT_FOUND	https://equsto.com/shop/bhy.35k		No match found on Mutbex
HAZIRLIK	Pimak	Hazırlık	Hamur Yogurma Makinesi	BHY.5	PIMAK		BHY.5 Hamur Yoğurma Makinesi	21308.0					NO_MATCH	NO_MATCH	LOW	NOT_FOUND	https://equsto.com/shop/bhy.5		No match found on Mutbex
HAZIRLIK	Pimak	Hazırlık	Hamur Yogurma Makinesi	BHY.50	PIMAK		BHY.50 Hamur Yoğurma Makinesi	46167.0					NO_MATCH	NO_MATCH	LOW	NOT_FOUND	https://equsto.com/shop/bhy.50		No match found on Mutbex
HAZIRLIK	Pimak	Hazırlık	Hamur Yogurma Makinesi	BHY.50K	PIMAK		BHY.50K Kapaklı Hamur Yoğurma Makinesi	55046.0					NO_MATCH	NO_MATCH	LOW	NOT_FOUND	https://equsto.com/shop/bhy.50k		No match found on Mutbex
HAZIRLIK	Pimak	Hazırlık	Hamur Yogurma Makinesi	BHY.75	PIMAK		BHY.75 Hamur Yoğurma Makinesi	78129.0					NO_MATCH	NO_MATCH	LOW	NOT_FOUND	https://equsto.com/shop/bhy.75		No match found on Mutbex
HAZIRLIK	Pimak	Hazırlık	Hamur Yogurma Makinesi	BHY.75K	PIMAK		BHY.75K Kapaklı Hamur Yoğurma Makinesi	85232.0					NO_MATCH	NO_MATCH	LOW	NOT_FOUND	https://equsto.com/shop/bhy.75k		No match found on Mutbex
HAZIRLIK	Pimak	Hazırlık	Hamur Yogurma Makinesi	BSH.135	PIMAK		BSH.135 Spiral Hamur Yoğurma Makinesi	326723.0					NO_MATCH	NO_MATCH	LOW	NOT_FOUND	https://equsto.com/shop/bsh.135		No match found on Mutbex
HAZIRLIK	Pimak	Hazırlık	Hamur Yogurma Makinesi	BSH.20	PIMAK		BSH.20 Spiral Hamur Yoğurma Makinesi	87245.0					NO_MATCH	NO_MATCH	LOW	NOT_FOUND	https://equsto.com/shop/bsh.20		No match found on Mutbex
HAZIRLIK	Pimak	Hazırlık	Hamur Yogurma Makinesi	BSH.235	PIMAK		BSH.235 Spiral Hamur Yoğurma Makinesi	532700.0					NO_MATCH	NO_MATCH	LOW	NOT_FOUND	https://equsto.com/shop/bsh.235		No match found on Mutbex
HAZIRLIK	Pimak	Hazırlık	Hamur Yogurma Makinesi	BSH.35	PIMAK		BSH.35 Spiral Hamur Yoğurma Makinesi	87008.0					NO_MATCH	NO_MATCH	LOW	NOT_FOUND	https://equsto.com/shop/bsh.35		No match found on Mutbex
HAZIRLIK	Pimak	Hazırlık	Hamur Yogurma Makinesi	BSH.50	PIMAK		BSH.50 Spiral Hamur Yoğurma Makinesi	191772.0					NO_MATCH	NO_MATCH	LOW	NOT_FOUND	https://equsto.com/shop/bsh.50		No match found on Mutbex
HAZIRLIK	Pimak	Hazırlık	Hamur Yogurma Makinesi	BHY.100	PIMAK		Endüstriyel Hamur Yoğurma Makinesi Modelleri ve Fiyatları	102989.0					NO_MATCH	NO_MATCH	LOW	NOT_FOUND	https://equsto.com/shop/bhy.100		No match found on Mutbex
HAZIRLIK	Pimak	Hazırlık	Hamur Yogurma Makinesi	BSH.75	PIMAK		Spiral Mikser Modelleri ve Fiyatları - Hamur Yoğurma Mikseri	209529.0					NO_MATCH	NO_MATCH	LOW	NOT_FOUND	https://equsto.com/shop/bsh.75		No match found on Mutbex
HAZIRLIK	Pimak	Hazırlık	Humus Makinesi	BDH.30	PIMAK		BDH.30 Devrilir Humus Makinesı	99437.0					NO_MATCH	NO_MATCH	LOW	NOT_FOUND	https://equsto.com/shop/bdh.30		No match found on Mutbex
HAZIRLIK	Pimak	Hazırlık	Humus Makinesi	BDH.45S	PIMAK		BDH.45S Devrilir Humus Makinesi (Hız Ayarlı)	170464.0					NO_MATCH	NO_MATCH	LOW	NOT_FOUND	https://equsto.com/shop/bdh.45s		No match found on Mutbex
HAZIRLIK	Pimak	Hazırlık	Humus Makinesi	BDH.50	PIMAK		BDH.50 Devrilir Humus Makinesı	106540.0					NO_MATCH	NO_MATCH	LOW	NOT_FOUND	https://equsto.com/shop/bdh.50		No match found on Mutbex
HAZIRLIK	Pimak	Hazırlık	Patates Dograma Makinesi	BED	PIMAK		BED Ekmek Dilimleme Makinesi	78129.0					NO_MATCH	NO_MATCH	LOW	NOT_FOUND	https://equsto.com/shop/bed		No match found on Mutbex
HAZIRLIK	Pimak	Hazırlık	Patates Dograma Makinesi	BED.T	PIMAK		BED.T Ekmek Dilimleme Makinesi	81681.0					NO_MATCH	NO_MATCH	LOW	NOT_FOUND	https://equsto.com/shop/bed.t		No match found on Mutbex
HAZIRLIK	Pimak	Hazırlık	Patates Dograma Makinesi	BPD	PIMAK		BPD Patates Doğrama Makinesi	44392.0					NO_MATCH	NO_MATCH	LOW	NOT_FOUND	https://equsto.com/shop/bpd		No match found on Mutbex
HAZIRLIK	Pimak	Hazırlık	Patates Dograma Makinesi	BPD.A	PIMAK		BPD.A Patates Doğrama Makinesi Ayaklı	47943.0					NO_MATCH	NO_MATCH	LOW	NOT_FOUND	https://equsto.com/shop/bpd.a		No match found on Mutbex
HAZIRLIK	Pimak	Hazırlık	Patates Dograma Makinesi	BPS.10	PIMAK		BPS.10 Patates Soyma Makinesi	81681.0					NO_MATCH	NO_MATCH	LOW	NOT_FOUND	https://equsto.com/shop/bps.10		No match found on Mutbex
HAZIRLIK	Pimak	Hazırlık	Patates Dograma Makinesi	BPS.25	PIMAK		BPS.25 Patates Soyma Makinesi	92335.0					NO_MATCH	NO_MATCH	LOW	NOT_FOUND	https://equsto.com/shop/bps.25		No match found on Mutbex
HAZIRLIK	Pimak	Hazırlık	Patates Dograma Makinesi	BPS.35	PIMAK		BPS.35 Patates Soyma Makinesi	99437.0					NO_MATCH	NO_MATCH	LOW	NOT_FOUND	https://equsto.com/shop/bps.35		No match found on Mutbex
HAZIRLIK	Pimak	Hazırlık	Patates Dograma Makinesi	BPS.50	PIMAK		BPS.50 Patates Soyma Makinesi	174015.0					NO_MATCH	NO_MATCH	LOW	NOT_FOUND	https://equsto.com/shop/bps.50		No match found on Mutbex
HAZIRLIK	Pimak	Hazırlık	Patates Dograma Makinesi	BSA	PIMAK		BSA Sebze Doğrama Makineleri	47943.0					NO_MATCH	NO_MATCH	LOW	NOT_FOUND	https://equsto.com/shop/bsa		No match found on Mutbex
HAZIRLIK	Pimak	Hazırlık	Patates Dograma Makinesi	BSD	PIMAK		BSD Soğan Doğrama Makinesi	14916.0					NO_MATCH	NO_MATCH	LOW	NOT_FOUND	https://equsto.com/shop/bsd		No match found on Mutbex
HAZIRLIK	Pimak	Hazırlık	Patates Dograma Makinesi	BSD.E	PIMAK		BSD.E Soğan Doğrama Makinesi	0.0					NO_MATCH	NO_MATCH	LOW	NOT_FOUND	https://equsto.com/shop/bsd.e		No match found on Mutbex
HAZIRLIK	Pimak	Hazırlık	Patates Dograma Makinesi	BSU	PIMAK		BSU Sebze Doğrama Makineleri	44392.0					NO_MATCH	NO_MATCH	LOW	NOT_FOUND	https://equsto.com/shop/bsu		No match found on Mutbex
HAZIRLIK	Pimak	Hazırlık	Set Ustu Mutfak Ekipmanlari	BKB	PIMAK		BKB Adana Kebap Makinesi	24859.0					NO_MATCH	NO_MATCH	LOW	NOT_FOUND	https://equsto.com/shop/bkb		No match found on Mutbex
HAZIRLIK	Pimak	Hazırlık	Set Ustu Mutfak Ekipmanlari	BKK.100	PIMAK		BKK.100 Köfte Karıştırma Makinesi	262799.0					NO_MATCH	NO_MATCH	LOW	NOT_FOUND	https://equsto.com/shop/bkk.100		No match found on Mutbex
HAZIRLIK	Pimak	Hazırlık	Set Ustu Mutfak Ekipmanlari	BKK.150	PIMAK		BKK.150 Köfte Karıştırma Makinası	333825.0					NO_MATCH	NO_MATCH	LOW	NOT_FOUND	https://equsto.com/shop/bkk.150		No match found on Mutbex
HAZIRLIK	Pimak	Hazırlık	Set Ustu Mutfak Ekipmanlari	BKK.50	PIMAK		BKK.50 Köfte Karıştırma Makinesi	170464.0					NO_MATCH	NO_MATCH	LOW	NOT_FOUND	https://equsto.com/shop/bkk.50		No match found on Mutbex
HAZIRLIK	Pimak	Hazırlık	Set Ustu Mutfak Ekipmanlari	BKS.100	PIMAK		BKS.100 Adana Kebap Makinası	28411.0					NO_MATCH	NO_MATCH	LOW	NOT_FOUND	https://equsto.com/shop/bks.100		No match found on Mutbex
HAZIRLIK	Pimak	Hazırlık	Set Ustu Mutfak Ekipmanlari	BKS.150	PIMAK		BKS.150 Köfte Basma Makinesi	31962.0					NO_MATCH	NO_MATCH	LOW	NOT_FOUND	https://equsto.com/shop/bks.150		No match found on Mutbex
HAZIRLIK	Pimak	Hazırlık	Set Ustu Mutfak Ekipmanlari	BSZK.2	PIMAK		BSZK.2 Et Parçalama Makinesi	31962.0					NO_MATCH	NO_MATCH	LOW	NOT_FOUND	https://equsto.com/shop/bszk.2		No match found on Mutbex
HAZIRLIK	Pimak	Hazırlık	Set Ustu Mutfak Ekipmanlari	BSZK.8	PIMAK		BSZK.8 Et Parçalama Makinesi	76354.0					NO_MATCH	NO_MATCH	LOW	NOT_FOUND	https://equsto.com/shop/bszk.8		No match found on Mutbex
HAZIRLIK	Pimak	Hazırlık	Set Ustu Mutfak Ekipmanlari	BTM.100	PIMAK		BTM.100 Et Soslama Makinesi	426160.0					NO_MATCH	NO_MATCH	LOW	NOT_FOUND	https://equsto.com/shop/btm.100		No match found on Mutbex
HAZIRLIK	Pimak	Hazırlık	Set Ustu Mutfak Ekipmanlari	BTM.200	PIMAK		BTM.200 Et Soslama Makinesi	568213.0					NO_MATCH	NO_MATCH	LOW	NOT_FOUND	https://equsto.com/shop/btm.200		No match found on Mutbex
HAZIRLIK	Pimak	Hazırlık	Set Ustu Mutfak Ekipmanlari	BTM.400	PIMAK		BTM.400 Et Soslama Makinesi	958860.0					NO_MATCH	NO_MATCH	LOW	NOT_FOUND	https://equsto.com/shop/btm.400		No match found on Mutbex
HAZIRLIK	Pimak	Hazırlık	Set Ustu Mutfak Ekipmanlari	BTM.400S	PIMAK		BTM.400S Soğutmalı Et Soslama Makinesi	1207453.0					NO_MATCH	NO_MATCH	LOW	NOT_FOUND	https://equsto.com/shop/btm.400s		No match found on Mutbex
HAZIRLIK	Pimak	Hazırlık	Set Ustu Mutfak Ekipmanlari	BZK	PIMAK		BZK Et Parçalama Makinesi	76354.0					NO_MATCH	NO_MATCH	LOW	NOT_FOUND	https://equsto.com/shop/bzk		No match found on Mutbex
HAZIRLIK	Pimak	Hazırlık	Set Ustu Mutfak Ekipmanlari	CR 120	PIMAK		CR 120 Konik Yuvarlama Makinesi	231464.0					NO_MATCH	NO_MATCH	LOW	NOT_FOUND	https://equsto.com/shop/cr 120		No match found on Mutbex
HAZIRLIK	Pimak	Hazırlık	Set Ustu Mutfak Ekipmanlari	BKD.100	PIMAK		Kuşbaşı Doğrama Makinesi	37289.0					NO_MATCH	NO_MATCH	LOW	NOT_FOUND	https://equsto.com/shop/bkd.100		No match found on Mutbex
HAZIRLIK	Pimak	Hazırlık	Set Ustu Mutfak Ekipmanlari	PDM	PIMAK		PDM Patates Dilimleme Makinesi	10654.0					NO_MATCH	NO_MATCH	LOW	NOT_FOUND	https://equsto.com/shop/pdm		No match found on Mutbex
HAZIRLIK	Pimak	Hazırlık	Set Ustu Mutfak Ekipmanlari	VDD 110	PIMAK		VDD 110 Hamur Kesme-Tartma Makinesi	427319.0					NO_MATCH	NO_MATCH	LOW	NOT_FOUND	https://equsto.com/shop/vdd 110		No match found on Mutbex
HAZIRLIK	Pimak	Hazırlık	Set Ustu Mutfak Ekipmanlari	VDD 130	PIMAK		VDD 130 Hamur Kesme-Tartma Makinesi	427319.0					NO_MATCH	NO_MATCH	LOW	NOT_FOUND	https://equsto.com/shop/vdd 130		No match found on Mutbex
HAZIRLIK	Pimak	Hazırlık	Set Ustu Mutfak Ekipmanlari	VDD 70	PIMAK		VDD 70 Hamur Kesme-Tartma Makinesi	427319.0					NO_MATCH	NO_MATCH	LOW	NOT_FOUND	https://equsto.com/shop/vdd 70		No match found on Mutbex
HAZIRLIK	Pimak	Hazırlık	Set Ustu Mutfak Ekipmanlari	VDD 90	PIMAK		VDD 90 Hamur Kesme-Tartma Makinesi	427319.0					NO_MATCH	NO_MATCH	LOW	NOT_FOUND	https://equsto.com/shop/vdd 90		No match found on Mutbex
HAZIRLIK	Santos	Hazırlık	Boyali Govde	058.NO.33.GE	SANTOS		Santos No 33 GE Bar Blender, 1.25 L, 600 W, Siyah	17925.0					NO_MATCH	NO_MATCH	LOW	NOT_FOUND	https://equsto.com/shop/058.no.33.ge		No match found on Mutbex
HAZIRLIK	Santos	Hazırlık	Boyali Govde	058.NO.37	SANTOS		Santos No 37 4 Paslanmaz Çelik Hazneli Mutfak Blender, 4 L, 1200 W, Siyah	64681.0					NO_MATCH	NO_MATCH	LOW	NOT_FOUND	https://equsto.com/shop/058.no.37		No match found on Mutbex
HAZIRLIK	Santos	Hazırlık	Kalmadan Butun Olarak Sikma Ozelli İne Sahiptir	058.NO.65	SANTOS		Santos No 65 Soğuk Sıkım Katı Meyve Sıkacağı	232002.0					NO_MATCH	NO_MATCH	LOW	NOT_FOUND	https://equsto.com/shop/058.no.65		No match found on Mutbex
HAZIRLIK	Santos	Hazırlık	Kalmadan Butun Olarak Sikma Ozelli İne Sahiptir	058.NO.68	SANTOS		Santos No 68 Kombine Katı Meyve Sıkacağı	134602.0					NO_MATCH	NO_MATCH	LOW	NOT_FOUND	https://equsto.com/shop/058.no.68		No match found on Mutbex
HAZIRLIK	Santos	Hazırlık	Materyallerden Uretilmi Tir	058.NO.28	SANTOS		Santos No 28 Katı Meyve Sıkacağı, Paslanmaz Çelik Gövdeli	154770.0					NO_MATCH	NO_MATCH	LOW	NOT_FOUND	https://equsto.com/shop/058.no.28		No match found on Mutbex
HAZIRLIK	Santos	Hazırlık	Materyallerden Uretilmi Tir	058.NO.50	SANTOS		Santos No 50 Katı Meyve Sıkacağı	67539.0					NO_MATCH	NO_MATCH	LOW	NOT_FOUND	https://equsto.com/shop/058.no.50		No match found on Mutbex
HAZIRLIK	Santos	Hazırlık	Net A İrlik	058.NO.02	SANTOS		Santos No 02 Rende	47434.0					NO_MATCH	NO_MATCH	LOW	NOT_FOUND	https://equsto.com/shop/058.no.02		No match found on Mutbex
HAZIRLIK	Santos	Hazırlık	Sa Layan Motor	058.NO.62	SANTOS		Santos No 62 Bar Blender, 1.4 L, 1000 W, Siyah	73506.0					NO_MATCH	NO_MATCH	LOW	NOT_FOUND	https://equsto.com/shop/058.no.62		No match found on Mutbex
HAZIRLIK	Santos	Hazırlık	Sa Layan Motor	058.NO.66	SANTOS		Santos NO 66 Bar Blender, 1.5 L	53575.0					NO_MATCH	NO_MATCH	LOW	NOT_FOUND	https://equsto.com/shop/058.no.66		No match found on Mutbex
HAZIRLIK	Santos	Hazırlık	Sahiptir	058.NO.10	SANTOS		Santos No 10 Portakal Sıkma Makinesi	31790.0					NO_MATCH	NO_MATCH	LOW	NOT_FOUND	https://equsto.com/shop/058.no.10		No match found on Mutbex
HAZIRLIK	Santos	Hazırlık	Sahiptir	058.NO.11.C	SANTOS		Santos No 11 C Portakal Sıkma Makinesi	27670.0					NO_MATCH	NO_MATCH	LOW	NOT_FOUND	https://equsto.com/shop/058.no.11.c		No match found on Mutbex
HAZIRLIK	Santos	Hazırlık	Sahiptir	058.NO.11	SANTOS		Santos No 11 Portakal Sıkma Makinesi	22951.0					NO_MATCH	NO_MATCH	LOW	NOT_FOUND	https://equsto.com/shop/058.no.11		No match found on Mutbex
HAZIRLIK	Santos	Hazırlık	Sahiptir	058.NO.53	SANTOS		Santos No 53 Buz Kırma Makinesi	60892.0					NO_MATCH	NO_MATCH	LOW	NOT_FOUND	https://equsto.com/shop/058.no.53		No match found on Mutbex
HAZIRLIK	Santos	Hazırlık	Sahiptir	058.NO.54	SANTOS		Santos No 54 Bar Mikseri	26825.0					NO_MATCH	NO_MATCH	LOW	NOT_FOUND	https://equsto.com/shop/058.no.54		No match found on Mutbex
HAZIRLIK	Santos	Hazırlık	Sahiptir	058.NO.70	SANTOS		Santos No 70 Portakal Sıkma Makinesi, 1500 Devir/dk	44023.0					NO_MATCH	NO_MATCH	LOW	NOT_FOUND	https://equsto.com/shop/058.no.70		No match found on Mutbex
HAZIRLIK	Şenox	Hazırlık	Bicak Sterilizatorleri	118.BS.01	ŞENOX		Senox BS-01 Bıçak Sterilizatör, 10 Bıçaklık	11522.0					NO_MATCH	NO_MATCH	LOW	NOT_FOUND	https://equsto.com/shop/118.bs.01		No match found on Mutbex
HAZIRLIK	Şenox	Hazırlık	Dondurma Makineleri	118.EMH15	ŞENOX		Senox Dondurma Makinesi, 1.5 L, EMH15	29728.0					NO_MATCH	NO_MATCH	LOW	NOT_FOUND	https://equsto.com/shop/118.emh15		No match found on Mutbex
HAZIRLIK	Şenox	Hazırlık	Dondurma Makineleri	118.DY.01	ŞENOX		Senox DY 01 Tek Hazneli Dondurma Yapıcı, 15 lt/saat Kapasiteli	230449.0					NO_MATCH	NO_MATCH	LOW	NOT_FOUND	https://equsto.com/shop/118.dy.01		No match found on Mutbex
HAZIRLIK	Şenox	Hazırlık	Dondurma Makineleri	118.DY.02	ŞENOX		Senox DY 02 Çift Hazneli Dondurma Yapıcı, Çift Hazneli, 30 lt/saat Kapasiteli	427977.0					NO_MATCH	NO_MATCH	LOW	NOT_FOUND	https://equsto.com/shop/118.dy.02		No match found on Mutbex
HAZIRLIK	Şenox	Hazırlık	Dondurma Makineleri	118.DY.04	ŞENOX		Senox DY 04 Dört Hazneli Dondurma Yapıcı, 4 Hazneli, 60 lt/saat Kapasiteli	790112.0					NO_MATCH	NO_MATCH	LOW	NOT_FOUND	https://equsto.com/shop/118.dy.04		No match found on Mutbex
HAZIRLIK	Şenox	Hazırlık	Dondurma Makineleri	118.SFT.01	ŞENOX		Senox SFT 01 Soft Dondurma Makinesi, 1,2 lt Hazneli	41152.0					NO_MATCH	NO_MATCH	LOW	NOT_FOUND	https://equsto.com/shop/118.sft.01		No match found on Mutbex
HAZIRLIK	Şenox	Hazırlık	Dondurma Makineleri	118.SFT.02.Pro	ŞENOX		Senox SFT 02 Pro Soft Dondurma Makinesi, 6x2 lt Hazneli	158022.0					NO_MATCH	NO_MATCH	LOW	NOT_FOUND	https://equsto.com/shop/118.sft.02.pro		No match found on Mutbex
HAZIRLIK	Şenox	Hazırlık	Dondurma Makineleri	118.SFT.03.Pro	ŞENOX		Senox SFT 03 Pro Soft Dondurma Makinesi, 5,5x2 lt Hazneli	164607.0					NO_MATCH	NO_MATCH	LOW	NOT_FOUND	https://equsto.com/shop/118.sft.03.pro		No match found on Mutbex
HAZIRLIK	Şenox	Hazırlık	Dondurma Makineleri	118.SEMG.16K	ŞENOX		Senox Soft Dondurma Makinesi, 16 L, Tek Grupla, SEMG 16K	148640.0					NO_MATCH	NO_MATCH	LOW	NOT_FOUND	https://equsto.com/shop/118.semg.16k		No match found on Mutbex
HAZIRLIK	Şenox	Hazırlık	Et Ve Kemik Testeresi	118.GGM	ŞENOX		Senox Et Kemik Testeresi, GGM	70073.0					NO_MATCH	NO_MATCH	LOW	NOT_FOUND	https://equsto.com/shop/118.ggm		No match found on Mutbex
HAZIRLIK	Şenox	Hazırlık	Fac Gida Dilimleme Makinesi	118.AAMH300	ŞENOX		Senox Otomatik Gıda Dilimleme Makinesi, AAMH300	80690.0					NO_MATCH	NO_MATCH	LOW	NOT_FOUND	https://equsto.com/shop/118.aamh300		No match found on Mutbex
HAZIRLIK	Şenox	Hazırlık	Hamur Yogurma Makineleri	118.GGM.M20	ŞENOX		Senox GGM M20 Planet Mikser, 20 lt	46090.0					NO_MATCH	NO_MATCH	LOW	NOT_FOUND	https://equsto.com/shop/118.ggm.m20		No match found on Mutbex
HAZIRLIK	Şenox	Hazırlık	Hamur Yogurma Makineleri	118.GGM.M30	ŞENOX		Senox GGM M30 Planet Mikser, 30 lt	59258.0					NO_MATCH	NO_MATCH	LOW	NOT_FOUND	https://equsto.com/shop/118.ggm.m30		No match found on Mutbex
HAZIRLIK	Şenox	Hazırlık	Hamur Yogurma Makineleri	118.MS10	ŞENOX		Senox MS10 Set Üstü Stand Mikser, 10 lt, 500 w	32921.0					NO_MATCH	NO_MATCH	LOW	NOT_FOUND	https://equsto.com/shop/118.ms10		No match found on Mutbex
HAZIRLIK	Şenox	Hazırlık	Mikserler	118.MS07	ŞENOX		Senox Stand Mikser Mutfak Şefi 7 L, MS07	26337.0					NO_MATCH	NO_MATCH	LOW	NOT_FOUND	https://equsto.com/shop/118.ms07		No match found on Mutbex
HAZIRLIK	Şenox	Hazırlık	Robot Coupe El Mikserleri	118.BL25	ŞENOX		Senox BL 25 El Blenderı, 300 mm	8889.0					NO_MATCH	NO_MATCH	LOW	NOT_FOUND	https://equsto.com/shop/118.bl25		No match found on Mutbex
HAZIRLIK	Şenox	Hazırlık	Robot Coupe El Mikserleri	118.BL25C	ŞENOX		Senox BL 25C El Blenderı, 300 mm, Combi Model	13827.0					NO_MATCH	NO_MATCH	LOW	NOT_FOUND	https://equsto.com/shop/118.bl25c		No match found on Mutbex
HAZIRLIK	Şenox	Hazırlık	Robot Coupe El Mikserleri	118.BL25L35	ŞENOX		Senox BL25 L35 El Blenderı, 350 mm	9547.0					NO_MATCH	NO_MATCH	LOW	NOT_FOUND	https://equsto.com/shop/118.bl25l35		No match found on Mutbex
HAZIRLIK	Şenox	Hazırlık	Robot Coupe El Mikserleri	118.BL25L35C	ŞENOX		Senox BL25 L35C El Blenderı, 350 mm, Combi Model	14485.0					NO_MATCH	NO_MATCH	LOW	NOT_FOUND	https://equsto.com/shop/118.bl25l35c		No match found on Mutbex
HAZIRLIK	Şenox	Hazırlık	Robot Coupe El Mikserleri	118.BL40	ŞENOX		Senox BL40 El Blenderı, 400 mm	13169.0					NO_MATCH	NO_MATCH	LOW	NOT_FOUND	https://equsto.com/shop/118.bl40		No match found on Mutbex
HAZIRLIK	Şenox	Hazırlık	Robot Coupe El Mikserleri	118.BL40C	ŞENOX		Senox BL40C El Blenderı, 400 mm, Combi Model	13827.0					NO_MATCH	NO_MATCH	LOW	NOT_FOUND	https://equsto.com/shop/118.bl40c		No match found on Mutbex
HAZIRLIK	Şenox	Hazırlık	Robot Coupe El Mikserleri	118.BL40L50	ŞENOX		Senox BL40L50 El Blenderı, 500 mm	9547.0					NO_MATCH	NO_MATCH	LOW	NOT_FOUND	https://equsto.com/shop/118.bl40l50		No match found on Mutbex
HAZIRLIK	Şenox	Hazırlık	Robot Coupe El Mikserleri	118.BL40L50C	ŞENOX		Senox BL40L50C El Blenderı,50 mm, Combi Model	14485.0					NO_MATCH	NO_MATCH	LOW	NOT_FOUND	https://equsto.com/shop/118.bl40l50c		No match found on Mutbex
HAZIRLIK	Şenox	Hazırlık	Robot Coupe El Mikserleri	118.BL40L60	ŞENOX		Senox BL40L60 El Blenderı, 600 mm	14815.0					NO_MATCH	NO_MATCH	LOW	NOT_FOUND	https://equsto.com/shop/118.bl40l60		No match found on Mutbex
HAZIRLIK	Şenox	Hazırlık	Robot Coupe El Mikserleri	118.BL40L60C	ŞENOX		Senox BL40L60 El Blenderı, 600 mm, Combi Model	19753.0					NO_MATCH	NO_MATCH	LOW	NOT_FOUND	https://equsto.com/shop/118.bl40l60c		No match found on Mutbex
HAZIRLIK	Şenox	Hazırlık	Setustu Vakum Paketleme Makineleri	286.VM01	ŞENOX		Senox Seles Mini Vakum Makinesi, VM 01	16461.0					NO_MATCH	NO_MATCH	LOW	NOT_FOUND	https://equsto.com/shop/286.vm01		No match found on Mutbex
HAZIRLIK	Şenox	Hazırlık	Setustu Vakum Paketleme Makineleri	118.STRC	ŞENOX		Senox Streç Sarma Makinesi	7644.0					NO_MATCH	NO_MATCH	LOW	NOT_FOUND	https://equsto.com/shop/118.strc		No match found on Mutbex
HAZIRLIK	Vosco	Hazırlık	Dondurma Makineleri	VSC-TZ01	VOSCO		Premium Soft Kakaolu Dondurma Tozu - Soft Dondurma Karışımı 750 g	609.0	Vosco VSL FRT2C08B Elektrikli İndüksiyonlu Fritöz, Çiftli, 8+8 Litre, 58x52x41,8 cm	43650	-43041.0	-98.60	EQUSTO_DAHA_UCUZ	BRAND_SPECS	MEDIUM	IN_STOCK	https://equsto.com/shop/vsc-tz01	https://www.mutbex.com/vosco-vsl-frt2c08b-elektrikli-induksiyonlu-fritoz-ciftli-88-litre-58x52x418-cm	match_method=BRAND_SPECS; mutbex_code=281.VSL.FRT2C08B
HAZIRLIK	Vosco	Hazırlık	Dondurma Makineleri	VSC-TZ02	VOSCO		Premium Soft Vanilyalı Dondurma Tozu - Soft Dondurma Karışımı 750 g	609.0	Vosco VSL FRT2C08B Elektrikli İndüksiyonlu Fritöz, Çiftli, 8+8 Litre, 58x52x41,8 cm	43650	-43041.0	-98.60	EQUSTO_DAHA_UCUZ	BRAND_SPECS	MEDIUM	IN_STOCK	https://equsto.com/shop/vsc-tz02	https://www.mutbex.com/vosco-vsl-frt2c08b-elektrikli-induksiyonlu-fritoz-ciftli-88-litre-58x52x418-cm	match_method=BRAND_SPECS; mutbex_code=281.VSL.FRT2C08B
HAZIRLIK	Vosco	Hazırlık	Dondurma Makineleri	VICM-15A	VOSCO		Vosco Dondurma Makinesi (Sert) Set Üstü	198055.0	Vosco VSL FRT2C08B Elektrikli İndüksiyonlu Fritöz, Çiftli, 8+8 Litre, 58x52x41,8 cm	43650	154405.0	353.73	ANOMALI	BRAND_SPECS	MEDIUM	IN_STOCK	https://equsto.com/shop/vicm-15a	https://www.mutbex.com/vosco-vsl-frt2c08b-elektrikli-induksiyonlu-fritoz-ciftli-88-litre-58x52x418-cm	match_method=BRAND_SPECS; mutbex_code=281.VSL.FRT2C08B
HAZIRLIK	Vosco	Hazırlık	Dondurma Makineleri	VSC-28F	VOSCO		Vosco Dondurma Makinesi 3 Kollu (Soft)	175202.0	Vosco VSL FRT2C08B Elektrikli İndüksiyonlu Fritöz, Çiftli, 8+8 Litre, 58x52x41,8 cm	43650	131552.0	301.38	ANOMALI	BRAND_SPECS	MEDIUM	IN_STOCK	https://equsto.com/shop/vsc-28f	https://www.mutbex.com/vosco-vsl-frt2c08b-elektrikli-induksiyonlu-fritoz-ciftli-88-litre-58x52x418-cm	match_method=BRAND_SPECS; mutbex_code=281.VSL.FRT2C08B
HAZIRLIK	Vosco	Hazırlık	Dondurma Makineleri	VSC-28T	VOSCO		Vosco Dondurma Makinesi 3 Kollu (Soft) Set Üstü	182819.0	Vosco VSL FRT2C08B Elektrikli İndüksiyonlu Fritöz, Çiftli, 8+8 Litre, 58x52x41,8 cm	43650	139169.0	318.83	ANOMALI	BRAND_SPECS	MEDIUM	IN_STOCK	https://equsto.com/shop/vsc-28t	https://www.mutbex.com/vosco-vsl-frt2c08b-elektrikli-induksiyonlu-fritoz-ciftli-88-litre-58x52x418-cm	match_method=BRAND_SPECS; mutbex_code=281.VSL.FRT2C08B
HAZIRLIK	Vosco	Hazırlık	Dondurma Makineleri	VST-16EB	VOSCO		Vosco Dondurma Makinesi Tek Kollu (Soft) Set Üstü (Beyaz)	198055.0	Vosco VSL FRT2C08B Elektrikli İndüksiyonlu Fritöz, Çiftli, 8+8 Litre, 58x52x41,8 cm	43650	154405.0	353.73	ANOMALI	BRAND_SPECS	MEDIUM	IN_STOCK	https://equsto.com/shop/vst-16eb	https://www.mutbex.com/vosco-vsl-frt2c08b-elektrikli-induksiyonlu-fritoz-ciftli-88-litre-58x52x418-cm	match_method=BRAND_SPECS; mutbex_code=281.VSL.FRT2C08B
HAZIRLIK	Vosco	Hazırlık	Dondurma Makineleri	VST-16EM	VOSCO		Vosco Dondurma Makinesi Tek Kollu (Soft) Set Üstü (Mavi)	198055.0	Vosco VSL FRT2C08B Elektrikli İndüksiyonlu Fritöz, Çiftli, 8+8 Litre, 58x52x41,8 cm	43650	154405.0	353.73	ANOMALI	BRAND_SPECS	MEDIUM	IN_STOCK	https://equsto.com/shop/vst-16em	https://www.mutbex.com/vosco-vsl-frt2c08b-elektrikli-induksiyonlu-fritoz-ciftli-88-litre-58x52x418-cm	match_method=BRAND_SPECS; mutbex_code=281.VSL.FRT2C08B
HAZIRLIK	Vosco	Hazırlık	Dondurma Makineleri	VST-16ES	VOSCO		Vosco Dondurma Makinesi Tek Kollu (Soft) Set Üstü (Sarı)	198055.0	Vosco VSL FRT2C08B Elektrikli İndüksiyonlu Fritöz, Çiftli, 8+8 Litre, 58x52x41,8 cm	43650	154405.0	353.73	ANOMALI	BRAND_SPECS	MEDIUM	IN_STOCK	https://equsto.com/shop/vst-16es	https://www.mutbex.com/vosco-vsl-frt2c08b-elektrikli-induksiyonlu-fritoz-ciftli-88-litre-58x52x418-cm	match_method=BRAND_SPECS; mutbex_code=281.VSL.FRT2C08B
HAZIRLIK	Vosco	Hazırlık	Dondurma Makineleri	VXY-PT965S	VOSCO		Vosco Pro Silver Soft Dondurma Makinesi Set Üstü (Üç Kollu)	31993.0	Vosco VSL FRT2C08B Elektrikli İndüksiyonlu Fritöz, Çiftli, 8+8 Litre, 58x52x41,8 cm	43650	-11657.0	-26.71	EQUSTO_DAHA_UCUZ	BRAND_SPECS	MEDIUM	IN_STOCK	https://equsto.com/shop/vxy-pt965s	https://www.mutbex.com/vosco-vsl-frt2c08b-elektrikli-induksiyonlu-fritoz-ciftli-88-litre-58x52x418-cm	match_method=BRAND_SPECS; mutbex_code=281.VSL.FRT2C08B
HAZIRLIK	Vosco	Hazırlık	Dondurma Makineleri	VSC-32F	VOSCO		Vosco Pro Soft Dondurma Makinesi (Üç Kollu)	175202.0	Vosco VSL FRT2C08B Elektrikli İndüksiyonlu Fritöz, Çiftli, 8+8 Litre, 58x52x41,8 cm	43650	131552.0	301.38	ANOMALI	BRAND_SPECS	MEDIUM	IN_STOCK	https://equsto.com/shop/vsc-32f	https://www.mutbex.com/vosco-vsl-frt2c08b-elektrikli-induksiyonlu-fritoz-ciftli-88-litre-58x52x418-cm	match_method=BRAND_SPECS; mutbex_code=281.VSL.FRT2C08B
HAZIRLIK	Vosco	Hazırlık	Dondurma Makineleri	VSC-32T	VOSCO		Vosco Pro Soft Dondurma Makinesi Set Üstü (Üç Kollu)	182819.0	Vosco VSL FRT2C08B Elektrikli İndüksiyonlu Fritöz, Çiftli, 8+8 Litre, 58x52x41,8 cm	43650	139169.0	318.83	ANOMALI	BRAND_SPECS	MEDIUM	IN_STOCK	https://equsto.com/shop/vsc-32t	https://www.mutbex.com/vosco-vsl-frt2c08b-elektrikli-induksiyonlu-fritoz-ciftli-88-litre-58x52x418-cm	match_method=BRAND_SPECS; mutbex_code=281.VSL.FRT2C08B
HAZIRLIK	Vosco	Hazırlık	Doner Makinasi	VKM-NG3R	VOSCO		Vosco Döner Ocağı Alttan Motorlu 3 Radyan (DG)	35040.0	Vosco VSL FRT2C08B Elektrikli İndüksiyonlu Fritöz, Çiftli, 8+8 Litre, 58x52x41,8 cm	43650	-8610.0	-19.73	EQUSTO_DAHA_UCUZ	BRAND_SPECS	MEDIUM	IN_STOCK	https://equsto.com/shop/vkm-ng3r	https://www.mutbex.com/vosco-vsl-frt2c08b-elektrikli-induksiyonlu-fritoz-ciftli-88-litre-58x52x418-cm	match_method=BRAND_SPECS; mutbex_code=281.VSL.FRT2C08B
HAZIRLIK	Vosco	Hazırlık	Doner Makinasi	VKM-G3R	VOSCO		Vosco Döner Ocağı Alttan Motorlu 3 Radyan (LPG)	35040.0	Vosco VSL FRT2C08B Elektrikli İndüksiyonlu Fritöz, Çiftli, 8+8 Litre, 58x52x41,8 cm	43650	-8610.0	-19.73	EQUSTO_DAHA_UCUZ	BRAND_SPECS	MEDIUM	IN_STOCK	https://equsto.com/shop/vkm-g3r	https://www.mutbex.com/vosco-vsl-frt2c08b-elektrikli-induksiyonlu-fritoz-ciftli-88-litre-58x52x418-cm	match_method=BRAND_SPECS; mutbex_code=281.VSL.FRT2C08B
HAZIRLIK	Vosco	Hazırlık	Doner Makinasi	VKM-NG4R	VOSCO		Vosco Döner Ocağı Alttan Motorlu 4 Radyan (DG)	38088.0	Vosco VSL FRT2C08B Elektrikli İndüksiyonlu Fritöz, Çiftli, 8+8 Litre, 58x52x41,8 cm	43650	-5562.0	-12.74	EQUSTO_DAHA_UCUZ	BRAND_SPECS	MEDIUM	IN_STOCK	https://equsto.com/shop/vkm-ng4r	https://www.mutbex.com/vosco-vsl-frt2c08b-elektrikli-induksiyonlu-fritoz-ciftli-88-litre-58x52x418-cm	match_method=BRAND_SPECS; mutbex_code=281.VSL.FRT2C08B
HAZIRLIK	Vosco	Hazırlık	Doner Makinasi	VKM-G4R	VOSCO		Vosco Döner Ocağı Alttan Motorlu 4 Radyan (LPG)	38088.0	Vosco VSL FRT2C08B Elektrikli İndüksiyonlu Fritöz, Çiftli, 8+8 Litre, 58x52x41,8 cm	43650	-5562.0	-12.74	EQUSTO_DAHA_UCUZ	BRAND_SPECS	MEDIUM	IN_STOCK	https://equsto.com/shop/vkm-g4r	https://www.mutbex.com/vosco-vsl-frt2c08b-elektrikli-induksiyonlu-fritoz-ciftli-88-litre-58x52x418-cm	match_method=BRAND_SPECS; mutbex_code=281.VSL.FRT2C08B
HAZIRLIK	Vosco	Hazırlık	Doner Makinasi	VKM-NG5R	VOSCO		Vosco Döner Ocağı Alttan Motorlu 5 Radyan (DG)	44181.0	Vosco VSL FRT2C08B Elektrikli İndüksiyonlu Fritöz, Çiftli, 8+8 Litre, 58x52x41,8 cm	43650	531.0	1.22	MATCH	BRAND_SPECS	MEDIUM	IN_STOCK	https://equsto.com/shop/vkm-ng5r	https://www.mutbex.com/vosco-vsl-frt2c08b-elektrikli-induksiyonlu-fritoz-ciftli-88-litre-58x52x418-cm	match_method=BRAND_SPECS; mutbex_code=281.VSL.FRT2C08B
HAZIRLIK	Vosco	Hazırlık	Doner Makinasi	VKM-G5R	VOSCO		Vosco Döner Ocağı Alttan Motorlu 5 Radyan (LPG)	44181.0	Vosco VSL FRT2C08B Elektrikli İndüksiyonlu Fritöz, Çiftli, 8+8 Litre, 58x52x41,8 cm	43650	531.0	1.22	MATCH	BRAND_SPECS	MEDIUM	IN_STOCK	https://equsto.com/shop/vkm-g5r	https://www.mutbex.com/vosco-vsl-frt2c08b-elektrikli-induksiyonlu-fritoz-ciftli-88-litre-58x52x418-cm	match_method=BRAND_SPECS; mutbex_code=281.VSL.FRT2C08B
HAZIRLIK	Vosco	Hazırlık	Doner Makinasi	VKS-100T	VOSCO		Vosco Elektrikli Döner Kesme Makinası Çift Bıçaklı	8379.0	Vosco VSL FRT2C08B Elektrikli İndüksiyonlu Fritöz, Çiftli, 8+8 Litre, 58x52x41,8 cm	43650	-35271.0	-80.80	EQUSTO_DAHA_UCUZ	BRAND_SPECS	MEDIUM	IN_STOCK	https://equsto.com/shop/vks-100t	https://www.mutbex.com/vosco-vsl-frt2c08b-elektrikli-induksiyonlu-fritoz-ciftli-88-litre-58x52x418-cm	match_method=BRAND_SPECS; mutbex_code=281.VSL.FRT2C08B
HAZIRLIK	Vosco	Hazırlık	Mikserler	VSC-616DE	VOSCO		Vosco Profesyonel Stand Mikser 16 Lt - 2800W Endüstriyel Hamur Yoğurma Makinesi	28947.0	Vosco VSL FRT2C08B Elektrikli İndüksiyonlu Fritöz, Çiftli, 8+8 Litre, 58x52x41,8 cm	43650	-14703.0	-33.68	EQUSTO_DAHA_UCUZ	BRAND_SPECS	MEDIUM	IN_STOCK	https://equsto.com/shop/vsc-616de	https://www.mutbex.com/vosco-vsl-frt2c08b-elektrikli-induksiyonlu-fritoz-ciftli-88-litre-58x52x418-cm	match_method=BRAND_SPECS; mutbex_code=281.VSL.FRT2C08B
HAZIRLIK	Vosco	Hazırlık	Pamuk Seker Makineleri	VXY-520C	VOSCO		Vosco Arabalı Pamuk Şeker Makinesi - 20 İnç Kazanlı Profesyonel Pamuk Şeker Makinesi	30470.0	Vosco VSL FRT2C08B Elektrikli İndüksiyonlu Fritöz, Çiftli, 8+8 Litre, 58x52x41,8 cm	43650	-13180.0	-30.19	EQUSTO_DAHA_UCUZ	BRAND_SPECS	MEDIUM	IN_STOCK	https://equsto.com/shop/vxy-520c	https://www.mutbex.com/vosco-vsl-frt2c08b-elektrikli-induksiyonlu-fritoz-ciftli-88-litre-58x52x418-cm	match_method=BRAND_SPECS; mutbex_code=281.VSL.FRT2C08B
HAZIRLIK	Vosco	Hazırlık	Pamuk Seker Makineleri	VXY-520	VOSCO		Vosco Tezgah Üstü Pamuk Şeker Makinesi - 20 İnç Kazanlı Pamuk Şeker Makinesi	15235.0	Vosco VSL FRT2C08B Elektrikli İndüksiyonlu Fritöz, Çiftli, 8+8 Litre, 58x52x41,8 cm	43650	-28415.0	-65.10	EQUSTO_DAHA_UCUZ	BRAND_SPECS	MEDIUM	IN_STOCK	https://equsto.com/shop/vxy-520	https://www.mutbex.com/vosco-vsl-frt2c08b-elektrikli-induksiyonlu-fritoz-ciftli-88-litre-58x52x418-cm	match_method=BRAND_SPECS; mutbex_code=281.VSL.FRT2C08B
HAZIRLIK	Vosco	Hazırlık	Patlamis Misir Makineleri	VZA-803	VOSCO		Vosco Tezgah Üstü Otomatik Patlamış Mısır Makinesi - 300 gr Hazneli Profesyonel Popcorn Makinesi	18282.0	Vosco VSL FRT2C08B Elektrikli İndüksiyonlu Fritöz, Çiftli, 8+8 Litre, 58x52x41,8 cm	43650	-25368.0	-58.12	EQUSTO_DAHA_UCUZ	BRAND_SPECS	MEDIUM	IN_STOCK	https://equsto.com/shop/vza-803	https://www.mutbex.com/vosco-vsl-frt2c08b-elektrikli-induksiyonlu-fritoz-ciftli-88-litre-58x52x418-cm	match_method=BRAND_SPECS; mutbex_code=281.VSL.FRT2C08B
HAZIRLIK	Vosco	Hazırlık	Sebze Dograma Makineleri	VHS-J319	VOSCO		Vosco A14 Sebze Doğrama Et Kıyıcılı 2 Lt	2581.0	Vosco VSL FRT2C08B Elektrikli İndüksiyonlu Fritöz, Çiftli, 8+8 Litre, 58x52x41,8 cm	43650	-41069.0	-94.09	EQUSTO_DAHA_UCUZ	BRAND_SPECS	MEDIUM	IN_STOCK	https://equsto.com/shop/vhs-j319	https://www.mutbex.com/vosco-vsl-frt2c08b-elektrikli-induksiyonlu-fritoz-ciftli-88-litre-58x52x418-cm	match_method=BRAND_SPECS; mutbex_code=281.VSL.FRT2C08B
HAZIRLIK	Vosco	Hazırlık	Sebze Dograma Makineleri	VHS-J606	VOSCO		Vosco A26 Sebze Doğrama Et Kıyıcılı 12 Lt	7618.0	Vosco VSL FRT2C08B Elektrikli İndüksiyonlu Fritöz, Çiftli, 8+8 Litre, 58x52x41,8 cm	43650	-36032.0	-82.55	EQUSTO_DAHA_UCUZ	BRAND_SPECS	MEDIUM	IN_STOCK	https://equsto.com/shop/vhs-j606	https://www.mutbex.com/vosco-vsl-frt2c08b-elektrikli-induksiyonlu-fritoz-ciftli-88-litre-58x52x418-cm	match_method=BRAND_SPECS; mutbex_code=281.VSL.FRT2C08B
HAZIRLIK	Vosco	Hazırlık	Tirbuson	VKB1-601901	VOSCO		Vosco Elektrikli Tirbuşon Otomatik Şarap Açacağı 6 Parça Set	1828.0	Vosco VSL FRT2C08B Elektrikli İndüksiyonlu Fritöz, Çiftli, 8+8 Litre, 58x52x41,8 cm	43650	-41822.0	-95.81	EQUSTO_DAHA_UCUZ	BRAND_SPECS	MEDIUM	IN_STOCK	https://equsto.com/shop/vkb1-601901	https://www.mutbex.com/vosco-vsl-frt2c08b-elektrikli-induksiyonlu-fritoz-ciftli-88-litre-58x52x418-cm	match_method=BRAND_SPECS; mutbex_code=281.VSL.FRT2C08B
HAZIRLIK	Vosco	Hazırlık	Urunlerimiz	VSC-MT3	VOSCO		Vosco Macaron 3'lü Mod-3 Ahşap Tamper Set	1083.0	Vosco VSL FRT2C08B Elektrikli İndüksiyonlu Fritöz, Çiftli, 8+8 Litre, 58x52x41,8 cm	43650	-42567.0	-97.52	EQUSTO_DAHA_UCUZ	BRAND_SPECS	MEDIUM	IN_STOCK	https://equsto.com/shop/vsc-mt3	https://www.mutbex.com/vosco-vsl-frt2c08b-elektrikli-induksiyonlu-fritoz-ciftli-88-litre-58x52x418-cm	match_method=BRAND_SPECS; mutbex_code=281.VSL.FRT2C08B
HAZIRLIK	Vosco	Hazırlık	Urunlerimiz	VSC-MT4	VOSCO		Vosco Macaron 3'lü Mod-5 Ahşap Tamper Set	0.0	Vosco VSL FRT2C08B Elektrikli İndüksiyonlu Fritöz, Çiftli, 8+8 Litre, 58x52x41,8 cm	43650	-43650.0	-100.00	EQUSTO_DAHA_UCUZ	BRAND_SPECS	MEDIUM	IN_STOCK	https://equsto.com/shop/vsc-mt4	https://www.mutbex.com/vosco-vsl-frt2c08b-elektrikli-induksiyonlu-fritoz-ciftli-88-litre-58x52x418-cm	match_method=BRAND_SPECS; mutbex_code=281.VSL.FRT2C08B
HAZIRLIK	Vosco	Hazırlık	Urunlerimiz	VSC-MT6	VOSCO		Vosco Macaron 3'lü Mod-6 Ahşap Tamper Set	2347.0	Vosco VSL FRT2C08B Elektrikli İndüksiyonlu Fritöz, Çiftli, 8+8 Litre, 58x52x41,8 cm	43650	-41303.0	-94.62	EQUSTO_DAHA_UCUZ	BRAND_SPECS	MEDIUM	IN_STOCK	https://equsto.com/shop/vsc-mt6	https://www.mutbex.com/vosco-vsl-frt2c08b-elektrikli-induksiyonlu-fritoz-ciftli-88-litre-58x52x418-cm	match_method=BRAND_SPECS; mutbex_code=281.VSL.FRT2C08B
HAZIRLIK	Vosco	Hazırlık	Urunlerimiz	VSC-MT58	VOSCO		Vosco Macaron Tamper 58MM	461.0	Vosco VSL FRT2C08B Elektrikli İndüksiyonlu Fritöz, Çiftli, 8+8 Litre, 58x52x41,8 cm	43650	-43189.0	-98.94	EQUSTO_DAHA_UCUZ	BRAND_SPECS	MEDIUM	IN_STOCK	https://equsto.com/shop/vsc-mt58	https://www.mutbex.com/vosco-vsl-frt2c08b-elektrikli-induksiyonlu-fritoz-ciftli-88-litre-58x52x418-cm	match_method=BRAND_SPECS; mutbex_code=281.VSL.FRT2C08B
HAZIRLIK	Vosco	Hazırlık	Urunlerimiz	VSC-MT58-PT	VOSCO		Vosco Press Tamper 58MM	598.0	Vosco VSL FRT2C08B Elektrikli İndüksiyonlu Fritöz, Çiftli, 8+8 Litre, 58x52x41,8 cm	43650	-43052.0	-98.63	EQUSTO_DAHA_UCUZ	BRAND_SPECS	MEDIUM	IN_STOCK	https://equsto.com/shop/vsc-mt58-pt	https://www.mutbex.com/vosco-vsl-frt2c08b-elektrikli-induksiyonlu-fritoz-ciftli-88-litre-58x52x418-cm	match_method=BRAND_SPECS; mutbex_code=281.VSL.FRT2C08B
HAZIRLIK	Yüksel Endüstriyel	Hazırlık	Robot Coupe	celme-gida-dilimleme-makinesi-fa220	YUKSEL		CELME – GIDA DİLİMLEME MAKİNESİ – FA220	0.0					NO_MATCH	NO_MATCH	LOW	NOT_FOUND	https://equsto.com/shop/celme-gida-dilimleme-makinesi-fa220		No match found on Mutbex
HAZIRLIK	Yüksel Endüstriyel	Hazırlık	Robot Coupe	TMFA250	YUKSEL		CELME – GIDA DİLİMLEME MAKİNESİ – FA250	0.0					NO_MATCH	NO_MATCH	LOW	NOT_FOUND	https://equsto.com/shop/tmfa250		No match found on Mutbex
HAZIRLIK	Yüksel Endüstriyel	Hazırlık	Robot Coupe	TMFA275	YUKSEL		CELME – GIDA DİLİMLEME MAKİNESİ – FA275	0.0					NO_MATCH	NO_MATCH	LOW	NOT_FOUND	https://equsto.com/shop/tmfa275		No match found on Mutbex
HAZIRLIK	Yüksel Endüstriyel	Hazırlık	Robot Coupe	TMFA300	YUKSEL		CELME – GIDA DİLİMLEME MAKİNESİ – FA300	0.0					NO_MATCH	NO_MATCH	LOW	NOT_FOUND	https://equsto.com/shop/tmfa300		No match found on Mutbex
HAZIRLIK	Yüksel Endüstriyel	Hazırlık	Robot Coupe	TM33197	YUKSEL		ROBOT COUPE – BLIXER 3	0.0					NO_MATCH	NO_MATCH	LOW	NOT_FOUND	https://equsto.com/shop/tm33197		No match found on Mutbex
HAZIRLIK	Yüksel Endüstriyel	Hazırlık	Robot Coupe	TM24465	YUKSEL		ROBOT COUPE – CL 50 ULTRA	0.0					NO_MATCH	NO_MATCH	LOW	NOT_FOUND	https://equsto.com/shop/tm24465		No match found on Mutbex
HAZIRLIK	Yüksel Endüstriyel	Hazırlık	Robot Coupe	TM34240A	YUKSEL		ROBOT COUPE – EL MİKSERİ – CMP 250	0.0					NO_MATCH	NO_MATCH	LOW	NOT_FOUND	https://equsto.com/shop/tm34240a		No match found on Mutbex
HAZIRLIK	Yüksel Endüstriyel	Hazırlık	Robot Coupe	TM34230A	YUKSEL		ROBOT COUPE – EL MİKSERİ – CMP 300	0.0					NO_MATCH	NO_MATCH	LOW	NOT_FOUND	https://equsto.com/shop/tm34230a		No match found on Mutbex
HAZIRLIK	Yüksel Endüstriyel	Hazırlık	Robot Coupe	TM34310A	YUKSEL		ROBOT COUPE – EL MİKSERİ – CMP 300 COMBI	0.0					NO_MATCH	NO_MATCH	LOW	NOT_FOUND	https://equsto.com/shop/tm34310a		No match found on Mutbex
HAZIRLIK	Yüksel Endüstriyel	Hazırlık	Robot Coupe	TM34250A	YUKSEL		ROBOT COUPE – EL MİKSERİ – CMP 350	0.0					NO_MATCH	NO_MATCH	LOW	NOT_FOUND	https://equsto.com/shop/tm34250a		No match found on Mutbex
HAZIRLIK	Yüksel Endüstriyel	Hazırlık	Robot Coupe	TM34870L	YUKSEL		ROBOT COUPE – EL MİKSERİ – MP 450 COMBI ULTRA	0.0					NO_MATCH	NO_MATCH	LOW	NOT_FOUND	https://equsto.com/shop/tm34870l		No match found on Mutbex
HAZIRLIK	Yüksel Endüstriyel	Hazırlık	Robot Coupe	TM34880L	YUKSEL		ROBOT COUPE – EL MİKSERİ – MP 450 FW ULTRA	0.0					NO_MATCH	NO_MATCH	LOW	NOT_FOUND	https://equsto.com/shop/tm34880l		No match found on Mutbex
HAZIRLIK	Yüksel Endüstriyel	Hazırlık	Robot Coupe	TM34890L	YUKSEL		ROBOT COUPE – EL MİKSERİ – MP 800 TURBO	0.0					NO_MATCH	NO_MATCH	LOW	NOT_FOUND	https://equsto.com/shop/tm34890l		No match found on Mutbex
HAZIRLIK	Yüksel Endüstriyel	Hazırlık	Robot Coupe	TM56100B	YUKSEL		ROBOT COUPE – KATI MEYVE SIKACAĞI – J 100	0.0					NO_MATCH	NO_MATCH	LOW	NOT_FOUND	https://equsto.com/shop/tm56100b		No match found on Mutbex
HAZIRLIK	Şenox	hazirlik	mikserler	PLM-10	ŞENOX		Senox PLM 10	41152.0					NO_MATCH	NO_MATCH	LOW	NOT_FOUND	https://equsto.com/shop/plm-10		No match found on Mutbex
