scope	brand	category	subcategory	sku	product_code	barcode	equsto_name	equsto_price_vat_included	mutbex_name	mutbex_price_vat_included	difference_tl	difference_percent	classification	match_method	confidence	stock_status	equsto_url	mutbex_url	notes
ATALAY	Atalay Endüstriyel Mutfak Ekipmanları	Pişirme	Adr Seri Doner Robotu	ADR-10E	ATALAY		Atalay ADR Seri Döner Robotu ADR-10E 10 (5x2)	455569.0					NO_MATCH	NO_MATCH	LOW	NOT_FOUND	https://equsto.com/shop/adr-10e		No match found on Mutbex
ATALAY	Atalay Endüstriyel Mutfak Ekipmanları	Pişirme	Adr Seri Doner Robotu	ADR-10G	ATALAY		Atalay ADR Seri Döner Robotu ADR-10G 10 (5x2)	447628.0					NO_MATCH	NO_MATCH	LOW	NOT_FOUND	https://equsto.com/shop/adr-10g		No match found on Mutbex
ATALAY	Atalay Endüstriyel Mutfak Ekipmanları	Pişirme	Adr Seri Doner Robotu	ADR-14E	ATALAY		Atalay ADR Seri Döner Robotu ADR-14E 14 (7x2)	513012.0					NO_MATCH	NO_MATCH	LOW	NOT_FOUND	https://equsto.com/shop/adr-14e		No match found on Mutbex
ATALAY	Atalay Endüstriyel Mutfak Ekipmanları	Pişirme	Adr Seri Doner Robotu	ADR-14G	ATALAY		Atalay ADR Seri Döner Robotu ADR-14G 14 (7x2)	501894.0					NO_MATCH	NO_MATCH	LOW	NOT_FOUND	https://equsto.com/shop/adr-14g		No match found on Mutbex
ATALAY	Atalay Endüstriyel Mutfak Ekipmanları	Pişirme	Adr Seri Doner Robotu	ADR-5E	ATALAY		Atalay ADR Seri Döner Robotu ADR-5E 100x110x170 cm.	417451.0					NO_MATCH	NO_MATCH	LOW	NOT_FOUND	https://equsto.com/shop/adr-5e		No match found on Mutbex
ATALAY	Atalay Endüstriyel Mutfak Ekipmanları	Pişirme	Adr Seri Doner Robotu	ADR-5G	ATALAY		Atalay ADR Seri Döner Robotu ADR-5G 130x140x170 cm.	408980.0					NO_MATCH	NO_MATCH	LOW	NOT_FOUND	https://equsto.com/shop/adr-5g		No match found on Mutbex
ATALAY	Atalay Endüstriyel Mutfak Ekipmanları	Pişirme	Adr Seri Doner Robotu	ADR-C1-10E	ATALAY		Atalay ADR-C1-10E 10 90x110x147 cm	416392.0					NO_MATCH	NO_MATCH	LOW	NOT_FOUND	https://equsto.com/shop/adr-c1-10e		No match found on Mutbex
ATALAY	Atalay Endüstriyel Mutfak Ekipmanları	Pişirme	Adr Seri Doner Robotu	ADR-C1-10E-GK	ATALAY		Atalay ADR-C1-10E-GK 10 90x110x147 cm	469070.0					NO_MATCH	NO_MATCH	LOW	NOT_FOUND	https://equsto.com/shop/adr-c1-10e-gk		No match found on Mutbex
ATALAY	Atalay Endüstriyel Mutfak Ekipmanları	Pişirme	Adr Seri Doner Robotu	ADR-C1-10G	ATALAY		Atalay ADR-C1-10G 10 90x110x147 cm.	403156.0					NO_MATCH	NO_MATCH	LOW	NOT_FOUND	https://equsto.com/shop/adr-c1-10g		No match found on Mutbex
ATALAY	Atalay Endüstriyel Mutfak Ekipmanları	Pişirme	Adr Seri Doner Robotu	ADR-C1-10G-GK	ATALAY		Atalay ADR-C1-10G-GK 10 90x110x147 cm.	455834.0					NO_MATCH	NO_MATCH	LOW	NOT_FOUND	https://equsto.com/shop/adr-c1-10g-gk		No match found on Mutbex
ATALAY	Atalay Endüstriyel Mutfak Ekipmanları	Pişirme	Adr Seri Doner Robotu	ADR-C1-4E	ATALAY		Atalay ADR-C1-4E 4 80x80x140 cm.	363714.0					NO_MATCH	NO_MATCH	LOW	NOT_FOUND	https://equsto.com/shop/adr-c1-4e		No match found on Mutbex
ATALAY	Atalay Endüstriyel Mutfak Ekipmanları	Pişirme	Adr Seri Doner Robotu	ADR-C1-4E-GK	ATALAY		Atalay ADR-C1-4E-GK 4 80x80x140 cm.	412157.0					NO_MATCH	NO_MATCH	LOW	NOT_FOUND	https://equsto.com/shop/adr-c1-4e-gk		No match found on Mutbex
ATALAY	Atalay Endüstriyel Mutfak Ekipmanları	Pişirme	Adr Seri Doner Robotu	ADR-C1-4G	ATALAY		Atalay ADR-C1-4G 4 80x100x140 cm.	351538.0					NO_MATCH	NO_MATCH	LOW	NOT_FOUND	https://equsto.com/shop/adr-c1-4g		No match found on Mutbex
ATALAY	Atalay Endüstriyel Mutfak Ekipmanları	Pişirme	Adr Seri Doner Robotu	ADR-C1-4G-GK	ATALAY		Atalay ADR-C1-4G-GK 4 80x100x140 cm.	400245.0					NO_MATCH	NO_MATCH	LOW	NOT_FOUND	https://equsto.com/shop/adr-c1-4g-gk		No match found on Mutbex
ATALAY	Atalay Endüstriyel Mutfak Ekipmanları	Pişirme	Adr Seri Doner Robotu	ADR-C1-5	ATALAY		Atalay ADR-C1-5 ﬁiﬂ Grubunu, Robot üzerinde sarmaya dönüﬂüm seti 12 x 12	3865.0					NO_MATCH	NO_MATCH	LOW	NOT_FOUND	https://equsto.com/shop/adr-c1-5		No match found on Mutbex
ATALAY	Atalay Endüstriyel Mutfak Ekipmanları	Pişirme	Adr Seri Doner Robotu	ADR-C1-5E	ATALAY		Atalay ADR-C1-5E 5 80x80x140 cm.	381979.0					NO_MATCH	NO_MATCH	LOW	NOT_FOUND	https://equsto.com/shop/adr-c1-5e		No match found on Mutbex
ATALAY	Atalay Endüstriyel Mutfak Ekipmanları	Pişirme	Adr Seri Doner Robotu	ADR-C1-5E-GK	ATALAY		Atalay ADR-C1-5E-GK 5 80x80x140 cm.	430422.0					NO_MATCH	NO_MATCH	LOW	NOT_FOUND	https://equsto.com/shop/adr-c1-5e-gk		No match found on Mutbex
ATALAY	Atalay Endüstriyel Mutfak Ekipmanları	Pişirme	Adr Seri Doner Robotu	ADR-C1-5G	ATALAY		Atalay ADR-C1-5G 5 80x100x140 cm.	369803.0					NO_MATCH	NO_MATCH	LOW	NOT_FOUND	https://equsto.com/shop/adr-c1-5g		No match found on Mutbex
ATALAY	Atalay Endüstriyel Mutfak Ekipmanları	Pişirme	Adr Seri Doner Robotu	ADR-C1-5G-GK	ATALAY		Atalay ADR-C1-5G-GK 5 80x100x140 cm.	418245.0					NO_MATCH	NO_MATCH	LOW	NOT_FOUND	https://equsto.com/shop/adr-c1-5g-gk		No match found on Mutbex
ATALAY	Atalay Endüstriyel Mutfak Ekipmanları	Pişirme	Adr Seri Doner Robotu	ADR-C1-8E	ATALAY		Atalay ADR-C1-8E 8 90x110x147 cm.	396539.0					NO_MATCH	NO_MATCH	LOW	NOT_FOUND	https://equsto.com/shop/adr-c1-8e		No match found on Mutbex
ATALAY	Atalay Endüstriyel Mutfak Ekipmanları	Pişirme	Adr Seri Doner Robotu	ADR-C1-8E-GK	ATALAY		Atalay ADR-C1-8E-GK 8 90x110x147 cm.	449216.0					NO_MATCH	NO_MATCH	LOW	NOT_FOUND	https://equsto.com/shop/adr-c1-8e-gk		No match found on Mutbex
ATALAY	Atalay Endüstriyel Mutfak Ekipmanları	Pişirme	Adr Seri Doner Robotu	ADR-C1-8G	ATALAY		Atalay ADR-C1-8G 8 90x110x147 cm.	383303.0					NO_MATCH	NO_MATCH	LOW	NOT_FOUND	https://equsto.com/shop/adr-c1-8g		No match found on Mutbex
ATALAY	Atalay Endüstriyel Mutfak Ekipmanları	Pişirme	Adr Seri Doner Robotu	ADR-C1-8G-GK	ATALAY		Atalay ADR-C1-8G-GK 8 90x110x147 cm.	436245.0					NO_MATCH	NO_MATCH	LOW	NOT_FOUND	https://equsto.com/shop/adr-c1-8g-gk		No match found on Mutbex
ATALAY	Atalay Endüstriyel Mutfak Ekipmanları	Pişirme	Adr Seri Doner Robotu	ADRM-01	ATALAY		Atalay ADRM-01 680x715x641 mm.	13765.0					NO_MATCH	NO_MATCH	LOW	NOT_FOUND	https://equsto.com/shop/adrm-01		No match found on Mutbex
ATALAY	Atalay Endüstriyel Mutfak Ekipmanları	Pişirme	Adr Seri Doner Robotu	ADRM-02	ATALAY		Atalay ADRM-02 680x715x641 mm.	17206.0					NO_MATCH	NO_MATCH	LOW	NOT_FOUND	https://equsto.com/shop/adrm-02		No match found on Mutbex
ATALAY	Atalay Endüstriyel Mutfak Ekipmanları	Pişirme	Adr Seri Doner Robotu	ADRM-03	ATALAY		Atalay ADRM-03 710x750x641 mm.	34148.0					NO_MATCH	NO_MATCH	LOW	NOT_FOUND	https://equsto.com/shop/adrm-03		No match found on Mutbex
ATALAY	Atalay Endüstriyel Mutfak Ekipmanları	Pişirme	Adr Seri Doner Robotu	ADRM-C1-01	ATALAY		Atalay ADRM-C1-01 710x665x670 mm.	16147.0					NO_MATCH	NO_MATCH	LOW	NOT_FOUND	https://equsto.com/shop/adrm-c1-01		No match found on Mutbex
ATALAY	Atalay Endüstriyel Mutfak Ekipmanları	Pişirme	Adr Seri Doner Robotu	ADRM-C1-02	ATALAY		Atalay ADRM-C1-02 710x665x670 mm.	24618.0					NO_MATCH	NO_MATCH	LOW	NOT_FOUND	https://equsto.com/shop/adrm-c1-02		No match found on Mutbex
ATALAY	Atalay Endüstriyel Mutfak Ekipmanları	Pişirme	Banket Arabalari	ABA-102/1	ATALAY		Atalay ABA - 10 2/1 2/1 100 740 x 950 x 1830	55854.0					NO_MATCH	NO_MATCH	LOW	NOT_FOUND	https://equsto.com/shop/aba-102/1		No match found on Mutbex
ATALAY	Atalay Endüstriyel Mutfak Ekipmanları	Pişirme	Banket Arabalari	ABA-122/1	ATALAY		Atalay ABA - 12 2/1 2/1 100 86x 940 x 1700	61148.0					NO_MATCH	NO_MATCH	LOW	NOT_FOUND	https://equsto.com/shop/aba-122/1		No match found on Mutbex
ATALAY	Atalay Endüstriyel Mutfak Ekipmanları	Pişirme	Banket Arabalari	ABA-151/1	ATALAY		Atalay ABA - 15 1/1 1/1 65 590 x 870 x 1700	46589.0					NO_MATCH	NO_MATCH	LOW	NOT_FOUND	https://equsto.com/shop/aba-151/1		No match found on Mutbex
ATALAY	Atalay Endüstriyel Mutfak Ekipmanları	Pişirme	Banket Arabalari	ABA-62/1	ATALAY		Atalay ABA - 6 2/1 2/1 100 860 x 940 x 1070	42883.0					NO_MATCH	NO_MATCH	LOW	NOT_FOUND	https://equsto.com/shop/aba-62/1		No match found on Mutbex
ATALAY	Atalay Endüstriyel Mutfak Ekipmanları	Pişirme	Banket Arabalari	AKF-20E	ATALAY		Atalay AKF - 20 E 2 500 x 700 x 840	36795.0					NO_MATCH	NO_MATCH	LOW	NOT_FOUND	https://equsto.com/shop/akf-20e		No match found on Mutbex
ATALAY	Atalay Endüstriyel Mutfak Ekipmanları	Pişirme	Banket Arabalari	AKF-20G	ATALAY		Atalay AKF - 20 G 2 500 x 700 x 960	32295.0					NO_MATCH	NO_MATCH	LOW	NOT_FOUND	https://equsto.com/shop/akf-20g		No match found on Mutbex
ATALAY	Atalay Endüstriyel Mutfak Ekipmanları	Pişirme	Banket Arabalari	AKF-30E	ATALAY		Atalay AKF - 30 E 3 500 x 700 x 1030	41030.0					NO_MATCH	NO_MATCH	LOW	NOT_FOUND	https://equsto.com/shop/akf-30e		No match found on Mutbex
ATALAY	Atalay Endüstriyel Mutfak Ekipmanları	Pişirme	Banket Arabalari	AKF-30G	ATALAY		Atalay AKF - 30 G 3 500 x 700 x 1120	34942.0					NO_MATCH	NO_MATCH	LOW	NOT_FOUND	https://equsto.com/shop/akf-30g		No match found on Mutbex
ATALAY	Atalay Endüstriyel Mutfak Ekipmanları	Pişirme	Banket Arabalari	AKF-40E	ATALAY		Atalay AKF - 40 E 4 500 x 700 x 1220	48178.0					NO_MATCH	NO_MATCH	LOW	NOT_FOUND	https://equsto.com/shop/akf-40e		No match found on Mutbex
ATALAY	Atalay Endüstriyel Mutfak Ekipmanları	Pişirme	Banket Arabalari	AKF-40G	ATALAY		Atalay AKF - 40 G 4 500 x 700 x 1320	39442.0					NO_MATCH	NO_MATCH	LOW	NOT_FOUND	https://equsto.com/shop/akf-40g		No match found on Mutbex
ATALAY	Atalay Endüstriyel Mutfak Ekipmanları	Pişirme	Benmariler	ASB-870	ATALAY		Atalay ASB - 870 2 x GN 1/1 - 150 800 x 700 x 300	30707.0					NO_MATCH	NO_MATCH	LOW	NOT_FOUND	https://equsto.com/shop/asb-870		No match found on Mutbex
ATALAY	Atalay Endüstriyel Mutfak Ekipmanları	Pişirme	Benmariler	ASB-890	ATALAY		Atalay ASB - 890 2 x GN 1/1 150+ GN 1/3 150 800 x 900 x 850	51619.0					NO_MATCH	NO_MATCH	LOW	NOT_FOUND	https://equsto.com/shop/asb-890		No match found on Mutbex
ATALAY	Atalay Endüstriyel Mutfak Ekipmanları	Pişirme	Benmariler	ASM-2G	ATALAY		Atalay ASM - 2 G 2 650 x 430 x 600	23559.0					NO_MATCH	NO_MATCH	LOW	NOT_FOUND	https://equsto.com/shop/asm-2g		No match found on Mutbex
ATALAY	Atalay Endüstriyel Mutfak Ekipmanları	Pişirme	Benmariler	ASM-3E	ATALAY		Atalay ASM - 3 E 3 960 x 480 x 695	28324.0					NO_MATCH	NO_MATCH	LOW	NOT_FOUND	https://equsto.com/shop/asm-3e		No match found on Mutbex
ATALAY	Atalay Endüstriyel Mutfak Ekipmanları	Pişirme	Benmariler	ASM-4G	ATALAY		Atalay ASM - 4 G 4 960 x 430 x 600	31501.0					NO_MATCH	NO_MATCH	LOW	NOT_FOUND	https://equsto.com/shop/asm-4g		No match found on Mutbex
ATALAY	Atalay Endüstriyel Mutfak Ekipmanları	Pişirme	Benmariler	ASM-45	ATALAY		Atalay ASM - 45 220-240 V 450 x 500 x 525	18795.0	Atalay Elektrikli Salamander, ASM-45	28882.8	-10087.8	-34.93	EQUSTO_DAHA_UCUZ	EXACT_MODEL	HIGH	IN_STOCK	https://equsto.com/shop/asm-45	https://www.mutbex.com/atalay-elektrikli-salamander-asm-45	match_method=EXACT_MODEL; mutbex_code=042.ASM.45
ATALAY	Atalay Endüstriyel Mutfak Ekipmanları	Pişirme	Benmariler	ASM-5E	ATALAY		Atalay ASM - 5 E 5 1295 x 480 x 695	39177.0					NO_MATCH	NO_MATCH	LOW	NOT_FOUND	https://equsto.com/shop/asm-5e		No match found on Mutbex
ATALAY	Atalay Endüstriyel Mutfak Ekipmanları	Pişirme	Benmariler	ASM-6G	ATALAY		Atalay ASM - 6 G 6 1295 x 430 x 600	41030.0					NO_MATCH	NO_MATCH	LOW	NOT_FOUND	https://equsto.com/shop/asm-6g		No match found on Mutbex
ATALAY	Atalay Endüstriyel Mutfak Ekipmanları	Pişirme	Benmariler	ASM-65	ATALAY		Atalay ASM - 65 220-240 V 650 x 500 x 525	21971.0					NO_MATCH	NO_MATCH	LOW	NOT_FOUND	https://equsto.com/shop/asm-65		No match found on Mutbex
ATALAY	Atalay Endüstriyel Mutfak Ekipmanları	Pişirme	Benmariler	ASSB-02	ATALAY		Atalay ASSB - 02 GN 1/1 x 2 800 x 700 x 1400	55060.0					NO_MATCH	NO_MATCH	LOW	NOT_FOUND	https://equsto.com/shop/assb-02		No match found on Mutbex
ATALAY	Atalay Endüstriyel Mutfak Ekipmanları	Pişirme	Benmariler	ASSB-03	ATALAY		Atalay ASSB - 03 GN 1/1 x 3 1150x 700 x1400	55854.0					NO_MATCH	NO_MATCH	LOW	NOT_FOUND	https://equsto.com/shop/assb-03		No match found on Mutbex
ATALAY	Atalay Endüstriyel Mutfak Ekipmanları	Pişirme	Benmariler	ASSB-04	ATALAY		Atalay ASSB - 04 GN 1/1 x 4 1500 x 700 x 1400	57178.0					NO_MATCH	NO_MATCH	LOW	NOT_FOUND	https://equsto.com/shop/assb-04		No match found on Mutbex
ATALAY	Atalay Endüstriyel Mutfak Ekipmanları	Pişirme	Benmariler	ASB-873	ATALAY		Atalay Benmariler ASB - 873 630 x 510 x 195 / 150 800 x 730 x 300	37060.0					NO_MATCH	NO_MATCH	LOW	NOT_FOUND	https://equsto.com/shop/asb-873		No match found on Mutbex
ATALAY	Atalay Endüstriyel Mutfak Ekipmanları	Pişirme	Benmariler	ASBM-02	ATALAY		Atalay Benmariler ASBM - 02 GN 1/1 x 2 800 x 700 x 1400	41030.0					NO_MATCH	NO_MATCH	LOW	NOT_FOUND	https://equsto.com/shop/asbm-02		No match found on Mutbex
ATALAY	Atalay Endüstriyel Mutfak Ekipmanları	Pişirme	Benmariler	ASBM-03	ATALAY		Atalay Benmariler ASBM - 03 GN 1/1 x 3 1150x 700 x1400	41824.0					NO_MATCH	NO_MATCH	LOW	NOT_FOUND	https://equsto.com/shop/asbm-03		No match found on Mutbex
ATALAY	Atalay Endüstriyel Mutfak Ekipmanları	Pişirme	Benmariler	ASBM-04	ATALAY		Atalay Benmariler ASBM - 04 GN 1/1 x 4 1500 x 700 x 1400	42619.0					NO_MATCH	NO_MATCH	LOW	NOT_FOUND	https://equsto.com/shop/asbm-04		No match found on Mutbex
ATALAY	Atalay Endüstriyel Mutfak Ekipmanları	Pişirme	Benmariler	GN1/1150	ATALAY		Atalay Benmariler GN 1/1 150 220-240 V 400 x 730 x 300	22765.0					NO_MATCH	NO_MATCH	LOW	NOT_FOUND	https://equsto.com/shop/gn1/1150		No match found on Mutbex
ATALAY	Atalay Endüstriyel Mutfak Ekipmanları	Pişirme	Benmariler	GN1/1-150	ATALAY		Atalay GN 1/1 - 150 220-240 V 400 x 700 x 300	21442.0					NO_MATCH	NO_MATCH	LOW	NOT_FOUND	https://equsto.com/shop/gn1/1-150		No match found on Mutbex
ATALAY	Atalay Endüstriyel Mutfak Ekipmanları	Pişirme	Benmariler	GN1/1150+GN1/3150	ATALAY		Atalay GN 1/1 150+GN 1/3 150 220-240 V 400 x 900 x 850	32824.0					NO_MATCH	NO_MATCH	LOW	NOT_FOUND	https://equsto.com/shop/gn1/1150+gn1/3150		No match found on Mutbex
ATALAY	Atalay Endüstriyel Mutfak Ekipmanları	Pişirme	Benmariler	GN2/1	ATALAY		Atalay Kuzineler GN 2/1 380-415 V 4 x 2.6 kW + 6 kW	74384.0					NO_MATCH	NO_MATCH	LOW	NOT_FOUND	https://equsto.com/shop/gn2/1		No match found on Mutbex
ATALAY	Atalay Endüstriyel Mutfak Ekipmanları	Pişirme	Benmariler	EASB-660	ATALAY		Atalay Seri 600 E ASB - 660 GN 1/1 + GN 1/4x2 150 600 x 600 x 300	23295.0					NO_MATCH	NO_MATCH	LOW	NOT_FOUND	https://equsto.com/shop/easb-660		No match found on Mutbex
ATALAY	Atalay Endüstriyel Mutfak Ekipmanları	Pişirme	Benmariler	GN1/2+GN1/3150	ATALAY		Atalay Seri 600 GN 1/2 + GN 1/3 150 220-240 V 400 x 600 x 300	18000.0					NO_MATCH	NO_MATCH	LOW	NOT_FOUND	https://equsto.com/shop/gn1/2+gn1/3150		No match found on Mutbex
ATALAY	Atalay Endüstriyel Mutfak Ekipmanları	Pişirme	Benmariler	GN1/2150	ATALAY		Atalay Seri 600 GN 1/2 150 220-240 V 300 x 600 x 300	12177.0					NO_MATCH	NO_MATCH	LOW	NOT_FOUND	https://equsto.com/shop/gn1/2150		No match found on Mutbex
ATALAY	Atalay Endüstriyel Mutfak Ekipmanları	Pişirme	Benmariler	GN1/4+GN1/2150	ATALAY		Atalay Seri 600 GN 1/4 + GN 1/2 150 220-240 V 300 x 600 x 300	16677.0					NO_MATCH	NO_MATCH	LOW	NOT_FOUND	https://equsto.com/shop/gn1/4+gn1/2150		No match found on Mutbex
ATALAY	Atalay Endüstriyel Mutfak Ekipmanları	Pişirme	Benmariler	GN2/3150	ATALAY		Atalay Seri 600 GN 2/3 150 220-240 V 400 x 600 x 300	12971.0					NO_MATCH	NO_MATCH	LOW	NOT_FOUND	https://equsto.com/shop/gn2/3150		No match found on Mutbex
ATALAY	Atalay Endüstriyel Mutfak Ekipmanları	Pişirme	Devrilir Tava	ADTE-1290	ATALAY		Atalay ADTE - 1290 120 1200 x 900 x 850	150621.0					NO_MATCH	NO_MATCH	LOW	NOT_FOUND	https://equsto.com/shop/adte-1290		No match found on Mutbex
ATALAY	Atalay Endüstriyel Mutfak Ekipmanları	Pişirme	Devrilir Tava	ADTE-890	ATALAY		Atalay ADTE - 890 80 800 x 900 x 850	57834.0					NO_MATCH	NO_MATCH	LOW	NOT_FOUND	https://equsto.com/shop/adte-890		No match found on Mutbex
ATALAY	Atalay Endüstriyel Mutfak Ekipmanları	Pişirme	Devrilir Tava	ADTG-1290	ATALAY		Atalay ADTG - 1290 120 1200 x 900 x 850	158033.0					NO_MATCH	NO_MATCH	LOW	NOT_FOUND	https://equsto.com/shop/adtg-1290		No match found on Mutbex
ATALAY	Atalay Endüstriyel Mutfak Ekipmanları	Pişirme	Devrilir Tava	ADTG-890	ATALAY		Atalay ADTG - 890 80 800 x 900 x 850	110385.0					NO_MATCH	NO_MATCH	LOW	NOT_FOUND	https://equsto.com/shop/adtg-890		No match found on Mutbex
ATALAY	Atalay Endüstriyel Mutfak Ekipmanları	Pişirme	Dolaplar Ve Taban Raflari Ara Tezgahlar	AAT-470	ATALAY		Atalay AAT - 470 400 x 700 x 300 470 x 800 x 530	7677.0					NO_MATCH	NO_MATCH	LOW	NOT_FOUND	https://equsto.com/shop/aat-470		No match found on Mutbex
ATALAY	Atalay Endüstriyel Mutfak Ekipmanları	Pişirme	Dolaplar Ve Taban Raflari Ara Tezgahlar	AAT-490	ATALAY		Atalay AAT - 490 400 x 900 x 850 470 x 1020 x 1210	15618.0					NO_MATCH	NO_MATCH	LOW	NOT_FOUND	https://equsto.com/shop/aat-490		No match found on Mutbex
ATALAY	Atalay Endüstriyel Mutfak Ekipmanları	Pişirme	Dolaplar Ve Taban Raflari Ara Tezgahlar	AAT-490S	ATALAY		Atalay AAT - 490 S 400 x 900 x 300 470 x 1020 x 530	9794.0					NO_MATCH	NO_MATCH	LOW	NOT_FOUND	https://equsto.com/shop/aat-490s		No match found on Mutbex
ATALAY	Atalay Endüstriyel Mutfak Ekipmanları	Pişirme	Dolaplar Ve Taban Raflari Ara Tezgahlar	AAT-670	ATALAY		Atalay AAT - 670 600 x 700 x 300 670 x 800 x 530	9265.0					NO_MATCH	NO_MATCH	LOW	NOT_FOUND	https://equsto.com/shop/aat-670		No match found on Mutbex
ATALAY	Atalay Endüstriyel Mutfak Ekipmanları	Pişirme	Dolaplar Ve Taban Raflari Ara Tezgahlar	AAT-870	ATALAY		Atalay AAT - 870 800 x 700 x 300 870 x 800 x 530	10588.0					NO_MATCH	NO_MATCH	LOW	NOT_FOUND	https://equsto.com/shop/aat-870		No match found on Mutbex
ATALAY	Atalay Endüstriyel Mutfak Ekipmanları	Pişirme	Dolaplar Ve Taban Raflari Ara Tezgahlar	AAT-890	ATALAY		Atalay AAT - 890 800 x 900 x 850 870 x 1020 x 1210	24618.0					NO_MATCH	NO_MATCH	LOW	NOT_FOUND	https://equsto.com/shop/aat-890		No match found on Mutbex
ATALAY	Atalay Endüstriyel Mutfak Ekipmanları	Pişirme	Dolaplar Ve Taban Raflari Ara Tezgahlar	AAT-890S	ATALAY		Atalay AAT - 890 S 800 x 900 x 300 870 x 1020 x 530	15089.0					NO_MATCH	NO_MATCH	LOW	NOT_FOUND	https://equsto.com/shop/aat-890s		No match found on Mutbex
ATALAY	Atalay Endüstriyel Mutfak Ekipmanları	Pişirme	Dolaplar Ve Taban Raflari Ara Tezgahlar	AKE-01	ATALAY		Atalay AKE - 01 500 x 430 x 330	8206.0					NO_MATCH	NO_MATCH	LOW	NOT_FOUND	https://equsto.com/shop/ake-01		No match found on Mutbex
ATALAY	Atalay Endüstriyel Mutfak Ekipmanları	Pişirme	Dolaplar Ve Taban Raflari Ara Tezgahlar	AKE-02	ATALAY		Atalay AKE - 02 500 x 430 x 520	8471.0					NO_MATCH	NO_MATCH	LOW	NOT_FOUND	https://equsto.com/shop/ake-02		No match found on Mutbex
ATALAY	Atalay Endüstriyel Mutfak Ekipmanları	Pişirme	Dolaplar Ve Taban Raflari Ara Tezgahlar	AST-127	ATALAY		Atalay AST - 127 1200 x 650 x 560 1220 x 670 x 560	14030.0					NO_MATCH	NO_MATCH	LOW	NOT_FOUND	https://equsto.com/shop/ast-127		No match found on Mutbex
ATALAY	Atalay Endüstriyel Mutfak Ekipmanları	Pişirme	Dolaplar Ve Taban Raflari Ara Tezgahlar	AST-129	ATALAY		Atalay AST - 129 1200 x 850 x 560 1220 x 870 x 560	15089.0					NO_MATCH	NO_MATCH	LOW	NOT_FOUND	https://equsto.com/shop/ast-129		No match found on Mutbex
ATALAY	Atalay Endüstriyel Mutfak Ekipmanları	Pişirme	Dolaplar Ve Taban Raflari Ara Tezgahlar	AST-47	ATALAY		Atalay AST - 47 400 x 650 x 560 420 x 670 x 560	7941.0					NO_MATCH	NO_MATCH	LOW	NOT_FOUND	https://equsto.com/shop/ast-47		No match found on Mutbex
ATALAY	Atalay Endüstriyel Mutfak Ekipmanları	Pişirme	Dolaplar Ve Taban Raflari Ara Tezgahlar	AST-49	ATALAY		Atalay AST - 49 400 x 850 x 560 420 x 870 x 560	11912.0					NO_MATCH	NO_MATCH	LOW	NOT_FOUND	https://equsto.com/shop/ast-49		No match found on Mutbex
ATALAY	Atalay Endüstriyel Mutfak Ekipmanları	Pişirme	Dolaplar Ve Taban Raflari Ara Tezgahlar	AST-67	ATALAY		Atalay AST - 67 600 x 650 x 560 620 x 670 x 560	9000.0					NO_MATCH	NO_MATCH	LOW	NOT_FOUND	https://equsto.com/shop/ast-67		No match found on Mutbex
ATALAY	Atalay Endüstriyel Mutfak Ekipmanları	Pişirme	Dolaplar Ve Taban Raflari Ara Tezgahlar	AST-87	ATALAY		Atalay AST - 87 800 x 650 x 560 820 x 670 x 560	10324.0					NO_MATCH	NO_MATCH	LOW	NOT_FOUND	https://equsto.com/shop/ast-87		No match found on Mutbex
ATALAY	Atalay Endüstriyel Mutfak Ekipmanları	Pişirme	Dolaplar Ve Taban Raflari Ara Tezgahlar	AST-89	ATALAY		Atalay AST - 89 800 x 850 x 560 820 x 870 x 560	12971.0					NO_MATCH	NO_MATCH	LOW	NOT_FOUND	https://equsto.com/shop/ast-89		No match found on Mutbex
ATALAY	Atalay Endüstriyel Mutfak Ekipmanları	Pişirme	Dolaplar Ve Taban Raflari Ara Tezgahlar	AAT-473C	ATALAY		Atalay Benmariler AAT - 473 C 400 x 730 x 300 500 x 860 x 500	11912.0					NO_MATCH	NO_MATCH	LOW	NOT_FOUND	https://equsto.com/shop/aat-473c		No match found on Mutbex
ATALAY	Atalay Endüstriyel Mutfak Ekipmanları	Pişirme	Dolaplar Ve Taban Raflari Ara Tezgahlar	AAT-673C	ATALAY		Atalay Benmariler AAT - 673 C 600 x 730 x 300 700 x 860 x 500	14030.0					NO_MATCH	NO_MATCH	LOW	NOT_FOUND	https://equsto.com/shop/aat-673c		No match found on Mutbex
ATALAY	Atalay Endüstriyel Mutfak Ekipmanları	Pişirme	Dolaplar Ve Taban Raflari Ara Tezgahlar	EAAT-360	ATALAY		Atalay Seri 600 E AAT - 360 300 x 600 x 300 400 x 690 x 575	5824.0					NO_MATCH	NO_MATCH	LOW	NOT_FOUND	https://equsto.com/shop/eaat-360		No match found on Mutbex
ATALAY	Atalay Endüstriyel Mutfak Ekipmanları	Pişirme	Dolaplar Ve Taban Raflari Ara Tezgahlar	EAAT-460	ATALAY		Atalay Seri 600 E AAT - 460 400 x 600 x 300 500 x 690 x 575	6618.0					NO_MATCH	NO_MATCH	LOW	NOT_FOUND	https://equsto.com/shop/eaat-460		No match found on Mutbex
ATALAY	Atalay Endüstriyel Mutfak Ekipmanları	Pişirme	Dolaplar Ve Taban Raflari Ara Tezgahlar	EAAT-660	ATALAY		Atalay Seri 600 E AAT - 660 600 x 600 x 300 700 x 690 x 575	7941.0					NO_MATCH	NO_MATCH	LOW	NOT_FOUND	https://equsto.com/shop/eaat-660		No match found on Mutbex
ATALAY	Atalay Endüstriyel Mutfak Ekipmanları	Pişirme	Dolaplar Ve Taban Raflari Ara Tezgahlar	EAST-106	ATALAY		Atalay Seri 600 E AST - 106 1000 x 530 x 550 1020 x 550 x 550	11912.0					NO_MATCH	NO_MATCH	LOW	NOT_FOUND	https://equsto.com/shop/east-106		No match found on Mutbex
ATALAY	Atalay Endüstriyel Mutfak Ekipmanları	Pişirme	Dolaplar Ve Taban Raflari Ara Tezgahlar	EAST-126	ATALAY		Atalay Seri 600 E AST - 126 1200 x 530 x 550 1220 x 550 x 550	13236.0					NO_MATCH	NO_MATCH	LOW	NOT_FOUND	https://equsto.com/shop/east-126		No match found on Mutbex
ATALAY	Atalay Endüstriyel Mutfak Ekipmanları	Pişirme	Dolaplar Ve Taban Raflari Ara Tezgahlar	EAST-36	ATALAY		Atalay Seri 600 E AST - 36 300 x 530 x 550 320 x 550 x 550	6353.0					NO_MATCH	NO_MATCH	LOW	NOT_FOUND	https://equsto.com/shop/east-36		No match found on Mutbex
ATALAY	Atalay Endüstriyel Mutfak Ekipmanları	Pişirme	Dolaplar Ve Taban Raflari Ara Tezgahlar	EAST-46	ATALAY		Atalay Seri 600 E AST - 46 400 x 530 x 550 420 x 550 x 550	7412.0					NO_MATCH	NO_MATCH	LOW	NOT_FOUND	https://equsto.com/shop/east-46		No match found on Mutbex
ATALAY	Atalay Endüstriyel Mutfak Ekipmanları	Pişirme	Dolaplar Ve Taban Raflari Ara Tezgahlar	EAST-66	ATALAY		Atalay Seri 600 E AST - 66 600 x 530 x 550 620 x 550 x 550	8471.0					NO_MATCH	NO_MATCH	LOW	NOT_FOUND	https://equsto.com/shop/east-66		No match found on Mutbex
ATALAY	Atalay Endüstriyel Mutfak Ekipmanları	Pişirme	Dolaplar Ve Taban Raflari Ara Tezgahlar	EAST-86	ATALAY		Atalay Seri 600 E AST - 86 800 x 530 x 550 820 x 550 x 550	9265.0					NO_MATCH	NO_MATCH	LOW	NOT_FOUND	https://equsto.com/shop/east-86		No match found on Mutbex
ATALAY	Atalay Endüstriyel Mutfak Ekipmanları	Pişirme	Dolaplar Ve Taban Raflari Ara Tezgahlar	AAT-1273	ATALAY		Atalay Seri 730 AAT - 1273 1200 x 730 x 300 1300 x 860 x 500	17736.0					NO_MATCH	NO_MATCH	LOW	NOT_FOUND	https://equsto.com/shop/aat-1273		No match found on Mutbex
ATALAY	Atalay Endüstriyel Mutfak Ekipmanları	Pişirme	Dolaplar Ve Taban Raflari Ara Tezgahlar	AAT-473	ATALAY		Atalay Seri 730 AAT - 473 400 x 730 x 300 500 x 860 x 500	8471.0					NO_MATCH	NO_MATCH	LOW	NOT_FOUND	https://equsto.com/shop/aat-473		No match found on Mutbex
ATALAY	Atalay Endüstriyel Mutfak Ekipmanları	Pişirme	Dolaplar Ve Taban Raflari Ara Tezgahlar	AAT-673	ATALAY		Atalay Seri 730 AAT - 673 600 x 730 x 300 700 x 860 x 500	10059.0					NO_MATCH	NO_MATCH	LOW	NOT_FOUND	https://equsto.com/shop/aat-673		No match found on Mutbex
ATALAY	Atalay Endüstriyel Mutfak Ekipmanları	Pişirme	Dolaplar Ve Taban Raflari Ara Tezgahlar	AAT-873	ATALAY		Atalay Seri 730 AAT - 873 800 x 730x 300 900 x 860 x 500	12441.0					NO_MATCH	NO_MATCH	LOW	NOT_FOUND	https://equsto.com/shop/aat-873		No match found on Mutbex
ATALAY	Atalay Endüstriyel Mutfak Ekipmanları	Pişirme	Dolaplar Ve Taban Raflari Ara Tezgahlar	AST-1273	ATALAY		Atalay Seri 730 AST - 1273 1000 x 670 x 550 1020 x 690 x 550	15353.0					NO_MATCH	NO_MATCH	LOW	NOT_FOUND	https://equsto.com/shop/ast-1273		No match found on Mutbex
ATALAY	Atalay Endüstriyel Mutfak Ekipmanları	Pişirme	Dolaplar Ve Taban Raflari Ara Tezgahlar	AST-473	ATALAY		Atalay Seri 730 AST - 473 400 x 670 x 550 420 x 690 x 550	10853.0					NO_MATCH	NO_MATCH	LOW	NOT_FOUND	https://equsto.com/shop/ast-473		No match found on Mutbex
ATALAY	Atalay Endüstriyel Mutfak Ekipmanları	Pişirme	Dolaplar Ve Taban Raflari Ara Tezgahlar	AST-673	ATALAY		Atalay Seri 730 AST - 673 600 x 670 x 550 620 x 690 x 550	11912.0					NO_MATCH	NO_MATCH	LOW	NOT_FOUND	https://equsto.com/shop/ast-673		No match found on Mutbex
ATALAY	Atalay Endüstriyel Mutfak Ekipmanları	Pişirme	Dolaplar Ve Taban Raflari Ara Tezgahlar	AST-873	ATALAY		Atalay Seri 730 AST - 873 800 x 670 x 550 820 x 690 x 550	12971.0					NO_MATCH	NO_MATCH	LOW	NOT_FOUND	https://equsto.com/shop/ast-873		No match found on Mutbex
ATALAY	Atalay Endüstriyel Mutfak Ekipmanları	Pişirme	Doner Makineleri	ADR-10E-GK	ATALAY		Atalay ADR Seri Döner Robotu ADR-10E-GK 10 (5x2)	504276.0					NO_MATCH	NO_MATCH	LOW	NOT_FOUND	https://equsto.com/shop/adr-10e-gk		No match found on Mutbex
ATALAY	Atalay Endüstriyel Mutfak Ekipmanları	Pişirme	Doner Makineleri	ADR-10G-GK	ATALAY		Atalay ADR Seri Döner Robotu ADR-10G-GK 10 (5x2)	495806.0					NO_MATCH	NO_MATCH	LOW	NOT_FOUND	https://equsto.com/shop/adr-10g-gk		No match found on Mutbex
ATALAY	Atalay Endüstriyel Mutfak Ekipmanları	Pişirme	Doner Makineleri	ADR-14E-GK	ATALAY		Atalay ADR Seri Döner Robotu ADR-14E-GK 14 (7x2)	561454.0					NO_MATCH	NO_MATCH	LOW	NOT_FOUND	https://equsto.com/shop/adr-14e-gk		No match found on Mutbex
ATALAY	Atalay Endüstriyel Mutfak Ekipmanları	Pişirme	Doner Makineleri	ADR-14G-GK	ATALAY		Atalay ADR Seri Döner Robotu ADR-14G-GK 14 (7x2)	550601.0					NO_MATCH	NO_MATCH	LOW	NOT_FOUND	https://equsto.com/shop/adr-14g-gk		No match found on Mutbex
ATALAY	Atalay Endüstriyel Mutfak Ekipmanları	Pişirme	Doner Makineleri	ADR-5E-GK	ATALAY		Atalay ADR Seri Döner Robotu ADR-5E-GK 100x110x170 cm.	465893.0					NO_MATCH	NO_MATCH	LOW	NOT_FOUND	https://equsto.com/shop/adr-5e-gk		No match found on Mutbex
ATALAY	Atalay Endüstriyel Mutfak Ekipmanları	Pişirme	Doner Makineleri	ADR-5G-GK	ATALAY		Atalay ADR Seri Döner Robotu ADR-5G-GK 130x140x170 cm.	457687.0					NO_MATCH	NO_MATCH	LOW	NOT_FOUND	https://equsto.com/shop/adr-5g-gk		No match found on Mutbex
ATALAY	Atalay Endüstriyel Mutfak Ekipmanları	Pişirme	Doner Ocaklari	ADE-3A	ATALAY		Atalay Döner Makineleri ADE-3A	39707.0					NO_MATCH	NO_MATCH	LOW	NOT_FOUND	https://equsto.com/shop/ade-3a		No match found on Mutbex
ATALAY	Atalay Endüstriyel Mutfak Ekipmanları	Pişirme	Doner Ocaklari	ADE-3S	ATALAY		Atalay Döner Makineleri ADE-3S	28907.0					NO_MATCH	NO_MATCH	LOW	NOT_FOUND	https://equsto.com/shop/ade-3s		No match found on Mutbex
ATALAY	Atalay Endüstriyel Mutfak Ekipmanları	Pişirme	Doner Ocaklari	ADE-3U	ATALAY		Atalay Döner Makineleri ADE-3U	36848.0					NO_MATCH	NO_MATCH	LOW	NOT_FOUND	https://equsto.com/shop/ade-3u		No match found on Mutbex
ATALAY	Atalay Endüstriyel Mutfak Ekipmanları	Pişirme	Doner Ocaklari	ADE-4A	ATALAY		Atalay Döner Makineleri ADE-4A	45107.0	Atalay 4 Gözlü Alttan Motorlu Elektrikli Döner Ocağı, ADE-4A	57765.6	-12658.599999999999	-21.91	EQUSTO_DAHA_UCUZ	MODEL_IN_NAME	HIGH	IN_STOCK	https://equsto.com/shop/ade-4a	https://www.mutbex.com/atalay-4-gozlu-alttan-motorlu-doner-ocagi-ade-4a	match_method=MODEL_IN_NAME; mutbex_code=042.ADE.4A
ATALAY	Atalay Endüstriyel Mutfak Ekipmanları	Pişirme	Doner Ocaklari	ADE-4S	ATALAY		Atalay Döner Makineleri ADE-4S	32718.0					NO_MATCH	NO_MATCH	LOW	NOT_FOUND	https://equsto.com/shop/ade-4s		No match found on Mutbex
ATALAY	Atalay Endüstriyel Mutfak Ekipmanları	Pişirme	Doner Ocaklari	ADE-4U	ATALAY		Atalay Döner Makineleri ADE-4U	42883.0					NO_MATCH	NO_MATCH	LOW	NOT_FOUND	https://equsto.com/shop/ade-4u		No match found on Mutbex
ATALAY	Atalay Endüstriyel Mutfak Ekipmanları	Pişirme	Doner Ocaklari	ADE-5A	ATALAY		Atalay Döner Makineleri ADE-5A	50189.0					NO_MATCH	NO_MATCH	LOW	NOT_FOUND	https://equsto.com/shop/ade-5a		No match found on Mutbex
ATALAY	Atalay Endüstriyel Mutfak Ekipmanları	Pişirme	Doner Ocaklari	ADE-5S	ATALAY		Atalay Döner Makineleri ADE-5S	35577.0					NO_MATCH	NO_MATCH	LOW	NOT_FOUND	https://equsto.com/shop/ade-5s		No match found on Mutbex
ATALAY	Atalay Endüstriyel Mutfak Ekipmanları	Pişirme	Doner Ocaklari	ADE-5U	ATALAY		Atalay Döner Makineleri ADE-5U	47013.0					NO_MATCH	NO_MATCH	LOW	NOT_FOUND	https://equsto.com/shop/ade-5u		No match found on Mutbex
ATALAY	Atalay Endüstriyel Mutfak Ekipmanları	Pişirme	Doner Ocaklari	ADG-10A	ATALAY		Atalay Döner Makineleri ADG-10A	70519.0					NO_MATCH	NO_MATCH	LOW	NOT_FOUND	https://equsto.com/shop/adg-10a		No match found on Mutbex
ATALAY	Atalay Endüstriyel Mutfak Ekipmanları	Pişirme	Doner Ocaklari	ADG-10D	ATALAY		Atalay Döner Makineleri ADG-10D	149298.0					NO_MATCH	NO_MATCH	LOW	NOT_FOUND	https://equsto.com/shop/adg-10d		No match found on Mutbex
ATALAY	Atalay Endüstriyel Mutfak Ekipmanları	Pişirme	Doner Ocaklari	ADG-10DS	ATALAY		Atalay Döner Makineleri ADG-10DS	123885.0					NO_MATCH	NO_MATCH	LOW	NOT_FOUND	https://equsto.com/shop/adg-10ds		No match found on Mutbex
ATALAY	Atalay Endüstriyel Mutfak Ekipmanları	Pişirme	Doner Ocaklari	ADG-10S	ATALAY		Atalay Döner Makineleri ADG-10S	51460.0	Atalay 10 Gözlü V Tipi Gazlı Döner Ocağı, ADG-10S	65901.6	-14441.600000000006	-21.91	EQUSTO_DAHA_UCUZ	EXACT_MODEL	HIGH	IN_STOCK	https://equsto.com/shop/adg-10s	https://www.mutbex.com/atalay-10-gozlu-v-tipi-gazli-doner-ocagi-adg-10s	match_method=EXACT_MODEL; mutbex_code=042.ADG.10S
ATALAY	Atalay Endüstriyel Mutfak Ekipmanları	Pişirme	Doner Ocaklari	ADG-12A	ATALAY		Atalay Döner Makineleri ADG-12A	78461.0					NO_MATCH	NO_MATCH	LOW	NOT_FOUND	https://equsto.com/shop/adg-12a		No match found on Mutbex
ATALAY	Atalay Endüstriyel Mutfak Ekipmanları	Pişirme	Doner Ocaklari	ADG-12D	ATALAY		Atalay Döner Makineleri ADG-12D	160415.0					NO_MATCH	NO_MATCH	LOW	NOT_FOUND	https://equsto.com/shop/adg-12d		No match found on Mutbex
ATALAY	Atalay Endüstriyel Mutfak Ekipmanları	Pişirme	Doner Ocaklari	ADG-12DS	ATALAY		Atalay Döner Makineleri ADG-12DS	133097.0					NO_MATCH	NO_MATCH	LOW	NOT_FOUND	https://equsto.com/shop/adg-12ds		No match found on Mutbex
ATALAY	Atalay Endüstriyel Mutfak Ekipmanları	Pişirme	Doner Ocaklari	ADG-12S	ATALAY		Atalay Döner Makineleri ADG-12S	60672.0					NO_MATCH	NO_MATCH	LOW	NOT_FOUND	https://equsto.com/shop/adg-12s		No match found on Mutbex
ATALAY	Atalay Endüstriyel Mutfak Ekipmanları	Pişirme	Doner Ocaklari	ADG-3A	ATALAY		Atalay Döner Makineleri ADG-3A	32401.0					NO_MATCH	NO_MATCH	LOW	NOT_FOUND	https://equsto.com/shop/adg-3a		No match found on Mutbex
ATALAY	Atalay Endüstriyel Mutfak Ekipmanları	Pişirme	Doner Ocaklari	ADG-3S	ATALAY		Atalay Döner Makineleri ADG-3S	18742.0					NO_MATCH	NO_MATCH	LOW	NOT_FOUND	https://equsto.com/shop/adg-3s		No match found on Mutbex
ATALAY	Atalay Endüstriyel Mutfak Ekipmanları	Pişirme	Doner Ocaklari	ADG-3U	ATALAY		Atalay Döner Makineleri ADG-3U	28907.0					NO_MATCH	NO_MATCH	LOW	NOT_FOUND	https://equsto.com/shop/adg-3u		No match found on Mutbex
ATALAY	Atalay Endüstriyel Mutfak Ekipmanları	Pişirme	Doner Ocaklari	ADG-4+4A	ATALAY		Atalay Döner Makineleri ADG-4+4A	69566.0					NO_MATCH	NO_MATCH	LOW	NOT_FOUND	https://equsto.com/shop/adg-4+4a		No match found on Mutbex
ATALAY	Atalay Endüstriyel Mutfak Ekipmanları	Pişirme	Doner Ocaklari	ADG-4A	ATALAY		Atalay Döner Makineleri ADG-4A	35577.0	Atalay 4 Gözlü Alttan Motorlu Gazlı Döner Ocağı, ADG-4A	45561.6	-9984.599999999999	-21.91	EQUSTO_DAHA_UCUZ	EXACT_MODEL	HIGH	IN_STOCK	https://equsto.com/shop/adg-4a	https://www.mutbex.com/atalay-4-gozlu-alttan-motorlu-gazli-doner-ocagi-adg-4a	match_method=EXACT_MODEL; mutbex_code=042.ADG.4A
ATALAY	Atalay Endüstriyel Mutfak Ekipmanları	Pişirme	Doner Ocaklari	ADG-4S	ATALAY		Atalay Döner Makineleri ADG-4S	21918.0	Atalay 4 Gözlü Gazlı Döner Ocağı, ADG-4S	28069.2	-6151.200000000001	-21.91	EQUSTO_DAHA_UCUZ	EXACT_MODEL	HIGH	IN_STOCK	https://equsto.com/shop/adg-4s	https://www.mutbex.com/atalay-dort-gozlu-gazli-doner-ocagi-adg-4s	match_method=EXACT_MODEL; mutbex_code=042.ADG.4S
ATALAY	Atalay Endüstriyel Mutfak Ekipmanları	Pişirme	Doner Ocaklari	ADG-4U	ATALAY		Atalay Döner Makineleri ADG-4U	32083.0					NO_MATCH	NO_MATCH	LOW	NOT_FOUND	https://equsto.com/shop/adg-4u		No match found on Mutbex
ATALAY	Atalay Endüstriyel Mutfak Ekipmanları	Pişirme	Doner Ocaklari	ADG-5+5A	ATALAY		Atalay Döner Makineleri ADG-5+5A	73061.0					NO_MATCH	NO_MATCH	LOW	NOT_FOUND	https://equsto.com/shop/adg-5+5a		No match found on Mutbex
ATALAY	Atalay Endüstriyel Mutfak Ekipmanları	Pişirme	Doner Ocaklari	ADG-5A	ATALAY		Atalay Döner Makineleri ADG-5A	37483.0	Atalay 5 Gözlü Alttan Motorlu Gazlı Döner Ocağı, ADG-5A	48002.4	-10519.400000000001	-21.91	EQUSTO_DAHA_UCUZ	EXACT_MODEL	HIGH	IN_STOCK	https://equsto.com/shop/adg-5a	https://www.mutbex.com/atalay-5-gozlu-alttan-motorlu-gazli-doner-ocagi-adg-5a	match_method=EXACT_MODEL; mutbex_code=042.ADG.5A
ATALAY	Atalay Endüstriyel Mutfak Ekipmanları	Pişirme	Doner Ocaklari	ADG-5D	ATALAY		Atalay Döner Makineleri ADG-5D	111497.0					NO_MATCH	NO_MATCH	LOW	NOT_FOUND	https://equsto.com/shop/adg-5d		No match found on Mutbex
ATALAY	Atalay Endüstriyel Mutfak Ekipmanları	Pişirme	Doner Ocaklari	ADG-5DS	ATALAY		Atalay Döner Makineleri ADG-5DS	92437.0					NO_MATCH	NO_MATCH	LOW	NOT_FOUND	https://equsto.com/shop/adg-5ds		No match found on Mutbex
ATALAY	Atalay Endüstriyel Mutfak Ekipmanları	Pişirme	Doner Ocaklari	ADG-5S	ATALAY		Atalay Döner Makineleri ADG-5S	24459.0	Atalay 5 Gözlü Gazlı Döner Ocağı, ADG-5S	31323.6	-6864.5999999999985	-21.92	EQUSTO_DAHA_UCUZ	EXACT_MODEL	HIGH	IN_STOCK	https://equsto.com/shop/adg-5s	https://www.mutbex.com/atalay-5-gozlu-gazli-doner-ocagi-adg-5s	match_method=EXACT_MODEL; mutbex_code=042.ADG.5S
ATALAY	Atalay Endüstriyel Mutfak Ekipmanları	Pişirme	Doner Ocaklari	ADG-5U	ATALAY		Atalay Döner Makineleri ADG-5U	33989.0					NO_MATCH	NO_MATCH	LOW	NOT_FOUND	https://equsto.com/shop/adg-5u		No match found on Mutbex
ATALAY	Atalay Endüstriyel Mutfak Ekipmanları	Pişirme	Doner Ocaklari	ADG-6A	ATALAY		Atalay Döner Makineleri ADG-6A	39389.0					NO_MATCH	NO_MATCH	LOW	NOT_FOUND	https://equsto.com/shop/adg-6a		No match found on Mutbex
ATALAY	Atalay Endüstriyel Mutfak Ekipmanları	Pişirme	Doner Ocaklari	ADG-6D	ATALAY		Atalay Döner Makineleri ADG-6D	118803.0					NO_MATCH	NO_MATCH	LOW	NOT_FOUND	https://equsto.com/shop/adg-6d		No match found on Mutbex
ATALAY	Atalay Endüstriyel Mutfak Ekipmanları	Pişirme	Doner Ocaklari	ADG-6DS	ATALAY		Atalay Döner Makineleri ADG-6DS	98473.0					NO_MATCH	NO_MATCH	LOW	NOT_FOUND	https://equsto.com/shop/adg-6ds		No match found on Mutbex
ATALAY	Atalay Endüstriyel Mutfak Ekipmanları	Pişirme	Doner Ocaklari	ADG-6S	ATALAY		Atalay Döner Makineleri ADG-6S	29542.0	Atalay Döner Ocağı, Sabit, 6 Raydan, Gazlı, ADG 6 S	37832.4	-8290.400000000001	-21.91	EQUSTO_DAHA_UCUZ	MODEL_IN_NAME	HIGH	IN_STOCK	https://equsto.com/shop/adg-6s	https://www.mutbex.com/atalay-doner-ocagi-sabit-6-raydan-gazli-adg-6-s	match_method=MODEL_IN_NAME; mutbex_code=042.ADG.6S
ATALAY	Atalay Endüstriyel Mutfak Ekipmanları	Pişirme	Doner Ocaklari	ADG-8A	ATALAY		Atalay Döner Makineleri ADG-8A	63849.0					NO_MATCH	NO_MATCH	LOW	NOT_FOUND	https://equsto.com/shop/adg-8a		No match found on Mutbex
ATALAY	Atalay Endüstriyel Mutfak Ekipmanları	Pişirme	Doner Ocaklari	ADG-8D	ATALAY		Atalay Döner Makineleri ADG-8D	137862.0					NO_MATCH	NO_MATCH	LOW	NOT_FOUND	https://equsto.com/shop/adg-8d		No match found on Mutbex
ATALAY	Atalay Endüstriyel Mutfak Ekipmanları	Pişirme	Doner Ocaklari	ADG-8DS	ATALAY		Atalay Döner Makineleri ADG-8DS	114356.0					NO_MATCH	NO_MATCH	LOW	NOT_FOUND	https://equsto.com/shop/adg-8ds		No match found on Mutbex
ATALAY	Atalay Endüstriyel Mutfak Ekipmanları	Pişirme	Doner Ocaklari	ADG-8S	ATALAY		Atalay Döner Makineleri ADG-8S	45425.0					NO_MATCH	NO_MATCH	LOW	NOT_FOUND	https://equsto.com/shop/adg-8s		No match found on Mutbex
ATALAY	Atalay Endüstriyel Mutfak Ekipmanları	Pişirme	Doner Ocaklari	ADGC-3A	ATALAY		Atalay Döner Makineleri ADGC-3A	39389.0					NO_MATCH	NO_MATCH	LOW	NOT_FOUND	https://equsto.com/shop/adgc-3a		No match found on Mutbex
ATALAY	Atalay Endüstriyel Mutfak Ekipmanları	Pişirme	Doner Ocaklari	ADGC-3S	ATALAY		Atalay Döner Makineleri ADGC-3S	26365.0					NO_MATCH	NO_MATCH	LOW	NOT_FOUND	https://equsto.com/shop/adgc-3s		No match found on Mutbex
ATALAY	Atalay Endüstriyel Mutfak Ekipmanları	Pişirme	Doner Ocaklari	ADGC-3U	ATALAY		Atalay Döner Makineleri ADGC-3U	35895.0					NO_MATCH	NO_MATCH	LOW	NOT_FOUND	https://equsto.com/shop/adgc-3u		No match found on Mutbex
ATALAY	Atalay Endüstriyel Mutfak Ekipmanları	Pişirme	Doner Ocaklari	ADGC-4A	ATALAY		Atalay Döner Makineleri ADGC-4A	43836.0					NO_MATCH	NO_MATCH	LOW	NOT_FOUND	https://equsto.com/shop/adgc-4a		No match found on Mutbex
ATALAY	Atalay Endüstriyel Mutfak Ekipmanları	Pişirme	Doner Ocaklari	ADGC-4S	ATALAY		Atalay Döner Makineleri ADGC-4S	30177.0					NO_MATCH	NO_MATCH	LOW	NOT_FOUND	https://equsto.com/shop/adgc-4s		No match found on Mutbex
ATALAY	Atalay Endüstriyel Mutfak Ekipmanları	Pişirme	Doner Ocaklari	ADGC-4U	ATALAY		Atalay Döner Makineleri ADGC-4U	40024.0					NO_MATCH	NO_MATCH	LOW	NOT_FOUND	https://equsto.com/shop/adgc-4u		No match found on Mutbex
ATALAY	Atalay Endüstriyel Mutfak Ekipmanları	Pişirme	Doner Ocaklari	ADGC-5A	ATALAY		Atalay Döner Makineleri ADGC-5A	47013.0					NO_MATCH	NO_MATCH	LOW	NOT_FOUND	https://equsto.com/shop/adgc-5a		No match found on Mutbex
ATALAY	Atalay Endüstriyel Mutfak Ekipmanları	Pişirme	Doner Ocaklari	ADGC-5S	ATALAY		Atalay Döner Makineleri ADGC-5S	34942.0					NO_MATCH	NO_MATCH	LOW	NOT_FOUND	https://equsto.com/shop/adgc-5s		No match found on Mutbex
ATALAY	Atalay Endüstriyel Mutfak Ekipmanları	Pişirme	Doner Ocaklari	ADGC-5U	ATALAY		Atalay Döner Makineleri ADGC-5U	43836.0					NO_MATCH	NO_MATCH	LOW	NOT_FOUND	https://equsto.com/shop/adgc-5u		No match found on Mutbex
ATALAY	Atalay Endüstriyel Mutfak Ekipmanları	Pişirme	Doner Ocaklari	ADEK-01D	ATALAY		Atalay Konveyörlü Izgaralar ADEK - 01 D 220-240 V 360 x 425 mm.	77296.0	Atalay Dikey Ekmek Kızartma Elektirikli Hamburger Seti, 70x23,5x72 Cm Dijital ,ADEK 01D	118785.6	-41489.600000000006	-34.93	EQUSTO_DAHA_UCUZ	MODEL_IN_NAME	HIGH	IN_STOCK	https://equsto.com/shop/adek-01d	https://www.mutbex.com/atalay-dikey-ekmek-kizartma-elektirikli-hamburger-seti-70x235x72-cm-dijital-adek-01d	match_method=MODEL_IN_NAME; mutbex_code=042.ADEK.01D
ATALAY	Atalay Endüstriyel Mutfak Ekipmanları	Pişirme	Doner Ocaklari	ADEK-01M	ATALAY		Atalay Konveyörlü Izgaralar ADEK - 01 M 220-240 V 360 x 425 mm.	55060.0					NO_MATCH	NO_MATCH	LOW	NOT_FOUND	https://equsto.com/shop/adek-01m		No match found on Mutbex
ATALAY	Atalay Endüstriyel Mutfak Ekipmanları	Pişirme	Firinlar	ABS-10	ATALAY		Atalay ABS - 10 220-240 V 490 x 100 x 600	5559.0	Atalay 10 Bıçaklık Sterilitazör, ABS-10	8542.8	-2983.7999999999993	-34.93	EQUSTO_DAHA_UCUZ	EXACT_MODEL	HIGH	IN_STOCK	https://equsto.com/shop/abs-10	https://www.mutbex.com/atalay-sterilitazor-10-bicaklik-abs-10	match_method=EXACT_MODEL; mutbex_code=042.ABS.10
ATALAY	Atalay Endüstriyel Mutfak Ekipmanları	Pişirme	Firinlar	ABS-20	ATALAY		Atalay ABS - 20 220-240 V 930 x 100 x 600	8735.0					NO_MATCH	NO_MATCH	LOW	NOT_FOUND	https://equsto.com/shop/abs-20		No match found on Mutbex
ATALAY	Atalay Endüstriyel Mutfak Ekipmanları	Pişirme	Firinlar	APFM-40	ATALAY		Atalay APFM - 40 - 650 x 510 x 850	11383.0					NO_MATCH	NO_MATCH	LOW	NOT_FOUND	https://equsto.com/shop/apfm-40		No match found on Mutbex
ATALAY	Atalay Endüstriyel Mutfak Ekipmanları	Pişirme	Firinlar	APFM-50	ATALAY		Atalay APFM - 50 - 800 x 640 x 850	11383.0					NO_MATCH	NO_MATCH	LOW	NOT_FOUND	https://equsto.com/shop/apfm-50		No match found on Mutbex
ATALAY	Atalay Endüstriyel Mutfak Ekipmanları	Pişirme	Firinlar	APFM-62	ATALAY		Atalay APFM - 62 - 890 x 720 x 850	12706.0					NO_MATCH	NO_MATCH	LOW	NOT_FOUND	https://equsto.com/shop/apfm-62		No match found on Mutbex
ATALAY	Atalay Endüstriyel Mutfak Ekipmanları	Pişirme	Firinlar	APFM-92	ATALAY		Atalay APFM - 92 - 1190 x 1030 x 850	18000.0					NO_MATCH	NO_MATCH	LOW	NOT_FOUND	https://equsto.com/shop/apfm-92		No match found on Mutbex
ATALAY	Atalay Endüstriyel Mutfak Ekipmanları	Pişirme	Firinlar	APFM-962	ATALAY		Atalay APFM- 962 - 1190 x 720 x 850	16677.0					NO_MATCH	NO_MATCH	LOW	NOT_FOUND	https://equsto.com/shop/apfm-962		No match found on Mutbex
ATALAY	Atalay Endüstriyel Mutfak Ekipmanları	Pişirme	Firinlar	ASFE-1273ST	ATALAY		Atalay Setaltı Fırınlar ASFE - 1273 ST 650 x 930 1200 x 715 x 550	50825.0					NO_MATCH	NO_MATCH	LOW	NOT_FOUND	https://equsto.com/shop/asfe-1273st		No match found on Mutbex
ATALAY	Atalay Endüstriyel Mutfak Ekipmanları	Pişirme	Firinlar	ASFE-1273STD	ATALAY		Atalay Setaltı Fırınlar ASFE - 1273 ST D 530 x 400 1200 x 715 x 550	46854.0					NO_MATCH	NO_MATCH	LOW	NOT_FOUND	https://equsto.com/shop/asfe-1273std		No match found on Mutbex
ATALAY	Atalay Endüstriyel Mutfak Ekipmanları	Pişirme	Firinlar	ASFE-873F	ATALAY		Atalay Setaltı Fırınlar ASFE - 873 F 530 x 400 800 x 715 x 550	33354.0					NO_MATCH	NO_MATCH	LOW	NOT_FOUND	https://equsto.com/shop/asfe-873f		No match found on Mutbex
ATALAY	Atalay Endüstriyel Mutfak Ekipmanları	Pişirme	Firinlar	ASFE-873ST	ATALAY		Atalay Setaltı Fırınlar ASFE - 873 ST 530 x 400 800 x 715 x 550	45266.0					NO_MATCH	NO_MATCH	LOW	NOT_FOUND	https://equsto.com/shop/asfe-873st		No match found on Mutbex
ATALAY	Atalay Endüstriyel Mutfak Ekipmanları	Pişirme	Firinlar	ASFG-1273	ATALAY		Atalay Setaltı Fırınlar ASFG - 1273 650 x 930 1200 x 730 x 550	56913.0					NO_MATCH	NO_MATCH	LOW	NOT_FOUND	https://equsto.com/shop/asfg-1273		No match found on Mutbex
ATALAY	Atalay Endüstriyel Mutfak Ekipmanları	Pişirme	Firinlar	ASFG-1273D	ATALAY		Atalay Setaltı Fırınlar ASFG - 1273 D 530 x 650 1200 x 730 x 550	54795.0					NO_MATCH	NO_MATCH	LOW	NOT_FOUND	https://equsto.com/shop/asfg-1273d		No match found on Mutbex
ATALAY	Atalay Endüstriyel Mutfak Ekipmanları	Pişirme	Firinlar	ASFG-873	ATALAY		Atalay Setaltı Fırınlar ASFG - 873 530 x 650 800 x 730 x 550	49501.0					NO_MATCH	NO_MATCH	LOW	NOT_FOUND	https://equsto.com/shop/asfg-873		No match found on Mutbex
ATALAY	Atalay Endüstriyel Mutfak Ekipmanları	Pişirme	Firinlar	EASFE-1060F	ATALAY		Atalay Setaltı Fırınlar E ASFE - 1060 F 530 x 400 1000 x 600 x 550	31765.0					NO_MATCH	NO_MATCH	LOW	NOT_FOUND	https://equsto.com/shop/easfe-1060f		No match found on Mutbex
ATALAY	Atalay Endüstriyel Mutfak Ekipmanları	Pişirme	Firinlar	EASFE-1060ST	ATALAY		Atalay Setaltı Fırınlar E ASFE - 1060 ST 530 x 400 1000 x 600 x 550	43148.0					NO_MATCH	NO_MATCH	LOW	NOT_FOUND	https://equsto.com/shop/easfe-1060st		No match found on Mutbex
ATALAY	Atalay Endüstriyel Mutfak Ekipmanları	Pişirme	Firinlar	EASFE-860F	ATALAY		Atalay Setaltı Fırınlar E ASFE - 860 F 530 x 400 800 x 600 x 550	28589.0					NO_MATCH	NO_MATCH	LOW	NOT_FOUND	https://equsto.com/shop/easfe-860f		No match found on Mutbex
ATALAY	Atalay Endüstriyel Mutfak Ekipmanları	Pişirme	Firinlar	EASFE-860ST	ATALAY		Atalay Setaltı Fırınlar E ASFE - 860 ST 530 x 400 800 x 600 x 550	39177.0					NO_MATCH	NO_MATCH	LOW	NOT_FOUND	https://equsto.com/shop/easfe-860st		No match found on Mutbex
ATALAY	Atalay Endüstriyel Mutfak Ekipmanları	Pişirme	Firinlar	EASFG-1060	ATALAY		Atalay Setaltı Fırınlar E ASFG - 1060 530 x 400 1000 x 600 x 550	42354.0					NO_MATCH	NO_MATCH	LOW	NOT_FOUND	https://equsto.com/shop/easfg-1060		No match found on Mutbex
ATALAY	Atalay Endüstriyel Mutfak Ekipmanları	Pişirme	Firinlar	EASFG-860	ATALAY		Atalay Setaltı Fırınlar E ASFG - 860 530 x 400 800 x 600 x 550	37060.0					NO_MATCH	NO_MATCH	LOW	NOT_FOUND	https://equsto.com/shop/easfg-860		No match found on Mutbex
ATALAY	Atalay Endüstriyel Mutfak Ekipmanları	Pişirme	Fritozler	AEF-470	ATALAY		Atalay Fritözler AEF - 470 Min. 6 lt. Max 12 lt 400 x 700 x 300	28589.0	Atalay Elektrikli Fritöz, 40x70 cm, AEF-470	43934.4	-15345.400000000001	-34.93	EQUSTO_DAHA_UCUZ	EXACT_MODEL	HIGH	IN_STOCK	https://equsto.com/shop/aef-470	https://www.mutbex.com/atalay-elektrikli-fritoz-400x700-aef-470	match_method=EXACT_MODEL; mutbex_code=042.AEF.470
ATALAY	Atalay Endüstriyel Mutfak Ekipmanları	Pişirme	Fritozler	AEF-473	ATALAY		Atalay Fritözler AEF - 473 Min. 6 lt - Max. 12 lt. 400 x 730 x 300	36530.0					NO_MATCH	NO_MATCH	LOW	NOT_FOUND	https://equsto.com/shop/aef-473		No match found on Mutbex
ATALAY	Atalay Endüstriyel Mutfak Ekipmanları	Pişirme	Fritozler	AEF-490	ATALAY		Atalay Fritözler AEF - 490 Min. 15 lt. Max. 24 lt 400 x 900 x 850	49236.0					NO_MATCH	NO_MATCH	LOW	NOT_FOUND	https://equsto.com/shop/aef-490		No match found on Mutbex
ATALAY	Atalay Endüstriyel Mutfak Ekipmanları	Pişirme	Fritozler	AEF-670	ATALAY		Atalay Fritözler AEF - 670 2 x Min. 5 lt. Max 11 lt 600 x 700 x 300	48707.0					NO_MATCH	NO_MATCH	LOW	NOT_FOUND	https://equsto.com/shop/aef-670		No match found on Mutbex
ATALAY	Atalay Endüstriyel Mutfak Ekipmanları	Pişirme	Fritozler	AEF-870	ATALAY		Atalay Fritözler AEF - 870 2 x Min. 6 lt. Max 12 lt 800 x 700 x 300	51354.0	Atalay Elektrikli Fritöz, 80x70 cm, AEF-870	78919.2	-27565.199999999997	-34.93	EQUSTO_DAHA_UCUZ	EXACT_MODEL	HIGH	IN_STOCK	https://equsto.com/shop/aef-870	https://www.mutbex.com/atalay-elektrikli-fritoz-80x70-cm-aef-870	match_method=EXACT_MODEL; mutbex_code=042.AEF.870
ATALAY	Atalay Endüstriyel Mutfak Ekipmanları	Pişirme	Fritozler	AEF-873	ATALAY		Atalay Fritözler AEF - 873 Min. 2 x 6 lt - Max. 2 x 12 lt. 800 x 730 x 300	61413.0					NO_MATCH	NO_MATCH	LOW	NOT_FOUND	https://equsto.com/shop/aef-873		No match found on Mutbex
ATALAY	Atalay Endüstriyel Mutfak Ekipmanları	Pişirme	Fritozler	AEF-890	ATALAY		Atalay Fritözler AEF - 890 Min. 2 x 15 lt. Max. 2 x 24 lt 800 x 900 x 850	88149.0	Atalay Elektrikli Fritöz, 80x90 cm, AEF-890	135464.4	-47315.399999999994	-34.93	EQUSTO_DAHA_UCUZ	EXACT_MODEL	HIGH	IN_STOCK	https://equsto.com/shop/aef-890	https://www.mutbex.com/atalay-elektrikli-fritoz-800x900-aef-890	match_method=EXACT_MODEL; mutbex_code=042.AEF.890
ATALAY	Atalay Endüstriyel Mutfak Ekipmanları	Pişirme	Fritozler	AGF-470	ATALAY		Atalay Fritözler AGF - 470 Min. 18 lt. Max 22 lt 400 x 700 x 850	53472.0					NO_MATCH	NO_MATCH	LOW	NOT_FOUND	https://equsto.com/shop/agf-470		No match found on Mutbex
ATALAY	Atalay Endüstriyel Mutfak Ekipmanları	Pişirme	Fritozler	AGF-490	ATALAY		Atalay Fritözler AGF - 490 Min. 28 lt. Max. 30 lt 400 x 900 x 850	55590.0					NO_MATCH	NO_MATCH	LOW	NOT_FOUND	https://equsto.com/shop/agf-490		No match found on Mutbex
ATALAY	Atalay Endüstriyel Mutfak Ekipmanları	Pişirme	Fritozler	AGF-870	ATALAY		Atalay Fritözler AGF - 870 2 x Min. 18 lt. Max 22 lt 800 x 700 x 850	99267.0					NO_MATCH	NO_MATCH	LOW	NOT_FOUND	https://equsto.com/shop/agf-870		No match found on Mutbex
ATALAY	Atalay Endüstriyel Mutfak Ekipmanları	Pişirme	Fritozler	AGF-890	ATALAY		Atalay Fritözler AGF - 890 Min. 2 x 28 lt. Max. 2 x 30 lt 800 x 900 x 850	99267.0					NO_MATCH	NO_MATCH	LOW	NOT_FOUND	https://equsto.com/shop/agf-890		No match found on Mutbex
ATALAY	Atalay Endüstriyel Mutfak Ekipmanları	Pişirme	Fritozler	EAEF-360	ATALAY		Atalay Fritözler E AEF - 360 Min. 4,5 lt - Max. 9 lt. 300 x 600 x 300	26206.0					NO_MATCH	NO_MATCH	LOW	NOT_FOUND	https://equsto.com/shop/eaef-360		No match found on Mutbex
ATALAY	Atalay Endüstriyel Mutfak Ekipmanları	Pişirme	Fritozler	EAEF-460	ATALAY		Atalay Fritözler E AEF - 460 Min. 6 lt - Max. 12 lt. 400 x 600 x 300	27265.0					NO_MATCH	NO_MATCH	LOW	NOT_FOUND	https://equsto.com/shop/eaef-460		No match found on Mutbex
ATALAY	Atalay Endüstriyel Mutfak Ekipmanları	Pişirme	Fritozler	EAEF-660	ATALAY		Atalay Fritözler E AEF - 660 Min. 2x4,5 lt - Max. 2x9 lt. 600 x 600 x 300	46589.0					NO_MATCH	NO_MATCH	LOW	NOT_FOUND	https://equsto.com/shop/eaef-660		No match found on Mutbex
ATALAY	Atalay Endüstriyel Mutfak Ekipmanları	Pişirme	Fritozler	EAEF-860	ATALAY		Atalay Fritözler E AEF - 860 Min. 2x6 lt - Max. 2x12 lt. 800 x 600 x 300	49501.0					NO_MATCH	NO_MATCH	LOW	NOT_FOUND	https://equsto.com/shop/eaef-860		No match found on Mutbex
ATALAY	Atalay Endüstriyel Mutfak Ekipmanları	Pişirme	Fritozler	EAGF-460	ATALAY		Atalay Fritözler E AGF - 460 Min. 10 lt - Max. 13 lt. 400 x 600 x 300	32560.0					NO_MATCH	NO_MATCH	LOW	NOT_FOUND	https://equsto.com/shop/eagf-460		No match found on Mutbex
ATALAY	Atalay Endüstriyel Mutfak Ekipmanları	Pişirme	Fritozler	EAGF-660	ATALAY		Atalay Fritözler E AGF - 660 Min. 2 x 7 lt - Max. 2 x 8 lt. 600 x 600 x 300	57443.0					NO_MATCH	NO_MATCH	LOW	NOT_FOUND	https://equsto.com/shop/eagf-660		No match found on Mutbex
ATALAY	Atalay Endüstriyel Mutfak Ekipmanları	Pişirme	Fritozler	EAGF-860	ATALAY		Atalay Fritözler E AGF - 860 Min. 2 x 10 lt - Max. 2 x 13 lt. 800 x 600 x 300	61148.0					NO_MATCH	NO_MATCH	LOW	NOT_FOUND	https://equsto.com/shop/eagf-860		No match found on Mutbex
ATALAY	Atalay Endüstriyel Mutfak Ekipmanları	Pişirme	Kaynatma Tenceresi	AKEK-02M	ATALAY		Atalay AKEK-02 M 220-240 V 365 x 320 mm.	29118.0					NO_MATCH	NO_MATCH	LOW	NOT_FOUND	https://equsto.com/shop/akek-02m		No match found on Mutbex
ATALAY	Atalay Endüstriyel Mutfak Ekipmanları	Pişirme	Kaynatma Tenceresi	AKEK-02T	ATALAY		Atalay AKEK-02 T 380-415 V 365 x 320 mm.	31765.0					NO_MATCH	NO_MATCH	LOW	NOT_FOUND	https://equsto.com/shop/akek-02t		No match found on Mutbex
ATALAY	Atalay Endüstriyel Mutfak Ekipmanları	Pişirme	Kaynatma Tenceresi	AKTE-1000	ATALAY		Atalay AKTE - 1000 250 1000 x 1070 x 950	234800.0					NO_MATCH	NO_MATCH	LOW	NOT_FOUND	https://equsto.com/shop/akte-1000		No match found on Mutbex
ATALAY	Atalay Endüstriyel Mutfak Ekipmanları	Pişirme	Kaynatma Tenceresi	AKTE-890	ATALAY		Atalay AKTE - 890 150 800 x 900 x 850	156180.0					NO_MATCH	NO_MATCH	LOW	NOT_FOUND	https://equsto.com/shop/akte-890		No match found on Mutbex
ATALAY	Atalay Endüstriyel Mutfak Ekipmanları	Pişirme	Kaynatma Tenceresi	AKTG-1000	ATALAY		Atalay AKTG - 1000 250 1000 x 1070 x 950	255182.0					NO_MATCH	NO_MATCH	LOW	NOT_FOUND	https://equsto.com/shop/aktg-1000		No match found on Mutbex
ATALAY	Atalay Endüstriyel Mutfak Ekipmanları	Pişirme	Kaynatma Tenceresi	AKTG-890	ATALAY		Atalay AKTG - 890 150 800 x 900 x 850	172063.0					NO_MATCH	NO_MATCH	LOW	NOT_FOUND	https://equsto.com/shop/aktg-890		No match found on Mutbex
ATALAY	Atalay Endüstriyel Mutfak Ekipmanları	Pişirme	Kaynatma Tenceresi	AYEK-01	ATALAY		Atalay AYEK - 01 380-415 V 520 x 540 mm.	87620.0					NO_MATCH	NO_MATCH	LOW	NOT_FOUND	https://equsto.com/shop/ayek-01		No match found on Mutbex
ATALAY	Atalay Endüstriyel Mutfak Ekipmanları	Pişirme	Kaynatma Tenceresi	AYEK-02	ATALAY		Atalay AYEK - 02 380-415 V 250 x 540 mm.	82061.0					NO_MATCH	NO_MATCH	LOW	NOT_FOUND	https://equsto.com/shop/ayek-02		No match found on Mutbex
ATALAY	Atalay Endüstriyel Mutfak Ekipmanları	Pişirme	Kaynatma Tenceresi	AKIE-01	ATALAY		Atalay Konveyörlü Izgaralar AKIE - 01 220-240 V 260 x 550 mm.	80208.0					NO_MATCH	NO_MATCH	LOW	NOT_FOUND	https://equsto.com/shop/akie-01		No match found on Mutbex
ATALAY	Atalay Endüstriyel Mutfak Ekipmanları	Pişirme	Kaynatma Tenceresi	AKIE-02	ATALAY		Atalay Konveyörlü Izgaralar AKIE - 02 380-415 V 420 x 550 mm.	95826.0					NO_MATCH	NO_MATCH	LOW	NOT_FOUND	https://equsto.com/shop/akie-02		No match found on Mutbex
ATALAY	Atalay Endüstriyel Mutfak Ekipmanları	Pişirme	Kuzineler	AEK-1273	ATALAY		Atalay Kuzineler AEK - 1273 6 x Ø220 1040x530	96090.0					NO_MATCH	NO_MATCH	LOW	NOT_FOUND	https://equsto.com/shop/aek-1273		No match found on Mutbex
ATALAY	Atalay Endüstriyel Mutfak Ekipmanları	Pişirme	Kuzineler	AGK-1270	ATALAY		Atalay Kuzineler AGK - 1270 GN 2/1 - 100 x 2 6 x 5 kW + 3,3 kW	98473.0					NO_MATCH	NO_MATCH	LOW	NOT_FOUND	https://equsto.com/shop/agk-1270		No match found on Mutbex
ATALAY	Atalay Endüstriyel Mutfak Ekipmanları	Pişirme	Kuzineler	AGK-870	ATALAY		Atalay Kuzineler AGK - 870 GN 2/1 - 100 x 2 4 x 5 kW + 3,3 kW	77825.0					NO_MATCH	NO_MATCH	LOW	NOT_FOUND	https://equsto.com/shop/agk-870		No match found on Mutbex
ATALAY	Atalay Endüstriyel Mutfak Ekipmanları	Pişirme	Kuzineler	EAEK-1060	ATALAY		Atalay Kuzineler E AEK - 1060 6 x Ø180 530 x 400	60884.0					NO_MATCH	NO_MATCH	LOW	NOT_FOUND	https://equsto.com/shop/eaek-1060		No match found on Mutbex
ATALAY	Atalay Endüstriyel Mutfak Ekipmanları	Pişirme	Kuzineler	EAEK-860	ATALAY		Atalay Kuzineler E AEK - 860 4 x Ø180 530 x 400	54266.0					NO_MATCH	NO_MATCH	LOW	NOT_FOUND	https://equsto.com/shop/eaek-860		No match found on Mutbex
ATALAY	Atalay Endüstriyel Mutfak Ekipmanları	Pişirme	Kuzineler	EAGK-1060	ATALAY		Atalay Kuzineler E AGK - 1060 6x Ø80 530 x 400	83384.0					NO_MATCH	NO_MATCH	LOW	NOT_FOUND	https://equsto.com/shop/eagk-1060		No match found on Mutbex
ATALAY	Atalay Endüstriyel Mutfak Ekipmanları	Pişirme	Kuzineler	EAGK-860	ATALAY		Atalay Kuzineler E AGK - 860 4 x Ø80 530 x 400	70413.0					NO_MATCH	NO_MATCH	LOW	NOT_FOUND	https://equsto.com/shop/eagk-860		No match found on Mutbex
ATALAY	Atalay Endüstriyel Mutfak Ekipmanları	Pişirme	Makarna Hafllamalar	AMP-490	ATALAY		Atalay AMP - 490 6 400 x 900 x 850	46325.0					NO_MATCH	NO_MATCH	LOW	NOT_FOUND	https://equsto.com/shop/amp-490		No match found on Mutbex
ATALAY	Atalay Endüstriyel Mutfak Ekipmanları	Pişirme	Makarna Hafllamalar	AMPG-490	ATALAY		Atalay AMPG - 490 6 400 x 900 x 850	68560.0					NO_MATCH	NO_MATCH	LOW	NOT_FOUND	https://equsto.com/shop/ampg-490		No match found on Mutbex
ATALAY	Atalay Endüstriyel Mutfak Ekipmanları	Pişirme	Makarna Hafllamalar	EAMP-360	ATALAY		Atalay Seri 600 E AMP - 360 2 300 x 600 x 300	23295.0					NO_MATCH	NO_MATCH	LOW	NOT_FOUND	https://equsto.com/shop/eamp-360		No match found on Mutbex
ATALAY	Atalay Endüstriyel Mutfak Ekipmanları	Pişirme	Makarna Hafllamalar	EAMP-460	ATALAY		Atalay Seri 600 E AMP - 460 4 400 x 600 x 300	26206.0					NO_MATCH	NO_MATCH	LOW	NOT_FOUND	https://equsto.com/shop/eamp-460		No match found on Mutbex
ATALAY	Atalay Endüstriyel Mutfak Ekipmanları	Pişirme	Makarna Hafllamalar	EAMP-660	ATALAY		Atalay Seri 600 E AMP - 660 3 600 x 600 x 300	32030.0					NO_MATCH	NO_MATCH	LOW	NOT_FOUND	https://equsto.com/shop/eamp-660		No match found on Mutbex
ATALAY	Atalay Endüstriyel Mutfak Ekipmanları	Pişirme	Makarna Hafllamalar	AMP-470	ATALAY		Atalay Seri 700 AMP - 470 6 400 x 700 x 300	29383.0					NO_MATCH	NO_MATCH	LOW	NOT_FOUND	https://equsto.com/shop/amp-470		No match found on Mutbex
ATALAY	Atalay Endüstriyel Mutfak Ekipmanları	Pişirme	Makarna Hafllamalar	AMPG-470	ATALAY		Atalay Seri 700 AMPG - 470 4 400 x 700 x 850	52148.0					NO_MATCH	NO_MATCH	LOW	NOT_FOUND	https://equsto.com/shop/ampg-470		No match found on Mutbex
ATALAY	Atalay Endüstriyel Mutfak Ekipmanları	Pişirme	Makarna Hafllamalar	AMP-473	ATALAY		Atalay Seri 730 AMP - 473 4 400 x 730 x 300	33883.0					NO_MATCH	NO_MATCH	LOW	NOT_FOUND	https://equsto.com/shop/amp-473		No match found on Mutbex
ATALAY	Atalay Endüstriyel Mutfak Ekipmanları	Pişirme	Makarna Hafllamalar	AMP-673	ATALAY		Atalay Seri 730 AMP - 673 3 600 x 730 x 300	36795.0					NO_MATCH	NO_MATCH	LOW	NOT_FOUND	https://equsto.com/shop/amp-673		No match found on Mutbex
ATALAY	Atalay Endüstriyel Mutfak Ekipmanları	Pişirme	Makarna Hafllamalar	AMP-873	ATALAY		Atalay Seri 730 AMP - 873 4+4 800 x 730 x 300	56913.0					NO_MATCH	NO_MATCH	LOW	NOT_FOUND	https://equsto.com/shop/amp-873		No match found on Mutbex
ATALAY	Atalay Endüstriyel Mutfak Ekipmanları	Pişirme	Makarna Hafllamalar	AMPG-473	ATALAY		Atalay Seri 730 AMPG - 473 4 400 x 730 x 850	60090.0					NO_MATCH	NO_MATCH	LOW	NOT_FOUND	https://equsto.com/shop/ampg-473		No match found on Mutbex
ATALAY	Atalay Endüstriyel Mutfak Ekipmanları	Pişirme	Ocakbasi İzgara	ACIE-01S	ATALAY		Atalay ACIE-01S 380-415 V Üst 360x400 / Alt 396x440 mm.	70149.0					NO_MATCH	NO_MATCH	LOW	NOT_FOUND	https://equsto.com/shop/acie-01s		No match found on Mutbex
ATALAY	Atalay Endüstriyel Mutfak Ekipmanları	Pişirme	Ocakbasi İzgara	ACIE-02S	ATALAY		Atalay ACIE-02S 380-415 V Üst 2x360x400 / Alt 796x440 mm.	124944.0					NO_MATCH	NO_MATCH	LOW	NOT_FOUND	https://equsto.com/shop/acie-02s		No match found on Mutbex
ATALAY	Atalay Endüstriyel Mutfak Ekipmanları	Pişirme	Ocaklar	ABB-01	ATALAY		Atalay ABB-01 220-240 V - 50/60 Hz. 310x310x570 mm.	40236.0					NO_MATCH	NO_MATCH	LOW	NOT_FOUND	https://equsto.com/shop/abb-01		No match found on Mutbex
ATALAY	Atalay Endüstriyel Mutfak Ekipmanları	Pişirme	Ocaklar	ACAG-02	ATALAY		Atalay ACAG - 02 400 V 1380 x 840 x 940	126003.0					NO_MATCH	NO_MATCH	LOW	NOT_FOUND	https://equsto.com/shop/acag-02		No match found on Mutbex
ATALAY	Atalay Endüstriyel Mutfak Ekipmanları	Pişirme	Ocaklar	AEO-01	ATALAY		Atalay AEO - 01 1 x Ø20 300 x 300 x 200	6353.0					NO_MATCH	NO_MATCH	LOW	NOT_FOUND	https://equsto.com/shop/aeo-01		No match found on Mutbex
ATALAY	Atalay Endüstriyel Mutfak Ekipmanları	Pişirme	Ocaklar	AEO-02	ATALAY		Atalay AEO - 02 2 x Ø20 600 x 300 x 200	12177.0					NO_MATCH	NO_MATCH	LOW	NOT_FOUND	https://equsto.com/shop/aeo-02		No match found on Mutbex
ATALAY	Atalay Endüstriyel Mutfak Ekipmanları	Pişirme	Ocaklar	AGO-01	ATALAY		Atalay AGO - 01 1	7941.0					NO_MATCH	NO_MATCH	LOW	NOT_FOUND	https://equsto.com/shop/ago-01		No match found on Mutbex
ATALAY	Atalay Endüstriyel Mutfak Ekipmanları	Pişirme	Ocaklar	AGO-02	ATALAY		Atalay AGO - 02 2	12971.0					NO_MATCH	NO_MATCH	LOW	NOT_FOUND	https://equsto.com/shop/ago-02		No match found on Mutbex
ATALAY	Atalay Endüstriyel Mutfak Ekipmanları	Pişirme	Ocaklar	AGO-1290	ATALAY		Atalay AGO - 1290 6 x Ø100 6 x 10,5	87884.0	Atalay Gazlı Ocak, 120x90 cm, AGO-1290	135057.6	-47173.600000000006	-34.93	EQUSTO_DAHA_UCUZ	EXACT_MODEL	HIGH	IN_STOCK	https://equsto.com/shop/ago-1290	https://www.mutbex.com/atalay-gazli-ocak-800x900-ago-5303	match_method=EXACT_MODEL; mutbex_code=042.AGO.1290
ATALAY	Atalay Endüstriyel Mutfak Ekipmanları	Pişirme	Ocaklar	AGO-490	ATALAY		Atalay AGO - 490 2 x Ø100 2 x 10,5	34413.0					NO_MATCH	NO_MATCH	LOW	NOT_FOUND	https://equsto.com/shop/ago-490		No match found on Mutbex
ATALAY	Atalay Endüstriyel Mutfak Ekipmanları	Pişirme	Ocaklar	AGO-490T	ATALAY		Atalay AGO - 490 T 1 x Ø100 400 x 900 x 850	30177.0					NO_MATCH	NO_MATCH	LOW	NOT_FOUND	https://equsto.com/shop/ago-490t		No match found on Mutbex
ATALAY	Atalay Endüstriyel Mutfak Ekipmanları	Pişirme	Ocaklar	AGO-890	ATALAY		Atalay AGO - 890 4 x Ø100 4 x 10,5	61943.0					NO_MATCH	NO_MATCH	LOW	NOT_FOUND	https://equsto.com/shop/ago-890		No match found on Mutbex
ATALAY	Atalay Endüstriyel Mutfak Ekipmanları	Pişirme	Ocaklar	AGO-890T	ATALAY		Atalay AGO - 890 T 2 800 x 900 x 850	57443.0					NO_MATCH	NO_MATCH	LOW	NOT_FOUND	https://equsto.com/shop/ago-890t		No match found on Mutbex
ATALAY	Atalay Endüstriyel Mutfak Ekipmanları	Pişirme	Ocaklar	AKM-4001	ATALAY		Atalay AKM-4001 230 V 450 x 500 x 220	15353.0					NO_MATCH	NO_MATCH	LOW	NOT_FOUND	https://equsto.com/shop/akm-4001		No match found on Mutbex
ATALAY	Atalay Endüstriyel Mutfak Ekipmanları	Pişirme	Ocaklar	AKM-4002	ATALAY		Atalay AKM-4002 400 V 900 x 500 x 220	30707.0					NO_MATCH	NO_MATCH	LOW	NOT_FOUND	https://equsto.com/shop/akm-4002		No match found on Mutbex
ATALAY	Atalay Endüstriyel Mutfak Ekipmanları	Pişirme	Ocaklar	AMAY-4060/12	ATALAY		Atalay AMAY - 4060 / 12 12 adet 40x60 tepsi 890 x 965 x 840	34413.0					NO_MATCH	NO_MATCH	LOW	NOT_FOUND	https://equsto.com/shop/amay-4060/12		No match found on Mutbex
ATALAY	Atalay Endüstriyel Mutfak Ekipmanları	Pişirme	Ocaklar	AMAY-4060/6	ATALAY		Atalay AMAY - 4060 / 6 6 adet 40x60 tepsi 800 x 855 x 840	31236.0					NO_MATCH	NO_MATCH	LOW	NOT_FOUND	https://equsto.com/shop/amay-4060/6		No match found on Mutbex
ATALAY	Atalay Endüstriyel Mutfak Ekipmanları	Pişirme	Ocaklar	AYOE-01	ATALAY		Atalay AYOE - 01 380-415 V 550 x 580 x 572	27001.0					NO_MATCH	NO_MATCH	LOW	NOT_FOUND	https://equsto.com/shop/ayoe-01		No match found on Mutbex
ATALAY	Atalay Endüstriyel Mutfak Ekipmanları	Pişirme	Ocaklar	AYOG-60	ATALAY		Atalay AYOG - 60 2 600 x 740 x 590	23559.0					NO_MATCH	NO_MATCH	LOW	NOT_FOUND	https://equsto.com/shop/ayog-60		No match found on Mutbex
ATALAY	Atalay Endüstriyel Mutfak Ekipmanları	Pişirme	Ocaklar	AYOG-70	ATALAY		Atalay AYOG - 70 3 700 x 850 x 590	29912.0					NO_MATCH	NO_MATCH	LOW	NOT_FOUND	https://equsto.com/shop/ayog-70		No match found on Mutbex
ATALAY	Atalay Endüstriyel Mutfak Ekipmanları	Pişirme	Ocaklar	AEO-1270	ATALAY		Atalay Ocaklar AEO - 1270 6 x Ø22 cm. 6 x 2,6 cm.	34677.0					NO_MATCH	NO_MATCH	LOW	NOT_FOUND	https://equsto.com/shop/aeo-1270		No match found on Mutbex
ATALAY	Atalay Endüstriyel Mutfak Ekipmanları	Pişirme	Ocaklar	AEO-1273/1K	ATALAY		Atalay Ocaklar AEO - 1273 / 1K 3 x 300 x 300 3 x 4	47648.0					NO_MATCH	NO_MATCH	LOW	NOT_FOUND	https://equsto.com/shop/aeo-1273/1k		No match found on Mutbex
ATALAY	Atalay Endüstriyel Mutfak Ekipmanları	Pişirme	Ocaklar	AEO-1273/2K	ATALAY		Atalay Ocaklar AEO - 1273 / 2K 6 x 220 x 220 6 x 2.6	62604.0					NO_MATCH	NO_MATCH	LOW	NOT_FOUND	https://equsto.com/shop/aeo-1273/2k		No match found on Mutbex
ATALAY	Atalay Endüstriyel Mutfak Ekipmanları	Pişirme	Ocaklar	AEO-1273	ATALAY		Atalay Ocaklar AEO - 1273 6 x Ø220 6 x 2.6	40236.0					NO_MATCH	NO_MATCH	LOW	NOT_FOUND	https://equsto.com/shop/aeo-1273		No match found on Mutbex
ATALAY	Atalay Endüstriyel Mutfak Ekipmanları	Pişirme	Ocaklar	AEO-1290	ATALAY		Atalay Ocaklar AEO - 1290 6 x 300 x 300 6 x 4 kW	83384.0					NO_MATCH	NO_MATCH	LOW	NOT_FOUND	https://equsto.com/shop/aeo-1290		No match found on Mutbex
ATALAY	Atalay Endüstriyel Mutfak Ekipmanları	Pişirme	Ocaklar	AEO-1290S	ATALAY		Atalay Ocaklar AEO - 1290 S 6 x 300 x 300 6 x 4 kW	70678.0					NO_MATCH	NO_MATCH	LOW	NOT_FOUND	https://equsto.com/shop/aeo-1290s		No match found on Mutbex
ATALAY	Atalay Endüstriyel Mutfak Ekipmanları	Pişirme	Ocaklar	AEO-470	ATALAY		Atalay Ocaklar AEO - 470 2 x Ø22 cm. 2 x 2,6 kW	15618.0					NO_MATCH	NO_MATCH	LOW	NOT_FOUND	https://equsto.com/shop/aeo-470		No match found on Mutbex
ATALAY	Atalay Endüstriyel Mutfak Ekipmanları	Pişirme	Ocaklar	AEO-473/1K	ATALAY		Atalay Ocaklar AEO - 473 / 1K 1 x 300 x 300 400 x 730 x 300	20383.0					NO_MATCH	NO_MATCH	LOW	NOT_FOUND	https://equsto.com/shop/aeo-473/1k		No match found on Mutbex
ATALAY	Atalay Endüstriyel Mutfak Ekipmanları	Pişirme	Ocaklar	AEO-473/2K	ATALAY		Atalay Ocaklar AEO - 473 / 2K 2 x 220 x 220 2 x 2.6	29118.0					NO_MATCH	NO_MATCH	LOW	NOT_FOUND	https://equsto.com/shop/aeo-473/2k		No match found on Mutbex
ATALAY	Atalay Endüstriyel Mutfak Ekipmanları	Pişirme	Ocaklar	AEO-473	ATALAY		Atalay Ocaklar AEO - 473 2 x Ø220 2 x 2.6	17736.0					NO_MATCH	NO_MATCH	LOW	NOT_FOUND	https://equsto.com/shop/aeo-473		No match found on Mutbex
ATALAY	Atalay Endüstriyel Mutfak Ekipmanları	Pişirme	Ocaklar	AEO-490	ATALAY		Atalay Ocaklar AEO - 490 2 x 300 x 300 2 x 4 kW	36266.0					NO_MATCH	NO_MATCH	LOW	NOT_FOUND	https://equsto.com/shop/aeo-490		No match found on Mutbex
ATALAY	Atalay Endüstriyel Mutfak Ekipmanları	Pişirme	Ocaklar	AEO-490S	ATALAY		Atalay Ocaklar AEO - 490 S 2 x 300 x 300 2 x 4 kW	28589.0					NO_MATCH	NO_MATCH	LOW	NOT_FOUND	https://equsto.com/shop/aeo-490s		No match found on Mutbex
ATALAY	Atalay Endüstriyel Mutfak Ekipmanları	Pişirme	Ocaklar	AEO-870	ATALAY		Atalay Ocaklar AEO - 870 4 x Ø22 cm. 4 x 2,6 kW	27795.0					NO_MATCH	NO_MATCH	LOW	NOT_FOUND	https://equsto.com/shop/aeo-870		No match found on Mutbex
ATALAY	Atalay Endüstriyel Mutfak Ekipmanları	Pişirme	Ocaklar	AEO-873/1K	ATALAY		Atalay Ocaklar AEO - 873 / 1K 2 x 300 x 300 2 x 4	31765.0					NO_MATCH	NO_MATCH	LOW	NOT_FOUND	https://equsto.com/shop/aeo-873/1k		No match found on Mutbex
ATALAY	Atalay Endüstriyel Mutfak Ekipmanları	Pişirme	Ocaklar	AEO-873/2K	ATALAY		Atalay Ocaklar AEO - 873 / 2K 4 x 220 x 220 4 x 2.6	47648.0					NO_MATCH	NO_MATCH	LOW	NOT_FOUND	https://equsto.com/shop/aeo-873/2k		No match found on Mutbex
ATALAY	Atalay Endüstriyel Mutfak Ekipmanları	Pişirme	Ocaklar	AEO-873	ATALAY		Atalay Ocaklar AEO - 873 4 x Ø220 4 x 2.6	31765.0					NO_MATCH	NO_MATCH	LOW	NOT_FOUND	https://equsto.com/shop/aeo-873		No match found on Mutbex
ATALAY	Atalay Endüstriyel Mutfak Ekipmanları	Pişirme	Ocaklar	AEO-890	ATALAY		Atalay Ocaklar AEO - 890 4 x 300 x 300 4 x 4 kW	56119.0					NO_MATCH	NO_MATCH	LOW	NOT_FOUND	https://equsto.com/shop/aeo-890		No match found on Mutbex
ATALAY	Atalay Endüstriyel Mutfak Ekipmanları	Pişirme	Ocaklar	AEO-890S	ATALAY		Atalay Ocaklar AEO - 890 S 4 x 300 x 300 4 x 4 kW	46060.0					NO_MATCH	NO_MATCH	LOW	NOT_FOUND	https://equsto.com/shop/aeo-890s		No match found on Mutbex
ATALAY	Atalay Endüstriyel Mutfak Ekipmanları	Pişirme	Ocaklar	AGO-1270	ATALAY		Atalay Ocaklar AGO - 1270 6 x Ø80 6 x 5 kW	51089.0					NO_MATCH	NO_MATCH	LOW	NOT_FOUND	https://equsto.com/shop/ago-1270		No match found on Mutbex
ATALAY	Atalay Endüstriyel Mutfak Ekipmanları	Pişirme	Ocaklar	AGO-1273	ATALAY		Atalay Ocaklar AGO - 1273 6 x Ø80 1200 x 730 x 300	58237.0					NO_MATCH	NO_MATCH	LOW	NOT_FOUND	https://equsto.com/shop/ago-1273		No match found on Mutbex
ATALAY	Atalay Endüstriyel Mutfak Ekipmanları	Pişirme	Ocaklar	AGO-1273T	ATALAY		Atalay Ocaklar AGO - 1273 T 3 x Ø100 1200 x 730 x 300	43148.0					NO_MATCH	NO_MATCH	LOW	NOT_FOUND	https://equsto.com/shop/ago-1273t		No match found on Mutbex
ATALAY	Atalay Endüstriyel Mutfak Ekipmanları	Pişirme	Ocaklar	AGO-1290S	ATALAY		Atalay Ocaklar AGO - 1290 S 6 x Ø100 6 x 10,5	73590.0					NO_MATCH	NO_MATCH	LOW	NOT_FOUND	https://equsto.com/shop/ago-1290s		No match found on Mutbex
ATALAY	Atalay Endüstriyel Mutfak Ekipmanları	Pişirme	Ocaklar	AGO-470	ATALAY		Atalay Ocaklar AGO - 470 2 x Ø80 2 x 5 kW	20383.0					NO_MATCH	NO_MATCH	LOW	NOT_FOUND	https://equsto.com/shop/ago-470		No match found on Mutbex
ATALAY	Atalay Endüstriyel Mutfak Ekipmanları	Pişirme	Ocaklar	AGO-473	ATALAY		Atalay Ocaklar AGO - 473 2 x Ø80 400 x 730 x 300	22765.0					NO_MATCH	NO_MATCH	LOW	NOT_FOUND	https://equsto.com/shop/ago-473		No match found on Mutbex
ATALAY	Atalay Endüstriyel Mutfak Ekipmanları	Pişirme	Ocaklar	AGO-473T	ATALAY		Atalay Ocaklar AGO - 473 T 1 x Ø100 400 x 730 x 300	21706.0					NO_MATCH	NO_MATCH	LOW	NOT_FOUND	https://equsto.com/shop/ago-473t		No match found on Mutbex
ATALAY	Atalay Endüstriyel Mutfak Ekipmanları	Pişirme	Ocaklar	AGO-490S	ATALAY		Atalay Ocaklar AGO - 490 S 2 x Ø100 2 x 10,5	25148.0					NO_MATCH	NO_MATCH	LOW	NOT_FOUND	https://equsto.com/shop/ago-490s		No match found on Mutbex
ATALAY	Atalay Endüstriyel Mutfak Ekipmanları	Pişirme	Ocaklar	AGO-870	ATALAY		Atalay Ocaklar AGO - 870 4 x Ø80 4 x 5 kW	34677.0					NO_MATCH	NO_MATCH	LOW	NOT_FOUND	https://equsto.com/shop/ago-870		No match found on Mutbex
ATALAY	Atalay Endüstriyel Mutfak Ekipmanları	Pişirme	Ocaklar	AGO-873	ATALAY		Atalay Ocaklar AGO - 873 4 x Ø80 800 x 730 x 300	38913.0					NO_MATCH	NO_MATCH	LOW	NOT_FOUND	https://equsto.com/shop/ago-873		No match found on Mutbex
ATALAY	Atalay Endüstriyel Mutfak Ekipmanları	Pişirme	Ocaklar	AGO-873T	ATALAY		Atalay Ocaklar AGO - 873 T 2 x Ø100 800 x 730 x 300	29912.0					NO_MATCH	NO_MATCH	LOW	NOT_FOUND	https://equsto.com/shop/ago-873t		No match found on Mutbex
ATALAY	Atalay Endüstriyel Mutfak Ekipmanları	Pişirme	Ocaklar	AGO-890S	ATALAY		Atalay Ocaklar AGO - 890 S 4 x Ø100 4 x 10,5	49236.0					NO_MATCH	NO_MATCH	LOW	NOT_FOUND	https://equsto.com/shop/ago-890s		No match found on Mutbex
ATALAY	Atalay Endüstriyel Mutfak Ekipmanları	Pişirme	Ocaklar	AIO-1273	ATALAY		Atalay Ocaklar AIO - 1273 6 1200 x 730 x 300	184504.0					NO_MATCH	NO_MATCH	LOW	NOT_FOUND	https://equsto.com/shop/aio-1273		No match found on Mutbex
ATALAY	Atalay Endüstriyel Mutfak Ekipmanları	Pişirme	Ocaklar	AIO-473	ATALAY		Atalay Ocaklar AIO - 473 2 400 x 730 x 300	67766.0					NO_MATCH	NO_MATCH	LOW	NOT_FOUND	https://equsto.com/shop/aio-473		No match found on Mutbex
ATALAY	Atalay Endüstriyel Mutfak Ekipmanları	Pişirme	Ocaklar	AIO-873	ATALAY		Atalay Ocaklar AIO - 873 4 800 x 730 x 300	137650.0					NO_MATCH	NO_MATCH	LOW	NOT_FOUND	https://equsto.com/shop/aio-873		No match found on Mutbex
ATALAY	Atalay Endüstriyel Mutfak Ekipmanları	Pişirme	Ocaklar	EAEO-1060	ATALAY		Atalay Ocaklar E AEO - 1060 6 x Ø180 1000 x 600 x 300	29912.0					NO_MATCH	NO_MATCH	LOW	NOT_FOUND	https://equsto.com/shop/eaeo-1060		No match found on Mutbex
ATALAY	Atalay Endüstriyel Mutfak Ekipmanları	Pişirme	Ocaklar	EAEO-360	ATALAY		Atalay Ocaklar E AEO - 360 2 x Ø180 300 x 600 x 300	12706.0					NO_MATCH	NO_MATCH	LOW	NOT_FOUND	https://equsto.com/shop/eaeo-360		No match found on Mutbex
ATALAY	Atalay Endüstriyel Mutfak Ekipmanları	Pişirme	Ocaklar	EAEO-460	ATALAY		Atalay Ocaklar E AEO - 460 2 x Ø180 400 x 600 x 300	13236.0					NO_MATCH	NO_MATCH	LOW	NOT_FOUND	https://equsto.com/shop/eaeo-460		No match found on Mutbex
ATALAY	Atalay Endüstriyel Mutfak Ekipmanları	Pişirme	Ocaklar	EAEO-660	ATALAY		Atalay Ocaklar E AEO - 660 4 x Ø180 600 x 600 x 300	21706.0					NO_MATCH	NO_MATCH	LOW	NOT_FOUND	https://equsto.com/shop/eaeo-660		No match found on Mutbex
ATALAY	Atalay Endüstriyel Mutfak Ekipmanları	Pişirme	Ocaklar	EAEO-860	ATALAY		Atalay Ocaklar E AEO - 860 4 x Ø180 800 x 600 x 300	23030.0					NO_MATCH	NO_MATCH	LOW	NOT_FOUND	https://equsto.com/shop/eaeo-860		No match found on Mutbex
ATALAY	Atalay Endüstriyel Mutfak Ekipmanları	Pişirme	Ocaklar	EAGO-1060	ATALAY		Atalay Ocaklar E AGO - 1060 6 x Ø80 1000 x 600 x 300	47648.0					NO_MATCH	NO_MATCH	LOW	NOT_FOUND	https://equsto.com/shop/eago-1060		No match found on Mutbex
ATALAY	Atalay Endüstriyel Mutfak Ekipmanları	Pişirme	Ocaklar	EAGO-360	ATALAY		Atalay Ocaklar E AGO - 360 2 x Ø80 300 x 600 x 300	17471.0					NO_MATCH	NO_MATCH	LOW	NOT_FOUND	https://equsto.com/shop/eago-360		No match found on Mutbex
ATALAY	Atalay Endüstriyel Mutfak Ekipmanları	Pişirme	Ocaklar	EAGO-460	ATALAY		Atalay Ocaklar E AGO - 460 2 x Ø80 400 x 600 x 300	19853.0					NO_MATCH	NO_MATCH	LOW	NOT_FOUND	https://equsto.com/shop/eago-460		No match found on Mutbex
ATALAY	Atalay Endüstriyel Mutfak Ekipmanları	Pişirme	Ocaklar	EAGO-660	ATALAY		Atalay Ocaklar E AGO - 660 4 x Ø80 600 x 600 x 300	32030.0					NO_MATCH	NO_MATCH	LOW	NOT_FOUND	https://equsto.com/shop/eago-660		No match found on Mutbex
ATALAY	Atalay Endüstriyel Mutfak Ekipmanları	Pişirme	Ocaklar	EAGO-860	ATALAY		Atalay Ocaklar E AGO - 860 4 x Ø80 800 x 600 x 300	32824.0					NO_MATCH	NO_MATCH	LOW	NOT_FOUND	https://equsto.com/shop/eago-860		No match found on Mutbex
ATALAY	Atalay Endüstriyel Mutfak Ekipmanları	Pişirme	Ocaklar	EAGO-860T	ATALAY		Atalay Ocaklar E AGO - 860 T 2 x Ø100 2 x 5	26736.0					NO_MATCH	NO_MATCH	LOW	NOT_FOUND	https://equsto.com/shop/eago-860t		No match found on Mutbex
ATALAY	Atalay Endüstriyel Mutfak Ekipmanları	Pişirme	Ocaklar	EAGO460T	ATALAY		Atalay Ocaklar E AGO 460 T 1 x Ø100 400 x 600 x 300	15353.0					NO_MATCH	NO_MATCH	LOW	NOT_FOUND	https://equsto.com/shop/eago460t		No match found on Mutbex
ATALAY	Atalay Endüstriyel Mutfak Ekipmanları	Pişirme	Ocaklar	AGO-1270Y	ATALAY		Atalay Wok Ocaklar AGO - 1270 Y 3 x Ø100 3 x 10	39442.0					NO_MATCH	NO_MATCH	LOW	NOT_FOUND	https://equsto.com/shop/ago-1270y		No match found on Mutbex
ATALAY	Atalay Endüstriyel Mutfak Ekipmanları	Pişirme	Ocaklar	AGO-470Y	ATALAY		Atalay Wok Ocaklar AGO - 470 Y 1 x Ø100 400 x 700 x 300	18795.0					NO_MATCH	NO_MATCH	LOW	NOT_FOUND	https://equsto.com/shop/ago-470y		No match found on Mutbex
ATALAY	Atalay Endüstriyel Mutfak Ekipmanları	Pişirme	Ocaklar	AGO-870Y	ATALAY		Atalay Wok Ocaklar AGO - 870 Y 2 x Ø100 2 x 10	28854.0					NO_MATCH	NO_MATCH	LOW	NOT_FOUND	https://equsto.com/shop/ago-870y		No match found on Mutbex
ATALAY	Atalay Endüstriyel Mutfak Ekipmanları	Pişirme	Patates Dinlendirme	APD-473	ATALAY		Atalay Fritözler APD - 473 Yekpare 400 x 730 x 300	16942.0					NO_MATCH	NO_MATCH	LOW	NOT_FOUND	https://equsto.com/shop/apd-473		No match found on Mutbex
ATALAY	Atalay Endüstriyel Mutfak Ekipmanları	Pişirme	Pilic Cevirme Makineleri	APME-02	ATALAY		Atalay APME - 02 2 1130 x 500 x 830	51884.0					NO_MATCH	NO_MATCH	LOW	NOT_FOUND	https://equsto.com/shop/apme-02		No match found on Mutbex
ATALAY	Atalay Endüstriyel Mutfak Ekipmanları	Pişirme	Pilic Cevirme Makineleri	APME-04	ATALAY		Atalay APME - 04 4 1130 x 500 x 1210	70678.0					NO_MATCH	NO_MATCH	LOW	NOT_FOUND	https://equsto.com/shop/apme-04		No match found on Mutbex
ATALAY	Atalay Endüstriyel Mutfak Ekipmanları	Pişirme	Pilic Cevirme Makineleri	APME-06	ATALAY		Atalay APME - 06 6 1130 x 500 x 1475	83384.0					NO_MATCH	NO_MATCH	LOW	NOT_FOUND	https://equsto.com/shop/apme-06		No match found on Mutbex
ATALAY	Atalay Endüstriyel Mutfak Ekipmanları	Pişirme	Pilic Cevirme Makineleri	APMG-02	ATALAY		Atalay APMG - 02 2 1130 x 500 x 830	52678.0					NO_MATCH	NO_MATCH	LOW	NOT_FOUND	https://equsto.com/shop/apmg-02		No match found on Mutbex
ATALAY	Atalay Endüstriyel Mutfak Ekipmanları	Pişirme	Pilic Cevirme Makineleri	APMG-04	ATALAY		Atalay APMG - 04 4 1130 x 500 x 1210	74119.0					NO_MATCH	NO_MATCH	LOW	NOT_FOUND	https://equsto.com/shop/apmg-04		No match found on Mutbex
ATALAY	Atalay Endüstriyel Mutfak Ekipmanları	Pişirme	Pilic Cevirme Makineleri	APMG-06	ATALAY		Atalay APMG - 06 6 1130 x 500 x 1475	91326.0					NO_MATCH	NO_MATCH	LOW	NOT_FOUND	https://equsto.com/shop/apmg-06		No match found on Mutbex
ATALAY	Atalay Endüstriyel Mutfak Ekipmanları	Pişirme	Pilic Cevirme Makineleri	APMG-08	ATALAY		Atalay APMG - 08 8 1130 x 500 x 1850	110120.0					NO_MATCH	NO_MATCH	LOW	NOT_FOUND	https://equsto.com/shop/apmg-08		No match found on Mutbex
ATALAY	Atalay Endüstriyel Mutfak Ekipmanları	Pişirme	Pizza Firinlari	APF-40/1	ATALAY		Atalay APF - 40/1 230 V 650 x 510 x 290	25677.0					NO_MATCH	NO_MATCH	LOW	NOT_FOUND	https://equsto.com/shop/apf-40/1		No match found on Mutbex
ATALAY	Atalay Endüstriyel Mutfak Ekipmanları	Pişirme	Pizza Firinlari	APF-40/2	ATALAY		Atalay APF - 40/2 400 V 650 x 510 x 500	35471.0					NO_MATCH	NO_MATCH	LOW	NOT_FOUND	https://equsto.com/shop/apf-40/2		No match found on Mutbex
ATALAY	Atalay Endüstriyel Mutfak Ekipmanları	Pişirme	Pizza Firinlari	APF-50/1	ATALAY		Atalay APF - 50/1 400 V 800 x 640 x 360	29383.0					NO_MATCH	NO_MATCH	LOW	NOT_FOUND	https://equsto.com/shop/apf-50/1		No match found on Mutbex
ATALAY	Atalay Endüstriyel Mutfak Ekipmanları	Pişirme	Pizza Firinlari	APF-50/2	ATALAY		Atalay APF - 50/2 400 V 800 x 640 x 500	41560.0	Atalay Çift Katlı Elektrikli Pizza Fırını, 8 Pizza Kapasiteli, APF-50-2	63867.6	-22307.6	-34.93	EQUSTO_DAHA_UCUZ	EXACT_MODEL	HIGH	IN_STOCK	https://equsto.com/shop/apf-50/2	https://www.mutbex.com/atalay-cift-katli-elektrikli-pizza-firini-8-pizza-kapasiteli-apf-50-2	match_method=EXACT_MODEL; mutbex_code=042.APF.50.2
ATALAY	Atalay Endüstriyel Mutfak Ekipmanları	Pişirme	Pizza Firinlari	APF-62/1	ATALAY		Atalay APF - 62/1 400 V 890 x 720 x 430	33618.0	Atalay Tek Katlı Elektrikli Pizza Fırını, 4 Pizza Kapasiteli, APF-62-1	51663.6	-18045.6	-34.93	EQUSTO_DAHA_UCUZ	EXACT_MODEL	HIGH	IN_STOCK	https://equsto.com/shop/apf-62/1	https://www.mutbex.com/atalay-tek-katli-elektrikli-pizza-firini-4-pizza-kapasiteli-apf-62-1	match_method=EXACT_MODEL; mutbex_code=042.APF.62.1
ATALAY	Atalay Endüstriyel Mutfak Ekipmanları	Pişirme	Pizza Firinlari	APF-62/2	ATALAY		Atalay APF - 62/2 400 V 890 x 720 x 760	52942.0	Atalay Çift Katlı Elektrikli Pizza Fırını, 8 Pizza Kapasiteli, APF-62-2	81360	-28418.0	-34.93	EQUSTO_DAHA_UCUZ	EXACT_MODEL	HIGH	IN_STOCK	https://equsto.com/shop/apf-62/2	https://www.mutbex.com/atalay-cift-katli-elektrikli-pizza-firini-8-pizza-kapasiteli-apf-62-2	match_method=EXACT_MODEL; mutbex_code=042.APF.62.2
ATALAY	Atalay Endüstriyel Mutfak Ekipmanları	Pişirme	Pizza Firinlari	APF-92/1	ATALAY		Atalay APF - 92/1 400 V 1190 x 1030 x 430	60884.0					NO_MATCH	NO_MATCH	LOW	NOT_FOUND	https://equsto.com/shop/apf-92/1		No match found on Mutbex
ATALAY	Atalay Endüstriyel Mutfak Ekipmanları	Pişirme	Pizza Firinlari	APF-92/2	ATALAY		Atalay APF - 92/2 400 V 1190 x 1030 x 760	96620.0					NO_MATCH	NO_MATCH	LOW	NOT_FOUND	https://equsto.com/shop/apf-92/2		No match found on Mutbex
ATALAY	Atalay Endüstriyel Mutfak Ekipmanları	Pişirme	Pizza Firinlari	APF-962/1	ATALAY		Atalay APF - 962/1 400 V 1190 x 720 x 430	49236.0					NO_MATCH	NO_MATCH	LOW	NOT_FOUND	https://equsto.com/shop/apf-962/1		No match found on Mutbex
ATALAY	Atalay Endüstriyel Mutfak Ekipmanları	Pişirme	Pizza Firinlari	APF-962/2	ATALAY		Atalay APF - 962/2 400 V 1190 x 720 x 760	74913.0	Atalay Çift Katlı Elektrikli Pizza Fırını, 12 Pizza Kapasiteli, APF-962-2	115124.4	-40211.399999999994	-34.93	EQUSTO_DAHA_UCUZ	EXACT_MODEL	HIGH	IN_STOCK	https://equsto.com/shop/apf-962/2	https://www.mutbex.com/atalay-cift-katli-elektrikli-pizza-firini-12-pizza-kapasiteli-apf-962-2	match_method=EXACT_MODEL; mutbex_code=042.APF.962.2
ATALAY	Atalay Endüstriyel Mutfak Ekipmanları	Pişirme	Sanayi Ocaklari	AGKO-473	ATALAY		Atalay Wok Ocaklar AGKO - 473 1 400 x 730 x 300	34942.0					NO_MATCH	NO_MATCH	LOW	NOT_FOUND	https://equsto.com/shop/agko-473		No match found on Mutbex
ATALAY	Atalay Endüstriyel Mutfak Ekipmanları	Pişirme	Sanayi Ocaklari	AGKO-873	ATALAY		Atalay Wok Ocaklar AGKO - 873 1 800 x 730 x 300	51354.0					NO_MATCH	NO_MATCH	LOW	NOT_FOUND	https://equsto.com/shop/agko-873		No match found on Mutbex
ATALAY	Atalay Endüstriyel Mutfak Ekipmanları	Pişirme	Sanayi Ocaklari	AWO-470	ATALAY		Atalay Wok Ocaklar AWO - 470 1 400 x 700 x 300	25412.0					NO_MATCH	NO_MATCH	LOW	NOT_FOUND	https://equsto.com/shop/awo-470		No match found on Mutbex
ATALAY	Atalay Endüstriyel Mutfak Ekipmanları	Pişirme	Sanayi Ocaklari	AWO-490	ATALAY		Atalay Wok Ocaklar AWO - 490 1 400 x 900 x 850	37854.0					NO_MATCH	NO_MATCH	LOW	NOT_FOUND	https://equsto.com/shop/awo-490		No match found on Mutbex
ATALAY	Atalay Endüstriyel Mutfak Ekipmanları	Pişirme	Sanayi Ocaklari	AWO-870	ATALAY		Atalay Wok Ocaklar AWO - 870 2 2 x 12,5	43677.0					NO_MATCH	NO_MATCH	LOW	NOT_FOUND	https://equsto.com/shop/awo-870		No match found on Mutbex
ATALAY	Atalay Endüstriyel Mutfak Ekipmanları	Pişirme	Sanayi Ocaklari	AWO-873	ATALAY		Atalay Wok Ocaklar AWO - 873 2 800 x 730 x 300	50295.0					NO_MATCH	NO_MATCH	LOW	NOT_FOUND	https://equsto.com/shop/awo-873		No match found on Mutbex
ATALAY	Atalay Endüstriyel Mutfak Ekipmanları	Pişirme	Sanayi Ocaklari	AWO-890	ATALAY		Atalay Wok Ocaklar AWO - 890 2 2 x 12,5	62207.0					NO_MATCH	NO_MATCH	LOW	NOT_FOUND	https://equsto.com/shop/awo-890		No match found on Mutbex
ATALAY	Atalay Endüstriyel Mutfak Ekipmanları	Pişirme	Sanayi Ocaklari	AWO473	ATALAY		Atalay Wok Ocaklar AWO 473 1 400 x 730 x 300	29383.0					NO_MATCH	NO_MATCH	LOW	NOT_FOUND	https://equsto.com/shop/awo473		No match found on Mutbex
ATALAY	Atalay Endüstriyel Mutfak Ekipmanları	Pişirme	Sanayi Ocaklari	EAWO-860	ATALAY		Atalay Wok Ocaklar E AWO - 860 2 800 x 600 x 300	37060.0					NO_MATCH	NO_MATCH	LOW	NOT_FOUND	https://equsto.com/shop/eawo-860		No match found on Mutbex
ATALAY	Atalay Endüstriyel Mutfak Ekipmanları	Pişirme	Sanayi Ocaklari	EAWO460	ATALAY		Atalay Wok Ocaklar E AWO 460 1 400 x 600 x 300	21442.0					NO_MATCH	NO_MATCH	LOW	NOT_FOUND	https://equsto.com/shop/eawo460		No match found on Mutbex
ATALAY	Atalay Endüstriyel Mutfak Ekipmanları	Pişirme	Sanayi Tipi İzgaralar	AGI-490/NCR	ATALAY		Atalay AGI - 490 / N CR Nervürlü 400 x 900 x 850	45266.0					NO_MATCH	NO_MATCH	LOW	NOT_FOUND	https://equsto.com/shop/agi-490/ncr		No match found on Mutbex
ATALAY	Atalay Endüstriyel Mutfak Ekipmanları	Pişirme	Sanayi Tipi İzgaralar	AGI-490/N	ATALAY		Atalay AGI - 490 / N Nervürlü 400 x 900 x 850	38119.0					NO_MATCH	NO_MATCH	LOW	NOT_FOUND	https://equsto.com/shop/agi-490/n		No match found on Mutbex
ATALAY	Atalay Endüstriyel Mutfak Ekipmanları	Pişirme	Sanayi Tipi İzgaralar	AGI-490CR	ATALAY		Atalay AGI - 490 CR Düz 400 x 900 x 850	39972.0					NO_MATCH	NO_MATCH	LOW	NOT_FOUND	https://equsto.com/shop/agi-490cr		No match found on Mutbex
ATALAY	Atalay Endüstriyel Mutfak Ekipmanları	Pişirme	Sanayi Tipi İzgaralar	AGI-490	ATALAY		Atalay AGI - 490 Düz 400 x 900 x 850	33883.0					NO_MATCH	NO_MATCH	LOW	NOT_FOUND	https://equsto.com/shop/agi-490		No match found on Mutbex
ATALAY	Atalay Endüstriyel Mutfak Ekipmanları	Pişirme	Sanayi Tipi İzgaralar	AGI-890/NCR	ATALAY		Atalay AGI - 890 / N CR Nervürlü 800 x 900 x 850	70413.0					NO_MATCH	NO_MATCH	LOW	NOT_FOUND	https://equsto.com/shop/agi-890/ncr		No match found on Mutbex
ATALAY	Atalay Endüstriyel Mutfak Ekipmanları	Pişirme	Sanayi Tipi İzgaralar	AGI-890/N	ATALAY		Atalay AGI - 890 / N Nervürlü 800 x 900 x 850	56648.0					NO_MATCH	NO_MATCH	LOW	NOT_FOUND	https://equsto.com/shop/agi-890/n		No match found on Mutbex
ATALAY	Atalay Endüstriyel Mutfak Ekipmanları	Pişirme	Sanayi Tipi İzgaralar	AGI-890/NDCR	ATALAY		Atalay AGI - 890 / ND CR Nervürlü+Düz 800 x 900 x 850	69619.0					NO_MATCH	NO_MATCH	LOW	NOT_FOUND	https://equsto.com/shop/agi-890/ndcr		No match found on Mutbex
ATALAY	Atalay Endüstriyel Mutfak Ekipmanları	Pişirme	Sanayi Tipi İzgaralar	AGI-890/ND	ATALAY		Atalay AGI - 890 / ND Nervürlü+Düz 800 x 900 x 850	56119.0					NO_MATCH	NO_MATCH	LOW	NOT_FOUND	https://equsto.com/shop/agi-890/nd		No match found on Mutbex
ATALAY	Atalay Endüstriyel Mutfak Ekipmanları	Pişirme	Sanayi Tipi İzgaralar	AGI-890CR	ATALAY		Atalay AGI - 890 CR Düz 800 x 900 x 850	68825.0					NO_MATCH	NO_MATCH	LOW	NOT_FOUND	https://equsto.com/shop/agi-890cr		No match found on Mutbex
ATALAY	Atalay Endüstriyel Mutfak Ekipmanları	Pişirme	Sanayi Tipi İzgaralar	AGI-890	ATALAY		Atalay AGI - 890 Düz 800 x 900 x 850	55060.0					NO_MATCH	NO_MATCH	LOW	NOT_FOUND	https://equsto.com/shop/agi-890		No match found on Mutbex
ATALAY	Atalay Endüstriyel Mutfak Ekipmanları	Pişirme	Sanayi Tipi İzgaralar	AAIE-473	ATALAY		Atalay Amerikan Izgaralar AAIE - 473 380-415 V 400 x 730 x 300	33354.0					NO_MATCH	NO_MATCH	LOW	NOT_FOUND	https://equsto.com/shop/aaie-473		No match found on Mutbex
ATALAY	Atalay Endüstriyel Mutfak Ekipmanları	Pişirme	Sanayi Tipi İzgaralar	AAIE-673	ATALAY		Atalay Amerikan Izgaralar AAIE - 673 380-415 V 600 x 730 x 300	39972.0					NO_MATCH	NO_MATCH	LOW	NOT_FOUND	https://equsto.com/shop/aaie-673		No match found on Mutbex
ATALAY	Atalay Endüstriyel Mutfak Ekipmanları	Pişirme	Sanayi Tipi İzgaralar	AAIG-1270	ATALAY		Atalay Amerikan Izgaralar AAIG - 1270 1,581 kg / h 1200 x 700 x 300	60354.0					NO_MATCH	NO_MATCH	LOW	NOT_FOUND	https://equsto.com/shop/aaig-1270		No match found on Mutbex
ATALAY	Atalay Endüstriyel Mutfak Ekipmanları	Pişirme	Sanayi Tipi İzgaralar	AAIG-1273	ATALAY		Atalay Amerikan Izgaralar AAIG - 1273 1,581 kg / h 1200 x 730 x 300	70413.0					NO_MATCH	NO_MATCH	LOW	NOT_FOUND	https://equsto.com/shop/aaig-1273		No match found on Mutbex
ATALAY	Atalay Endüstriyel Mutfak Ekipmanları	Pişirme	Sanayi Tipi İzgaralar	AAIG-1290	ATALAY		Atalay Amerikan Izgaralar AAIG - 1290 2,465 kg / h 1200 x 900 x 850	84973.0					NO_MATCH	NO_MATCH	LOW	NOT_FOUND	https://equsto.com/shop/aaig-1290		No match found on Mutbex
ATALAY	Atalay Endüstriyel Mutfak Ekipmanları	Pişirme	Sanayi Tipi İzgaralar	AAIG-1290S	ATALAY		Atalay Amerikan Izgaralar AAIG - 1290 S 2,465 kg / h 1200 x 900 x 300	72002.0					NO_MATCH	NO_MATCH	LOW	NOT_FOUND	https://equsto.com/shop/aaig-1290s		No match found on Mutbex
ATALAY	Atalay Endüstriyel Mutfak Ekipmanları	Pişirme	Sanayi Tipi İzgaralar	AAIG-470	ATALAY		Atalay Amerikan Izgaralar AAIG - 470 0,527 kg / h 400 x 700 x 300	30707.0					NO_MATCH	NO_MATCH	LOW	NOT_FOUND	https://equsto.com/shop/aaig-470		No match found on Mutbex
ATALAY	Atalay Endüstriyel Mutfak Ekipmanları	Pişirme	Sanayi Tipi İzgaralar	AAIG-473	ATALAY		Atalay Amerikan Izgaralar AAIG - 473 0,527 kg / h 400 x 730 x 300	35207.0					NO_MATCH	NO_MATCH	LOW	NOT_FOUND	https://equsto.com/shop/aaig-473		No match found on Mutbex
ATALAY	Atalay Endüstriyel Mutfak Ekipmanları	Pişirme	Sanayi Tipi İzgaralar	AAIG-490	ATALAY		Atalay Amerikan Izgaralar AAIG - 490 0,822 kg / h 400 x 900 x 850	39972.0					NO_MATCH	NO_MATCH	LOW	NOT_FOUND	https://equsto.com/shop/aaig-490		No match found on Mutbex
ATALAY	Atalay Endüstriyel Mutfak Ekipmanları	Pişirme	Sanayi Tipi İzgaralar	AAIG-490S	ATALAY		Atalay Amerikan Izgaralar AAIG - 490 S 0,822 kg / h 400 x 900 x 300	37324.0					NO_MATCH	NO_MATCH	LOW	NOT_FOUND	https://equsto.com/shop/aaig-490s		No match found on Mutbex
ATALAY	Atalay Endüstriyel Mutfak Ekipmanları	Pişirme	Sanayi Tipi İzgaralar	AAIG-670	ATALAY		Atalay Amerikan Izgaralar AAIG - 670 0,527 kg / h 600 x 700 x 300	37060.0					NO_MATCH	NO_MATCH	LOW	NOT_FOUND	https://equsto.com/shop/aaig-670		No match found on Mutbex
ATALAY	Atalay Endüstriyel Mutfak Ekipmanları	Pişirme	Sanayi Tipi İzgaralar	AAIG-673	ATALAY		Atalay Amerikan Izgaralar AAIG - 673 1,054 kg / h 600 x 730 x 300	41560.0					NO_MATCH	NO_MATCH	LOW	NOT_FOUND	https://equsto.com/shop/aaig-673		No match found on Mutbex
ATALAY	Atalay Endüstriyel Mutfak Ekipmanları	Pişirme	Sanayi Tipi İzgaralar	AAIG-870	ATALAY		Atalay Amerikan Izgaralar AAIG - 870 1,054 kg / h 800 x 700 x 300	46854.0					NO_MATCH	NO_MATCH	LOW	NOT_FOUND	https://equsto.com/shop/aaig-870		No match found on Mutbex
ATALAY	Atalay Endüstriyel Mutfak Ekipmanları	Pişirme	Sanayi Tipi İzgaralar	AAIG-873	ATALAY		Atalay Amerikan Izgaralar AAIG - 873 1,054 kg / h 800 x 730 x 300	54001.0					NO_MATCH	NO_MATCH	LOW	NOT_FOUND	https://equsto.com/shop/aaig-873		No match found on Mutbex
ATALAY	Atalay Endüstriyel Mutfak Ekipmanları	Pişirme	Sanayi Tipi İzgaralar	AAIG-890	ATALAY		Atalay Amerikan Izgaralar AAIG - 890 1,643 kg / h 800 x 900 x 850	57972.0					NO_MATCH	NO_MATCH	LOW	NOT_FOUND	https://equsto.com/shop/aaig-890		No match found on Mutbex
ATALAY	Atalay Endüstriyel Mutfak Ekipmanları	Pişirme	Sanayi Tipi İzgaralar	AAIG-890S	ATALAY		Atalay Amerikan Izgaralar AAIG - 890 S 1,643 kg / h 800 x 900 x 300	55060.0					NO_MATCH	NO_MATCH	LOW	NOT_FOUND	https://equsto.com/shop/aaig-890s		No match found on Mutbex
ATALAY	Atalay Endüstriyel Mutfak Ekipmanları	Pişirme	Sanayi Tipi İzgaralar	EAAIE-460	ATALAY		Atalay Amerikan Izgaralar E AAIE - 460 220-240 V 400 x 600 x 300	27265.0					NO_MATCH	NO_MATCH	LOW	NOT_FOUND	https://equsto.com/shop/eaaie-460		No match found on Mutbex
ATALAY	Atalay Endüstriyel Mutfak Ekipmanları	Pişirme	Sanayi Tipi İzgaralar	EAAIE-660	ATALAY		Atalay Amerikan Izgaralar E AAIE - 660 380-415 V 600 x 600 x 300	33089.0					NO_MATCH	NO_MATCH	LOW	NOT_FOUND	https://equsto.com/shop/eaaie-660		No match found on Mutbex
ATALAY	Atalay Endüstriyel Mutfak Ekipmanları	Pişirme	Sanayi Tipi İzgaralar	AEI-1273/NCR	ATALAY		Atalay Izgaralar AEI - 1273 / N CR Nervürlü 1200 x 730 x 300	74913.0					NO_MATCH	NO_MATCH	LOW	NOT_FOUND	https://equsto.com/shop/aei-1273/ncr		No match found on Mutbex
ATALAY	Atalay Endüstriyel Mutfak Ekipmanları	Pişirme	Sanayi Tipi İzgaralar	AEI-1273/N	ATALAY		Atalay Izgaralar AEI - 1273 / N Nervürlü 1200 x 730 x 300	59825.0					NO_MATCH	NO_MATCH	LOW	NOT_FOUND	https://equsto.com/shop/aei-1273/n		No match found on Mutbex
ATALAY	Atalay Endüstriyel Mutfak Ekipmanları	Pişirme	Sanayi Tipi İzgaralar	AEI-1273/NDCR	ATALAY		Atalay Izgaralar AEI - 1273 / ND CR Nervürlü + Düz 1200 x 730 x 300	74119.0					NO_MATCH	NO_MATCH	LOW	NOT_FOUND	https://equsto.com/shop/aei-1273/ndcr		No match found on Mutbex
ATALAY	Atalay Endüstriyel Mutfak Ekipmanları	Pişirme	Sanayi Tipi İzgaralar	AEI-1273/ND	ATALAY		Atalay Izgaralar AEI - 1273 / ND Nervürlü + Düz 1200 x 730 x 300	58237.0					NO_MATCH	NO_MATCH	LOW	NOT_FOUND	https://equsto.com/shop/aei-1273/nd		No match found on Mutbex
ATALAY	Atalay Endüstriyel Mutfak Ekipmanları	Pişirme	Sanayi Tipi İzgaralar	AEI-1273CR	ATALAY		Atalay Izgaralar AEI - 1273 CR Düz 1200 x 730 x 300	72796.0					NO_MATCH	NO_MATCH	LOW	NOT_FOUND	https://equsto.com/shop/aei-1273cr		No match found on Mutbex
ATALAY	Atalay Endüstriyel Mutfak Ekipmanları	Pişirme	Sanayi Tipi İzgaralar	AEI-1273	ATALAY		Atalay Izgaralar AEI - 1273 Düz 1200 x 730 x 300	50295.0					NO_MATCH	NO_MATCH	LOW	NOT_FOUND	https://equsto.com/shop/aei-1273		No match found on Mutbex
ATALAY	Atalay Endüstriyel Mutfak Ekipmanları	Pişirme	Sanayi Tipi İzgaralar	AEI-470/NCR	ATALAY		Atalay Izgaralar AEI - 470 / N CR Nervürlü 400 x 700 x 300	32030.0					NO_MATCH	NO_MATCH	LOW	NOT_FOUND	https://equsto.com/shop/aei-470/ncr		No match found on Mutbex
ATALAY	Atalay Endüstriyel Mutfak Ekipmanları	Pişirme	Sanayi Tipi İzgaralar	AEI-470/N	ATALAY		Atalay Izgaralar AEI - 470 / N Nervürlü 400 x 700 x 300	22765.0					NO_MATCH	NO_MATCH	LOW	NOT_FOUND	https://equsto.com/shop/aei-470/n		No match found on Mutbex
ATALAY	Atalay Endüstriyel Mutfak Ekipmanları	Pişirme	Sanayi Tipi İzgaralar	AEI-470CR	ATALAY		Atalay Izgaralar AEI - 470 CR Düz 400 x 700 x300	29118.0					NO_MATCH	NO_MATCH	LOW	NOT_FOUND	https://equsto.com/shop/aei-470cr		No match found on Mutbex
ATALAY	Atalay Endüstriyel Mutfak Ekipmanları	Pişirme	Sanayi Tipi İzgaralar	AEI-470	ATALAY		Atalay Izgaralar AEI - 470 Düz 400 x 700 x300	20383.0					NO_MATCH	NO_MATCH	LOW	NOT_FOUND	https://equsto.com/shop/aei-470		No match found on Mutbex
ATALAY	Atalay Endüstriyel Mutfak Ekipmanları	Pişirme	Sanayi Tipi İzgaralar	AEI-473/NCR	ATALAY		Atalay Izgaralar AEI - 473 / N CR Nervürlü 400 x 730 x 300	36795.0					NO_MATCH	NO_MATCH	LOW	NOT_FOUND	https://equsto.com/shop/aei-473/ncr		No match found on Mutbex
ATALAY	Atalay Endüstriyel Mutfak Ekipmanları	Pişirme	Sanayi Tipi İzgaralar	AEI-473/N	ATALAY		Atalay Izgaralar AEI - 473 / N Nervürlü 400 x 730 x 300	26206.0					NO_MATCH	NO_MATCH	LOW	NOT_FOUND	https://equsto.com/shop/aei-473/n		No match found on Mutbex
ATALAY	Atalay Endüstriyel Mutfak Ekipmanları	Pişirme	Sanayi Tipi İzgaralar	AEI-473CR	ATALAY		Atalay Izgaralar AEI - 473 CR Düz 400 x 730 x 300	33618.0					NO_MATCH	NO_MATCH	LOW	NOT_FOUND	https://equsto.com/shop/aei-473cr		No match found on Mutbex
ATALAY	Atalay Endüstriyel Mutfak Ekipmanları	Pişirme	Sanayi Tipi İzgaralar	AEI-473	ATALAY		Atalay Izgaralar AEI - 473 Düz 400 x 730 x 300	23559.0					NO_MATCH	NO_MATCH	LOW	NOT_FOUND	https://equsto.com/shop/aei-473		No match found on Mutbex
ATALAY	Atalay Endüstriyel Mutfak Ekipmanları	Pişirme	Sanayi Tipi İzgaralar	AEI-490/NCR	ATALAY		Atalay Izgaralar AEI - 490 / N CR Nervürlü 400 x 900 x 850	43148.0					NO_MATCH	NO_MATCH	LOW	NOT_FOUND	https://equsto.com/shop/aei-490/ncr		No match found on Mutbex
ATALAY	Atalay Endüstriyel Mutfak Ekipmanları	Pişirme	Sanayi Tipi İzgaralar	AEI-490/N	ATALAY		Atalay Izgaralar AEI - 490 / N Nervürlü 400 x 900 x 850	37060.0					NO_MATCH	NO_MATCH	LOW	NOT_FOUND	https://equsto.com/shop/aei-490/n		No match found on Mutbex
ATALAY	Atalay Endüstriyel Mutfak Ekipmanları	Pişirme	Sanayi Tipi İzgaralar	AEI-490/NSCR	ATALAY		Atalay Izgaralar AEI - 490 / N S CR Nervürlü 400 x 900 x 300	37060.0					NO_MATCH	NO_MATCH	LOW	NOT_FOUND	https://equsto.com/shop/aei-490/nscr		No match found on Mutbex
ATALAY	Atalay Endüstriyel Mutfak Ekipmanları	Pişirme	Sanayi Tipi İzgaralar	AEI-490/NS	ATALAY		Atalay Izgaralar AEI - 490 / N S Nervürlü 400 x 900 x 300	29648.0					NO_MATCH	NO_MATCH	LOW	NOT_FOUND	https://equsto.com/shop/aei-490/ns		No match found on Mutbex
ATALAY	Atalay Endüstriyel Mutfak Ekipmanları	Pişirme	Sanayi Tipi İzgaralar	AEI-490CR	ATALAY		Atalay Izgaralar AEI - 490 CR Düz 400 x 900 x 850	38383.0					NO_MATCH	NO_MATCH	LOW	NOT_FOUND	https://equsto.com/shop/aei-490cr		No match found on Mutbex
ATALAY	Atalay Endüstriyel Mutfak Ekipmanları	Pişirme	Sanayi Tipi İzgaralar	AEI-490	ATALAY		Atalay Izgaralar AEI - 490 Düz 400 x 900 x 850	32030.0					NO_MATCH	NO_MATCH	LOW	NOT_FOUND	https://equsto.com/shop/aei-490		No match found on Mutbex
ATALAY	Atalay Endüstriyel Mutfak Ekipmanları	Pişirme	Sanayi Tipi İzgaralar	AEI-490SCR	ATALAY		Atalay Izgaralar AEI - 490 S CR Düz 400 x 900 x 300	33354.0					NO_MATCH	NO_MATCH	LOW	NOT_FOUND	https://equsto.com/shop/aei-490scr		No match found on Mutbex
ATALAY	Atalay Endüstriyel Mutfak Ekipmanları	Pişirme	Sanayi Tipi İzgaralar	AEI-490S	ATALAY		Atalay Izgaralar AEI - 490 S Düz 400 x 900 x 300	24354.0					NO_MATCH	NO_MATCH	LOW	NOT_FOUND	https://equsto.com/shop/aei-490s		No match found on Mutbex
ATALAY	Atalay Endüstriyel Mutfak Ekipmanları	Pişirme	Sanayi Tipi İzgaralar	AEI-670/NCR	ATALAY		Atalay Izgaralar AEI - 670 / N CR Nervürlü 600 x 700 x 300	41030.0					NO_MATCH	NO_MATCH	LOW	NOT_FOUND	https://equsto.com/shop/aei-670/ncr		No match found on Mutbex
ATALAY	Atalay Endüstriyel Mutfak Ekipmanları	Pişirme	Sanayi Tipi İzgaralar	AEI-670CR	ATALAY		Atalay Izgaralar AEI - 670 CR Düz 600 x 700 x 300	37060.0					NO_MATCH	NO_MATCH	LOW	NOT_FOUND	https://equsto.com/shop/aei-670cr		No match found on Mutbex
ATALAY	Atalay Endüstriyel Mutfak Ekipmanları	Pişirme	Sanayi Tipi İzgaralar	AEI-670	ATALAY		Atalay Izgaralar AEI - 670 Düz 600 x 700 x 300	26471.0					NO_MATCH	NO_MATCH	LOW	NOT_FOUND	https://equsto.com/shop/aei-670		No match found on Mutbex
ATALAY	Atalay Endüstriyel Mutfak Ekipmanları	Pişirme	Sanayi Tipi İzgaralar	AEI-673/NCR	ATALAY		Atalay Izgaralar AEI - 673 / N CR Nervürlü 600 x 730 x 300	47119.0					NO_MATCH	NO_MATCH	LOW	NOT_FOUND	https://equsto.com/shop/aei-673/ncr		No match found on Mutbex
ATALAY	Atalay Endüstriyel Mutfak Ekipmanları	Pişirme	Sanayi Tipi İzgaralar	AEI-673/N	ATALAY		Atalay Izgaralar AEI - 673 / N Nervürlü 600 x 730 x 300	33354.0					NO_MATCH	NO_MATCH	LOW	NOT_FOUND	https://equsto.com/shop/aei-673/n		No match found on Mutbex
ATALAY	Atalay Endüstriyel Mutfak Ekipmanları	Pişirme	Sanayi Tipi İzgaralar	AEI-673/NDCR	ATALAY		Atalay Izgaralar AEI - 673 / ND CR Nervürlü + Düz 600 x 730 x 300	46060.0					NO_MATCH	NO_MATCH	LOW	NOT_FOUND	https://equsto.com/shop/aei-673/ndcr		No match found on Mutbex
ATALAY	Atalay Endüstriyel Mutfak Ekipmanları	Pişirme	Sanayi Tipi İzgaralar	AEI-673/ND	ATALAY		Atalay Izgaralar AEI - 673 / ND Nervürlü + Düz 600 x 730 x 300	32824.0					NO_MATCH	NO_MATCH	LOW	NOT_FOUND	https://equsto.com/shop/aei-673/nd		No match found on Mutbex
ATALAY	Atalay Endüstriyel Mutfak Ekipmanları	Pişirme	Sanayi Tipi İzgaralar	AEI-673CR	ATALAY		Atalay Izgaralar AEI - 673 CR Düz 600 x 730 x 300	42883.0					NO_MATCH	NO_MATCH	LOW	NOT_FOUND	https://equsto.com/shop/aei-673cr		No match found on Mutbex
ATALAY	Atalay Endüstriyel Mutfak Ekipmanları	Pişirme	Sanayi Tipi İzgaralar	AEI-673	ATALAY		Atalay Izgaralar AEI - 673 Düz 600 x 730 x 300	30177.0					NO_MATCH	NO_MATCH	LOW	NOT_FOUND	https://equsto.com/shop/aei-673		No match found on Mutbex
ATALAY	Atalay Endüstriyel Mutfak Ekipmanları	Pişirme	Sanayi Tipi İzgaralar	AEI-870/NCR	ATALAY		Atalay Izgaralar AEI - 870 / N CR Nervürlü 800 x 700 x 300	51884.0					NO_MATCH	NO_MATCH	LOW	NOT_FOUND	https://equsto.com/shop/aei-870/ncr		No match found on Mutbex
ATALAY	Atalay Endüstriyel Mutfak Ekipmanları	Pişirme	Sanayi Tipi İzgaralar	AEI-870CR	ATALAY		Atalay Izgaralar AEI - 870 CR Düz 800 x 700 x 300	44736.0					NO_MATCH	NO_MATCH	LOW	NOT_FOUND	https://equsto.com/shop/aei-870cr		No match found on Mutbex
ATALAY	Atalay Endüstriyel Mutfak Ekipmanları	Pişirme	Sanayi Tipi İzgaralar	AEI-870	ATALAY		Atalay Izgaralar AEI - 870 Düz 800 x 700 x 300	31236.0					NO_MATCH	NO_MATCH	LOW	NOT_FOUND	https://equsto.com/shop/aei-870		No match found on Mutbex
ATALAY	Atalay Endüstriyel Mutfak Ekipmanları	Pişirme	Sanayi Tipi İzgaralar	AEI-870/NDCR	ATALAY		Atalay Izgaralar AEI - 870/ND CR Nervürlü+Düz 800 x 700 x 300	50560.0					NO_MATCH	NO_MATCH	LOW	NOT_FOUND	https://equsto.com/shop/aei-870/ndcr		No match found on Mutbex
ATALAY	Atalay Endüstriyel Mutfak Ekipmanları	Pişirme	Sanayi Tipi İzgaralar	AEI-873/NCR	ATALAY		Atalay Izgaralar AEI - 873 / N CR Nervürlü 800 x 730 x 300	57707.0					NO_MATCH	NO_MATCH	LOW	NOT_FOUND	https://equsto.com/shop/aei-873/ncr		No match found on Mutbex
ATALAY	Atalay Endüstriyel Mutfak Ekipmanları	Pişirme	Sanayi Tipi İzgaralar	AEI-873/N	ATALAY		Atalay Izgaralar AEI - 873 / N Nervürlü 800 x 730 x 300	40501.0					NO_MATCH	NO_MATCH	LOW	NOT_FOUND	https://equsto.com/shop/aei-873/n		No match found on Mutbex
ATALAY	Atalay Endüstriyel Mutfak Ekipmanları	Pişirme	Sanayi Tipi İzgaralar	AEI-873/NDCR	ATALAY		Atalay Izgaralar AEI - 873 / ND CR Nervürlü + Düz 800 x 730 x 300	56384.0					NO_MATCH	NO_MATCH	LOW	NOT_FOUND	https://equsto.com/shop/aei-873/ndcr		No match found on Mutbex
ATALAY	Atalay Endüstriyel Mutfak Ekipmanları	Pişirme	Sanayi Tipi İzgaralar	AEI-873/ND	ATALAY		Atalay Izgaralar AEI - 873 / ND Nervürlü + Düz 800 x 730 x 300	39707.0					NO_MATCH	NO_MATCH	LOW	NOT_FOUND	https://equsto.com/shop/aei-873/nd		No match found on Mutbex
ATALAY	Atalay Endüstriyel Mutfak Ekipmanları	Pişirme	Sanayi Tipi İzgaralar	AEI-873CR	ATALAY		Atalay Izgaralar AEI - 873 CR Düz 800 x 730 x 300	51354.0					NO_MATCH	NO_MATCH	LOW	NOT_FOUND	https://equsto.com/shop/aei-873cr		No match found on Mutbex
ATALAY	Atalay Endüstriyel Mutfak Ekipmanları	Pişirme	Sanayi Tipi İzgaralar	AEI-873	ATALAY		Atalay Izgaralar AEI - 873 Düz 800 x 730 x 300	38383.0					NO_MATCH	NO_MATCH	LOW	NOT_FOUND	https://equsto.com/shop/aei-873		No match found on Mutbex
ATALAY	Atalay Endüstriyel Mutfak Ekipmanları	Pişirme	Sanayi Tipi İzgaralar	AEI-890/NCR	ATALAY		Atalay Izgaralar AEI - 890 / N CR Nervürlü 800 x 900 x 850	67237.0					NO_MATCH	NO_MATCH	LOW	NOT_FOUND	https://equsto.com/shop/aei-890/ncr		No match found on Mutbex
ATALAY	Atalay Endüstriyel Mutfak Ekipmanları	Pişirme	Sanayi Tipi İzgaralar	AEI-890/N	ATALAY		Atalay Izgaralar AEI - 890 / N Nervürlü 800 x 900 x 850	53207.0					NO_MATCH	NO_MATCH	LOW	NOT_FOUND	https://equsto.com/shop/aei-890/n		No match found on Mutbex
ATALAY	Atalay Endüstriyel Mutfak Ekipmanları	Pişirme	Sanayi Tipi İzgaralar	AEI-890/NSCR	ATALAY		Atalay Izgaralar AEI - 890 / N S CR Nervürlü 800 x 900 x 300	56648.0					NO_MATCH	NO_MATCH	LOW	NOT_FOUND	https://equsto.com/shop/aei-890/nscr		No match found on Mutbex
ATALAY	Atalay Endüstriyel Mutfak Ekipmanları	Pişirme	Sanayi Tipi İzgaralar	AEI-890/NS	ATALAY		Atalay Izgaralar AEI - 890 / N S Nervürlü 800 x 900 x 300	45266.0					NO_MATCH	NO_MATCH	LOW	NOT_FOUND	https://equsto.com/shop/aei-890/ns		No match found on Mutbex
ATALAY	Atalay Endüstriyel Mutfak Ekipmanları	Pişirme	Sanayi Tipi İzgaralar	AEI-890/NDCR	ATALAY		Atalay Izgaralar AEI - 890 / ND CR Nervürlü+Düz 800 x 900 x 850	66972.0					NO_MATCH	NO_MATCH	LOW	NOT_FOUND	https://equsto.com/shop/aei-890/ndcr		No match found on Mutbex
ATALAY	Atalay Endüstriyel Mutfak Ekipmanları	Pişirme	Sanayi Tipi İzgaralar	AEI-890/ND	ATALAY		Atalay Izgaralar AEI - 890 / ND Nervürlü+Düz 800 x 900 x 850	52942.0					NO_MATCH	NO_MATCH	LOW	NOT_FOUND	https://equsto.com/shop/aei-890/nd		No match found on Mutbex
ATALAY	Atalay Endüstriyel Mutfak Ekipmanları	Pişirme	Sanayi Tipi İzgaralar	AEI-890/NDSCR	ATALAY		Atalay Izgaralar AEI - 890 / ND S CR Nervürlü+Düz 800 x 900 x 300	53472.0					NO_MATCH	NO_MATCH	LOW	NOT_FOUND	https://equsto.com/shop/aei-890/ndscr		No match found on Mutbex
ATALAY	Atalay Endüstriyel Mutfak Ekipmanları	Pişirme	Sanayi Tipi İzgaralar	AEI-890/NDS	ATALAY		Atalay Izgaralar AEI - 890 / ND S Nervürlü+Düz 800 x 900 x 300	42354.0					NO_MATCH	NO_MATCH	LOW	NOT_FOUND	https://equsto.com/shop/aei-890/nds		No match found on Mutbex
ATALAY	Atalay Endüstriyel Mutfak Ekipmanları	Pişirme	Sanayi Tipi İzgaralar	AEI-890CR	ATALAY		Atalay Izgaralar AEI - 890 CR Düz 800 x 900 x 850	65913.0					NO_MATCH	NO_MATCH	LOW	NOT_FOUND	https://equsto.com/shop/aei-890cr		No match found on Mutbex
ATALAY	Atalay Endüstriyel Mutfak Ekipmanları	Pişirme	Sanayi Tipi İzgaralar	AEI-890	ATALAY		Atalay Izgaralar AEI - 890 Düz 800 x 900 x 850	52413.0					NO_MATCH	NO_MATCH	LOW	NOT_FOUND	https://equsto.com/shop/aei-890		No match found on Mutbex
ATALAY	Atalay Endüstriyel Mutfak Ekipmanları	Pişirme	Sanayi Tipi İzgaralar	AEI-890SCR	ATALAY		Atalay Izgaralar AEI - 890 S CR Düz 800 x 900 x 300	52678.0					NO_MATCH	NO_MATCH	LOW	NOT_FOUND	https://equsto.com/shop/aei-890scr		No match found on Mutbex
ATALAY	Atalay Endüstriyel Mutfak Ekipmanları	Pişirme	Sanayi Tipi İzgaralar	AEI-890S	ATALAY		Atalay Izgaralar AEI - 890 S Düz 800 x 900 x 300	42089.0					NO_MATCH	NO_MATCH	LOW	NOT_FOUND	https://equsto.com/shop/aei-890s		No match found on Mutbex
ATALAY	Atalay Endüstriyel Mutfak Ekipmanları	Pişirme	Sanayi Tipi İzgaralar	AEI-670/N	ATALAY		Atalay Izgaralar AEI-670 / N Nervürlü 600 x 700 x 300	29118.0					NO_MATCH	NO_MATCH	LOW	NOT_FOUND	https://equsto.com/shop/aei-670/n		No match found on Mutbex
ATALAY	Atalay Endüstriyel Mutfak Ekipmanları	Pişirme	Sanayi Tipi İzgaralar	AEI-670/NDCR	ATALAY		Atalay Izgaralar AEI-670 / ND CR Nervürlü+Düz 600 x 700 x 300	40236.0					NO_MATCH	NO_MATCH	LOW	NOT_FOUND	https://equsto.com/shop/aei-670/ndcr		No match found on Mutbex
ATALAY	Atalay Endüstriyel Mutfak Ekipmanları	Pişirme	Sanayi Tipi İzgaralar	AEI-670/ND	ATALAY		Atalay Izgaralar AEI-670 / ND Nervürlü+Düz 600 x 700 x 300	28589.0					NO_MATCH	NO_MATCH	LOW	NOT_FOUND	https://equsto.com/shop/aei-670/nd		No match found on Mutbex
ATALAY	Atalay Endüstriyel Mutfak Ekipmanları	Pişirme	Sanayi Tipi İzgaralar	AEI-870/N	ATALAY		Atalay Izgaralar AEI-870 / N Nervürlü 800 x 700 x 300	36266.0					NO_MATCH	NO_MATCH	LOW	NOT_FOUND	https://equsto.com/shop/aei-870/n		No match found on Mutbex
ATALAY	Atalay Endüstriyel Mutfak Ekipmanları	Pişirme	Sanayi Tipi İzgaralar	AEI-870/ND	ATALAY		Atalay Izgaralar AEI-870 / ND Nervürlü+Düz 800 x 700 x 300	34413.0					NO_MATCH	NO_MATCH	LOW	NOT_FOUND	https://equsto.com/shop/aei-870/nd		No match found on Mutbex
ATALAY	Atalay Endüstriyel Mutfak Ekipmanları	Pişirme	Sanayi Tipi İzgaralar	AGI-1273/NCR	ATALAY		Atalay Izgaralar AGI - 1273 / N CR Nervürlü 1200 x 730 x 300	80472.0					NO_MATCH	NO_MATCH	LOW	NOT_FOUND	https://equsto.com/shop/agi-1273/ncr		No match found on Mutbex
ATALAY	Atalay Endüstriyel Mutfak Ekipmanları	Pişirme	Sanayi Tipi İzgaralar	AGI-1273/N	ATALAY		Atalay Izgaralar AGI - 1273 / N Nervürlü 1200 x 730 x 300	63001.0					NO_MATCH	NO_MATCH	LOW	NOT_FOUND	https://equsto.com/shop/agi-1273/n		No match found on Mutbex
ATALAY	Atalay Endüstriyel Mutfak Ekipmanları	Pişirme	Sanayi Tipi İzgaralar	AGI-1273/NDCR	ATALAY		Atalay Izgaralar AGI - 1273 / ND CR Nervürlü + Düz 1200 x 730 x 300	74913.0					NO_MATCH	NO_MATCH	LOW	NOT_FOUND	https://equsto.com/shop/agi-1273/ndcr		No match found on Mutbex
ATALAY	Atalay Endüstriyel Mutfak Ekipmanları	Pişirme	Sanayi Tipi İzgaralar	AGI-1273/ND	ATALAY		Atalay Izgaralar AGI - 1273 / ND Nervürlü + Düz 1200 x 730 x 300	61413.0					NO_MATCH	NO_MATCH	LOW	NOT_FOUND	https://equsto.com/shop/agi-1273/nd		No match found on Mutbex
ATALAY	Atalay Endüstriyel Mutfak Ekipmanları	Pişirme	Sanayi Tipi İzgaralar	AGI-1273CR	ATALAY		Atalay Izgaralar AGI - 1273 CR Düz 1200 x 730 x 300	74649.0					NO_MATCH	NO_MATCH	LOW	NOT_FOUND	https://equsto.com/shop/agi-1273cr		No match found on Mutbex
ATALAY	Atalay Endüstriyel Mutfak Ekipmanları	Pişirme	Sanayi Tipi İzgaralar	AGI-1273	ATALAY		Atalay Izgaralar AGI - 1273 Düz 1200 x 730 x 300	57178.0					NO_MATCH	NO_MATCH	LOW	NOT_FOUND	https://equsto.com/shop/agi-1273		No match found on Mutbex
ATALAY	Atalay Endüstriyel Mutfak Ekipmanları	Pişirme	Sanayi Tipi İzgaralar	AGI-470CR	ATALAY		Atalay Izgaralar AGI - 470 CR Düz 400 x 700 x 300	33089.0					NO_MATCH	NO_MATCH	LOW	NOT_FOUND	https://equsto.com/shop/agi-470cr		No match found on Mutbex
ATALAY	Atalay Endüstriyel Mutfak Ekipmanları	Pişirme	Sanayi Tipi İzgaralar	AGI-470	ATALAY		Atalay Izgaralar AGI - 470 Düz 400 x 700 x 300	23559.0					NO_MATCH	NO_MATCH	LOW	NOT_FOUND	https://equsto.com/shop/agi-470		No match found on Mutbex
ATALAY	Atalay Endüstriyel Mutfak Ekipmanları	Pişirme	Sanayi Tipi İzgaralar	AGI-473/NCR	ATALAY		Atalay Izgaralar AGI - 473 / N CR Nervürlü 400 x 730 x 300	40236.0					NO_MATCH	NO_MATCH	LOW	NOT_FOUND	https://equsto.com/shop/agi-473/ncr		No match found on Mutbex
ATALAY	Atalay Endüstriyel Mutfak Ekipmanları	Pişirme	Sanayi Tipi İzgaralar	AGI-473/N	ATALAY		Atalay Izgaralar AGI - 473 / N Nervürlü 400 x 730 x 300	28854.0					NO_MATCH	NO_MATCH	LOW	NOT_FOUND	https://equsto.com/shop/agi-473/n		No match found on Mutbex
ATALAY	Atalay Endüstriyel Mutfak Ekipmanları	Pişirme	Sanayi Tipi İzgaralar	AGI-473CR	ATALAY		Atalay Izgaralar AGI - 473 CR Düz 400 x 730 x 300	38119.0					NO_MATCH	NO_MATCH	LOW	NOT_FOUND	https://equsto.com/shop/agi-473cr		No match found on Mutbex
ATALAY	Atalay Endüstriyel Mutfak Ekipmanları	Pişirme	Sanayi Tipi İzgaralar	AGI-473	ATALAY		Atalay Izgaralar AGI - 473 Düz 400 x 730 x 300	27265.0					NO_MATCH	NO_MATCH	LOW	NOT_FOUND	https://equsto.com/shop/agi-473		No match found on Mutbex
ATALAY	Atalay Endüstriyel Mutfak Ekipmanları	Pişirme	Sanayi Tipi İzgaralar	AGI-490/NSCR	ATALAY		Atalay Izgaralar AGI - 490 / N S CR Nervürlü 400 x 900 x 300	40766.0					NO_MATCH	NO_MATCH	LOW	NOT_FOUND	https://equsto.com/shop/agi-490/nscr		No match found on Mutbex
ATALAY	Atalay Endüstriyel Mutfak Ekipmanları	Pişirme	Sanayi Tipi İzgaralar	AGI-490/NS	ATALAY		Atalay Izgaralar AGI - 490 / N S Nervürlü 400 x 900 x 300	32030.0					NO_MATCH	NO_MATCH	LOW	NOT_FOUND	https://equsto.com/shop/agi-490/ns		No match found on Mutbex
ATALAY	Atalay Endüstriyel Mutfak Ekipmanları	Pişirme	Sanayi Tipi İzgaralar	AGI-490SCR	ATALAY		Atalay Izgaralar AGI - 490 S CR Düz 400 x 900 x 300	35471.0					NO_MATCH	NO_MATCH	LOW	NOT_FOUND	https://equsto.com/shop/agi-490scr		No match found on Mutbex
ATALAY	Atalay Endüstriyel Mutfak Ekipmanları	Pişirme	Sanayi Tipi İzgaralar	AGI-490S	ATALAY		Atalay Izgaralar AGI - 490 S Düz 400 x 900 x 300	28059.0					NO_MATCH	NO_MATCH	LOW	NOT_FOUND	https://equsto.com/shop/agi-490s		No match found on Mutbex
ATALAY	Atalay Endüstriyel Mutfak Ekipmanları	Pişirme	Sanayi Tipi İzgaralar	AGI-670CR	ATALAY		Atalay Izgaralar AGI - 670 CR Düz 600 x 700 x 300	44736.0					NO_MATCH	NO_MATCH	LOW	NOT_FOUND	https://equsto.com/shop/agi-670cr		No match found on Mutbex
ATALAY	Atalay Endüstriyel Mutfak Ekipmanları	Pişirme	Sanayi Tipi İzgaralar	AGI-670	ATALAY		Atalay Izgaralar AGI - 670 Düz 600 x 700 x 300	30177.0					NO_MATCH	NO_MATCH	LOW	NOT_FOUND	https://equsto.com/shop/agi-670		No match found on Mutbex
ATALAY	Atalay Endüstriyel Mutfak Ekipmanları	Pişirme	Sanayi Tipi İzgaralar	AGI-673/NCR	ATALAY		Atalay Izgaralar AGI - 673 / N CR Nervürlü 600 x 730 x 300	53737.0					NO_MATCH	NO_MATCH	LOW	NOT_FOUND	https://equsto.com/shop/agi-673/ncr		No match found on Mutbex
ATALAY	Atalay Endüstriyel Mutfak Ekipmanları	Pişirme	Sanayi Tipi İzgaralar	AGI-673/N	ATALAY		Atalay Izgaralar AGI - 673 / N Nervürlü 600 x 730 x 300	37324.0					NO_MATCH	NO_MATCH	LOW	NOT_FOUND	https://equsto.com/shop/agi-673/n		No match found on Mutbex
ATALAY	Atalay Endüstriyel Mutfak Ekipmanları	Pişirme	Sanayi Tipi İzgaralar	AGI-673/NDCR	ATALAY		Atalay Izgaralar AGI - 673 / ND CR Nervürlü + Düz 600 x 730 x 300	51354.0					NO_MATCH	NO_MATCH	LOW	NOT_FOUND	https://equsto.com/shop/agi-673/ndcr		No match found on Mutbex
ATALAY	Atalay Endüstriyel Mutfak Ekipmanları	Pişirme	Sanayi Tipi İzgaralar	AGI-673/ND	ATALAY		Atalay Izgaralar AGI - 673 / ND Nervürlü + Düz 600 x 730 x 300	35471.0					NO_MATCH	NO_MATCH	LOW	NOT_FOUND	https://equsto.com/shop/agi-673/nd		No match found on Mutbex
ATALAY	Atalay Endüstriyel Mutfak Ekipmanları	Pişirme	Sanayi Tipi İzgaralar	AGI-673CR	ATALAY		Atalay Izgaralar AGI - 673 CR Düz 600 x 730 x 300	48972.0					NO_MATCH	NO_MATCH	LOW	NOT_FOUND	https://equsto.com/shop/agi-673cr		No match found on Mutbex
ATALAY	Atalay Endüstriyel Mutfak Ekipmanları	Pişirme	Sanayi Tipi İzgaralar	AGI-673	ATALAY		Atalay Izgaralar AGI - 673 Düz 600 x 730 x 300	34677.0					NO_MATCH	NO_MATCH	LOW	NOT_FOUND	https://equsto.com/shop/agi-673		No match found on Mutbex
ATALAY	Atalay Endüstriyel Mutfak Ekipmanları	Pişirme	Sanayi Tipi İzgaralar	AGI-870CR	ATALAY		Atalay Izgaralar AGI - 870 CR Düz 800x700x300	56648.0					NO_MATCH	NO_MATCH	LOW	NOT_FOUND	https://equsto.com/shop/agi-870cr		No match found on Mutbex
ATALAY	Atalay Endüstriyel Mutfak Ekipmanları	Pişirme	Sanayi Tipi İzgaralar	AGI-870	ATALAY		Atalay Izgaralar AGI - 870 Düz 800x700x300	36266.0	Atalay Düz Gazlı Izgara, 80x70 cm, AGI-870	55731.6	-19465.6	-34.93	EQUSTO_DAHA_UCUZ	MODEL_IN_NAME	HIGH	IN_STOCK	https://equsto.com/shop/agi-870	https://www.mutbex.com/atalay-duz-gazli-izgara-80x70-cm-agi-870	match_method=MODEL_IN_NAME; mutbex_code=042.AGI.870
ATALAY	Atalay Endüstriyel Mutfak Ekipmanları	Pişirme	Sanayi Tipi İzgaralar	AGI-873/NCR	ATALAY		Atalay Izgaralar AGI - 873 / N CR Nervürlü 800 x 730 x 300	68825.0					NO_MATCH	NO_MATCH	LOW	NOT_FOUND	https://equsto.com/shop/agi-873/ncr		No match found on Mutbex
ATALAY	Atalay Endüstriyel Mutfak Ekipmanları	Pişirme	Sanayi Tipi İzgaralar	AGI-873/N	ATALAY		Atalay Izgaralar AGI - 873 / N Nervürlü 800 x 730 x 300	48707.0					NO_MATCH	NO_MATCH	LOW	NOT_FOUND	https://equsto.com/shop/agi-873/n		No match found on Mutbex
ATALAY	Atalay Endüstriyel Mutfak Ekipmanları	Pişirme	Sanayi Tipi İzgaralar	AGI-873/NDCR	ATALAY		Atalay Izgaralar AGI - 873 / ND CR Nervürlü + Düz 800 x 730 x 300	67237.0					NO_MATCH	NO_MATCH	LOW	NOT_FOUND	https://equsto.com/shop/agi-873/ndcr		No match found on Mutbex
ATALAY	Atalay Endüstriyel Mutfak Ekipmanları	Pişirme	Sanayi Tipi İzgaralar	AGI-873/ND	ATALAY		Atalay Izgaralar AGI - 873 / ND Nervürlü + Düz 800 x 730 x 300	46325.0					NO_MATCH	NO_MATCH	LOW	NOT_FOUND	https://equsto.com/shop/agi-873/nd		No match found on Mutbex
ATALAY	Atalay Endüstriyel Mutfak Ekipmanları	Pişirme	Sanayi Tipi İzgaralar	AGI-873CR	ATALAY		Atalay Izgaralar AGI - 873 CR Düz 800 x 730 x 300	61413.0					NO_MATCH	NO_MATCH	LOW	NOT_FOUND	https://equsto.com/shop/agi-873cr		No match found on Mutbex
ATALAY	Atalay Endüstriyel Mutfak Ekipmanları	Pişirme	Sanayi Tipi İzgaralar	AGI-873	ATALAY		Atalay Izgaralar AGI - 873 Düz 800 x 730 x 300	42883.0					NO_MATCH	NO_MATCH	LOW	NOT_FOUND	https://equsto.com/shop/agi-873		No match found on Mutbex
ATALAY	Atalay Endüstriyel Mutfak Ekipmanları	Pişirme	Sanayi Tipi İzgaralar	AGI-890/NSCR	ATALAY		Atalay Izgaralar AGI - 890 / N S CR Nervürlü 800 x 900 x 300	62207.0					NO_MATCH	NO_MATCH	LOW	NOT_FOUND	https://equsto.com/shop/agi-890/nscr		No match found on Mutbex
ATALAY	Atalay Endüstriyel Mutfak Ekipmanları	Pişirme	Sanayi Tipi İzgaralar	AGI-890/NS	ATALAY		Atalay Izgaralar AGI - 890 / N S Nervürlü 800 x 900 x 300	48442.0					NO_MATCH	NO_MATCH	LOW	NOT_FOUND	https://equsto.com/shop/agi-890/ns		No match found on Mutbex
ATALAY	Atalay Endüstriyel Mutfak Ekipmanları	Pişirme	Sanayi Tipi İzgaralar	AGI-890/NDSCR	ATALAY		Atalay Izgaralar AGI - 890 / ND S CR Nervürlü+Düz 800 x 900 x 300	61943.0					NO_MATCH	NO_MATCH	LOW	NOT_FOUND	https://equsto.com/shop/agi-890/ndscr		No match found on Mutbex
ATALAY	Atalay Endüstriyel Mutfak Ekipmanları	Pişirme	Sanayi Tipi İzgaralar	AGI-890/NDS	ATALAY		Atalay Izgaralar AGI - 890 / ND S Nervürlü+Düz 800 x 900 x 300	47119.0					NO_MATCH	NO_MATCH	LOW	NOT_FOUND	https://equsto.com/shop/agi-890/nds		No match found on Mutbex
ATALAY	Atalay Endüstriyel Mutfak Ekipmanları	Pişirme	Sanayi Tipi İzgaralar	AGI-890SCR	ATALAY		Atalay Izgaralar AGI - 890 S CR Düz 800 x 900 x 300	57178.0					NO_MATCH	NO_MATCH	LOW	NOT_FOUND	https://equsto.com/shop/agi-890scr		No match found on Mutbex
ATALAY	Atalay Endüstriyel Mutfak Ekipmanları	Pişirme	Sanayi Tipi İzgaralar	AGI-890S	ATALAY		Atalay Izgaralar AGI - 890 S Düz 800 x 900 x 300	42883.0					NO_MATCH	NO_MATCH	LOW	NOT_FOUND	https://equsto.com/shop/agi-890s		No match found on Mutbex
ATALAY	Atalay Endüstriyel Mutfak Ekipmanları	Pişirme	Sanayi Tipi İzgaralar	AGI-470/NCR	ATALAY		Atalay Izgaralar AGI-470/N CR Nervürlü 400 x 700 x 300	35207.0					NO_MATCH	NO_MATCH	LOW	NOT_FOUND	https://equsto.com/shop/agi-470/ncr		No match found on Mutbex
ATALAY	Atalay Endüstriyel Mutfak Ekipmanları	Pişirme	Sanayi Tipi İzgaralar	AGI-470/N	ATALAY		Atalay Izgaralar AGI-470/N Nervürlü 400 x 700 x 300	24883.0					NO_MATCH	NO_MATCH	LOW	NOT_FOUND	https://equsto.com/shop/agi-470/n		No match found on Mutbex
ATALAY	Atalay Endüstriyel Mutfak Ekipmanları	Pişirme	Sanayi Tipi İzgaralar	AGI-670/NCR	ATALAY		Atalay Izgaralar AGI-670/N CR Nervürlü 600 x 700 x 300	48178.0					NO_MATCH	NO_MATCH	LOW	NOT_FOUND	https://equsto.com/shop/agi-670/ncr		No match found on Mutbex
ATALAY	Atalay Endüstriyel Mutfak Ekipmanları	Pişirme	Sanayi Tipi İzgaralar	AGI-670/N	ATALAY		Atalay Izgaralar AGI-670/N Nervürlü 600 x 700 x 300	32295.0					NO_MATCH	NO_MATCH	LOW	NOT_FOUND	https://equsto.com/shop/agi-670/n		No match found on Mutbex
ATALAY	Atalay Endüstriyel Mutfak Ekipmanları	Pişirme	Sanayi Tipi İzgaralar	AGI-670/NDCR	ATALAY		Atalay Izgaralar AGI-670/ND CR Nervürlü+Düz 600 x 700 x 300	47383.0					NO_MATCH	NO_MATCH	LOW	NOT_FOUND	https://equsto.com/shop/agi-670/ndcr		No match found on Mutbex
ATALAY	Atalay Endüstriyel Mutfak Ekipmanları	Pişirme	Sanayi Tipi İzgaralar	AGI-670/ND	ATALAY		Atalay Izgaralar AGI-670/ND Nervürlü+Düz 600 x 700 x 300	31236.0					NO_MATCH	NO_MATCH	LOW	NOT_FOUND	https://equsto.com/shop/agi-670/nd		No match found on Mutbex
ATALAY	Atalay Endüstriyel Mutfak Ekipmanları	Pişirme	Sanayi Tipi İzgaralar	AGI-870/NCR	ATALAY		Atalay Izgaralar AGI-870/N CR Nervürlü 800x700x300	61148.0					NO_MATCH	NO_MATCH	LOW	NOT_FOUND	https://equsto.com/shop/agi-870/ncr		No match found on Mutbex
ATALAY	Atalay Endüstriyel Mutfak Ekipmanları	Pişirme	Sanayi Tipi İzgaralar	AGI-870/N	ATALAY		Atalay Izgaralar AGI-870/N Nervürlü 800x700x300	41295.0					NO_MATCH	NO_MATCH	LOW	NOT_FOUND	https://equsto.com/shop/agi-870/n		No match found on Mutbex
ATALAY	Atalay Endüstriyel Mutfak Ekipmanları	Pişirme	Sanayi Tipi İzgaralar	AGI-870/NDCR	ATALAY		Atalay Izgaralar AGI-870/ND CR Nervürlü+Düz 800x700x300	59825.0					NO_MATCH	NO_MATCH	LOW	NOT_FOUND	https://equsto.com/shop/agi-870/ndcr		No match found on Mutbex
ATALAY	Atalay Endüstriyel Mutfak Ekipmanları	Pişirme	Sanayi Tipi İzgaralar	AGI-870/ND	ATALAY		Atalay Izgaralar AGI-870/ND Nervürlü+Düz 800x700x300	40236.0					NO_MATCH	NO_MATCH	LOW	NOT_FOUND	https://equsto.com/shop/agi-870/nd		No match found on Mutbex
ATALAY	Atalay Endüstriyel Mutfak Ekipmanları	Pişirme	Sanayi Tipi İzgaralar	EAEI-1060/NCR	ATALAY		Atalay Izgaralar E AEI - 1060 / N CR Nervürlü 1000 x 600 x 300	46325.0					NO_MATCH	NO_MATCH	LOW	NOT_FOUND	https://equsto.com/shop/eaei-1060/ncr		No match found on Mutbex
ATALAY	Atalay Endüstriyel Mutfak Ekipmanları	Pişirme	Sanayi Tipi İzgaralar	EAEI-1060/N	ATALAY		Atalay Izgaralar E AEI - 1060 / N Nervürlü 1000 x 600 x 300	34148.0					NO_MATCH	NO_MATCH	LOW	NOT_FOUND	https://equsto.com/shop/eaei-1060/n		No match found on Mutbex
ATALAY	Atalay Endüstriyel Mutfak Ekipmanları	Pişirme	Sanayi Tipi İzgaralar	EAEI-1060/NDCR	ATALAY		Atalay Izgaralar E AEI - 1060 / ND CR Nervürlü +Düz 1000 x 600 x 300	45530.0					NO_MATCH	NO_MATCH	LOW	NOT_FOUND	https://equsto.com/shop/eaei-1060/ndcr		No match found on Mutbex
ATALAY	Atalay Endüstriyel Mutfak Ekipmanları	Pişirme	Sanayi Tipi İzgaralar	EAEI-1060/ND	ATALAY		Atalay Izgaralar E AEI - 1060 / ND Nervürlü + Düz 1000 x 600 x 300	33883.0					NO_MATCH	NO_MATCH	LOW	NOT_FOUND	https://equsto.com/shop/eaei-1060/nd		No match found on Mutbex
ATALAY	Atalay Endüstriyel Mutfak Ekipmanları	Pişirme	Sanayi Tipi İzgaralar	EAEI-1060CR	ATALAY		Atalay Izgaralar E AEI - 1060 CR Düz 1000 x 600 x 300	45266.0					NO_MATCH	NO_MATCH	LOW	NOT_FOUND	https://equsto.com/shop/eaei-1060cr		No match found on Mutbex
ATALAY	Atalay Endüstriyel Mutfak Ekipmanları	Pişirme	Sanayi Tipi İzgaralar	EAEI-1060	ATALAY		Atalay Izgaralar E AEI - 1060 Düz 1000 x 600 x 300	32824.0					NO_MATCH	NO_MATCH	LOW	NOT_FOUND	https://equsto.com/shop/eaei-1060		No match found on Mutbex
ATALAY	Atalay Endüstriyel Mutfak Ekipmanları	Pişirme	Sanayi Tipi İzgaralar	EAEI-360/NCR	ATALAY		Atalay Izgaralar E AEI - 360 / N CR Nervürlü 300 x 600 x 300	20383.0					NO_MATCH	NO_MATCH	LOW	NOT_FOUND	https://equsto.com/shop/eaei-360/ncr		No match found on Mutbex
ATALAY	Atalay Endüstriyel Mutfak Ekipmanları	Pişirme	Sanayi Tipi İzgaralar	EAEI-360/N	ATALAY		Atalay Izgaralar E AEI - 360 / N Nervürlü 300 x 600 x 300	17736.0					NO_MATCH	NO_MATCH	LOW	NOT_FOUND	https://equsto.com/shop/eaei-360/n		No match found on Mutbex
ATALAY	Atalay Endüstriyel Mutfak Ekipmanları	Pişirme	Sanayi Tipi İzgaralar	EAEI-360CR	ATALAY		Atalay Izgaralar E AEI - 360 CR Düz 300 x 600 x 300	19589.0					NO_MATCH	NO_MATCH	LOW	NOT_FOUND	https://equsto.com/shop/eaei-360cr		No match found on Mutbex
ATALAY	Atalay Endüstriyel Mutfak Ekipmanları	Pişirme	Sanayi Tipi İzgaralar	EAEI-360	ATALAY		Atalay Izgaralar E AEI - 360 Düz 300 x 600 x 300	16942.0					NO_MATCH	NO_MATCH	LOW	NOT_FOUND	https://equsto.com/shop/eaei-360		No match found on Mutbex
ATALAY	Atalay Endüstriyel Mutfak Ekipmanları	Pişirme	Sanayi Tipi İzgaralar	EAEI-460/NCR	ATALAY		Atalay Izgaralar E AEI - 460 / N CR Nervürlü 400 x 600 x 300	24089.0					NO_MATCH	NO_MATCH	LOW	NOT_FOUND	https://equsto.com/shop/eaei-460/ncr		No match found on Mutbex
ATALAY	Atalay Endüstriyel Mutfak Ekipmanları	Pişirme	Sanayi Tipi İzgaralar	EAEI-460/N	ATALAY		Atalay Izgaralar E AEI - 460 / N Nervürlü 400 x 600 x 300	20118.0					NO_MATCH	NO_MATCH	LOW	NOT_FOUND	https://equsto.com/shop/eaei-460/n		No match found on Mutbex
ATALAY	Atalay Endüstriyel Mutfak Ekipmanları	Pişirme	Sanayi Tipi İzgaralar	EAEI-460CR	ATALAY		Atalay Izgaralar E AEI - 460 CR Düz 400 x 600 x 300	23295.0					NO_MATCH	NO_MATCH	LOW	NOT_FOUND	https://equsto.com/shop/eaei-460cr		No match found on Mutbex
ATALAY	Atalay Endüstriyel Mutfak Ekipmanları	Pişirme	Sanayi Tipi İzgaralar	EAEI-460	ATALAY		Atalay Izgaralar E AEI - 460 Düz 400 x 600 x 300	19324.0					NO_MATCH	NO_MATCH	LOW	NOT_FOUND	https://equsto.com/shop/eaei-460		No match found on Mutbex
ATALAY	Atalay Endüstriyel Mutfak Ekipmanları	Pişirme	Sanayi Tipi İzgaralar	EAEI-660/NCR	ATALAY		Atalay Izgaralar E AEI - 660 / N CR Nervürlü 600 x 600 x 300	30971.0					NO_MATCH	NO_MATCH	LOW	NOT_FOUND	https://equsto.com/shop/eaei-660/ncr		No match found on Mutbex
ATALAY	Atalay Endüstriyel Mutfak Ekipmanları	Pişirme	Sanayi Tipi İzgaralar	EAEI-660/N	ATALAY		Atalay Izgaralar E AEI - 660 / N Nervürlü 600 x 600 x 300	23559.0					NO_MATCH	NO_MATCH	LOW	NOT_FOUND	https://equsto.com/shop/eaei-660/n		No match found on Mutbex
ATALAY	Atalay Endüstriyel Mutfak Ekipmanları	Pişirme	Sanayi Tipi İzgaralar	EAEI-660/NDCR	ATALAY		Atalay Izgaralar E AEI - 660 / ND CR Nervürlü + Düz 600 x 600 x 300	30177.0					NO_MATCH	NO_MATCH	LOW	NOT_FOUND	https://equsto.com/shop/eaei-660/ndcr		No match found on Mutbex
ATALAY	Atalay Endüstriyel Mutfak Ekipmanları	Pişirme	Sanayi Tipi İzgaralar	EAEI-660/ND	ATALAY		Atalay Izgaralar E AEI - 660 / ND Nervürlü + Düz 600 x 600 x 300	22765.0					NO_MATCH	NO_MATCH	LOW	NOT_FOUND	https://equsto.com/shop/eaei-660/nd		No match found on Mutbex
ATALAY	Atalay Endüstriyel Mutfak Ekipmanları	Pişirme	Sanayi Tipi İzgaralar	EAEI-660CR	ATALAY		Atalay Izgaralar E AEI - 660 CR Düz 600 x 600 x 300	29383.0					NO_MATCH	NO_MATCH	LOW	NOT_FOUND	https://equsto.com/shop/eaei-660cr		No match found on Mutbex
ATALAY	Atalay Endüstriyel Mutfak Ekipmanları	Pişirme	Sanayi Tipi İzgaralar	EAEI-660	ATALAY		Atalay Izgaralar E AEI - 660 Düz 600 x 600 x 300	22236.0					NO_MATCH	NO_MATCH	LOW	NOT_FOUND	https://equsto.com/shop/eaei-660		No match found on Mutbex
ATALAY	Atalay Endüstriyel Mutfak Ekipmanları	Pişirme	Sanayi Tipi İzgaralar	EAEI-860/NCR	ATALAY		Atalay Izgaralar E AEI - 860 / N CR Nervürlü 800 x 600 x 300	39707.0					NO_MATCH	NO_MATCH	LOW	NOT_FOUND	https://equsto.com/shop/eaei-860/ncr		No match found on Mutbex
ATALAY	Atalay Endüstriyel Mutfak Ekipmanları	Pişirme	Sanayi Tipi İzgaralar	EAEI-860/N	ATALAY		Atalay Izgaralar E AEI - 860 / N Nervürlü 800 x 600 x 300	29912.0					NO_MATCH	NO_MATCH	LOW	NOT_FOUND	https://equsto.com/shop/eaei-860/n		No match found on Mutbex
ATALAY	Atalay Endüstriyel Mutfak Ekipmanları	Pişirme	Sanayi Tipi İzgaralar	EAEI-860/NDCR	ATALAY		Atalay Izgaralar E AEI - 860 / ND CR Nervürlü + Düz 800 x 600 x 300	39177.0					NO_MATCH	NO_MATCH	LOW	NOT_FOUND	https://equsto.com/shop/eaei-860/ndcr		No match found on Mutbex
ATALAY	Atalay Endüstriyel Mutfak Ekipmanları	Pişirme	Sanayi Tipi İzgaralar	EAEI-860/ND	ATALAY		Atalay Izgaralar E AEI - 860 / ND Nervürlü + Düz 800 x 600 x 300	29118.0					NO_MATCH	NO_MATCH	LOW	NOT_FOUND	https://equsto.com/shop/eaei-860/nd		No match found on Mutbex
ATALAY	Atalay Endüstriyel Mutfak Ekipmanları	Pişirme	Sanayi Tipi İzgaralar	EAEI-860CR	ATALAY		Atalay Izgaralar E AEI - 860 CR Düz 800 x 600 x 300	38119.0					NO_MATCH	NO_MATCH	LOW	NOT_FOUND	https://equsto.com/shop/eaei-860cr		No match found on Mutbex
ATALAY	Atalay Endüstriyel Mutfak Ekipmanları	Pişirme	Sanayi Tipi İzgaralar	EAEI-860	ATALAY		Atalay Izgaralar E AEI - 860 Düz 800 x 600 x 300	28854.0					NO_MATCH	NO_MATCH	LOW	NOT_FOUND	https://equsto.com/shop/eaei-860		No match found on Mutbex
ATALAY	Atalay Endüstriyel Mutfak Ekipmanları	Pişirme	Sanayi Tipi İzgaralar	EAGI-1060/NCR	ATALAY		Atalay Izgaralar E AGI - 1060 / N CR Nervürlü 1000 x 600 x 300	63531.0					NO_MATCH	NO_MATCH	LOW	NOT_FOUND	https://equsto.com/shop/eagi-1060/ncr		No match found on Mutbex
ATALAY	Atalay Endüstriyel Mutfak Ekipmanları	Pişirme	Sanayi Tipi İzgaralar	EAGI-1060/N	ATALAY		Atalay Izgaralar E AGI - 1060 / N Nervürlü 1000 x 600 x 300	42089.0					NO_MATCH	NO_MATCH	LOW	NOT_FOUND	https://equsto.com/shop/eagi-1060/n		No match found on Mutbex
ATALAY	Atalay Endüstriyel Mutfak Ekipmanları	Pişirme	Sanayi Tipi İzgaralar	EAGI-1060/NDCR	ATALAY		Atalay Izgaralar E AGI - 1060 / ND CR Nervürlü + Düz 1000 x 600 x 300	61413.0					NO_MATCH	NO_MATCH	LOW	NOT_FOUND	https://equsto.com/shop/eagi-1060/ndcr		No match found on Mutbex
ATALAY	Atalay Endüstriyel Mutfak Ekipmanları	Pişirme	Sanayi Tipi İzgaralar	EAGI-1060/ND	ATALAY		Atalay Izgaralar E AGI - 1060 / ND Nervürlü + Düz 1000 x 600 x 300	41030.0					NO_MATCH	NO_MATCH	LOW	NOT_FOUND	https://equsto.com/shop/eagi-1060/nd		No match found on Mutbex
ATALAY	Atalay Endüstriyel Mutfak Ekipmanları	Pişirme	Sanayi Tipi İzgaralar	EAGI-1060CR	ATALAY		Atalay Izgaralar E AGI - 1060 CR Düz 1000 x 600 x 300	60884.0					NO_MATCH	NO_MATCH	LOW	NOT_FOUND	https://equsto.com/shop/eagi-1060cr		No match found on Mutbex
ATALAY	Atalay Endüstriyel Mutfak Ekipmanları	Pişirme	Sanayi Tipi İzgaralar	EAGI-1060	ATALAY		Atalay Izgaralar E AGI - 1060 Düz 1000 x 600 x 300	39972.0					NO_MATCH	NO_MATCH	LOW	NOT_FOUND	https://equsto.com/shop/eagi-1060		No match found on Mutbex
ATALAY	Atalay Endüstriyel Mutfak Ekipmanları	Pişirme	Sanayi Tipi İzgaralar	EAGI-360/NCR	ATALAY		Atalay Izgaralar E AGI - 360 / N CR Nervürlü 300 x 600 x 300	32824.0					NO_MATCH	NO_MATCH	LOW	NOT_FOUND	https://equsto.com/shop/eagi-360/ncr		No match found on Mutbex
ATALAY	Atalay Endüstriyel Mutfak Ekipmanları	Pişirme	Sanayi Tipi İzgaralar	EAGI-360/N	ATALAY		Atalay Izgaralar E AGI - 360 / N Nervürlü 300 x 600 x 300	19589.0					NO_MATCH	NO_MATCH	LOW	NOT_FOUND	https://equsto.com/shop/eagi-360/n		No match found on Mutbex
ATALAY	Atalay Endüstriyel Mutfak Ekipmanları	Pişirme	Sanayi Tipi İzgaralar	EAGI-360CR	ATALAY		Atalay Izgaralar E AGI - 360 CR Düz 300 x 600 x 300	27795.0					NO_MATCH	NO_MATCH	LOW	NOT_FOUND	https://equsto.com/shop/eagi-360cr		No match found on Mutbex
ATALAY	Atalay Endüstriyel Mutfak Ekipmanları	Pişirme	Sanayi Tipi İzgaralar	EAGI-360	ATALAY		Atalay Izgaralar E AGI - 360 Düz 300 x 600 x 300	18795.0					NO_MATCH	NO_MATCH	LOW	NOT_FOUND	https://equsto.com/shop/eagi-360		No match found on Mutbex
ATALAY	Atalay Endüstriyel Mutfak Ekipmanları	Pişirme	Sanayi Tipi İzgaralar	EAGI-460/NCR	ATALAY		Atalay Izgaralar E AGI - 460 / N CR Nervürlü 400 x 600 x 300	34413.0					NO_MATCH	NO_MATCH	LOW	NOT_FOUND	https://equsto.com/shop/eagi-460/ncr		No match found on Mutbex
ATALAY	Atalay Endüstriyel Mutfak Ekipmanları	Pişirme	Sanayi Tipi İzgaralar	EAGI-460/N	ATALAY		Atalay Izgaralar E AGI - 460 / N Nervürlü 400 x 600 x 300	22765.0					NO_MATCH	NO_MATCH	LOW	NOT_FOUND	https://equsto.com/shop/eagi-460/n		No match found on Mutbex
ATALAY	Atalay Endüstriyel Mutfak Ekipmanları	Pişirme	Sanayi Tipi İzgaralar	EAGI-460CR	ATALAY		Atalay Izgaralar E AGI - 460 CR Düz 400 x 600 x 300	30177.0					NO_MATCH	NO_MATCH	LOW	NOT_FOUND	https://equsto.com/shop/eagi-460cr		No match found on Mutbex
ATALAY	Atalay Endüstriyel Mutfak Ekipmanları	Pişirme	Sanayi Tipi İzgaralar	EAGI-460	ATALAY		Atalay Izgaralar E AGI - 460 Düz 400 x 600 x 300	21706.0					NO_MATCH	NO_MATCH	LOW	NOT_FOUND	https://equsto.com/shop/eagi-460		No match found on Mutbex
ATALAY	Atalay Endüstriyel Mutfak Ekipmanları	Pişirme	Sanayi Tipi İzgaralar	EAGI-660/NCR	ATALAY		Atalay Izgaralar E AGI - 660 / N CR Nervürlü 600 x 600 x 300	45530.0					NO_MATCH	NO_MATCH	LOW	NOT_FOUND	https://equsto.com/shop/eagi-660/ncr		No match found on Mutbex
ATALAY	Atalay Endüstriyel Mutfak Ekipmanları	Pişirme	Sanayi Tipi İzgaralar	EAGI-660/N	ATALAY		Atalay Izgaralar E AGI - 660 / N Nervürlü 600 x 600 x 300	29118.0					NO_MATCH	NO_MATCH	LOW	NOT_FOUND	https://equsto.com/shop/eagi-660/n		No match found on Mutbex
ATALAY	Atalay Endüstriyel Mutfak Ekipmanları	Pişirme	Sanayi Tipi İzgaralar	EAGI-660/NDCR	ATALAY		Atalay Izgaralar E AGI - 660 / ND CR Nervürlü + Düz 600 x 600 x 300	44736.0					NO_MATCH	NO_MATCH	LOW	NOT_FOUND	https://equsto.com/shop/eagi-660/ndcr		No match found on Mutbex
ATALAY	Atalay Endüstriyel Mutfak Ekipmanları	Pişirme	Sanayi Tipi İzgaralar	EAGI-660/ND	ATALAY		Atalay Izgaralar E AGI - 660 / ND Nervürlü + Düz 600 x 600 x 300	28854.0					NO_MATCH	NO_MATCH	LOW	NOT_FOUND	https://equsto.com/shop/eagi-660/nd		No match found on Mutbex
ATALAY	Atalay Endüstriyel Mutfak Ekipmanları	Pişirme	Sanayi Tipi İzgaralar	EAGI-660CR	ATALAY		Atalay Izgaralar E AGI - 660 CR Düz 600 x 600 x 300	42883.0					NO_MATCH	NO_MATCH	LOW	NOT_FOUND	https://equsto.com/shop/eagi-660cr		No match found on Mutbex
ATALAY	Atalay Endüstriyel Mutfak Ekipmanları	Pişirme	Sanayi Tipi İzgaralar	EAGI-660	ATALAY		Atalay Izgaralar E AGI - 660 Düz 600 x 600 x 300	27795.0					NO_MATCH	NO_MATCH	LOW	NOT_FOUND	https://equsto.com/shop/eagi-660		No match found on Mutbex
ATALAY	Atalay Endüstriyel Mutfak Ekipmanları	Pişirme	Sanayi Tipi İzgaralar	EAGI-860/NCR	ATALAY		Atalay Izgaralar E AGI - 860 / N CR Nervürlü 800 x 600 x 300	56648.0					NO_MATCH	NO_MATCH	LOW	NOT_FOUND	https://equsto.com/shop/eagi-860/ncr		No match found on Mutbex
ATALAY	Atalay Endüstriyel Mutfak Ekipmanları	Pişirme	Sanayi Tipi İzgaralar	EAGI-860/N	ATALAY		Atalay Izgaralar E AGI - 860 / N Nervürlü 800 x 600 x 300	35471.0					NO_MATCH	NO_MATCH	LOW	NOT_FOUND	https://equsto.com/shop/eagi-860/n		No match found on Mutbex
ATALAY	Atalay Endüstriyel Mutfak Ekipmanları	Pişirme	Sanayi Tipi İzgaralar	EAGI-860/NDCR	ATALAY		Atalay Izgaralar E AGI - 860 / ND CR Nervürlü + Düz 800 x 600 x 300	55590.0					NO_MATCH	NO_MATCH	LOW	NOT_FOUND	https://equsto.com/shop/eagi-860/ndcr		No match found on Mutbex
ATALAY	Atalay Endüstriyel Mutfak Ekipmanları	Pişirme	Sanayi Tipi İzgaralar	EAGI-860/ND	ATALAY		Atalay Izgaralar E AGI - 860 / ND Nervürlü + Düz 800 x 600 x 300	34677.0					NO_MATCH	NO_MATCH	LOW	NOT_FOUND	https://equsto.com/shop/eagi-860/nd		No match found on Mutbex
ATALAY	Atalay Endüstriyel Mutfak Ekipmanları	Pişirme	Sanayi Tipi İzgaralar	EAGI-860CR	ATALAY		Atalay Izgaralar E AGI - 860 CR Düz 800 x 600 x 300	54001.0					NO_MATCH	NO_MATCH	LOW	NOT_FOUND	https://equsto.com/shop/eagi-860cr		No match found on Mutbex
ATALAY	Atalay Endüstriyel Mutfak Ekipmanları	Pişirme	Sanayi Tipi İzgaralar	EAGI-860	ATALAY		Atalay Izgaralar E AGI - 860 Düz 800 x 600 x 300	33883.0					NO_MATCH	NO_MATCH	LOW	NOT_FOUND	https://equsto.com/shop/eagi-860		No match found on Mutbex
ATALAY	Atalay Endüstriyel Mutfak Ekipmanları	Pişirme	Sanayi Tipi İzgaralar	ALI-1270	ATALAY		Atalay Lavataﬂlı Izgaralar ALI - 1270 1,581 kg / h 1200 x 700 x 300	58501.0					NO_MATCH	NO_MATCH	LOW	NOT_FOUND	https://equsto.com/shop/ali-1270		No match found on Mutbex
ATALAY	Atalay Endüstriyel Mutfak Ekipmanları	Pişirme	Sanayi Tipi İzgaralar	ALI-1273	ATALAY		Atalay Lavataﬂlı Izgaralar ALI - 1273 1,581 kg / h 1200 x 730 x 300	67766.0					NO_MATCH	NO_MATCH	LOW	NOT_FOUND	https://equsto.com/shop/ali-1273		No match found on Mutbex
ATALAY	Atalay Endüstriyel Mutfak Ekipmanları	Pişirme	Sanayi Tipi İzgaralar	ALI-1290	ATALAY		Atalay Lavataﬂlı Izgaralar ALI - 1290 2,465 kg / h 1200 x 900 x 850	90532.0					NO_MATCH	NO_MATCH	LOW	NOT_FOUND	https://equsto.com/shop/ali-1290		No match found on Mutbex
ATALAY	Atalay Endüstriyel Mutfak Ekipmanları	Pişirme	Sanayi Tipi İzgaralar	ALI-1290S	ATALAY		Atalay Lavataﬂlı Izgaralar ALI - 1290 S 2,465 kg / h 1200 x 900 x 300	75972.0					NO_MATCH	NO_MATCH	LOW	NOT_FOUND	https://equsto.com/shop/ali-1290s		No match found on Mutbex
ATALAY	Atalay Endüstriyel Mutfak Ekipmanları	Pişirme	Sanayi Tipi İzgaralar	ALI-470	ATALAY		Atalay Lavataﬂlı Izgaralar ALI - 470 0,527 kg / h 400 x 700 x 300	27265.0					NO_MATCH	NO_MATCH	LOW	NOT_FOUND	https://equsto.com/shop/ali-470		No match found on Mutbex
ATALAY	Atalay Endüstriyel Mutfak Ekipmanları	Pişirme	Sanayi Tipi İzgaralar	ALI-473	ATALAY		Atalay Lavataﬂlı Izgaralar ALI - 473 0,527 kg / h 400 x 730 x 300	31501.0					NO_MATCH	NO_MATCH	LOW	NOT_FOUND	https://equsto.com/shop/ali-473		No match found on Mutbex
ATALAY	Atalay Endüstriyel Mutfak Ekipmanları	Pişirme	Sanayi Tipi İzgaralar	ALI-490	ATALAY		Atalay Lavataﬂlı Izgaralar ALI - 490 0,822 kg / h 400 x 900 x 850	40236.0					NO_MATCH	NO_MATCH	LOW	NOT_FOUND	https://equsto.com/shop/ali-490		No match found on Mutbex
ATALAY	Atalay Endüstriyel Mutfak Ekipmanları	Pişirme	Sanayi Tipi İzgaralar	ALI-490S	ATALAY		Atalay Lavataﬂlı Izgaralar ALI - 490 S 0,822 kg / h 400 x 900 x 300	32560.0					NO_MATCH	NO_MATCH	LOW	NOT_FOUND	https://equsto.com/shop/ali-490s		No match found on Mutbex
ATALAY	Atalay Endüstriyel Mutfak Ekipmanları	Pişirme	Sanayi Tipi İzgaralar	ALI-670	ATALAY		Atalay Lavataﬂlı Izgaralar ALI - 670 0,527 kg / h 600 x 700 x 300	32824.0					NO_MATCH	NO_MATCH	LOW	NOT_FOUND	https://equsto.com/shop/ali-670		No match found on Mutbex
ATALAY	Atalay Endüstriyel Mutfak Ekipmanları	Pişirme	Sanayi Tipi İzgaralar	ALI-673	ATALAY		Atalay Lavataﬂlı Izgaralar ALI - 673 1,054 kg / h 600 x 730 x 300	37589.0					NO_MATCH	NO_MATCH	LOW	NOT_FOUND	https://equsto.com/shop/ali-673		No match found on Mutbex
ATALAY	Atalay Endüstriyel Mutfak Ekipmanları	Pişirme	Sanayi Tipi İzgaralar	ALI-870	ATALAY		Atalay Lavataﬂlı Izgaralar ALI - 870 1,054 kg / h 800 x 700 x 300	45530.0					NO_MATCH	NO_MATCH	LOW	NOT_FOUND	https://equsto.com/shop/ali-870		No match found on Mutbex
ATALAY	Atalay Endüstriyel Mutfak Ekipmanları	Pişirme	Sanayi Tipi İzgaralar	ALI-873	ATALAY		Atalay Lavataﬂlı Izgaralar ALI - 873 1,054 kg / h 800 x 730 x 300	51884.0					NO_MATCH	NO_MATCH	LOW	NOT_FOUND	https://equsto.com/shop/ali-873		No match found on Mutbex
ATALAY	Atalay Endüstriyel Mutfak Ekipmanları	Pişirme	Sanayi Tipi İzgaralar	ALI-890	ATALAY		Atalay Lavataﬂlı Izgaralar ALI - 890 1,643 kg / h 800 x 900 x 850	63531.0					NO_MATCH	NO_MATCH	LOW	NOT_FOUND	https://equsto.com/shop/ali-890		No match found on Mutbex
ATALAY	Atalay Endüstriyel Mutfak Ekipmanları	Pişirme	Sanayi Tipi İzgaralar	ALI-890S	ATALAY		Atalay Lavataﬂlı Izgaralar ALI - 890 S 1,643 kg / h 800 x 900 x 300	52678.0					NO_MATCH	NO_MATCH	LOW	NOT_FOUND	https://equsto.com/shop/ali-890s		No match found on Mutbex
ATALAY	Atalay Endüstriyel Mutfak Ekipmanları	Pişirme	Sanayi Tipi İzgaralar	EALI-460	ATALAY		Atalay Lavataﬂlı Izgaralar E ALI - 460 0.504 kg / h 400 x 600 x 300	19853.0					NO_MATCH	NO_MATCH	LOW	NOT_FOUND	https://equsto.com/shop/eali-460		No match found on Mutbex
ATALAY	Atalay Endüstriyel Mutfak Ekipmanları	Pişirme	Sanayi Tipi İzgaralar	EALI-660	ATALAY		Atalay Lavataﬂlı Izgaralar E ALI - 660 0.721 kg / h 600 x 600 x 300	26736.0					NO_MATCH	NO_MATCH	LOW	NOT_FOUND	https://equsto.com/shop/eali-660		No match found on Mutbex
ATALAY	Atalay Endüstriyel Mutfak Ekipmanları	Pişirme	Sanayi Tipi İzgaralar	EALI-860	ATALAY		Atalay Lavataﬂlı Izgaralar E ALI - 860 1.008 kg / h 800 x 600 x 300	30707.0					NO_MATCH	NO_MATCH	LOW	NOT_FOUND	https://equsto.com/shop/eali-860		No match found on Mutbex
ATALAY	Atalay Endüstriyel Mutfak Ekipmanları	Pişirme	Taban Raflari	ADTA-10/2	ATALAY		Atalay ADTA-10/2 1270 x 730 x 1300 mm.	28324.0					NO_MATCH	NO_MATCH	LOW	NOT_FOUND	https://equsto.com/shop/adta-10/2		No match found on Mutbex
ATALAY	Atalay Endüstriyel Mutfak Ekipmanları	Pişirme	Taban Raflari	ADTA-14ST	ATALAY		Atalay ADTA-14 ST 910 x 850 x 1790 mm.	37060.0					NO_MATCH	NO_MATCH	LOW	NOT_FOUND	https://equsto.com/shop/adta-14st		No match found on Mutbex
ATALAY	Atalay Endüstriyel Mutfak Ekipmanları	Pişirme	Taban Raflari	ADTA-14/2	ATALAY		Atalay ADTA-14/2 1370 x 730 x 1690 mm.	31501.0					NO_MATCH	NO_MATCH	LOW	NOT_FOUND	https://equsto.com/shop/adta-14/2		No match found on Mutbex
ATALAY	Atalay Endüstriyel Mutfak Ekipmanları	Pişirme	Taban Raflari	ASA-860/2	ATALAY		Atalay ASA - 860 / 2 2 860 x 540 x 890	9530.0	Atalay 2 Raflı Servis Arabası, 80x60 cm, ASA-860-2	14644.8	-5114.799999999999	-34.93	EQUSTO_DAHA_UCUZ	EXACT_MODEL	HIGH	IN_STOCK	https://equsto.com/shop/asa-860/2	https://www.mutbex.com/atalay-servis-arabasi-800x600-2-rafli-asa-860-2	match_method=EXACT_MODEL; mutbex_code=042.ASA.860.2
ATALAY	Atalay Endüstriyel Mutfak Ekipmanları	Pişirme	Taban Raflari	ASA-860/3	ATALAY		Atalay ASA - 860 / 3 3 860 x 540 x 890	12177.0					NO_MATCH	NO_MATCH	LOW	NOT_FOUND	https://equsto.com/shop/asa-860/3		No match found on Mutbex
ATALAY	Atalay Endüstriyel Mutfak Ekipmanları	Pişirme	Taban Raflari	ATA-3253/15	ATALAY		Atalay ATA - 3253 / 15 15 32 x 53	12706.0					NO_MATCH	NO_MATCH	LOW	NOT_FOUND	https://equsto.com/shop/ata-3253/15		No match found on Mutbex
ATALAY	Atalay Endüstriyel Mutfak Ekipmanları	Pişirme	Taban Raflari	ATA-3484/14	ATALAY		Atalay ATA - 3484 / 14 14 34 x 84	19324.0					NO_MATCH	NO_MATCH	LOW	NOT_FOUND	https://equsto.com/shop/ata-3484/14		No match found on Mutbex
ATALAY	Atalay Endüstriyel Mutfak Ekipmanları	Pişirme	Taban Raflari	ATA-3753/15	ATALAY		Atalay ATA - 3753 / 15 15 37 x 53	14030.0	15 Tepsilik Tepsi Taşıma Arabası, 2/3 37x53 cm, ATA-3753/15	21560.4	-7530.4000000000015	-34.93	EQUSTO_DAHA_UCUZ	EXACT_MODEL	HIGH	IN_STOCK	https://equsto.com/shop/ata-3753/15	https://www.mutbex.com/atalay-15-tepsilik-tepsi-tasima-arabasi-37x53-cm-ata-3753-15	match_method=EXACT_MODEL; mutbex_code=042.ATA.3753.15
ATALAY	Atalay Endüstriyel Mutfak Ekipmanları	Pişirme	Taban Raflari	ATA-3753/30	ATALAY		Atalay ATA - 3753 / 30 15x2 37 x 53	24089.0	30 Tepsilik Tepsi Taşıma Arabası, 37x53 cm, ATA-3753/30	37018.8	-12929.800000000003	-34.93	EQUSTO_DAHA_UCUZ	EXACT_MODEL	HIGH	IN_STOCK	https://equsto.com/shop/ata-3753/30	https://www.mutbex.com/atalay-30-tepsilik-tepsi-tasima-arabasi-37x53-cm-ata-3753-30	match_method=EXACT_MODEL; mutbex_code=042.ATA.3753.30
ATALAY	Atalay Endüstriyel Mutfak Ekipmanları	Pişirme	Taban Raflari	ATA-3753/45	ATALAY		Atalay ATA - 3753 / 45 15x3 37 x 53	33089.0					NO_MATCH	NO_MATCH	LOW	NOT_FOUND	https://equsto.com/shop/ata-3753/45		No match found on Mutbex
ATALAY	Atalay Endüstriyel Mutfak Ekipmanları	Pişirme	Taban Raflari	ATA-4060/15	ATALAY		Atalay ATA - 4060 / 15 15 40 x 60	13236.0	Tepsi Taşıma Arabası 15 Tepsilik 40x60 cm, ATA-4060/15	20340	-7104.0	-34.93	EQUSTO_DAHA_UCUZ	EXACT_MODEL	HIGH	IN_STOCK	https://equsto.com/shop/ata-4060/15	https://www.mutbex.com/atalay-15-tepsilik-tepsi-tasima-arabasi-40x60-cm-ata-4060-15	match_method=EXACT_MODEL; mutbex_code=042.ATA.4060.15
ATALAY	Atalay Endüstriyel Mutfak Ekipmanları	Pişirme	Taban Raflari	ATA-50	ATALAY		Atalay ATA - 50 Nötr 440 x 650	6353.0					NO_MATCH	NO_MATCH	LOW	NOT_FOUND	https://equsto.com/shop/ata-50		No match found on Mutbex
ATALAY	Atalay Endüstriyel Mutfak Ekipmanları	Pişirme	Taban Raflari	ATA-5070/15	ATALAY		Atalay ATA - 5070 / 15 15 50 x 70	14559.0					NO_MATCH	NO_MATCH	LOW	NOT_FOUND	https://equsto.com/shop/ata-5070/15		No match found on Mutbex
ATALAY	Atalay Endüstriyel Mutfak Ekipmanları	Pişirme	Taban Raflari	ATA-5365/15	ATALAY		Atalay ATA - 5365 / 15 15 53 x 65	14030.0					NO_MATCH	NO_MATCH	LOW	NOT_FOUND	https://equsto.com/shop/ata-5365/15		No match found on Mutbex
ATALAY	Atalay Endüstriyel Mutfak Ekipmanları	Pişirme	Taban Raflari	ATAT-30	ATALAY		Atalay ATAT - 30 30 28 x 40	17206.0					NO_MATCH	NO_MATCH	LOW	NOT_FOUND	https://equsto.com/shop/atat-30		No match found on Mutbex
ATALAY	Atalay Endüstriyel Mutfak Ekipmanları	Pişirme	Taban Raflari	ATAT-3753/18	ATALAY		Atalay ATAT - 3753 / 18 9x2 37 x 53 Termotray	19589.0					NO_MATCH	NO_MATCH	LOW	NOT_FOUND	https://equsto.com/shop/atat-3753/18		No match found on Mutbex
ATALAY	Atalay Endüstriyel Mutfak Ekipmanları	Pişirme	Taban Raflari	ATI-100	ATALAY		Atalay ATI - 100 Is›tmal› 490 x 1000 x 1018	34148.0					NO_MATCH	NO_MATCH	LOW	NOT_FOUND	https://equsto.com/shop/ati-100		No match found on Mutbex
ATALAY	Atalay Endüstriyel Mutfak Ekipmanları	Pişirme	Taban Raflari	ATI-50	ATALAY		Atalay ATI - 50 Is›tmal› 490 x 600 x 1018	22236.0					NO_MATCH	NO_MATCH	LOW	NOT_FOUND	https://equsto.com/shop/ati-50		No match found on Mutbex
ATALAY	Atalay Endüstriyel Mutfak Ekipmanları	Pişirme	Taban Raflari	ATIA-50	ATALAY		Atalay ATIA - 50 Is›tmal› 440 x 650	7941.0					NO_MATCH	NO_MATCH	LOW	NOT_FOUND	https://equsto.com/shop/atia-50		No match found on Mutbex
ATALAY	Atalay Endüstriyel Mutfak Ekipmanları	Pişirme	Taban Raflari	ATN-100	ATALAY		Atalay ATN - 100 Nötr 490 x 1000 x 1018	23030.0					NO_MATCH	NO_MATCH	LOW	NOT_FOUND	https://equsto.com/shop/atn-100		No match found on Mutbex
ATALAY	Atalay Endüstriyel Mutfak Ekipmanları	Pişirme	Taban Raflari	ATN-50	ATALAY		Atalay ATN - 50 Nötr 490 x 600 x 1018	14294.0					NO_MATCH	NO_MATCH	LOW	NOT_FOUND	https://equsto.com/shop/atn-50		No match found on Mutbex
ATALAY	Atalay Endüstriyel Mutfak Ekipmanları	Pişirme	Tost Makineleri	ATM2745/2	ATALAY		Atalay ATM 2745/2 230 V 27 x 45	14824.0					NO_MATCH	NO_MATCH	LOW	NOT_FOUND	https://equsto.com/shop/atm2745/2		No match found on Mutbex
ATALAY	Atalay Endüstriyel Mutfak Ekipmanları	Pişirme	Tost Makineleri	ATM-2735	ATALAY		Atalay ATM-2735 230 V 27 x 36	12177.0					NO_MATCH	NO_MATCH	LOW	NOT_FOUND	https://equsto.com/shop/atm-2735		No match found on Mutbex
ATALAY	Atalay Endüstriyel Mutfak Ekipmanları	Pişirme	Tost Makineleri	ATM-2745	ATALAY		Atalay ATM-2745 230 V 27 x 45	13765.0					NO_MATCH	NO_MATCH	LOW	NOT_FOUND	https://equsto.com/shop/atm-2745		No match found on Mutbex
ATALAY	Atalay Endüstriyel Mutfak Ekipmanları	Pişirme	Tost Makineleri	ATM-5530	ATALAY		Atalay ATM-5530 230 V 24 x 52	16412.0					NO_MATCH	NO_MATCH	LOW	NOT_FOUND	https://equsto.com/shop/atm-5530		No match found on Mutbex
ATALAY	Atalay Endüstriyel Mutfak Ekipmanları	Pişirme	Waffle Krep Makineleri	AWM-2401	ATALAY		Atalay AWM-2401 230 V 8x16x1,5 Kare	13765.0					NO_MATCH	NO_MATCH	LOW	NOT_FOUND	https://equsto.com/shop/awm-2401		No match found on Mutbex
ATALAY	Atalay Endüstriyel Mutfak Ekipmanları	Pişirme	Waffle Krep Makineleri	AWM-2402	ATALAY		Atalay AWM-2402 230 V 2x8x16x1,5 Kare	24089.0					NO_MATCH	NO_MATCH	LOW	NOT_FOUND	https://equsto.com/shop/awm-2402		No match found on Mutbex
ATALAY	Atalay Endüstriyel Mutfak Ekipmanları	Pişirme	Waffle Krep Makineleri	AWMC-2401	ATALAY		Atalay AWMC-2401 230 V 320 x 320 x 300	14824.0					NO_MATCH	NO_MATCH	LOW	NOT_FOUND	https://equsto.com/shop/awmc-2401		No match found on Mutbex
ATALAY	Atalay Endüstriyel Mutfak Ekipmanları	Pişirme	Waffle Krep Makineleri	AWMC-2402	ATALAY		Atalay AWMC-2402 230 V 600 x 320 x 300	30707.0					NO_MATCH	NO_MATCH	LOW	NOT_FOUND	https://equsto.com/shop/awmc-2402		No match found on Mutbex
ATALAY	Atalay Endüstriyel Mutfak Ekipmanları	Pişirme	Yardimci Ekipmanlar	ADKM-01	ATALAY		Atalay ADKM-01 2690x90x30 mm.	3177.0					NO_MATCH	NO_MATCH	LOW	NOT_FOUND	https://equsto.com/shop/adkm-01		No match found on Mutbex
ATALAY	Atalay Endüstriyel Mutfak Ekipmanları	Pişirme	Yardimci Ekipmanlar	ADSA-02	ATALAY		Atalay ADSA-02 Ø340x170 mm. 12x12 mm.	3177.0					NO_MATCH	NO_MATCH	LOW	NOT_FOUND	https://equsto.com/shop/adsa-02		No match found on Mutbex
ATALAY	Atalay Endüstriyel Mutfak Ekipmanları	Pişirme	Yardimci Ekipmanlar	ADSA-03	ATALAY		Atalay ADSA-03 Ø340x170 mm. 15x15 mm.	4500.0					NO_MATCH	NO_MATCH	LOW	NOT_FOUND	https://equsto.com/shop/adsa-03		No match found on Mutbex
ATALAY	Atalay Endüstriyel Mutfak Ekipmanları	Pişirme	Yardimci Ekipmanlar	ADSA-04	ATALAY		Atalay ADSA-04 Ø340x170 mm. 20x20 mm.	4500.0					NO_MATCH	NO_MATCH	LOW	NOT_FOUND	https://equsto.com/shop/adsa-04		No match found on Mutbex
ATALAY	Atalay Endüstriyel Mutfak Ekipmanları	Pişirme	Yardimci Ekipmanlar	ADSA-05	ATALAY		Atalay ADSA-05 Ø360x164 mm.	6618.0	Atalay Döner Sarma Aparatları ADR Robot Şişeleri Cm ADSA 05	10170	-3552.0	-34.93	EQUSTO_DAHA_UCUZ	MODEL_IN_NAME	HIGH	IN_STOCK	https://equsto.com/shop/adsa-05	https://www.mutbex.com/atalay-doner-sarma-aparatlari-adr-robot-siseleri-cm-adsa-05	match_method=MODEL_IN_NAME; mutbex_code=042.ADSA.05
ATALAY	Atalay Endüstriyel Mutfak Ekipmanları	Pişirme	Yardimci Ekipmanlar	ADSK-01	ATALAY		Atalay ADSK-01 355x101x48 mm. 12x12 mm.	5030.0					NO_MATCH	NO_MATCH	LOW	NOT_FOUND	https://equsto.com/shop/adsk-01		No match found on Mutbex
ATALAY	Atalay Endüstriyel Mutfak Ekipmanları	Pişirme	Yardimci Ekipmanlar	ADSK-02	ATALAY		Atalay ADSK-02 355x101x48 mm. 30x10 mm.	5030.0					NO_MATCH	NO_MATCH	LOW	NOT_FOUND	https://equsto.com/shop/adsk-02		No match found on Mutbex
ATALAY	Atalay Endüstriyel Mutfak Ekipmanları	Pişirme	Yardimci Ekipmanlar	ADSK-03	ATALAY		Atalay ADSK-03 355x101x48 mm. 20x20 mm.	5030.0					NO_MATCH	NO_MATCH	LOW	NOT_FOUND	https://equsto.com/shop/adsk-03		No match found on Mutbex
ATALAY	Atalay Endüstriyel Mutfak Ekipmanları	Pişirme	Yardimci Ekipmanlar	ADTS-01	ATALAY		Atalay ADTS-01 410x580x1110 mm.	17206.0					NO_MATCH	NO_MATCH	LOW	NOT_FOUND	https://equsto.com/shop/adts-01		No match found on Mutbex
ATALAY	Atalay Endüstriyel Mutfak Ekipmanları	Pişirme	Yardimci Ekipmanlar	ADTS-02	ATALAY		Atalay ADTS-02 360x560x1156 mm.	12441.0					NO_MATCH	NO_MATCH	LOW	NOT_FOUND	https://equsto.com/shop/adts-02		No match found on Mutbex
ATALAY	Atalay Endüstriyel Mutfak Ekipmanları	Pişirme	Yardimci Ekipmanlar	AKA-01	ATALAY		Atalay AKA - 01 - 580 x 790 x 900	16677.0					NO_MATCH	NO_MATCH	LOW	NOT_FOUND	https://equsto.com/shop/aka-01		No match found on Mutbex
ATALAY	Atalay Endüstriyel Mutfak Ekipmanları	Pişirme	Yardimci Ekipmanlar	AKC-01	ATALAY		Atalay AKC - 01 250 x 376 x 87 270 x 395 x 100	3177.0	Atalay Kahve Çekmecesi, AKC-01	4881.6	-1704.6000000000004	-34.92	EQUSTO_DAHA_UCUZ	EXACT_MODEL	HIGH	IN_STOCK	https://equsto.com/shop/akc-01	https://www.mutbex.com/atalay-kahve-cekmecesi-akc-01	match_method=EXACT_MODEL; mutbex_code=042.AKC.01
ATALAY	Atalay Endüstriyel Mutfak Ekipmanları	Kahve	Cay Makineleri	ATKM-2M	ATALAY		Atalay ATKM-2M 2 2 x 2	30971.0					NO_MATCH	NO_MATCH	LOW	NOT_FOUND	https://equsto.com/shop/atkm-2m		No match found on Mutbex
ATALAY	Atalay Endüstriyel Mutfak Ekipmanları	Kahve	Cay Makineleri	ATKM-3M	ATALAY		Atalay ATKM-3M 3 3 x 2	39177.0	Atalay Ritüel Türk Kahvesi Makinesi, Manuel,3 Cezveli, Elektirikli,ATKM 3M	60206.4	-21029.4	-34.93	EQUSTO_DAHA_UCUZ	MODEL_IN_NAME	HIGH	IN_STOCK	https://equsto.com/shop/atkm-3m	https://www.mutbex.com/atalay-turk-kahvesi-makinesi-manuel-3-cezveli-elektirikli-atkm-3m	match_method=MODEL_IN_NAME; mutbex_code=042.ATKM.3M
ATALAY	Atalay Endüstriyel Mutfak Ekipmanları	Kahve	Cay Makineleri	ATKM-4M	ATALAY		Atalay ATKM-4M 4 4 x 2	51354.0					NO_MATCH	NO_MATCH	LOW	NOT_FOUND	https://equsto.com/shop/atkm-4m		No match found on Mutbex
ATALAY	Atalay Endüstriyel Mutfak Ekipmanları	Servis Arabaları	Yardimci Ekipmanlar	ADK-10/2	ATALAY		Atalay Döner Kalıpları ADK-10/2 810 x 764 x 1170 mm.	107738.0					NO_MATCH	NO_MATCH	LOW	NOT_FOUND	https://equsto.com/shop/adk-10/2		No match found on Mutbex
ATALAY	Atalay Endüstriyel Mutfak Ekipmanları	Servis Arabaları	Yardimci Ekipmanlar	ADK-8/3	ATALAY		Atalay Döner Kalıpları ADK-8/3 810 x 764 x 1615 mm.	152739.0					NO_MATCH	NO_MATCH	LOW	NOT_FOUND	https://equsto.com/shop/adk-8/3		No match found on Mutbex
ATALAY	Atalay Endüstriyel Mutfak Ekipmanları	Servis Arabaları	Yardimci Ekipmanlar	ADK-C5/2	ATALAY		Atalay Döner Kalıpları ADK-C5/2 675 x 645 x 1110 mm.	63531.0					NO_MATCH	NO_MATCH	LOW	NOT_FOUND	https://equsto.com/shop/adk-c5/2		No match found on Mutbex
ATALAY	Atalay Endüstriyel Mutfak Ekipmanları	Servis Arabaları	Yardimci Ekipmanlar	ADST-01	ATALAY		Atalay Döner Kalıpları ADST-01 665x955x1925mm.	81267.0					NO_MATCH	NO_MATCH	LOW	NOT_FOUND	https://equsto.com/shop/adst-01		No match found on Mutbex
ATALAY	Atalay Endüstriyel Mutfak Ekipmanları	Servis Arabaları	Yardimci Ekipmanlar	ADST-02	ATALAY		Atalay Döner Kalıpları ADST-02 570x986x1605 mm.	84708.0					NO_MATCH	NO_MATCH	LOW	NOT_FOUND	https://equsto.com/shop/adst-02		No match found on Mutbex
ATALAY	Atalay Endüstriyel Mutfak Ekipmanları	Servis Arabaları	Yardimci Ekipmanlar	ADST-03	ATALAY		Atalay Döner Kalıpları ADST-03 850x1161x1605 mm.	92914.0					NO_MATCH	NO_MATCH	LOW	NOT_FOUND	https://equsto.com/shop/adst-03		No match found on Mutbex
ATALAY	Atalay Endüstriyel Mutfak Ekipmanları	Servis Arabaları	Yardimci Ekipmanlar	ADST-04	ATALAY		Atalay Döner Kalıpları ADST-04 566x890x1605 mm.	80472.0					NO_MATCH	NO_MATCH	LOW	NOT_FOUND	https://equsto.com/shop/adst-04		No match found on Mutbex
ATALAY	Atalay Endüstriyel Mutfak Ekipmanları	Servis Arabaları	Yardimci Ekipmanlar	ADST-05	ATALAY		Atalay Döner Kalıpları ADST-05 568x986x1605 mm.	83914.0					NO_MATCH	NO_MATCH	LOW	NOT_FOUND	https://equsto.com/shop/adst-05		No match found on Mutbex
ATALAY	Atalay Endüstriyel Mutfak Ekipmanları	Servis Arabaları	Yardimci Ekipmanlar	ADST-06	ATALAY		Atalay Döner Kalıpları ADST-06 850x1160x1605 mm.	86031.0					NO_MATCH	NO_MATCH	LOW	NOT_FOUND	https://equsto.com/shop/adst-06		No match found on Mutbex
