plan_bucket	decision	gsc_reason	why	action	confidence	lang	kind	dept	slug	target	was_login	product_hit	url	last_crawl
P0_RECOVER_PRODUCT	RECOVER_308	"noindex" etiketi tarafından hariç tutuldu	noindex_login_wraps_product	308_login_next_to_product	high	en	shop_pdp	kahve	atkm-4m	/en/shop/kahve/atkm-4m	True	True	https://equsto.com/en/login?mode=register&next=/en/shop/kahve/atkm-4m	2026-09-22
P0_RECOVER_PRODUCT	COMMERCE_LEAK_NOINDEX	"noindex" etiketi tarafından hariç tutuldu	tr_pdp_noindex_leak	remove_noindex_tr_pdp	high	tr	shop_pdp	set-ustu-mutfak	8893-up103-00	/shop/set-ustu-mutfak/8893-up103-00	False	False	https://equsto.com/shop/set-ustu-mutfak/8893-up103-00	2026-09-22
P0_RECOVER_PRODUCT	COMMERCE_LEAK_NOINDEX	"noindex" etiketi tarafından hariç tutuldu	tr_pdp_noindex_leak	remove_noindex_tr_pdp	high	tr	shop_pdp	hazirlik	9823-dr436-00	/shop/hazirlik/9823-dr436-00	False	False	https://equsto.com/shop/hazirlik/9823-dr436-00	2026-09-21
P0_RECOVER_PRODUCT	RECOVER_308	"noindex" etiketi tarafından hariç tutuldu	noindex_login_wraps_product	308_login_next_to_product	high	en	shop_pdp	market-reyonlari	eq-falcon-sld-eq113	/en/shop/market-reyonlari/eq-falcon-sld-eq113	True	True	https://equsto.com/en/login?mode=register&next=/en/shop/market-reyonlari/eq-falcon-sld-eq113	2026-09-21
P0_RECOVER_PRODUCT	RECOVER_308	"noindex" etiketi tarafından hariç tutuldu	noindex_login_wraps_product	308_login_next_to_product	high	en	shop_pdp	pisirme	xb895	/en/shop/pisirme/xb895	True	True	https://equsto.com/en/login?mode=register&next=/en/shop/pisirme/xb895	2026-09-21
P0_RECOVER_PRODUCT	RECOVER_308	"noindex" etiketi tarafından hariç tutuldu	noindex_login_wraps_product	308_login_next_to_product	high	tr	shop_pdp	set-ustu-mutfak	8315-00011-00	/shop/set-ustu-mutfak/8315-00011-00	True	True	https://equsto.com/en/login?next=/shop/set-ustu-mutfak/8315-00011-00	2026-09-21
P0_RECOVER_PRODUCT	RECOVER_308	"noindex" etiketi tarafından hariç tutuldu	noindex_login_wraps_product	308_login_next_to_product	high	tr	shop_pdp	market-reyonlari	eq-split-sogutma-sistemi-eq1	/shop/market-reyonlari/eq-split-sogutma-sistemi-eq1	True	False	https://equsto.com/en/login?next=/shop/market-reyonlari/eq-split-sogutma-sistemi-eq1	2026-09-21
P0_RECOVER_PRODUCT	RECOVER_308	"noindex" etiketi tarafından hariç tutuldu	noindex_login_wraps_product	308_login_next_to_product	high	tr	shop_pdp	istif	7897-14080-40	/shop/istif/7897-14080-40	True	True	https://equsto.com/en/login?next=/shop/istif/7897-14080-40	2026-09-21
P0_RECOVER_PRODUCT	RECOVER_308	"noindex" etiketi tarafından hariç tutuldu	noindex_login_wraps_product	308_login_next_to_product	high	tr	shop_pdp	set-ustu-mutfak	8845-0crg2-00	/shop/set-ustu-mutfak/8845-0crg2-00	True	True	https://equsto.com/en/login?mode=register&next=/shop/set-ustu-mutfak/8845-0crg2-00	2026-09-21
P0_RECOVER_PRODUCT	RECOVER_308	"noindex" etiketi tarafından hariç tutuldu	noindex_login_wraps_product	308_login_next_to_product	high	en	shop_pdp	pisirme	pi5-m004-k	/en/shop/pisirme/pi5-m004-k	True	True	https://equsto.com/en/login?mode=register&next=/en/shop/pisirme/pi5-m004-k	2026-09-21
P0_RECOVER_PRODUCT	RECOVER_308	"noindex" etiketi tarafından hariç tutuldu	noindex_login_wraps_product	308_login_next_to_product	high	en	shop_pdp	dolap	7911-19060-44	/en/shop/tezgah/7911-19060-44	True	True	https://equsto.com/en/login?mode=register&next=/en/shop/dolap/7911-19060-44	2026-09-21
P0_RECOVER_PRODUCT	RECOVER_308	"noindex" etiketi tarafından hariç tutuldu	noindex_login_wraps_product	308_login_next_to_product	high	en	shop_pdp	pisirme	7961-11829-7y4	/en/shop/yikama/7961-11829-7y4	True	True	https://equsto.com/en/login?mode=register&next=/en/shop/pisirme/7961-11829-7y4	2026-09-21
P0_RECOVER_PRODUCT	RECOVER_308	"noindex" etiketi tarafından hariç tutuldu	noindex_login_wraps_product	308_login_next_to_product	high	en	shop_pdp	market-reyonlari	eq-tiger-cg-eq4	/en/shop/market-reyonlari/eq-tiger-cg-eq4	True	True	https://equsto.com/en/login?mode=register&next=/en/shop/market-reyonlari/eq-tiger-cg-eq4	2026-09-21
P0_RECOVER_PRODUCT	RECOVER_308	"noindex" etiketi tarafından hariç tutuldu	noindex_login_wraps_product	308_login_next_to_product		en	shop_pdp	market-reyonlari	eq-fulya-nv-tp-eq22		True	False	https://equsto.com/en/login?mode=register&next=/en/shop/market-reyonlari/eq-fulya-nv-tp-eq22	2026-09-21
P0_RECOVER_PRODUCT	RECOVER_308	"noindex" etiketi tarafından hariç tutuldu	noindex_login_wraps_product	308_login_next_to_product		en	shop_pdp	sogutma	portabianco-monoblok-tezgah-tip-iki-kapili-buzdo		True	False	https://equsto.com/en/login?mode=register&next=/en/shop/sogutma/portabianco-monoblok-tezgah-tip-iki-kapili-buzdo	2026-09-21
P0_RECOVER_PRODUCT	RECOVER_308	"noindex" etiketi tarafından hariç tutuldu	noindex_login_wraps_product	308_login_next_to_product	high	en	shop_pdp	dolap	7911-16070-09	/en/shop/tezgah/7911-16070-09	True	True	https://equsto.com/en/login?mode=register&next=/en/shop/dolap/7911-16070-09	2026-09-21
P0_RECOVER_PRODUCT	RECOVER_308	"noindex" etiketi tarafından hariç tutuldu	noindex_login_wraps_product	308_login_next_to_product	high	en	shop_pdp	pisirme	eagi-1060-ndcr	/en/shop/pisirme/eagi-1060-ndcr	True	True	https://equsto.com/en/login?mode=register&next=/en/shop/pisirme/eagi-1060-ndcr	2026-09-21
P0_RECOVER_PRODUCT	RECOVER_308	"noindex" etiketi tarafından hariç tutuldu	noindex_login_wraps_product	308_login_next_to_product		en	shop_pdp	market-reyonlari	eq-fulya-nv-lm-eq15		True	False	https://equsto.com/en/login?mode=register&next=/en/shop/market-reyonlari/eq-fulya-nv-lm-eq15	2026-09-21
P0_RECOVER_PRODUCT	COMMERCE_LEAK_NOINDEX	"noindex" etiketi tarafından hariç tutuldu	tr_pdp_noindex_leak	remove_noindex_tr_pdp	high	tr	shop_pdp	set-ustu-mutfak	oztiryakiler-endustriyel-mutfak__7754-410833	/shop/set-ustu-mutfak/7754-410833	False	True	https://equsto.com/shop/set-ustu-mutfak/oztiryakiler-endustriyel-mutfak__7754-410833	2026-09-20
P0_RECOVER_PRODUCT	RECOVER_308	"noindex" etiketi tarafından hariç tutuldu	noindex_login_wraps_product	308_login_next_to_product	high	en	shop_pdp	set-ustu-mutfak	0311-14020-21	/en/shop/set-ustu-mutfak/0311-14020-21	True	True	https://equsto.com/en/login?mode=register&next=/en/shop/set-ustu-mutfak/0311-14020-21	2026-09-20
P0_RECOVER_PRODUCT	RECOVER_308	"noindex" etiketi tarafından hariç tutuldu	noindex_login_wraps_product	308_login_next_to_product	high	en	shop_pdp	set-ustu-mutfak	0312-00024-13	/en/shop/set-ustu-mutfak/0312-00024-13	True	True	https://equsto.com/en/login?mode=register&next=/en/shop/set-ustu-mutfak/0312-00024-13	2026-09-20
P0_RECOVER_PRODUCT	RECOVER_308	"noindex" etiketi tarafından hariç tutuldu	noindex_login_wraps_product	308_login_next_to_product		en	shop_pdp	market-reyonlari	eq-nergis-lm-eq3		True	False	https://equsto.com/en/login?mode=register&next=/en/shop/market-reyonlari/eq-nergis-lm-eq3	2026-09-17
P0_RECOVER_PRODUCT	RECOVER_308	"noindex" etiketi tarafından hariç tutuldu	noindex_login_wraps_product	308_login_next_to_product	high	en	shop_pdp	sogutma	fresh-maker-a	/en/shop/sogutma/fresh-maker-a	True	True	https://equsto.com/en/login?mode=register&next=/en/shop/sogutma/fresh-maker-a	2026-09-05
P0_RECOVER_PRODUCT	RECOVER_308	"noindex" etiketi tarafından hariç tutuldu	noindex_login_wraps_product	308_login_next_to_product	high	en	shop_pdp	set-ustu-mutfak	0311-23065-11	/en/shop/set-ustu-mutfak/0311-23065-11	True	True	https://equsto.com/en/login?mode=register&next=/en/shop/set-ustu-mutfak/0311-23065-11	2026-09-05
P0_RECOVER_PRODUCT	RECOVER_308	"noindex" etiketi tarafından hariç tutuldu	noindex_login_wraps_product	308_login_next_to_product	high	en	shop_pdp	istif	8897-32dp4-07	/en/shop/istif/8897-32dp4-07	True	True	https://equsto.com/en/login?mode=register&next=/en/shop/istif/8897-32dp4-07	2026-09-05
P0_RECOVER_PRODUCT	RECOVER_308	"noindex" etiketi tarafından hariç tutuldu	noindex_login_wraps_product	308_login_next_to_product	high	en	shop_pdp	market-reyonlari	eq-lion-tgd-eq22	/en/shop/market-reyonlari/eq-lion-tgd-eq22	True	True	https://equsto.com/en/login?mode=register&next=/en/shop/market-reyonlari/eq-lion-tgd-eq22	2026-09-05
P0_RECOVER_PRODUCT	RECOVER_308	"noindex" etiketi tarafından hariç tutuldu	noindex_login_wraps_product	308_login_next_to_product	high	en	shop_pdp	pisirme	7960-04929-7o1	/en/shop/yikama/7960-04929-7o1	True	True	https://equsto.com/en/login?mode=register&next=/en/shop/pisirme/7960-04929-7o1	2026-09-05
P0_RECOVER_PRODUCT	RECOVER_308	"noindex" etiketi tarafından hariç tutuldu	noindex_login_wraps_product	308_login_next_to_product		en	shop_pdp	market-reyonlari	eq-nergis-lm-eq1		True	False	https://equsto.com/en/login?mode=register&next=/en/shop/market-reyonlari/eq-nergis-lm-eq1	2026-09-05
P0_RECOVER_PRODUCT	RECOVER_308	"noindex" etiketi tarafından hariç tutuldu	noindex_login_wraps_product	308_login_next_to_product	high	en	shop_pdp	dolap	7911-14060-04a	/en/shop/tezgah/7911-14060-04a	True	True	https://equsto.com/en/login?mode=register&next=/en/shop/dolap/7911-14060-04a	2026-09-05
P0_RECOVER_PRODUCT	RECOVER_308	"noindex" etiketi tarafından hariç tutuldu	noindex_login_wraps_product	308_login_next_to_product		en	shop_pdp	market-reyonlari	eq-nergis-lb-fg-sky-eq48		True	False	https://equsto.com/en/login?mode=register&next=/en/shop/market-reyonlari/eq-nergis-lb-fg-sky-eq48	2026-09-05
P0_RECOVER_PRODUCT	RECOVER_308	"noindex" etiketi tarafından hariç tutuldu	noindex_login_wraps_product	308_login_next_to_product	high	en	shop_pdp	tezgah	7911-16060-35	/en/shop/tezgah/7911-16060-35	True	True	https://equsto.com/en/login?mode=register&next=/en/shop/tezgah/7911-16060-35	2026-09-04
P0_RECOVER_PRODUCT	RECOVER_308	"noindex" etiketi tarafından hariç tutuldu	noindex_login_wraps_product	308_login_next_to_product	high	tr	shop_pdp	sogutma	msbhg-2n70e	/shop/sogutma/msbhg-2n70e	True	True	https://equsto.com/en/login?next=/shop/sogutma/msbhg-2n70e	2026-09-04
P0_RECOVER_PRODUCT	RECOVER_308	"noindex" etiketi tarafından hariç tutuldu	noindex_login_wraps_product	308_login_next_to_product		en	shop_hub	sogutma			True	False	https://equsto.com/en/login?mode=register&next=/en/shop/sogutma?tip%3Dtezgah-tipi-buzdolabi	2026-09-04
P0_RECOVER_PRODUCT	RECOVER_308	"noindex" etiketi tarafından hariç tutuldu	noindex_login_wraps_product	308_login_next_to_product	high	en	shop_pdp	tezgah	eq-ksbst-16070	/en/shop/tezgah/eq-ksbst-16070	True	True	https://equsto.com/en/login?mode=register&next=/en/shop/tezgah/eq-ksbst-16070	2026-09-04
P0_RECOVER_PRODUCT	RECOVER_308	"noindex" etiketi tarafından hariç tutuldu	noindex_login_wraps_product	308_login_next_to_product	high	en	shop_pdp	pisirme	npicco69-1	/en/shop/pisirme/npicco69-1	True	True	https://equsto.com/en/login?mode=register&next=/en/shop/pisirme/npicco69-1	2026-09-04
P0_RECOVER_PRODUCT	RECOVER_308	"noindex" etiketi tarafından hariç tutuldu	noindex_login_wraps_product	308_login_next_to_product	high	en	shop_pdp	hazirlik	8820-uhm50-tr	/en/shop/hazirlik/8820-uhm50-tr	True	True	https://equsto.com/en/login?mode=register&next=/en/shop/hazirlik/8820-uhm50-tr	2026-09-04
P0_RECOVER_PRODUCT	RECOVER_308	"noindex" etiketi tarafından hariç tutuldu	noindex_login_wraps_product	308_login_next_to_product	high	en	shop_pdp	istif	ino-idd126	/en/shop/istif/ino-idd126	True	True	https://equsto.com/en/login?mode=register&next=/en/shop/istif/ino-idd126	2026-09-04
P0_RECOVER_PRODUCT	RECOVER_308	"noindex" etiketi tarafından hariç tutuldu	noindex_login_wraps_product	308_login_next_to_product	med	en	shop_pdp	tezgah	pimak-16060-52	/en/shop/tezgah/7911-16060-52	True	True	https://equsto.com/en/login?mode=register&next=/en/shop/tezgah/pimak-16060-52	2026-09-04
P0_RECOVER_PRODUCT	RECOVER_308	"noindex" etiketi tarafından hariç tutuldu	noindex_login_wraps_product	308_login_next_to_product	high	en	shop_pdp	pisirme	7961-11829-7o2	/en/shop/yikama/7961-11829-7o2	True	True	https://equsto.com/en/login?mode=register&next=/en/shop/pisirme/7961-11829-7o2	2026-09-04
P0_RECOVER_PRODUCT	RECOVER_308	"noindex" etiketi tarafından hariç tutuldu	noindex_login_wraps_product	308_login_next_to_product	high	en	shop_pdp	pisirme	ino-zco-7kg20	/en/shop/pisirme/ino-zco-7kg20	True	True	https://equsto.com/en/login?mode=register&next=/en/shop/pisirme/ino-zco-7kg20	2026-09-04
P0_RECOVER_PRODUCT	RECOVER_308	"noindex" etiketi tarafından hariç tutuldu	noindex_login_wraps_product	308_login_next_to_product		en	shop_pdp	hazirlik	rc-24432		True	False	https://equsto.com/en/login?mode=register&next=/en/shop/hazirlik/rc-24432	2026-09-04
P0_RECOVER_PRODUCT	RECOVER_308	"noindex" etiketi tarafından hariç tutuldu	noindex_login_wraps_product	308_login_next_to_product	high	en	shop_pdp	sogutma	bre-cb184ahc	/en/shop/sogutma/bre-cb184ahc	True	True	https://equsto.com/en/login?mode=register&next=/en/shop/sogutma/bre-cb184ahc	2026-09-04
P0_RECOVER_PRODUCT	RECOVER_308	"noindex" etiketi tarafından hariç tutuldu	noindex_login_wraps_product	308_login_next_to_product	high	en	shop_pdp	pisirme	ali-873	/en/shop/pisirme/ali-873	True	True	https://equsto.com/en/login?next=/en/shop/pisirme/ali-873	2026-09-04
P0_RECOVER_PRODUCT	RECOVER_308	"noindex" etiketi tarafından hariç tutuldu	noindex_login_wraps_product	308_login_next_to_product		en	shop_pdp	market-reyonlari	eq-nergis-lm-eq55		True	False	https://equsto.com/en/login?mode=register&next=/en/shop/market-reyonlari/eq-nergis-lm-eq55	2026-09-04
P0_RECOVER_PRODUCT	RECOVER_308	"noindex" etiketi tarafından hariç tutuldu	noindex_login_wraps_product	308_login_next_to_product	high	en	shop_pdp	tezgah	ino-kln190	/en/shop/tezgah/ino-kln190	True	True	https://equsto.com/en/login?mode=register&next=/en/shop/tezgah/ino-kln190	2026-09-04
P0_RECOVER_PRODUCT	RECOVER_308	"noindex" etiketi tarafından hariç tutuldu	noindex_login_wraps_product	308_login_next_to_product	high	en	shop_pdp	dolap	7911-19070-83	/en/shop/tezgah/7911-19070-83	True	True	https://equsto.com/en/login?mode=register&next=/en/shop/dolap/7911-19070-83	2026-09-04
P0_RECOVER_PRODUCT	RECOVER_308	"noindex" etiketi tarafından hariç tutuldu	noindex_login_wraps_product	308_login_next_to_product	high	en	shop_pdp	sogutma	79e3-27lmv-00	/en/shop/sogutma/79e3-27lmv-00	True	True	https://equsto.com/en/login?mode=register&next=/en/shop/sogutma/79e3-27lmv-00	2026-09-04
P0_RECOVER_PRODUCT	RECOVER_308	"noindex" etiketi tarafından hariç tutuldu	noindex_login_wraps_product	308_login_next_to_product	high	en	shop_pdp	sogutma	79e4-37lmv-00	/en/shop/sogutma/79e4-37lmv-00	True	True	https://equsto.com/en/login?mode=register&next=/en/shop/sogutma/79e4-37lmv-00	2026-09-03
P0_RECOVER_PRODUCT	RECOVER_308	"noindex" etiketi tarafından hariç tutuldu	noindex_login_wraps_product	308_login_next_to_product		en	shop_pdp	market-reyonlari	eq-nergis-tp-sky-eq35		True	False	https://equsto.com/en/login?mode=register&next=/en/shop/market-reyonlari/eq-nergis-tp-sky-eq35	2026-09-03
P0_RECOVER_PRODUCT	RECOVER_308	"noindex" etiketi tarafından hariç tutuldu	noindex_login_wraps_product	308_login_next_to_product	high	en	shop_pdp	kahve	199-50087	/en/shop/kahve/199-50087	True	True	https://equsto.com/en/login?mode=register&next=/en/shop/kahve/199-50087	2026-09-03
P0_RECOVER_PRODUCT	RECOVER_308	"noindex" etiketi tarafından hariç tutuldu	noindex_login_wraps_product	308_login_next_to_product	high	en	shop_pdp	sogutma	ttc-3n60	/en/shop/sogutma/ttc-3n60	True	True	https://equsto.com/en/login?mode=register&next=/en/shop/sogutma/ttc-3n60	2026-09-03
P0_RECOVER_PRODUCT	RECOVER_308	"noindex" etiketi tarafından hariç tutuldu	noindex_login_wraps_product	308_login_next_to_product	high	en	shop_pdp	yikama	502721	/en/shop/yikama/502721	True	True	https://equsto.com/en/login?mode=register&next=/en/shop/yikama/502721	2026-09-03
P0_RECOVER_PRODUCT	RECOVER_308	"noindex" etiketi tarafından hariç tutuldu	noindex_login_wraps_product	308_login_next_to_product	high	en	shop_pdp	kahve	199-1005394	/en/shop/kahve/199-1005394	True	True	https://equsto.com/en/login?mode=register&next=/en/shop/kahve/199-1005394	2026-09-03
P0_RECOVER_PRODUCT	RECOVER_308	"noindex" etiketi tarafından hariç tutuldu	noindex_login_wraps_product	308_login_next_to_product		en	shop_pdp	market-reyonlari	eq-nergis-tp-sky-eq12		True	False	https://equsto.com/en/login?mode=register&next=/en/shop/market-reyonlari/eq-nergis-tp-sky-eq12	2026-09-03
P0_RECOVER_PRODUCT	RECOVER_308	"noindex" etiketi tarafından hariç tutuldu	noindex_login_wraps_product	308_login_next_to_product	high	en	shop_pdp	hazirlik	0810-00060-03	/en/shop/hazirlik/0810-00060-03	True	True	https://equsto.com/en/login?mode=register&next=/en/shop/hazirlik/0810-00060-03	2026-09-03
P0_RECOVER_PRODUCT	RECOVER_308	"noindex" etiketi tarafından hariç tutuldu	noindex_login_wraps_product	308_login_next_to_product	med	en	shop_pdp	davlumbaz	pimak-35255-10	/en/shop/davlumbaz/7885-35255-10	True	True	https://equsto.com/en/login?mode=register&next=/en/shop/davlumbaz/pimak-35255-10	2026-09-03
P0_RECOVER_PRODUCT	RECOVER_308	"noindex" etiketi tarafından hariç tutuldu	noindex_login_wraps_product	308_login_next_to_product	high	en	shop_pdp	pisirme	7960-04929-5y1	/en/shop/yikama/7960-04929-5y1	True	True	https://equsto.com/en/login?mode=register&next=/en/shop/pisirme/7960-04929-5y1	2026-09-03
P0_RECOVER_PRODUCT	RECOVER_308	"noindex" etiketi tarafından hariç tutuldu	noindex_login_wraps_product	308_login_next_to_product	high	en	shop_pdp	tezgah	7758-146a5-13	/en/shop/tezgah/7758-146a5-13	True	True	https://equsto.com/en/login?mode=register&next=/en/shop/tezgah/7758-146a5-13	2026-09-03
P0_RECOVER_PRODUCT	RECOVER_308	"noindex" etiketi tarafından hariç tutuldu	noindex_login_wraps_product	308_login_next_to_product	high	en	shop_pdp	pisirme	7961-09429-7y2	/en/shop/yikama/7961-09429-7y2	True	True	https://equsto.com/en/login?mode=register&next=/en/shop/pisirme/7961-09429-7y2	2026-09-03
P0_RECOVER_PRODUCT	RECOVER_308	"noindex" etiketi tarafından hariç tutuldu	noindex_login_wraps_product	308_login_next_to_product	high	en	shop_pdp	set-ustu-mutfak	0311-12150-11	/en/shop/set-ustu-mutfak/0311-12150-11	True	True	https://equsto.com/en/login?mode=register&next=/en/shop/set-ustu-mutfak/0311-12150-11	2026-09-03
P0_RECOVER_PRODUCT	RECOVER_308	"noindex" etiketi tarafından hariç tutuldu	noindex_login_wraps_product	308_login_next_to_product	high	en	shop_pdp	tezgah	ino-kgd140	/en/shop/tezgah/ino-kgd140	True	True	https://equsto.com/en/login?mode=register&next=/en/shop/tezgah/ino-kgd140	2026-09-02
P0_RECOVER_PRODUCT	RECOVER_308	"noindex" etiketi tarafından hariç tutuldu	noindex_login_wraps_product	308_login_next_to_product	high	en	shop_pdp	tezgah	7911-06070-83	/en/shop/tezgah/7911-06070-83	True	True	https://equsto.com/en/login?mode=register&next=/en/shop/tezgah/7911-06070-83	2026-09-02
P0_RECOVER_PRODUCT	RECOVER_308	"noindex" etiketi tarafından hariç tutuldu	noindex_login_wraps_product	308_login_next_to_product	high	en	shop_pdp	sogutma	vbbc-250s	/en/shop/sogutma/vbbc-250s	True	True	https://equsto.com/en/login?mode=register&next=/en/shop/sogutma/vbbc-250s	2026-09-02
P0_RECOVER_PRODUCT	RECOVER_308	"noindex" etiketi tarafından hariç tutuldu	noindex_login_wraps_product	308_login_next_to_product	high	en	shop_pdp	tezgah	7910-14040-01	/en/shop/tezgah/7910-14040-01	True	True	https://equsto.com/en/login?mode=register&next=/en/shop/tezgah/7910-14040-01	2026-09-02
P0_RECOVER_PRODUCT	RECOVER_308	"noindex" etiketi tarafından hariç tutuldu	noindex_login_wraps_product	308_login_next_to_product	high	en	shop_pdp	davlumbaz	7885-55255-14	/en/shop/davlumbaz/7885-55255-14	True	True	https://equsto.com/en/login?mode=register&next=/en/shop/davlumbaz/7885-55255-14	2026-09-02
P0_RECOVER_PRODUCT	RECOVER_308	"noindex" etiketi tarafından hariç tutuldu	noindex_login_wraps_product	308_login_next_to_product	high	en	shop_pdp	pisirme	9890-x0711-eg	/en/shop/pisirme/9890-x0711-eg	True	True	https://equsto.com/en/login?mode=register&next=/en/shop/pisirme/9890-x0711-eg	2026-09-02
P0_RECOVER_PRODUCT	RECOVER_308	"noindex" etiketi tarafından hariç tutuldu	noindex_login_wraps_product	308_login_next_to_product	high	en	shop_pdp	sogutma	asbhkg-2n70e	/en/shop/sogutma/asbhkg-2n70e	True	True	https://equsto.com/en/login?mode=register&next=/en/shop/sogutma/asbhkg-2n70e	2026-09-02
P0_RECOVER_PRODUCT	RECOVER_308	"noindex" etiketi tarafından hariç tutuldu	noindex_login_wraps_product	308_login_next_to_product	high	en	shop_pdp	dolap	7911-10070-00	/en/shop/tezgah/7911-10070-00	True	True	https://equsto.com/en/login?mode=register&next=/en/shop/dolap/7911-10070-00	2026-09-02
P0_RECOVER_PRODUCT	RECOVER_308	"noindex" etiketi tarafından hariç tutuldu	noindex_login_wraps_product	308_login_next_to_product	high	en	shop_pdp	sogutma	79e3-pzc72-h0	/en/shop/sogutma/79e3-pzc72-h0	True	True	https://equsto.com/en/login?mode=register&next=/en/shop/sogutma/79e3-pzc72-h0	2026-09-02
P0_RECOVER_PRODUCT	RECOVER_308	"noindex" etiketi tarafından hariç tutuldu	noindex_login_wraps_product	308_login_next_to_product	high	en	shop_pdp	hazirlik	8841-sdc20-00	/en/shop/hazirlik/8841-sdc20-00	True	True	https://equsto.com/en/login?mode=register&next=/en/shop/hazirlik/8841-sdc20-00	2026-09-02
P0_RECOVER_PRODUCT	RECOVER_308	"noindex" etiketi tarafından hariç tutuldu	noindex_login_wraps_product	308_login_next_to_product	high	en	shop_pdp	sogutma	79e4-27nmv-02	/en/shop/sogutma/79e4-27nmv-02	True	True	https://equsto.com/en/login?mode=register&next=/en/shop/sogutma/79e4-27nmv-02	2026-09-02
P0_RECOVER_PRODUCT	RECOVER_308	"noindex" etiketi tarafından hariç tutuldu	noindex_login_wraps_product	308_login_next_to_product		en	shop_hub	sogutma			True	False	https://equsto.com/en/login?mode=register&next=/en/shop/sogutma?tip%3Dbuz-makinesi	2026-09-02
P0_RECOVER_PRODUCT	RECOVER_308	"noindex" etiketi tarafından hariç tutuldu	noindex_login_wraps_product	308_login_next_to_product	high	en	shop_pdp	tezgah	7911-16070-28	/en/shop/tezgah/7911-16070-28	True	True	https://equsto.com/en/login?mode=register&next=/en/shop/tezgah/7911-16070-28	2026-09-02
P0_RECOVER_PRODUCT	RECOVER_308	"noindex" etiketi tarafından hariç tutuldu	noindex_login_wraps_product	308_login_next_to_product	high	en	shop_pdp	set-ustu-mutfak	9563-hbh65-00	/en/shop/set-ustu-mutfak/9563-hbh65-00	True	True	https://equsto.com/en/login?mode=register&next=/en/shop/set-ustu-mutfak/9563-hbh65-00	2026-09-02
P0_RECOVER_PRODUCT	RECOVER_308	"noindex" etiketi tarafından hariç tutuldu	noindex_login_wraps_product	308_login_next_to_product	high	en	shop_pdp	icecek	9563-hbb25-00	/en/shop/set-ustu-mutfak/9563-hbb25-00	True	True	https://equsto.com/en/login?mode=register&next=/en/shop/icecek/9563-hbb25-00	2026-09-01
P0_RECOVER_PRODUCT	RECOVER_308	"noindex" etiketi tarafından hariç tutuldu	noindex_login_wraps_product	308_login_next_to_product	high	en	shop_pdp	dolap	7911-06060-83	/en/shop/tezgah/7911-06060-83	True	True	https://equsto.com/en/login?mode=register&next=/en/shop/dolap/7911-06060-83	2026-09-01
P0_RECOVER_PRODUCT	RECOVER_308	"noindex" etiketi tarafından hariç tutuldu	noindex_login_wraps_product	308_login_next_to_product	high	en	shop_pdp	tezgah	7911-09060-81	/en/shop/tezgah/7911-09060-81	True	True	https://equsto.com/en/login?mode=register&next=/en/shop/tezgah/7911-09060-81	2026-09-01
P0_RECOVER_PRODUCT	RECOVER_308	"noindex" etiketi tarafından hariç tutuldu	noindex_login_wraps_product	308_login_next_to_product	high	en	shop_pdp	pisirme	7960-02929-7o2	/en/shop/yikama/7960-02929-7o2	True	True	https://equsto.com/en/login?mode=register&next=/en/shop/pisirme/7960-02929-7o2	2026-09-01
P0_RECOVER_PRODUCT	RECOVER_308	"noindex" etiketi tarafından hariç tutuldu	noindex_login_wraps_product	308_login_next_to_product	high	en	shop_pdp	pisirme	ino-zmd-7lg10s	/en/shop/pisirme/ino-zmd-7lg10s	True	True	https://equsto.com/en/login?next=/en/shop/pisirme/ino-zmd-7lg10s	2026-09-01
P0_RECOVER_PRODUCT	RECOVER_308	"noindex" etiketi tarafından hariç tutuldu	noindex_login_wraps_product	308_login_next_to_product	high	en	shop_pdp	tezgah	132855	/en/shop/tezgah/132855	True	True	https://equsto.com/en/login?mode=register&next=/en/shop/tezgah/132855	2026-09-01
P0_RECOVER_PRODUCT	RECOVER_308	"noindex" etiketi tarafından hariç tutuldu	noindex_login_wraps_product	308_login_next_to_product		en	shop_pdp	market-reyonlari	eq-lotus-eq24		True	False	https://equsto.com/en/login?mode=register&next=/en/shop/market-reyonlari/eq-lotus-eq24	2026-09-01
P0_RECOVER_PRODUCT	RECOVER_308	"noindex" etiketi tarafından hariç tutuldu	noindex_login_wraps_product	308_login_next_to_product		en	shop_pdp	market-reyonlari	eq-nergis-lb-fg-eq8		True	False	https://equsto.com/en/login?mode=register&next=/en/shop/market-reyonlari/eq-nergis-lb-fg-eq8	2026-09-01
P0_RECOVER_PRODUCT	RECOVER_308	"noindex" etiketi tarafından hariç tutuldu	noindex_login_wraps_product	308_login_next_to_product	high	en	shop_pdp	yikama	ino-bym042tpd	/en/shop/yikama/ino-bym042tpd	True	True	https://equsto.com/en/login?mode=register&next=/en/shop/yikama/ino-bym042tpd	2026-09-01
P0_RECOVER_PRODUCT	RECOVER_308	"noindex" etiketi tarafından hariç tutuldu	noindex_login_wraps_product	308_login_next_to_product	high	en	shop_pdp	market-reyonlari	eq-lion-sld-eq63	/en/shop/market-reyonlari/eq-lion-sld-eq63	True	True	https://equsto.com/en/login?mode=register&next=/en/shop/market-reyonlari/eq-lion-sld-eq63	2026-09-01
P0_RECOVER_PRODUCT	RECOVER_308	"noindex" etiketi tarafından hariç tutuldu	noindex_login_wraps_product	308_login_next_to_product	high	tr	shop_pdp	hazirlik	208-600437	/shop/hazirlik/208-600437	True	True	https://equsto.com/en/login?mode=register&next=/shop/hazirlik/208-600437	2026-09-01
P0_RECOVER_PRODUCT	RECOVER_308	"noindex" etiketi tarafından hariç tutuldu	noindex_login_wraps_product	308_login_next_to_product		en	shop_pdp	market-reyonlari	eq-nergis-lb-tp-sky-eq21		True	False	https://equsto.com/en/login?mode=register&next=/en/shop/market-reyonlari/eq-nergis-lb-tp-sky-eq21	2026-09-01
P0_RECOVER_PRODUCT	RECOVER_308	"noindex" etiketi tarafından hariç tutuldu	noindex_login_wraps_product	308_login_next_to_product	high	en	shop_pdp	set-ustu-mutfak	8350-31044-0s	/en/shop/set-ustu-mutfak/8350-31044-0s	True	True	https://equsto.com/en/login?mode=register&next=/en/shop/set-ustu-mutfak/8350-31044-0s	2026-09-01
P0_RECOVER_PRODUCT	RECOVER_308	"noindex" etiketi tarafından hariç tutuldu	noindex_login_wraps_product	308_login_next_to_product	high	en	shop_pdp	pisirme	ago-490	/en/shop/pisirme/ago-490	True	True	https://equsto.com/en/login?mode=register&next=/en/shop/pisirme/ago-490	2026-09-01
P0_RECOVER_PRODUCT	RECOVER_308	"noindex" etiketi tarafından hariç tutuldu	noindex_login_wraps_product	308_login_next_to_product	high	en	shop_pdp	tezgah	7754-246e5-23	/en/shop/tezgah/7754-246e5-23	True	True	https://equsto.com/en/login?mode=register&next=/en/shop/tezgah/7754-246e5-23	2026-09-01
P0_RECOVER_PRODUCT	RECOVER_308	"noindex" etiketi tarafından hariç tutuldu	noindex_login_wraps_product	308_login_next_to_product	high	en	shop_pdp	set-ustu-mutfak	8356-50302-11	/en/shop/set-ustu-mutfak/8356-50302-11	True	True	https://equsto.com/en/login?mode=register&next=/en/shop/set-ustu-mutfak/8356-50302-11	2026-09-01
P0_RECOVER_PRODUCT	RECOVER_308	"noindex" etiketi tarafından hariç tutuldu	noindex_login_wraps_product	308_login_next_to_product	high	en	shop_pdp	market-reyonlari	eq-lion-sld-eq16	/en/shop/market-reyonlari/eq-lion-sld-eq16	True	True	https://equsto.com/en/login?mode=register&next=/en/shop/market-reyonlari/eq-lion-sld-eq16	2026-09-01
P0_RECOVER_PRODUCT	RECOVER_308	"noindex" etiketi tarafından hariç tutuldu	noindex_login_wraps_product	308_login_next_to_product	high	en	shop_pdp	sogutma	bre-tm250ahc	/en/shop/sogutma/bre-tm250ahc	True	True	https://equsto.com/en/login?mode=register&next=/en/shop/sogutma/bre-tm250ahc	2026-09-01
P0_RECOVER_PRODUCT	RECOVER_308	"noindex" etiketi tarafından hariç tutuldu	noindex_login_wraps_product	308_login_next_to_product	high	en	shop_pdp	pisirme	7960-09429-1y2	/en/shop/yikama/7960-09429-1y2	True	True	https://equsto.com/en/login?mode=register&next=/en/shop/pisirme/7960-09429-1y2	2026-09-01
P0_RECOVER_PRODUCT	RECOVER_308	"noindex" etiketi tarafından hariç tutuldu	noindex_login_wraps_product	308_login_next_to_product	high	en	shop_pdp	icecek	8573-ese3r-00	/en/shop/icecek/8573-ese3r-00	True	True	https://equsto.com/en/login?next=/en/shop/icecek/8573-ese3r-00	2026-09-01
P0_RECOVER_PRODUCT	RECOVER_308	"noindex" etiketi tarafından hariç tutuldu	noindex_login_wraps_product	308_login_next_to_product		en	shop_pdp	marka	blanco		True	False	https://equsto.com/en/login?mode=register&next=/en/shop/marka/blanco	2026-09-01
P0_RECOVER_PRODUCT	RECOVER_308	"noindex" etiketi tarafından hariç tutuldu	noindex_login_wraps_product	308_login_next_to_product	high	en	shop_pdp	tezgah	7911-14070-13	/en/shop/tezgah/7911-14070-13	True	True	https://equsto.com/en/login?mode=register&next=/en/shop/tezgah/7911-14070-13	2026-09-01
P0_RECOVER_PRODUCT	RECOVER_308	"noindex" etiketi tarafından hariç tutuldu	noindex_login_wraps_product	308_login_next_to_product	high	en	shop_pdp	market-reyonlari	eq-falcon-sld-eq33	/en/shop/market-reyonlari/eq-falcon-sld-eq33	True	True	https://equsto.com/en/login?next=/en/shop/market-reyonlari/eq-falcon-sld-eq33	2026-09-01
P0_RECOVER_PRODUCT	RECOVER_308	"noindex" etiketi tarafından hariç tutuldu	noindex_login_wraps_product	308_login_next_to_product	high	en	shop_pdp	tezgah	7911-19070-20	/en/shop/tezgah/7911-19070-20	True	True	https://equsto.com/en/login?mode=register&next=/en/shop/tezgah/7911-19070-20	2026-09-01
P0_RECOVER_PRODUCT	RECOVER_308	"noindex" etiketi tarafından hariç tutuldu	noindex_login_wraps_product	308_login_next_to_product		en	shop_pdp	market-reyonlari	eq-fulya-nv-tp-sky-eq21		True	False	https://equsto.com/en/login?mode=register&next=/en/shop/market-reyonlari/eq-fulya-nv-tp-sky-eq21	2026-09-01
P0_RECOVER_PRODUCT	RECOVER_308	"noindex" etiketi tarafından hariç tutuldu	noindex_login_wraps_product	308_login_next_to_product	high	en	shop_pdp	sogutma	bre-g1000a	/en/shop/sogutma/bre-g1000a	True	True	https://equsto.com/en/login?mode=register&next=/en/shop/sogutma/bre-g1000a	2026-09-01
P0_RECOVER_PRODUCT	RECOVER_308	"noindex" etiketi tarafından hariç tutuldu	noindex_login_wraps_product	308_login_next_to_product		en	shop_pdp	market-reyonlari	eq-nergis-lm-eq4		True	False	https://equsto.com/en/login?mode=register&next=/en/shop/market-reyonlari/eq-nergis-lm-eq4	2026-08-31
P0_RECOVER_PRODUCT	RECOVER_308	"noindex" etiketi tarafından hariç tutuldu	noindex_login_wraps_product	308_login_next_to_product	high	en	shop_pdp	pisirme	agi-890scr	/en/shop/pisirme/agi-890scr	True	True	https://equsto.com/en/login?mode=register&next=/en/shop/pisirme/agi-890scr	2026-08-31
P0_RECOVER_PRODUCT	RECOVER_308	"noindex" etiketi tarafından hariç tutuldu	noindex_login_wraps_product	308_login_next_to_product	high	en	shop_pdp	market-reyonlari	eq-puma-sgd-eq2	/en/shop/market-reyonlari/eq-puma-sgd-eq2	True	True	https://equsto.com/en/login?mode=register&next=/en/shop/market-reyonlari/eq-puma-sgd-eq2	2026-08-31
P0_RECOVER_PRODUCT	RECOVER_308	"noindex" etiketi tarafından hariç tutuldu	noindex_login_wraps_product	308_login_next_to_product	high	en	shop_pdp	icecek	118-bbl-02	/en/shop/icecek/118-bbl-02	True	True	https://equsto.com/en/login?mode=register&next=/en/shop/icecek/118-bbl-02	2026-08-31
P0_RECOVER_PRODUCT	RECOVER_308	"noindex" etiketi tarafından hariç tutuldu	noindex_login_wraps_product	308_login_next_to_product	high	en	shop_pdp	tezgah	7754-196e8-23	/en/shop/tezgah/7754-196e8-23	True	True	https://equsto.com/en/login?mode=register&next=/en/shop/tezgah/7754-196e8-23	2026-08-31
P0_RECOVER_PRODUCT	RECOVER_308	"noindex" etiketi tarafından hariç tutuldu	noindex_login_wraps_product	308_login_next_to_product	high	en	shop_pdp	pisirme	npicco22-7	/en/shop/pisirme/npicco22-7	True	True	https://equsto.com/en/login?mode=register&next=/en/shop/pisirme/npicco22-7	2026-08-31
P0_RECOVER_PRODUCT	RECOVER_308	"noindex" etiketi tarafından hariç tutuldu	noindex_login_wraps_product	308_login_next_to_product	high	en	shop_pdp	yikama	534058	/en/shop/yikama/534058	True	True	https://equsto.com/en/login?mode=register&next=/en/shop/yikama/534058	2026-08-31
P0_RECOVER_PRODUCT	RECOVER_308	"noindex" etiketi tarafından hariç tutuldu	noindex_login_wraps_product	308_login_next_to_product	high	en	shop_pdp	hazirlik	208-600137	/en/shop/hazirlik/208-600137	True	True	https://equsto.com/en/login?mode=register&next=/en/shop/hazirlik/208-600137	2026-08-31
P0_RECOVER_PRODUCT	RECOVER_308	"noindex" etiketi tarafından hariç tutuldu	noindex_login_wraps_product	308_login_next_to_product	high	en	shop_pdp	yikama	0840-40035-01	/en/shop/yikama/0840-40035-01	True	True	https://equsto.com/en/login?mode=register&next=/en/shop/yikama/0840-40035-01	2026-08-31
P0_RECOVER_PRODUCT	RECOVER_308	"noindex" etiketi tarafından hariç tutuldu	noindex_login_wraps_product	308_login_next_to_product	high	en	shop_pdp	tezgah	7911-16070-95	/en/shop/tezgah/7911-16070-95	True	True	https://equsto.com/en/login?mode=register&next=/en/shop/tezgah/7911-16070-95	2026-08-31
P0_RECOVER_PRODUCT	RECOVER_308	"noindex" etiketi tarafından hariç tutuldu	noindex_login_wraps_product	308_login_next_to_product	high	tr	shop_pdp	market-reyonlari	eq-kangaroo-eq3	/shop/market-reyonlari/eq-kangaroo-eq3	True	True	https://equsto.com/en/login?mode=register&next=/shop/market-reyonlari/eq-kangaroo-eq3	2026-08-31
P0_RECOVER_PRODUCT	RECOVER_308	"noindex" etiketi tarafından hariç tutuldu	noindex_login_wraps_product	308_login_next_to_product	high	en	shop_pdp	pisirme	371215	/en/shop/pisirme/371215	True	False	https://equsto.com/en/login?mode=register&next=/en/shop/pisirme/371215	2026-08-31
P0_RECOVER_PRODUCT	RECOVER_308	"noindex" etiketi tarafından hariç tutuldu	noindex_login_wraps_product	308_login_next_to_product	high	en	shop_pdp	dolap	7754-196e8-35	/en/shop/tezgah/7754-196e8-35	True	True	https://equsto.com/en/login?mode=register&next=/en/shop/dolap/7754-196e8-35	2026-08-31
P0_RECOVER_PRODUCT	RECOVER_308	"noindex" etiketi tarafından hariç tutuldu	noindex_login_wraps_product	308_login_next_to_product	high	en	shop_pdp	sogutma	bre-g160ahc	/en/shop/sogutma/bre-g160ahc	True	True	https://equsto.com/en/login?mode=register&next=/en/shop/sogutma/bre-g160ahc	2026-08-31
P0_RECOVER_PRODUCT	RECOVER_308	"noindex" etiketi tarafından hariç tutuldu	noindex_login_wraps_product	308_login_next_to_product	high	en	shop_pdp	tezgah	ino-krn080	/en/shop/tezgah/ino-krn080	True	True	https://equsto.com/en/login?mode=register&next=/en/shop/tezgah/ino-krn080	2026-08-31
P0_RECOVER_PRODUCT	RECOVER_308	"noindex" etiketi tarafından hariç tutuldu	noindex_login_wraps_product	308_login_next_to_product		en	shop_pdp	sogutma	portabianco-tezgah-tip-kisa-dort-kapili-buzdolab		True	False	https://equsto.com/en/login?mode=register&next=/en/shop/sogutma/portabianco-tezgah-tip-kisa-dort-kapili-buzdolab	2026-08-31
P0_RECOVER_PRODUCT	RECOVER_308	"noindex" etiketi tarafından hariç tutuldu	noindex_login_wraps_product	308_login_next_to_product	med	en	shop_pdp	davlumbaz	pimak-45155-11	/en/shop/davlumbaz/7885-45155-11	True	True	https://equsto.com/en/login?mode=register&next=/en/shop/davlumbaz/pimak-45155-11	2026-08-31
P0_RECOVER_PRODUCT	RECOVER_308	"noindex" etiketi tarafından hariç tutuldu	noindex_login_wraps_product	308_login_next_to_product	high	en	shop_pdp	set-ustu-mutfak	0420-03625-11	/en/shop/set-ustu-mutfak/0420-03625-11	True	True	https://equsto.com/en/login?mode=register&next=/en/shop/set-ustu-mutfak/0420-03625-11	2026-08-31
P0_RECOVER_PRODUCT	RECOVER_308	"noindex" etiketi tarafından hariç tutuldu	noindex_login_wraps_product	308_login_next_to_product		en	shop_pdp	davlumbaz	pimak-40205-00		True	False	https://equsto.com/en/login?mode=register&next=/en/shop/davlumbaz/pimak-40205-00	2026-08-31
P0_RECOVER_PRODUCT	RECOVER_308	"noindex" etiketi tarafından hariç tutuldu	noindex_login_wraps_product	308_login_next_to_product	high	en	shop_pdp	tezgah	7897-19030-30	/en/shop/tezgah/7897-19030-30	True	True	https://equsto.com/en/login?mode=register&next=/en/shop/tezgah/7897-19030-30	2026-08-31
P0_RECOVER_PRODUCT	RECOVER_308	"noindex" etiketi tarafından hariç tutuldu	noindex_login_wraps_product	308_login_next_to_product	high	en	shop_pdp	market-reyonlari	eq-lion-sld-eq17	/en/shop/market-reyonlari/eq-lion-sld-eq17	True	True	https://equsto.com/en/login?mode=register&next=/en/shop/market-reyonlari/eq-lion-sld-eq17	2026-08-31
P0_RECOVER_PRODUCT	RECOVER_308	"noindex" etiketi tarafından hariç tutuldu	noindex_login_wraps_product	308_login_next_to_product	high	tr	shop_pdp	sogutma	pzag-480-e	/shop/sogutma/pzag-480-e	True	True	https://equsto.com/en/login?next=/shop/sogutma/pzag-480-e	2026-08-31
P0_RECOVER_PRODUCT	RECOVER_308	"noindex" etiketi tarafından hariç tutuldu	noindex_login_wraps_product	308_login_next_to_product	high	en	shop_pdp	set-ustu-mutfak	8893-up112-lw	/en/shop/set-ustu-mutfak/8893-up112-lw	True	False	https://equsto.com/en/login?mode=register&next=/en/shop/set-ustu-mutfak/8893-up112-lw	2026-08-31
P0_RECOVER_PRODUCT	RECOVER_308	"noindex" etiketi tarafından hariç tutuldu	noindex_login_wraps_product	308_login_next_to_product		en	shop_pdp	market-reyonlari	eq-fulya-nv-pn-eq33		True	False	https://equsto.com/en/login?mode=register&next=/en/shop/market-reyonlari/eq-fulya-nv-pn-eq33	2026-08-31
P0_RECOVER_PRODUCT	RECOVER_308	"noindex" etiketi tarafından hariç tutuldu	noindex_login_wraps_product	308_login_next_to_product	high	en	shop_pdp	tezgah	7754-146a5-21	/en/shop/tezgah/7754-146a5-21	True	True	https://equsto.com/en/login?mode=register&next=/en/shop/tezgah/7754-146a5-21	2026-08-31
P0_RECOVER_PRODUCT	RECOVER_308	"noindex" etiketi tarafından hariç tutuldu	noindex_login_wraps_product	308_login_next_to_product	high	en	shop_pdp	dolap	7911-06070-84	/en/shop/tezgah/7911-06070-84	True	True	https://equsto.com/en/login?mode=register&next=/en/shop/dolap/7911-06070-84	2026-08-31
P0_RECOVER_PRODUCT	RECOVER_308	"noindex" etiketi tarafından hariç tutuldu	noindex_login_wraps_product	308_login_next_to_product	high	en	shop_pdp	tezgah	7754-156a5-25	/en/shop/tezgah/7754-156a5-25	True	True	https://equsto.com/en/login?mode=register&next=/en/shop/tezgah/7754-156a5-25	2026-08-31
P0_RECOVER_PRODUCT	RECOVER_308	"noindex" etiketi tarafından hariç tutuldu	noindex_login_wraps_product	308_login_next_to_product	high	tr	shop_pdp	pisirme	ino-7lg20s	/shop/pisirme/ino-7lg20s	True	True	https://equsto.com/en/login?mode=register&next=/shop/pisirme/ino-7lg20s	2026-08-31
P0_RECOVER_PRODUCT	RECOVER_308	"noindex" etiketi tarafından hariç tutuldu	noindex_login_wraps_product	308_login_next_to_product	high	en	shop_pdp	pisirme	7960-09429-1y1	/en/shop/yikama/7960-09429-1y1	True	True	https://equsto.com/en/login?mode=register&next=/en/shop/pisirme/7960-09429-1y1	2026-08-31
P0_RECOVER_PRODUCT	RECOVER_308	"noindex" etiketi tarafından hariç tutuldu	noindex_login_wraps_product	308_login_next_to_product	high	en	shop_pdp	istif	8897-46100-p0	/en/shop/istif/8897-46100-p0	True	True	https://equsto.com/en/login?mode=register&next=/en/shop/istif/8897-46100-p0	2026-08-31
P0_RECOVER_PRODUCT	RECOVER_308	"noindex" etiketi tarafından hariç tutuldu	noindex_login_wraps_product	308_login_next_to_product	high	en	shop_pdp	tezgah	ino-kln220	/en/shop/tezgah/ino-kln220	True	True	https://equsto.com/en/login?mode=register&next=/en/shop/tezgah/ino-kln220	2026-08-31
P0_RECOVER_PRODUCT	RECOVER_308	"noindex" etiketi tarafından hariç tutuldu	noindex_login_wraps_product	308_login_next_to_product		en	shop_pdp	market-reyonlari	eq-nergis-lb-tp-eq23		True	False	https://equsto.com/en/login?mode=register&next=/en/shop/market-reyonlari/eq-nergis-lb-tp-eq23	2026-08-31
P0_RECOVER_PRODUCT	RECOVER_308	"noindex" etiketi tarafından hariç tutuldu	noindex_login_wraps_product	308_login_next_to_product	high	en	shop_pdp	tezgah	7911-12070-08	/en/shop/tezgah/7911-12070-08	True	True	https://equsto.com/en/login?mode=register&next=/en/shop/tezgah/7911-12070-08	2026-08-31
P0_RECOVER_PRODUCT	RECOVER_308	"noindex" etiketi tarafından hariç tutuldu	noindex_login_wraps_product	308_login_next_to_product		en	shop_pdp	market-reyonlari	eq-nergis-fg-eq23		True	False	https://equsto.com/en/login?mode=register&next=/en/shop/market-reyonlari/eq-nergis-fg-eq23	2026-08-31
P0_RECOVER_PRODUCT	RECOVER_308	"noindex" etiketi tarafından hariç tutuldu	noindex_login_wraps_product	308_login_next_to_product	high	en	shop_pdp	istif	7897-16060-04	/en/shop/istif/7897-16060-04	True	True	https://equsto.com/en/login?next=/en/shop/istif/7897-16060-04	2026-08-31
P0_RECOVER_PRODUCT	RECOVER_308	"noindex" etiketi tarafından hariç tutuldu	noindex_login_wraps_product	308_login_next_to_product		en	shop_pdp	market-reyonlari	eq-nergis-lm-eq50		True	False	https://equsto.com/en/login?mode=register&next=/en/shop/market-reyonlari/eq-nergis-lm-eq50	2026-08-31
P0_RECOVER_PRODUCT	RECOVER_308	"noindex" etiketi tarafından hariç tutuldu	noindex_login_wraps_product	308_login_next_to_product	high	en	shop_pdp	tezgah	7897-19030-04	/en/shop/tezgah/7897-19030-04	True	True	https://equsto.com/en/login?mode=register&next=/en/shop/tezgah/7897-19030-04	2026-08-31
P0_RECOVER_PRODUCT	RECOVER_308	"noindex" etiketi tarafından hariç tutuldu	noindex_login_wraps_product	308_login_next_to_product		en	shop_pdp	market-reyonlari	eq-nergis-tp-eq14		True	False	https://equsto.com/en/login?mode=register&next=/en/shop/market-reyonlari/eq-nergis-tp-eq14	2026-08-30
P0_RECOVER_PRODUCT	RECOVER_308	"noindex" etiketi tarafından hariç tutuldu	noindex_login_wraps_product	308_login_next_to_product	high	en	shop_pdp	tezgah	ino-kss193r	/en/shop/tezgah/ino-kss193r	True	True	https://equsto.com/en/login?mode=register&next=/en/shop/tezgah/ino-kss193r	2026-08-30
P0_RECOVER_PRODUCT	RECOVER_308	"noindex" etiketi tarafından hariç tutuldu	noindex_login_wraps_product	308_login_next_to_product	high	en	shop_pdp	tezgah	7911-10070-08	/en/shop/tezgah/7911-10070-08	True	True	https://equsto.com/en/login?mode=register&next=/en/shop/tezgah/7911-10070-08	2026-08-30
P0_RECOVER_PRODUCT	RECOVER_308	"noindex" etiketi tarafından hariç tutuldu	noindex_login_wraps_product	308_login_next_to_product		en	shop_pdp	market-reyonlari	eq-lotus-eq62		True	False	https://equsto.com/en/login?mode=register&next=/en/shop/market-reyonlari/eq-lotus-eq62	2026-08-30
P0_RECOVER_PRODUCT	RECOVER_308	"noindex" etiketi tarafından hariç tutuldu	noindex_login_wraps_product	308_login_next_to_product		en	shop_pdp	market-reyonlari	eq-nergis-lb-tp-eq41		True	False	https://equsto.com/en/login?mode=register&next=/en/shop/market-reyonlari/eq-nergis-lb-tp-eq41	2026-08-30
P0_RECOVER_PRODUCT	RECOVER_308	"noindex" etiketi tarafından hariç tutuldu	noindex_login_wraps_product	308_login_next_to_product	high	en	shop_pdp	set-ustu-mutfak	vkb-450	/en/shop/set-ustu-mutfak/vkb-450	True	True	https://equsto.com/en/login?mode=register&next=/en/shop/set-ustu-mutfak/vkb-450	2026-08-30
P0_RECOVER_PRODUCT	RECOVER_308	"noindex" etiketi tarafından hariç tutuldu	noindex_login_wraps_product	308_login_next_to_product	high	en	shop_pdp	pisirme	391100	/en/shop/pisirme/391100	True	True	https://equsto.com/en/login?mode=register&next=/en/shop/pisirme/391100	2026-08-30
P0_RECOVER_PRODUCT	RECOVER_308	"noindex" etiketi tarafından hariç tutuldu	noindex_login_wraps_product	308_login_next_to_product		en	shop_pdp	market-reyonlari	eq-lotus-lb-eq22		True	False	https://equsto.com/en/login?mode=register&next=/en/shop/market-reyonlari/eq-lotus-lb-eq22	2026-08-30
P0_RECOVER_PRODUCT	RECOVER_308	"noindex" etiketi tarafından hariç tutuldu	noindex_login_wraps_product	308_login_next_to_product	high	en	shop_pdp	yikama	ino-bym102t-hr	/en/shop/yikama/ino-bym102t-hr	True	True	https://equsto.com/en/login?mode=register&next=/en/shop/yikama/ino-bym102t-hr	2026-08-30
P0_RECOVER_PRODUCT	RECOVER_308	"noindex" etiketi tarafından hariç tutuldu	noindex_login_wraps_product	308_login_next_to_product	high	en	shop_pdp	tezgah	eq-kbulst02-09070	/en/shop/tezgah/eq-kbulst02-09070	True	True	https://equsto.com/en/login?mode=register&next=/en/shop/tezgah/eq-kbulst02-09070	2026-08-30
P0_RECOVER_PRODUCT	RECOVER_308	"noindex" etiketi tarafından hariç tutuldu	noindex_login_wraps_product	308_login_next_to_product	high	en	shop_pdp	pisirme	7961-16229-1y4	/en/shop/yikama/7961-16229-1y4	True	True	https://equsto.com/en/login?mode=register&next=/en/shop/pisirme/7961-16229-1y4	2026-08-30
P0_RECOVER_PRODUCT	RECOVER_308	"noindex" etiketi tarafından hariç tutuldu	noindex_login_wraps_product	308_login_next_to_product	high	en	shop_pdp	davlumbaz	eq-kdavotf02-150250	/en/shop/davlumbaz/eq-kdavotf02-150250	True	True	https://equsto.com/en/login?mode=register&next=/en/shop/davlumbaz/eq-kdavotf02-150250	2026-08-30
P0_RECOVER_PRODUCT	RECOVER_308	"noindex" etiketi tarafından hariç tutuldu	noindex_login_wraps_product	308_login_next_to_product	high	en	shop_pdp	istif	53-x-137-x-183-201	/en/shop/istif/53-x-137-x-183-201	True	True	https://equsto.com/en/login?mode=register&next=/en/shop/istif/53-x-137-x-183-201	2026-08-30
P0_RECOVER_PRODUCT	RECOVER_308	"noindex" etiketi tarafından hariç tutuldu	noindex_login_wraps_product	308_login_next_to_product	high	en	shop_pdp	sogutma	ttx-3n70	/en/shop/sogutma/ttx-3n70	True	True	https://equsto.com/en/login?mode=register&next=/en/shop/sogutma/ttx-3n70	2026-08-30
P0_RECOVER_PRODUCT	RECOVER_308	"noindex" etiketi tarafından hariç tutuldu	noindex_login_wraps_product	308_login_next_to_product		en	shop_pdp	sogutma	portabianco-tezgah-tip-mix-dort-kapili-buzdolabi		True	False	https://equsto.com/en/login?mode=register&next=/en/shop/sogutma/portabianco-tezgah-tip-mix-dort-kapili-buzdolabi	2026-08-30
P0_RECOVER_PRODUCT	RECOVER_308	"noindex" etiketi tarafından hariç tutuldu	noindex_login_wraps_product	308_login_next_to_product	high	en	shop_pdp	pisirme	371269	/en/shop/pisirme/371269	True	True	https://equsto.com/en/login?mode=register&next=/en/shop/pisirme/371269	2026-08-30
P0_RECOVER_PRODUCT	RECOVER_308	"noindex" etiketi tarafından hariç tutuldu	noindex_login_wraps_product	308_login_next_to_product	high	en	shop_pdp	set-ustu-mutfak	m056	/en/shop/set-ustu-mutfak/m056	True	True	https://equsto.com/en/login?next=/en/shop/set-ustu-mutfak/m056	2026-08-30
P0_RECOVER_PRODUCT	RECOVER_308	"noindex" etiketi tarafından hariç tutuldu	noindex_login_wraps_product	308_login_next_to_product	high	en	shop_pdp	tezgah	eq-kdct02-14070	/en/shop/tezgah/eq-kdct02-14070	True	True	https://equsto.com/en/login?mode=register&next=/en/shop/tezgah/eq-kdct02-14070	2026-08-30
P0_RECOVER_PRODUCT	RECOVER_308	"noindex" etiketi tarafından hariç tutuldu	noindex_login_wraps_product	308_login_next_to_product	high	en	shop_pdp	yikama	118-dbe-01	/en/shop/yikama/118-dbe-01	True	True	https://equsto.com/en/login?mode=register&next=/en/shop/yikama/118-dbe-01	2026-08-30
P0_RECOVER_PRODUCT	RECOVER_308	"noindex" etiketi tarafından hariç tutuldu	noindex_login_wraps_product	308_login_next_to_product		en	shop_pdp	market-reyonlari	eq-fulya-hf-tp-sky-eq20		True	False	https://equsto.com/en/login?mode=register&next=/en/shop/market-reyonlari/eq-fulya-hf-tp-sky-eq20	2026-08-30
P0_RECOVER_PRODUCT	RECOVER_308	"noindex" etiketi tarafından hariç tutuldu	noindex_login_wraps_product	308_login_next_to_product	high	en	shop_pdp	pisirme	spr6-1	/en/shop/pisirme/spr6-1	True	True	https://equsto.com/en/login?mode=register&next=/en/shop/pisirme/spr6-1	2026-08-30
P0_RECOVER_PRODUCT	RECOVER_308	"noindex" etiketi tarafından hariç tutuldu	noindex_login_wraps_product	308_login_next_to_product	high	en	shop_pdp	tezgah	ino-kss160	/en/shop/tezgah/ino-kss160	True	True	https://equsto.com/en/login?mode=register&next=/en/shop/tezgah/ino-kss160	2026-08-30
P0_RECOVER_PRODUCT	RECOVER_308	"noindex" etiketi tarafından hariç tutuldu	noindex_login_wraps_product	308_login_next_to_product	high	en	shop_pdp	sogutma	bre-hiku26ahc	/en/shop/sogutma/bre-hiku26ahc	True	True	https://equsto.com/en/login?mode=register&next=/en/shop/sogutma/bre-hiku26ahc	2026-08-30
P0_RECOVER_PRODUCT	RECOVER_308	"noindex" etiketi tarafından hariç tutuldu	noindex_login_wraps_product	308_login_next_to_product	high	en	shop_pdp	tezgah	7754-066a8-01	/en/shop/tezgah/7754-066a8-01	True	True	https://equsto.com/en/login?mode=register&next=/en/shop/tezgah/7754-066a8-01	2026-08-30
P0_RECOVER_PRODUCT	RECOVER_308	"noindex" etiketi tarafından hariç tutuldu	noindex_login_wraps_product	308_login_next_to_product	high	en	shop_pdp	davlumbaz	7885-30205-10	/en/shop/davlumbaz/7885-30205-10	True	True	https://equsto.com/en/login?mode=register&next=/en/shop/davlumbaz/7885-30205-10	2026-08-30
P0_RECOVER_PRODUCT	RECOVER_308	"noindex" etiketi tarafından hariç tutuldu	noindex_login_wraps_product	308_login_next_to_product	high	en	shop_pdp	tezgah	7754-217d5-21	/en/shop/tezgah/7754-217d5-21	True	True	https://equsto.com/en/login?mode=register&next=/en/shop/tezgah/7754-217d5-21	2026-08-30
P0_RECOVER_PRODUCT	RECOVER_308	"noindex" etiketi tarafından hariç tutuldu	noindex_login_wraps_product	308_login_next_to_product	high	en	shop_pdp	yikama	7711-09075-24	/en/shop/yikama/7711-09075-24	True	True	https://equsto.com/en/login?next=/en/shop/yikama/7711-09075-24	2026-08-30
P0_RECOVER_PRODUCT	RECOVER_308	"noindex" etiketi tarafından hariç tutuldu	noindex_login_wraps_product	308_login_next_to_product		en	shop_pdp	market-reyonlari	eq-lotus-lb-eq26		True	False	https://equsto.com/en/login?mode=register&next=/en/shop/market-reyonlari/eq-lotus-lb-eq26	2026-08-30
P0_RECOVER_PRODUCT	RECOVER_308	"noindex" etiketi tarafından hariç tutuldu	noindex_login_wraps_product	308_login_next_to_product	high	en	shop_pdp	sogutma	7919-cr6030-00	/en/shop/sogutma/7919-cr6030-00	True	True	https://equsto.com/en/login?mode=register&next=/en/shop/sogutma/7919-cr6030-00	2026-08-30
P0_RECOVER_PRODUCT	RECOVER_308	"noindex" etiketi tarafından hariç tutuldu	noindex_login_wraps_product	308_login_next_to_product	high	en	shop_pdp	tezgah	7868-17107-md	/en/shop/tezgah/7868-17107-md	True	True	https://equsto.com/en/login?mode=register&next=/en/shop/tezgah/7868-17107-md	2026-08-30
P0_RECOVER_PRODUCT	RECOVER_308	"noindex" etiketi tarafından hariç tutuldu	noindex_login_wraps_product	308_login_next_to_product	high	en	shop_pdp	sogutma	dt-2ngn-eko	/en/shop/sogutma/dt-2ngn-eko	True	True	https://equsto.com/en/login?mode=register&next=/en/shop/sogutma/dt-2ngn-eko	2026-08-30
P0_RECOVER_PRODUCT	RECOVER_308	"noindex" etiketi tarafından hariç tutuldu	noindex_login_wraps_product	308_login_next_to_product	high	en	shop_pdp	tezgah	7911-12070-15	/en/shop/tezgah/7911-12070-15	True	True	https://equsto.com/en/login?mode=register&next=/en/shop/tezgah/7911-12070-15	2026-08-30
P0_RECOVER_PRODUCT	RECOVER_308	"noindex" etiketi tarafından hariç tutuldu	noindex_login_wraps_product	308_login_next_to_product	high	en	shop_pdp	pisirme	npicco330-3	/en/shop/pisirme/npicco330-3	True	True	https://equsto.com/en/login?mode=register&next=/en/shop/pisirme/npicco330-3	2026-08-30
P0_RECOVER_PRODUCT	RECOVER_308	"noindex" etiketi tarafından hariç tutuldu	noindex_login_wraps_product	308_login_next_to_product	high	en	shop_pdp	sogutma	bre-vm500a	/en/shop/sogutma/bre-vm500a	True	True	https://equsto.com/en/login?mode=register&next=/en/shop/sogutma/bre-vm500a	2026-08-30
P0_RECOVER_PRODUCT	RECOVER_308	"noindex" etiketi tarafından hariç tutuldu	noindex_login_wraps_product	308_login_next_to_product		en	shop_pdp	market-reyonlari	eq-nergis-lb-lm-eq26		True	False	https://equsto.com/en/login?mode=register&next=/en/shop/market-reyonlari/eq-nergis-lb-lm-eq26	2026-08-30
P0_RECOVER_PRODUCT	RECOVER_308	"noindex" etiketi tarafından hariç tutuldu	noindex_login_wraps_product	308_login_next_to_product	high	en	shop_pdp	tezgah	7754-066e8-01	/en/shop/tezgah/7754-066e8-01	True	True	https://equsto.com/en/login?mode=register&next=/en/shop/tezgah/7754-066e8-01	2026-08-30
P0_RECOVER_PRODUCT	RECOVER_308	"noindex" etiketi tarafından hariç tutuldu	noindex_login_wraps_product	308_login_next_to_product	high	en	shop_pdp	dolap	7754-196e8-25	/en/shop/tezgah/7754-196e8-25	True	True	https://equsto.com/en/login?mode=register&next=/en/shop/dolap/7754-196e8-25	2026-08-30
P0_RECOVER_PRODUCT	RECOVER_308	"noindex" etiketi tarafından hariç tutuldu	noindex_login_wraps_product	308_login_next_to_product	high	en	shop_pdp	yikama	502724	/en/shop/yikama/502724	True	True	https://equsto.com/en/login?mode=register&next=/en/shop/yikama/502724	2026-08-30
P0_RECOVER_PRODUCT	RECOVER_308	"noindex" etiketi tarafından hariç tutuldu	noindex_login_wraps_product	308_login_next_to_product	high	en	shop_pdp	pisirme	8890-md120-02	/en/shop/pisirme/8890-md120-02	True	True	https://equsto.com/en/login?mode=register&next=/en/shop/pisirme/8890-md120-02	2026-08-29
P0_RECOVER_PRODUCT	RECOVER_308	"noindex" etiketi tarafından hariç tutuldu	noindex_login_wraps_product	308_login_next_to_product	high	en	shop_pdp	sogutma	bre-cb1565ahc	/en/shop/sogutma/bre-cb1565ahc	True	True	https://equsto.com/en/login?mode=register&next=/en/shop/sogutma/bre-cb1565ahc	2026-08-29
P0_RECOVER_PRODUCT	RECOVER_308	"noindex" etiketi tarafından hariç tutuldu	noindex_login_wraps_product	308_login_next_to_product	high	en	shop_pdp	tezgah	7897-14030-07	/en/shop/tezgah/7897-14030-07	True	True	https://equsto.com/en/login?mode=register&next=/en/shop/tezgah/7897-14030-07	2026-08-29
P0_RECOVER_PRODUCT	RECOVER_308	"noindex" etiketi tarafından hariç tutuldu	noindex_login_wraps_product	308_login_next_to_product	high	en	shop_pdp	tezgah	7758-056a8-01	/en/shop/tezgah/7758-056a8-01	True	True	https://equsto.com/en/login?mode=register&next=/en/shop/tezgah/7758-056a8-01	2026-08-29
P0_RECOVER_PRODUCT	RECOVER_308	"noindex" etiketi tarafından hariç tutuldu	noindex_login_wraps_product	308_login_next_to_product	high	en	shop_pdp	tezgah	7911-14070-35	/en/shop/tezgah/7911-14070-35	True	True	https://equsto.com/en/login?next=/en/shop/tezgah/7911-14070-35	2026-08-29
P0_RECOVER_PRODUCT	RECOVER_308	"noindex" etiketi tarafından hariç tutuldu	noindex_login_wraps_product	308_login_next_to_product	high	en	shop_pdp	tezgah	7911-14070-35	/en/shop/tezgah/7911-14070-35	True	True	https://equsto.com/en/login?mode=register&next=/en/shop/tezgah/7911-14070-35	2026-08-29
P0_RECOVER_PRODUCT	RECOVER_308	"noindex" etiketi tarafından hariç tutuldu	noindex_login_wraps_product	308_login_next_to_product	high	en	shop_pdp	tezgah	7754-146eb-11	/en/shop/tezgah/7754-146eb-11	True	True	https://equsto.com/en/login?mode=register&next=/en/shop/tezgah/7754-146eb-11	2026-08-29
P0_RECOVER_PRODUCT	RECOVER_308	"noindex" etiketi tarafından hariç tutuldu	noindex_login_wraps_product	308_login_next_to_product	high	en	shop_pdp	tezgah	eq-kcevt01-09070	/en/shop/tezgah/eq-kcevt01-09070	True	True	https://equsto.com/en/login?mode=register&next=/en/shop/tezgah/eq-kcevt01-09070	2026-08-29
P0_RECOVER_PRODUCT	RECOVER_308	"noindex" etiketi tarafından hariç tutuldu	noindex_login_wraps_product	308_login_next_to_product		en	shop_pdp	market-reyonlari	eq-nergis-lm-eq27		True	False	https://equsto.com/en/login?mode=register&next=/en/shop/market-reyonlari/eq-nergis-lm-eq27	2026-08-29
P0_RECOVER_PRODUCT	RECOVER_308	"noindex" etiketi tarafından hariç tutuldu	noindex_login_wraps_product	308_login_next_to_product	high	en	shop_pdp	pisirme	npicco701-1	/en/shop/pisirme/npicco701-1	True	True	https://equsto.com/en/login?mode=register&next=/en/shop/pisirme/npicco701-1	2026-08-29
P0_RECOVER_PRODUCT	RECOVER_308	"noindex" etiketi tarafından hariç tutuldu	noindex_login_wraps_product	308_login_next_to_product	high	en	shop_pdp	tezgah	7897-16030-07	/en/shop/tezgah/7897-16030-07	True	True	https://equsto.com/en/login?mode=register&next=/en/shop/tezgah/7897-16030-07	2026-08-29
P0_RECOVER_PRODUCT	RECOVER_308	"noindex" etiketi tarafından hariç tutuldu	noindex_login_wraps_product	308_login_next_to_product		en	shop_pdp	market-reyonlari	eq-lotus-eq19		True	False	https://equsto.com/en/login?mode=register&next=/en/shop/market-reyonlari/eq-lotus-eq19	2026-08-29
P0_RECOVER_PRODUCT	RECOVER_308	"noindex" etiketi tarafından hariç tutuldu	noindex_login_wraps_product	308_login_next_to_product	high	en	shop_pdp	tezgah	7758-247c8-33	/en/shop/tezgah/7758-247c8-33	True	True	https://equsto.com/en/login?mode=register&next=/en/shop/tezgah/7758-247c8-33	2026-08-29
P0_RECOVER_PRODUCT	RECOVER_308	"noindex" etiketi tarafından hariç tutuldu	noindex_login_wraps_product	308_login_next_to_product	high	en	shop_pdp	icecek	8593-su250-00	/en/shop/icecek/8593-su250-00	True	True	https://equsto.com/en/login?mode=register&next=/en/shop/icecek/8593-su250-00	2026-08-29
P0_RECOVER_PRODUCT	RECOVER_308	"noindex" etiketi tarafından hariç tutuldu	noindex_login_wraps_product	308_login_next_to_product	high	en	shop_pdp	kahve	9868-11986-6001	/en/shop/kahve/9868-11986-6001	True	True	https://equsto.com/en/login?mode=register&next=/en/shop/kahve/9868-11986-6001	2026-08-29
P0_RECOVER_PRODUCT	RECOVER_308	"noindex" etiketi tarafından hariç tutuldu	noindex_login_wraps_product	308_login_next_to_product	high	en	shop_pdp	yikama	ino-bym042-pz	/en/shop/yikama/ino-bym042-pz	True	True	https://equsto.com/en/login?mode=register&next=/en/shop/yikama/ino-bym042-pz	2026-08-29
P0_RECOVER_PRODUCT	RECOVER_308	"noindex" etiketi tarafından hariç tutuldu	noindex_login_wraps_product	308_login_next_to_product	high	en	shop_pdp	set-ustu-mutfak	8893-up235w-00	/en/shop/set-ustu-mutfak/8893-up235w-00	True	False	https://equsto.com/en/login?mode=register&next=/en/shop/set-ustu-mutfak/8893-up235w-00	2026-08-29
P0_RECOVER_PRODUCT	RECOVER_308	"noindex" etiketi tarafından hariç tutuldu	noindex_login_wraps_product	308_login_next_to_product	high	en	shop_pdp	tezgah	eq-kmertt01-09070	/en/shop/tezgah/eq-kmertt01-09070	True	True	https://equsto.com/en/login?mode=register&next=/en/shop/tezgah/eq-kmertt01-09070	2026-08-29
P0_RECOVER_PRODUCT	RECOVER_308	"noindex" etiketi tarafından hariç tutuldu	noindex_login_wraps_product	308_login_next_to_product	high	en	shop_pdp	yikama	0753-01719-07	/en/shop/yikama/0753-01719-07	True	True	https://equsto.com/en/login?mode=register&next=/en/shop/yikama/0753-01719-07	2026-08-29
P0_RECOVER_PRODUCT	RECOVER_308	"noindex" etiketi tarafından hariç tutuldu	noindex_login_wraps_product	308_login_next_to_product		en	shop_pdp	market-reyonlari	eq-lotus-lb-eq23		True	False	https://equsto.com/en/login?mode=register&next=/en/shop/market-reyonlari/eq-lotus-lb-eq23	2026-08-29
P0_RECOVER_PRODUCT	RECOVER_308	"noindex" etiketi tarafından hariç tutuldu	noindex_login_wraps_product	308_login_next_to_product	high	en	shop_pdp	tezgah	ino-ktd190	/en/shop/tezgah/ino-ktd190	True	True	https://equsto.com/en/login?mode=register&next=/en/shop/tezgah/ino-ktd190	2026-08-29
P0_RECOVER_PRODUCT	RECOVER_308	"noindex" etiketi tarafından hariç tutuldu	noindex_login_wraps_product	308_login_next_to_product	high	en	shop_pdp	hazirlik	208-600981	/en/shop/hazirlik/208-600981	True	True	https://equsto.com/en/login?mode=register&next=/en/shop/hazirlik/208-600981	2026-08-29
P0_RECOVER_PRODUCT	RECOVER_308	"noindex" etiketi tarafından hariç tutuldu	noindex_login_wraps_product	308_login_next_to_product	high	en	shop_pdp	set-ustu-mutfak	9830-rl300-rd	/en/shop/set-ustu-mutfak/9830-rl300-rd	True	True	https://equsto.com/en/login?mode=register&next=/en/shop/set-ustu-mutfak/9830-rl300-rd	2026-08-29
P0_RECOVER_PRODUCT	RECOVER_308	"noindex" etiketi tarafından hariç tutuldu	noindex_login_wraps_product	308_login_next_to_product	high	en	shop_pdp	pisirme	spr120-2	/en/shop/pisirme/spr120-2	True	True	https://equsto.com/en/login?mode=register&next=/en/shop/pisirme/spr120-2	2026-08-29
P0_RECOVER_PRODUCT	RECOVER_308	"noindex" etiketi tarafından hariç tutuldu	noindex_login_wraps_product	308_login_next_to_product	high	en	shop_pdp	set-ustu-mutfak	6260-00072-63	/en/shop/set-ustu-mutfak/6260-00072-63	True	True	https://equsto.com/en/login?mode=register&next=/en/shop/set-ustu-mutfak/6260-00072-63	2026-08-29
P0_RECOVER_PRODUCT	RECOVER_308	"noindex" etiketi tarafından hariç tutuldu	noindex_login_wraps_product	308_login_next_to_product	high	tr	shop_pdp	market-reyonlari	eq-falcon-sld-eq53	/shop/market-reyonlari/eq-falcon-sld-eq53	True	True	https://equsto.com/en/login?next=/shop/market-reyonlari/eq-falcon-sld-eq53	2026-08-29
P0_RECOVER_PRODUCT	RECOVER_308	"noindex" etiketi tarafından hariç tutuldu	noindex_login_wraps_product	308_login_next_to_product	high	en	shop_pdp	hazirlik	5kgm	/en/shop/hazirlik/5kgm	True	True	https://equsto.com/en/login?mode=register&next=/en/shop/hazirlik/5kgm	2026-08-29
P0_RECOVER_PRODUCT	RECOVER_308	"noindex" etiketi tarafından hariç tutuldu	noindex_login_wraps_product	308_login_next_to_product	high	en	shop_pdp	market-reyonlari	eq-tiger-ifg-eq1	/en/shop/market-reyonlari/eq-tiger-ifg-eq1	True	False	https://equsto.com/en/login?mode=register&next=/en/shop/market-reyonlari/eq-tiger-ifg-eq1	2026-08-29
P0_RECOVER_PRODUCT	RECOVER_308	"noindex" etiketi tarafından hariç tutuldu	noindex_login_wraps_product	308_login_next_to_product	high	en	shop_pdp	tezgah	7754-147c8-27	/en/shop/tezgah/7754-147c8-27	True	True	https://equsto.com/en/login?mode=register&next=/en/shop/tezgah/7754-147c8-27	2026-08-29
P0_RECOVER_PRODUCT	RECOVER_308	"noindex" etiketi tarafından hariç tutuldu	noindex_login_wraps_product	308_login_next_to_product	high	en	shop_pdp	tezgah	eq-khct04-09070	/en/shop/tezgah/eq-khct04-09070	True	True	https://equsto.com/en/login?next=/en/shop/tezgah/eq-khct04-09070	2026-08-29
P0_RECOVER_PRODUCT	RECOVER_308	"noindex" etiketi tarafından hariç tutuldu	noindex_login_wraps_product	308_login_next_to_product	high	en	shop_pdp	market-reyonlari	eq-falcon-sld-eq66	/en/shop/market-reyonlari/eq-falcon-sld-eq66	True	True	https://equsto.com/en/login?mode=register&next=/en/shop/market-reyonlari/eq-falcon-sld-eq66	2026-08-29
P0_RECOVER_PRODUCT	RECOVER_308	"noindex" etiketi tarafından hariç tutuldu	noindex_login_wraps_product	308_login_next_to_product	high	en	shop_pdp	yikama	118-dm-01	/en/shop/yikama/118-dm-01	True	True	https://equsto.com/en/login?mode=register&next=/en/shop/yikama/118-dm-01	2026-08-29
P0_RECOVER_PRODUCT	RECOVER_308	"noindex" etiketi tarafından hariç tutuldu	noindex_login_wraps_product	308_login_next_to_product	high	en	shop_pdp	pisirme	7960-09429-7o3	/en/shop/yikama/7960-09429-7o3	True	True	https://equsto.com/en/login?mode=register&next=/en/shop/pisirme/7960-09429-7o3	2026-08-29
P0_RECOVER_PRODUCT	RECOVER_308	"noindex" etiketi tarafından hariç tutuldu	noindex_login_wraps_product	308_login_next_to_product	high	en	shop_pdp	hazirlik	208-650090-c3wx	/en/shop/hazirlik/208-650090-c3wx	True	True	https://equsto.com/en/login?mode=register&next=/en/shop/hazirlik/208-650090-c3wx	2026-08-29
P0_RECOVER_PRODUCT	RECOVER_308	"noindex" etiketi tarafından hariç tutuldu	noindex_login_wraps_product	308_login_next_to_product	high	en	shop_pdp	pisirme	spr2-2	/en/shop/pisirme/spr2-2	True	True	https://equsto.com/en/login?mode=register&next=/en/shop/pisirme/spr2-2	2026-08-29
P0_RECOVER_PRODUCT	RECOVER_308	"noindex" etiketi tarafından hariç tutuldu	noindex_login_wraps_product	308_login_next_to_product	high	en	shop_pdp	tezgah	7758-216e5-31	/en/shop/tezgah/7758-216e5-31	True	True	https://equsto.com/en/login?mode=register&next=/en/shop/tezgah/7758-216e5-31	2026-08-29
P0_RECOVER_PRODUCT	RECOVER_308	"noindex" etiketi tarafından hariç tutuldu	noindex_login_wraps_product	308_login_next_to_product	high	en	shop_pdp	market-reyonlari	eq-falcon-plug-in-eq16	/en/shop/market-reyonlari/eq-falcon-plug-in-eq16	True	True	https://equsto.com/en/login?mode=register&next=/en/shop/market-reyonlari/eq-falcon-plug-in-eq16	2026-08-29
P0_RECOVER_PRODUCT	RECOVER_308	"noindex" etiketi tarafından hariç tutuldu	noindex_login_wraps_product	308_login_next_to_product	high	en	shop_pdp	set-ustu-mutfak	0449-03426-01	/en/shop/set-ustu-mutfak/0449-03426-01	True	True	https://equsto.com/en/login?mode=register&next=/en/shop/set-ustu-mutfak/0449-03426-01	2026-08-29
P0_RECOVER_PRODUCT	RECOVER_308	"noindex" etiketi tarafından hariç tutuldu	noindex_login_wraps_product	308_login_next_to_product	high	en	shop_pdp	market-reyonlari	eq-falcon-eq91	/en/shop/market-reyonlari/eq-falcon-eq91	True	True	https://equsto.com/en/login?mode=register&next=/en/shop/market-reyonlari/eq-falcon-eq91	2026-08-29
P0_RECOVER_PRODUCT	RECOVER_308	"noindex" etiketi tarafından hariç tutuldu	noindex_login_wraps_product	308_login_next_to_product	high	en	shop_pdp	tezgah	7754-247c5-31	/en/shop/tezgah/7754-247c5-31	True	True	https://equsto.com/en/login?mode=register&next=/en/shop/tezgah/7754-247c5-31	2026-08-29
P0_RECOVER_PRODUCT	RECOVER_308	"noindex" etiketi tarafından hariç tutuldu	noindex_login_wraps_product	308_login_next_to_product	high	en	shop_pdp	tezgah	ino-krn200	/en/shop/tezgah/ino-krn200	True	True	https://equsto.com/en/login?mode=register&next=/en/shop/tezgah/ino-krn200	2026-08-29
P0_RECOVER_PRODUCT	RECOVER_308	"noindex" etiketi tarafından hariç tutuldu	noindex_login_wraps_product	308_login_next_to_product		en	shop_pdp	market-reyonlari	eq-fulya-nv-lm-eq11		True	False	https://equsto.com/en/login?mode=register&next=/en/shop/market-reyonlari/eq-fulya-nv-lm-eq11	2026-08-29
P0_RECOVER_PRODUCT	RECOVER_308	"noindex" etiketi tarafından hariç tutuldu	noindex_login_wraps_product	308_login_next_to_product	high	en	shop_pdp	yikama	9710-ux10n-00	/en/shop/yikama/9710-ux10n-00	True	False	https://equsto.com/en/login?mode=register&next=/en/shop/yikama/9710-ux10n-00	2026-08-29
P0_RECOVER_PRODUCT	RECOVER_308	"noindex" etiketi tarafından hariç tutuldu	noindex_login_wraps_product	308_login_next_to_product	high	en	shop_pdp	pisirme	391098	/en/shop/pisirme/391098	True	True	https://equsto.com/en/login?mode=register&next=/en/shop/pisirme/391098	2026-08-29
P0_RECOVER_PRODUCT	RECOVER_308	"noindex" etiketi tarafından hariç tutuldu	noindex_login_wraps_product	308_login_next_to_product	high	en	shop_pdp	istif	8897-36700-p0	/en/shop/istif/8897-36700-p0	True	True	https://equsto.com/en/login?mode=register&next=/en/shop/istif/8897-36700-p0	2026-08-29
P0_RECOVER_PRODUCT	RECOVER_308	"noindex" etiketi tarafından hariç tutuldu	noindex_login_wraps_product	308_login_next_to_product	high	en	shop_pdp	market-reyonlari	eq-falcon-sld-eq83	/en/shop/market-reyonlari/eq-falcon-sld-eq83	True	True	https://equsto.com/en/login?mode=register&next=/en/shop/market-reyonlari/eq-falcon-sld-eq83	2026-08-29
P0_RECOVER_PRODUCT	RECOVER_308	"noindex" etiketi tarafından hariç tutuldu	noindex_login_wraps_product	308_login_next_to_product		en	shop_pdp	market-reyonlari	eq-nergis-lb-fg-sky-eq25		True	False	https://equsto.com/en/login?mode=register&next=/en/shop/market-reyonlari/eq-nergis-lb-fg-sky-eq25	2026-08-29
P0_RECOVER_PRODUCT	RECOVER_308	"noindex" etiketi tarafından hariç tutuldu	noindex_login_wraps_product	308_login_next_to_product	high	tr	shop_pdp	pisirme	easfe-860f	/shop/pisirme/easfe-860f	True	True	https://equsto.com/en/login?mode=register&next=/shop/pisirme/easfe-860f	2026-08-29
P0_RECOVER_PRODUCT	RECOVER_308	"noindex" etiketi tarafından hariç tutuldu	noindex_login_wraps_product	308_login_next_to_product	high	en	shop_pdp	market-reyonlari	be1-m037-5s	/en/shop/market-reyonlari/be1-m037-5s	True	True	https://equsto.com/en/login?mode=register&next=/en/shop/market-reyonlari/be1-m037-5s	2026-08-29
P0_RECOVER_PRODUCT	RECOVER_308	"noindex" etiketi tarafından hariç tutuldu	noindex_login_wraps_product	308_login_next_to_product	high	en	shop_pdp	davlumbaz	7885-50155-14	/en/shop/davlumbaz/7885-50155-14	True	True	https://equsto.com/en/login?mode=register&next=/en/shop/davlumbaz/7885-50155-14	2026-08-29
P0_RECOVER_PRODUCT	RECOVER_308	"noindex" etiketi tarafından hariç tutuldu	noindex_login_wraps_product	308_login_next_to_product	high	en	shop_pdp	sogutma	118-dt-13	/en/shop/sogutma/118-dt-13	True	True	https://equsto.com/en/login?mode=register&next=/en/shop/sogutma/118-dt-13	2026-08-29
P0_RECOVER_PRODUCT	RECOVER_308	"noindex" etiketi tarafından hariç tutuldu	noindex_login_wraps_product	308_login_next_to_product	high	en	shop_pdp	set-ustu-mutfak	8845-0crg8-00	/en/shop/set-ustu-mutfak/8845-0crg8-00	True	True	https://equsto.com/en/login?mode=register&next=/en/shop/set-ustu-mutfak/8845-0crg8-00	2026-08-29
P0_RECOVER_PRODUCT	RECOVER_308	"noindex" etiketi tarafından hariç tutuldu	noindex_login_wraps_product	308_login_next_to_product	high	en	shop_pdp	pisirme	9890-icpro10-1e	/en/shop/pisirme/9890-icpro10-1e	True	True	https://equsto.com/en/login?mode=register&next=/en/shop/pisirme/9890-icpro10-1e	2026-08-29
P0_RECOVER_PRODUCT	RECOVER_308	"noindex" etiketi tarafından hariç tutuldu	noindex_login_wraps_product	308_login_next_to_product	high	en	shop_pdp	tezgah	7758-147c8-27	/en/shop/tezgah/7758-147c8-27	True	True	https://equsto.com/en/login?mode=register&next=/en/shop/tezgah/7758-147c8-27	2026-08-29
P0_RECOVER_PRODUCT	RECOVER_308	"noindex" etiketi tarafından hariç tutuldu	noindex_login_wraps_product	308_login_next_to_product	high	en	shop_pdp	pisirme	eagf-860	/en/shop/pisirme/eagf-860	True	True	https://equsto.com/en/login?mode=register&next=/en/shop/pisirme/eagf-860	2026-08-29
P0_RECOVER_PRODUCT	RECOVER_308	"noindex" etiketi tarafından hariç tutuldu	noindex_login_wraps_product	308_login_next_to_product	high	en	shop_pdp	hazirlik	208-653572-ft08	/en/shop/hazirlik/208-653572-ft08	True	True	https://equsto.com/en/login?mode=register&next=/en/shop/hazirlik/208-653572-ft08	2026-08-29
P0_RECOVER_PRODUCT	RECOVER_308	"noindex" etiketi tarafından hariç tutuldu	noindex_login_wraps_product	308_login_next_to_product	high	en	shop_pdp	tezgah	7897-16030-08	/en/shop/tezgah/7897-16030-08	True	True	https://equsto.com/en/login?mode=register&next=/en/shop/tezgah/7897-16030-08	2026-08-29
P0_RECOVER_PRODUCT	RECOVER_308	"noindex" etiketi tarafından hariç tutuldu	noindex_login_wraps_product	308_login_next_to_product	high	en	shop_pdp	tezgah	7754-107c8-11	/en/shop/tezgah/7754-107c8-11	True	True	https://equsto.com/en/login?mode=register&next=/en/shop/tezgah/7754-107c8-11	2026-08-29
P0_RECOVER_PRODUCT	RECOVER_308	"noindex" etiketi tarafından hariç tutuldu	noindex_login_wraps_product	308_login_next_to_product	high	en	shop_pdp	tezgah	7754-216e5-23	/en/shop/tezgah/7754-216e5-23	True	True	https://equsto.com/en/login?mode=register&next=/en/shop/tezgah/7754-216e5-23	2026-08-29
P0_RECOVER_PRODUCT	RECOVER_308	"noindex" etiketi tarafından hariç tutuldu	noindex_login_wraps_product	308_login_next_to_product	high	en	shop_pdp	market-reyonlari	eq-falcon-eq1	/en/shop/market-reyonlari/eq-falcon-eq1	True	True	https://equsto.com/en/login?mode=register&next=/en/shop/market-reyonlari/eq-falcon-eq1	2026-08-29
P0_RECOVER_PRODUCT	RECOVER_308	"noindex" etiketi tarafından hariç tutuldu	noindex_login_wraps_product	308_login_next_to_product	high	en	shop_pdp	davlumbaz	eq-kdavdtf02-15090	/en/shop/davlumbaz/eq-kdavdtf02-15090	True	True	https://equsto.com/en/login?mode=register&next=/en/shop/davlumbaz/eq-kdavdtf02-15090	2026-08-29
P0_RECOVER_PRODUCT	RECOVER_308	"noindex" etiketi tarafından hariç tutuldu	noindex_login_wraps_product	308_login_next_to_product	high	en	shop_pdp	sogutma	dss-42-a	/en/shop/sogutma/dss-42-a	True	True	https://equsto.com/en/login?mode=register&next=/en/shop/sogutma/dss-42-a	2026-08-29
P0_RECOVER_PRODUCT	RECOVER_308	"noindex" etiketi tarafından hariç tutuldu	noindex_login_wraps_product	308_login_next_to_product	high	en	shop_pdp	tezgah	7911-14070-31	/en/shop/tezgah/7911-14070-31	True	True	https://equsto.com/en/login?mode=register&next=/en/shop/tezgah/7911-14070-31	2026-08-29
P0_RECOVER_PRODUCT	RECOVER_308	"noindex" etiketi tarafından hariç tutuldu	noindex_login_wraps_product	308_login_next_to_product	high	en	shop_pdp	market-reyonlari	eq-falcon-sld-eq56	/en/shop/market-reyonlari/eq-falcon-sld-eq56	True	True	https://equsto.com/en/login?mode=register&next=/en/shop/market-reyonlari/eq-falcon-sld-eq56	2026-08-29
P0_RECOVER_PRODUCT	RECOVER_308	"noindex" etiketi tarafından hariç tutuldu	noindex_login_wraps_product	308_login_next_to_product	high	en	shop_pdp	set-ustu-mutfak	0311-12100-21	/en/shop/set-ustu-mutfak/0311-12100-21	True	True	https://equsto.com/en/login?mode=register&next=/en/shop/set-ustu-mutfak/0311-12100-21	2026-08-29
P0_RECOVER_PRODUCT	RECOVER_308	"noindex" etiketi tarafından hariç tutuldu	noindex_login_wraps_product	308_login_next_to_product	high	en	shop_pdp	davlumbaz	7885-35125-11	/en/shop/davlumbaz/7885-35125-11	True	True	https://equsto.com/en/login?mode=register&next=/en/shop/davlumbaz/7885-35125-11	2026-08-29
P0_RECOVER_PRODUCT	RECOVER_308	"noindex" etiketi tarafından hariç tutuldu	noindex_login_wraps_product	308_login_next_to_product	high	en	shop_pdp	hazirlik	208-653774-j3x	/en/shop/hazirlik/208-653774-j3x	True	True	https://equsto.com/en/login?mode=register&next=/en/shop/hazirlik/208-653774-j3x	2026-08-29
P0_RECOVER_PRODUCT	RECOVER_308	"noindex" etiketi tarafından hariç tutuldu	noindex_login_wraps_product	308_login_next_to_product		en	shop_pdp	market-reyonlari	eq-inci-eq2		True	False	https://equsto.com/en/login?mode=register&next=/en/shop/market-reyonlari/eq-inci-eq2	2026-08-29
P0_RECOVER_PRODUCT	RECOVER_308	"noindex" etiketi tarafından hariç tutuldu	noindex_login_wraps_product	308_login_next_to_product	high	en	shop_pdp	tezgah	7911-06070-79	/en/shop/tezgah/7911-06070-79	True	True	https://equsto.com/en/login?mode=register&next=/en/shop/tezgah/7911-06070-79	2026-08-29
P0_RECOVER_PRODUCT	RECOVER_308	"noindex" etiketi tarafından hariç tutuldu	noindex_login_wraps_product	308_login_next_to_product	high	en	shop_pdp	pisirme	7865-90739-10	/en/shop/pisirme/7865-90739-10	True	False	https://equsto.com/en/login?mode=register&next=/en/shop/pisirme/7865-90739-10	2026-08-29
P0_RECOVER_PRODUCT	RECOVER_308	"noindex" etiketi tarafından hariç tutuldu	noindex_login_wraps_product	308_login_next_to_product	high	en	shop_pdp	tezgah	7911-10070-84	/en/shop/tezgah/7911-10070-84	True	True	https://equsto.com/en/login?mode=register&next=/en/shop/tezgah/7911-10070-84	2026-08-29
P0_RECOVER_PRODUCT	RECOVER_308	"noindex" etiketi tarafından hariç tutuldu	noindex_login_wraps_product	308_login_next_to_product	high	en	shop_pdp	tezgah	79k3-06lmv-00	/en/shop/tezgah/79k3-06lmv-00	True	True	https://equsto.com/en/login?mode=register&next=/en/shop/tezgah/79k3-06lmv-00	2026-08-29
P0_RECOVER_PRODUCT	RECOVER_308	"noindex" etiketi tarafından hariç tutuldu	noindex_login_wraps_product	308_login_next_to_product		en	shop_pdp	market-reyonlari	eq-nergis-fg-eq47		True	False	https://equsto.com/en/login?mode=register&next=/en/shop/market-reyonlari/eq-nergis-fg-eq47	2026-08-29
P0_RECOVER_PRODUCT	RECOVER_308	"noindex" etiketi tarafından hariç tutuldu	noindex_login_wraps_product	308_login_next_to_product	high	en	shop_pdp	tezgah	7758-246e8-31	/en/shop/tezgah/7758-246e8-31	True	True	https://equsto.com/en/login?mode=register&next=/en/shop/tezgah/7758-246e8-31	2026-08-29
P0_RECOVER_PRODUCT	RECOVER_308	"noindex" etiketi tarafından hariç tutuldu	noindex_login_wraps_product	308_login_next_to_product	high	en	shop_pdp	kahve	197-x15-cs10	/en/shop/kahve/197-x15-cs10	True	True	https://equsto.com/en/login?mode=register&next=/en/shop/kahve/197-x15-cs10	2026-08-29
P0_RECOVER_PRODUCT	RECOVER_308	"noindex" etiketi tarafından hariç tutuldu	noindex_login_wraps_product	308_login_next_to_product	high	en	shop_pdp	tezgah	7911-14070-30	/en/shop/tezgah/7911-14070-30	True	True	https://equsto.com/en/login?mode=register&next=/en/shop/tezgah/7911-14070-30	2026-08-29
P0_RECOVER_PRODUCT	RECOVER_308	"noindex" etiketi tarafından hariç tutuldu	noindex_login_wraps_product	308_login_next_to_product	high	en	shop_pdp	tezgah	7754-127cb-11	/en/shop/tezgah/7754-127cb-11	True	True	https://equsto.com/en/login?mode=register&next=/en/shop/tezgah/7754-127cb-11	2026-08-29
P0_RECOVER_PRODUCT	RECOVER_308	"noindex" etiketi tarafından hariç tutuldu	noindex_login_wraps_product	308_login_next_to_product	high	en	shop_pdp	hazirlik	0820-00050-11	/en/shop/hazirlik/0820-00050-11	True	True	https://equsto.com/en/login?mode=register&next=/en/shop/hazirlik/0820-00050-11	2026-08-29
P0_RECOVER_PRODUCT	RECOVER_308	"noindex" etiketi tarafından hariç tutuldu	noindex_login_wraps_product	308_login_next_to_product	high	en	shop_pdp	sogutma	118-wn-150	/en/shop/sogutma/118-wn-150	True	True	https://equsto.com/en/login?mode=register&next=/en/shop/sogutma/118-wn-150	2026-08-29
P0_RECOVER_PRODUCT	RECOVER_308	"noindex" etiketi tarafından hariç tutuldu	noindex_login_wraps_product	308_login_next_to_product	high	en	shop_pdp	hazirlik	133068	/en/shop/hazirlik/133068	True	True	https://equsto.com/en/login?mode=register&next=/en/shop/hazirlik/133068	2026-08-29
P0_RECOVER_PRODUCT	RECOVER_308	"noindex" etiketi tarafından hariç tutuldu	noindex_login_wraps_product	308_login_next_to_product	high	en	shop_pdp	tezgah	7754-147c8-11	/en/shop/tezgah/7754-147c8-11	True	True	https://equsto.com/en/login?mode=register&next=/en/shop/tezgah/7754-147c8-11	2026-08-29
P0_RECOVER_PRODUCT	RECOVER_308	"noindex" etiketi tarafından hariç tutuldu	noindex_login_wraps_product	308_login_next_to_product	high	en	shop_pdp	tezgah	7911-19070-95	/en/shop/tezgah/7911-19070-95	True	True	https://equsto.com/en/login?mode=register&next=/en/shop/tezgah/7911-19070-95	2026-08-29
P0_RECOVER_PRODUCT	RECOVER_308	"noindex" etiketi tarafından hariç tutuldu	noindex_login_wraps_product	308_login_next_to_product	high	en	shop_pdp	sogutma	tt-4d70-e	/en/shop/sogutma/tt-4d70-e	True	True	https://equsto.com/en/login?mode=register&next=/en/shop/sogutma/tt-4d70-e	2026-08-29
P0_RECOVER_PRODUCT	RECOVER_308	"noindex" etiketi tarafından hariç tutuldu	noindex_login_wraps_product	308_login_next_to_product		en	shop_pdp	market-reyonlari	eq-acelya-eq11		True	False	https://equsto.com/en/login?mode=register&next=/en/shop/market-reyonlari/eq-acelya-eq11	2026-08-29
P0_RECOVER_PRODUCT	RECOVER_308	"noindex" etiketi tarafından hariç tutuldu	noindex_login_wraps_product	308_login_next_to_product		en	shop_pdp	market-reyonlari	eq-hercai-mr-eq3		True	False	https://equsto.com/en/login?mode=register&next=/en/shop/market-reyonlari/eq-hercai-mr-eq3	2026-08-29
P0_RECOVER_PRODUCT	RECOVER_308	"noindex" etiketi tarafından hariç tutuldu	noindex_login_wraps_product	308_login_next_to_product	high	en	shop_pdp	yikama	7711-16075-23	/en/shop/yikama/7711-16075-23	True	True	https://equsto.com/en/login?mode=register&next=/en/shop/yikama/7711-16075-23	2026-08-29
P0_RECOVER_PRODUCT	RECOVER_308	"noindex" etiketi tarafından hariç tutuldu	noindex_login_wraps_product	308_login_next_to_product		tr	shop_pdp	market-reyonlari	eq-lotus-lb-eq11		True	False	https://equsto.com/en/login?mode=register&next=/shop/market-reyonlari/eq-lotus-lb-eq11	2026-08-29
P0_RECOVER_PRODUCT	RECOVER_308	"noindex" etiketi tarafından hariç tutuldu	noindex_login_wraps_product	308_login_next_to_product	high	en	shop_pdp	pisirme	ino-7ig32	/en/shop/pisirme/ino-7ig32	True	True	https://equsto.com/en/login?mode=register&next=/en/shop/pisirme/ino-7ig32	2026-08-29
P0_RECOVER_PRODUCT	RECOVER_308	"noindex" etiketi tarafından hariç tutuldu	noindex_login_wraps_product	308_login_next_to_product	high	en	shop_pdp	set-ustu-mutfak	8740-0tb50-00	/en/shop/set-ustu-mutfak/8740-0tb50-00	True	True	https://equsto.com/en/login?mode=register&next=/en/shop/set-ustu-mutfak/8740-0tb50-00	2026-08-28
P0_RECOVER_PRODUCT	RECOVER_308	"noindex" etiketi tarafından hariç tutuldu	noindex_login_wraps_product	308_login_next_to_product	high	en	shop_pdp	yikama	7711-16075-21	/en/shop/yikama/7711-16075-21	True	True	https://equsto.com/en/login?mode=register&next=/en/shop/yikama/7711-16075-21	2026-08-28
P0_RECOVER_PRODUCT	RECOVER_308	"noindex" etiketi tarafından hariç tutuldu	noindex_login_wraps_product	308_login_next_to_product	high	en	shop_pdp	tezgah	9868-rtr12-0l	/en/shop/tezgah/9868-rtr12-0l	True	True	https://equsto.com/en/login?mode=register&next=/en/shop/tezgah/9868-rtr12-0l	2026-08-28
P0_RECOVER_PRODUCT	RECOVER_308	"noindex" etiketi tarafından hariç tutuldu	noindex_login_wraps_product	308_login_next_to_product		en	shop_pdp	market-reyonlari	eq-nergis-lb-lm-eq10		True	False	https://equsto.com/en/login?mode=register&next=/en/shop/market-reyonlari/eq-nergis-lb-lm-eq10	2026-08-28
P0_RECOVER_PRODUCT	RECOVER_308	"noindex" etiketi tarafından hariç tutuldu	noindex_login_wraps_product	308_login_next_to_product	high	en	shop_pdp	pisirme	spr17-3	/en/shop/pisirme/spr17-3	True	True	https://equsto.com/en/login?mode=register&next=/en/shop/pisirme/spr17-3	2026-08-28
P0_RECOVER_PRODUCT	RECOVER_308	"noindex" etiketi tarafından hariç tutuldu	noindex_login_wraps_product	308_login_next_to_product		en	shop_pdp	market-reyonlari	eq-sardunya-gl-eq4		True	False	https://equsto.com/en/login?mode=register&next=/en/shop/market-reyonlari/eq-sardunya-gl-eq4	2026-08-28
P0_RECOVER_PRODUCT	RECOVER_308	"noindex" etiketi tarafından hariç tutuldu	noindex_login_wraps_product	308_login_next_to_product	high	en	shop_pdp	pisirme	7960-16229-5y5	/en/shop/yikama/7960-16229-5y5	True	True	https://equsto.com/en/login?mode=register&next=/en/shop/pisirme/7960-16229-5y5	2026-08-28
P0_RECOVER_PRODUCT	RECOVER_308	"noindex" etiketi tarafından hariç tutuldu	noindex_login_wraps_product	308_login_next_to_product	high	en	shop_pdp	tezgah	eq-ktevdt02-12070	/en/shop/tezgah/eq-ktevdt02-12070	True	True	https://equsto.com/en/login?mode=register&next=/en/shop/tezgah/eq-ktevdt02-12070	2026-08-28
P0_RECOVER_PRODUCT	RECOVER_308	"noindex" etiketi tarafından hariç tutuldu	noindex_login_wraps_product	308_login_next_to_product	high	en	shop_pdp	market-reyonlari	eq-falcon-eq115	/en/shop/market-reyonlari/eq-falcon-eq115	True	True	https://equsto.com/en/login?mode=register&next=/en/shop/market-reyonlari/eq-falcon-eq115	2026-08-28
P0_RECOVER_PRODUCT	RECOVER_308	"noindex" etiketi tarafından hariç tutuldu	noindex_login_wraps_product	308_login_next_to_product	high	en	shop_pdp	davlumbaz	7885-30155-14	/en/shop/davlumbaz/7885-30155-14	True	True	https://equsto.com/en/login?mode=register&next=/en/shop/davlumbaz/7885-30155-14	2026-08-28
P0_RECOVER_PRODUCT	RECOVER_308	"noindex" etiketi tarafından hariç tutuldu	noindex_login_wraps_product	308_login_next_to_product	high	en	shop_pdp	davlumbaz	eq-kdavotf02-200200	/en/shop/davlumbaz/eq-kdavotf02-200200	True	True	https://equsto.com/en/login?mode=register&next=/en/shop/davlumbaz/eq-kdavotf02-200200	2026-08-28
P0_RECOVER_PRODUCT	RECOVER_308	"noindex" etiketi tarafından hariç tutuldu	noindex_login_wraps_product	308_login_next_to_product	high	en	shop_pdp	sogutma	118-set-p-90s	/en/shop/sogutma/118-set-p-90s	True	True	https://equsto.com/en/login?mode=register&next=/en/shop/sogutma/118-set-p-90s	2026-08-28
P0_RECOVER_PRODUCT	RECOVER_308	"noindex" etiketi tarafından hariç tutuldu	noindex_login_wraps_product	308_login_next_to_product	high	en	shop_pdp	pisirme	ino-zmd-7ie22s	/en/shop/pisirme/ino-zmd-7ie22s	True	True	https://equsto.com/en/login?mode=register&next=/en/shop/pisirme/ino-zmd-7ie22s	2026-08-28
P0_RECOVER_PRODUCT	RECOVER_308	"noindex" etiketi tarafından hariç tutuldu	noindex_login_wraps_product	308_login_next_to_product	high	en	shop_pdp	tezgah	7758-076e8-01	/en/shop/tezgah/7758-076e8-01	True	True	https://equsto.com/en/login?mode=register&next=/en/shop/tezgah/7758-076e8-01	2026-08-28
P0_RECOVER_PRODUCT	RECOVER_308	"noindex" etiketi tarafından hariç tutuldu	noindex_login_wraps_product	308_login_next_to_product	high	en	shop_pdp	tezgah	7758-087d8-01	/en/shop/tezgah/7758-087d8-01	True	True	https://equsto.com/en/login?mode=register&next=/en/shop/tezgah/7758-087d8-01	2026-08-27
P0_RECOVER_PRODUCT	RECOVER_308	"noindex" etiketi tarafından hariç tutuldu	noindex_login_wraps_product	308_login_next_to_product	high	tr	shop_pdp	pisirme	9890-iccls61-e0	/shop/pisirme/9890-iccls61-e0	True	True	https://equsto.com/en/login?mode=register&next=/shop/pisirme/9890-iccls61-e0	2026-08-27
P0_RECOVER_PRODUCT	RECOVER_308	"noindex" etiketi tarafından hariç tutuldu	noindex_login_wraps_product	308_login_next_to_product		en	shop_pdp	market-reyonlari	eq-nergis-tp-eq7		True	False	https://equsto.com/en/login?mode=register&next=/en/shop/market-reyonlari/eq-nergis-tp-eq7	2026-08-27
P0_RECOVER_PRODUCT	RECOVER_308	"noindex" etiketi tarafından hariç tutuldu	noindex_login_wraps_product	308_login_next_to_product	high	en	shop_pdp	hazirlik	208-600186	/en/shop/hazirlik/208-600186	True	True	https://equsto.com/en/login?mode=register&next=/en/shop/hazirlik/208-600186	2026-08-27
P0_RECOVER_PRODUCT	RECOVER_308	"noindex" etiketi tarafından hariç tutuldu	noindex_login_wraps_product	308_login_next_to_product	high	en	shop_pdp	tezgah	7897-14030-04	/en/shop/tezgah/7897-14030-04	True	True	https://equsto.com/en/login?mode=register&next=/en/shop/tezgah/7897-14030-04	2026-08-27
P0_RECOVER_PRODUCT	RECOVER_308	"noindex" etiketi tarafından hariç tutuldu	noindex_login_wraps_product	308_login_next_to_product		en	shop_pdp	market-reyonlari	eq-reyhan-cl-eq1		True	False	https://equsto.com/en/login?mode=register&next=/en/shop/market-reyonlari/eq-reyhan-cl-eq1	2026-08-27
P0_RECOVER_PRODUCT	RECOVER_308	"noindex" etiketi tarafından hariç tutuldu	noindex_login_wraps_product	308_login_next_to_product		en	shop_pdp	market-reyonlari	eq-lotus-eq84		True	False	https://equsto.com/en/login?mode=register&next=/en/shop/market-reyonlari/eq-lotus-eq84	2026-08-27
P0_RECOVER_PRODUCT	RECOVER_308	"noindex" etiketi tarafından hariç tutuldu	noindex_login_wraps_product	308_login_next_to_product		en	shop_pdp	market-reyonlari	eq-nergis-lb-fg-eq47		True	False	https://equsto.com/en/login?mode=register&next=/en/shop/market-reyonlari/eq-nergis-lb-fg-eq47	2026-08-27
P0_RECOVER_PRODUCT	RECOVER_308	"noindex" etiketi tarafından hariç tutuldu	noindex_login_wraps_product	308_login_next_to_product	high	en	shop_pdp	sogutma	725322	/en/shop/sogutma/725322	True	True	https://equsto.com/en/login?mode=register&next=/en/shop/sogutma/725322	2026-08-27
P0_RECOVER_PRODUCT	RECOVER_308	"noindex" etiketi tarafından hariç tutuldu	noindex_login_wraps_product	308_login_next_to_product	high	en	shop_pdp	icecek	vhzb-20-a	/en/shop/icecek/vhzb-20-a	True	True	https://equsto.com/en/login?mode=register&next=/en/shop/icecek/vhzb-20-a	2026-08-27
P0_RECOVER_PRODUCT	RECOVER_308	"noindex" etiketi tarafından hariç tutuldu	noindex_login_wraps_product	308_login_next_to_product	high	en	shop_pdp	pisirme	7961-09429-1y4	/en/shop/yikama/7961-09429-1y4	True	True	https://equsto.com/en/login?mode=register&next=/en/shop/pisirme/7961-09429-1y4	2026-08-27
P0_RECOVER_PRODUCT	RECOVER_308	"noindex" etiketi tarafından hariç tutuldu	noindex_login_wraps_product	308_login_next_to_product		en	shop_pdp	market-reyonlari	eq-sardunya-lm-eq30		True	False	https://equsto.com/en/login?mode=register&next=/en/shop/market-reyonlari/eq-sardunya-lm-eq30	2026-08-27
P0_RECOVER_PRODUCT	RECOVER_308	"noindex" etiketi tarafından hariç tutuldu	noindex_login_wraps_product	308_login_next_to_product	high	en	shop_pdp	sogutma	sbhd-4n70	/en/shop/sogutma/sbhd-4n70	True	True	https://equsto.com/en/login?mode=register&next=/en/shop/sogutma/sbhd-4n70	2026-08-27
P0_RECOVER_PRODUCT	RECOVER_308	"noindex" etiketi tarafından hariç tutuldu	noindex_login_wraps_product	308_login_next_to_product	high	en	shop_pdp	pisirme	spr81-1	/en/shop/pisirme/spr81-1	True	True	https://equsto.com/en/login?mode=register&next=/en/shop/pisirme/spr81-1	2026-08-27
P0_RECOVER_PRODUCT	RECOVER_308	"noindex" etiketi tarafından hariç tutuldu	noindex_login_wraps_product	308_login_next_to_product	high	en	shop_pdp	pisirme	371294	/en/shop/pisirme/371294	True	True	https://equsto.com/en/login?mode=register&next=/en/shop/pisirme/371294	2026-08-27
P0_RECOVER_PRODUCT	RECOVER_308	"noindex" etiketi tarafından hariç tutuldu	noindex_login_wraps_product	308_login_next_to_product	high	en	shop_pdp	istif	7897-09080-40	/en/shop/istif/7897-09080-40	True	True	https://equsto.com/en/login?mode=register&next=/en/shop/istif/7897-09080-40	2026-08-27
P0_RECOVER_PRODUCT	RECOVER_308	"noindex" etiketi tarafından hariç tutuldu	noindex_login_wraps_product	308_login_next_to_product	high	en	shop_pdp	davlumbaz	7885-25205-10	/en/shop/davlumbaz/7885-25205-10	True	True	https://equsto.com/en/login?mode=register&next=/en/shop/davlumbaz/7885-25205-10	2026-08-27
P0_RECOVER_PRODUCT	RECOVER_308	"noindex" etiketi tarafından hariç tutuldu	noindex_login_wraps_product	308_login_next_to_product	high	en	shop_pdp	tezgah	7897-19030-03	/en/shop/tezgah/7897-19030-03	True	True	https://equsto.com/en/login?mode=register&next=/en/shop/tezgah/7897-19030-03	2026-08-27
P0_RECOVER_PRODUCT	RECOVER_308	"noindex" etiketi tarafından hariç tutuldu	noindex_login_wraps_product	308_login_next_to_product		en	shop_pdp	market-reyonlari	eq-reyhan-wt-eq3		True	False	https://equsto.com/en/login?mode=register&next=/en/shop/market-reyonlari/eq-reyhan-wt-eq3	2026-08-27
P0_RECOVER_PRODUCT	RECOVER_308	"noindex" etiketi tarafından hariç tutuldu	noindex_login_wraps_product	308_login_next_to_product	high	en	shop_pdp	tezgah	eq-kct07-11070	/en/shop/tezgah/eq-kct07-11070	True	True	https://equsto.com/en/login?mode=register&next=/en/shop/tezgah/eq-kct07-11070	2026-08-27
P0_RECOVER_PRODUCT	RECOVER_308	"noindex" etiketi tarafından hariç tutuldu	noindex_login_wraps_product	308_login_next_to_product	high	en	shop_pdp	market-reyonlari	eq-falcon-eq126	/en/shop/market-reyonlari/eq-falcon-eq126	True	True	https://equsto.com/en/login?mode=register&next=/en/shop/market-reyonlari/eq-falcon-eq126	2026-08-27
P0_RECOVER_PRODUCT	RECOVER_308	"noindex" etiketi tarafından hariç tutuldu	noindex_login_wraps_product	308_login_next_to_product		en	shop_pdp	market-reyonlari	eq-lotus-eq46		True	False	https://equsto.com/en/login?mode=register&next=/en/shop/market-reyonlari/eq-lotus-eq46	2026-08-27
P0_RECOVER_PRODUCT	RECOVER_308	"noindex" etiketi tarafından hariç tutuldu	noindex_login_wraps_product	308_login_next_to_product	high	en	shop_pdp	sogutma	118-set-e-75s	/en/shop/sogutma/118-set-e-75s	True	True	https://equsto.com/en/login?mode=register&next=/en/shop/sogutma/118-set-e-75s	2026-08-27
P0_RECOVER_PRODUCT	RECOVER_308	"noindex" etiketi tarafından hariç tutuldu	noindex_login_wraps_product	308_login_next_to_product	high	en	shop_pdp	sogutma	tt-3d70-e	/en/shop/sogutma/tt-3d70-e	True	True	https://equsto.com/en/login?mode=register&next=/en/shop/sogutma/tt-3d70-e	2026-08-27
P0_RECOVER_PRODUCT	RECOVER_308	"noindex" etiketi tarafından hariç tutuldu	noindex_login_wraps_product	308_login_next_to_product	high	en	shop_pdp	pisirme	7961-02929-7y4	/en/shop/yikama/7961-02929-7y4	True	True	https://equsto.com/en/login?mode=register&next=/en/shop/pisirme/7961-02929-7y4	2026-08-27
P0_RECOVER_PRODUCT	RECOVER_308	"noindex" etiketi tarafından hariç tutuldu	noindex_login_wraps_product	308_login_next_to_product		en	shop_pdp	market-reyonlari	eq-lotus-lb-eq9		True	False	https://equsto.com/en/login?mode=register&next=/en/shop/market-reyonlari/eq-lotus-lb-eq9	2026-08-27
P0_RECOVER_PRODUCT	RECOVER_308	"noindex" etiketi tarafından hariç tutuldu	noindex_login_wraps_product	308_login_next_to_product	high	en	shop_pdp	yikama	361242	/en/shop/yikama/361242	True	True	https://equsto.com/en/login?mode=register&next=/en/shop/yikama/361242	2026-08-27
P0_RECOVER_PRODUCT	RECOVER_308	"noindex" etiketi tarafından hariç tutuldu	noindex_login_wraps_product	308_login_next_to_product	high	en	shop_pdp	pisirme	7864-n1-40703-12	/en/shop/pisirme/7864-n1-40703-12	True	True	https://equsto.com/en/login?mode=register&next=/en/shop/pisirme/7864-n1-40703-12	2026-08-27
P0_RECOVER_PRODUCT	RECOVER_308	"noindex" etiketi tarafından hariç tutuldu	noindex_login_wraps_product	308_login_next_to_product	high	en	shop_pdp	istif	7897-14080-04	/en/shop/istif/7897-14080-04	True	True	https://equsto.com/en/login?mode=register&next=/en/shop/istif/7897-14080-04	2026-08-27
P0_RECOVER_PRODUCT	RECOVER_308	"noindex" etiketi tarafından hariç tutuldu	noindex_login_wraps_product	308_login_next_to_product	high	en	shop_pdp	icecek	slush24-ia	/en/shop/icecek/slush24-ia	True	True	https://equsto.com/en/login?mode=register&next=/en/shop/icecek/slush24-ia	2026-08-27
P0_RECOVER_PRODUCT	RECOVER_308	"noindex" etiketi tarafından hariç tutuldu	noindex_login_wraps_product	308_login_next_to_product	high	en	shop_pdp	set-ustu-mutfak	0311-23100-11	/en/shop/set-ustu-mutfak/0311-23100-11	True	True	https://equsto.com/en/login?mode=register&next=/en/shop/set-ustu-mutfak/0311-23100-11	2026-08-27
P0_RECOVER_PRODUCT	RECOVER_308	"noindex" etiketi tarafından hariç tutuldu	noindex_login_wraps_product	308_login_next_to_product	high	en	shop_pdp	pisirme	aeo-1290s	/en/shop/pisirme/aeo-1290s	True	True	https://equsto.com/en/login?mode=register&next=/en/shop/pisirme/aeo-1290s	2026-08-27
P0_RECOVER_PRODUCT	RECOVER_308	"noindex" etiketi tarafından hariç tutuldu	noindex_login_wraps_product	308_login_next_to_product	high	en	shop_pdp	tezgah	7868-16708-23	/en/shop/tezgah/7868-16708-23	True	True	https://equsto.com/en/login?mode=register&next=/en/shop/tezgah/7868-16708-23	2026-08-27
P0_RECOVER_PRODUCT	RECOVER_308	"noindex" etiketi tarafından hariç tutuldu	noindex_login_wraps_product	308_login_next_to_product	high	en	shop_pdp	market-reyonlari	eq-lion-eq14	/en/shop/market-reyonlari/eq-lion-eq14	True	True	https://equsto.com/en/login?mode=register&next=/en/shop/market-reyonlari/eq-lion-eq14	2026-08-27
P0_RECOVER_PRODUCT	RECOVER_308	"noindex" etiketi tarafından hariç tutuldu	noindex_login_wraps_product	308_login_next_to_product	high	en	shop_pdp	hazirlik	9823-dr414-00	/en/shop/hazirlik/9823-dr414-00	True	False	https://equsto.com/en/login?mode=register&next=/en/shop/hazirlik/9823-dr414-00	2026-08-27
P0_RECOVER_PRODUCT	RECOVER_308	"noindex" etiketi tarafından hariç tutuldu	noindex_login_wraps_product	308_login_next_to_product		en	shop_hub	tezgah			True	False	https://equsto.com/en/login?mode=register&next=/en/shop/tezgah	2026-08-27
P0_RECOVER_PRODUCT	RECOVER_308	"noindex" etiketi tarafından hariç tutuldu	noindex_login_wraps_product	308_login_next_to_product	high	en	shop_pdp	tezgah	eq-kcevt01-14070	/en/shop/tezgah/eq-kcevt01-14070	True	True	https://equsto.com/en/login?mode=register&next=/en/shop/tezgah/eq-kcevt01-14070	2026-08-27
P0_RECOVER_PRODUCT	RECOVER_308	"noindex" etiketi tarafından hariç tutuldu	noindex_login_wraps_product	308_login_next_to_product	high	en	shop_pdp	tezgah	7754-167b8-25	/en/shop/tezgah/7754-167b8-25	True	True	https://equsto.com/en/login?mode=register&next=/en/shop/tezgah/7754-167b8-25	2026-08-27
P0_RECOVER_PRODUCT	RECOVER_308	"noindex" etiketi tarafından hariç tutuldu	noindex_login_wraps_product	308_login_next_to_product	high	en	shop_pdp	hazirlik	9810-ef708-b0	/en/shop/hazirlik/9810-ef708-b0	True	True	https://equsto.com/en/login?mode=register&next=/en/shop/hazirlik/9810-ef708-b0	2026-08-27
P0_RECOVER_PRODUCT	RECOVER_308	"noindex" etiketi tarafından hariç tutuldu	noindex_login_wraps_product	308_login_next_to_product		en	shop_pdp	market-reyonlari	eq-fulya-nv-fg-sky-eq22		True	False	https://equsto.com/en/login?mode=register&next=/en/shop/market-reyonlari/eq-fulya-nv-fg-sky-eq22	2026-08-27
P0_RECOVER_PRODUCT	RECOVER_308	"noindex" etiketi tarafından hariç tutuldu	noindex_login_wraps_product	308_login_next_to_product	high	en	shop_pdp	tezgah	7712-12060-03	/en/shop/tezgah/7712-12060-03	True	True	https://equsto.com/en/login?mode=register&next=/en/shop/tezgah/7712-12060-03	2026-08-27
P0_RECOVER_PRODUCT	RECOVER_308	"noindex" etiketi tarafından hariç tutuldu	noindex_login_wraps_product	308_login_next_to_product	high	en	shop_pdp	market-reyonlari	eq-falcon-sld-eq95	/en/shop/market-reyonlari/eq-falcon-sld-eq95	True	True	https://equsto.com/en/login?mode=register&next=/en/shop/market-reyonlari/eq-falcon-sld-eq95	2026-08-27
P0_RECOVER_PRODUCT	RECOVER_308	"noindex" etiketi tarafından hariç tutuldu	noindex_login_wraps_product	308_login_next_to_product	high	en	shop_pdp	sogutma	sbtp-2n70e	/en/shop/sogutma/sbtp-2n70e	True	True	https://equsto.com/en/login?mode=register&next=/en/shop/sogutma/sbtp-2n70e	2026-08-27
P0_RECOVER_PRODUCT	RECOVER_308	"noindex" etiketi tarafından hariç tutuldu	noindex_login_wraps_product	308_login_next_to_product		en	shop_pdp	market-reyonlari	eq-gardenya-eq15		True	False	https://equsto.com/en/login?mode=register&next=/en/shop/market-reyonlari/eq-gardenya-eq15	2026-08-27
P0_RECOVER_PRODUCT	RECOVER_308	"noindex" etiketi tarafından hariç tutuldu	noindex_login_wraps_product	308_login_next_to_product	high	en	shop_pdp	tasima	7912-15894-w0	/en/shop/tasima/7912-15894-w0	True	True	https://equsto.com/en/login?mode=register&next=/en/shop/tasima/7912-15894-w0	2026-08-27
P0_RECOVER_PRODUCT	RECOVER_308	"noindex" etiketi tarafından hariç tutuldu	noindex_login_wraps_product	308_login_next_to_product	high	en	shop_pdp	icecek	8477-slush-12i	/en/shop/icecek/8477-slush-12i	True	True	https://equsto.com/en/login?mode=register&next=/en/shop/icecek/8477-slush-12i	2026-08-27
P0_RECOVER_PRODUCT	RECOVER_308	"noindex" etiketi tarafından hariç tutuldu	noindex_login_wraps_product	308_login_next_to_product	high	en	shop_pdp	kahve	197-e71-tou-a2-bp	/en/shop/kahve/197-e71-tou-a2-bp	True	True	https://equsto.com/en/login?mode=register&next=/en/shop/kahve/197-e71-tou-a2-bp	2026-08-27
P0_RECOVER_PRODUCT	RECOVER_308	"noindex" etiketi tarafından hariç tutuldu	noindex_login_wraps_product	308_login_next_to_product	high	en	shop_pdp	yikama	504259	/en/shop/yikama/504259	True	True	https://equsto.com/en/login?mode=register&next=/en/shop/yikama/504259	2026-08-27
P0_RECOVER_PRODUCT	RECOVER_308	"noindex" etiketi tarafından hariç tutuldu	noindex_login_wraps_product	308_login_next_to_product	high	en	shop_pdp	pisirme	npicco908	/en/shop/pisirme/npicco908	True	True	https://equsto.com/en/login?mode=register&next=/en/shop/pisirme/npicco908	2026-08-27
P0_RECOVER_PRODUCT	RECOVER_308	"noindex" etiketi tarafından hariç tutuldu	noindex_login_wraps_product	308_login_next_to_product	high	en	shop_pdp	hazirlik	tm34230a	/en/shop/hazirlik/tm34230a	True	True	https://equsto.com/en/login?mode=register&next=/en/shop/hazirlik/tm34230a	2026-08-27
P0_RECOVER_PRODUCT	RECOVER_308	"noindex" etiketi tarafından hariç tutuldu	noindex_login_wraps_product	308_login_next_to_product		en	shop_pdp	market-reyonlari	eq-defne-eq1		True	False	https://equsto.com/en/login?mode=register&next=/en/shop/market-reyonlari/eq-defne-eq1	2026-08-27
P0_RECOVER_PRODUCT	RECOVER_308	"noindex" etiketi tarafından hariç tutuldu	noindex_login_wraps_product	308_login_next_to_product	high	en	shop_pdp	market-reyonlari	eq-falcon-sld-eq75	/en/shop/market-reyonlari/eq-falcon-sld-eq75	True	True	https://equsto.com/en/login?mode=register&next=/en/shop/market-reyonlari/eq-falcon-sld-eq75	2026-08-27
P0_RECOVER_PRODUCT	RECOVER_308	"noindex" etiketi tarafından hariç tutuldu	noindex_login_wraps_product	308_login_next_to_product	high	en	shop_pdp	araba	mb136x2	/en/shop/araba/mb136x2	True	True	https://equsto.com/en/login?mode=register&next=/en/shop/araba/mb136x2	2026-08-27
P0_RECOVER_PRODUCT	RECOVER_308	"noindex" etiketi tarafından hariç tutuldu	noindex_login_wraps_product	308_login_next_to_product		en	shop_pdp	market-reyonlari	eq-nergis-lb-fg-sky-eq16		True	False	https://equsto.com/en/login?mode=register&next=/en/shop/market-reyonlari/eq-nergis-lb-fg-sky-eq16	2026-08-27
P0_RECOVER_PRODUCT	RECOVER_308	"noindex" etiketi tarafından hariç tutuldu	noindex_login_wraps_product	308_login_next_to_product		en	shop_pdp	market-reyonlari	eq-orkide-eq12		True	False	https://equsto.com/en/login?mode=register&next=/en/shop/market-reyonlari/eq-orkide-eq12	2026-08-27
P0_RECOVER_PRODUCT	RECOVER_308	"noindex" etiketi tarafından hariç tutuldu	noindex_login_wraps_product	308_login_next_to_product	high	en	shop_pdp	tezgah	7911-19070-23	/en/shop/tezgah/7911-19070-23	True	True	https://equsto.com/en/login?mode=register&next=/en/shop/tezgah/7911-19070-23	2026-08-27
P0_RECOVER_PRODUCT	RECOVER_308	"noindex" etiketi tarafından hariç tutuldu	noindex_login_wraps_product	308_login_next_to_product	high	en	shop_pdp	set-ustu-mutfak	0312-00013-12	/en/shop/set-ustu-mutfak/0312-00013-12	True	True	https://equsto.com/en/login?mode=register&next=/en/shop/set-ustu-mutfak/0312-00013-12	2026-08-27
P0_RECOVER_PRODUCT	RECOVER_308	"noindex" etiketi tarafından hariç tutuldu	noindex_login_wraps_product	308_login_next_to_product	high	en	shop_pdp	icecek	118-krs-105	/en/shop/icecek/118-krs-105	True	True	https://equsto.com/en/login?mode=register&next=/en/shop/icecek/118-krs-105	2026-08-27
P0_RECOVER_PRODUCT	RECOVER_308	"noindex" etiketi tarafından hariç tutuldu	noindex_login_wraps_product	308_login_next_to_product		en	shop_pdp	market-reyonlari	eq-fulya-hf-tp-eq24		True	False	https://equsto.com/en/login?mode=register&next=/en/shop/market-reyonlari/eq-fulya-hf-tp-eq24	2026-08-27
P0_RECOVER_PRODUCT	RECOVER_308	"noindex" etiketi tarafından hariç tutuldu	noindex_login_wraps_product	308_login_next_to_product	high	en	shop_pdp	set-ustu-mutfak	8356-60402-11	/en/shop/set-ustu-mutfak/8356-60402-11	True	True	https://equsto.com/en/login?mode=register&next=/en/shop/set-ustu-mutfak/8356-60402-11	2026-08-27
P0_RECOVER_PRODUCT	RECOVER_308	"noindex" etiketi tarafından hariç tutuldu	noindex_login_wraps_product	308_login_next_to_product	high	en	shop_pdp	davlumbaz	eq-kdavdtf02-125120	/en/shop/davlumbaz/eq-kdavdtf02-125120	True	True	https://equsto.com/en/login?mode=register&next=/en/shop/davlumbaz/eq-kdavdtf02-125120	2026-08-27
P0_RECOVER_PRODUCT	RECOVER_308	"noindex" etiketi tarafından hariç tutuldu	noindex_login_wraps_product	308_login_next_to_product	high	en	shop_pdp	pisirme	agi-473-ncr	/en/shop/pisirme/agi-473-ncr	True	True	https://equsto.com/en/login?mode=register&next=/en/shop/pisirme/agi-473-ncr	2026-08-27
P0_RECOVER_PRODUCT	RECOVER_308	"noindex" etiketi tarafından hariç tutuldu	noindex_login_wraps_product	308_login_next_to_product	high	en	shop_pdp	pisirme	7960-09429-1o1	/en/shop/yikama/7960-09429-1o1	True	True	https://equsto.com/en/login?mode=register&next=/en/shop/pisirme/7960-09429-1o1	2026-08-27
P0_RECOVER_PRODUCT	RECOVER_308	"noindex" etiketi tarafından hariç tutuldu	noindex_login_wraps_product	308_login_next_to_product	high	en	shop_pdp	pisirme	npicco901	/en/shop/pisirme/npicco901	True	True	https://equsto.com/en/login?mode=register&next=/en/shop/pisirme/npicco901	2026-08-27
P0_RECOVER_PRODUCT	RECOVER_308	"noindex" etiketi tarafından hariç tutuldu	noindex_login_wraps_product	308_login_next_to_product	high	en	shop_pdp	set-ustu-mutfak	0312-00021-10	/en/shop/set-ustu-mutfak/0312-00021-10	True	True	https://equsto.com/en/login?mode=register&next=/en/shop/set-ustu-mutfak/0312-00021-10	2026-08-27
P0_RECOVER_PRODUCT	RECOVER_308	"noindex" etiketi tarafından hariç tutuldu	noindex_login_wraps_product	308_login_next_to_product	high	en	shop_pdp	market-reyonlari	eq-butterfly-bm-eq2	/en/shop/market-reyonlari/eq-butterfly-bm-eq2	True	True	https://equsto.com/en/login?mode=register&next=/en/shop/market-reyonlari/eq-butterfly-bm-eq2	2026-08-27
P0_RECOVER_PRODUCT	RECOVER_308	"noindex" etiketi tarafından hariç tutuldu	noindex_login_wraps_product	308_login_next_to_product	high	en	shop_pdp	pisirme	7855-n1-80908-12	/en/shop/pisirme/7855-n1-80908-12	True	True	https://equsto.com/en/login?mode=register&next=/en/shop/pisirme/7855-n1-80908-12	2026-08-27
P0_RECOVER_PRODUCT	RECOVER_308	"noindex" etiketi tarafından hariç tutuldu	noindex_login_wraps_product	308_login_next_to_product	high	en	shop_pdp	tezgah	eq-kcevt02-14070	/en/shop/tezgah/eq-kcevt02-14070	True	True	https://equsto.com/en/login?mode=register&next=/en/shop/tezgah/eq-kcevt02-14070	2026-08-27
P0_RECOVER_PRODUCT	RECOVER_308	"noindex" etiketi tarafından hariç tutuldu	noindex_login_wraps_product	308_login_next_to_product		en	shop_pdp	market-reyonlari	eq-lotus-lb-eq7		True	False	https://equsto.com/en/login?mode=register&next=/en/shop/market-reyonlari/eq-lotus-lb-eq7	2026-08-27
P0_RECOVER_PRODUCT	RECOVER_308	"noindex" etiketi tarafından hariç tutuldu	noindex_login_wraps_product	308_login_next_to_product	high	en	shop_pdp	pisirme	7855-200le-02	/en/shop/pisirme/7855-200le-02	True	True	https://equsto.com/en/login?mode=register&next=/en/shop/pisirme/7855-200le-02	2026-08-27
P0_RECOVER_PRODUCT	RECOVER_308	"noindex" etiketi tarafından hariç tutuldu	noindex_login_wraps_product	308_login_next_to_product	high	en	shop_pdp	pisirme	ino-zmd-9tn10s	/en/shop/pisirme/ino-zmd-9tn10s	True	True	https://equsto.com/en/login?mode=register&next=/en/shop/pisirme/ino-zmd-9tn10s	2026-08-27
P0_RECOVER_PRODUCT	RECOVER_308	"noindex" etiketi tarafından hariç tutuldu	noindex_login_wraps_product	308_login_next_to_product	high	en	shop_pdp	market-reyonlari	eq-tiger-dp-eq5	/en/shop/market-reyonlari/eq-tiger-dp-eq5	True	True	https://equsto.com/en/login?mode=register&next=/en/shop/market-reyonlari/eq-tiger-dp-eq5	2026-08-27
P0_RECOVER_PRODUCT	RECOVER_308	"noindex" etiketi tarafından hariç tutuldu	noindex_login_wraps_product	308_login_next_to_product	high	en	shop_pdp	pisirme	npicco330-2	/en/shop/pisirme/npicco330-2	True	True	https://equsto.com/en/login?mode=register&next=/en/shop/pisirme/npicco330-2	2026-08-27
P0_RECOVER_PRODUCT	RECOVER_308	"noindex" etiketi tarafından hariç tutuldu	noindex_login_wraps_product	308_login_next_to_product	high	en	shop_pdp	market-reyonlari	eq-falcon-sld-eq128	/en/shop/market-reyonlari/eq-falcon-sld-eq128	True	True	https://equsto.com/en/login?mode=register&next=/en/shop/market-reyonlari/eq-falcon-sld-eq128	2026-08-27
P0_RECOVER_PRODUCT	RECOVER_308	"noindex" etiketi tarafından hariç tutuldu	noindex_login_wraps_product	308_login_next_to_product	high	en	shop_pdp	pisirme	7960-16229-1o1	/en/shop/yikama/7960-16229-1o1	True	True	https://equsto.com/en/login?mode=register&next=/en/shop/pisirme/7960-16229-1o1	2026-08-27
P0_RECOVER_PRODUCT	RECOVER_308	"noindex" etiketi tarafından hariç tutuldu	noindex_login_wraps_product	308_login_next_to_product	high	en	shop_pdp	tezgah	ino-krc180	/en/shop/tezgah/ino-krc180	True	True	https://equsto.com/en/login?mode=register&next=/en/shop/tezgah/ino-krc180	2026-08-27
P0_RECOVER_PRODUCT	RECOVER_308	"noindex" etiketi tarafından hariç tutuldu	noindex_login_wraps_product	308_login_next_to_product		en	shop_pdp	market-reyonlari	eq-fulya-hf-fg-eq11		True	False	https://equsto.com/en/login?mode=register&next=/en/shop/market-reyonlari/eq-fulya-hf-fg-eq11	2026-08-27
P0_RECOVER_PRODUCT	RECOVER_308	"noindex" etiketi tarafından hariç tutuldu	noindex_login_wraps_product	308_login_next_to_product	high	en	shop_pdp	sogutma	9805-sde18-00	/en/shop/sogutma/9805-sde18-00	True	True	https://equsto.com/en/login?mode=register&next=/en/shop/sogutma/9805-sde18-00	2026-08-27
P0_RECOVER_PRODUCT	RECOVER_308	"noindex" etiketi tarafından hariç tutuldu	noindex_login_wraps_product	308_login_next_to_product	high	en	shop_pdp	set-ustu-mutfak	8880-0emmk-a0	/en/shop/set-ustu-mutfak/8880-0emmk-a0	True	True	https://equsto.com/en/login?mode=register&next=/en/shop/set-ustu-mutfak/8880-0emmk-a0	2026-08-27
P0_RECOVER_PRODUCT	RECOVER_308	"noindex" etiketi tarafından hariç tutuldu	noindex_login_wraps_product	308_login_next_to_product	high	en	shop_pdp	yikama	402229	/en/shop/yikama/402229	True	True	https://equsto.com/en/login?mode=register&next=/en/shop/yikama/402229	2026-08-27
P0_RECOVER_PRODUCT	RECOVER_308	"noindex" etiketi tarafından hariç tutuldu	noindex_login_wraps_product	308_login_next_to_product	high	en	shop_pdp	pisirme	7865-n1-80903-20	/en/shop/pisirme/7865-n1-80903-20	True	True	https://equsto.com/en/login?mode=register&next=/en/shop/pisirme/7865-n1-80903-20	2026-08-27
P0_RECOVER_PRODUCT	RECOVER_308	"noindex" etiketi tarafından hariç tutuldu	noindex_login_wraps_product	308_login_next_to_product	high	en	shop_pdp	sogutma	tt-3n70	/en/shop/sogutma/tt-3n70	True	True	https://equsto.com/en/login?mode=register&next=/en/shop/sogutma/tt-3n70	2026-08-27
P0_RECOVER_PRODUCT	RECOVER_308	"noindex" etiketi tarafından hariç tutuldu	noindex_login_wraps_product	308_login_next_to_product	high	en	shop_pdp	set-ustu-mutfak	vwjg-8p	/en/shop/set-ustu-mutfak/vwjg-8p	True	True	https://equsto.com/en/login?mode=register&next=/en/shop/set-ustu-mutfak/vwjg-8p	2026-08-27
P0_RECOVER_PRODUCT	RECOVER_308	"noindex" etiketi tarafından hariç tutuldu	noindex_login_wraps_product	308_login_next_to_product	high	en	shop_pdp	hazirlik	0840-16010-00	/en/shop/set-ustu-mutfak/0840-16010-00	True	True	https://equsto.com/en/login?mode=register&next=/en/shop/hazirlik/0840-16010-00	2026-08-27
P0_RECOVER_PRODUCT	RECOVER_308	"noindex" etiketi tarafından hariç tutuldu	noindex_login_wraps_product	308_login_next_to_product		en	shop_pdp	market-reyonlari	eq-nergis-lb-fg-sky-eq37		True	False	https://equsto.com/en/login?mode=register&next=/en/shop/market-reyonlari/eq-nergis-lb-fg-sky-eq37	2026-08-27
P0_RECOVER_PRODUCT	RECOVER_308	"noindex" etiketi tarafından hariç tutuldu	noindex_login_wraps_product	308_login_next_to_product	high	en	shop_pdp	sogutma	c-300-a	/en/shop/sogutma/c-300-a	True	True	https://equsto.com/en/login?mode=register&next=/en/shop/sogutma/c-300-a	2026-08-27
P0_RECOVER_PRODUCT	RECOVER_308	"noindex" etiketi tarafından hariç tutuldu	noindex_login_wraps_product	308_login_next_to_product	high	en	shop_pdp	pisirme	adg-3s	/en/shop/pisirme/adg-3s	True	True	https://equsto.com/en/login?mode=register&next=/en/shop/pisirme/adg-3s	2026-08-27
P0_RECOVER_PRODUCT	RECOVER_308	"noindex" etiketi tarafından hariç tutuldu	noindex_login_wraps_product	308_login_next_to_product	high	en	shop_pdp	tezgah	7911-16070-79	/en/shop/tezgah/7911-16070-79	True	True	https://equsto.com/en/login?mode=register&next=/en/shop/tezgah/7911-16070-79	2026-08-27
P0_RECOVER_PRODUCT	RECOVER_308	"noindex" etiketi tarafından hariç tutuldu	noindex_login_wraps_product	308_login_next_to_product		en	shop_pdp	market-reyonlari	eq-nergis-lb-fg-eq36		True	False	https://equsto.com/en/login?mode=register&next=/en/shop/market-reyonlari/eq-nergis-lb-fg-eq36	2026-08-27
P0_RECOVER_PRODUCT	RECOVER_308	"noindex" etiketi tarafından hariç tutuldu	noindex_login_wraps_product	308_login_next_to_product	high	en	shop_pdp	set-ustu-mutfak	2919-12klg-00	/en/shop/set-ustu-mutfak/2919-12klg-00	True	True	https://equsto.com/en/login?mode=register&next=/en/shop/set-ustu-mutfak/2919-12klg-00	2026-08-27
P0_RECOVER_PRODUCT	RECOVER_308	"noindex" etiketi tarafından hariç tutuldu	noindex_login_wraps_product	308_login_next_to_product		en	shop_pdp	market-reyonlari	eq-sardunya-gl-eq28		True	False	https://equsto.com/en/login?mode=register&next=/en/shop/market-reyonlari/eq-sardunya-gl-eq28	2026-08-27
P0_RECOVER_PRODUCT	RECOVER_308	"noindex" etiketi tarafından hariç tutuldu	noindex_login_wraps_product	308_login_next_to_product	high	en	shop_pdp	sogutma	118-dt-12	/en/shop/sogutma/118-dt-12	True	True	https://equsto.com/en/login?mode=register&next=/en/shop/sogutma/118-dt-12	2026-08-27
P0_RECOVER_PRODUCT	RECOVER_308	"noindex" etiketi tarafından hariç tutuldu	noindex_login_wraps_product	308_login_next_to_product		en	shop_pdp	market-reyonlari	eq-nergis-fg-sky-eq19		True	False	https://equsto.com/en/login?mode=register&next=/en/shop/market-reyonlari/eq-nergis-fg-sky-eq19	2026-08-27
P0_RECOVER_PRODUCT	RECOVER_308	"noindex" etiketi tarafından hariç tutuldu	noindex_login_wraps_product	308_login_next_to_product		en	shop_pdp	market-reyonlari	eq-fulya-hf-lm-eq13		True	False	https://equsto.com/en/login?mode=register&next=/en/shop/market-reyonlari/eq-fulya-hf-lm-eq13	2026-08-27
P0_RECOVER_PRODUCT	RECOVER_308	"noindex" etiketi tarafından hariç tutuldu	noindex_login_wraps_product	308_login_next_to_product	high	en	shop_pdp	pisirme	spr75-3	/en/shop/pisirme/spr75-3	True	True	https://equsto.com/en/login?mode=register&next=/en/shop/pisirme/spr75-3	2026-08-27
P0_RECOVER_PRODUCT	RECOVER_308	"noindex" etiketi tarafından hariç tutuldu	noindex_login_wraps_product	308_login_next_to_product		en	shop_pdp	market-reyonlari	eq-nergis-tp-eq4		True	False	https://equsto.com/en/login?mode=register&next=/en/shop/market-reyonlari/eq-nergis-tp-eq4	2026-08-27
P0_RECOVER_PRODUCT	RECOVER_308	"noindex" etiketi tarafından hariç tutuldu	noindex_login_wraps_product	308_login_next_to_product	high	en	shop_pdp	market-reyonlari	eq-falcon-sld-eq102	/en/shop/market-reyonlari/eq-falcon-sld-eq102	True	True	https://equsto.com/en/login?mode=register&next=/en/shop/market-reyonlari/eq-falcon-sld-eq102	2026-08-27
P0_RECOVER_PRODUCT	RECOVER_308	"noindex" etiketi tarafından hariç tutuldu	noindex_login_wraps_product	308_login_next_to_product	high	en	shop_pdp	set-ustu-mutfak	0449-62435-01	/en/shop/set-ustu-mutfak/0449-62435-01	True	True	https://equsto.com/en/login?mode=register&next=/en/shop/set-ustu-mutfak/0449-62435-01	2026-08-27
P0_RECOVER_PRODUCT	RECOVER_308	"noindex" etiketi tarafından hariç tutuldu	noindex_login_wraps_product	308_login_next_to_product	high	en	shop_pdp	tezgah	ino-krg102	/en/shop/tezgah/ino-krg102	True	True	https://equsto.com/en/login?mode=register&next=/en/shop/tezgah/ino-krg102	2026-08-27
P0_RECOVER_PRODUCT	RECOVER_308	"noindex" etiketi tarafından hariç tutuldu	noindex_login_wraps_product	308_login_next_to_product	high	en	shop_pdp	set-ustu-mutfak	0213-23040-01	/en/shop/set-ustu-mutfak/0213-23040-01	True	True	https://equsto.com/en/login?mode=register&next=/en/shop/set-ustu-mutfak/0213-23040-01	2026-08-27
P0_RECOVER_PRODUCT	RECOVER_308	"noindex" etiketi tarafından hariç tutuldu	noindex_login_wraps_product	308_login_next_to_product		en	shop_pdp	sogutma	portabianco-granit-pizza-buzdolabi		True	False	https://equsto.com/en/login?mode=register&next=/en/shop/sogutma/portabianco-granit-pizza-buzdolabi	2026-08-27
P0_RECOVER_PRODUCT	RECOVER_308	"noindex" etiketi tarafından hariç tutuldu	noindex_login_wraps_product	308_login_next_to_product	high	en	shop_pdp	sogutma	9805-okb25-a0	/en/shop/sogutma/9805-okb25-a0	True	True	https://equsto.com/en/login?mode=register&next=/en/shop/sogutma/9805-okb25-a0	2026-08-27
P0_RECOVER_PRODUCT	RECOVER_308	"noindex" etiketi tarafından hariç tutuldu	noindex_login_wraps_product	308_login_next_to_product		en	shop_pdp	market-reyonlari	eq-lotus-eq43		True	False	https://equsto.com/en/login?mode=register&next=/en/shop/market-reyonlari/eq-lotus-eq43	2026-08-27
P0_RECOVER_PRODUCT	RECOVER_308	"noindex" etiketi tarafından hariç tutuldu	noindex_login_wraps_product	308_login_next_to_product	high	en	shop_pdp	pisirme	ino-7ig21s	/en/shop/pisirme/ino-7ig21s	True	True	https://equsto.com/en/login?mode=register&next=/en/shop/pisirme/ino-7ig21s	2026-08-27
P0_RECOVER_PRODUCT	RECOVER_308	"noindex" etiketi tarafından hariç tutuldu	noindex_login_wraps_product	308_login_next_to_product	high	en	shop_pdp	sogutma	118-7301-g	/en/shop/sogutma/118-7301-g	True	True	https://equsto.com/en/login?mode=register&next=/en/shop/sogutma/118-7301-g	2026-08-27
P0_RECOVER_PRODUCT	RECOVER_308	"noindex" etiketi tarafından hariç tutuldu	noindex_login_wraps_product	308_login_next_to_product		en	shop_pdp	market-reyonlari	eq-nergis-lb-fg-eq15		True	False	https://equsto.com/en/login?mode=register&next=/en/shop/market-reyonlari/eq-nergis-lb-fg-eq15	2026-08-27
P0_RECOVER_PRODUCT	RECOVER_308	"noindex" etiketi tarafından hariç tutuldu	noindex_login_wraps_product	308_login_next_to_product	high	en	shop_pdp	tezgah	ino-ksn240	/en/shop/tezgah/ino-ksn240	True	True	https://equsto.com/en/login?mode=register&next=/en/shop/tezgah/ino-ksn240	2026-08-27
P0_RECOVER_PRODUCT	RECOVER_308	"noindex" etiketi tarafından hariç tutuldu	noindex_login_wraps_product	308_login_next_to_product		en	shop_pdp	market-reyonlari	eq-nergis-lb-tp-sky-eq45		True	False	https://equsto.com/en/login?mode=register&next=/en/shop/market-reyonlari/eq-nergis-lb-tp-sky-eq45	2026-08-27
P0_RECOVER_PRODUCT	RECOVER_308	"noindex" etiketi tarafından hariç tutuldu	noindex_login_wraps_product	308_login_next_to_product	high	en	shop_pdp	pisirme	7961-11829-1y1	/en/shop/yikama/7961-11829-1y1	True	True	https://equsto.com/en/login?mode=register&next=/en/shop/pisirme/7961-11829-1y1	2026-08-27
P0_RECOVER_PRODUCT	RECOVER_308	"noindex" etiketi tarafından hariç tutuldu	noindex_login_wraps_product	308_login_next_to_product	high	en	shop_pdp	pisirme	npicco284	/en/shop/pisirme/npicco284	True	True	https://equsto.com/en/login?mode=register&next=/en/shop/pisirme/npicco284	2026-08-27
P0_RECOVER_PRODUCT	RECOVER_308	"noindex" etiketi tarafından hariç tutuldu	noindex_login_wraps_product	308_login_next_to_product	high	en	shop_pdp	pisirme	ino-zmd-9ke10s	/en/shop/pisirme/ino-zmd-9ke10s	True	True	https://equsto.com/en/login?mode=register&next=/en/shop/pisirme/ino-zmd-9ke10s	2026-08-27
P0_RECOVER_PRODUCT	RECOVER_308	"noindex" etiketi tarafından hariç tutuldu	noindex_login_wraps_product	308_login_next_to_product	high	en	shop_pdp	istif	8897-36171-p0	/en/shop/istif/8897-36171-p0	True	True	https://equsto.com/en/login?mode=register&next=/en/shop/istif/8897-36171-p0	2026-08-27
P0_RECOVER_PRODUCT	RECOVER_308	"noindex" etiketi tarafından hariç tutuldu	noindex_login_wraps_product	308_login_next_to_product		en	shop_pdp	market-reyonlari	eq-fulya-nv-lm-eq20		True	False	https://equsto.com/en/login?mode=register&next=/en/shop/market-reyonlari/eq-fulya-nv-lm-eq20	2026-08-27
P0_RECOVER_PRODUCT	RECOVER_308	"noindex" etiketi tarafından hariç tutuldu	noindex_login_wraps_product	308_login_next_to_product	high	en	shop_pdp	market-reyonlari	eq-falcon-eq69	/en/shop/market-reyonlari/eq-falcon-eq69	True	True	https://equsto.com/en/login?mode=register&next=/en/shop/market-reyonlari/eq-falcon-eq69	2026-08-27
P0_RECOVER_PRODUCT	RECOVER_308	"noindex" etiketi tarafından hariç tutuldu	noindex_login_wraps_product	308_login_next_to_product	high	en	shop_pdp	sogutma	7919-cr3030-00	/en/shop/sogutma/7919-cr3030-00	True	True	https://equsto.com/en/login?mode=register&next=/en/shop/sogutma/7919-cr3030-00	2026-08-27
P0_RECOVER_PRODUCT	RECOVER_308	"noindex" etiketi tarafından hariç tutuldu	noindex_login_wraps_product	308_login_next_to_product	high	en	shop_pdp	dolap	7758-217d8-21	/en/shop/tezgah/7758-217d8-21	True	True	https://equsto.com/en/login?mode=register&next=/en/shop/dolap/7758-217d8-21	2026-08-27
P0_RECOVER_PRODUCT	RECOVER_308	"noindex" etiketi tarafından hariç tutuldu	noindex_login_wraps_product	308_login_next_to_product	high	en	shop_pdp	market-reyonlari	eq-lion-sld-eq60	/en/shop/market-reyonlari/eq-lion-sld-eq60	True	True	https://equsto.com/en/login?mode=register&next=/en/shop/market-reyonlari/eq-lion-sld-eq60	2026-08-27
P0_RECOVER_PRODUCT	RECOVER_308	"noindex" etiketi tarafından hariç tutuldu	noindex_login_wraps_product	308_login_next_to_product	high	en	shop_pdp	pisirme	aei-1273-ncr	/en/shop/pisirme/aei-1273-ncr	True	True	https://equsto.com/en/login?mode=register&next=/en/shop/pisirme/aei-1273-ncr	2026-08-27
P0_RECOVER_PRODUCT	RECOVER_308	"noindex" etiketi tarafından hariç tutuldu	noindex_login_wraps_product	308_login_next_to_product	high	en	shop_pdp	sogutma	tt-4n70-e	/en/shop/sogutma/tt-4n70-e	True	True	https://equsto.com/en/login?mode=register&next=/en/shop/sogutma/tt-4n70-e	2026-08-27
P0_RECOVER_PRODUCT	RECOVER_308	"noindex" etiketi tarafından hariç tutuldu	noindex_login_wraps_product	308_login_next_to_product	high	en	shop_pdp	set-ustu-mutfak	8358-okm32-tr	/en/shop/set-ustu-mutfak/8358-okm32-tr	True	True	https://equsto.com/en/login?mode=register&next=/en/shop/set-ustu-mutfak/8358-okm32-tr	2026-08-27
P0_RECOVER_PRODUCT	RECOVER_308	"noindex" etiketi tarafından hariç tutuldu	noindex_login_wraps_product	308_login_next_to_product	high	en	shop_pdp	icecek	vxy-sj15x1s	/en/shop/icecek/vxy-sj15x1s	True	True	https://equsto.com/en/login?mode=register&next=/en/shop/icecek/vxy-sj15x1s	2026-08-26
P0_RECOVER_PRODUCT	RECOVER_308	"noindex" etiketi tarafından hariç tutuldu	noindex_login_wraps_product	308_login_next_to_product	high	en	shop_pdp	market-reyonlari	eq-falcon-eq9	/en/shop/market-reyonlari/eq-falcon-eq9	True	True	https://equsto.com/en/login?mode=register&next=/en/shop/market-reyonlari/eq-falcon-eq9	2026-08-26
P0_RECOVER_PRODUCT	RECOVER_308	"noindex" etiketi tarafından hariç tutuldu	noindex_login_wraps_product	308_login_next_to_product	high	en	shop_pdp	market-reyonlari	eq-lion-eq1	/en/shop/market-reyonlari/eq-lion-eq1	True	True	https://equsto.com/en/login?mode=register&next=/en/shop/market-reyonlari/eq-lion-eq1	2026-08-26
P0_RECOVER_PRODUCT	RECOVER_308	"noindex" etiketi tarafından hariç tutuldu	noindex_login_wraps_product	308_login_next_to_product	high	en	shop_pdp	tezgah	7911-06070-08	/en/shop/tezgah/7911-06070-08	True	True	https://equsto.com/en/login?mode=register&next=/en/shop/tezgah/7911-06070-08	2026-08-26
P0_RECOVER_PRODUCT	RECOVER_308	"noindex" etiketi tarafından hariç tutuldu	noindex_login_wraps_product	308_login_next_to_product		en	shop_pdp	market-reyonlari	eq-nergis-fg-eq35		True	False	https://equsto.com/en/login?mode=register&next=/en/shop/market-reyonlari/eq-nergis-fg-eq35	2026-08-26
P0_RECOVER_PRODUCT	RECOVER_308	"noindex" etiketi tarafından hariç tutuldu	noindex_login_wraps_product	308_login_next_to_product	high	en	shop_pdp	davlumbaz	7885-25205-14	/en/shop/davlumbaz/7885-25205-14	True	True	https://equsto.com/en/login?mode=register&next=/en/shop/davlumbaz/7885-25205-14	2026-08-26
P0_RECOVER_PRODUCT	RECOVER_308	"noindex" etiketi tarafından hariç tutuldu	noindex_login_wraps_product	308_login_next_to_product	high	en	shop_pdp	pisirme	ino-9ig31s	/en/shop/pisirme/ino-9ig31s	True	True	https://equsto.com/en/login?mode=register&next=/en/shop/pisirme/ino-9ig31s	2026-08-26
P0_RECOVER_PRODUCT	RECOVER_308	"noindex" etiketi tarafından hariç tutuldu	noindex_login_wraps_product	308_login_next_to_product		en	shop_pdp	market-reyonlari	eq-nergis-lb-fg-eq10		True	False	https://equsto.com/en/login?mode=register&next=/en/shop/market-reyonlari/eq-nergis-lb-fg-eq10	2026-08-26
P0_RECOVER_PRODUCT	RECOVER_308	"noindex" etiketi tarafından hariç tutuldu	noindex_login_wraps_product	308_login_next_to_product	high	en	shop_pdp	market-reyonlari	eq-falcon-eq83	/en/shop/market-reyonlari/eq-falcon-eq83	True	True	https://equsto.com/en/login?mode=register&next=/en/shop/market-reyonlari/eq-falcon-eq83	2026-08-26
P0_RECOVER_PRODUCT	RECOVER_308	"noindex" etiketi tarafından hariç tutuldu	noindex_login_wraps_product	308_login_next_to_product	high	en	shop_pdp	market-reyonlari	eq-lion-tgd-eq34	/en/shop/market-reyonlari/eq-lion-tgd-eq34	True	True	https://equsto.com/en/login?mode=register&next=/en/shop/market-reyonlari/eq-lion-tgd-eq34	2026-08-26
P0_RECOVER_PRODUCT	RECOVER_308	"noindex" etiketi tarafından hariç tutuldu	noindex_login_wraps_product	308_login_next_to_product	high	en	shop_pdp	tezgah	7911-19070-44	/en/shop/tezgah/7911-19070-44	True	True	https://equsto.com/en/login?mode=register&next=/en/shop/tezgah/7911-19070-44	2026-08-26
P0_RECOVER_PRODUCT	RECOVER_308	"noindex" etiketi tarafından hariç tutuldu	noindex_login_wraps_product	308_login_next_to_product	high	tr	shop_pdp	market-reyonlari	eq-puma-eq4	/shop/market-reyonlari/eq-puma-eq4	True	True	https://equsto.com/en/login?next=/shop/market-reyonlari/eq-puma-eq4	2026-08-26
P0_RECOVER_PRODUCT	RECOVER_308	"noindex" etiketi tarafından hariç tutuldu	noindex_login_wraps_product	308_login_next_to_product	high	en	shop_pdp	market-reyonlari	eq-puma-eq2	/en/shop/market-reyonlari/eq-puma-eq2	True	True	https://equsto.com/en/login?mode=register&next=/en/shop/market-reyonlari/eq-puma-eq2	2026-08-26
P0_RECOVER_PRODUCT	RECOVER_308	"noindex" etiketi tarafından hariç tutuldu	noindex_login_wraps_product	308_login_next_to_product		en	shop_pdp	market-reyonlari	eq-sardunya-gl-eq2		True	False	https://equsto.com/en/login?mode=register&next=/en/shop/market-reyonlari/eq-sardunya-gl-eq2	2026-08-26
P0_RECOVER_PRODUCT	RECOVER_308	"noindex" etiketi tarafından hariç tutuldu	noindex_login_wraps_product	308_login_next_to_product		en	shop_pdp	market-reyonlari	eq-nergis-tp-eq23		True	False	https://equsto.com/en/login?mode=register&next=/en/shop/market-reyonlari/eq-nergis-tp-eq23	2026-08-26
P0_RECOVER_PRODUCT	RECOVER_308	"noindex" etiketi tarafından hariç tutuldu	noindex_login_wraps_product	308_login_next_to_product	high	en	shop_pdp	tasima	7912-15070-a0	/en/shop/tasima/7912-15070-a0	True	True	https://equsto.com/en/login?mode=register&next=/en/shop/tasima/7912-15070-a0	2026-08-26
P0_RECOVER_PRODUCT	RECOVER_308	"noindex" etiketi tarafından hariç tutuldu	noindex_login_wraps_product	308_login_next_to_product	high	en	shop_pdp	pisirme	npicco64-1	/en/shop/pisirme/npicco64-1	True	True	https://equsto.com/en/login?mode=register&next=/en/shop/pisirme/npicco64-1	2026-08-26
P0_RECOVER_PRODUCT	RECOVER_308	"noindex" etiketi tarafından hariç tutuldu	noindex_login_wraps_product	308_login_next_to_product	high	en	shop_pdp	davlumbaz	eq-kdavotf02-225250	/en/shop/davlumbaz/eq-kdavotf02-225250	True	True	https://equsto.com/en/login?mode=register&next=/en/shop/davlumbaz/eq-kdavotf02-225250	2026-08-26
P0_RECOVER_PRODUCT	RECOVER_308	"noindex" etiketi tarafından hariç tutuldu	noindex_login_wraps_product	308_login_next_to_product	high	en	shop_pdp	davlumbaz	7885-30125-11	/en/shop/davlumbaz/7885-30125-11	True	True	https://equsto.com/en/login?mode=register&next=/en/shop/davlumbaz/7885-30125-11	2026-08-26
P0_RECOVER_PRODUCT	RECOVER_308	"noindex" etiketi tarafından hariç tutuldu	noindex_login_wraps_product	308_login_next_to_product		en	shop_pdp	market-reyonlari	eq-nergis-tp-sky-eq30		True	False	https://equsto.com/en/login?mode=register&next=/en/shop/market-reyonlari/eq-nergis-tp-sky-eq30	2026-08-26
P0_RECOVER_PRODUCT	RECOVER_308	"noindex" etiketi tarafından hariç tutuldu	noindex_login_wraps_product	308_login_next_to_product		en	shop_pdp	market-reyonlari	eq-lotus-lb-eq40		True	False	https://equsto.com/en/login?mode=register&next=/en/shop/market-reyonlari/eq-lotus-lb-eq40	2026-08-26
P0_RECOVER_PRODUCT	RECOVER_308	"noindex" etiketi tarafından hariç tutuldu	noindex_login_wraps_product	308_login_next_to_product		en	shop_pdp	market-reyonlari	eq-nergis-lm-eq60		True	False	https://equsto.com/en/login?mode=register&next=/en/shop/market-reyonlari/eq-nergis-lm-eq60	2026-08-26
P0_RECOVER_PRODUCT	RECOVER_308	"noindex" etiketi tarafından hariç tutuldu	noindex_login_wraps_product	308_login_next_to_product		en	shop_pdp	market-reyonlari	eq-lale-eq36		True	False	https://equsto.com/en/login?mode=register&next=/en/shop/market-reyonlari/eq-lale-eq36	2026-08-26
P0_RECOVER_PRODUCT	RECOVER_308	"noindex" etiketi tarafından hariç tutuldu	noindex_login_wraps_product	308_login_next_to_product	high	en	shop_pdp	dolap	7754-196a8-33	/en/shop/tezgah/7754-196a8-33	True	True	https://equsto.com/en/login?mode=register&next=/en/shop/dolap/7754-196a8-33	2026-08-26
P0_RECOVER_PRODUCT	RECOVER_308	"noindex" etiketi tarafından hariç tutuldu	noindex_login_wraps_product	308_login_next_to_product	high	en	shop_pdp	tasima	8895-tta37-53	/en/shop/tasima/8895-tta37-53	True	True	https://equsto.com/en/login?mode=register&next=/en/shop/tasima/8895-tta37-53	2026-08-26
P0_RECOVER_PRODUCT	RECOVER_308	"noindex" etiketi tarafından hariç tutuldu	noindex_login_wraps_product	308_login_next_to_product	high	en	shop_pdp	market-reyonlari	eq-lion-tgd-eq43	/en/shop/market-reyonlari/eq-lion-tgd-eq43	True	True	https://equsto.com/en/login?mode=register&next=/en/shop/market-reyonlari/eq-lion-tgd-eq43	2026-08-26
P0_RECOVER_PRODUCT	RECOVER_308	"noindex" etiketi tarafından hariç tutuldu	noindex_login_wraps_product	308_login_next_to_product		en	shop_pdp	market-reyonlari	eq-nergis-lb-fg-eq38		True	False	https://equsto.com/en/login?mode=register&next=/en/shop/market-reyonlari/eq-nergis-lb-fg-eq38	2026-08-26
P0_RECOVER_PRODUCT	RECOVER_308	"noindex" etiketi tarafından hariç tutuldu	noindex_login_wraps_product	308_login_next_to_product	high	en	shop_pdp	pisirme	agi-670-nd	/en/shop/pisirme/agi-670-nd	True	True	https://equsto.com/en/login?mode=register&next=/en/shop/pisirme/agi-670-nd	2026-08-26
P0_RECOVER_PRODUCT	RECOVER_308	"noindex" etiketi tarafından hariç tutuldu	noindex_login_wraps_product	308_login_next_to_product	high	en	shop_pdp	istif	8897-36800-p0	/en/shop/istif/8897-36800-p0	True	True	https://equsto.com/en/login?mode=register&next=/en/shop/istif/8897-36800-p0	2026-08-25
P0_RECOVER_PRODUCT	RECOVER_308	"noindex" etiketi tarafından hariç tutuldu	noindex_login_wraps_product	308_login_next_to_product		en	shop_pdp	market-reyonlari	eq-yasemin-nt-eq3		True	False	https://equsto.com/en/login?mode=register&next=/en/shop/market-reyonlari/eq-yasemin-nt-eq3	2026-08-25
P0_RECOVER_PRODUCT	RECOVER_308	"noindex" etiketi tarafından hariç tutuldu	noindex_login_wraps_product	308_login_next_to_product	high	en	shop_pdp	kahve	vkd-p50s	/en/shop/kahve/vkd-p50s	True	True	https://equsto.com/en/login?mode=register&next=/en/shop/kahve/vkd-p50s	2026-08-25
P0_RECOVER_PRODUCT	RECOVER_308	"noindex" etiketi tarafından hariç tutuldu	noindex_login_wraps_product	308_login_next_to_product	high	en	shop_pdp	dolap	7911-09060-08	/en/shop/tezgah/7911-09060-08	True	True	https://equsto.com/en/login?mode=register&next=/en/shop/dolap/7911-09060-08	2026-08-25
P0_RECOVER_PRODUCT	RECOVER_308	"noindex" etiketi tarafından hariç tutuldu	noindex_login_wraps_product	308_login_next_to_product		en	shop_pdp	market-reyonlari	eq-nergis-lb-tp-sky-eq29		True	False	https://equsto.com/en/login?mode=register&next=/en/shop/market-reyonlari/eq-nergis-lb-tp-sky-eq29	2026-08-25
P0_RECOVER_PRODUCT	RECOVER_308	"noindex" etiketi tarafından hariç tutuldu	noindex_login_wraps_product	308_login_next_to_product		en	shop_pdp	market-reyonlari	eq-fulya-nv-fg-eq16		True	False	https://equsto.com/en/login?mode=register&next=/en/shop/market-reyonlari/eq-fulya-nv-fg-eq16	2026-08-25
P0_RECOVER_PRODUCT	RECOVER_308	"noindex" etiketi tarafından hariç tutuldu	noindex_login_wraps_product	308_login_next_to_product	high	en	shop_pdp	set-ustu-mutfak	0752-01510-75	/en/shop/set-ustu-mutfak/0752-01510-75	True	True	https://equsto.com/en/login?mode=register&next=/en/shop/set-ustu-mutfak/0752-01510-75	2026-08-25
P0_RECOVER_PRODUCT	RECOVER_308	"noindex" etiketi tarafından hariç tutuldu	noindex_login_wraps_product	308_login_next_to_product	high	tr	shop_pdp	pisirme	7961-02929-1y2	/shop/yikama/7961-02929-1y2	True	True	https://equsto.com/en/login?mode=register&next=/shop/pisirme/7961-02929-1y2	2026-08-25
P0_RECOVER_PRODUCT	RECOVER_308	"noindex" etiketi tarafından hariç tutuldu	noindex_login_wraps_product	308_login_next_to_product		en	shop_pdp	market-reyonlari	eq-lotus-eq71		True	False	https://equsto.com/en/login?mode=register&next=/en/shop/market-reyonlari/eq-lotus-eq71	2026-08-25
P0_RECOVER_PRODUCT	RECOVER_308	"noindex" etiketi tarafından hariç tutuldu	noindex_login_wraps_product	308_login_next_to_product	high	en	shop_pdp	market-reyonlari	eq-falcon-eq122	/en/shop/market-reyonlari/eq-falcon-eq122	True	True	https://equsto.com/en/login?mode=register&next=/en/shop/market-reyonlari/eq-falcon-eq122	2026-08-25
P0_RECOVER_PRODUCT	RECOVER_308	"noindex" etiketi tarafından hariç tutuldu	noindex_login_wraps_product	308_login_next_to_product	high	en	shop_pdp	set-ustu-mutfak	0752-02424-23	/en/shop/set-ustu-mutfak/0752-02424-23	True	True	https://equsto.com/en/login?mode=register&next=/en/shop/set-ustu-mutfak/0752-02424-23	2026-08-25
P0_RECOVER_PRODUCT	RECOVER_308	"noindex" etiketi tarafından hariç tutuldu	noindex_login_wraps_product	308_login_next_to_product	high	en	shop_pdp	market-reyonlari	eq-falcon-sld-eq34	/en/shop/market-reyonlari/eq-falcon-sld-eq34	True	True	https://equsto.com/en/login?mode=register&next=/en/shop/market-reyonlari/eq-falcon-sld-eq34	2026-08-25
P0_RECOVER_PRODUCT	RECOVER_308	"noindex" etiketi tarafından hariç tutuldu	noindex_login_wraps_product	308_login_next_to_product	high	tr	shop_pdp	set-ustu-mutfak	0311-14100-30	/shop/set-ustu-mutfak/0311-14100-30	True	True	https://equsto.com/en/login?next=/shop/set-ustu-mutfak/0311-14100-30	2026-08-25
P0_RECOVER_PRODUCT	RECOVER_308	"noindex" etiketi tarafından hariç tutuldu	noindex_login_wraps_product	308_login_next_to_product	high	en	shop_pdp	istif	46-x-122-x-183-304l	/en/shop/istif/46-x-122-x-183-304l	True	True	https://equsto.com/en/login?mode=register&next=/en/shop/istif/46-x-122-x-183-304l	2026-08-25
P0_RECOVER_PRODUCT	RECOVER_308	"noindex" etiketi tarafından hariç tutuldu	noindex_login_wraps_product	308_login_next_to_product	high	en	shop_pdp	sogutma	dt-1ngn-eko	/en/shop/sogutma/dt-1ngn-eko	True	True	https://equsto.com/en/login?mode=register&next=/en/shop/sogutma/dt-1ngn-eko	2026-08-25
P0_RECOVER_PRODUCT	RECOVER_308	"noindex" etiketi tarafından hariç tutuldu	noindex_login_wraps_product	308_login_next_to_product	high	en	shop_pdp	tezgah	133122	/en/shop/tezgah/133122	True	True	https://equsto.com/en/login?mode=register&next=/en/shop/tezgah/133122	2026-08-25
P0_RECOVER_PRODUCT	RECOVER_308	"noindex" etiketi tarafından hariç tutuldu	noindex_login_wraps_product	308_login_next_to_product		en	shop_pdp	market-reyonlari	eq-nergis-tp-eq22		True	False	https://equsto.com/en/login?mode=register&next=/en/shop/market-reyonlari/eq-nergis-tp-eq22	2026-08-25
P0_RECOVER_PRODUCT	RECOVER_308	"noindex" etiketi tarafından hariç tutuldu	noindex_login_wraps_product	308_login_next_to_product	high	en	shop_pdp	set-ustu-mutfak	0211-35405-13	/en/shop/set-ustu-mutfak/0211-35405-13	True	True	https://equsto.com/en/login?mode=register&next=/en/shop/set-ustu-mutfak/0211-35405-13	2026-08-25
P0_RECOVER_PRODUCT	RECOVER_308	"noindex" etiketi tarafından hariç tutuldu	noindex_login_wraps_product	308_login_next_to_product	high	en	shop_pdp	istif	46-x-122-x-183-201	/en/shop/istif/46-x-122-x-183-201	True	True	https://equsto.com/en/login?mode=register&next=/en/shop/istif/46-x-122-x-183-201	2026-08-25
P0_RECOVER_PRODUCT	RECOVER_308	"noindex" etiketi tarafından hariç tutuldu	noindex_login_wraps_product	308_login_next_to_product		en	shop_pdp	market-reyonlari	eq-nergis-fg-sky-eq37		True	False	https://equsto.com/en/login?mode=register&next=/en/shop/market-reyonlari/eq-nergis-fg-sky-eq37	2026-08-25
P0_RECOVER_PRODUCT	RECOVER_308	"noindex" etiketi tarafından hariç tutuldu	noindex_login_wraps_product	308_login_next_to_product		en	shop_pdp	market-reyonlari	eq-orkide-eq16		True	False	https://equsto.com/en/login?mode=register&next=/en/shop/market-reyonlari/eq-orkide-eq16	2026-08-25
P0_RECOVER_PRODUCT	RECOVER_308	"noindex" etiketi tarafından hariç tutuldu	noindex_login_wraps_product	308_login_next_to_product		en	shop_pdp	market-reyonlari	eq-nergis-lm-eq39		True	False	https://equsto.com/en/login?mode=register&next=/en/shop/market-reyonlari/eq-nergis-lm-eq39	2026-08-25
P0_RECOVER_PRODUCT	RECOVER_308	"noindex" etiketi tarafından hariç tutuldu	noindex_login_wraps_product	308_login_next_to_product	high	en	shop_pdp	set-ustu-mutfak	7897-19030-05	/en/shop/set-ustu-mutfak/7897-19030-05	True	True	https://equsto.com/en/login?mode=register&next=/en/shop/set-ustu-mutfak/7897-19030-05	2026-08-25
P0_RECOVER_PRODUCT	RECOVER_308	"noindex" etiketi tarafından hariç tutuldu	noindex_login_wraps_product	308_login_next_to_product	high	en	shop_pdp	set-ustu-mutfak	8356-32526-30	/en/shop/set-ustu-mutfak/8356-32526-30	True	True	https://equsto.com/en/login?mode=register&next=/en/shop/set-ustu-mutfak/8356-32526-30	2026-08-25
P0_RECOVER_PRODUCT	RECOVER_308	"noindex" etiketi tarafından hariç tutuldu	noindex_login_wraps_product	308_login_next_to_product		en	shop_pdp	market-reyonlari	eq-nergis-lb-fg-sky-eq20		True	False	https://equsto.com/en/login?mode=register&next=/en/shop/market-reyonlari/eq-nergis-lb-fg-sky-eq20	2026-08-25
P0_RECOVER_PRODUCT	RECOVER_308	"noindex" etiketi tarafından hariç tutuldu	noindex_login_wraps_product	308_login_next_to_product		en	shop_pdp	market-reyonlari	eq-nergis-fg-eq16		True	False	https://equsto.com/en/login?mode=register&next=/en/shop/market-reyonlari/eq-nergis-fg-eq16	2026-08-25
P0_RECOVER_PRODUCT	RECOVER_308	"noindex" etiketi tarafından hariç tutuldu	noindex_login_wraps_product	308_login_next_to_product	high	en	shop_pdp	tezgah	eq-kmertt02-16070	/en/shop/tezgah/eq-kmertt02-16070	True	True	https://equsto.com/en/login?mode=register&next=/en/shop/tezgah/eq-kmertt02-16070	2026-08-25
P0_RECOVER_PRODUCT	RECOVER_308	"noindex" etiketi tarafından hariç tutuldu	noindex_login_wraps_product	308_login_next_to_product		en	shop_pdp	market-reyonlari	eq-lale-eq27		True	False	https://equsto.com/en/login?mode=register&next=/en/shop/market-reyonlari/eq-lale-eq27	2026-08-25
P0_RECOVER_PRODUCT	RECOVER_308	"noindex" etiketi tarafından hariç tutuldu	noindex_login_wraps_product	308_login_next_to_product		en	shop_pdp	market-reyonlari	eq-akasya-eq2		True	False	https://equsto.com/en/login?mode=register&next=/en/shop/market-reyonlari/eq-akasya-eq2	2026-08-25
P0_RECOVER_PRODUCT	RECOVER_308	"noindex" etiketi tarafından hariç tutuldu	noindex_login_wraps_product	308_login_next_to_product	high	en	shop_pdp	market-reyonlari	eq-falcon-eq119	/en/shop/market-reyonlari/eq-falcon-eq119	True	True	https://equsto.com/en/login?mode=register&next=/en/shop/market-reyonlari/eq-falcon-eq119	2026-08-25
P0_RECOVER_PRODUCT	RECOVER_308	"noindex" etiketi tarafından hariç tutuldu	noindex_login_wraps_product	308_login_next_to_product	low	en	shop_pdp	tezgah	pimak-19070-00		True	False	https://equsto.com/en/login?mode=register&next=/en/shop/tezgah/pimak-19070-00	2026-08-25
P0_RECOVER_PRODUCT	RECOVER_308	"noindex" etiketi tarafından hariç tutuldu	noindex_login_wraps_product	308_login_next_to_product	high	en	shop_pdp	icecek	8593-su160-00	/en/shop/icecek/8593-su160-00	True	True	https://equsto.com/en/login?mode=register&next=/en/shop/icecek/8593-su160-00	2026-08-25
P0_RECOVER_PRODUCT	RECOVER_308	"noindex" etiketi tarafından hariç tutuldu	noindex_login_wraps_product	308_login_next_to_product	high	en	shop_pdp	istif	8897-5612p-00	/en/shop/istif/8897-5612p-00	True	True	https://equsto.com/en/login?mode=register&next=/en/shop/istif/8897-5612p-00	2026-08-25
P0_RECOVER_PRODUCT	RECOVER_308	"noindex" etiketi tarafından hariç tutuldu	noindex_login_wraps_product	308_login_next_to_product	high	en	shop_pdp	tezgah	7754-196e5-21	/en/shop/tezgah/7754-196e5-21	True	True	https://equsto.com/en/login?mode=register&next=/en/shop/tezgah/7754-196e5-21	2026-08-25
P0_RECOVER_PRODUCT	RECOVER_308	"noindex" etiketi tarafından hariç tutuldu	noindex_login_wraps_product	308_login_next_to_product	high	en	shop_pdp	tezgah	7911-05050-90	/en/shop/tezgah/7911-05050-90	True	True	https://equsto.com/en/login?mode=register&next=/en/shop/tezgah/7911-05050-90	2026-08-25
P0_RECOVER_PRODUCT	RECOVER_308	"noindex" etiketi tarafından hariç tutuldu	noindex_login_wraps_product	308_login_next_to_product	high	en	shop_pdp	dolap	7758-196e8-35	/en/shop/tezgah/7758-196e8-35	True	True	https://equsto.com/en/login?mode=register&next=/en/shop/dolap/7758-196e8-35	2026-08-25
P0_RECOVER_PRODUCT	RECOVER_308	"noindex" etiketi tarafından hariç tutuldu	noindex_login_wraps_product	308_login_next_to_product	high	en	shop_pdp	pisirme	7960-16229-7o2	/en/shop/yikama/7960-16229-7o2	True	True	https://equsto.com/en/login?mode=register&next=/en/shop/pisirme/7960-16229-7o2	2026-08-25
P0_RECOVER_PRODUCT	RECOVER_308	"noindex" etiketi tarafından hariç tutuldu	noindex_login_wraps_product	308_login_next_to_product	high	en	shop_pdp	pisirme	391273	/en/shop/pisirme/391273	True	True	https://equsto.com/en/login?mode=register&next=/en/shop/pisirme/391273	2026-08-25
P0_RECOVER_PRODUCT	RECOVER_308	"noindex" etiketi tarafından hariç tutuldu	noindex_login_wraps_product	308_login_next_to_product	high	en	shop_pdp	pisirme	ino-fbe40t	/en/shop/pisirme/ino-fbe40t	True	True	https://equsto.com/en/login?mode=register&next=/en/shop/pisirme/ino-fbe40t	2026-08-25
P0_RECOVER_PRODUCT	RECOVER_308	"noindex" etiketi tarafından hariç tutuldu	noindex_login_wraps_product	308_login_next_to_product	high	en	shop_pdp	yikama	ino-byf600l	/en/shop/yikama/ino-byf600l	True	True	https://equsto.com/en/login?mode=register&next=/en/shop/yikama/ino-byf600l	2026-08-25
P0_RECOVER_PRODUCT	RECOVER_308	"noindex" etiketi tarafından hariç tutuldu	noindex_login_wraps_product	308_login_next_to_product	high	en	shop_pdp	tezgah	7911-19070-52	/en/shop/tezgah/7911-19070-52	True	True	https://equsto.com/en/login?mode=register&next=/en/shop/tezgah/7911-19070-52	2026-08-25
P0_RECOVER_PRODUCT	RECOVER_308	"noindex" etiketi tarafından hariç tutuldu	noindex_login_wraps_product	308_login_next_to_product	high	en	shop_pdp	pisirme	ino-9me20s	/en/shop/pisirme/ino-9me20s	True	True	https://equsto.com/en/login?mode=register&next=/en/shop/pisirme/ino-9me20s	2026-08-25
P0_RECOVER_PRODUCT	RECOVER_308	"noindex" etiketi tarafından hariç tutuldu	noindex_login_wraps_product	308_login_next_to_product	high	tr	shop_pdp	tezgah	133109	/shop/tezgah/133109	True	True	https://equsto.com/en/login?next=/shop/tezgah/133109	2026-08-25
P0_RECOVER_PRODUCT	RECOVER_308	"noindex" etiketi tarafından hariç tutuldu	noindex_login_wraps_product	308_login_next_to_product		en	shop_pdp	market-reyonlari	eq-lale-eq6		True	False	https://equsto.com/en/login?mode=register&next=/en/shop/market-reyonlari/eq-lale-eq6	2026-08-25
P0_RECOVER_PRODUCT	RECOVER_308	"noindex" etiketi tarafından hariç tutuldu	noindex_login_wraps_product	308_login_next_to_product	high	en	shop_pdp	sogutma	msbh-3n70e	/en/shop/sogutma/msbh-3n70e	True	True	https://equsto.com/en/login?mode=register&next=/en/shop/sogutma/msbh-3n70e	2026-08-25
P0_RECOVER_PRODUCT	RECOVER_308	"noindex" etiketi tarafından hariç tutuldu	noindex_login_wraps_product	308_login_next_to_product		en	shop_pdp	market-reyonlari	eq-nergis-tp-sky-eq29		True	False	https://equsto.com/en/login?mode=register&next=/en/shop/market-reyonlari/eq-nergis-tp-sky-eq29	2026-08-25
P0_RECOVER_PRODUCT	RECOVER_308	"noindex" etiketi tarafından hariç tutuldu	noindex_login_wraps_product	308_login_next_to_product	high	en	shop_pdp	istif	8897-13ip4-07	/en/shop/istif/8897-13ip4-07	True	True	https://equsto.com/en/login?mode=register&next=/en/shop/istif/8897-13ip4-07	2026-08-25
P0_RECOVER_PRODUCT	RECOVER_308	"noindex" etiketi tarafından hariç tutuldu	noindex_login_wraps_product	308_login_next_to_product	high	en	shop_pdp	set-ustu-mutfak	0311-23100-41	/en/shop/set-ustu-mutfak/0311-23100-41	True	True	https://equsto.com/en/login?next=/en/shop/set-ustu-mutfak/0311-23100-41	2026-08-25
P0_RECOVER_PRODUCT	RECOVER_308	"noindex" etiketi tarafından hariç tutuldu	noindex_login_wraps_product	308_login_next_to_product	high	en	shop_pdp	davlumbaz	7885-40105-11	/en/shop/davlumbaz/7885-40105-11	True	True	https://equsto.com/en/login?mode=register&next=/en/shop/davlumbaz/7885-40105-11	2026-08-25
P0_RECOVER_PRODUCT	RECOVER_308	"noindex" etiketi tarafından hariç tutuldu	noindex_login_wraps_product	308_login_next_to_product	high	en	shop_pdp	tezgah	7911-10070-85	/en/shop/tezgah/7911-10070-85	True	True	https://equsto.com/en/login?mode=register&next=/en/shop/tezgah/7911-10070-85	2026-08-25
P0_RECOVER_PRODUCT	RECOVER_308	"noindex" etiketi tarafından hariç tutuldu	noindex_login_wraps_product	308_login_next_to_product	high	en	shop_pdp	hazirlik	cr-120	/en/shop/hazirlik/cr-120	True	True	https://equsto.com/en/login?mode=register&next=/en/shop/hazirlik/cr-120	2026-08-25
P0_RECOVER_PRODUCT	RECOVER_308	"noindex" etiketi tarafından hariç tutuldu	noindex_login_wraps_product	308_login_next_to_product		en	shop_pdp	market-reyonlari	eq-lotus-lb-eq51		True	False	https://equsto.com/en/login?mode=register&next=/en/shop/market-reyonlari/eq-lotus-lb-eq51	2026-08-25
P0_RECOVER_PRODUCT	RECOVER_308	"noindex" etiketi tarafından hariç tutuldu	noindex_login_wraps_product	308_login_next_to_product	high	en	shop_pdp	set-ustu-mutfak	9450-gwm60-bgl	/en/shop/set-ustu-mutfak/9450-gwm60-bgl	True	True	https://equsto.com/en/login?next=/en/shop/set-ustu-mutfak/9450-gwm60-bgl	2026-08-25
P0_RECOVER_PRODUCT	RECOVER_308	"noindex" etiketi tarafından hariç tutuldu	noindex_login_wraps_product	308_login_next_to_product	high	en	shop_pdp	pisirme	ino-9de12	/en/shop/pisirme/ino-9de12	True	True	https://equsto.com/en/login?mode=register&next=/en/shop/pisirme/ino-9de12	2026-08-25
P0_RECOVER_PRODUCT	RECOVER_308	"noindex" etiketi tarafından hariç tutuldu	noindex_login_wraps_product	308_login_next_to_product	high	en	shop_pdp	pisirme	ino-7de06	/en/shop/pisirme/ino-7de06	True	True	https://equsto.com/en/login?mode=register&next=/en/shop/pisirme/ino-7de06	2026-08-25
P0_RECOVER_PRODUCT	RECOVER_308	"noindex" etiketi tarafından hariç tutuldu	noindex_login_wraps_product	308_login_next_to_product	high	en	shop_pdp	pisirme	aba-151-1	/en/shop/pisirme/aba-151-1	True	True	https://equsto.com/en/login?mode=register&next=/en/shop/pisirme/aba-151-1	2026-08-25
P0_RECOVER_PRODUCT	RECOVER_308	"noindex" etiketi tarafından hariç tutuldu	noindex_login_wraps_product	308_login_next_to_product	high	en	shop_pdp	tezgah	7911-12070-85	/en/shop/tezgah/7911-12070-85	True	True	https://equsto.com/en/login?mode=register&next=/en/shop/tezgah/7911-12070-85	2026-08-25
P0_RECOVER_PRODUCT	RECOVER_308	"noindex" etiketi tarafından hariç tutuldu	noindex_login_wraps_product	308_login_next_to_product	high	en	shop_pdp	davlumbaz	7885-50155-11	/en/shop/davlumbaz/7885-50155-11	True	True	https://equsto.com/en/login?mode=register&next=/en/shop/davlumbaz/7885-50155-11	2026-08-25
P0_RECOVER_PRODUCT	RECOVER_308	"noindex" etiketi tarafından hariç tutuldu	noindex_login_wraps_product	308_login_next_to_product	high	en	shop_pdp	kahve	197-e61-s1	/en/shop/kahve/197-e61-s1	True	True	https://equsto.com/en/login?mode=register&next=/en/shop/kahve/197-e61-s1	2026-08-25
P0_RECOVER_PRODUCT	RECOVER_308	"noindex" etiketi tarafından hariç tutuldu	noindex_login_wraps_product	308_login_next_to_product	high	en	shop_pdp	tezgah	7911-14080-22	/en/shop/tezgah/7911-14080-22	True	True	https://equsto.com/en/login?mode=register&next=/en/shop/tezgah/7911-14080-22	2026-08-25
P0_RECOVER_PRODUCT	RECOVER_308	"noindex" etiketi tarafından hariç tutuldu	noindex_login_wraps_product	308_login_next_to_product	high	en	shop_pdp	tezgah	eq-kdct03-12070	/en/shop/tezgah/eq-kdct03-12070	True	True	https://equsto.com/en/login?mode=register&next=/en/shop/tezgah/eq-kdct03-12070	2026-08-25
P0_RECOVER_PRODUCT	RECOVER_308	"noindex" etiketi tarafından hariç tutuldu	noindex_login_wraps_product	308_login_next_to_product	high	en	shop_pdp	pisirme	7960-20629-7o2	/en/shop/yikama/7960-20629-7o2	True	True	https://equsto.com/en/login?mode=register&next=/en/shop/pisirme/7960-20629-7o2	2026-08-25
P0_RECOVER_PRODUCT	RECOVER_308	"noindex" etiketi tarafından hariç tutuldu	noindex_login_wraps_product	308_login_next_to_product	high	en	shop_pdp	tezgah	7911-14060-20	/en/shop/tezgah/7911-14060-20	True	True	https://equsto.com/en/login?mode=register&next=/en/shop/tezgah/7911-14060-20	2026-08-25
P0_RECOVER_PRODUCT	RECOVER_308	"noindex" etiketi tarafından hariç tutuldu	noindex_login_wraps_product	308_login_next_to_product	high	en	shop_pdp	tezgah	7712-16070-03	/en/shop/tezgah/7712-16070-03	True	True	https://equsto.com/en/login?mode=register&next=/en/shop/tezgah/7712-16070-03	2026-08-25
P0_RECOVER_PRODUCT	RECOVER_308	"noindex" etiketi tarafından hariç tutuldu	noindex_login_wraps_product	308_login_next_to_product	high	en	shop_pdp	sogutma	9805-okb68-a0	/en/shop/sogutma/9805-okb68-a0	True	True	https://equsto.com/en/login?mode=register&next=/en/shop/sogutma/9805-okb68-a0	2026-08-25
P0_RECOVER_PRODUCT	RECOVER_308	"noindex" etiketi tarafından hariç tutuldu	noindex_login_wraps_product	308_login_next_to_product	high	en	shop_pdp	icecek	118-lt-12	/en/shop/icecek/118-lt-12	True	True	https://equsto.com/en/login?next=/en/shop/icecek/118-lt-12	2026-08-25
P0_RECOVER_PRODUCT	RECOVER_308	"noindex" etiketi tarafından hariç tutuldu	noindex_login_wraps_product	308_login_next_to_product	high	en	shop_pdp	tezgah	79k4-12lmv-10	/en/shop/tezgah/79k4-12lmv-10	True	True	https://equsto.com/en/login?mode=register&next=/en/shop/tezgah/79k4-12lmv-10	2026-08-25
P0_RECOVER_PRODUCT	RECOVER_308	"noindex" etiketi tarafından hariç tutuldu	noindex_login_wraps_product	308_login_next_to_product	high	en	shop_pdp	icecek	hot10-dnb	/en/shop/icecek/hot10-dnb	True	True	https://equsto.com/en/login?next=/en/shop/icecek/hot10-dnb	2026-08-25
P0_RECOVER_PRODUCT	RECOVER_308	"noindex" etiketi tarafından hariç tutuldu	noindex_login_wraps_product	308_login_next_to_product	high	en	shop_pdp	sogutma	118-set-e-90c	/en/shop/sogutma/118-set-e-90c	True	True	https://equsto.com/en/login?next=/en/shop/sogutma/118-set-e-90c	2026-08-25
P0_RECOVER_PRODUCT	RECOVER_308	"noindex" etiketi tarafından hariç tutuldu	noindex_login_wraps_product	308_login_next_to_product	high	en	shop_pdp	market-reyonlari	eq-lion-tgd-eq53	/en/shop/market-reyonlari/eq-lion-tgd-eq53	True	True	https://equsto.com/en/login?mode=register&next=/en/shop/market-reyonlari/eq-lion-tgd-eq53	2026-08-25
P0_RECOVER_PRODUCT	RECOVER_308	"noindex" etiketi tarafından hariç tutuldu	noindex_login_wraps_product	308_login_next_to_product	high	en	shop_pdp	market-reyonlari	eq-butterfly-br-eq1	/en/shop/market-reyonlari/eq-butterfly-br-eq1	True	True	https://equsto.com/en/login?mode=register&next=/en/shop/market-reyonlari/eq-butterfly-br-eq1	2026-08-25
P0_RECOVER_PRODUCT	RECOVER_308	"noindex" etiketi tarafından hariç tutuldu	noindex_login_wraps_product	308_login_next_to_product	high	en	shop_pdp	pisirme	7961-07429-1y3	/en/shop/yikama/7961-07429-1y3	True	True	https://equsto.com/en/login?next=/en/shop/pisirme/7961-07429-1y3	2026-08-25
P0_RECOVER_PRODUCT	RECOVER_308	"noindex" etiketi tarafından hariç tutuldu	noindex_login_wraps_product	308_login_next_to_product	high	en	shop_pdp	pisirme	ino-9zg20s	/en/shop/pisirme/ino-9zg20s	True	True	https://equsto.com/en/login?mode=register&next=/en/shop/pisirme/ino-9zg20s	2026-08-25
P0_RECOVER_PRODUCT	RECOVER_308	"noindex" etiketi tarafından hariç tutuldu	noindex_login_wraps_product	308_login_next_to_product	high	en	shop_pdp	tezgah	7911-12070-23p	/en/shop/tezgah/7911-12070-23p	True	True	https://equsto.com/en/login?mode=register&next=/en/shop/tezgah/7911-12070-23p	2026-08-25
P0_RECOVER_PRODUCT	RECOVER_308	"noindex" etiketi tarafından hariç tutuldu	noindex_login_wraps_product	308_login_next_to_product	high	en	shop_pdp	tezgah	ino-kln230	/en/shop/tezgah/ino-kln230	True	True	https://equsto.com/en/login?mode=register&next=/en/shop/tezgah/ino-kln230	2026-08-25
P0_RECOVER_PRODUCT	RECOVER_308	"noindex" etiketi tarafından hariç tutuldu	noindex_login_wraps_product	308_login_next_to_product	high	en	shop_pdp	pisirme	9890-xbc10-e1	/en/shop/pisirme/9890-xbc10-e1	True	True	https://equsto.com/en/login?mode=register&next=/en/shop/pisirme/9890-xbc10-e1	2026-08-25
P0_RECOVER_PRODUCT	RECOVER_308	"noindex" etiketi tarafından hariç tutuldu	noindex_login_wraps_product	308_login_next_to_product	high	en	shop_pdp	set-ustu-mutfak	0311-12055-10	/en/shop/set-ustu-mutfak/0311-12055-10	True	True	https://equsto.com/en/login?mode=register&next=/en/shop/set-ustu-mutfak/0311-12055-10	2026-08-25
P0_RECOVER_PRODUCT	RECOVER_308	"noindex" etiketi tarafından hariç tutuldu	noindex_login_wraps_product	308_login_next_to_product	high	en	shop_pdp	pisirme	7961-02929-7y3	/en/shop/yikama/7961-02929-7y3	True	True	https://equsto.com/en/login?mode=register&next=/en/shop/pisirme/7961-02929-7y3	2026-08-25
P0_RECOVER_PRODUCT	RECOVER_308	"noindex" etiketi tarafından hariç tutuldu	noindex_login_wraps_product	308_login_next_to_product	high	en	shop_pdp	sogutma	st-160	/en/shop/sogutma/st-160	True	True	https://equsto.com/en/login?mode=register&next=/en/shop/sogutma/st-160	2026-08-25
P0_RECOVER_PRODUCT	RECOVER_308	"noindex" etiketi tarafından hariç tutuldu	noindex_login_wraps_product	308_login_next_to_product		en	shop_pdp	market-reyonlari	eq-nergis-tp-eq24		True	False	https://equsto.com/en/login?mode=register&next=/en/shop/market-reyonlari/eq-nergis-tp-eq24	2026-08-25
P0_RECOVER_PRODUCT	RECOVER_308	"noindex" etiketi tarafından hariç tutuldu	noindex_login_wraps_product	308_login_next_to_product	high	en	shop_pdp	istif	61-x-122-x-183-304	/en/shop/istif/61-x-122-x-183-304	True	True	https://equsto.com/en/login?mode=register&next=/en/shop/istif/61-x-122-x-183-304	2026-08-25
P0_RECOVER_PRODUCT	RECOVER_308	"noindex" etiketi tarafından hariç tutuldu	noindex_login_wraps_product	308_login_next_to_product	high	en	shop_pdp	tezgah	7897-19030-07	/en/shop/tezgah/7897-19030-07	True	True	https://equsto.com/en/login?mode=register&next=/en/shop/tezgah/7897-19030-07	2026-08-25
P0_RECOVER_PRODUCT	RECOVER_308	"noindex" etiketi tarafından hariç tutuldu	noindex_login_wraps_product	308_login_next_to_product	high	en	shop_pdp	dolap	7919-37ntv-c2	/en/shop/tezgah/7919-37ntv-c2	True	True	https://equsto.com/en/login?mode=register&next=/en/shop/dolap/7919-37ntv-c2	2026-08-25
P0_RECOVER_PRODUCT	RECOVER_308	"noindex" etiketi tarafından hariç tutuldu	noindex_login_wraps_product	308_login_next_to_product	high	en	shop_pdp	sogutma	710089	/en/shop/sogutma/710089	True	True	https://equsto.com/en/login?mode=register&next=/en/shop/sogutma/710089	2026-08-25
P0_RECOVER_PRODUCT	RECOVER_308	"noindex" etiketi tarafından hariç tutuldu	noindex_login_wraps_product	308_login_next_to_product	med	tr	shop_pdp	tezgah	pimak-12060-13	/shop/tezgah/7911-12060-13	True	True	https://equsto.com/en/login?next=/shop/tezgah/pimak-12060-13	2026-08-25
P0_RECOVER_PRODUCT	RECOVER_308	"noindex" etiketi tarafından hariç tutuldu	noindex_login_wraps_product	308_login_next_to_product	high	en	shop_pdp	hazirlik	208-650077-as4xx	/en/shop/hazirlik/208-650077-as4xx	True	True	https://equsto.com/en/login?mode=register&next=/en/shop/hazirlik/208-650077-as4xx	2026-08-25
P0_RECOVER_PRODUCT	RECOVER_308	"noindex" etiketi tarafından hariç tutuldu	noindex_login_wraps_product	308_login_next_to_product	high	en	shop_pdp	tasima	avatherm-600x2	/en/shop/tasima/avatherm-600x2	True	True	https://equsto.com/en/login?mode=register&next=/en/shop/tasima/avatherm-600x2	2026-08-25
P0_RECOVER_PRODUCT	RECOVER_308	"noindex" etiketi tarafından hariç tutuldu	noindex_login_wraps_product	308_login_next_to_product		en	shop_pdp	market-reyonlari	eq-nergis-fg-eq33		True	False	https://equsto.com/en/login?mode=register&next=/en/shop/market-reyonlari/eq-nergis-fg-eq33	2026-08-25
P0_RECOVER_PRODUCT	RECOVER_308	"noindex" etiketi tarafından hariç tutuldu	noindex_login_wraps_product	308_login_next_to_product	high	en	shop_pdp	market-reyonlari	eq-falcon-sld-eq12	/en/shop/market-reyonlari/eq-falcon-sld-eq12	True	True	https://equsto.com/en/login?mode=register&next=/en/shop/market-reyonlari/eq-falcon-sld-eq12	2026-08-25
P0_RECOVER_PRODUCT	RECOVER_308	"noindex" etiketi tarafından hariç tutuldu	noindex_login_wraps_product	308_login_next_to_product	high	en	shop_pdp	tezgah	7758-247c5-33	/en/shop/tezgah/7758-247c5-33	True	True	https://equsto.com/en/login?mode=register&next=/en/shop/tezgah/7758-247c5-33	2026-08-25
P0_RECOVER_PRODUCT	RECOVER_308	"noindex" etiketi tarafından hariç tutuldu	noindex_login_wraps_product	308_login_next_to_product	med	tr	shop_pdp	tezgah	pimak-12060-13	/shop/tezgah/7911-12060-13	True	True	https://equsto.com/login.html?next=/shop/tezgah/pimak-12060-13	2026-08-25
P0_RECOVER_PRODUCT	RECOVER_308	"noindex" etiketi tarafından hariç tutuldu	noindex_login_wraps_product	308_login_next_to_product	med	tr	shop_pdp	tezgah	pimak-12060-13	/shop/tezgah/7911-12060-13	True	True	https://equsto.com/login?next=/shop/tezgah/pimak-12060-13	2026-08-25
P0_RECOVER_PRODUCT	RECOVER_308	"noindex" etiketi tarafından hariç tutuldu	noindex_login_wraps_product	308_login_next_to_product	high	tr	shop_pdp	istif	ino-idk146	/shop/istif/ino-idk146	True	True	https://equsto.com/en/login?next=/shop/istif/ino-idk146	2026-08-25
P0_RECOVER_PRODUCT	RECOVER_308	"noindex" etiketi tarafından hariç tutuldu	noindex_login_wraps_product	308_login_next_to_product	high	en	shop_pdp	market-reyonlari	eq-lion-eq58	/en/shop/market-reyonlari/eq-lion-eq58	True	True	https://equsto.com/en/login?mode=register&next=/en/shop/market-reyonlari/eq-lion-eq58	2026-08-25
P0_RECOVER_PRODUCT	RECOVER_308	"noindex" etiketi tarafından hariç tutuldu	noindex_login_wraps_product	308_login_next_to_product	high	en	shop_pdp	tezgah	7911-16070-30	/en/shop/tezgah/7911-16070-30	True	True	https://equsto.com/en/login?mode=register&next=/en/shop/tezgah/7911-16070-30	2026-08-25
P0_RECOVER_PRODUCT	RECOVER_308	"noindex" etiketi tarafından hariç tutuldu	noindex_login_wraps_product	308_login_next_to_product	high	en	shop_pdp	market-reyonlari	eq-lion-eq31	/en/shop/market-reyonlari/eq-lion-eq31	True	True	https://equsto.com/en/login?mode=register&next=/en/shop/market-reyonlari/eq-lion-eq31	2026-08-25
P0_RECOVER_PRODUCT	RECOVER_308	"noindex" etiketi tarafından hariç tutuldu	noindex_login_wraps_product	308_login_next_to_product	high	en	shop_pdp	pisirme	7855-00400-02	/en/shop/pisirme/7855-00400-02	True	True	https://equsto.com/en/login?mode=register&next=/en/shop/pisirme/7855-00400-02	2026-08-25
P0_RECOVER_PRODUCT	RECOVER_308	"noindex" etiketi tarafından hariç tutuldu	noindex_login_wraps_product	308_login_next_to_product	high	en	shop_pdp	sogutma	pdm440l	/en/shop/sogutma/pdm440l	True	True	https://equsto.com/en/login?mode=register&next=/en/shop/sogutma/pdm440l	2026-08-25
P0_RECOVER_PRODUCT	RECOVER_308	"noindex" etiketi tarafından hariç tutuldu	noindex_login_wraps_product	308_login_next_to_product	high	en	shop_pdp	yikama	502710	/en/shop/yikama/502710	True	True	https://equsto.com/en/login?mode=register&next=/en/shop/yikama/502710	2026-08-25
P0_RECOVER_PRODUCT	RECOVER_308	"noindex" etiketi tarafından hariç tutuldu	noindex_login_wraps_product	308_login_next_to_product	high	en	shop_pdp	icecek	hot10-dnb	/en/shop/icecek/hot10-dnb	True	True	https://equsto.com/en/login?mode=register&next=/en/shop/icecek/hot10-dnb	2026-08-25
P0_RECOVER_PRODUCT	RECOVER_308	"noindex" etiketi tarafından hariç tutuldu	noindex_login_wraps_product	308_login_next_to_product	high	en	shop_pdp	pisirme	391545	/en/shop/pisirme/391545	True	True	https://equsto.com/en/login?mode=register&next=/en/shop/pisirme/391545	2026-08-25
P0_RECOVER_PRODUCT	RECOVER_308	"noindex" etiketi tarafından hariç tutuldu	noindex_login_wraps_product	308_login_next_to_product		en	shop_pdp	market-reyonlari	eq-sardunya-lm-eq19		True	False	https://equsto.com/en/login?mode=register&next=/en/shop/market-reyonlari/eq-sardunya-lm-eq19	2026-08-25
P0_RECOVER_PRODUCT	RECOVER_308	"noindex" etiketi tarafından hariç tutuldu	noindex_login_wraps_product	308_login_next_to_product		en	shop_pdp	market-reyonlari	eq-sardunya-gl-eq18		True	False	https://equsto.com/en/login?mode=register&next=/en/shop/market-reyonlari/eq-sardunya-gl-eq18	2026-08-25
P0_RECOVER_PRODUCT	RECOVER_308	"noindex" etiketi tarafından hariç tutuldu	noindex_login_wraps_product	308_login_next_to_product	high	en	shop_pdp	tezgah	7911-19080-22	/en/shop/tezgah/7911-19080-22	True	True	https://equsto.com/en/login?mode=register&next=/en/shop/tezgah/7911-19080-22	2026-08-25
P0_RECOVER_PRODUCT	RECOVER_308	"noindex" etiketi tarafından hariç tutuldu	noindex_login_wraps_product	308_login_next_to_product	high	en	shop_pdp	pisirme	7864-n1-40703-01	/en/shop/pisirme/7864-n1-40703-01	True	True	https://equsto.com/en/login?mode=register&next=/en/shop/pisirme/7864-n1-40703-01	2026-08-25
P0_RECOVER_PRODUCT	RECOVER_308	"noindex" etiketi tarafından hariç tutuldu	noindex_login_wraps_product	308_login_next_to_product	high	en	shop_pdp	set-ustu-mutfak	0311-14065-21	/en/shop/set-ustu-mutfak/0311-14065-21	True	True	https://equsto.com/en/login?mode=register&next=/en/shop/set-ustu-mutfak/0311-14065-21	2026-08-25
P0_RECOVER_PRODUCT	RECOVER_308	"noindex" etiketi tarafından hariç tutuldu	noindex_login_wraps_product	308_login_next_to_product	high	en	shop_pdp	tezgah	7758-186e8-23	/en/shop/tezgah/7758-186e8-23	True	True	https://equsto.com/en/login?mode=register&next=/en/shop/tezgah/7758-186e8-23	2026-08-25
P0_RECOVER_PRODUCT	RECOVER_308	"noindex" etiketi tarafından hariç tutuldu	noindex_login_wraps_product	308_login_next_to_product	high	en	shop_pdp	tezgah	eq-ktevdt01-12070	/en/shop/tezgah/eq-ktevdt01-12070	True	True	https://equsto.com/en/login?mode=register&next=/en/shop/tezgah/eq-ktevdt01-12070	2026-08-25
P0_RECOVER_PRODUCT	RECOVER_308	"noindex" etiketi tarafından hariç tutuldu	noindex_login_wraps_product	308_login_next_to_product	high	en	shop_pdp	tezgah	eq-ktevdt01-14070	/en/shop/tezgah/eq-ktevdt01-14070	True	True	https://equsto.com/en/login?mode=register&next=/en/shop/tezgah/eq-ktevdt01-14070	2026-08-25
P0_RECOVER_PRODUCT	RECOVER_308	"noindex" etiketi tarafından hariç tutuldu	noindex_login_wraps_product	308_login_next_to_product		en	shop_pdp	market-reyonlari	eq-nergis-tp-eq25		True	False	https://equsto.com/en/login?mode=register&next=/en/shop/market-reyonlari/eq-nergis-tp-eq25	2026-08-25
P0_RECOVER_PRODUCT	RECOVER_308	"noindex" etiketi tarafından hariç tutuldu	noindex_login_wraps_product	308_login_next_to_product	high	en	shop_pdp	pisirme	ino-9de08	/en/shop/pisirme/ino-9de08	True	True	https://equsto.com/en/login?mode=register&next=/en/shop/pisirme/ino-9de08	2026-08-25
P0_RECOVER_PRODUCT	RECOVER_308	"noindex" etiketi tarafından hariç tutuldu	noindex_login_wraps_product	308_login_next_to_product	high	en	shop_pdp	pisirme	asbm-03	/en/shop/pisirme/asbm-03	True	True	https://equsto.com/en/login?mode=register&next=/en/shop/pisirme/asbm-03	2026-08-25
P0_RECOVER_PRODUCT	RECOVER_308	"noindex" etiketi tarafından hariç tutuldu	noindex_login_wraps_product	308_login_next_to_product	high	en	shop_pdp	set-ustu-mutfak	0311-21020-21	/en/shop/set-ustu-mutfak/0311-21020-21	True	True	https://equsto.com/en/login?mode=register&next=/en/shop/set-ustu-mutfak/0311-21020-21	2026-08-25
P0_RECOVER_PRODUCT	RECOVER_308	"noindex" etiketi tarafından hariç tutuldu	noindex_login_wraps_product	308_login_next_to_product	high	en	shop_pdp	tezgah	7758-167c5-21	/en/shop/tezgah/7758-167c5-21	True	True	https://equsto.com/en/login?mode=register&next=/en/shop/tezgah/7758-167c5-21	2026-08-25
P0_RECOVER_PRODUCT	RECOVER_308	"noindex" etiketi tarafından hariç tutuldu	noindex_login_wraps_product	308_login_next_to_product	high	en	shop_pdp	dolap	7911-12070-08	/en/shop/tezgah/7911-12070-08	True	True	https://equsto.com/en/login?mode=register&next=/en/shop/dolap/7911-12070-08	2026-08-25
P0_RECOVER_PRODUCT	RECOVER_308	"noindex" etiketi tarafından hariç tutuldu	noindex_login_wraps_product	308_login_next_to_product	high	en	shop_pdp	tezgah	7758-156a5-25	/en/shop/tezgah/7758-156a5-25	True	True	https://equsto.com/en/login?mode=register&next=/en/shop/tezgah/7758-156a5-25	2026-08-25
P0_RECOVER_PRODUCT	RECOVER_308	"noindex" etiketi tarafından hariç tutuldu	noindex_login_wraps_product	308_login_next_to_product	high	en	shop_pdp	icecek	m10-ai	/en/shop/icecek/m10-ai	True	True	https://equsto.com/en/login?mode=register&next=/en/shop/icecek/m10-ai	2026-08-25
P0_RECOVER_PRODUCT	RECOVER_308	"noindex" etiketi tarafından hariç tutuldu	noindex_login_wraps_product	308_login_next_to_product	high	en	shop_pdp	pisirme	ino-pde303e	/en/shop/pisirme/ino-pde303e	True	True	https://equsto.com/en/login?mode=register&next=/en/shop/pisirme/ino-pde303e	2026-08-25
P0_RECOVER_PRODUCT	RECOVER_308	"noindex" etiketi tarafından hariç tutuldu	noindex_login_wraps_product	308_login_next_to_product	high	en	shop_pdp	sogutma	710019	/en/shop/sogutma/710019	True	True	https://equsto.com/en/login?mode=register&next=/en/shop/sogutma/710019	2026-08-25
P0_RECOVER_PRODUCT	RECOVER_308	"noindex" etiketi tarafından hariç tutuldu	noindex_login_wraps_product	308_login_next_to_product	high	en	shop_pdp	tezgah	ino-krn240c	/en/shop/tezgah/ino-krn240c	True	True	https://equsto.com/en/login?mode=register&next=/en/shop/tezgah/ino-krn240c	2026-08-25
P0_RECOVER_PRODUCT	RECOVER_308	"noindex" etiketi tarafından hariç tutuldu	noindex_login_wraps_product	308_login_next_to_product	high	en	shop_pdp	tezgah	7758-167c8-25	/en/shop/tezgah/7758-167c8-25	True	True	https://equsto.com/en/login?mode=register&next=/en/shop/tezgah/7758-167c8-25	2026-08-25
P0_RECOVER_PRODUCT	RECOVER_308	"noindex" etiketi tarafından hariç tutuldu	noindex_login_wraps_product	308_login_next_to_product	high	en	shop_pdp	pisirme	ast-47	/en/shop/pisirme/ast-47	True	True	https://equsto.com/en/login?mode=register&next=/en/shop/pisirme/ast-47	2026-08-25
P0_RECOVER_PRODUCT	RECOVER_308	"noindex" etiketi tarafından hariç tutuldu	noindex_login_wraps_product	308_login_next_to_product	high	en	shop_pdp	pisirme	pi4-m013b	/en/shop/pisirme/pi4-m013b	True	True	https://equsto.com/en/login?mode=register&next=/en/shop/pisirme/pi4-m013b	2026-08-25
P0_RECOVER_PRODUCT	RECOVER_308	"noindex" etiketi tarafından hariç tutuldu	noindex_login_wraps_product	308_login_next_to_product		en	shop_pdp	market-reyonlari	eq-yasemin-cl-eq4		True	False	https://equsto.com/en/login?mode=register&next=/en/shop/market-reyonlari/eq-yasemin-cl-eq4	2026-08-25
P0_RECOVER_PRODUCT	RECOVER_308	"noindex" etiketi tarafından hariç tutuldu	noindex_login_wraps_product	308_login_next_to_product	high	en	shop_pdp	pisirme	7865-n1-40903-20	/en/shop/pisirme/7865-n1-40903-20	True	True	https://equsto.com/en/login?mode=register&next=/en/shop/pisirme/7865-n1-40903-20	2026-08-25
P0_RECOVER_PRODUCT	RECOVER_308	"noindex" etiketi tarafından hariç tutuldu	noindex_login_wraps_product	308_login_next_to_product	high	en	shop_pdp	tezgah	7911-16060-82	/en/shop/tezgah/7911-16060-82	True	True	https://equsto.com/en/login?mode=register&next=/en/shop/tezgah/7911-16060-82	2026-08-25
P0_RECOVER_PRODUCT	RECOVER_308	"noindex" etiketi tarafından hariç tutuldu	noindex_login_wraps_product	308_login_next_to_product	high	en	shop_pdp	pisirme	ino-zco-9fe20s-s	/en/shop/pisirme/ino-zco-9fe20s-s	True	True	https://equsto.com/en/login?mode=register&next=/en/shop/pisirme/ino-zco-9fe20s-s	2026-08-25
P0_RECOVER_PRODUCT	RECOVER_308	"noindex" etiketi tarafından hariç tutuldu	noindex_login_wraps_product	308_login_next_to_product	high	en	shop_pdp	pisirme	dkfg40	/en/shop/pisirme/dkfg40	True	True	https://equsto.com/en/login?mode=register&next=/en/shop/pisirme/dkfg40	2026-08-25
P0_RECOVER_PRODUCT	RECOVER_308	"noindex" etiketi tarafından hariç tutuldu	noindex_login_wraps_product	308_login_next_to_product		en	shop_pdp	market-reyonlari	eq-nergis-lb-fg-sky-eq35		True	False	https://equsto.com/en/login?mode=register&next=/en/shop/market-reyonlari/eq-nergis-lb-fg-sky-eq35	2026-08-25
P0_RECOVER_PRODUCT	RECOVER_308	"noindex" etiketi tarafından hariç tutuldu	noindex_login_wraps_product	308_login_next_to_product	high	en	shop_pdp	tezgah	7758-196e8-21	/en/shop/tezgah/7758-196e8-21	True	True	https://equsto.com/en/login?mode=register&next=/en/shop/tezgah/7758-196e8-21	2026-08-25
P0_RECOVER_PRODUCT	RECOVER_308	"noindex" etiketi tarafından hariç tutuldu	noindex_login_wraps_product	308_login_next_to_product	high	en	shop_pdp	tezgah	7758-146a5-25	/en/shop/tezgah/7758-146a5-25	True	True	https://equsto.com/en/login?mode=register&next=/en/shop/tezgah/7758-146a5-25	2026-08-25
P0_RECOVER_PRODUCT	RECOVER_308	"noindex" etiketi tarafından hariç tutuldu	noindex_login_wraps_product	308_login_next_to_product	high	en	shop_pdp	icecek	8573-cde2s	/en/shop/icecek/8573-cde2s	True	True	https://equsto.com/en/login?mode=register&next=/en/shop/icecek/8573-cde2s	2026-08-25
P0_RECOVER_PRODUCT	RECOVER_308	"noindex" etiketi tarafından hariç tutuldu	noindex_login_wraps_product	308_login_next_to_product	high	en	shop_pdp	tezgah	7754-157b8-25	/en/shop/tezgah/7754-157b8-25	True	True	https://equsto.com/en/login?mode=register&next=/en/shop/tezgah/7754-157b8-25	2026-08-25
P0_RECOVER_PRODUCT	RECOVER_308	"noindex" etiketi tarafından hariç tutuldu	noindex_login_wraps_product	308_login_next_to_product	high	en	shop_pdp	pisirme	aef-470	/en/shop/pisirme/aef-470	True	True	https://equsto.com/en/login?mode=register&next=/en/shop/pisirme/aef-470	2026-08-25
P0_RECOVER_PRODUCT	RECOVER_308	"noindex" etiketi tarafından hariç tutuldu	noindex_login_wraps_product	308_login_next_to_product	high	en	shop_pdp	pisirme	npicco78-1	/en/shop/pisirme/npicco78-1	True	True	https://equsto.com/en/login?mode=register&next=/en/shop/pisirme/npicco78-1	2026-08-25
P0_RECOVER_PRODUCT	RECOVER_308	"noindex" etiketi tarafından hariç tutuldu	noindex_login_wraps_product	308_login_next_to_product	high	en	shop_pdp	tezgah	7911-12060-31p	/en/shop/tezgah/7911-12060-31p	True	True	https://equsto.com/en/login?mode=register&next=/en/shop/tezgah/7911-12060-31p	2026-08-25
P0_RECOVER_PRODUCT	RECOVER_308	"noindex" etiketi tarafından hariç tutuldu	noindex_login_wraps_product	308_login_next_to_product	high	en	shop_pdp	icecek	118-80lk-as	/en/shop/icecek/118-80lk-as	True	True	https://equsto.com/en/login?mode=register&next=/en/shop/icecek/118-80lk-as	2026-08-25
P0_RECOVER_PRODUCT	RECOVER_308	"noindex" etiketi tarafından hariç tutuldu	noindex_login_wraps_product	308_login_next_to_product	high	en	shop_pdp	tezgah	7911-16070-31p	/en/shop/tezgah/7911-16070-31p	True	True	https://equsto.com/en/login?mode=register&next=/en/shop/tezgah/7911-16070-31p	2026-08-24
P0_RECOVER_PRODUCT	RECOVER_308	"noindex" etiketi tarafından hariç tutuldu	noindex_login_wraps_product	308_login_next_to_product	high	en	shop_pdp	hazirlik	8823-0ha60-00	/en/shop/hazirlik/8823-0ha60-00	True	True	https://equsto.com/en/login?mode=register&next=/en/shop/hazirlik/8823-0ha60-00	2026-08-24
P0_RECOVER_PRODUCT	RECOVER_308	"noindex" etiketi tarafından hariç tutuldu	noindex_login_wraps_product	308_login_next_to_product	high	en	shop_pdp	pisirme	ino-9og10w	/en/shop/pisirme/ino-9og10w	True	True	https://equsto.com/en/login?next=/en/shop/pisirme/ino-9og10w	2026-08-24
P0_RECOVER_PRODUCT	RECOVER_308	"noindex" etiketi tarafından hariç tutuldu	noindex_login_wraps_product	308_login_next_to_product	high	en	shop_pdp	tezgah	7754-146a8-25	/en/shop/tezgah/7754-146a8-25	True	True	https://equsto.com/en/login?mode=register&next=/en/shop/tezgah/7754-146a8-25	2026-08-24
P0_RECOVER_PRODUCT	RECOVER_308	"noindex" etiketi tarafından hariç tutuldu	noindex_login_wraps_product	308_login_next_to_product	high	en	shop_pdp	tezgah	7754-246e8-33	/en/shop/tezgah/7754-246e8-33	True	True	https://equsto.com/en/login?mode=register&next=/en/shop/tezgah/7754-246e8-33	2026-08-24
P0_RECOVER_PRODUCT	RECOVER_308	"noindex" etiketi tarafından hariç tutuldu	noindex_login_wraps_product	308_login_next_to_product	high	en	shop_pdp	pisirme	8890-md800-02	/en/shop/pisirme/8890-md800-02	True	True	https://equsto.com/en/login?mode=register&next=/en/shop/pisirme/8890-md800-02	2026-08-24
P0_RECOVER_PRODUCT	RECOVER_308	"noindex" etiketi tarafından hariç tutuldu	noindex_login_wraps_product	308_login_next_to_product		en	shop_pdp	market-reyonlari	eq-lale-eq8		True	False	https://equsto.com/en/login?next=/en/shop/market-reyonlari/eq-lale-eq8	2026-08-24
P0_RECOVER_PRODUCT	RECOVER_308	"noindex" etiketi tarafından hariç tutuldu	noindex_login_wraps_product	308_login_next_to_product	high	en	shop_pdp	tezgah	7911-19070-04a	/en/shop/tezgah/7911-19070-04a	True	True	https://equsto.com/en/login?mode=register&next=/en/shop/tezgah/7911-19070-04a	2026-08-24
P0_RECOVER_PRODUCT	RECOVER_308	"noindex" etiketi tarafından hariç tutuldu	noindex_login_wraps_product	308_login_next_to_product	high	en	shop_pdp	tezgah	7911-14070-44	/en/shop/tezgah/7911-14070-44	True	True	https://equsto.com/en/login?mode=register&next=/en/shop/tezgah/7911-14070-44	2026-08-24
P0_RECOVER_PRODUCT	RECOVER_308	"noindex" etiketi tarafından hariç tutuldu	noindex_login_wraps_product	308_login_next_to_product	high	en	shop_pdp	sogutma	118-wn385	/en/shop/sogutma/118-wn385	True	True	https://equsto.com/en/login?mode=register&next=/en/shop/sogutma/118-wn385	2026-08-24
P0_RECOVER_PRODUCT	RECOVER_308	"noindex" etiketi tarafından hariç tutuldu	noindex_login_wraps_product	308_login_next_to_product	high	en	shop_pdp	tezgah	7758-196a8-33	/en/shop/tezgah/7758-196a8-33	True	True	https://equsto.com/en/login?mode=register&next=/en/shop/tezgah/7758-196a8-33	2026-08-24
P0_RECOVER_PRODUCT	RECOVER_308	"noindex" etiketi tarafından hariç tutuldu	noindex_login_wraps_product	308_login_next_to_product	high	en	shop_pdp	tezgah	7911-12070-83	/en/shop/tezgah/7911-12070-83	True	True	https://equsto.com/en/login?mode=register&next=/en/shop/tezgah/7911-12070-83	2026-08-24
P0_RECOVER_PRODUCT	RECOVER_308	"noindex" etiketi tarafından hariç tutuldu	noindex_login_wraps_product	308_login_next_to_product	high	en	shop_pdp	pisirme	adte-1290	/en/shop/pisirme/adte-1290	True	True	https://equsto.com/en/login?mode=register&next=/en/shop/pisirme/adte-1290	2026-08-24
P0_RECOVER_PRODUCT	RECOVER_308	"noindex" etiketi tarafından hariç tutuldu	noindex_login_wraps_product	308_login_next_to_product	high	en	shop_pdp	pisirme	ino-zco-7ie11	/en/shop/pisirme/ino-zco-7ie11	True	True	https://equsto.com/en/login?mode=register&next=/en/shop/pisirme/ino-zco-7ie11	2026-08-24
P0_RECOVER_PRODUCT	RECOVER_308	"noindex" etiketi tarafından hariç tutuldu	noindex_login_wraps_product	308_login_next_to_product	high	en	shop_pdp	tezgah	7910-19040-01	/en/shop/tezgah/7910-19040-01	True	True	https://equsto.com/en/login?mode=register&next=/en/shop/tezgah/7910-19040-01	2026-08-24
P0_RECOVER_PRODUCT	RECOVER_308	"noindex" etiketi tarafından hariç tutuldu	noindex_login_wraps_product	308_login_next_to_product	high	en	shop_pdp	tezgah	eq-kmertt01-14070	/en/shop/tezgah/eq-kmertt01-14070	True	True	https://equsto.com/en/login?mode=register&next=/en/shop/tezgah/eq-kmertt01-14070	2026-08-24
P0_RECOVER_PRODUCT	RECOVER_308	"noindex" etiketi tarafından hariç tutuldu	noindex_login_wraps_product	308_login_next_to_product	high	en	shop_pdp	tezgah	7754-196e5-35	/en/shop/tezgah/7754-196e5-35	True	True	https://equsto.com/en/login?mode=register&next=/en/shop/tezgah/7754-196e5-35	2026-08-24
P0_RECOVER_PRODUCT	RECOVER_308	"noindex" etiketi tarafından hariç tutuldu	noindex_login_wraps_product	308_login_next_to_product	high	en	shop_pdp	pisirme	spr20-3	/en/shop/pisirme/spr20-3	True	True	https://equsto.com/en/login?mode=register&next=/en/shop/pisirme/spr20-3	2026-08-24
P0_RECOVER_PRODUCT	RECOVER_308	"noindex" etiketi tarafından hariç tutuldu	noindex_login_wraps_product	308_login_next_to_product	high	en	shop_pdp	icecek	118-srb-15x2	/en/shop/icecek/118-srb-15x2	True	True	https://equsto.com/en/login?mode=register&next=/en/shop/icecek/118-srb-15x2	2026-08-24
P0_RECOVER_PRODUCT	RECOVER_308	"noindex" etiketi tarafından hariç tutuldu	noindex_login_wraps_product	308_login_next_to_product	high	en	shop_pdp	pisirme	7959-05070-00	/en/shop/pisirme/7959-05070-00	True	True	https://equsto.com/en/login?mode=register&next=/en/shop/pisirme/7959-05070-00	2026-08-24
P0_RECOVER_PRODUCT	RECOVER_308	"noindex" etiketi tarafından hariç tutuldu	noindex_login_wraps_product	308_login_next_to_product	high	en	shop_pdp	tezgah	7754-166a8-25	/en/shop/tezgah/7754-166a8-25	True	True	https://equsto.com/en/login?mode=register&next=/en/shop/tezgah/7754-166a8-25	2026-08-24
P0_RECOVER_PRODUCT	RECOVER_308	"noindex" etiketi tarafından hariç tutuldu	noindex_login_wraps_product	308_login_next_to_product	high	en	shop_pdp	tezgah	7754-147cb-15	/en/shop/tezgah/7754-147cb-15	True	True	https://equsto.com/en/login?mode=register&next=/en/shop/tezgah/7754-147cb-15	2026-08-24
P0_RECOVER_PRODUCT	RECOVER_308	"noindex" etiketi tarafından hariç tutuldu	noindex_login_wraps_product	308_login_next_to_product	high	en	shop_pdp	tezgah	7911-14060-44	/en/shop/tezgah/7911-14060-44	True	True	https://equsto.com/en/login?mode=register&next=/en/shop/tezgah/7911-14060-44	2026-08-24
P0_RECOVER_PRODUCT	RECOVER_308	"noindex" etiketi tarafından hariç tutuldu	noindex_login_wraps_product	308_login_next_to_product	high	en	shop_pdp	tezgah	7754-247c8-33	/en/shop/tezgah/7754-247c8-33	True	True	https://equsto.com/en/login?mode=register&next=/en/shop/tezgah/7754-247c8-33	2026-08-24
P0_RECOVER_PRODUCT	RECOVER_308	"noindex" etiketi tarafından hariç tutuldu	noindex_login_wraps_product	308_login_next_to_product	high	en	shop_pdp	tezgah	7911-10060-94	/en/shop/tezgah/7911-10060-94	True	True	https://equsto.com/en/login?mode=register&next=/en/shop/tezgah/7911-10060-94	2026-08-24
P0_RECOVER_PRODUCT	RECOVER_308	"noindex" etiketi tarafından hariç tutuldu	noindex_login_wraps_product	308_login_next_to_product	high	en	shop_pdp	davlumbaz	7885-50205-14	/en/shop/davlumbaz/7885-50205-14	True	True	https://equsto.com/en/login?mode=register&next=/en/shop/davlumbaz/7885-50205-14	2026-08-24
P0_RECOVER_PRODUCT	RECOVER_308	"noindex" etiketi tarafından hariç tutuldu	noindex_login_wraps_product	308_login_next_to_product	high	en	shop_pdp	icecek	251-1280k	/en/shop/icecek/251-1280k	True	True	https://equsto.com/en/login?mode=register&next=/en/shop/icecek/251-1280k	2026-08-24
P0_RECOVER_PRODUCT	RECOVER_308	"noindex" etiketi tarafından hariç tutuldu	noindex_login_wraps_product	308_login_next_to_product	high	en	shop_pdp	tasima	7911-06060-12k	/en/shop/tasima/7911-06060-12k	True	False	https://equsto.com/en/login?mode=register&next=/en/shop/tasima/7911-06060-12k	2026-08-24
P0_RECOVER_PRODUCT	RECOVER_308	"noindex" etiketi tarafından hariç tutuldu	noindex_login_wraps_product	308_login_next_to_product	high	en	shop_pdp	yikama	0753-03436-08	/en/shop/yikama/0753-03436-08	True	True	https://equsto.com/en/login?mode=register&next=/en/shop/yikama/0753-03436-08	2026-08-24
P0_RECOVER_PRODUCT	RECOVER_308	"noindex" etiketi tarafından hariç tutuldu	noindex_login_wraps_product	308_login_next_to_product	high	en	shop_pdp	pisirme	ata-5365-15	/en/shop/pisirme/ata-5365-15	True	True	https://equsto.com/en/login?mode=register&next=/en/shop/pisirme/ata-5365-15	2026-08-24
P0_RECOVER_PRODUCT	RECOVER_308	"noindex" etiketi tarafından hariç tutuldu	noindex_login_wraps_product	308_login_next_to_product	high	en	shop_pdp	tezgah	7758-186e5-25	/en/shop/tezgah/7758-186e5-25	True	True	https://equsto.com/en/login?mode=register&next=/en/shop/tezgah/7758-186e5-25	2026-08-24
P0_RECOVER_PRODUCT	RECOVER_308	"noindex" etiketi tarafından hariç tutuldu	noindex_login_wraps_product	308_login_next_to_product	high	en	shop_pdp	yikama	7711-07075-12	/en/shop/yikama/7711-07075-12	True	True	https://equsto.com/en/login?mode=register&next=/en/shop/yikama/7711-07075-12	2026-08-24
P0_RECOVER_PRODUCT	RECOVER_308	"noindex" etiketi tarafından hariç tutuldu	noindex_login_wraps_product	308_login_next_to_product	high	en	shop_pdp	tezgah	7897-14030-02	/en/shop/tezgah/7897-14030-02	True	True	https://equsto.com/en/login?mode=register&next=/en/shop/tezgah/7897-14030-02	2026-08-24
P0_RECOVER_PRODUCT	RECOVER_308	"noindex" etiketi tarafından hariç tutuldu	noindex_login_wraps_product	308_login_next_to_product	high	en	shop_pdp	pisirme	7961-07429-5y4	/en/shop/yikama/7961-07429-5y4	True	True	https://equsto.com/en/login?mode=register&next=/en/shop/pisirme/7961-07429-5y4	2026-08-24
P0_RECOVER_PRODUCT	RECOVER_308	"noindex" etiketi tarafından hariç tutuldu	noindex_login_wraps_product	308_login_next_to_product	high	en	shop_pdp	tezgah	7758-146a5-21	/en/shop/tezgah/7758-146a5-21	True	True	https://equsto.com/en/login?mode=register&next=/en/shop/tezgah/7758-146a5-21	2026-08-24
P0_RECOVER_PRODUCT	RECOVER_308	"noindex" etiketi tarafından hariç tutuldu	noindex_login_wraps_product	308_login_next_to_product	high	en	shop_pdp	tezgah	7758-166a5-35	/en/shop/tezgah/7758-166a5-35	True	True	https://equsto.com/en/login?mode=register&next=/en/shop/tezgah/7758-166a5-35	2026-08-24
P0_RECOVER_PRODUCT	RECOVER_308	"noindex" etiketi tarafından hariç tutuldu	noindex_login_wraps_product	308_login_next_to_product	high	en	shop_pdp	istif	53-x-152-x-183-304l	/en/shop/istif/53-x-152-x-183-304l	True	True	https://equsto.com/en/login?mode=register&next=/en/shop/istif/53-x-152-x-183-304l	2026-08-24
P0_RECOVER_PRODUCT	RECOVER_308	"noindex" etiketi tarafından hariç tutuldu	noindex_login_wraps_product	308_login_next_to_product	high	en	shop_pdp	market-reyonlari	eq-tiger-cg-eq7	/en/shop/market-reyonlari/eq-tiger-cg-eq7	True	True	https://equsto.com/en/login?mode=register&next=/en/shop/market-reyonlari/eq-tiger-cg-eq7	2026-08-24
P0_RECOVER_PRODUCT	RECOVER_308	"noindex" etiketi tarafından hariç tutuldu	noindex_login_wraps_product	308_login_next_to_product	high	en	shop_pdp	market-reyonlari	eq-leopard-eq1	/en/shop/market-reyonlari/eq-leopard-eq1	True	True	https://equsto.com/en/login?mode=register&next=/en/shop/market-reyonlari/eq-leopard-eq1	2026-08-24
P0_RECOVER_PRODUCT	RECOVER_308	"noindex" etiketi tarafından hariç tutuldu	noindex_login_wraps_product	308_login_next_to_product	high	en	shop_pdp	pisirme	ade-3s	/en/shop/pisirme/ade-3s	True	True	https://equsto.com/en/login?mode=register&next=/en/shop/pisirme/ade-3s	2026-08-24
P0_RECOVER_PRODUCT	RECOVER_308	"noindex" etiketi tarafından hariç tutuldu	noindex_login_wraps_product	308_login_next_to_product	high	en	shop_pdp	set-ustu-mutfak	0420-06341-01	/en/shop/set-ustu-mutfak/0420-06341-01	True	True	https://equsto.com/en/login?mode=register&next=/en/shop/set-ustu-mutfak/0420-06341-01	2026-08-24
P0_RECOVER_PRODUCT	RECOVER_308	"noindex" etiketi tarafından hariç tutuldu	noindex_login_wraps_product	308_login_next_to_product	high	en	shop_pdp	pisirme	aktg-1000	/en/shop/pisirme/aktg-1000	True	True	https://equsto.com/en/login?mode=register&next=/en/shop/pisirme/aktg-1000	2026-08-24
P0_RECOVER_PRODUCT	RECOVER_308	"noindex" etiketi tarafından hariç tutuldu	noindex_login_wraps_product	308_login_next_to_product	high	en	shop_pdp	tezgah	eq-kct01-14070	/en/shop/tezgah/eq-kct01-14070	True	True	https://equsto.com/en/login?mode=register&next=/en/shop/tezgah/eq-kct01-14070	2026-08-24
P0_RECOVER_PRODUCT	RECOVER_308	"noindex" etiketi tarafından hariç tutuldu	noindex_login_wraps_product	308_login_next_to_product	high	en	shop_pdp	market-reyonlari	eq-falcon-eq100	/en/shop/market-reyonlari/eq-falcon-eq100	True	True	https://equsto.com/en/login?mode=register&next=/en/shop/market-reyonlari/eq-falcon-eq100	2026-08-24
P0_RECOVER_PRODUCT	RECOVER_308	"noindex" etiketi tarafından hariç tutuldu	noindex_login_wraps_product	308_login_next_to_product	high	en	shop_pdp	dolap	7754-196e5-35	/en/shop/tezgah/7754-196e5-35	True	True	https://equsto.com/en/login?mode=register&next=/en/shop/dolap/7754-196e5-35	2026-08-24
P0_RECOVER_PRODUCT	RECOVER_308	"noindex" etiketi tarafından hariç tutuldu	noindex_login_wraps_product	308_login_next_to_product		en	shop_pdp	market-reyonlari	eq-lale-eq30		True	False	https://equsto.com/en/login?mode=register&next=/en/shop/market-reyonlari/eq-lale-eq30	2026-08-24
P0_RECOVER_PRODUCT	RECOVER_308	"noindex" etiketi tarafından hariç tutuldu	noindex_login_wraps_product	308_login_next_to_product	high	en	shop_pdp	pisirme	7960-11829-1y1	/en/shop/yikama/7960-11829-1y1	True	True	https://equsto.com/en/login?mode=register&next=/en/shop/pisirme/7960-11829-1y1	2026-08-24
P0_RECOVER_PRODUCT	RECOVER_308	"noindex" etiketi tarafından hariç tutuldu	noindex_login_wraps_product	308_login_next_to_product	high	en	shop_pdp	tezgah	7758-156a8-25	/en/shop/tezgah/7758-156a8-25	True	True	https://equsto.com/en/login?mode=register&next=/en/shop/tezgah/7758-156a8-25	2026-08-24
P0_RECOVER_PRODUCT	RECOVER_308	"noindex" etiketi tarafından hariç tutuldu	noindex_login_wraps_product	308_login_next_to_product	high	en	shop_pdp	pisirme	371119	/en/shop/pisirme/371119	True	True	https://equsto.com/en/login?mode=register&next=/en/shop/pisirme/371119	2026-08-24
P0_RECOVER_PRODUCT	RECOVER_308	"noindex" etiketi tarafından hariç tutuldu	noindex_login_wraps_product	308_login_next_to_product	high	en	shop_pdp	tezgah	7911-12060-23	/en/shop/tezgah/7911-12060-23	True	True	https://equsto.com/en/login?mode=register&next=/en/shop/tezgah/7911-12060-23	2026-08-24
P0_RECOVER_PRODUCT	RECOVER_308	"noindex" etiketi tarafından hariç tutuldu	noindex_login_wraps_product	308_login_next_to_product		en	shop_pdp	marka	electrolux		True	False	https://equsto.com/en/login?mode=register&next=/en/shop/marka/electrolux	2026-08-24
P0_RECOVER_PRODUCT	RECOVER_308	"noindex" etiketi tarafından hariç tutuldu	noindex_login_wraps_product	308_login_next_to_product		en	shop_pdp	market-reyonlari	eq-nergis-lm-eq26		True	False	https://equsto.com/en/login?mode=register&next=/en/shop/market-reyonlari/eq-nergis-lm-eq26	2026-08-24
P0_RECOVER_PRODUCT	RECOVER_308	"noindex" etiketi tarafından hariç tutuldu	noindex_login_wraps_product	308_login_next_to_product	high	en	shop_pdp	tezgah	7911-12060-79	/en/shop/tezgah/7911-12060-79	True	True	https://equsto.com/en/login?mode=register&next=/en/shop/tezgah/7911-12060-79	2026-08-24
P0_RECOVER_PRODUCT	RECOVER_308	"noindex" etiketi tarafından hariç tutuldu	noindex_login_wraps_product	308_login_next_to_product	high	en	shop_pdp	hazirlik	2810-00010-31	/en/shop/hazirlik/2810-00010-31	True	True	https://equsto.com/en/login?mode=register&next=/en/shop/hazirlik/2810-00010-31	2026-08-24
P0_RECOVER_PRODUCT	RECOVER_308	"noindex" etiketi tarafından hariç tutuldu	noindex_login_wraps_product	308_login_next_to_product	high	en	shop_pdp	market-reyonlari	eq-lion-eq62	/en/shop/market-reyonlari/eq-lion-eq62	True	True	https://equsto.com/en/login?mode=register&next=/en/shop/market-reyonlari/eq-lion-eq62	2026-08-24
P0_RECOVER_PRODUCT	RECOVER_308	"noindex" etiketi tarafından hariç tutuldu	noindex_login_wraps_product	308_login_next_to_product	high	en	shop_pdp	set-ustu-mutfak	0312-00016-10	/en/shop/set-ustu-mutfak/0312-00016-10	True	True	https://equsto.com/en/login?mode=register&next=/en/shop/set-ustu-mutfak/0312-00016-10	2026-08-24
P0_RECOVER_PRODUCT	RECOVER_308	"noindex" etiketi tarafından hariç tutuldu	noindex_login_wraps_product	308_login_next_to_product	high	en	shop_pdp	istif	8897-30dp4-07	/en/shop/istif/8897-30dp4-07	True	True	https://equsto.com/en/login?mode=register&next=/en/shop/istif/8897-30dp4-07	2026-08-24
P0_RECOVER_PRODUCT	RECOVER_308	"noindex" etiketi tarafından hariç tutuldu	noindex_login_wraps_product	308_login_next_to_product	high	en	shop_pdp	hazirlik	bkm-32e-eco	/en/shop/hazirlik/bkm-32e-eco	True	True	https://equsto.com/en/login?mode=register&next=/en/shop/hazirlik/bkm-32e-eco	2026-08-24
P0_RECOVER_PRODUCT	RECOVER_308	"noindex" etiketi tarafından hariç tutuldu	noindex_login_wraps_product	308_login_next_to_product		en	shop_pdp	market-reyonlari	eq-lotus-eq63		True	False	https://equsto.com/en/login?mode=register&next=/en/shop/market-reyonlari/eq-lotus-eq63	2026-08-24
P0_RECOVER_PRODUCT	RECOVER_308	"noindex" etiketi tarafından hariç tutuldu	noindex_login_wraps_product	308_login_next_to_product	high	en	shop_pdp	yikama	7758-126ab-11	/en/shop/yikama/7758-126ab-11	True	True	https://equsto.com/en/login?mode=register&next=/en/shop/yikama/7758-126ab-11	2026-08-24
P0_RECOVER_PRODUCT	RECOVER_308	"noindex" etiketi tarafından hariç tutuldu	noindex_login_wraps_product	308_login_next_to_product	high	en	shop_pdp	pisirme	9890-x0511-e1	/en/shop/pisirme/9890-x0511-e1	True	True	https://equsto.com/en/login?mode=register&next=/en/shop/pisirme/9890-x0511-e1	2026-08-24
P0_RECOVER_PRODUCT	RECOVER_308	"noindex" etiketi tarafından hariç tutuldu	noindex_login_wraps_product	308_login_next_to_product	high	en	shop_pdp	pisirme	391152	/en/shop/pisirme/391152	True	True	https://equsto.com/en/login?mode=register&next=/en/shop/pisirme/391152	2026-08-24
P0_RECOVER_PRODUCT	RECOVER_308	"noindex" etiketi tarafından hariç tutuldu	noindex_login_wraps_product	308_login_next_to_product	high	en	shop_pdp	pisirme	ali-470	/en/shop/pisirme/ali-470	True	True	https://equsto.com/en/login?mode=register&next=/en/shop/pisirme/ali-470	2026-08-24
P0_RECOVER_PRODUCT	RECOVER_308	"noindex" etiketi tarafından hariç tutuldu	noindex_login_wraps_product	308_login_next_to_product	high	en	shop_pdp	set-ustu-mutfak	8350-31602-0s	/en/shop/set-ustu-mutfak/8350-31602-0s	True	True	https://equsto.com/en/login?mode=register&next=/en/shop/set-ustu-mutfak/8350-31602-0s	2026-08-24
P0_RECOVER_PRODUCT	RECOVER_308	"noindex" etiketi tarafından hariç tutuldu	noindex_login_wraps_product	308_login_next_to_product	high	en	shop_pdp	istif	61-x-91-x-183-201	/en/shop/istif/61-x-91-x-183-201	True	True	https://equsto.com/en/login?mode=register&next=/en/shop/istif/61-x-91-x-183-201	2026-08-24
P0_RECOVER_PRODUCT	RECOVER_308	"noindex" etiketi tarafından hariç tutuldu	noindex_login_wraps_product	308_login_next_to_product	high	en	shop_pdp	pisirme	npicco24-1	/en/shop/pisirme/npicco24-1	True	True	https://equsto.com/en/login?mode=register&next=/en/shop/pisirme/npicco24-1	2026-08-24
P0_RECOVER_PRODUCT	RECOVER_308	"noindex" etiketi tarafından hariç tutuldu	noindex_login_wraps_product	308_login_next_to_product	high	en	shop_pdp	pisirme	ino-9be10	/en/shop/pisirme/ino-9be10	True	True	https://equsto.com/en/login?mode=register&next=/en/shop/pisirme/ino-9be10	2026-08-24
P0_RECOVER_PRODUCT	RECOVER_308	"noindex" etiketi tarafından hariç tutuldu	noindex_login_wraps_product	308_login_next_to_product	high	en	shop_pdp	sogutma	vm-350-a	/en/shop/sogutma/vm-350-a	True	True	https://equsto.com/en/login?mode=register&next=/en/shop/sogutma/vm-350-a	2026-08-24
P0_RECOVER_PRODUCT	RECOVER_308	"noindex" etiketi tarafından hariç tutuldu	noindex_login_wraps_product	308_login_next_to_product	high	en	shop_pdp	dolap	7911-16060-31p	/en/shop/tezgah/7911-16060-31p	True	True	https://equsto.com/en/login?mode=register&next=/en/shop/dolap/7911-16060-31p	2026-08-24
P0_RECOVER_PRODUCT	RECOVER_308	"noindex" etiketi tarafından hariç tutuldu	noindex_login_wraps_product	308_login_next_to_product	high	en	shop_pdp	pisirme	7865-n1-80903-22	/en/shop/pisirme/7865-n1-80903-22	True	True	https://equsto.com/en/login?mode=register&next=/en/shop/pisirme/7865-n1-80903-22	2026-08-24
P0_RECOVER_PRODUCT	RECOVER_308	"noindex" etiketi tarafından hariç tutuldu	noindex_login_wraps_product	308_login_next_to_product	high	en	shop_pdp	davlumbaz	7885-30155-01	/en/shop/davlumbaz/7885-30155-01	True	True	https://equsto.com/en/login?mode=register&next=/en/shop/davlumbaz/7885-30155-01	2026-08-24
P0_RECOVER_PRODUCT	RECOVER_308	"noindex" etiketi tarafından hariç tutuldu	noindex_login_wraps_product	308_login_next_to_product	high	en	shop_pdp	pisirme	9890-xbc01-eu	/en/shop/pisirme/9890-xbc01-eu	True	True	https://equsto.com/en/login?mode=register&next=/en/shop/pisirme/9890-xbc01-eu	2026-08-24
P0_RECOVER_PRODUCT	RECOVER_308	"noindex" etiketi tarafından hariç tutuldu	noindex_login_wraps_product	308_login_next_to_product	high	en	shop_pdp	pisirme	0339-01313-01	/en/shop/pisirme/0339-01313-01	True	True	https://equsto.com/en/login?mode=register&next=/en/shop/pisirme/0339-01313-01	2026-08-24
P0_RECOVER_PRODUCT	RECOVER_308	"noindex" etiketi tarafından hariç tutuldu	noindex_login_wraps_product	308_login_next_to_product	high	en	shop_pdp	sogutma	cb840-a-hc-b-qube	/en/shop/sogutma/cb840-a-hc-b-qube	True	True	https://equsto.com/en/login?mode=register&next=/en/shop/sogutma/cb840-a-hc-b-qube	2026-08-24
P0_RECOVER_PRODUCT	RECOVER_308	"noindex" etiketi tarafından hariç tutuldu	noindex_login_wraps_product	308_login_next_to_product	high	en	shop_pdp	market-reyonlari	eq-falcon-sld-eq72	/en/shop/market-reyonlari/eq-falcon-sld-eq72	True	True	https://equsto.com/en/login?mode=register&next=/en/shop/market-reyonlari/eq-falcon-sld-eq72	2026-08-24
P0_RECOVER_PRODUCT	RECOVER_308	"noindex" etiketi tarafından hariç tutuldu	noindex_login_wraps_product	308_login_next_to_product	high	en	shop_pdp	sogutma	730319	/en/shop/sogutma/730319	True	True	https://equsto.com/en/login?mode=register&next=/en/shop/sogutma/730319	2026-08-24
P0_RECOVER_PRODUCT	RECOVER_308	"noindex" etiketi tarafından hariç tutuldu	noindex_login_wraps_product	308_login_next_to_product	high	en	shop_pdp	istif	61-x-91-x-183-304l	/en/shop/istif/61-x-91-x-183-304l	True	True	https://equsto.com/en/login?mode=register&next=/en/shop/istif/61-x-91-x-183-304l	2026-08-24
P0_RECOVER_PRODUCT	RECOVER_308	"noindex" etiketi tarafından hariç tutuldu	noindex_login_wraps_product	308_login_next_to_product	high	en	shop_pdp	tezgah	7911-12060-04	/en/shop/tezgah/7911-12060-04	True	True	https://equsto.com/en/login?mode=register&next=/en/shop/tezgah/7911-12060-04	2026-08-24
P0_RECOVER_PRODUCT	RECOVER_308	"noindex" etiketi tarafından hariç tutuldu	noindex_login_wraps_product	308_login_next_to_product	high	en	shop_pdp	tezgah	7758-167b8-25	/en/shop/tezgah/7758-167b8-25	True	True	https://equsto.com/en/login?mode=register&next=/en/shop/tezgah/7758-167b8-25	2026-08-24
P0_RECOVER_PRODUCT	RECOVER_308	"noindex" etiketi tarafından hariç tutuldu	noindex_login_wraps_product	308_login_next_to_product	high	en	shop_pdp	davlumbaz	7885-25155-14	/en/shop/davlumbaz/7885-25155-14	True	True	https://equsto.com/en/login?mode=register&next=/en/shop/davlumbaz/7885-25155-14	2026-08-24
P0_RECOVER_PRODUCT	RECOVER_308	"noindex" etiketi tarafından hariç tutuldu	noindex_login_wraps_product	308_login_next_to_product	high	en	shop_pdp	davlumbaz	7885-15125-01	/en/shop/davlumbaz/7885-15125-01	True	True	https://equsto.com/en/login?mode=register&next=/en/shop/davlumbaz/7885-15125-01	2026-08-24
P0_RECOVER_PRODUCT	RECOVER_308	"noindex" etiketi tarafından hariç tutuldu	noindex_login_wraps_product	308_login_next_to_product	high	en	shop_pdp	tezgah	7758-157b8-25	/en/shop/tezgah/7758-157b8-25	True	True	https://equsto.com/en/login?mode=register&next=/en/shop/tezgah/7758-157b8-25	2026-08-24
P0_RECOVER_PRODUCT	RECOVER_308	"noindex" etiketi tarafından hariç tutuldu	noindex_login_wraps_product	308_login_next_to_product	high	en	shop_pdp	sogutma	ic-24-a-hc	/en/shop/sogutma/ic-24-a-hc	True	True	https://equsto.com/en/login?mode=register&next=/en/shop/sogutma/ic-24-a-hc	2026-08-24
P0_RECOVER_PRODUCT	RECOVER_308	"noindex" etiketi tarafından hariç tutuldu	noindex_login_wraps_product	308_login_next_to_product	high	en	shop_pdp	araba	mt170x2	/en/shop/araba/mt170x2	True	True	https://equsto.com/en/login?mode=register&next=/en/shop/araba/mt170x2	2026-08-24
P0_RECOVER_PRODUCT	RECOVER_308	"noindex" etiketi tarafından hariç tutuldu	noindex_login_wraps_product	308_login_next_to_product	high	en	shop_pdp	pisirme	8890-10570-01	/en/shop/pisirme/8890-10570-01	True	True	https://equsto.com/en/login?mode=register&next=/en/shop/pisirme/8890-10570-01	2026-08-23
P0_RECOVER_PRODUCT	RECOVER_308	"noindex" etiketi tarafından hariç tutuldu	noindex_login_wraps_product	308_login_next_to_product	high	en	shop_pdp	sogutma	cb-1565-a-hc	/en/shop/sogutma/cb-1565-a-hc	True	True	https://equsto.com/en/login?mode=register&next=/en/shop/sogutma/cb-1565-a-hc	2026-08-23
P0_RECOVER_PRODUCT	RECOVER_308	"noindex" etiketi tarafından hariç tutuldu	noindex_login_wraps_product	308_login_next_to_product		en	shop_pdp	marka	brema		True	False	https://equsto.com/en/login?mode=register&next=/en/shop/marka/brema	2026-08-23
P0_RECOVER_PRODUCT	RECOVER_308	"noindex" etiketi tarafından hariç tutuldu	noindex_login_wraps_product	308_login_next_to_product		en	shop_pdp	market-reyonlari	eq-nergis-fg-eq42		True	False	https://equsto.com/en/login?mode=register&next=/en/shop/market-reyonlari/eq-nergis-fg-eq42	2026-08-23
P0_RECOVER_PRODUCT	RECOVER_308	"noindex" etiketi tarafından hariç tutuldu	noindex_login_wraps_product	308_login_next_to_product	high	en	shop_pdp	hazirlik	9810-mp350-cu	/en/shop/hazirlik/9810-mp350-cu	True	True	https://equsto.com/en/login?mode=register&next=/en/shop/hazirlik/9810-mp350-cu	2026-08-23
P0_RECOVER_PRODUCT	RECOVER_308	"noindex" etiketi tarafından hariç tutuldu	noindex_login_wraps_product	308_login_next_to_product	high	en	shop_pdp	sogutma	118-sbc-250	/en/shop/sogutma/118-sbc-250	True	True	https://equsto.com/en/login?mode=register&next=/en/shop/sogutma/118-sbc-250	2026-08-23
P0_RECOVER_PRODUCT	RECOVER_308	"noindex" etiketi tarafından hariç tutuldu	noindex_login_wraps_product	308_login_next_to_product	high	en	shop_pdp	sogutma	g-1000-a	/en/shop/sogutma/g-1000-a	True	True	https://equsto.com/en/login?mode=register&next=/en/shop/sogutma/g-1000-a	2026-08-23
P0_RECOVER_PRODUCT	RECOVER_308	"noindex" etiketi tarafından hariç tutuldu	noindex_login_wraps_product	308_login_next_to_product	high	en	shop_pdp	sogutma	118-blk01-110	/en/shop/sogutma/118-blk01-110	True	True	https://equsto.com/en/login?mode=register&next=/en/shop/sogutma/118-blk01-110	2026-08-23
P0_RECOVER_PRODUCT	RECOVER_308	"noindex" etiketi tarafından hariç tutuldu	noindex_login_wraps_product	308_login_next_to_product	high	en	shop_pdp	tezgah	7754-196e8-35	/en/shop/tezgah/7754-196e8-35	True	True	https://equsto.com/en/login?mode=register&next=/en/shop/tezgah/7754-196e8-35	2026-08-23
P0_RECOVER_PRODUCT	RECOVER_308	"noindex" etiketi tarafından hariç tutuldu	noindex_login_wraps_product	308_login_next_to_product	high	en	shop_pdp	kahve	199-1007177	/en/shop/kahve/199-1007177	True	True	https://equsto.com/en/login?mode=register&next=/en/shop/kahve/199-1007177	2026-08-23
P0_RECOVER_PRODUCT	RECOVER_308	"noindex" etiketi tarafından hariç tutuldu	noindex_login_wraps_product	308_login_next_to_product	high	en	shop_pdp	sogutma	ic-18-a-hc	/en/shop/sogutma/ic-18-a-hc	True	True	https://equsto.com/en/login?mode=register&next=/en/shop/sogutma/ic-18-a-hc	2026-08-23
P0_RECOVER_PRODUCT	RECOVER_308	"noindex" etiketi tarafından hariç tutuldu	noindex_login_wraps_product	308_login_next_to_product		en	shop_pdp	market-reyonlari	eq-papatya-hf-eq1		True	False	https://equsto.com/en/login?mode=register&next=/en/shop/market-reyonlari/eq-papatya-hf-eq1	2026-08-23
P0_RECOVER_PRODUCT	RECOVER_308	"noindex" etiketi tarafından hariç tutuldu	noindex_login_wraps_product	308_login_next_to_product	high	en	shop_pdp	sogutma	bin-200	/en/shop/sogutma/bin-200	True	True	https://equsto.com/en/login?mode=register&next=/en/shop/sogutma/bin-200	2026-08-23
P0_RECOVER_PRODUCT	RECOVER_308	"noindex" etiketi tarafından hariç tutuldu	noindex_login_wraps_product	308_login_next_to_product	high	en	shop_pdp	sogutma	cb955-a-hc-b-qube	/en/shop/sogutma/cb955-a-hc-b-qube	True	True	https://equsto.com/en/login?mode=register&next=/en/shop/sogutma/cb955-a-hc-b-qube	2026-08-23
P0_RECOVER_PRODUCT	RECOVER_308	"noindex" etiketi tarafından hariç tutuldu	noindex_login_wraps_product	308_login_next_to_product	high	en	shop_pdp	sogutma	gb-1540-a-hc	/en/shop/sogutma/gb-1540-a-hc	True	True	https://equsto.com/en/login?mode=register&next=/en/shop/sogutma/gb-1540-a-hc	2026-08-23
P0_RECOVER_PRODUCT	RECOVER_308	"noindex" etiketi tarafından hariç tutuldu	noindex_login_wraps_product	308_login_next_to_product	high	en	shop_pdp	sogutma	tm-250-a-hc	/en/shop/sogutma/tm-250-a-hc	True	True	https://equsto.com/en/login?mode=register&next=/en/shop/sogutma/tm-250-a-hc	2026-08-23
P0_RECOVER_PRODUCT	RECOVER_308	"noindex" etiketi tarafından hariç tutuldu	noindex_login_wraps_product	308_login_next_to_product	high	en	shop_pdp	sogutma	cb-640-a-hc	/en/shop/sogutma/cb-640-a-hc	True	True	https://equsto.com/en/login?mode=register&next=/en/shop/sogutma/cb-640-a-hc	2026-08-23
P0_RECOVER_PRODUCT	RECOVER_308	"noindex" etiketi tarafından hariç tutuldu	noindex_login_wraps_product	308_login_next_to_product	high	en	shop_pdp	pisirme	agi-870-n	/en/shop/pisirme/agi-870-n	True	True	https://equsto.com/en/login?mode=register&next=/en/shop/pisirme/agi-870-n	2026-08-23
P0_RECOVER_PRODUCT	RECOVER_308	"noindex" etiketi tarafından hariç tutuldu	noindex_login_wraps_product	308_login_next_to_product	high	en	shop_pdp	market-reyonlari	eq-butterfly-dp-eq2	/en/shop/market-reyonlari/eq-butterfly-dp-eq2	True	True	https://equsto.com/en/login?mode=register&next=/en/shop/market-reyonlari/eq-butterfly-dp-eq2	2026-08-23
P0_RECOVER_PRODUCT	RECOVER_308	"noindex" etiketi tarafından hariç tutuldu	noindex_login_wraps_product	308_login_next_to_product	high	en	shop_pdp	sogutma	cb-840-a-hc	/en/shop/sogutma/cb-840-a-hc	True	True	https://equsto.com/en/login?mode=register&next=/en/shop/sogutma/cb-840-a-hc	2026-08-23
P0_RECOVER_PRODUCT	RECOVER_308	"noindex" etiketi tarafından hariç tutuldu	noindex_login_wraps_product	308_login_next_to_product	high	en	shop_pdp	pisirme	aei-490-n	/en/shop/pisirme/aei-490-n	True	True	https://equsto.com/en/login?mode=register&next=/en/shop/pisirme/aei-490-n	2026-08-23
P0_RECOVER_PRODUCT	RECOVER_308	"noindex" etiketi tarafından hariç tutuldu	noindex_login_wraps_product	308_login_next_to_product	high	en	shop_pdp	sogutma	cb-184-a-hc	/en/shop/sogutma/cb-184-a-hc	True	True	https://equsto.com/en/login?mode=register&next=/en/shop/sogutma/cb-184-a-hc	2026-08-23
P0_RECOVER_PRODUCT	RECOVER_308	"noindex" etiketi tarafından hariç tutuldu	noindex_login_wraps_product	308_login_next_to_product	high	en	shop_pdp	dolap	7758-246e5-33	/en/shop/tezgah/7758-246e5-33	True	True	https://equsto.com/en/login?mode=register&next=/en/shop/dolap/7758-246e5-33	2026-08-23
P0_RECOVER_PRODUCT	RECOVER_308	"noindex" etiketi tarafından hariç tutuldu	noindex_login_wraps_product	308_login_next_to_product	high	en	shop_pdp	sogutma	bin-240-pe	/en/shop/sogutma/bin-240-pe	True	True	https://equsto.com/en/login?mode=register&next=/en/shop/sogutma/bin-240-pe	2026-08-23
P0_RECOVER_PRODUCT	RECOVER_308	"noindex" etiketi tarafından hariç tutuldu	noindex_login_wraps_product	308_login_next_to_product	high	en	shop_pdp	pisirme	npicco30-1	/en/shop/pisirme/npicco30-1	True	True	https://equsto.com/en/login?mode=register&next=/en/shop/pisirme/npicco30-1	2026-08-23
P0_RECOVER_PRODUCT	RECOVER_308	"noindex" etiketi tarafından hariç tutuldu	noindex_login_wraps_product	308_login_next_to_product	high	en	shop_pdp	sogutma	bin-350	/en/shop/sogutma/bin-350	True	True	https://equsto.com/en/login?mode=register&next=/en/shop/sogutma/bin-350	2026-08-23
P0_RECOVER_PRODUCT	RECOVER_308	"noindex" etiketi tarafından hariç tutuldu	noindex_login_wraps_product	308_login_next_to_product	high	en	shop_pdp	tezgah	7897-16030-03	/en/shop/tezgah/7897-16030-03	True	True	https://equsto.com/en/login?mode=register&next=/en/shop/tezgah/7897-16030-03	2026-08-23
P0_RECOVER_PRODUCT	RECOVER_308	"noindex" etiketi tarafından hariç tutuldu	noindex_login_wraps_product	308_login_next_to_product	high	en	shop_pdp	tezgah	7758-196e5-23	/en/shop/tezgah/7758-196e5-23	True	True	https://equsto.com/en/login?mode=register&next=/en/shop/tezgah/7758-196e5-23	2026-08-23
P0_RECOVER_PRODUCT	RECOVER_308	"noindex" etiketi tarafından hariç tutuldu	noindex_login_wraps_product	308_login_next_to_product	high	en	shop_pdp	tezgah	7919-46ntv-c2	/en/shop/tezgah/7919-46ntv-c2	True	True	https://equsto.com/en/login?mode=register&next=/en/shop/tezgah/7919-46ntv-c2	2026-08-23
P0_RECOVER_PRODUCT	RECOVER_308	"noindex" etiketi tarafından hariç tutuldu	noindex_login_wraps_product	308_login_next_to_product	high	en	shop_pdp	sogutma	cb-955-a-hc	/en/shop/sogutma/cb-955-a-hc	True	True	https://equsto.com/en/login?mode=register&next=/en/shop/sogutma/cb-955-a-hc	2026-08-23
P0_RECOVER_PRODUCT	RECOVER_308	"noindex" etiketi tarafından hariç tutuldu	noindex_login_wraps_product	308_login_next_to_product	high	en	shop_pdp	sogutma	drb-1200	/en/shop/sogutma/drb-1200	True	True	https://equsto.com/en/login?mode=register&next=/en/shop/sogutma/drb-1200	2026-08-23
P0_RECOVER_PRODUCT	RECOVER_308	"noindex" etiketi tarafından hariç tutuldu	noindex_login_wraps_product	308_login_next_to_product	high	en	shop_pdp	icecek	8477-0000s-01	/en/shop/icecek/8477-0000s-01	True	True	https://equsto.com/en/login?mode=register&next=/en/shop/icecek/8477-0000s-01	2026-08-23
P0_RECOVER_PRODUCT	RECOVER_308	"noindex" etiketi tarafından hariç tutuldu	noindex_login_wraps_product	308_login_next_to_product	high	en	shop_pdp	sogutma	gb-902-a-hc	/en/shop/sogutma/gb-902-a-hc	True	True	https://equsto.com/en/login?mode=register&next=/en/shop/sogutma/gb-902-a-hc	2026-08-23
P0_RECOVER_PRODUCT	RECOVER_308	"noindex" etiketi tarafından hariç tutuldu	noindex_login_wraps_product	308_login_next_to_product	high	en	shop_pdp	sogutma	vm-900-a	/en/shop/sogutma/vm-900-a	True	True	https://equsto.com/en/login?mode=register&next=/en/shop/sogutma/vm-900-a	2026-08-23
P0_RECOVER_PRODUCT	RECOVER_308	"noindex" etiketi tarafından hariç tutuldu	noindex_login_wraps_product	308_login_next_to_product	high	en	shop_pdp	sogutma	118-sds1510-dc3yf	/en/shop/sogutma/118-sds1510-dc3yf	True	True	https://equsto.com/en/login?mode=register&next=/en/shop/sogutma/118-sds1510-dc3yf	2026-08-23
P0_RECOVER_PRODUCT	RECOVER_308	"noindex" etiketi tarafından hariç tutuldu	noindex_login_wraps_product	308_login_next_to_product	high	en	shop_pdp	sogutma	c-150-a-hc	/en/shop/sogutma/c-150-a-hc	True	True	https://equsto.com/en/login?mode=register&next=/en/shop/sogutma/c-150-a-hc	2026-08-23
P0_RECOVER_PRODUCT	RECOVER_308	"noindex" etiketi tarafından hariç tutuldu	noindex_login_wraps_product	308_login_next_to_product	high	en	shop_pdp	sogutma	cb416-a-hc-b-qube	/en/shop/sogutma/cb416-a-hc-b-qube	True	True	https://equsto.com/en/login?mode=register&next=/en/shop/sogutma/cb416-a-hc-b-qube	2026-08-23
P0_RECOVER_PRODUCT	RECOVER_308	"noindex" etiketi tarafından hariç tutuldu	noindex_login_wraps_product	308_login_next_to_product	high	en	shop_pdp	sogutma	g-510-a	/en/shop/sogutma/g-510-a	True	True	https://equsto.com/en/login?mode=register&next=/en/shop/sogutma/g-510-a	2026-08-23
P0_RECOVER_PRODUCT	RECOVER_308	"noindex" etiketi tarafından hariç tutuldu	noindex_login_wraps_product	308_login_next_to_product	high	en	shop_pdp	sogutma	bsf-a	/en/shop/sogutma/bsf-a	True	True	https://equsto.com/en/login?mode=register&next=/en/shop/sogutma/bsf-a	2026-08-23
P0_RECOVER_PRODUCT	RECOVER_308	"noindex" etiketi tarafından hariç tutuldu	noindex_login_wraps_product	308_login_next_to_product	high	en	shop_pdp	sogutma	vm-500-a	/en/shop/sogutma/vm-500-a	True	True	https://equsto.com/en/login?mode=register&next=/en/shop/sogutma/vm-500-a	2026-08-23
P0_RECOVER_PRODUCT	RECOVER_308	"noindex" etiketi tarafından hariç tutuldu	noindex_login_wraps_product	308_login_next_to_product	high	en	shop_pdp	pisirme	7961-11829-1y5	/en/shop/yikama/7961-11829-1y5	True	True	https://equsto.com/en/login?mode=register&next=/en/shop/pisirme/7961-11829-1y5	2026-08-23
P0_RECOVER_PRODUCT	RECOVER_308	"noindex" etiketi tarafından hariç tutuldu	noindex_login_wraps_product	308_login_next_to_product	high	en	shop_pdp	sogutma	id-70	/en/shop/sogutma/id-70	True	True	https://equsto.com/en/login?mode=register&next=/en/shop/sogutma/id-70	2026-08-23
P0_RECOVER_PRODUCT	RECOVER_308	"noindex" etiketi tarafından hariç tutuldu	noindex_login_wraps_product	308_login_next_to_product	high	en	shop_pdp	sogutma	tb-1404-a-hc	/en/shop/sogutma/tb-1404-a-hc	True	True	https://equsto.com/en/login?mode=register&next=/en/shop/sogutma/tb-1404-a-hc	2026-08-23
P0_RECOVER_PRODUCT	RECOVER_308	"noindex" etiketi tarafından hariç tutuldu	noindex_login_wraps_product	308_login_next_to_product		en	shop_pdp	market-reyonlari	eq-reyhan-wt-eq2		True	False	https://equsto.com/en/login?mode=register&next=/en/shop/market-reyonlari/eq-reyhan-wt-eq2	2026-08-23
P0_RECOVER_PRODUCT	RECOVER_308	"noindex" etiketi tarafından hariç tutuldu	noindex_login_wraps_product	308_login_next_to_product	high	en	shop_pdp	sogutma	cb249-a-hc-b-qube	/en/shop/sogutma/cb249-a-hc-b-qube	True	True	https://equsto.com/en/login?mode=register&next=/en/shop/sogutma/cb249-a-hc-b-qube	2026-08-23
P0_RECOVER_PRODUCT	RECOVER_308	"noindex" etiketi tarafından hariç tutuldu	noindex_login_wraps_product	308_login_next_to_product	high	en	shop_pdp	istif	8897-56141-p0	/en/shop/istif/8897-56141-p0	True	True	https://equsto.com/en/login?mode=register&next=/en/shop/istif/8897-56141-p0	2026-08-23
P0_RECOVER_PRODUCT	RECOVER_308	"noindex" etiketi tarafından hariç tutuldu	noindex_login_wraps_product	308_login_next_to_product	high	en	shop_pdp	set-ustu-mutfak	0210-50708-12	/en/shop/set-ustu-mutfak/0210-50708-12	True	True	https://equsto.com/en/login?mode=register&next=/en/shop/set-ustu-mutfak/0210-50708-12	2026-08-23
P0_RECOVER_PRODUCT	RECOVER_308	"noindex" etiketi tarafından hariç tutuldu	noindex_login_wraps_product	308_login_next_to_product	high	en	shop_pdp	araba	ino-ati200	/en/shop/araba/ino-ati200	True	True	https://equsto.com/en/login?mode=register&next=/en/shop/araba/ino-ati200	2026-08-23
P0_RECOVER_PRODUCT	RECOVER_308	"noindex" etiketi tarafından hariç tutuldu	noindex_login_wraps_product	308_login_next_to_product	high	en	shop_pdp	yikama	ino-byk270l-k70d	/en/shop/yikama/ino-byk270l-k70d	True	True	https://equsto.com/en/login?mode=register&next=/en/shop/yikama/ino-byk270l-k70d	2026-08-23
P0_RECOVER_PRODUCT	RECOVER_308	"noindex" etiketi tarafından hariç tutuldu	noindex_login_wraps_product	308_login_next_to_product	high	en	shop_pdp	sogutma	79e4-37nmv-03	/en/shop/sogutma/79e4-37nmv-03	True	True	https://equsto.com/en/login?mode=register&next=/en/shop/sogutma/79e4-37nmv-03	2026-08-23
P0_RECOVER_PRODUCT	RECOVER_308	"noindex" etiketi tarafından hariç tutuldu	noindex_login_wraps_product	308_login_next_to_product	high	en	shop_pdp	hazirlik	9840-r201e-00	/en/shop/hazirlik/9840-r201e-00	True	True	https://equsto.com/en/login?mode=register&next=/en/shop/hazirlik/9840-r201e-00	2026-08-23
P0_RECOVER_PRODUCT	RECOVER_308	"noindex" etiketi tarafından hariç tutuldu	noindex_login_wraps_product	308_login_next_to_product	high	en	shop_pdp	tasima	7943-70182-00	/en/shop/tasima/7943-70182-00	True	True	https://equsto.com/en/login?mode=register&next=/en/shop/tasima/7943-70182-00	2026-08-23
P0_RECOVER_PRODUCT	RECOVER_308	"noindex" etiketi tarafından hariç tutuldu	noindex_login_wraps_product	308_login_next_to_product	high	en	shop_pdp	araba	ino-abs102	/en/shop/araba/ino-abs102	True	True	https://equsto.com/en/login?mode=register&next=/en/shop/araba/ino-abs102	2026-08-23
P0_RECOVER_PRODUCT	RECOVER_308	"noindex" etiketi tarafından hariç tutuldu	noindex_login_wraps_product	308_login_next_to_product	high	en	shop_pdp	yikama	7758-166ab-21	/en/shop/yikama/7758-166ab-21	True	True	https://equsto.com/en/login?mode=register&next=/en/shop/yikama/7758-166ab-21	2026-08-23
P0_RECOVER_PRODUCT	RECOVER_308	"noindex" etiketi tarafından hariç tutuldu	noindex_login_wraps_product	308_login_next_to_product	high	en	shop_pdp	tezgah	7758-106a8-15	/en/shop/tezgah/7758-106a8-15	True	True	https://equsto.com/en/login?mode=register&next=/en/shop/tezgah/7758-106a8-15	2026-08-23
P0_RECOVER_PRODUCT	RECOVER_308	"noindex" etiketi tarafından hariç tutuldu	noindex_login_wraps_product	308_login_next_to_product	high	en	shop_pdp	davlumbaz	7885-12125-01	/en/shop/davlumbaz/7885-12125-01	True	True	https://equsto.com/en/login?mode=register&next=/en/shop/davlumbaz/7885-12125-01	2026-08-23
P0_RECOVER_PRODUCT	RECOVER_308	"noindex" etiketi tarafından hariç tutuldu	noindex_login_wraps_product	308_login_next_to_product	high	en	shop_pdp	set-ustu-mutfak	7911-n1-80703-00	/en/shop/set-ustu-mutfak/7911-n1-80703-00	True	True	https://equsto.com/en/login?mode=register&next=/en/shop/set-ustu-mutfak/7911-n1-80703-00	2026-08-23
P0_RECOVER_PRODUCT	RECOVER_308	"noindex" etiketi tarafından hariç tutuldu	noindex_login_wraps_product	308_login_next_to_product	high	en	shop_pdp	davlumbaz	7250-08020-20	/en/shop/davlumbaz/7250-08020-20	True	False	https://equsto.com/en/login?mode=register&next=/en/shop/davlumbaz/7250-08020-20	2026-08-23
P0_RECOVER_PRODUCT	RECOVER_308	"noindex" etiketi tarafından hariç tutuldu	noindex_login_wraps_product	308_login_next_to_product		en	shop_pdp	sogutma	portabianco-soguk-servis-buzdolabi		True	False	https://equsto.com/en/login?mode=register&next=/en/shop/sogutma/portabianco-soguk-servis-buzdolabi	2026-08-23
P0_RECOVER_PRODUCT	RECOVER_308	"noindex" etiketi tarafından hariç tutuldu	noindex_login_wraps_product	308_login_next_to_product	high	en	shop_pdp	pisirme	7890-c1-20e21-01	/en/shop/pisirme/7890-c1-20e21-01	True	True	https://equsto.com/en/login?mode=register&next=/en/shop/pisirme/7890-c1-20e21-01	2026-08-23
P0_RECOVER_PRODUCT	RECOVER_308	"noindex" etiketi tarafından hariç tutuldu	noindex_login_wraps_product	308_login_next_to_product		tr	shop_pdp	tezgah	tb04-1603030-00		True	False	https://equsto.com/en/login?mode=register&next=/shop/tezgah/tb04-1603030-00	2026-08-23
P0_RECOVER_PRODUCT	RECOVER_308	"noindex" etiketi tarafından hariç tutuldu	noindex_login_wraps_product	308_login_next_to_product	high	en	shop_pdp	tezgah	7911-14070-23	/en/shop/tezgah/7911-14070-23	True	True	https://equsto.com/en/login?mode=register&next=/en/shop/tezgah/7911-14070-23	2026-08-23
P0_RECOVER_PRODUCT	RECOVER_308	"noindex" etiketi tarafından hariç tutuldu	noindex_login_wraps_product	308_login_next_to_product	high	en	shop_pdp	set-ustu-mutfak	0311-21100-31	/en/shop/set-ustu-mutfak/0311-21100-31	True	True	https://equsto.com/en/login?mode=register&next=/en/shop/set-ustu-mutfak/0311-21100-31	2026-08-23
P0_RECOVER_PRODUCT	RECOVER_308	"noindex" etiketi tarafından hariç tutuldu	noindex_login_wraps_product	308_login_next_to_product	high	en	shop_pdp	pisirme	ino-7tn20	/en/shop/pisirme/ino-7tn20	True	True	https://equsto.com/en/login?mode=register&next=/en/shop/pisirme/ino-7tn20	2026-08-23
P0_RECOVER_PRODUCT	RECOVER_308	"noindex" etiketi tarafından hariç tutuldu	noindex_login_wraps_product	308_login_next_to_product	high	en	shop_pdp	pisirme	ino-9gr005	/en/shop/pisirme/ino-9gr005	True	True	https://equsto.com/en/login?mode=register&next=/en/shop/pisirme/ino-9gr005	2026-08-23
P0_RECOVER_PRODUCT	RECOVER_308	"noindex" etiketi tarafından hariç tutuldu	noindex_login_wraps_product	308_login_next_to_product	high	en	shop_pdp	tezgah	7758-186e5-35	/en/shop/tezgah/7758-186e5-35	True	True	https://equsto.com/en/login?mode=register&next=/en/shop/tezgah/7758-186e5-35	2026-08-23
P0_RECOVER_PRODUCT	RECOVER_308	"noindex" etiketi tarafından hariç tutuldu	noindex_login_wraps_product	308_login_next_to_product	high	en	shop_pdp	set-ustu-mutfak	0314-21100-01	/en/shop/set-ustu-mutfak/0314-21100-01	True	True	https://equsto.com/en/login?mode=register&next=/en/shop/set-ustu-mutfak/0314-21100-01	2026-08-23
P0_RECOVER_PRODUCT	RECOVER_308	"noindex" etiketi tarafından hariç tutuldu	noindex_login_wraps_product	308_login_next_to_product	high	en	shop_pdp	market-reyonlari	eq-kangaroo-eq4	/en/shop/market-reyonlari/eq-kangaroo-eq4	True	True	https://equsto.com/en/login?mode=register&next=/en/shop/market-reyonlari/eq-kangaroo-eq4	2026-08-23
P0_RECOVER_PRODUCT	RECOVER_308	"noindex" etiketi tarafından hariç tutuldu	noindex_login_wraps_product	308_login_next_to_product	high	en	shop_pdp	pisirme	aaig-473	/en/shop/pisirme/aaig-473	True	True	https://equsto.com/en/login?mode=register&next=/en/shop/pisirme/aaig-473	2026-08-23
P0_RECOVER_PRODUCT	RECOVER_308	"noindex" etiketi tarafından hariç tutuldu	noindex_login_wraps_product	308_login_next_to_product	high	en	shop_pdp	pisirme	agi-673-n	/en/shop/pisirme/agi-673-n	True	True	https://equsto.com/en/login?mode=register&next=/en/shop/pisirme/agi-673-n	2026-08-23
P0_RECOVER_PRODUCT	RECOVER_308	"noindex" etiketi tarafından hariç tutuldu	noindex_login_wraps_product	308_login_next_to_product	high	en	shop_pdp	tezgah	7911-14060-28	/en/shop/tezgah/7911-14060-28	True	True	https://equsto.com/en/login?mode=register&next=/en/shop/tezgah/7911-14060-28	2026-08-23
P0_RECOVER_PRODUCT	RECOVER_308	"noindex" etiketi tarafından hariç tutuldu	noindex_login_wraps_product	308_login_next_to_product	high	en	shop_pdp	pisirme	eaei-360-n	/en/shop/pisirme/eaei-360-n	True	True	https://equsto.com/en/login?mode=register&next=/en/shop/pisirme/eaei-360-n	2026-08-23
P0_RECOVER_PRODUCT	RECOVER_308	"noindex" etiketi tarafından hariç tutuldu	noindex_login_wraps_product	308_login_next_to_product	high	en	shop_pdp	pisirme	7854-07128-15	/en/shop/pisirme/7854-07128-15	True	True	https://equsto.com/en/login?mode=register&next=/en/shop/pisirme/7854-07128-15	2026-08-23
P0_RECOVER_PRODUCT	RECOVER_308	"noindex" etiketi tarafından hariç tutuldu	noindex_login_wraps_product	308_login_next_to_product	high	en	shop_pdp	pisirme	ino-zmd-7be20s	/en/shop/pisirme/ino-zmd-7be20s	True	True	https://equsto.com/en/login?mode=register&next=/en/shop/pisirme/ino-zmd-7be20s	2026-08-23
P0_RECOVER_PRODUCT	RECOVER_308	"noindex" etiketi tarafından hariç tutuldu	noindex_login_wraps_product	308_login_next_to_product	high	en	shop_pdp	pisirme	8890-mt800-02	/en/shop/pisirme/8890-mt800-02	True	True	https://equsto.com/en/login?mode=register&next=/en/shop/pisirme/8890-mt800-02	2026-08-23
P0_RECOVER_PRODUCT	RECOVER_308	"noindex" etiketi tarafından hariç tutuldu	noindex_login_wraps_product	308_login_next_to_product	high	en	shop_pdp	pisirme	npicco72-1	/en/shop/pisirme/npicco72-1	True	True	https://equsto.com/en/login?mode=register&next=/en/shop/pisirme/npicco72-1	2026-08-23
P0_RECOVER_PRODUCT	RECOVER_308	"noindex" etiketi tarafından hariç tutuldu	noindex_login_wraps_product	308_login_next_to_product	high	en	shop_pdp	sogutma	ino-zbc-bs	/en/shop/sogutma/ino-zbc-bs	True	True	https://equsto.com/en/login?mode=register&next=/en/shop/sogutma/ino-zbc-bs	2026-08-23
P0_RECOVER_PRODUCT	RECOVER_308	"noindex" etiketi tarafından hariç tutuldu	noindex_login_wraps_product	308_login_next_to_product	high	en	shop_pdp	istif	8897-11ip4-073	/en/shop/istif/8897-11ip4-073	True	True	https://equsto.com/en/login?mode=register&next=/en/shop/istif/8897-11ip4-073	2026-08-23
P0_RECOVER_PRODUCT	RECOVER_308	"noindex" etiketi tarafından hariç tutuldu	noindex_login_wraps_product	308_login_next_to_product		en	shop_pdp	market-reyonlari	eq-lotus-lb-eq57		True	False	https://equsto.com/en/login?mode=register&next=/en/shop/market-reyonlari/eq-lotus-lb-eq57	2026-08-23
P0_RECOVER_PRODUCT	RECOVER_308	"noindex" etiketi tarafından hariç tutuldu	noindex_login_wraps_product	308_login_next_to_product	high	en	shop_pdp	sogutma	7919-df2015-00	/en/shop/sogutma/7919-df2015-00	True	True	https://equsto.com/en/login?mode=register&next=/en/shop/sogutma/7919-df2015-00	2026-08-23
P0_RECOVER_PRODUCT	RECOVER_308	"noindex" etiketi tarafından hariç tutuldu	noindex_login_wraps_product	308_login_next_to_product	high	en	shop_pdp	set-ustu-mutfak	0332-03220-01	/en/shop/set-ustu-mutfak/0332-03220-01	True	True	https://equsto.com/en/login?mode=register&next=/en/shop/set-ustu-mutfak/0332-03220-01	2026-08-23
P0_RECOVER_PRODUCT	RECOVER_308	"noindex" etiketi tarafından hariç tutuldu	noindex_login_wraps_product	308_login_next_to_product	high	en	shop_pdp	istif	inox-plastik-raf	/en/shop/istif/inox-plastik-raf	True	False	https://equsto.com/en/login?mode=register&next=/en/shop/istif/inox-plastik-raf	2026-08-23
P0_RECOVER_PRODUCT	RECOVER_308	"noindex" etiketi tarafından hariç tutuldu	noindex_login_wraps_product	308_login_next_to_product	high	en	shop_pdp	set-ustu-mutfak	0312-00023-21	/en/shop/set-ustu-mutfak/0312-00023-21	True	True	https://equsto.com/en/login?mode=register&next=/en/shop/set-ustu-mutfak/0312-00023-21	2026-08-23
P0_RECOVER_PRODUCT	RECOVER_308	"noindex" etiketi tarafından hariç tutuldu	noindex_login_wraps_product	308_login_next_to_product	high	en	shop_pdp	set-ustu-mutfak	8310-0pp14-100	/en/shop/set-ustu-mutfak/8310-0pp14-100	True	True	https://equsto.com/en/login?mode=register&next=/en/shop/set-ustu-mutfak/8310-0pp14-100	2026-08-23
P0_RECOVER_PRODUCT	RECOVER_308	"noindex" etiketi tarafından hariç tutuldu	noindex_login_wraps_product	308_login_next_to_product	high	en	shop_pdp	istif	8897-5611p-00	/en/shop/istif/8897-5611p-00	True	True	https://equsto.com/en/login?mode=register&next=/en/shop/istif/8897-5611p-00	2026-08-23
P0_RECOVER_PRODUCT	RECOVER_308	"noindex" etiketi tarafından hariç tutuldu	noindex_login_wraps_product	308_login_next_to_product	high	en	shop_pdp	tezgah	7910-16040-01	/en/shop/tezgah/7910-16040-01	True	True	https://equsto.com/en/login?mode=register&next=/en/shop/tezgah/7910-16040-01	2026-08-23
P0_RECOVER_PRODUCT	RECOVER_308	"noindex" etiketi tarafından hariç tutuldu	noindex_login_wraps_product	308_login_next_to_product	high	en	shop_pdp	tezgah	7758-187c8-23	/en/shop/tezgah/7758-187c8-23	True	True	https://equsto.com/en/login?mode=register&next=/en/shop/tezgah/7758-187c8-23	2026-08-23
P0_RECOVER_PRODUCT	RECOVER_308	"noindex" etiketi tarafından hariç tutuldu	noindex_login_wraps_product	308_login_next_to_product	high	en	shop_pdp	tezgah	eq-kptt02-12070	/en/shop/tezgah/eq-kptt02-12070	True	True	https://equsto.com/en/login?mode=register&next=/en/shop/tezgah/eq-kptt02-12070	2026-08-23
P0_RECOVER_PRODUCT	RECOVER_308	"noindex" etiketi tarafından hariç tutuldu	noindex_login_wraps_product	308_login_next_to_product	high	en	shop_pdp	kahve	9580-1500s-p2gc	/en/shop/kahve/9580-1500s-p2gc	True	True	https://equsto.com/en/login?mode=register&next=/en/shop/kahve/9580-1500s-p2gc	2026-08-23
P0_RECOVER_PRODUCT	RECOVER_308	"noindex" etiketi tarafından hariç tutuldu	noindex_login_wraps_product	308_login_next_to_product	high	en	shop_pdp	dolap	7758-126a8-11	/en/shop/tezgah/7758-126a8-11	True	True	https://equsto.com/en/login?mode=register&next=/en/shop/dolap/7758-126a8-11	2026-08-23
P0_RECOVER_PRODUCT	RECOVER_308	"noindex" etiketi tarafından hariç tutuldu	noindex_login_wraps_product	308_login_next_to_product	high	en	shop_pdp	dolap	7911-14060-23	/en/shop/tezgah/7911-14060-23	True	True	https://equsto.com/en/login?mode=register&next=/en/shop/dolap/7911-14060-23	2026-08-23
P0_RECOVER_PRODUCT	RECOVER_308	"noindex" etiketi tarafından hariç tutuldu	noindex_login_wraps_product	308_login_next_to_product	high	en	shop_pdp	tezgah	eq-kdct01-12070	/en/shop/tezgah/eq-kdct01-12070	True	True	https://equsto.com/en/login?mode=register&next=/en/shop/tezgah/eq-kdct01-12070	2026-08-23
P0_RECOVER_PRODUCT	RECOVER_308	"noindex" etiketi tarafından hariç tutuldu	noindex_login_wraps_product	308_login_next_to_product	high	en	shop_pdp	tezgah	eq-ksrvb02-14070	/en/shop/tezgah/eq-ksrvb02-14070	True	True	https://equsto.com/en/login?mode=register&next=/en/shop/tezgah/eq-ksrvb02-14070	2026-08-23
P0_RECOVER_PRODUCT	RECOVER_308	"noindex" etiketi tarafından hariç tutuldu	noindex_login_wraps_product	308_login_next_to_product	high	en	shop_pdp	tezgah	7758-246e8-23	/en/shop/tezgah/7758-246e8-23	True	True	https://equsto.com/en/login?mode=register&next=/en/shop/tezgah/7758-246e8-23	2026-08-23
P0_RECOVER_PRODUCT	RECOVER_308	"noindex" etiketi tarafından hariç tutuldu	noindex_login_wraps_product	308_login_next_to_product	high	en	shop_pdp	sogutma	8919-oef25-0a	/en/shop/sogutma/8919-oef25-0a	True	True	https://equsto.com/en/login?mode=register&next=/en/shop/sogutma/8919-oef25-0a	2026-08-23
P0_RECOVER_PRODUCT	RECOVER_308	"noindex" etiketi tarafından hariç tutuldu	noindex_login_wraps_product	308_login_next_to_product	high	en	shop_pdp	sogutma	710051	/en/shop/sogutma/710051	True	False	https://equsto.com/en/login?mode=register&next=/en/shop/sogutma/710051	2026-08-23
P0_RECOVER_PRODUCT	RECOVER_308	"noindex" etiketi tarafından hariç tutuldu	noindex_login_wraps_product	308_login_next_to_product	high	en	shop_pdp	sogutma	710039	/en/shop/sogutma/710039	True	False	https://equsto.com/en/login?mode=register&next=/en/shop/sogutma/710039	2026-08-23
P0_RECOVER_PRODUCT	RECOVER_308	"noindex" etiketi tarafından hariç tutuldu	noindex_login_wraps_product	308_login_next_to_product	high	en	shop_pdp	tezgah	eq-kprmxt01-12070	/en/shop/tezgah/eq-kprmxt01-12070	True	True	https://equsto.com/en/login?mode=register&next=/en/shop/tezgah/eq-kprmxt01-12070	2026-08-23
P0_RECOVER_PRODUCT	RECOVER_308	"noindex" etiketi tarafından hariç tutuldu	noindex_login_wraps_product	308_login_next_to_product	high	en	shop_pdp	pisirme	7890-12901-55	/en/shop/pisirme/7890-12901-55	True	True	https://equsto.com/en/login?mode=register&next=/en/shop/pisirme/7890-12901-55	2026-08-23
P0_RECOVER_PRODUCT	RECOVER_308	"noindex" etiketi tarafından hariç tutuldu	noindex_login_wraps_product	308_login_next_to_product	high	en	shop_pdp	sogutma	710035	/en/shop/sogutma/710035	True	False	https://equsto.com/en/login?mode=register&next=/en/shop/sogutma/710035	2026-08-23
P0_RECOVER_PRODUCT	RECOVER_308	"noindex" etiketi tarafından hariç tutuldu	noindex_login_wraps_product	308_login_next_to_product	high	en	shop_pdp	pisirme	ino-zco-9og20	/en/shop/pisirme/ino-zco-9og20	True	True	https://equsto.com/en/login?mode=register&next=/en/shop/pisirme/ino-zco-9og20	2026-08-23
P0_RECOVER_PRODUCT	RECOVER_308	"noindex" etiketi tarafından hariç tutuldu	noindex_login_wraps_product	308_login_next_to_product	high	en	shop_pdp	yikama	504293	/en/shop/yikama/504293	True	True	https://equsto.com/en/login?mode=register&next=/en/shop/yikama/504293	2026-08-23
P0_RECOVER_PRODUCT	RECOVER_308	"noindex" etiketi tarafından hariç tutuldu	noindex_login_wraps_product	308_login_next_to_product	high	en	shop_pdp	tasima	7895-58660-01	/en/shop/tasima/7895-58660-01	True	True	https://equsto.com/en/login?mode=register&next=/en/shop/tasima/7895-58660-01	2026-08-23
P0_RECOVER_PRODUCT	RECOVER_308	"noindex" etiketi tarafından hariç tutuldu	noindex_login_wraps_product	308_login_next_to_product	high	en	shop_pdp	yikama	506058	/en/shop/yikama/506058	True	True	https://equsto.com/en/login?mode=register&next=/en/shop/yikama/506058	2026-08-23
P0_RECOVER_PRODUCT	RECOVER_308	"noindex" etiketi tarafından hariç tutuldu	noindex_login_wraps_product	308_login_next_to_product	high	en	shop_pdp	icecek	058-no-62	/en/shop/icecek/058-no-62	True	True	https://equsto.com/en/login?mode=register&next=/en/shop/icecek/058-no-62	2026-08-23
P0_RECOVER_PRODUCT	RECOVER_308	"noindex" etiketi tarafından hariç tutuldu	noindex_login_wraps_product	308_login_next_to_product	high	en	shop_pdp	icecek	8477-000sa-02	/en/shop/icecek/8477-000sa-02	True	True	https://equsto.com/en/login?mode=register&next=/en/shop/icecek/8477-000sa-02	2026-08-23
P0_RECOVER_PRODUCT	RECOVER_308	"noindex" etiketi tarafından hariç tutuldu	noindex_login_wraps_product	308_login_next_to_product	high	en	shop_pdp	istif	8897-27ip4-073	/en/shop/istif/8897-27ip4-073	True	True	https://equsto.com/en/login?mode=register&next=/en/shop/istif/8897-27ip4-073	2026-08-23
P0_RECOVER_PRODUCT	RECOVER_308	"noindex" etiketi tarafından hariç tutuldu	noindex_login_wraps_product	308_login_next_to_product		en	shop_pdp	market-reyonlari	eq-fulya-hf-fg-eq6		True	False	https://equsto.com/en/login?mode=register&next=/en/shop/market-reyonlari/eq-fulya-hf-fg-eq6	2026-08-23
P0_RECOVER_PRODUCT	RECOVER_308	"noindex" etiketi tarafından hariç tutuldu	noindex_login_wraps_product	308_login_next_to_product	high	en	shop_pdp	yikama	504250	/en/shop/yikama/504250	True	True	https://equsto.com/en/login?mode=register&next=/en/shop/yikama/504250	2026-08-23
P0_RECOVER_PRODUCT	RECOVER_308	"noindex" etiketi tarafından hariç tutuldu	noindex_login_wraps_product	308_login_next_to_product	high	en	shop_pdp	set-ustu-mutfak	8310-14100-00	/en/shop/set-ustu-mutfak/8310-14100-00	True	True	https://equsto.com/en/login?mode=register&next=/en/shop/set-ustu-mutfak/8310-14100-00	2026-08-23
P0_RECOVER_PRODUCT	RECOVER_308	"noindex" etiketi tarafından hariç tutuldu	noindex_login_wraps_product	308_login_next_to_product	high	en	shop_pdp	sogutma	7506-0b390-00	/en/shop/sogutma/7506-0b390-00	True	True	https://equsto.com/en/login?mode=register&next=/en/shop/sogutma/7506-0b390-00	2026-08-23
P0_RECOVER_PRODUCT	RECOVER_308	"noindex" etiketi tarafından hariç tutuldu	noindex_login_wraps_product	308_login_next_to_product	high	en	shop_pdp	set-ustu-mutfak	8310-19100-00	/en/shop/set-ustu-mutfak/8310-19100-00	True	True	https://equsto.com/en/login?mode=register&next=/en/shop/set-ustu-mutfak/8310-19100-00	2026-08-23
P0_RECOVER_PRODUCT	RECOVER_308	"noindex" etiketi tarafından hariç tutuldu	noindex_login_wraps_product	308_login_next_to_product	high	en	shop_pdp	set-ustu-mutfak	8315-00019-00	/en/shop/set-ustu-mutfak/8315-00019-00	True	True	https://equsto.com/en/login?mode=register&next=/en/shop/set-ustu-mutfak/8315-00019-00	2026-08-23
P0_RECOVER_PRODUCT	RECOVER_308	"noindex" etiketi tarafından hariç tutuldu	noindex_login_wraps_product	308_login_next_to_product	high	en	shop_pdp	hazirlik	9823-dr230-00	/en/shop/hazirlik/9823-dr230-00	True	False	https://equsto.com/en/login?mode=register&next=/en/shop/hazirlik/9823-dr230-00	2026-08-23
P0_RECOVER_PRODUCT	RECOVER_308	"noindex" etiketi tarafından hariç tutuldu	noindex_login_wraps_product	308_login_next_to_product	high	en	shop_pdp	sogutma	118-sc900-k	/en/shop/sogutma/118-sc900-k	True	True	https://equsto.com/en/login?mode=register&next=/en/shop/sogutma/118-sc900-k	2026-08-23
P0_RECOVER_PRODUCT	RECOVER_308	"noindex" etiketi tarafından hariç tutuldu	noindex_login_wraps_product	308_login_next_to_product		en	shop_hub	pisirme			True	False	https://equsto.com/en/login?mode=register&next=/en/shop/pisirme?tip%3Dasansorlu-izgara	2026-08-23
P0_RECOVER_PRODUCT	RECOVER_308	"noindex" etiketi tarafından hariç tutuldu	noindex_login_wraps_product	308_login_next_to_product	high	en	shop_pdp	set-ustu-mutfak	8315-00012-00	/en/shop/set-ustu-mutfak/8315-00012-00	True	True	https://equsto.com/en/login?mode=register&next=/en/shop/set-ustu-mutfak/8315-00012-00	2026-08-23
P0_RECOVER_PRODUCT	RECOVER_308	"noindex" etiketi tarafından hariç tutuldu	noindex_login_wraps_product	308_login_next_to_product	high	en	shop_pdp	tezgah	7758-187c8-21	/en/shop/tezgah/7758-187c8-21	True	True	https://equsto.com/en/login?mode=register&next=/en/shop/tezgah/7758-187c8-21	2026-08-23
P0_RECOVER_PRODUCT	RECOVER_308	"noindex" etiketi tarafından hariç tutuldu	noindex_login_wraps_product	308_login_next_to_product	high	en	shop_pdp	set-ustu-mutfak	8310-13100-00	/en/shop/set-ustu-mutfak/8310-13100-00	True	True	https://equsto.com/en/login?mode=register&next=/en/shop/set-ustu-mutfak/8310-13100-00	2026-08-23
P0_RECOVER_PRODUCT	RECOVER_308	"noindex" etiketi tarafından hariç tutuldu	noindex_login_wraps_product	308_login_next_to_product	high	en	shop_pdp	set-ustu-mutfak	8310-0pp16-65	/en/shop/set-ustu-mutfak/8310-0pp16-65	True	True	https://equsto.com/en/login?mode=register&next=/en/shop/set-ustu-mutfak/8310-0pp16-65	2026-08-23
P0_RECOVER_PRODUCT	RECOVER_308	"noindex" etiketi tarafından hariç tutuldu	noindex_login_wraps_product	308_login_next_to_product		en	shop_hub	araba			True	False	https://equsto.com/en/login?mode=register&next=/en/shop/araba	2026-08-23
P0_RECOVER_PRODUCT	RECOVER_308	"noindex" etiketi tarafından hariç tutuldu	noindex_login_wraps_product	308_login_next_to_product	high	en	shop_pdp	set-ustu-mutfak	8310-0pp13-65	/en/shop/set-ustu-mutfak/8310-0pp13-65	True	True	https://equsto.com/en/login?mode=register&next=/en/shop/set-ustu-mutfak/8310-0pp13-65	2026-08-22
P0_RECOVER_PRODUCT	RECOVER_308	"noindex" etiketi tarafından hariç tutuldu	noindex_login_wraps_product	308_login_next_to_product	high	en	shop_pdp	sogutma	7919-df1517-00	/en/shop/sogutma/7919-df1517-00	True	True	https://equsto.com/en/login?mode=register&next=/en/shop/sogutma/7919-df1517-00	2026-08-22
P0_RECOVER_PRODUCT	RECOVER_308	"noindex" etiketi tarafından hariç tutuldu	noindex_login_wraps_product	308_login_next_to_product	high	en	shop_pdp	market-reyonlari	eq-falcon-eq39	/en/shop/market-reyonlari/eq-falcon-eq39	True	True	https://equsto.com/en/login?mode=register&next=/en/shop/market-reyonlari/eq-falcon-eq39	2026-08-22
P0_RECOVER_PRODUCT	RECOVER_308	"noindex" etiketi tarafından hariç tutuldu	noindex_login_wraps_product	308_login_next_to_product	high	en	shop_pdp	tezgah	eq-kbulst02-14070	/en/shop/tezgah/eq-kbulst02-14070	True	True	https://equsto.com/en/login?next=/en/shop/tezgah/eq-kbulst02-14070	2026-08-22
P0_RECOVER_PRODUCT	RECOVER_308	"noindex" etiketi tarafından hariç tutuldu	noindex_login_wraps_product	308_login_next_to_product	high	en	shop_pdp	set-ustu-mutfak	8310-12065-00	/en/shop/set-ustu-mutfak/8310-12065-00	True	True	https://equsto.com/en/login?mode=register&next=/en/shop/set-ustu-mutfak/8310-12065-00	2026-08-22
P0_RECOVER_PRODUCT	RECOVER_308	"noindex" etiketi tarafından hariç tutuldu	noindex_login_wraps_product	308_login_next_to_product	high	en	shop_pdp	market-reyonlari	eq-lion-eq34	/en/shop/market-reyonlari/eq-lion-eq34	True	True	https://equsto.com/en/login?mode=register&next=/en/shop/market-reyonlari/eq-lion-eq34	2026-08-22
P0_RECOVER_PRODUCT	RECOVER_308	"noindex" etiketi tarafından hariç tutuldu	noindex_login_wraps_product	308_login_next_to_product	high	en	shop_pdp	pisirme	7961-02929-1y4	/en/shop/yikama/7961-02929-1y4	True	True	https://equsto.com/en/login?mode=register&next=/en/shop/pisirme/7961-02929-1y4	2026-08-22
P0_RECOVER_PRODUCT	RECOVER_308	"noindex" etiketi tarafından hariç tutuldu	noindex_login_wraps_product	308_login_next_to_product	high	en	shop_pdp	pisirme	ast-129	/en/shop/pisirme/ast-129	True	True	https://equsto.com/en/login?mode=register&next=/en/shop/pisirme/ast-129	2026-08-22
P0_RECOVER_PRODUCT	RECOVER_308	"noindex" etiketi tarafından hariç tutuldu	noindex_login_wraps_product	308_login_next_to_product	high	en	shop_pdp	sogutma	79e3-27lmv-03	/en/shop/sogutma/79e3-27lmv-03	True	True	https://equsto.com/en/login?mode=register&next=/en/shop/sogutma/79e3-27lmv-03	2026-08-22
P0_RECOVER_PRODUCT	RECOVER_308	"noindex" etiketi tarafından hariç tutuldu	noindex_login_wraps_product	308_login_next_to_product	high	en	shop_pdp	sogutma	7919-cr2015-00	/en/shop/sogutma/7919-cr2015-00	True	True	https://equsto.com/en/login?mode=register&next=/en/shop/sogutma/7919-cr2015-00	2026-08-22
P0_RECOVER_PRODUCT	RECOVER_308	"noindex" etiketi tarafından hariç tutuldu	noindex_login_wraps_product	308_login_next_to_product	high	en	shop_pdp	pisirme	7855-n1-80908-11	/en/shop/pisirme/7855-n1-80908-11	True	True	https://equsto.com/en/login?mode=register&next=/en/shop/pisirme/7855-n1-80908-11	2026-08-22
P0_RECOVER_PRODUCT	RECOVER_308	"noindex" etiketi tarafından hariç tutuldu	noindex_login_wraps_product	308_login_next_to_product		en	shop_pdp	tezgah	pimak-19070-50		True	False	https://equsto.com/en/login?mode=register&next=/en/shop/tezgah/pimak-19070-50	2026-08-22
P0_RECOVER_PRODUCT	RECOVER_308	"noindex" etiketi tarafından hariç tutuldu	noindex_login_wraps_product	308_login_next_to_product	high	en	shop_pdp	dolap	7911-12060-79	/en/shop/tezgah/7911-12060-79	True	True	https://equsto.com/en/login?mode=register&next=/en/shop/dolap/7911-12060-79	2026-08-22
P0_RECOVER_PRODUCT	RECOVER_308	"noindex" etiketi tarafından hariç tutuldu	noindex_login_wraps_product	308_login_next_to_product	high	en	shop_pdp	market-reyonlari	eq-falcon-eq63	/en/shop/market-reyonlari/eq-falcon-eq63	True	True	https://equsto.com/en/login?mode=register&next=/en/shop/market-reyonlari/eq-falcon-eq63	2026-08-22
P0_RECOVER_PRODUCT	RECOVER_308	"noindex" etiketi tarafından hariç tutuldu	noindex_login_wraps_product	308_login_next_to_product	high	en	shop_pdp	market-reyonlari	eq-falcon-sld-eq50	/en/shop/market-reyonlari/eq-falcon-sld-eq50	True	True	https://equsto.com/en/login?mode=register&next=/en/shop/market-reyonlari/eq-falcon-sld-eq50	2026-08-22
P0_RECOVER_PRODUCT	RECOVER_308	"noindex" etiketi tarafından hariç tutuldu	noindex_login_wraps_product	308_login_next_to_product	high	en	shop_pdp	tezgah	7911-14070-20	/en/shop/tezgah/7911-14070-20	True	True	https://equsto.com/en/login?mode=register&next=/en/shop/tezgah/7911-14070-20	2026-08-22
P0_RECOVER_PRODUCT	RECOVER_308	"noindex" etiketi tarafından hariç tutuldu	noindex_login_wraps_product	308_login_next_to_product	high	en	shop_pdp	tasima	7919-70182-03	/en/shop/tasima/7919-70182-03	True	True	https://equsto.com/en/login?mode=register&next=/en/shop/tasima/7919-70182-03	2026-08-22
P0_RECOVER_PRODUCT	RECOVER_308	"noindex" etiketi tarafından hariç tutuldu	noindex_login_wraps_product	308_login_next_to_product	high	en	shop_pdp	istif	8897-46151-p0	/en/shop/istif/8897-46151-p0	True	True	https://equsto.com/en/login?mode=register&next=/en/shop/istif/8897-46151-p0	2026-08-22
P0_RECOVER_PRODUCT	RECOVER_308	"noindex" etiketi tarafından hariç tutuldu	noindex_login_wraps_product	308_login_next_to_product	high	en	shop_pdp	pisirme	eaei-660-nd	/en/shop/pisirme/eaei-660-nd	True	True	https://equsto.com/en/login?mode=register&next=/en/shop/pisirme/eaei-660-nd	2026-08-22
P0_RECOVER_PRODUCT	RECOVER_308	"noindex" etiketi tarafından hariç tutuldu	noindex_login_wraps_product	308_login_next_to_product	high	en	shop_pdp	yikama	ino-bym102s	/en/shop/yikama/ino-bym102s	True	True	https://equsto.com/en/login?mode=register&next=/en/shop/yikama/ino-bym102s	2026-08-22
P0_RECOVER_PRODUCT	RECOVER_308	"noindex" etiketi tarafından hariç tutuldu	noindex_login_wraps_product	308_login_next_to_product	high	en	shop_pdp	sogutma	79k4-12nmv-11	/en/shop/sogutma/79k4-12nmv-11	True	True	https://equsto.com/en/login?mode=register&next=/en/shop/sogutma/79k4-12nmv-11	2026-08-22
P0_RECOVER_PRODUCT	RECOVER_308	"noindex" etiketi tarafından hariç tutuldu	noindex_login_wraps_product	308_login_next_to_product	high	en	shop_pdp	tezgah	eq-kct08-14070	/en/shop/tezgah/eq-kct08-14070	True	True	https://equsto.com/en/login?mode=register&next=/en/shop/tezgah/eq-kct08-14070	2026-08-22
P0_RECOVER_PRODUCT	RECOVER_308	"noindex" etiketi tarafından hariç tutuldu	noindex_login_wraps_product	308_login_next_to_product	high	en	shop_pdp	set-ustu-mutfak	8310-16065-00	/en/shop/set-ustu-mutfak/8310-16065-00	True	True	https://equsto.com/en/login?mode=register&next=/en/shop/set-ustu-mutfak/8310-16065-00	2026-08-22
P0_RECOVER_PRODUCT	RECOVER_308	"noindex" etiketi tarafından hariç tutuldu	noindex_login_wraps_product	308_login_next_to_product	high	en	shop_pdp	tezgah	133119	/en/shop/tezgah/133119	True	True	https://equsto.com/en/login?mode=register&next=/en/shop/tezgah/133119	2026-08-22
P0_RECOVER_PRODUCT	RECOVER_308	"noindex" etiketi tarafından hariç tutuldu	noindex_login_wraps_product	308_login_next_to_product	high	en	shop_pdp	market-reyonlari	eq-butterfly-cg-pr-pn-ht-eq2	/en/shop/market-reyonlari/eq-butterfly-cg-pr-pn-ht-eq2	True	False	https://equsto.com/en/login?mode=register&next=/en/shop/market-reyonlari/eq-butterfly-cg-pr-pn-ht-eq2	2026-08-22
P0_RECOVER_PRODUCT	RECOVER_308	"noindex" etiketi tarafından hariç tutuldu	noindex_login_wraps_product	308_login_next_to_product	high	en	shop_pdp	sogutma	8919-oef15-ap	/en/shop/sogutma/8919-oef15-ap	True	True	https://equsto.com/en/login?mode=register&next=/en/shop/sogutma/8919-oef15-ap	2026-08-22
P0_RECOVER_PRODUCT	RECOVER_308	"noindex" etiketi tarafından hariç tutuldu	noindex_login_wraps_product	308_login_next_to_product	high	en	shop_pdp	pisirme	7961-04929-1o3	/en/shop/yikama/7961-04929-1o3	True	True	https://equsto.com/en/login?mode=register&next=/en/shop/pisirme/7961-04929-1o3	2026-08-22
P0_RECOVER_PRODUCT	RECOVER_308	"noindex" etiketi tarafından hariç tutuldu	noindex_login_wraps_product	308_login_next_to_product	high	en	shop_pdp	pisirme	ino-9ig11s	/en/shop/pisirme/ino-9ig11s	True	True	https://equsto.com/en/login?mode=register&next=/en/shop/pisirme/ino-9ig11s	2026-08-22
P0_RECOVER_PRODUCT	RECOVER_308	"noindex" etiketi tarafından hariç tutuldu	noindex_login_wraps_product	308_login_next_to_product		en	shop_hub	kuvetler			True	False	https://equsto.com/en/login?mode=register&next=/en/shop/kuvetler?tip%3Dpp-pc-gn	2026-08-22
P0_RECOVER_PRODUCT	RECOVER_308	"noindex" etiketi tarafından hariç tutuldu	noindex_login_wraps_product	308_login_next_to_product	high	en	shop_pdp	tezgah	7758-216e8-31	/en/shop/tezgah/7758-216e8-31	True	True	https://equsto.com/en/login?mode=register&next=/en/shop/tezgah/7758-216e8-31	2026-08-22
P0_RECOVER_PRODUCT	RECOVER_308	"noindex" etiketi tarafından hariç tutuldu	noindex_login_wraps_product	308_login_next_to_product	high	en	shop_pdp	tezgah	7754-147d8-11	/en/shop/tezgah/7754-147d8-11	True	True	https://equsto.com/en/login?mode=register&next=/en/shop/tezgah/7754-147d8-11	2026-08-22
P0_RECOVER_PRODUCT	RECOVER_308	"noindex" etiketi tarafından hariç tutuldu	noindex_login_wraps_product	308_login_next_to_product	high	en	shop_pdp	pisirme	7960-07429-5o3	/en/shop/yikama/7960-07429-5o3	True	True	https://equsto.com/en/login?mode=register&next=/en/shop/pisirme/7960-07429-5o3	2026-08-22
P0_RECOVER_PRODUCT	RECOVER_308	"noindex" etiketi tarafından hariç tutuldu	noindex_login_wraps_product	308_login_next_to_product	high	en	shop_pdp	istif	46-x-152-x-183-304l	/en/shop/istif/46-x-152-x-183-304l	True	True	https://equsto.com/en/login?mode=register&next=/en/shop/istif/46-x-152-x-183-304l	2026-08-22
P0_RECOVER_PRODUCT	RECOVER_308	"noindex" etiketi tarafından hariç tutuldu	noindex_login_wraps_product	308_login_next_to_product		en	shop_pdp	market-reyonlari	eq-acelya-eq7		True	False	https://equsto.com/en/login?mode=register&next=/en/shop/market-reyonlari/eq-acelya-eq7	2026-08-22
P0_RECOVER_PRODUCT	RECOVER_308	"noindex" etiketi tarafından hariç tutuldu	noindex_login_wraps_product	308_login_next_to_product		en	shop_hub	set-ustu-mutfak			True	False	https://equsto.com/en/login?mode=register&next=/en/shop/set-ustu-mutfak?tip%3Dkesme-tahtasi	2026-08-22
P0_RECOVER_PRODUCT	RECOVER_308	"noindex" etiketi tarafından hariç tutuldu	noindex_login_wraps_product	308_login_next_to_product	high	en	shop_pdp	pisirme	abs-10	/en/shop/pisirme/abs-10	True	True	https://equsto.com/en/login?mode=register&next=/en/shop/pisirme/abs-10	2026-08-22
P0_RECOVER_PRODUCT	RECOVER_308	"noindex" etiketi tarafından hariç tutuldu	noindex_login_wraps_product	308_login_next_to_product	high	en	shop_pdp	sogutma	7919-cr3017-00	/en/shop/sogutma/7919-cr3017-00	True	True	https://equsto.com/en/login?mode=register&next=/en/shop/sogutma/7919-cr3017-00	2026-08-22
P0_RECOVER_PRODUCT	RECOVER_308	"noindex" etiketi tarafından hariç tutuldu	noindex_login_wraps_product	308_login_next_to_product	high	en	shop_pdp	yikama	118-dbe-02	/en/shop/yikama/118-dbe-02	True	True	https://equsto.com/en/login?mode=register&next=/en/shop/yikama/118-dbe-02	2026-08-22
P0_RECOVER_PRODUCT	RECOVER_308	"noindex" etiketi tarafından hariç tutuldu	noindex_login_wraps_product	308_login_next_to_product	high	en	shop_pdp	tezgah	7754-156a8-21	/en/shop/tezgah/7754-156a8-21	True	True	https://equsto.com/en/login?mode=register&next=/en/shop/tezgah/7754-156a8-21	2026-08-22
P0_RECOVER_PRODUCT	RECOVER_308	"noindex" etiketi tarafından hariç tutuldu	noindex_login_wraps_product	308_login_next_to_product	high	en	shop_pdp	market-reyonlari	eq-lion-eq9	/en/shop/market-reyonlari/eq-lion-eq9	True	True	https://equsto.com/en/login?mode=register&next=/en/shop/market-reyonlari/eq-lion-eq9	2026-08-22
P0_RECOVER_PRODUCT	RECOVER_308	"noindex" etiketi tarafından hariç tutuldu	noindex_login_wraps_product	308_login_next_to_product	high	en	shop_pdp	tezgah	eq-kct05-12070	/en/shop/tezgah/eq-kct05-12070	True	True	https://equsto.com/en/login?mode=register&next=/en/shop/tezgah/eq-kct05-12070	2026-08-22
P0_RECOVER_PRODUCT	RECOVER_308	"noindex" etiketi tarafından hariç tutuldu	noindex_login_wraps_product	308_login_next_to_product	high	en	shop_pdp	yikama	ino-byf360l	/en/shop/yikama/ino-byf360l	True	True	https://equsto.com/en/login?mode=register&next=/en/shop/yikama/ino-byf360l	2026-08-22
P0_RECOVER_PRODUCT	RECOVER_308	"noindex" etiketi tarafından hariç tutuldu	noindex_login_wraps_product	308_login_next_to_product	high	en	shop_pdp	tezgah	7911-09070-84	/en/shop/tezgah/7911-09070-84	True	True	https://equsto.com/en/login?mode=register&next=/en/shop/tezgah/7911-09070-84	2026-08-22
P0_RECOVER_PRODUCT	RECOVER_308	"noindex" etiketi tarafından hariç tutuldu	noindex_login_wraps_product	308_login_next_to_product	high	en	shop_pdp	set-ustu-mutfak	9332-00023-50	/en/shop/set-ustu-mutfak/9332-00023-50	True	True	https://equsto.com/en/login?mode=register&next=/en/shop/set-ustu-mutfak/9332-00023-50	2026-08-22
P0_RECOVER_PRODUCT	RECOVER_308	"noindex" etiketi tarafından hariç tutuldu	noindex_login_wraps_product	308_login_next_to_product	high	en	shop_pdp	dolap	79k4-12lmv-10	/en/shop/tezgah/79k4-12lmv-10	True	True	https://equsto.com/en/login?mode=register&next=/en/shop/dolap/79k4-12lmv-10	2026-08-22
P0_RECOVER_PRODUCT	RECOVER_308	"noindex" etiketi tarafından hariç tutuldu	noindex_login_wraps_product	308_login_next_to_product		en	shop_pdp	market-reyonlari	eq-lotus-lb-eq1		True	False	https://equsto.com/en/login?mode=register&next=/en/shop/market-reyonlari/eq-lotus-lb-eq1	2026-08-22
P0_RECOVER_PRODUCT	RECOVER_308	"noindex" etiketi tarafından hariç tutuldu	noindex_login_wraps_product	308_login_next_to_product	high	en	shop_pdp	set-ustu-mutfak	8850-wf25e-02	/en/shop/set-ustu-mutfak/8850-wf25e-02	True	True	https://equsto.com/en/login?mode=register&next=/en/shop/set-ustu-mutfak/8850-wf25e-02	2026-08-22
P0_RECOVER_PRODUCT	RECOVER_308	"noindex" etiketi tarafından hariç tutuldu	noindex_login_wraps_product	308_login_next_to_product	high	en	shop_pdp	pisirme	7864-n1-80703-72	/en/shop/pisirme/7864-n1-80703-72	True	True	https://equsto.com/en/login?mode=register&next=/en/shop/pisirme/7864-n1-80703-72	2026-08-22
P0_RECOVER_PRODUCT	RECOVER_308	"noindex" etiketi tarafından hariç tutuldu	noindex_login_wraps_product	308_login_next_to_product	high	en	shop_pdp	pisirme	371194	/en/shop/pisirme/371194	True	True	https://equsto.com/en/login?mode=register&next=/en/shop/pisirme/371194	2026-08-22
P0_RECOVER_PRODUCT	RECOVER_308	"noindex" etiketi tarafından hariç tutuldu	noindex_login_wraps_product	308_login_next_to_product	high	en	shop_pdp	hazirlik	118-dy-02	/en/shop/hazirlik/118-dy-02	True	True	https://equsto.com/en/login?mode=register&next=/en/shop/hazirlik/118-dy-02	2026-08-22
P0_RECOVER_PRODUCT	RECOVER_308	"noindex" etiketi tarafından hariç tutuldu	noindex_login_wraps_product	308_login_next_to_product	high	en	shop_pdp	sogutma	cam-3d70	/en/shop/sogutma/cam-3d70	True	True	https://equsto.com/en/login?mode=register&next=/en/shop/sogutma/cam-3d70	2026-08-22
P0_RECOVER_PRODUCT	RECOVER_308	"noindex" etiketi tarafından hariç tutuldu	noindex_login_wraps_product	308_login_next_to_product	high	en	shop_pdp	tezgah	7754-186e8-23	/en/shop/tezgah/7754-186e8-23	True	True	https://equsto.com/en/login?mode=register&next=/en/shop/tezgah/7754-186e8-23	2026-08-22
P0_RECOVER_PRODUCT	RECOVER_308	"noindex" etiketi tarafından hariç tutuldu	noindex_login_wraps_product	308_login_next_to_product	high	en	shop_pdp	yikama	7711-12075-13	/en/shop/yikama/7711-12075-13	True	True	https://equsto.com/en/login?mode=register&next=/en/shop/yikama/7711-12075-13	2026-08-22
P0_RECOVER_PRODUCT	RECOVER_308	"noindex" etiketi tarafından hariç tutuldu	noindex_login_wraps_product	308_login_next_to_product	high	en	shop_pdp	pisirme	aei-873-n	/en/shop/pisirme/aei-873-n	True	True	https://equsto.com/en/login?mode=register&next=/en/shop/pisirme/aei-873-n	2026-08-22
P0_RECOVER_PRODUCT	RECOVER_308	"noindex" etiketi tarafından hariç tutuldu	noindex_login_wraps_product	308_login_next_to_product	high	en	shop_pdp	market-reyonlari	eq-lion-eq10	/en/shop/market-reyonlari/eq-lion-eq10	True	True	https://equsto.com/en/login?mode=register&next=/en/shop/market-reyonlari/eq-lion-eq10	2026-08-22
P0_RECOVER_PRODUCT	RECOVER_308	"noindex" etiketi tarafından hariç tutuldu	noindex_login_wraps_product	308_login_next_to_product	high	en	shop_pdp	tezgah	ino-krn110c	/en/shop/tezgah/ino-krn110c	True	True	https://equsto.com/en/login?mode=register&next=/en/shop/tezgah/ino-krn110c	2026-08-22
P0_RECOVER_PRODUCT	RECOVER_308	"noindex" etiketi tarafından hariç tutuldu	noindex_login_wraps_product	308_login_next_to_product	high	en	shop_pdp	tezgah	7897-16030-04	/en/shop/tezgah/7897-16030-04	True	True	https://equsto.com/en/login?mode=register&next=/en/shop/tezgah/7897-16030-04	2026-08-22
P0_RECOVER_PRODUCT	RECOVER_308	"noindex" etiketi tarafından hariç tutuldu	noindex_login_wraps_product	308_login_next_to_product	high	en	shop_pdp	pisirme	7854-07098-25	/en/shop/pisirme/7854-07098-25	True	True	https://equsto.com/en/login?mode=register&next=/en/shop/pisirme/7854-07098-25	2026-08-22
P0_RECOVER_PRODUCT	RECOVER_308	"noindex" etiketi tarafından hariç tutuldu	noindex_login_wraps_product	308_login_next_to_product	high	en	shop_pdp	market-reyonlari	eq-lion-sld-eq6	/en/shop/market-reyonlari/eq-lion-sld-eq6	True	True	https://equsto.com/en/login?mode=register&next=/en/shop/market-reyonlari/eq-lion-sld-eq6	2026-08-22
P0_RECOVER_PRODUCT	RECOVER_308	"noindex" etiketi tarafından hariç tutuldu	noindex_login_wraps_product	308_login_next_to_product	high	en	shop_pdp	tezgah	ino-kbn140	/en/shop/tezgah/ino-kbn140	True	True	https://equsto.com/en/login?mode=register&next=/en/shop/tezgah/ino-kbn140	2026-08-22
P0_RECOVER_PRODUCT	RECOVER_308	"noindex" etiketi tarafından hariç tutuldu	noindex_login_wraps_product	308_login_next_to_product	high	en	shop_pdp	tezgah	7911-09070-96	/en/shop/tezgah/7911-09070-96	True	True	https://equsto.com/en/login?mode=register&next=/en/shop/tezgah/7911-09070-96	2026-08-22
P0_RECOVER_PRODUCT	COMMERCE_LEAK_ROBOTS_LOGIN	Robots.txt tarafından engellendi	login_blocked_but_hides_product	308_login_next_to_product	high	en	shop_pdp	pisirme	7961-11829-5o1	/en/shop/yikama/7961-11829-5o1	True	True	https://equsto.com/en/login.html?next=/en/shop/pisirme/7961-11829-5o1	2026-09-16
P0_RECOVER_PRODUCT	COMMERCE_LEAK_ROBOTS_LOGIN	Robots.txt tarafından engellendi	login_blocked_but_hides_product	308_login_next_to_product	high	en	shop_pdp	set-ustu-mutfak	7490-00003-00	/en/shop/set-ustu-mutfak/7490-00003-00	True	True	https://equsto.com/en/login?mode=register&next=/en/shop/set-ustu-mutfak/7490-00003-00	2026-09-16
P0_RECOVER_PRODUCT	COMMERCE_LEAK_ROBOTS_LOGIN	Robots.txt tarafından engellendi	login_blocked_but_hides_product	308_login_next_to_product	high	en	shop_pdp	yikama	0753-00023-09	/en/shop/yikama/0753-00023-09	True	True	https://equsto.com/en/login?mode=register&next=/en/shop/yikama/0753-00023-09	2026-09-16
P0_RECOVER_PRODUCT	COMMERCE_LEAK_ROBOTS_LOGIN	Robots.txt tarafından engellendi	login_blocked_but_hides_product	308_login_next_to_product	high	en	shop_pdp	pisirme	adg-10a	/en/shop/pisirme/adg-10a	True	True	https://equsto.com/en/login.html?next=/en/shop/pisirme/adg-10a	2026-09-16
P0_RECOVER_PRODUCT	COMMERCE_LEAK_ROBOTS_LOGIN	Robots.txt tarafından engellendi	login_blocked_but_hides_product	308_login_next_to_product	high	en	shop_pdp	set-ustu-mutfak	0311-21200-21	/en/shop/set-ustu-mutfak/0311-21200-21	True	True	https://equsto.com/en/login.html?next=/en/shop/set-ustu-mutfak/0311-21200-21	2026-09-16
P0_RECOVER_PRODUCT	COMMERCE_LEAK_ROBOTS_LOGIN	Robots.txt tarafından engellendi	login_blocked_but_hides_product	308_login_next_to_product	high	en	shop_pdp	tezgah	eq-kdct01-16070	/en/shop/tezgah/eq-kdct01-16070	True	True	https://equsto.com/en/login.html?next=/en/shop/tezgah/eq-kdct01-16070	2026-09-16
P0_RECOVER_PRODUCT	COMMERCE_LEAK_ROBOTS_LOGIN	Robots.txt tarafından engellendi	login_blocked_but_hides_product	308_login_next_to_product	high	en	shop_pdp	market-reyonlari	eq-lion-tgd-eq34	/en/shop/market-reyonlari/eq-lion-tgd-eq34	True	True	https://equsto.com/en/login.html?next=/en/shop/market-reyonlari/eq-lion-tgd-eq34	2026-09-16
P0_RECOVER_PRODUCT	COMMERCE_LEAK_ROBOTS_LOGIN	Robots.txt tarafından engellendi	login_blocked_but_hides_product	308_login_next_to_product	high	en	shop_pdp	hazirlik	208-653773-j2x	/en/shop/hazirlik/208-653773-j2x	True	True	https://equsto.com/en/login?mode=register&next=/en/shop/hazirlik/208-653773-j2x	2026-09-16
P0_RECOVER_PRODUCT	COMMERCE_LEAK_ROBOTS_LOGIN	Robots.txt tarafından engellendi	login_blocked_but_hides_product	308_login_next_to_product	high	en	shop_pdp	sogutma	sbt-4n70	/en/shop/sogutma/sbt-4n70	True	True	https://equsto.com/en/login.html?next=/en/shop/sogutma/sbt-4n70	2026-09-16
P0_RECOVER_PRODUCT	COMMERCE_LEAK_ROBOTS_LOGIN	Robots.txt tarafından engellendi	login_blocked_but_hides_product	308_login_next_to_product		en	shop_pdp	market-reyonlari	eq-hercai-mr-eq5		True	False	https://equsto.com/en/login?mode=register&next=/en/shop/market-reyonlari/eq-hercai-mr-eq5	2026-09-16
P0_RECOVER_PRODUCT	COMMERCE_LEAK_ROBOTS_LOGIN	Robots.txt tarafından engellendi	login_blocked_but_hides_product	308_login_next_to_product		en	shop_pdp	market-reyonlari	eq-lotus-lb-eq27		True	False	https://equsto.com/en/login.html?next=/en/shop/market-reyonlari/eq-lotus-lb-eq27	2026-09-16
P0_RECOVER_PRODUCT	COMMERCE_LEAK_ROBOTS_LOGIN	Robots.txt tarafından engellendi	login_blocked_but_hides_product	308_login_next_to_product		en	shop_pdp	market-reyonlari	eq-papatya-nv-eq3		True	False	https://equsto.com/en/login?mode=register&next=/en/shop/market-reyonlari/eq-papatya-nv-eq3	2026-09-16
P0_RECOVER_PRODUCT	COMMERCE_LEAK_ROBOTS_LOGIN	Robots.txt tarafından engellendi	login_blocked_but_hides_product	308_login_next_to_product		en	shop_pdp	market-reyonlari	eq-fulya-hf-fg-eq21		True	False	https://equsto.com/en/login?mode=register&next=/en/shop/market-reyonlari/eq-fulya-hf-fg-eq21	2026-09-16
P0_RECOVER_PRODUCT	COMMERCE_LEAK_ROBOTS_LOGIN	Robots.txt tarafından engellendi	login_blocked_but_hides_product	308_login_next_to_product	high	en	shop_pdp	set-ustu-mutfak	0356-31144-01	/en/shop/set-ustu-mutfak/0356-31144-01	True	True	https://equsto.com/en/login.html?next=/en/shop/set-ustu-mutfak/0356-31144-01	2026-09-16
P0_RECOVER_PRODUCT	COMMERCE_LEAK_ROBOTS_LOGIN	Robots.txt tarafından engellendi	login_blocked_but_hides_product	308_login_next_to_product		en	shop_pdp	market-reyonlari	eq-fulya-nv-fg-eq24		True	False	https://equsto.com/en/login?mode=register&next=/en/shop/market-reyonlari/eq-fulya-nv-fg-eq24	2026-09-16
P0_RECOVER_PRODUCT	COMMERCE_LEAK_ROBOTS_LOGIN	Robots.txt tarafından engellendi	login_blocked_but_hides_product	308_login_next_to_product	high	en	shop_pdp	set-ustu-mutfak	8310-13100-00	/en/shop/set-ustu-mutfak/8310-13100-00	True	True	https://equsto.com/en/login.html?next=/en/shop/set-ustu-mutfak/8310-13100-00	2026-09-16
P0_RECOVER_PRODUCT	COMMERCE_LEAK_ROBOTS_LOGIN	Robots.txt tarafından engellendi	login_blocked_but_hides_product	308_login_next_to_product	high	en	shop_pdp	pisirme	aei-870-nd	/en/shop/pisirme/aei-870-nd	True	True	https://equsto.com/en/login.html?next=/en/shop/pisirme/aei-870-nd	2026-09-16
P0_RECOVER_PRODUCT	COMMERCE_LEAK_ROBOTS_LOGIN	Robots.txt tarafından engellendi	login_blocked_but_hides_product	308_login_next_to_product	high	en	shop_pdp	dolap	7911-16070-23	/en/shop/tezgah/7911-16070-23	True	True	https://equsto.com/en/login.html?next=/en/shop/dolap/7911-16070-23	2026-09-16
P0_RECOVER_PRODUCT	COMMERCE_LEAK_ROBOTS_LOGIN	Robots.txt tarafından engellendi	login_blocked_but_hides_product	308_login_next_to_product	high	en	shop_pdp	set-ustu-mutfak	0311-14100-10	/en/shop/set-ustu-mutfak/0311-14100-10	True	True	https://equsto.com/en/login.html?next=/en/shop/set-ustu-mutfak/0311-14100-10	2026-09-16
P0_RECOVER_PRODUCT	COMMERCE_LEAK_ROBOTS_LOGIN	Robots.txt tarafından engellendi	login_blocked_but_hides_product	308_login_next_to_product	high	en	shop_pdp	araba	mt196g	/en/shop/araba/mt196g	True	True	https://equsto.com/en/login.html?next=/en/shop/araba/mt196g	2026-09-16
P0_RECOVER_PRODUCT	COMMERCE_LEAK_ROBOTS_LOGIN	Robots.txt tarafından engellendi	login_blocked_but_hides_product	308_login_next_to_product	high	en	shop_pdp	set-ustu-mutfak	0210-45608-12	/en/shop/set-ustu-mutfak/0210-45608-12	True	True	https://equsto.com/en/login?mode=register&next=/en/shop/set-ustu-mutfak/0210-45608-12	2026-09-16
P0_RECOVER_PRODUCT	COMMERCE_LEAK_ROBOTS_LOGIN	Robots.txt tarafından engellendi	login_blocked_but_hides_product	308_login_next_to_product		en	other		/en/industrial-kitchen-equipment-turkey		True	False	https://equsto.com/en/login.html?next=/en/industrial-kitchen-equipment-turkey	2026-09-16
P0_RECOVER_PRODUCT	COMMERCE_LEAK_ROBOTS_LOGIN	Robots.txt tarafından engellendi	login_blocked_but_hides_product	308_login_next_to_product	high	en	shop_pdp	pisirme	ino-zmd-7ig30s	/en/shop/pisirme/ino-zmd-7ig30s	True	True	https://equsto.com/en/login?mode=register&next=/en/shop/pisirme/ino-zmd-7ig30s	2026-09-16
P0_RECOVER_PRODUCT	COMMERCE_LEAK_ROBOTS_LOGIN	Robots.txt tarafından engellendi	login_blocked_but_hides_product	308_login_next_to_product	high	en	shop_pdp	istif	tm3080123	/en/shop/istif/tm3080123	True	False	https://equsto.com/en/login.html?next=/en/shop/istif/tm3080123	2026-09-16
P0_RECOVER_PRODUCT	COMMERCE_LEAK_ROBOTS_LOGIN	Robots.txt tarafından engellendi	login_blocked_but_hides_product	308_login_next_to_product	high	en	shop_pdp	hazirlik	vsc-616de	/en/shop/hazirlik/vsc-616de	True	True	https://equsto.com/en/login.html?next=/en/shop/hazirlik/vsc-616de	2026-09-16
P0_RECOVER_PRODUCT	COMMERCE_LEAK_ROBOTS_LOGIN	Robots.txt tarafından engellendi	login_blocked_but_hides_product	308_login_next_to_product	high	en	shop_pdp	tezgah	7911-12070-00	/en/shop/tezgah/7911-12070-00	True	True	https://equsto.com/en/login.html?next=/en/shop/tezgah/7911-12070-00	2026-09-16
P0_RECOVER_PRODUCT	COMMERCE_LEAK_ROBOTS_LOGIN	Robots.txt tarafından engellendi	login_blocked_but_hides_product	308_login_next_to_product	high	en	shop_pdp	sogutma	asbhdg-4n70e	/en/shop/sogutma/asbhdg-4n70e	True	True	https://equsto.com/en/login?mode=register&next=/en/shop/sogutma/asbhdg-4n70e	2026-09-16
P0_RECOVER_PRODUCT	COMMERCE_LEAK_ROBOTS_LOGIN	Robots.txt tarafından engellendi	login_blocked_but_hides_product	308_login_next_to_product	high	en	shop_pdp	market-reyonlari	eq-falcon-eq138	/en/shop/market-reyonlari/eq-falcon-eq138	True	True	https://equsto.com/en/login.html?next=/en/shop/market-reyonlari/eq-falcon-eq138	2026-09-16
P0_RECOVER_PRODUCT	COMMERCE_LEAK_ROBOTS_LOGIN	Robots.txt tarafından engellendi	login_blocked_but_hides_product	308_login_next_to_product	high	en	shop_pdp	tezgah	7911-09060-08	/en/shop/tezgah/7911-09060-08	True	True	https://equsto.com/en/login.html?next=/en/shop/tezgah/7911-09060-08	2026-09-16
P0_RECOVER_PRODUCT	COMMERCE_LEAK_ROBOTS_LOGIN	Robots.txt tarafından engellendi	login_blocked_but_hides_product	308_login_next_to_product	high	en	shop_pdp	tezgah	eq-kmertt01-14070	/en/shop/tezgah/eq-kmertt01-14070	True	True	https://equsto.com/en/login.html?next=/en/shop/tezgah/eq-kmertt01-14070	2026-09-16
P0_RECOVER_PRODUCT	COMMERCE_LEAK_ROBOTS_LOGIN	Robots.txt tarafından engellendi	login_blocked_but_hides_product	308_login_next_to_product	high	en	shop_pdp	pisirme	akm-4002	/en/shop/pisirme/akm-4002	True	True	https://equsto.com/en/login.html?next=/en/shop/pisirme/akm-4002	2026-09-16
P0_RECOVER_PRODUCT	COMMERCE_LEAK_ROBOTS_LOGIN	Robots.txt tarafından engellendi	login_blocked_but_hides_product	308_login_next_to_product	high	en	shop_pdp	market-reyonlari	eq-whale-eq3	/en/shop/market-reyonlari/eq-whale-eq3	True	True	https://equsto.com/en/login?mode=register&next=/en/shop/market-reyonlari/eq-whale-eq3	2026-09-16
P0_RECOVER_PRODUCT	COMMERCE_LEAK_ROBOTS_LOGIN	Robots.txt tarafından engellendi	login_blocked_but_hides_product	308_login_next_to_product	high	en	shop_pdp	pisirme	9890-x2021-eg	/en/shop/pisirme/9890-x2021-eg	True	True	https://equsto.com/en/login?mode=register&next=/en/shop/pisirme/9890-x2021-eg	2026-09-16
P0_RECOVER_PRODUCT	COMMERCE_LEAK_ROBOTS_LOGIN	Robots.txt tarafından engellendi	login_blocked_but_hides_product	308_login_next_to_product	high	en	shop_pdp	set-ustu-mutfak	0311-23040-21	/en/shop/set-ustu-mutfak/0311-23040-21	True	True	https://equsto.com/en/login.html?next=/en/shop/set-ustu-mutfak/0311-23040-21	2026-09-16
P0_RECOVER_PRODUCT	COMMERCE_LEAK_ROBOTS_LOGIN	Robots.txt tarafından engellendi	login_blocked_but_hides_product	308_login_next_to_product	high	en	shop_pdp	set-ustu-mutfak	0314-24020-01	/en/shop/set-ustu-mutfak/0314-24020-01	True	True	https://equsto.com/en/login.html?next=/en/shop/set-ustu-mutfak/0314-24020-01	2026-09-16
P0_RECOVER_PRODUCT	COMMERCE_LEAK_ROBOTS_LOGIN	Robots.txt tarafından engellendi	login_blocked_but_hides_product	308_login_next_to_product	high	en	shop_pdp	hazirlik	9810-mp350-u0	/en/shop/hazirlik/9810-mp350-u0	True	True	https://equsto.com/en/login.html?next=/en/shop/hazirlik/9810-mp350-u0	2026-09-16
P0_RECOVER_PRODUCT	COMMERCE_LEAK_ROBOTS_LOGIN	Robots.txt tarafından engellendi	login_blocked_but_hides_product	308_login_next_to_product	high	en	shop_pdp	tezgah	ino-kdv4	/en/shop/tezgah/ino-kdv4	True	True	https://equsto.com/en/login?mode=register&next=/en/shop/tezgah/ino-kdv4	2026-09-16
P0_RECOVER_PRODUCT	COMMERCE_LEAK_ROBOTS_LOGIN	Robots.txt tarafından engellendi	login_blocked_but_hides_product	308_login_next_to_product	high	en	shop_pdp	tezgah	eq-kptt05-12070	/en/shop/tezgah/eq-kptt05-12070	True	True	https://equsto.com/en/login.html?next=/en/shop/tezgah/eq-kptt05-12070	2026-09-16
P0_RECOVER_PRODUCT	COMMERCE_LEAK_ROBOTS_LOGIN	Robots.txt tarafından engellendi	login_blocked_but_hides_product	308_login_next_to_product		en	shop_pdp	market-reyonlari	eq-papatya-hf-eq8		True	False	https://equsto.com/en/login.html?next=/en/shop/market-reyonlari/eq-papatya-hf-eq8	2026-09-16
P0_RECOVER_PRODUCT	COMMERCE_LEAK_ROBOTS_LOGIN	Robots.txt tarafından engellendi	login_blocked_but_hides_product	308_login_next_to_product		en	shop_pdp	market-reyonlari	eq-fulya-hf-pn-eq15		True	False	https://equsto.com/en/login.html?next=/en/shop/market-reyonlari/eq-fulya-hf-pn-eq15	2026-09-16
P0_RECOVER_PRODUCT	COMMERCE_LEAK_ROBOTS_LOGIN	Robots.txt tarafından engellendi	login_blocked_but_hides_product	308_login_next_to_product	high	en	shop_pdp	tezgah	7919-36ntv-c2	/en/shop/tezgah/7919-36ntv-c2	True	True	https://equsto.com/en/login?mode=register&next=/en/shop/tezgah/7919-36ntv-c2	2026-09-16
P0_RECOVER_PRODUCT	COMMERCE_LEAK_ROBOTS_LOGIN	Robots.txt tarafından engellendi	login_blocked_but_hides_product	308_login_next_to_product	high	en	shop_pdp	tezgah	7911-10070-95	/en/shop/tezgah/7911-10070-95	True	True	https://equsto.com/en/login?mode=register&next=/en/shop/tezgah/7911-10070-95	2026-09-16
P0_RECOVER_PRODUCT	COMMERCE_LEAK_ROBOTS_LOGIN	Robots.txt tarafından engellendi	login_blocked_but_hides_product	308_login_next_to_product	high	en	shop_pdp	sogutma	710049	/en/shop/sogutma/710049	True	True	https://equsto.com/en/login.html?next=/en/shop/sogutma/710049	2026-09-16
P0_RECOVER_PRODUCT	COMMERCE_LEAK_ROBOTS_LOGIN	Robots.txt tarafından engellendi	login_blocked_but_hides_product	308_login_next_to_product	high	en	shop_pdp	davlumbaz	7885-25125-12	/en/shop/davlumbaz/7885-25125-12	True	True	https://equsto.com/en/login?mode=register&next=/en/shop/davlumbaz/7885-25125-12	2026-09-16
P0_RECOVER_PRODUCT	COMMERCE_LEAK_ROBOTS_LOGIN	Robots.txt tarafından engellendi	login_blocked_but_hides_product	308_login_next_to_product	high	en	shop_pdp	market-reyonlari	eq-falcon-eq19	/en/shop/market-reyonlari/eq-falcon-eq19	True	True	https://equsto.com/en/login.html?next=/en/shop/market-reyonlari/eq-falcon-eq19	2026-09-16
P0_RECOVER_PRODUCT	COMMERCE_LEAK_ROBOTS_LOGIN	Robots.txt tarafından engellendi	login_blocked_but_hides_product	308_login_next_to_product	high	en	shop_pdp	pisirme	7864-n1-60603-70	/en/shop/pisirme/7864-n1-60603-70	True	True	https://equsto.com/en/login?next=/en/shop/pisirme/7864-n1-60603-70	2026-09-16
P0_RECOVER_PRODUCT	COMMERCE_LEAK_ROBOTS_LOGIN	Robots.txt tarafından engellendi	login_blocked_but_hides_product	308_login_next_to_product	high	en	shop_pdp	hazirlik	9860-mp450-c0	/en/shop/hazirlik/9860-mp450-c0	True	True	https://equsto.com/en/login?mode=register&next=/en/shop/hazirlik/9860-mp450-c0	2026-09-15
P0_RECOVER_PRODUCT	COMMERCE_LEAK_ROBOTS_LOGIN	Robots.txt tarafından engellendi	login_blocked_but_hides_product	308_login_next_to_product	high	en	shop_pdp	pisirme	spr73-1	/en/shop/pisirme/spr73-1	True	True	https://equsto.com/en/login.html?next=/en/shop/pisirme/spr73-1	2026-09-15
P0_RECOVER_PRODUCT	COMMERCE_LEAK_ROBOTS_LOGIN	Robots.txt tarafından engellendi	login_blocked_but_hides_product	308_login_next_to_product	high	en	shop_pdp	pisirme	npicco22-8	/en/shop/pisirme/npicco22-8	True	True	https://equsto.com/en/login?mode=register&next=/en/shop/pisirme/npicco22-8	2026-09-15
P0_RECOVER_PRODUCT	COMMERCE_LEAK_ROBOTS_LOGIN	Robots.txt tarafından engellendi	login_blocked_but_hides_product	308_login_next_to_product		en	shop_pdp	market-reyonlari	eq-fulya-nv-fg-sky-eq13		True	False	https://equsto.com/en/login?mode=register&next=/en/shop/market-reyonlari/eq-fulya-nv-fg-sky-eq13	2026-09-15
P0_RECOVER_PRODUCT	COMMERCE_LEAK_ROBOTS_LOGIN	Robots.txt tarafından engellendi	login_blocked_but_hides_product	308_login_next_to_product	high	en	shop_pdp	pisirme	aat-890s	/en/shop/pisirme/aat-890s	True	True	https://equsto.com/en/login.html?next=/en/shop/pisirme/aat-890s	2026-09-15
P0_RECOVER_PRODUCT	COMMERCE_LEAK_ROBOTS_LOGIN	Robots.txt tarafından engellendi	login_blocked_but_hides_product	308_login_next_to_product	high	en	shop_pdp	pisirme	ino-zmd-7tn10	/en/shop/pisirme/ino-zmd-7tn10	True	True	https://equsto.com/en/login.html?next=/en/shop/pisirme/ino-zmd-7tn10	2026-09-15
P0_RECOVER_PRODUCT	COMMERCE_LEAK_ROBOTS_LOGIN	Robots.txt tarafından engellendi	login_blocked_but_hides_product	308_login_next_to_product	high	en	shop_pdp	tezgah	7754-187c8-25	/en/shop/tezgah/7754-187c8-25	True	True	https://equsto.com/en/login.html?next=/en/shop/tezgah/7754-187c8-25	2026-09-15
P0_RECOVER_PRODUCT	COMMERCE_LEAK_ROBOTS_LOGIN	Robots.txt tarafından engellendi	login_blocked_but_hides_product	308_login_next_to_product	high	en	shop_pdp	tezgah	7754-196e5-25	/en/shop/tezgah/7754-196e5-25	True	True	https://equsto.com/en/login?mode=register&next=/en/shop/tezgah/7754-196e5-25	2026-09-15
P0_RECOVER_PRODUCT	COMMERCE_LEAK_ROBOTS_LOGIN	Robots.txt tarafından engellendi	login_blocked_but_hides_product	308_login_next_to_product	high	en	shop_pdp	tezgah	7758-187c8-35	/en/shop/tezgah/7758-187c8-35	True	True	https://equsto.com/en/login?mode=register&next=/en/shop/tezgah/7758-187c8-35	2026-09-15
P0_RECOVER_PRODUCT	COMMERCE_LEAK_ROBOTS_LOGIN	Robots.txt tarafından engellendi	login_blocked_but_hides_product	308_login_next_to_product	high	en	shop_pdp	pisirme	ino-9fe20s-s	/en/shop/pisirme/ino-9fe20s-s	True	True	https://equsto.com/en/login.html?next=/en/shop/pisirme/ino-9fe20s-s	2026-09-15
P0_RECOVER_PRODUCT	COMMERCE_LEAK_ROBOTS_LOGIN	Robots.txt tarafından engellendi	login_blocked_but_hides_product	308_login_next_to_product	high	en	shop_pdp	set-ustu-mutfak	9563-hbh65-00	/en/shop/set-ustu-mutfak/9563-hbh65-00	True	True	https://equsto.com/en/login.html?next=/en/shop/set-ustu-mutfak/9563-hbh65-00	2026-09-15
P0_RECOVER_PRODUCT	COMMERCE_LEAK_ROBOTS_LOGIN	Robots.txt tarafından engellendi	login_blocked_but_hides_product	308_login_next_to_product	high	en	shop_pdp	set-ustu-mutfak	9853-60165-00	/en/shop/set-ustu-mutfak/9853-60165-00	True	True	https://equsto.com/en/login?mode=register&next=/en/shop/set-ustu-mutfak/9853-60165-00	2026-09-15
P0_RECOVER_PRODUCT	COMMERCE_LEAK_ROBOTS_LOGIN	Robots.txt tarafından engellendi	login_blocked_but_hides_product	308_login_next_to_product	high	en	shop_pdp	pisirme	aba-102-1	/en/shop/pisirme/aba-102-1	True	True	https://equsto.com/en/login.html?next=/en/shop/pisirme/aba-102-1	2026-09-15
P0_RECOVER_PRODUCT	COMMERCE_LEAK_ROBOTS_LOGIN	Robots.txt tarafından engellendi	login_blocked_but_hides_product	308_login_next_to_product	high	tr	shop_pdp	pisirme	ino-zco-9ie20	/shop/pisirme/ino-zco-9ie20	True	True	https://equsto.com/en/login?next=/shop/pisirme/ino-zco-9ie20	2026-09-15
P0_RECOVER_PRODUCT	COMMERCE_LEAK_ROBOTS_LOGIN	Robots.txt tarafından engellendi	login_blocked_but_hides_product	308_login_next_to_product	high	en	shop_pdp	market-reyonlari	eq-falcon-eq180	/en/shop/market-reyonlari/eq-falcon-eq180	True	True	https://equsto.com/en/login?mode=register&next=/en/shop/market-reyonlari/eq-falcon-eq180	2026-09-15
P0_RECOVER_PRODUCT	COMMERCE_LEAK_ROBOTS_LOGIN	Robots.txt tarafından engellendi	login_blocked_but_hides_product	308_login_next_to_product	high	en	shop_pdp	pisirme	npicco22-1	/en/shop/pisirme/npicco22-1	True	True	https://equsto.com/en/login?mode=register&next=/en/shop/pisirme/npicco22-1	2026-09-15
P0_RECOVER_PRODUCT	COMMERCE_LEAK_ROBOTS_LOGIN	Robots.txt tarafından engellendi	login_blocked_but_hides_product	308_login_next_to_product	med	en	shop_pdp	davlumbaz	pimak-25255-10	/en/shop/davlumbaz/7885-25255-10	True	True	https://equsto.com/en/login.html?next=/en/shop/davlumbaz/pimak-25255-10	2026-09-15
P0_RECOVER_PRODUCT	COMMERCE_LEAK_ROBOTS_LOGIN	Robots.txt tarafından engellendi	login_blocked_but_hides_product	308_login_next_to_product		en	shop_pdp	market-reyonlari	eq-lale-eq17		True	False	https://equsto.com/en/login.html?next=/en/shop/market-reyonlari/eq-lale-eq17	2026-09-15
P0_RECOVER_PRODUCT	COMMERCE_LEAK_ROBOTS_LOGIN	Robots.txt tarafından engellendi	login_blocked_but_hides_product	308_login_next_to_product	high	en	shop_pdp	market-reyonlari	eq-lion-tgd-eq45	/en/shop/market-reyonlari/eq-lion-tgd-eq45	True	True	https://equsto.com/en/login?mode=register&next=/en/shop/market-reyonlari/eq-lion-tgd-eq45	2026-09-15
P0_RECOVER_PRODUCT	COMMERCE_LEAK_ROBOTS_LOGIN	Robots.txt tarafından engellendi	login_blocked_but_hides_product	308_login_next_to_product	high	en	shop_pdp	set-ustu-mutfak	9563-hbb25-00	/en/shop/set-ustu-mutfak/9563-hbb25-00	True	True	https://equsto.com/en/login.html?next=/en/shop/set-ustu-mutfak/9563-hbb25-00	2026-09-15
P0_RECOVER_PRODUCT	COMMERCE_LEAK_ROBOTS_LOGIN	Robots.txt tarafından engellendi	login_blocked_but_hides_product	308_login_next_to_product	high	en	shop_pdp	tezgah	7919-37ntv-c1	/en/shop/tezgah/7919-37ntv-c1	True	True	https://equsto.com/en/login?mode=register&next=/en/shop/tezgah/7919-37ntv-c1	2026-09-15
P0_RECOVER_PRODUCT	COMMERCE_LEAK_ROBOTS_LOGIN	Robots.txt tarafından engellendi	login_blocked_but_hides_product	308_login_next_to_product	high	en	shop_pdp	pisirme	spr16-2	/en/shop/pisirme/spr16-2	True	True	https://equsto.com/en/login.html?next=/en/shop/pisirme/spr16-2	2026-09-15
P0_RECOVER_PRODUCT	COMMERCE_LEAK_ROBOTS_LOGIN	Robots.txt tarafından engellendi	login_blocked_but_hides_product	308_login_next_to_product		en	shop_pdp	hazirlik	rc-22382		True	False	https://equsto.com/en/login.html?next=/en/shop/hazirlik/rc-22382	2026-09-15
P0_RECOVER_PRODUCT	COMMERCE_LEAK_ROBOTS_LOGIN	Robots.txt tarafından engellendi	login_blocked_but_hides_product	308_login_next_to_product		en	shop_pdp	market-reyonlari	eq-lale-eq6		True	False	https://equsto.com/en/login.html?next=/en/shop/market-reyonlari/eq-lale-eq6	2026-09-15
P0_RECOVER_PRODUCT	COMMERCE_LEAK_ROBOTS_LOGIN	Robots.txt tarafından engellendi	login_blocked_but_hides_product	308_login_next_to_product	high	en	shop_pdp	tezgah	ino-krc170	/en/shop/tezgah/ino-krc170	True	True	https://equsto.com/en/login?mode=register&next=/en/shop/tezgah/ino-krc170	2026-09-15
P0_RECOVER_PRODUCT	COMMERCE_LEAK_ROBOTS_LOGIN	Robots.txt tarafından engellendi	login_blocked_but_hides_product	308_login_next_to_product	high	en	shop_pdp	tezgah	eq-kct04-16070	/en/shop/tezgah/eq-kct04-16070	True	True	https://equsto.com/en/login.html?next=/en/shop/tezgah/eq-kct04-16070	2026-09-15
P0_RECOVER_PRODUCT	COMMERCE_LEAK_ROBOTS_LOGIN	Robots.txt tarafından engellendi	login_blocked_but_hides_product	308_login_next_to_product	high	en	shop_pdp	hazirlik	vsc-mt58-pt	/en/shop/hazirlik/vsc-mt58-pt	True	True	https://equsto.com/en/login?mode=register&next=/en/shop/hazirlik/vsc-mt58-pt	2026-09-15
P0_RECOVER_PRODUCT	COMMERCE_LEAK_ROBOTS_LOGIN	Robots.txt tarafından engellendi	login_blocked_but_hides_product	308_login_next_to_product		en	shop_pdp	market-reyonlari	eq-nergis-fg-eq57		True	False	https://equsto.com/en/login?next=/en/shop/market-reyonlari/eq-nergis-fg-eq57	2026-09-15
P0_RECOVER_PRODUCT	COMMERCE_LEAK_ROBOTS_LOGIN	Robots.txt tarafından engellendi	login_blocked_but_hides_product	308_login_next_to_product		en	shop_pdp	market-reyonlari	eq-fulya-nv-lm-eq24		True	False	https://equsto.com/en/login.html?next=/en/shop/market-reyonlari/eq-fulya-nv-lm-eq24	2026-09-15
P0_RECOVER_PRODUCT	COMMERCE_LEAK_ROBOTS_LOGIN	Robots.txt tarafından engellendi	login_blocked_but_hides_product	308_login_next_to_product	high	en	shop_pdp	set-ustu-mutfak	0311-12200-10	/en/shop/set-ustu-mutfak/0311-12200-10	True	True	https://equsto.com/en/login.html?next=/en/shop/set-ustu-mutfak/0311-12200-10	2026-09-15
P0_RECOVER_PRODUCT	COMMERCE_LEAK_ROBOTS_LOGIN	Robots.txt tarafından engellendi	login_blocked_but_hides_product	308_login_next_to_product	high	en	shop_pdp	yikama	ino-bym100-k	/en/shop/yikama/ino-bym100-k	True	True	https://equsto.com/en/login?mode=register&next=/en/shop/yikama/ino-bym100-k	2026-09-15
P0_RECOVER_PRODUCT	COMMERCE_LEAK_ROBOTS_LOGIN	Robots.txt tarafından engellendi	login_blocked_but_hides_product	308_login_next_to_product	high	en	shop_pdp	market-reyonlari	eq-falcon-eq103	/en/shop/market-reyonlari/eq-falcon-eq103	True	True	https://equsto.com/en/login.html?next=/en/shop/market-reyonlari/eq-falcon-eq103	2026-09-15
P0_RECOVER_PRODUCT	COMMERCE_LEAK_ROBOTS_LOGIN	Robots.txt tarafından engellendi	login_blocked_but_hides_product	308_login_next_to_product	high	en	shop_pdp	set-ustu-mutfak	0311-12020-30	/en/shop/set-ustu-mutfak/0311-12020-30	True	True	https://equsto.com/en/login?mode=register&next=/en/shop/set-ustu-mutfak/0311-12020-30	2026-09-15
P0_RECOVER_PRODUCT	COMMERCE_LEAK_ROBOTS_LOGIN	Robots.txt tarafından engellendi	login_blocked_but_hides_product	308_login_next_to_product	high	en	shop_pdp	pisirme	8890-p9262-02	/en/shop/pisirme/8890-p9262-02	True	True	https://equsto.com/en/login.html?next=/en/shop/pisirme/8890-p9262-02	2026-09-15
P0_RECOVER_PRODUCT	COMMERCE_LEAK_ROBOTS_LOGIN	Robots.txt tarafından engellendi	login_blocked_but_hides_product	308_login_next_to_product		en	shop_hub	market-reyonlari			True	False	https://equsto.com/en/login.html?next=/en/shop/market-reyonlari?tip%3Dproso-sogutma-sistemleri	2026-09-15
P0_RECOVER_PRODUCT	COMMERCE_LEAK_ROBOTS_LOGIN	Robots.txt tarafından engellendi	login_blocked_but_hides_product	308_login_next_to_product		en	other		/en		True	False	https://equsto.com/en/login?mode=register&next=/en?k%3Dhazirlik	2026-09-15
P0_RECOVER_PRODUCT	COMMERCE_LEAK_ROBOTS_LOGIN	Robots.txt tarafından engellendi	login_blocked_but_hides_product	308_login_next_to_product	high	en	shop_pdp	set-ustu-mutfak	8325-b5060-4050	/en/shop/set-ustu-mutfak/8325-b5060-4050	True	True	https://equsto.com/en/login.html?next=/en/shop/set-ustu-mutfak/8325-b5060-4050	2026-09-15
P0_RECOVER_PRODUCT	COMMERCE_LEAK_ROBOTS_LOGIN	Robots.txt tarafından engellendi	login_blocked_but_hides_product	308_login_next_to_product	high	en	shop_pdp	tezgah	7758-126a8-13	/en/shop/tezgah/7758-126a8-13	True	True	https://equsto.com/en/login.html?next=/en/shop/tezgah/7758-126a8-13	2026-09-15
P0_RECOVER_PRODUCT	COMMERCE_LEAK_ROBOTS_LOGIN	Robots.txt tarafından engellendi	login_blocked_but_hides_product	308_login_next_to_product	high	en	shop_pdp	pisirme	eaeo-1060	/en/shop/pisirme/eaeo-1060	True	True	https://equsto.com/en/login?mode=register&next=/en/shop/pisirme/eaeo-1060	2026-09-15
P0_RECOVER_PRODUCT	COMMERCE_LEAK_ROBOTS_LOGIN	Robots.txt tarafından engellendi	login_blocked_but_hides_product	308_login_next_to_product	high	en	shop_pdp	market-reyonlari	eq-falcon-eq38	/en/shop/market-reyonlari/eq-falcon-eq38	True	True	https://equsto.com/en/login?mode=register&next=/en/shop/market-reyonlari/eq-falcon-eq38	2026-09-15
P0_RECOVER_PRODUCT	COMMERCE_LEAK_ROBOTS_LOGIN	Robots.txt tarafından engellendi	login_blocked_but_hides_product	308_login_next_to_product	high	en	shop_pdp	sogutma	7919-cr1517-00	/en/shop/sogutma/7919-cr1517-00	True	True	https://equsto.com/en/login?mode=register&next=/en/shop/sogutma/7919-cr1517-00	2026-09-15
P0_RECOVER_PRODUCT	COMMERCE_LEAK_ROBOTS_LOGIN	Robots.txt tarafından engellendi	login_blocked_but_hides_product	308_login_next_to_product	high	en	shop_pdp	pisirme	npicco27-4	/en/shop/pisirme/npicco27-4	True	True	https://equsto.com/en/login?mode=register&next=/en/shop/pisirme/npicco27-4	2026-09-15
P0_RECOVER_PRODUCT	COMMERCE_LEAK_ROBOTS_LOGIN	Robots.txt tarafından engellendi	login_blocked_but_hides_product	308_login_next_to_product	high	en	shop_pdp	pisirme	ino-9re25	/en/shop/pisirme/ino-9re25	True	True	https://equsto.com/en/login?mode=register&next=/en/shop/pisirme/ino-9re25	2026-09-15
P0_RECOVER_PRODUCT	COMMERCE_LEAK_ROBOTS_LOGIN	Robots.txt tarafından engellendi	login_blocked_but_hides_product	308_login_next_to_product	high	en	shop_pdp	set-ustu-mutfak	8310-0pp12-65	/en/shop/set-ustu-mutfak/8310-0pp12-65	True	True	https://equsto.com/en/login?mode=register&next=/en/shop/set-ustu-mutfak/8310-0pp12-65	2026-09-15
P0_RECOVER_PRODUCT	COMMERCE_LEAK_ROBOTS_LOGIN	Robots.txt tarafından engellendi	login_blocked_but_hides_product	308_login_next_to_product	high	en	shop_pdp	pisirme	391095	/en/shop/pisirme/391095	True	True	https://equsto.com/en/login.html?next=/en/shop/pisirme/391095	2026-09-15
P0_RECOVER_PRODUCT	COMMERCE_LEAK_ROBOTS_LOGIN	Robots.txt tarafından engellendi	login_blocked_but_hides_product	308_login_next_to_product	high	en	shop_pdp	icecek	8573-cde2s	/en/shop/icecek/8573-cde2s	True	True	https://equsto.com/en/login.html?next=/en/shop/icecek/8573-cde2s	2026-09-15
P0_RECOVER_PRODUCT	COMMERCE_LEAK_ROBOTS_LOGIN	Robots.txt tarafından engellendi	login_blocked_but_hides_product	308_login_next_to_product	high	en	shop_pdp	dolap	7754-207c5-25	/en/shop/tezgah/7754-207c5-25	True	True	https://equsto.com/en/login?mode=register&next=/en/shop/dolap/7754-207c5-25	2026-09-15
P0_RECOVER_PRODUCT	COMMERCE_LEAK_ROBOTS_LOGIN	Robots.txt tarafından engellendi	login_blocked_but_hides_product	308_login_next_to_product	high	en	shop_pdp	hazirlik	118-bl40l60c	/en/shop/hazirlik/118-bl40l60c	True	True	https://equsto.com/en/login.html?next=/en/shop/hazirlik/118-bl40l60c	2026-09-15
P0_RECOVER_PRODUCT	COMMERCE_LEAK_ROBOTS_LOGIN	Robots.txt tarafından engellendi	login_blocked_but_hides_product	308_login_next_to_product	high	en	shop_pdp	pisirme	ino-pdg303	/en/shop/pisirme/ino-pdg303	True	True	https://equsto.com/en/login?mode=register&next=/en/shop/pisirme/ino-pdg303	2026-09-15
P0_RECOVER_PRODUCT	COMMERCE_LEAK_ROBOTS_LOGIN	Robots.txt tarafından engellendi	login_blocked_but_hides_product	308_login_next_to_product	high	en	shop_pdp	tezgah	eq-khct04-12070	/en/shop/tezgah/eq-khct04-12070	True	True	https://equsto.com/en/login?mode=register&next=/en/shop/tezgah/eq-khct04-12070	2026-09-14
P0_RECOVER_PRODUCT	COMMERCE_LEAK_ROBOTS_LOGIN	Robots.txt tarafından engellendi	login_blocked_but_hides_product	308_login_next_to_product	high	en	shop_pdp	sogutma	9805-spn40-50	/en/shop/sogutma/9805-spn40-50	True	True	https://equsto.com/en/login?mode=register&next=/en/shop/sogutma/9805-spn40-50	2026-09-14
P0_RECOVER_PRODUCT	COMMERCE_LEAK_ROBOTS_LOGIN	Robots.txt tarafından engellendi	login_blocked_but_hides_product	308_login_next_to_product	high	en	shop_pdp	sogutma	ttr-4n60	/en/shop/sogutma/ttr-4n60	True	True	https://equsto.com/en/login?mode=register&next=/en/shop/sogutma/ttr-4n60	2026-09-14
P0_RECOVER_PRODUCT	COMMERCE_LEAK_ROBOTS_LOGIN	Robots.txt tarafından engellendi	login_blocked_but_hides_product	308_login_next_to_product	high	en	shop_pdp	pisirme	ino-zco-7ke20	/en/shop/pisirme/ino-zco-7ke20	True	True	https://equsto.com/en/login.html?next=/en/shop/pisirme/ino-zco-7ke20	2026-09-14
P0_RECOVER_PRODUCT	COMMERCE_LEAK_ROBOTS_LOGIN	Robots.txt tarafından engellendi	login_blocked_but_hides_product	308_login_next_to_product	high	en	shop_pdp	tezgah	7911-12080-22	/en/shop/tezgah/7911-12080-22	True	True	https://equsto.com/en/login.html?next=/en/shop/tezgah/7911-12080-22	2026-09-14
P0_RECOVER_PRODUCT	COMMERCE_LEAK_ROBOTS_LOGIN	Robots.txt tarafından engellendi	login_blocked_but_hides_product	308_login_next_to_product	high	en	shop_pdp	hazirlik	7758-19070-08	/en/shop/hazirlik/7758-19070-08	True	True	https://equsto.com/en/login.html?next=/en/shop/hazirlik/7758-19070-08	2026-09-14
P0_RECOVER_PRODUCT	COMMERCE_LEAK_ROBOTS_LOGIN	Robots.txt tarafından engellendi	login_blocked_but_hides_product	308_login_next_to_product	high	en	shop_pdp	set-ustu-mutfak	0210-50705-13	/en/shop/set-ustu-mutfak/0210-50705-13	True	True	https://equsto.com/en/login?mode=register&next=/en/shop/set-ustu-mutfak/0210-50705-13	2026-09-14
P0_RECOVER_PRODUCT	COMMERCE_LEAK_ROBOTS_LOGIN	Robots.txt tarafından engellendi	login_blocked_but_hides_product	308_login_next_to_product	high	en	shop_pdp	set-ustu-mutfak	8325-acsh7-w15	/en/shop/set-ustu-mutfak/8325-acsh7-w15	True	True	https://equsto.com/en/login?mode=register&next=/en/shop/set-ustu-mutfak/8325-acsh7-w15	2026-09-14
P0_RECOVER_PRODUCT	COMMERCE_LEAK_ROBOTS_LOGIN	Robots.txt tarafından engellendi	login_blocked_but_hides_product	308_login_next_to_product	high	en	shop_pdp	sogutma	710012	/en/shop/sogutma/710012	True	False	https://equsto.com/en/login.html?next=/en/shop/sogutma/710012	2026-09-14
P0_RECOVER_PRODUCT	COMMERCE_LEAK_ROBOTS_LOGIN	Robots.txt tarafından engellendi	login_blocked_but_hides_product	308_login_next_to_product	high	en	shop_pdp	tezgah	7919-15lts-00	/en/shop/tezgah/7919-15lts-00	True	True	https://equsto.com/en/login.html?next=/en/shop/tezgah/7919-15lts-00	2026-09-14
P0_RECOVER_PRODUCT	COMMERCE_LEAK_ROBOTS_LOGIN	Robots.txt tarafından engellendi	login_blocked_but_hides_product	308_login_next_to_product	high	en	shop_pdp	market-reyonlari	eq-falcon-eq162	/en/shop/market-reyonlari/eq-falcon-eq162	True	True	https://equsto.com/en/login.html?next=/en/shop/market-reyonlari/eq-falcon-eq162	2026-09-14
P0_RECOVER_PRODUCT	COMMERCE_LEAK_ROBOTS_LOGIN	Robots.txt tarafından engellendi	login_blocked_but_hides_product	308_login_next_to_product	high	en	shop_pdp	davlumbaz	eq-kdavot01-200100	/en/shop/davlumbaz/eq-kdavot01-200100	True	True	https://equsto.com/en/login.html?next=/en/shop/davlumbaz/eq-kdavot01-200100	2026-09-14
P0_RECOVER_PRODUCT	COMMERCE_LEAK_ROBOTS_LOGIN	Robots.txt tarafından engellendi	login_blocked_but_hides_product	308_login_next_to_product	high	en	shop_pdp	pisirme	ino-7kg20	/en/shop/pisirme/ino-7kg20	True	True	https://equsto.com/en/login?mode=register&next=/en/shop/pisirme/ino-7kg20	2026-09-14
P0_RECOVER_PRODUCT	COMMERCE_LEAK_ROBOTS_LOGIN	Robots.txt tarafından engellendi	login_blocked_but_hides_product	308_login_next_to_product	high	en	shop_pdp	market-reyonlari	eq-falcon-eq63	/en/shop/market-reyonlari/eq-falcon-eq63	True	True	https://equsto.com/en/login.html?next=/en/shop/market-reyonlari/eq-falcon-eq63	2026-09-14
P0_RECOVER_PRODUCT	COMMERCE_LEAK_ROBOTS_LOGIN	Robots.txt tarafından engellendi	login_blocked_but_hides_product	308_login_next_to_product	high	en	shop_pdp	market-reyonlari	eq-falcon-eq49	/en/shop/market-reyonlari/eq-falcon-eq49	True	True	https://equsto.com/en/login.html?next=/en/shop/market-reyonlari/eq-falcon-eq49	2026-09-14
P0_RECOVER_PRODUCT	COMMERCE_LEAK_ROBOTS_LOGIN	Robots.txt tarafından engellendi	login_blocked_but_hides_product	308_login_next_to_product	high	en	shop_pdp	pisirme	npicco32-1	/en/shop/pisirme/npicco32-1	True	True	https://equsto.com/en/login?mode=register&next=/en/shop/pisirme/npicco32-1	2026-09-14
P0_RECOVER_PRODUCT	COMMERCE_LEAK_ROBOTS_LOGIN	Robots.txt tarafından engellendi	login_blocked_but_hides_product	308_login_next_to_product	high	en	shop_pdp	sogutma	79e3-pzc72-l0	/en/shop/sogutma/79e3-pzc72-l0	True	True	https://equsto.com/en/login?mode=register&next=/en/shop/sogutma/79e3-pzc72-l0	2026-09-14
P0_RECOVER_PRODUCT	COMMERCE_LEAK_ROBOTS_LOGIN	Robots.txt tarafından engellendi	login_blocked_but_hides_product	308_login_next_to_product	high	en	shop_pdp	set-ustu-mutfak	0311-23100-21	/en/shop/set-ustu-mutfak/0311-23100-21	True	True	https://equsto.com/en/login.html?next=/en/shop/set-ustu-mutfak/0311-23100-21	2026-09-14
P0_RECOVER_PRODUCT	COMMERCE_LEAK_ROBOTS_LOGIN	Robots.txt tarafından engellendi	login_blocked_but_hides_product	308_login_next_to_product	high	en	shop_pdp	tezgah	ino-krn160c	/en/shop/tezgah/ino-krn160c	True	True	https://equsto.com/en/login.html?next=/en/shop/tezgah/ino-krn160c	2026-09-14
P0_RECOVER_PRODUCT	COMMERCE_LEAK_ROBOTS_LOGIN	Robots.txt tarafından engellendi	login_blocked_but_hides_product	308_login_next_to_product	high	en	shop_pdp	sogutma	sbb-2n70e	/en/shop/sogutma/sbb-2n70e	True	True	https://equsto.com/en/login?mode=register&next=/en/shop/sogutma/sbb-2n70e	2026-09-14
P0_RECOVER_PRODUCT	COMMERCE_LEAK_ROBOTS_LOGIN	Robots.txt tarafından engellendi	login_blocked_but_hides_product	308_login_next_to_product	high	en	shop_pdp	tasima	7999-08015-80	/en/shop/tasima/7999-08015-80	True	True	https://equsto.com/en/login.html?next=/en/shop/tasima/7999-08015-80	2026-09-14
P0_RECOVER_PRODUCT	COMMERCE_LEAK_ROBOTS_LOGIN	Robots.txt tarafından engellendi	login_blocked_but_hides_product	308_login_next_to_product		en	shop_pdp	market-reyonlari	eq-nergis-lb-fg-sky-eq11		True	False	https://equsto.com/en/login?mode=register&next=/en/shop/market-reyonlari/eq-nergis-lb-fg-sky-eq11	2026-09-14
P0_RECOVER_PRODUCT	COMMERCE_LEAK_ROBOTS_LOGIN	Robots.txt tarafından engellendi	login_blocked_but_hides_product	308_login_next_to_product		en	shop_pdp	sogutma	portabianco-pizza-buzdolabi-uc-kapili		True	False	https://equsto.com/en/login?mode=register&next=/en/shop/sogutma/portabianco-pizza-buzdolabi-uc-kapili	2026-09-14
P0_RECOVER_PRODUCT	COMMERCE_LEAK_ROBOTS_LOGIN	Robots.txt tarafından engellendi	login_blocked_but_hides_product	308_login_next_to_product	high	en	shop_pdp	hazirlik	vkm-ng3r	/en/shop/hazirlik/vkm-ng3r	True	True	https://equsto.com/en/login.html?next=/en/shop/hazirlik/vkm-ng3r	2026-09-14
P0_RECOVER_PRODUCT	COMMERCE_LEAK_ROBOTS_LOGIN	Robots.txt tarafından engellendi	login_blocked_but_hides_product	308_login_next_to_product	high	en	shop_pdp	set-ustu-mutfak	0311-23020-10	/en/shop/set-ustu-mutfak/0311-23020-10	True	True	https://equsto.com/en/login?mode=register&next=/en/shop/set-ustu-mutfak/0311-23020-10	2026-09-14
P0_RECOVER_PRODUCT	COMMERCE_LEAK_ROBOTS_LOGIN	Robots.txt tarafından engellendi	login_blocked_but_hides_product	308_login_next_to_product	high	en	shop_pdp	istif	8897-20ip4-073	/en/shop/istif/8897-20ip4-073	True	True	https://equsto.com/en/login.html?next=/en/shop/istif/8897-20ip4-073	2026-09-14
P0_RECOVER_PRODUCT	COMMERCE_LEAK_ROBOTS_LOGIN	Robots.txt tarafından engellendi	login_blocked_but_hides_product	308_login_next_to_product	high	en	shop_pdp	davlumbaz	7960-53347-02	/en/shop/davlumbaz/7960-53347-02	True	True	https://equsto.com/en/login?mode=register&next=/en/shop/davlumbaz/7960-53347-02	2026-09-14
P0_RECOVER_PRODUCT	COMMERCE_LEAK_ROBOTS_LOGIN	Robots.txt tarafından engellendi	login_blocked_but_hides_product	308_login_next_to_product	high	en	shop_pdp	hazirlik	2810-00060-14	/en/shop/hazirlik/2810-00060-14	True	True	https://equsto.com/en/login.html?next=/en/shop/hazirlik/2810-00060-14	2026-09-14
P0_RECOVER_PRODUCT	COMMERCE_LEAK_ROBOTS_LOGIN	Robots.txt tarafından engellendi	login_blocked_but_hides_product	308_login_next_to_product	high	en	shop_pdp	dolap	7911-06060-81	/en/shop/tezgah/7911-06060-81	True	True	https://equsto.com/en/login?mode=register&next=/en/shop/dolap/7911-06060-81	2026-09-14
P0_RECOVER_PRODUCT	COMMERCE_LEAK_ROBOTS_LOGIN	Robots.txt tarafından engellendi	login_blocked_but_hides_product	308_login_next_to_product	high	en	shop_pdp	istif	7897-12050-04	/en/shop/istif/7897-12050-04	True	True	https://equsto.com/en/login?mode=register&next=/en/shop/istif/7897-12050-04	2026-09-14
P0_RECOVER_PRODUCT	COMMERCE_LEAK_ROBOTS_LOGIN	Robots.txt tarafından engellendi	login_blocked_but_hides_product	308_login_next_to_product	high	en	shop_pdp	pisirme	9890-iccls10-1e	/en/shop/pisirme/9890-iccls10-1e	True	True	https://equsto.com/en/login?mode=register&next=/en/shop/pisirme/9890-iccls10-1e	2026-09-14
P0_RECOVER_PRODUCT	COMMERCE_LEAK_ROBOTS_LOGIN	Robots.txt tarafından engellendi	login_blocked_but_hides_product	308_login_next_to_product	high	en	shop_pdp	tasima	7999-08015-80	/en/shop/tasima/7999-08015-80	True	True	https://equsto.com/en/login?mode=register&next=/en/shop/tasima/7999-08015-80	2026-09-14
P0_RECOVER_PRODUCT	COMMERCE_LEAK_ROBOTS_LOGIN	Robots.txt tarafından engellendi	login_blocked_but_hides_product	308_login_next_to_product	high	en	shop_pdp	pisirme	npicco24-3	/en/shop/pisirme/npicco24-3	True	True	https://equsto.com/en/login.html?next=/en/shop/pisirme/npicco24-3	2026-09-14
P0_RECOVER_PRODUCT	COMMERCE_LEAK_ROBOTS_LOGIN	Robots.txt tarafından engellendi	login_blocked_but_hides_product	308_login_next_to_product	high	en	shop_pdp	tezgah	eq-kct02-12070	/en/shop/tezgah/eq-kct02-12070	True	True	https://equsto.com/en/login?mode=register&next=/en/shop/tezgah/eq-kct02-12070	2026-09-14
P0_RECOVER_PRODUCT	COMMERCE_LEAK_ROBOTS_LOGIN	Robots.txt tarafından engellendi	login_blocked_but_hides_product	308_login_next_to_product	high	en	shop_pdp	tasima	8999-00927-00	/en/shop/tasima/8999-00927-00	True	True	https://equsto.com/en/login.html?next=/en/shop/tasima/8999-00927-00	2026-09-14
P0_RECOVER_PRODUCT	COMMERCE_LEAK_ROBOTS_LOGIN	Robots.txt tarafından engellendi	login_blocked_but_hides_product	308_login_next_to_product		en	shop_pdp	market-reyonlari	eq-nergis-lm-eq8		True	False	https://equsto.com/en/login.html?next=/en/shop/market-reyonlari/eq-nergis-lm-eq8	2026-09-14
P0_RECOVER_PRODUCT	COMMERCE_LEAK_ROBOTS_LOGIN	Robots.txt tarafından engellendi	login_blocked_but_hides_product	308_login_next_to_product	high	en	shop_pdp	dolap	7911-09060-04	/en/shop/tezgah/7911-09060-04	True	True	https://equsto.com/en/login.html?next=/en/shop/dolap/7911-09060-04	2026-09-14
P0_RECOVER_PRODUCT	COMMERCE_LEAK_ROBOTS_LOGIN	Robots.txt tarafından engellendi	login_blocked_but_hides_product	308_login_next_to_product	high	en	shop_pdp	pisirme	aaig-670	/en/shop/pisirme/aaig-670	True	True	https://equsto.com/en/login?mode=register&next=/en/shop/pisirme/aaig-670	2026-09-14
P0_RECOVER_PRODUCT	COMMERCE_LEAK_ROBOTS_LOGIN	Robots.txt tarafından engellendi	login_blocked_but_hides_product	308_login_next_to_product	high	en	shop_pdp	tezgah	7911-16070-04a	/en/shop/tezgah/7911-16070-04a	True	True	https://equsto.com/en/login.html?next=/en/shop/tezgah/7911-16070-04a	2026-09-14
P0_RECOVER_PRODUCT	COMMERCE_LEAK_ROBOTS_LOGIN	Robots.txt tarafından engellendi	login_blocked_but_hides_product	308_login_next_to_product	high	en	shop_pdp	araba	g-st-150-d-4	/en/shop/araba/g-st-150-d-4	True	True	https://equsto.com/en/login?mode=register&next=/en/shop/araba/g-st-150-d-4	2026-09-14
P0_RECOVER_PRODUCT	COMMERCE_LEAK_ROBOTS_LOGIN	Robots.txt tarafından engellendi	login_blocked_but_hides_product	308_login_next_to_product	high	en	shop_pdp	set-ustu-mutfak	0449-00080-01	/en/shop/set-ustu-mutfak/0449-00080-01	True	True	https://equsto.com/en/login?mode=register&next=/en/shop/set-ustu-mutfak/0449-00080-01	2026-09-14
P0_RECOVER_PRODUCT	COMMERCE_LEAK_ROBOTS_LOGIN	Robots.txt tarafından engellendi	login_blocked_but_hides_product	308_login_next_to_product	high	en	shop_pdp	sogutma	7919-df4030-00	/en/shop/sogutma/7919-df4030-00	True	True	https://equsto.com/en/login.html?next=/en/shop/sogutma/7919-df4030-00	2026-09-14
P0_RECOVER_PRODUCT	COMMERCE_LEAK_ROBOTS_LOGIN	Robots.txt tarafından engellendi	login_blocked_but_hides_product	308_login_next_to_product	high	en	shop_pdp	pisirme	ino-zco-9tn20s	/en/shop/pisirme/ino-zco-9tn20s	True	True	https://equsto.com/en/login.html?next=/en/shop/pisirme/ino-zco-9tn20s	2026-09-14
P0_RECOVER_PRODUCT	COMMERCE_LEAK_ROBOTS_LOGIN	Robots.txt tarafından engellendi	login_blocked_but_hides_product	308_login_next_to_product	high	en	shop_pdp	tezgah	7758-216e5-31	/en/shop/tezgah/7758-216e5-31	True	True	https://equsto.com/en/login.html?next=/en/shop/tezgah/7758-216e5-31	2026-09-14
P0_RECOVER_PRODUCT	COMMERCE_LEAK_ROBOTS_LOGIN	Robots.txt tarafından engellendi	login_blocked_but_hides_product	308_login_next_to_product	high	en	shop_pdp	dolap	7754-146e8-15	/en/shop/tezgah/7754-146e8-15	True	True	https://equsto.com/en/login.html?next=/en/shop/dolap/7754-146e8-15	2026-09-14
P0_RECOVER_PRODUCT	COMMERCE_LEAK_ROBOTS_LOGIN	Robots.txt tarafından engellendi	login_blocked_but_hides_product	308_login_next_to_product	high	en	shop_pdp	set-ustu-mutfak	045m-2429g-21	/en/shop/set-ustu-mutfak/045m-2429g-21	True	True	https://equsto.com/en/login.html?next=/en/shop/set-ustu-mutfak/045m-2429g-21	2026-09-13
P0_RECOVER_PRODUCT	COMMERCE_LEAK_ROBOTS_LOGIN	Robots.txt tarafından engellendi	login_blocked_but_hides_product	308_login_next_to_product	high	en	shop_pdp	sogutma	bre-tb852ahc	/en/shop/sogutma/bre-tb852ahc	True	True	https://equsto.com/en/login.html?next=/en/shop/sogutma/bre-tb852ahc	2026-09-13
P0_RECOVER_PRODUCT	COMMERCE_LEAK_ROBOTS_LOGIN	Robots.txt tarafından engellendi	login_blocked_but_hides_product	308_login_next_to_product	high	en	shop_pdp	sogutma	725385	/en/shop/sogutma/725385	True	True	https://equsto.com/en/login.html?next=/en/shop/sogutma/725385	2026-09-13
P0_RECOVER_PRODUCT	COMMERCE_LEAK_ROBOTS_LOGIN	Robots.txt tarafından engellendi	login_blocked_but_hides_product	308_login_next_to_product		en	shop_pdp	market-reyonlari	eq-fulya-hf-tp-eq6		True	False	https://equsto.com/en/login?mode=register&next=/en/shop/market-reyonlari/eq-fulya-hf-tp-eq6	2026-09-13
P0_RECOVER_PRODUCT	COMMERCE_LEAK_ROBOTS_LOGIN	Robots.txt tarafından engellendi	login_blocked_but_hides_product	308_login_next_to_product	high	en	shop_pdp	market-reyonlari	eq-falcon-eq6	/en/shop/market-reyonlari/eq-falcon-eq6	True	True	https://equsto.com/en/login?mode=register&next=/en/shop/market-reyonlari/eq-falcon-eq6	2026-09-13
P0_RECOVER_PRODUCT	COMMERCE_LEAK_ROBOTS_LOGIN	Robots.txt tarafından engellendi	login_blocked_but_hides_product	308_login_next_to_product	high	en	shop_pdp	hazirlik	vdd-110	/en/shop/hazirlik/vdd-110	True	True	https://equsto.com/en/login.html?next=/en/shop/hazirlik/vdd-110	2026-09-13
P0_RECOVER_PRODUCT	COMMERCE_LEAK_ROBOTS_LOGIN	Robots.txt tarafından engellendi	login_blocked_but_hides_product	308_login_next_to_product	high	en	shop_pdp	yikama	0753-50602-10	/en/shop/yikama/0753-50602-10	True	True	https://equsto.com/en/login?mode=register&next=/en/shop/yikama/0753-50602-10	2026-09-13
P0_RECOVER_PRODUCT	COMMERCE_LEAK_ROBOTS_LOGIN	Robots.txt tarafından engellendi	login_blocked_but_hides_product	308_login_next_to_product	high	en	shop_pdp	istif	7897-16080-14	/en/shop/istif/7897-16080-14	True	True	https://equsto.com/en/login.html?next=/en/shop/istif/7897-16080-14	2026-09-13
P0_RECOVER_PRODUCT	COMMERCE_LEAK_ROBOTS_LOGIN	Robots.txt tarafından engellendi	login_blocked_but_hides_product	308_login_next_to_product	high	en	shop_pdp	set-ustu-mutfak	0211-45605-13	/en/shop/set-ustu-mutfak/0211-45605-13	True	True	https://equsto.com/en/login?mode=register&next=/en/shop/set-ustu-mutfak/0211-45605-13	2026-09-13
P0_RECOVER_PRODUCT	COMMERCE_LEAK_ROBOTS_LOGIN	Robots.txt tarafından engellendi	login_blocked_but_hides_product	308_login_next_to_product	high	en	shop_pdp	tezgah	eq-khct01-09070	/en/shop/tezgah/eq-khct01-09070	True	True	https://equsto.com/en/login.html?next=/en/shop/tezgah/eq-khct01-09070	2026-09-13
P0_RECOVER_PRODUCT	COMMERCE_LEAK_ROBOTS_LOGIN	Robots.txt tarafından engellendi	login_blocked_but_hides_product	308_login_next_to_product	high	en	shop_pdp	pisirme	npicco22-5	/en/shop/pisirme/npicco22-5	True	True	https://equsto.com/en/login?mode=register&next=/en/shop/pisirme/npicco22-5	2026-09-13
P0_RECOVER_PRODUCT	COMMERCE_LEAK_ROBOTS_LOGIN	Robots.txt tarafından engellendi	login_blocked_but_hides_product	308_login_next_to_product	high	en	shop_pdp	set-ustu-mutfak	0335-36165-17	/en/shop/set-ustu-mutfak/0335-36165-17	True	True	https://equsto.com/en/login?mode=register&next=/en/shop/set-ustu-mutfak/0335-36165-17	2026-09-13
P0_RECOVER_PRODUCT	COMMERCE_LEAK_ROBOTS_LOGIN	Robots.txt tarafından engellendi	login_blocked_but_hides_product	308_login_next_to_product		en	shop_pdp	market-reyonlari	eq-nergis-tp-eq35		True	False	https://equsto.com/en/login?mode=register&next=/en/shop/market-reyonlari/eq-nergis-tp-eq35	2026-09-13
P0_RECOVER_PRODUCT	COMMERCE_LEAK_ROBOTS_LOGIN	Robots.txt tarafından engellendi	login_blocked_but_hides_product	308_login_next_to_product	high	en	shop_pdp	sogutma	bre-g160ahc	/en/shop/sogutma/bre-g160ahc	True	True	https://equsto.com/en/login.html?next=/en/shop/sogutma/bre-g160ahc	2026-09-13
P0_RECOVER_PRODUCT	COMMERCE_LEAK_ROBOTS_LOGIN	Robots.txt tarafından engellendi	login_blocked_but_hides_product	308_login_next_to_product	high	en	shop_pdp	hazirlik	5ksm2fpa	/en/shop/hazirlik/5ksm2fpa	True	True	https://equsto.com/en/login.html?next=/en/shop/hazirlik/5ksm2fpa	2026-09-13
P0_RECOVER_PRODUCT	COMMERCE_LEAK_ROBOTS_LOGIN	Robots.txt tarafından engellendi	login_blocked_but_hides_product	308_login_next_to_product	high	en	shop_pdp	pisirme	7864-n1-60603-17	/en/shop/pisirme/7864-n1-60603-17	True	True	https://equsto.com/en/login?mode=register&next=/en/shop/pisirme/7864-n1-60603-17	2026-09-13
P0_RECOVER_PRODUCT	COMMERCE_LEAK_ROBOTS_LOGIN	Robots.txt tarafından engellendi	login_blocked_but_hides_product	308_login_next_to_product	high	en	shop_pdp	tezgah	ino-kkr063	/en/shop/tezgah/ino-kkr063	True	True	https://equsto.com/en/login.html?next=/en/shop/tezgah/ino-kkr063	2026-09-13
P0_RECOVER_PRODUCT	COMMERCE_LEAK_ROBOTS_LOGIN	Robots.txt tarafından engellendi	login_blocked_but_hides_product	308_login_next_to_product	high	en	shop_pdp	pisirme	ino-9he10	/en/shop/pisirme/ino-9he10	True	True	https://equsto.com/en/login?mode=register&next=/en/shop/pisirme/ino-9he10	2026-09-13
P0_RECOVER_PRODUCT	COMMERCE_LEAK_ROBOTS_LOGIN	Robots.txt tarafından engellendi	login_blocked_but_hides_product	308_login_next_to_product	high	en	shop_pdp	tezgah	7911-14070-24	/en/shop/tezgah/7911-14070-24	True	True	https://equsto.com/en/login?mode=register&next=/en/shop/tezgah/7911-14070-24	2026-09-13
P0_RECOVER_PRODUCT	COMMERCE_LEAK_ROBOTS_LOGIN	Robots.txt tarafından engellendi	login_blocked_but_hides_product	308_login_next_to_product	high	en	shop_pdp	sogutma	asbhkg-4n7	/en/shop/sogutma/asbhkg-4n7	True	True	https://equsto.com/en/login.html?next=/en/shop/sogutma/asbhkg-4n7	2026-09-13
P0_RECOVER_PRODUCT	COMMERCE_LEAK_ROBOTS_LOGIN	Robots.txt tarafından engellendi	login_blocked_but_hides_product	308_login_next_to_product	high	en	shop_pdp	pisirme	7961-20629-1o3	/en/shop/yikama/7961-20629-1o3	True	True	https://equsto.com/en/login.html?next=/en/shop/pisirme/7961-20629-1o3	2026-09-13
P0_RECOVER_PRODUCT	COMMERCE_LEAK_ROBOTS_LOGIN	Robots.txt tarafından engellendi	login_blocked_but_hides_product	308_login_next_to_product	high	en	shop_pdp	tezgah	7911-19070-04	/en/shop/tezgah/7911-19070-04	True	True	https://equsto.com/en/login?mode=register&next=/en/shop/tezgah/7911-19070-04	2026-09-13
P0_RECOVER_PRODUCT	COMMERCE_LEAK_ROBOTS_LOGIN	Robots.txt tarafından engellendi	login_blocked_but_hides_product	308_login_next_to_product	high	en	shop_pdp	tezgah	7911-16060-15	/en/shop/tezgah/7911-16060-15	True	True	https://equsto.com/en/login?mode=register&next=/en/shop/tezgah/7911-16060-15	2026-09-12
P0_RECOVER_PRODUCT	COMMERCE_LEAK_ROBOTS_LOGIN	Robots.txt tarafından engellendi	login_blocked_but_hides_product	308_login_next_to_product	high	en	shop_pdp	set-ustu-mutfak	0210-45601-37	/en/shop/set-ustu-mutfak/0210-45601-37	True	True	https://equsto.com/en/login.html?next=/en/shop/set-ustu-mutfak/0210-45601-37	2026-09-12
P0_RECOVER_PRODUCT	COMMERCE_LEAK_ROBOTS_LOGIN	Robots.txt tarafından engellendi	login_blocked_but_hides_product	308_login_next_to_product		en	shop_pdp	market-reyonlari	eq-sardunya-lm-eq14		True	False	https://equsto.com/en/login?mode=register&next=/en/shop/market-reyonlari/eq-sardunya-lm-eq14	2026-09-12
P0_RECOVER_PRODUCT	COMMERCE_LEAK_ROBOTS_LOGIN	Robots.txt tarafından engellendi	login_blocked_but_hides_product	308_login_next_to_product	high	en	shop_pdp	set-ustu-mutfak	8893-up222w-00	/en/shop/set-ustu-mutfak/8893-up222w-00	True	False	https://equsto.com/en/login?mode=register&next=/en/shop/set-ustu-mutfak/8893-up222w-00	2026-09-12
P0_RECOVER_PRODUCT	COMMERCE_LEAK_ROBOTS_LOGIN	Robots.txt tarafından engellendi	login_blocked_but_hides_product	308_login_next_to_product		en	shop_pdp	market-reyonlari	eq-fulya-nv-tp-eq5		True	False	https://equsto.com/en/login?mode=register&next=/en/shop/market-reyonlari/eq-fulya-nv-tp-eq5	2026-09-12
P0_RECOVER_PRODUCT	COMMERCE_LEAK_ROBOTS_LOGIN	Robots.txt tarafından engellendi	login_blocked_but_hides_product	308_login_next_to_product	high	en	shop_pdp	sogutma	7919-38ntv-pj	/en/shop/sogutma/7919-38ntv-pj	True	True	https://equsto.com/en/login?mode=register&next=/en/shop/sogutma/7919-38ntv-pj	2026-09-12
P0_RECOVER_PRODUCT	COMMERCE_LEAK_ROBOTS_LOGIN	Robots.txt tarafından engellendi	login_blocked_but_hides_product	308_login_next_to_product	high	en	shop_pdp	tezgah	7754-147c8-11	/en/shop/tezgah/7754-147c8-11	True	True	https://equsto.com/en/login.html?next=/en/shop/tezgah/7754-147c8-11	2026-09-12
P0_RECOVER_PRODUCT	COMMERCE_LEAK_ROBOTS_LOGIN	Robots.txt tarafından engellendi	login_blocked_but_hides_product	308_login_next_to_product	high	en	shop_pdp	yikama	502722	/en/shop/yikama/502722	True	True	https://equsto.com/en/login?mode=register&next=/en/shop/yikama/502722	2026-09-12
P0_RECOVER_PRODUCT	COMMERCE_LEAK_ROBOTS_LOGIN	Robots.txt tarafından engellendi	login_blocked_but_hides_product	308_login_next_to_product	high	en	shop_pdp	pisirme	8890-okf20-00	/en/shop/pisirme/8890-okf20-00	True	True	https://equsto.com/en/login?mode=register&next=/en/shop/pisirme/8890-okf20-00	2026-09-12
P0_RECOVER_PRODUCT	COMMERCE_LEAK_ROBOTS_LOGIN	Robots.txt tarafından engellendi	login_blocked_but_hides_product	308_login_next_to_product	high	en	shop_pdp	hazirlik	tm34880l	/en/shop/hazirlik/tm34880l	True	True	https://equsto.com/en/login?mode=register&next=/en/shop/hazirlik/tm34880l	2026-09-12
P0_RECOVER_PRODUCT	COMMERCE_LEAK_ROBOTS_LOGIN	Robots.txt tarafından engellendi	login_blocked_but_hides_product	308_login_next_to_product	high	en	shop_pdp	set-ustu-mutfak	0311-14100-30	/en/shop/set-ustu-mutfak/0311-14100-30	True	True	https://equsto.com/en/login.html?next=/en/shop/set-ustu-mutfak/0311-14100-30	2026-09-12
P0_RECOVER_PRODUCT	COMMERCE_LEAK_ROBOTS_LOGIN	Robots.txt tarafından engellendi	login_blocked_but_hides_product	308_login_next_to_product	high	en	shop_pdp	pisirme	npicco712-3	/en/shop/pisirme/npicco712-3	True	True	https://equsto.com/en/login?mode=register&next=/en/shop/pisirme/npicco712-3	2026-09-12
P0_RECOVER_PRODUCT	COMMERCE_LEAK_ROBOTS_LOGIN	Robots.txt tarafından engellendi	login_blocked_but_hides_product	308_login_next_to_product	high	en	shop_pdp	pisirme	7960-07429-7y1	/en/shop/yikama/7960-07429-7y1	True	True	https://equsto.com/en/login?mode=register&next=/en/shop/pisirme/7960-07429-7y1	2026-09-12
P0_RECOVER_PRODUCT	COMMERCE_LEAK_ROBOTS_LOGIN	Robots.txt tarafından engellendi	login_blocked_but_hides_product	308_login_next_to_product	high	en	shop_pdp	set-ustu-mutfak	9520-0jwl6-00	/en/shop/set-ustu-mutfak/9520-0jwl6-00	True	True	https://equsto.com/en/login?mode=register&next=/en/shop/set-ustu-mutfak/9520-0jwl6-00	2026-09-12
P0_RECOVER_PRODUCT	COMMERCE_LEAK_ROBOTS_LOGIN	Robots.txt tarafından engellendi	login_blocked_but_hides_product	308_login_next_to_product	high	en	shop_pdp	sogutma	118-dp-66	/en/shop/sogutma/118-dp-66	True	True	https://equsto.com/en/login?mode=register&next=/en/shop/sogutma/118-dp-66	2026-09-12
P0_RECOVER_PRODUCT	COMMERCE_LEAK_ROBOTS_LOGIN	Robots.txt tarafından engellendi	login_blocked_but_hides_product	308_login_next_to_product	high	en	shop_pdp	pisirme	7864-n1-80703-20	/en/shop/pisirme/7864-n1-80703-20	True	True	https://equsto.com/en/login.html?next=/en/shop/pisirme/7864-n1-80703-20	2026-09-12
P0_RECOVER_PRODUCT	COMMERCE_LEAK_ROBOTS_LOGIN	Robots.txt tarafından engellendi	login_blocked_but_hides_product	308_login_next_to_product	high	en	shop_pdp	pisirme	8890-10570-m3	/en/shop/pisirme/8890-10570-m3	True	True	https://equsto.com/en/login?mode=register&next=/en/shop/pisirme/8890-10570-m3	2026-09-12
P0_RECOVER_PRODUCT	COMMERCE_LEAK_ROBOTS_LOGIN	Robots.txt tarafından engellendi	login_blocked_but_hides_product	308_login_next_to_product	high	en	shop_pdp	market-reyonlari	eq-orca-eq1	/en/shop/market-reyonlari/eq-orca-eq1	True	False	https://equsto.com/en/login.html?next=/en/shop/market-reyonlari/eq-orca-eq1	2026-09-12
P0_RECOVER_PRODUCT	COMMERCE_LEAK_ROBOTS_LOGIN	Robots.txt tarafından engellendi	login_blocked_but_hides_product	308_login_next_to_product		en	shop_pdp	tezgah	mr38-1-1604060-10		True	False	https://equsto.com/en/login.html?next=/en/shop/tezgah/mr38-1-1604060-10	2026-09-12
P0_RECOVER_PRODUCT	COMMERCE_LEAK_ROBOTS_LOGIN	Robots.txt tarafından engellendi	login_blocked_but_hides_product	308_login_next_to_product	high	en	shop_pdp	set-ustu-mutfak	0311-21200-41	/en/shop/set-ustu-mutfak/0311-21200-41	True	True	https://equsto.com/en/login.html?next=/en/shop/set-ustu-mutfak/0311-21200-41	2026-09-12
P0_RECOVER_PRODUCT	COMMERCE_LEAK_ROBOTS_LOGIN	Robots.txt tarafından engellendi	login_blocked_but_hides_product	308_login_next_to_product	high	en	shop_pdp	pisirme	ago-470	/en/shop/pisirme/ago-470	True	True	https://equsto.com/en/login?mode=register&next=/en/shop/pisirme/ago-470	2026-09-12
P0_RECOVER_PRODUCT	COMMERCE_LEAK_ROBOTS_LOGIN	Robots.txt tarafından engellendi	login_blocked_but_hides_product	308_login_next_to_product	high	en	shop_pdp	pisirme	ino-zmd-9tn10	/en/shop/pisirme/ino-zmd-9tn10	True	True	https://equsto.com/en/login?mode=register&next=/en/shop/pisirme/ino-zmd-9tn10	2026-09-12
P0_RECOVER_PRODUCT	COMMERCE_LEAK_ROBOTS_LOGIN	Robots.txt tarafından engellendi	login_blocked_but_hides_product	308_login_next_to_product	high	en	shop_pdp	tezgah	7754-167c5-21	/en/shop/tezgah/7754-167c5-21	True	True	https://equsto.com/en/login.html?next=/en/shop/tezgah/7754-167c5-21	2026-09-12
P0_RECOVER_PRODUCT	COMMERCE_LEAK_ROBOTS_LOGIN	Robots.txt tarafından engellendi	login_blocked_but_hides_product	308_login_next_to_product		en	shop_pdp	sogutma	portabianco-dik-tip-iki-kapili-eko-buzdolabi		True	False	https://equsto.com/en/login?mode=register&next=/en/shop/sogutma/portabianco-dik-tip-iki-kapili-eko-buzdolabi	2026-09-12
P0_RECOVER_PRODUCT	COMMERCE_LEAK_ROBOTS_LOGIN	Robots.txt tarafından engellendi	login_blocked_but_hides_product	308_login_next_to_product	high	en	shop_pdp	sogutma	118-set-e-90c	/en/shop/sogutma/118-set-e-90c	True	True	https://equsto.com/en/login?mode=register&next=/en/shop/sogutma/118-set-e-90c	2026-09-12
P0_RECOVER_PRODUCT	COMMERCE_LEAK_ROBOTS_LOGIN	Robots.txt tarafından engellendi	login_blocked_but_hides_product	308_login_next_to_product	high	en	shop_pdp	hazirlik	5k45ssewh	/en/shop/hazirlik/5k45ssewh	True	True	https://equsto.com/en/login?mode=register&next=/en/shop/hazirlik/5k45ssewh	2026-09-12
P0_RECOVER_PRODUCT	COMMERCE_LEAK_ROBOTS_LOGIN	Robots.txt tarafından engellendi	login_blocked_but_hides_product	308_login_next_to_product	high	en	shop_pdp	sogutma	710067	/en/shop/sogutma/710067	True	True	https://equsto.com/en/login.html?next=/en/shop/sogutma/710067	2026-09-12
P0_RECOVER_PRODUCT	COMMERCE_LEAK_ROBOTS_LOGIN	Robots.txt tarafından engellendi	login_blocked_but_hides_product	308_login_next_to_product	high	en	shop_pdp	sogutma	118-koe-180t	/en/shop/sogutma/118-koe-180t	True	True	https://equsto.com/en/login.html?next=/en/shop/sogutma/118-koe-180t	2026-09-12
P0_RECOVER_PRODUCT	COMMERCE_LEAK_ROBOTS_LOGIN	Robots.txt tarafından engellendi	login_blocked_but_hides_product	308_login_next_to_product		en	shop_pdp	market-reyonlari	eq-nergis-lb-tp-eq48		True	False	https://equsto.com/en/login.html?next=/en/shop/market-reyonlari/eq-nergis-lb-tp-eq48	2026-09-12
P0_RECOVER_PRODUCT	COMMERCE_LEAK_ROBOTS_LOGIN	Robots.txt tarafından engellendi	login_blocked_but_hides_product	308_login_next_to_product	high	en	shop_pdp	market-reyonlari	eq-falcon-eq16	/en/shop/market-reyonlari/eq-falcon-eq16	True	True	https://equsto.com/en/login.html?next=/en/shop/market-reyonlari/eq-falcon-eq16	2026-09-12
P0_RECOVER_PRODUCT	COMMERCE_LEAK_ROBOTS_LOGIN	Robots.txt tarafından engellendi	login_blocked_but_hides_product	308_login_next_to_product		en	shop_pdp	market-reyonlari	eq-nergis-fg-eq52		True	False	https://equsto.com/en/login?mode=register&next=/en/shop/market-reyonlari/eq-nergis-fg-eq52	2026-09-11
P0_RECOVER_PRODUCT	COMMERCE_LEAK_ROBOTS_LOGIN	Robots.txt tarafından engellendi	login_blocked_but_hides_product	308_login_next_to_product	high	en	shop_pdp	pisirme	371078	/en/shop/pisirme/371078	True	True	https://equsto.com/en/login?mode=register&next=/en/shop/pisirme/371078	2026-09-11
P0_RECOVER_PRODUCT	COMMERCE_LEAK_ROBOTS_LOGIN	Robots.txt tarafından engellendi	login_blocked_but_hides_product	308_login_next_to_product	high	en	shop_pdp	sogutma	7919-cr6055-00	/en/shop/sogutma/7919-cr6055-00	True	True	https://equsto.com/en/login?mode=register&next=/en/shop/sogutma/7919-cr6055-00	2026-09-11
P0_RECOVER_PRODUCT	COMMERCE_LEAK_ROBOTS_LOGIN	Robots.txt tarafından engellendi	login_blocked_but_hides_product	308_login_next_to_product		en	shop_pdp	market-reyonlari	eq-nergis-lb-tp-sky-eq11		True	False	https://equsto.com/en/login.html?next=/en/shop/market-reyonlari/eq-nergis-lb-tp-sky-eq11	2026-09-11
P0_RECOVER_PRODUCT	COMMERCE_LEAK_ROBOTS_LOGIN	Robots.txt tarafından engellendi	login_blocked_but_hides_product	308_login_next_to_product		en	shop_pdp	market-reyonlari	eq-nergis-tp-sky-eq15		True	False	https://equsto.com/en/login?mode=register&next=/en/shop/market-reyonlari/eq-nergis-tp-sky-eq15	2026-09-11
P0_RECOVER_PRODUCT	COMMERCE_LEAK_ROBOTS_LOGIN	Robots.txt tarafından engellendi	login_blocked_but_hides_product	308_login_next_to_product	high	en	shop_pdp	tezgah	7754-197cb-21	/en/shop/tezgah/7754-197cb-21	True	True	https://equsto.com/en/login?mode=register&next=/en/shop/tezgah/7754-197cb-21	2026-09-11
P0_RECOVER_PRODUCT	COMMERCE_LEAK_ROBOTS_LOGIN	Robots.txt tarafından engellendi	login_blocked_but_hides_product	308_login_next_to_product	high	en	shop_pdp	icecek	118-lt-16	/en/shop/icecek/118-lt-16	True	True	https://equsto.com/en/login?mode=register&next=/en/shop/icecek/118-lt-16	2026-09-11
P0_RECOVER_PRODUCT	COMMERCE_LEAK_ROBOTS_LOGIN	Robots.txt tarafından engellendi	login_blocked_but_hides_product	308_login_next_to_product	high	en	shop_pdp	market-reyonlari	e-ss37-8	/en/shop/market-reyonlari/e-ss37-8	True	True	https://equsto.com/en/login?mode=register&next=/en/shop/market-reyonlari/e-ss37-8	2026-09-11
P0_RECOVER_PRODUCT	COMMERCE_LEAK_ROBOTS_LOGIN	Robots.txt tarafından engellendi	login_blocked_but_hides_product	308_login_next_to_product	high	en	shop_pdp	tezgah	eq-kptt01-14070	/en/shop/tezgah/eq-kptt01-14070	True	True	https://equsto.com/en/login.html?next=/en/shop/tezgah/eq-kptt01-14070	2026-09-11
P0_RECOVER_PRODUCT	COMMERCE_LEAK_ROBOTS_LOGIN	Robots.txt tarafından engellendi	login_blocked_but_hides_product	308_login_next_to_product	high	en	shop_pdp	araba	c122x	/en/shop/araba/c122x	True	True	https://equsto.com/en/login.html?next=/en/shop/araba/c122x	2026-09-11
P0_RECOVER_PRODUCT	COMMERCE_LEAK_ROBOTS_LOGIN	Robots.txt tarafından engellendi	login_blocked_but_hides_product	308_login_next_to_product	high	en	shop_pdp	sogutma	tt-1d70	/en/shop/sogutma/tt-1d70	True	True	https://equsto.com/en/login?mode=register&next=/en/shop/sogutma/tt-1d70	2026-09-11
P0_RECOVER_PRODUCT	COMMERCE_LEAK_ROBOTS_LOGIN	Robots.txt tarafından engellendi	login_blocked_but_hides_product	308_login_next_to_product	high	en	shop_pdp	tezgah	7911-12070-82	/en/shop/tezgah/7911-12070-82	True	True	https://equsto.com/en/login.html?next=/en/shop/tezgah/7911-12070-82	2026-09-11
P0_RECOVER_PRODUCT	COMMERCE_LEAK_ROBOTS_LOGIN	Robots.txt tarafından engellendi	login_blocked_but_hides_product	308_login_next_to_product	high	en	shop_pdp	pisirme	gn2-1	/en/shop/pisirme/gn2-1	True	True	https://equsto.com/en/login?mode=register&next=/en/shop/pisirme/gn2-1	2026-09-11
P0_RECOVER_PRODUCT	COMMERCE_LEAK_ROBOTS_LOGIN	Robots.txt tarafından engellendi	login_blocked_but_hides_product	308_login_next_to_product	high	en	shop_pdp	hazirlik	2810-00010-08	/en/shop/hazirlik/2810-00010-08	True	True	https://equsto.com/en/login.html?next=/en/shop/hazirlik/2810-00010-08	2026-09-11
P0_RECOVER_PRODUCT	COMMERCE_LEAK_ROBOTS_LOGIN	Robots.txt tarafından engellendi	login_blocked_but_hides_product	308_login_next_to_product	high	en	shop_pdp	pisirme	ino-7ie20s	/en/shop/pisirme/ino-7ie20s	True	True	https://equsto.com/en/login.html?next=/en/shop/pisirme/ino-7ie20s	2026-09-11
P0_RECOVER_PRODUCT	COMMERCE_LEAK_ROBOTS_LOGIN	Robots.txt tarafından engellendi	login_blocked_but_hides_product	308_login_next_to_product	high	en	shop_pdp	pisirme	spr6-1	/en/shop/pisirme/spr6-1	True	True	https://equsto.com/en/login.html?next=/en/shop/pisirme/spr6-1	2026-09-11
P0_RECOVER_PRODUCT	COMMERCE_LEAK_ROBOTS_LOGIN	Robots.txt tarafından engellendi	login_blocked_but_hides_product	308_login_next_to_product	high	en	shop_pdp	sogutma	bre-cb416ahcbqube	/en/shop/sogutma/bre-cb416ahcbqube	True	True	https://equsto.com/en/login?mode=register&next=/en/shop/sogutma/bre-cb416ahcbqube	2026-09-11
P0_RECOVER_PRODUCT	COMMERCE_LEAK_ROBOTS_LOGIN	Robots.txt tarafından engellendi	login_blocked_but_hides_product	308_login_next_to_product	high	en	shop_pdp	yikama	502704	/en/shop/yikama/502704	True	True	https://equsto.com/en/login?mode=register&next=/en/shop/yikama/502704	2026-09-11
P0_RECOVER_PRODUCT	COMMERCE_LEAK_ROBOTS_LOGIN	Robots.txt tarafından engellendi	login_blocked_but_hides_product	308_login_next_to_product	high	en	shop_pdp	tezgah	7911-16060-14	/en/shop/tezgah/7911-16060-14	True	True	https://equsto.com/en/login?mode=register&next=/en/shop/tezgah/7911-16060-14	2026-09-11
P0_RECOVER_PRODUCT	COMMERCE_LEAK_ROBOTS_LOGIN	Robots.txt tarafından engellendi	login_blocked_but_hides_product	308_login_next_to_product	high	en	shop_pdp	tezgah	7758-246e5-31	/en/shop/tezgah/7758-246e5-31	True	True	https://equsto.com/en/login?mode=register&next=/en/shop/tezgah/7758-246e5-31	2026-09-11
P0_RECOVER_PRODUCT	COMMERCE_LEAK_ROBOTS_LOGIN	Robots.txt tarafından engellendi	login_blocked_but_hides_product	308_login_next_to_product	high	en	shop_pdp	pisirme	ino-zmd-9ie10s	/en/shop/pisirme/ino-zmd-9ie10s	True	True	https://equsto.com/en/login?mode=register&next=/en/shop/pisirme/ino-zmd-9ie10s	2026-09-11
P0_RECOVER_PRODUCT	COMMERCE_LEAK_ROBOTS_LOGIN	Robots.txt tarafından engellendi	login_blocked_but_hides_product	308_login_next_to_product	high	en	shop_pdp	istif	s-kanca-plastik-raf-icin	/en/shop/istif/s-kanca-plastik-raf-icin	True	False	https://equsto.com/en/login.html?next=/en/shop/istif/s-kanca-plastik-raf-icin	2026-09-11
P0_RECOVER_PRODUCT	COMMERCE_LEAK_ROBOTS_LOGIN	Robots.txt tarafından engellendi	login_blocked_but_hides_product	308_login_next_to_product	high	en	shop_pdp	tezgah	7911-19060-84	/en/shop/tezgah/7911-19060-84	True	True	https://equsto.com/en/login.html?next=/en/shop/tezgah/7911-19060-84	2026-09-11
P0_RECOVER_PRODUCT	COMMERCE_LEAK_ROBOTS_LOGIN	Robots.txt tarafından engellendi	login_blocked_but_hides_product	308_login_next_to_product		en	shop_pdp	hazirlik	rc-28170		True	False	https://equsto.com/en/login.html?next=/en/shop/hazirlik/rc-28170	2026-09-11
P0_RECOVER_PRODUCT	COMMERCE_LEAK_ROBOTS_LOGIN	Robots.txt tarafından engellendi	login_blocked_but_hides_product	308_login_next_to_product	med	en	shop_pdp	davlumbaz	pimak-55255-10	/en/shop/davlumbaz/7885-55255-10	True	True	https://equsto.com/en/login.html?next=/en/shop/davlumbaz/pimak-55255-10	2026-09-11
P0_RECOVER_PRODUCT	COMMERCE_LEAK_ROBOTS_LOGIN	Robots.txt tarafından engellendi	login_blocked_but_hides_product	308_login_next_to_product	high	en	shop_pdp	pisirme	adgc-4a	/en/shop/pisirme/adgc-4a	True	True	https://equsto.com/en/login?next=/en/shop/pisirme/adgc-4a	2026-09-11
P0_RECOVER_PRODUCT	COMMERCE_LEAK_ROBOTS_LOGIN	Robots.txt tarafından engellendi	login_blocked_but_hides_product	308_login_next_to_product	high	en	shop_pdp	tezgah	eq-khct02-12070	/en/shop/tezgah/eq-khct02-12070	True	True	https://equsto.com/en/login?mode=register&next=/en/shop/tezgah/eq-khct02-12070	2026-09-11
P0_RECOVER_PRODUCT	COMMERCE_LEAK_ROBOTS_LOGIN	Robots.txt tarafından engellendi	login_blocked_but_hides_product	308_login_next_to_product	high	en	shop_pdp	tezgah	7911-19060-79	/en/shop/tezgah/7911-19060-79	True	True	https://equsto.com/en/login?mode=register&next=/en/shop/tezgah/7911-19060-79	2026-09-11
P0_RECOVER_PRODUCT	COMMERCE_LEAK_ROBOTS_LOGIN	Robots.txt tarafından engellendi	login_blocked_but_hides_product	308_login_next_to_product	high	en	shop_pdp	set-ustu-mutfak	8310-0pp12-100	/en/shop/set-ustu-mutfak/8310-0pp12-100	True	True	https://equsto.com/en/login?mode=register&next=/en/shop/set-ustu-mutfak/8310-0pp12-100	2026-09-11
P0_RECOVER_PRODUCT	COMMERCE_LEAK_ROBOTS_LOGIN	Robots.txt tarafından engellendi	login_blocked_but_hides_product	308_login_next_to_product	high	en	shop_pdp	davlumbaz	eq-kdavot01-275150	/en/shop/davlumbaz/eq-kdavot01-275150	True	True	https://equsto.com/en/login.html?next=/en/shop/davlumbaz/eq-kdavot01-275150	2026-09-11
P0_RECOVER_PRODUCT	COMMERCE_LEAK_ROBOTS_LOGIN	Robots.txt tarafından engellendi	login_blocked_but_hides_product	308_login_next_to_product	high	en	shop_pdp	araba	g-md-100-25-d	/en/shop/araba/g-md-100-25-d	True	True	https://equsto.com/en/login.html?next=/en/shop/araba/g-md-100-25-d	2026-09-11
P0_RECOVER_PRODUCT	COMMERCE_LEAK_ROBOTS_LOGIN	Robots.txt tarafından engellendi	login_blocked_but_hides_product	308_login_next_to_product	high	en	shop_pdp	tezgah	7911-16070-84	/en/shop/tezgah/7911-16070-84	True	True	https://equsto.com/en/login.html?next=/en/shop/tezgah/7911-16070-84	2026-09-11
P0_RECOVER_PRODUCT	COMMERCE_LEAK_ROBOTS_LOGIN	Robots.txt tarafından engellendi	login_blocked_but_hides_product	308_login_next_to_product	high	en	shop_pdp	pisirme	npicco60-2	/en/shop/pisirme/npicco60-2	True	True	https://equsto.com/en/login.html?next=/en/shop/pisirme/npicco60-2	2026-09-11
P0_RECOVER_PRODUCT	COMMERCE_LEAK_ROBOTS_LOGIN	Robots.txt tarafından engellendi	login_blocked_but_hides_product	308_login_next_to_product		en	shop_pdp	market-reyonlari	eq-sardunya-gl-eq8		True	False	https://equsto.com/en/login?mode=register&next=/en/shop/market-reyonlari/eq-sardunya-gl-eq8	2026-09-11
P0_RECOVER_PRODUCT	COMMERCE_LEAK_ROBOTS_LOGIN	Robots.txt tarafından engellendi	login_blocked_but_hides_product	308_login_next_to_product	high	en	shop_pdp	tezgah	7911-10060-83	/en/shop/tezgah/7911-10060-83	True	True	https://equsto.com/en/login.html?next=/en/shop/tezgah/7911-10060-83	2026-09-11
P0_RECOVER_PRODUCT	COMMERCE_LEAK_ROBOTS_LOGIN	Robots.txt tarafından engellendi	login_blocked_but_hides_product	308_login_next_to_product	high	en	shop_pdp	set-ustu-mutfak	vwg-5t	/en/shop/set-ustu-mutfak/vwg-5t	True	True	https://equsto.com/en/login?mode=register&next=/en/shop/set-ustu-mutfak/vwg-5t	2026-09-11
P0_RECOVER_PRODUCT	COMMERCE_LEAK_ROBOTS_LOGIN	Robots.txt tarafından engellendi	login_blocked_but_hides_product	308_login_next_to_product	high	en	shop_pdp	sogutma	bre-vm1700a	/en/shop/sogutma/bre-vm1700a	True	True	https://equsto.com/en/login.html?next=/en/shop/sogutma/bre-vm1700a	2026-09-11
P0_RECOVER_PRODUCT	COMMERCE_LEAK_ROBOTS_LOGIN	Robots.txt tarafından engellendi	login_blocked_but_hides_product	308_login_next_to_product	high	en	shop_pdp	pisirme	ino-zco-9dg08	/en/shop/pisirme/ino-zco-9dg08	True	True	https://equsto.com/en/login?mode=register&next=/en/shop/pisirme/ino-zco-9dg08	2026-09-11
P0_RECOVER_PRODUCT	COMMERCE_LEAK_ROBOTS_LOGIN	Robots.txt tarafından engellendi	login_blocked_but_hides_product	308_login_next_to_product	high	en	shop_pdp	set-ustu-mutfak	0840-00010-11	/en/shop/set-ustu-mutfak/0840-00010-11	True	True	https://equsto.com/en/login?mode=register&next=/en/shop/set-ustu-mutfak/0840-00010-11	2026-09-11
P0_RECOVER_PRODUCT	COMMERCE_LEAK_ROBOTS_LOGIN	Robots.txt tarafından engellendi	login_blocked_but_hides_product	308_login_next_to_product	high	en	shop_pdp	market-reyonlari	eq-lion-sld-eq8	/en/shop/market-reyonlari/eq-lion-sld-eq8	True	True	https://equsto.com/en/login?mode=register&next=/en/shop/market-reyonlari/eq-lion-sld-eq8	2026-09-11
P0_RECOVER_PRODUCT	COMMERCE_LEAK_ROBOTS_LOGIN	Robots.txt tarafından engellendi	login_blocked_but_hides_product	308_login_next_to_product	high	en	shop_pdp	market-reyonlari	eq-tiger-wfg-eq7	/en/shop/market-reyonlari/eq-tiger-wfg-eq7	True	True	https://equsto.com/en/login.html?next=/en/shop/market-reyonlari/eq-tiger-wfg-eq7	2026-09-11
P0_RECOVER_PRODUCT	COMMERCE_LEAK_ROBOTS_LOGIN	Robots.txt tarafından engellendi	login_blocked_but_hides_product	308_login_next_to_product	high	en	shop_pdp	tezgah	ino-kkr063	/en/shop/tezgah/ino-kkr063	True	True	https://equsto.com/en/login?mode=register&next=/en/shop/tezgah/ino-kkr063	2026-09-11
P0_RECOVER_PRODUCT	COMMERCE_LEAK_ROBOTS_LOGIN	Robots.txt tarafından engellendi	login_blocked_but_hides_product	308_login_next_to_product		en	shop_pdp	market-reyonlari	eq-nergis-lb-fg-eq10		True	False	https://equsto.com/en/login.html?next=/en/shop/market-reyonlari/eq-nergis-lb-fg-eq10	2026-09-11
P0_RECOVER_PRODUCT	COMMERCE_LEAK_ROBOTS_LOGIN	Robots.txt tarafından engellendi	login_blocked_but_hides_product	308_login_next_to_product		en	shop_pdp	market-reyonlari	eq-nergis-lb-tp-sky-eq1		True	False	https://equsto.com/en/login.html?next=/en/shop/market-reyonlari/eq-nergis-lb-tp-sky-eq1	2026-09-11
P0_RECOVER_PRODUCT	COMMERCE_LEAK_ROBOTS_LOGIN	Robots.txt tarafından engellendi	login_blocked_but_hides_product	308_login_next_to_product	high	en	shop_pdp	market-reyonlari	eq-panther-dgd-sld-eq1	/en/shop/market-reyonlari/eq-panther-dgd-sld-eq1	True	True	https://equsto.com/en/login?mode=register&next=/en/shop/market-reyonlari/eq-panther-dgd-sld-eq1	2026-09-11
P0_RECOVER_PRODUCT	COMMERCE_LEAK_ROBOTS_LOGIN	Robots.txt tarafından engellendi	login_blocked_but_hides_product	308_login_next_to_product	high	en	shop_pdp	tezgah	7754-186eb-21	/en/shop/tezgah/7754-186eb-21	True	True	https://equsto.com/en/login?mode=register&next=/en/shop/tezgah/7754-186eb-21	2026-09-11
P0_RECOVER_PRODUCT	COMMERCE_LEAK_ROBOTS_LOGIN	Robots.txt tarafından engellendi	login_blocked_but_hides_product	308_login_next_to_product	high	en	shop_pdp	pisirme	npicco27-7	/en/shop/pisirme/npicco27-7	True	True	https://equsto.com/en/login?mode=register&next=/en/shop/pisirme/npicco27-7	2026-09-11
P0_RECOVER_PRODUCT	COMMERCE_LEAK_ROBOTS_LOGIN	Robots.txt tarafından engellendi	login_blocked_but_hides_product	308_login_next_to_product	high	en	shop_pdp	pisirme	7855-00300-02	/en/shop/pisirme/7855-00300-02	True	True	https://equsto.com/en/login?mode=register&next=/en/shop/pisirme/7855-00300-02	2026-09-11
P0_RECOVER_PRODUCT	COMMERCE_LEAK_ROBOTS_LOGIN	Robots.txt tarafından engellendi	login_blocked_but_hides_product	308_login_next_to_product	high	en	shop_pdp	set-ustu-mutfak	0311-12040-41	/en/shop/set-ustu-mutfak/0311-12040-41	True	True	https://equsto.com/en/login.html?next=/en/shop/set-ustu-mutfak/0311-12040-41	2026-09-11
P0_RECOVER_PRODUCT	COMMERCE_LEAK_ROBOTS_LOGIN	Robots.txt tarafından engellendi	login_blocked_but_hides_product	308_login_next_to_product	high	en	shop_pdp	dolap	7911-16070-56	/en/shop/tezgah/7911-16070-56	True	True	https://equsto.com/en/login?mode=register&next=/en/shop/dolap/7911-16070-56	2026-09-11
P0_RECOVER_PRODUCT	COMMERCE_LEAK_ROBOTS_LOGIN	Robots.txt tarafından engellendi	login_blocked_but_hides_product	308_login_next_to_product	high	en	shop_pdp	pisirme	npicco248-1	/en/shop/pisirme/npicco248-1	True	True	https://equsto.com/en/login?mode=register&next=/en/shop/pisirme/npicco248-1	2026-09-11
P0_RECOVER_PRODUCT	COMMERCE_LEAK_ROBOTS_LOGIN	Robots.txt tarafından engellendi	login_blocked_but_hides_product	308_login_next_to_product	high	en	shop_pdp	yikama	074m-00000-ad	/en/shop/yikama/074m-00000-ad	True	True	https://equsto.com/en/login.html?next=/en/shop/yikama/074m-00000-ad	2026-09-11
P0_RECOVER_PRODUCT	COMMERCE_LEAK_ROBOTS_LOGIN	Robots.txt tarafından engellendi	login_blocked_but_hides_product	308_login_next_to_product	high	en	shop_pdp	tezgah	7754-166ab-21	/en/shop/tezgah/7754-166ab-21	True	True	https://equsto.com/en/login.html?next=/en/shop/tezgah/7754-166ab-21	2026-09-11
P0_RECOVER_PRODUCT	COMMERCE_LEAK_ROBOTS_LOGIN	Robots.txt tarafından engellendi	login_blocked_but_hides_product	308_login_next_to_product	high	en	shop_pdp	tezgah	133062	/en/shop/tezgah/133062	True	True	https://equsto.com/en/login?mode=register&next=/en/shop/tezgah/133062	2026-09-11
P0_RECOVER_PRODUCT	COMMERCE_LEAK_ROBOTS_LOGIN	Robots.txt tarafından engellendi	login_blocked_but_hides_product	308_login_next_to_product		en	shop_pdp	market-reyonlari	eq-fulya-hf-fg-eq2		True	False	https://equsto.com/en/login.html?next=/en/shop/market-reyonlari/eq-fulya-hf-fg-eq2	2026-09-11
P0_RECOVER_PRODUCT	COMMERCE_LEAK_ROBOTS_LOGIN	Robots.txt tarafından engellendi	login_blocked_but_hides_product	308_login_next_to_product	high	en	shop_pdp	dolap	7758-186e5-35	/en/shop/tezgah/7758-186e5-35	True	True	https://equsto.com/en/login?mode=register&next=/en/shop/dolap/7758-186e5-35	2026-09-11
P0_RECOVER_PRODUCT	COMMERCE_LEAK_ROBOTS_LOGIN	Robots.txt tarafından engellendi	login_blocked_but_hides_product	308_login_next_to_product	high	en	shop_pdp	tezgah	ino-klg130	/en/shop/tezgah/ino-klg130	True	True	https://equsto.com/en/login.html?next=/en/shop/tezgah/ino-klg130	2026-09-11
P0_RECOVER_PRODUCT	COMMERCE_LEAK_ROBOTS_LOGIN	Robots.txt tarafından engellendi	login_blocked_but_hides_product	308_login_next_to_product	high	en	shop_pdp	sogutma	sbtm-4n70e	/en/shop/sogutma/sbtm-4n70e	True	True	https://equsto.com/en/login?mode=register&next=/en/shop/sogutma/sbtm-4n70e	2026-09-11
P0_RECOVER_PRODUCT	COMMERCE_LEAK_ROBOTS_LOGIN	Robots.txt tarafından engellendi	login_blocked_but_hides_product	308_login_next_to_product	high	en	shop_pdp	tezgah	7897-15030-07	/en/shop/tezgah/7897-15030-07	True	True	https://equsto.com/en/login?mode=register&next=/en/shop/tezgah/7897-15030-07	2026-09-11
P0_RECOVER_PRODUCT	COMMERCE_LEAK_ROBOTS_LOGIN	Robots.txt tarafından engellendi	login_blocked_but_hides_product	308_login_next_to_product	high	en	shop_pdp	tezgah	7911-14060-04	/en/shop/tezgah/7911-14060-04	True	True	https://equsto.com/en/login?mode=register&next=/en/shop/tezgah/7911-14060-04	2026-09-11
P0_RECOVER_PRODUCT	COMMERCE_LEAK_ROBOTS_LOGIN	Robots.txt tarafından engellendi	login_blocked_but_hides_product	308_login_next_to_product		en	shop_pdp	market-reyonlari	eq-orkide-eq13		True	False	https://equsto.com/en/login?mode=register&next=/en/shop/market-reyonlari/eq-orkide-eq13	2026-09-11
P0_RECOVER_PRODUCT	COMMERCE_LEAK_ROBOTS_LOGIN	Robots.txt tarafından engellendi	login_blocked_but_hides_product	308_login_next_to_product	high	en	shop_pdp	pisirme	371016	/en/shop/pisirme/371016	True	True	https://equsto.com/en/login?mode=register&next=/en/shop/pisirme/371016	2026-09-11
P0_RECOVER_PRODUCT	COMMERCE_LEAK_ROBOTS_LOGIN	Robots.txt tarafından engellendi	login_blocked_but_hides_product	308_login_next_to_product	high	en	shop_pdp	tezgah	7897-10030-30	/en/shop/tezgah/7897-10030-30	True	True	https://equsto.com/en/login.html?next=/en/shop/tezgah/7897-10030-30	2026-09-11
P0_RECOVER_PRODUCT	COMMERCE_LEAK_ROBOTS_LOGIN	Robots.txt tarafından engellendi	login_blocked_but_hides_product	308_login_next_to_product	high	en	shop_pdp	sogutma	118-sds-710-dc	/en/shop/sogutma/118-sds-710-dc	True	True	https://equsto.com/en/login?mode=register&next=/en/shop/sogutma/118-sds-710-dc	2026-09-11
P0_RECOVER_PRODUCT	COMMERCE_LEAK_ROBOTS_LOGIN	Robots.txt tarafından engellendi	login_blocked_but_hides_product	308_login_next_to_product	high	en	shop_pdp	pisirme	7865-n1-80708-02g	/en/shop/pisirme/7865-n1-80708-02g	True	True	https://equsto.com/en/login.html?next=/en/shop/pisirme/7865-n1-80708-02g	2026-09-11
P0_RECOVER_PRODUCT	COMMERCE_LEAK_ROBOTS_LOGIN	Robots.txt tarafından engellendi	login_blocked_but_hides_product	308_login_next_to_product	high	en	shop_pdp	pisirme	agi-490-ncr	/en/shop/pisirme/agi-490-ncr	True	True	https://equsto.com/en/login?mode=register&next=/en/shop/pisirme/agi-490-ncr	2026-09-11
P0_RECOVER_PRODUCT	COMMERCE_LEAK_ROBOTS_LOGIN	Robots.txt tarafından engellendi	login_blocked_but_hides_product	308_login_next_to_product	high	en	shop_pdp	sogutma	118-set-p-90s	/en/shop/sogutma/118-set-p-90s	True	True	https://equsto.com/en/login.html?next=/en/shop/sogutma/118-set-p-90s	2026-09-11
P0_RECOVER_PRODUCT	COMMERCE_LEAK_ROBOTS_LOGIN	Robots.txt tarafından engellendi	login_blocked_but_hides_product	308_login_next_to_product	high	en	shop_pdp	pisirme	aeo-1270	/en/shop/pisirme/aeo-1270	True	True	https://equsto.com/en/login?mode=register&next=/en/shop/pisirme/aeo-1270	2026-09-11
P0_RECOVER_PRODUCT	COMMERCE_LEAK_ROBOTS_LOGIN	Robots.txt tarafından engellendi	login_blocked_but_hides_product	308_login_next_to_product	high	en	shop_pdp	sogutma	tt-3n70-e	/en/shop/sogutma/tt-3n70-e	True	True	https://equsto.com/en/login?mode=register&next=/en/shop/sogutma/tt-3n70-e	2026-09-11
P0_RECOVER_PRODUCT	COMMERCE_LEAK_ROBOTS_LOGIN	Robots.txt tarafından engellendi	login_blocked_but_hides_product	308_login_next_to_product	high	en	shop_pdp	dolap	7758-246e8-23	/en/shop/tezgah/7758-246e8-23	True	True	https://equsto.com/en/login.html?next=/en/shop/dolap/7758-246e8-23	2026-09-11
P0_RECOVER_PRODUCT	COMMERCE_LEAK_ROBOTS_LOGIN	Robots.txt tarafından engellendi	login_blocked_but_hides_product	308_login_next_to_product	high	en	shop_pdp	set-ustu-mutfak	045m-0307g-06	/en/shop/set-ustu-mutfak/045m-0307g-06	True	True	https://equsto.com/en/login?mode=register&next=/en/shop/set-ustu-mutfak/045m-0307g-06	2026-09-11
P0_RECOVER_PRODUCT	COMMERCE_LEAK_ROBOTS_LOGIN	Robots.txt tarafından engellendi	login_blocked_but_hides_product	308_login_next_to_product	high	en	shop_pdp	tezgah	eq-kdct01-16070	/en/shop/tezgah/eq-kdct01-16070	True	True	https://equsto.com/en/login?mode=register&next=/en/shop/tezgah/eq-kdct01-16070	2026-09-11
P0_RECOVER_PRODUCT	COMMERCE_LEAK_ROBOTS_LOGIN	Robots.txt tarafından engellendi	login_blocked_but_hides_product	308_login_next_to_product	high	en	shop_pdp	yikama	074m-00000-ad	/en/shop/yikama/074m-00000-ad	True	True	https://equsto.com/en/login?mode=register&next=/en/shop/yikama/074m-00000-ad	2026-09-11
P0_RECOVER_PRODUCT	COMMERCE_LEAK_ROBOTS_LOGIN	Robots.txt tarafından engellendi	login_blocked_but_hides_product	308_login_next_to_product	high	en	shop_pdp	pisirme	npicco27-5	/en/shop/pisirme/npicco27-5	True	True	https://equsto.com/en/login?mode=register&next=/en/shop/pisirme/npicco27-5	2026-09-11
P0_RECOVER_PRODUCT	COMMERCE_LEAK_ROBOTS_LOGIN	Robots.txt tarafından engellendi	login_blocked_but_hides_product	308_login_next_to_product	high	en	shop_pdp	pisirme	adg-3a	/en/shop/pisirme/adg-3a	True	True	https://equsto.com/en/login.html?next=/en/shop/pisirme/adg-3a	2026-09-11
P0_RECOVER_PRODUCT	COMMERCE_LEAK_ROBOTS_LOGIN	Robots.txt tarafından engellendi	login_blocked_but_hides_product	308_login_next_to_product	high	en	shop_pdp	dolap	7911-14060-31p	/en/shop/tezgah/7911-14060-31p	True	True	https://equsto.com/en/login?mode=register&next=/en/shop/dolap/7911-14060-31p	2026-09-11
P0_RECOVER_PRODUCT	COMMERCE_LEAK_ROBOTS_LOGIN	Robots.txt tarafından engellendi	login_blocked_but_hides_product	308_login_next_to_product	high	en	shop_pdp	set-ustu-mutfak	0311-23065-31	/en/shop/set-ustu-mutfak/0311-23065-31	True	True	https://equsto.com/en/login?mode=register&next=/en/shop/set-ustu-mutfak/0311-23065-31	2026-09-11
P0_RECOVER_PRODUCT	COMMERCE_LEAK_ROBOTS_LOGIN	Robots.txt tarafından engellendi	login_blocked_but_hides_product	308_login_next_to_product		en	shop_pdp	market-reyonlari	eq-nergis-fg-eq58		True	False	https://equsto.com/en/login.html?next=/en/shop/market-reyonlari/eq-nergis-fg-eq58	2026-09-11
P0_RECOVER_PRODUCT	COMMERCE_LEAK_ROBOTS_LOGIN	Robots.txt tarafından engellendi	login_blocked_but_hides_product	308_login_next_to_product		en	shop_pdp	market-reyonlari	eq-lotus-eq56		True	False	https://equsto.com/en/login?mode=register&next=/en/shop/market-reyonlari/eq-lotus-eq56	2026-09-11
P0_RECOVER_PRODUCT	COMMERCE_LEAK_ROBOTS_LOGIN	Robots.txt tarafından engellendi	login_blocked_but_hides_product	308_login_next_to_product	high	en	shop_pdp	pisirme	371009	/en/shop/pisirme/371009	True	True	https://equsto.com/en/login.html?next=/en/shop/pisirme/371009	2026-09-11
P0_RECOVER_PRODUCT	COMMERCE_LEAK_ROBOTS_LOGIN	Robots.txt tarafından engellendi	login_blocked_but_hides_product	308_login_next_to_product	high	en	shop_pdp	pisirme	eaeo-360	/en/shop/pisirme/eaeo-360	True	True	https://equsto.com/en/login.html?next=/en/shop/pisirme/eaeo-360	2026-09-11
P0_RECOVER_PRODUCT	COMMERCE_LEAK_ROBOTS_LOGIN	Robots.txt tarafından engellendi	login_blocked_but_hides_product	308_login_next_to_product	high	en	shop_pdp	pisirme	7960-11829-7o3	/en/shop/yikama/7960-11829-7o3	True	True	https://equsto.com/en/login?mode=register&next=/en/shop/pisirme/7960-11829-7o3	2026-09-11
P0_RECOVER_PRODUCT	COMMERCE_LEAK_ROBOTS_LOGIN	Robots.txt tarafından engellendi	login_blocked_but_hides_product	308_login_next_to_product	high	en	shop_pdp	set-ustu-mutfak	m079-2e	/en/shop/set-ustu-mutfak/m079-2e	True	True	https://equsto.com/en/login?mode=register&next=/en/shop/set-ustu-mutfak/m079-2e	2026-09-11
P0_RECOVER_PRODUCT	COMMERCE_LEAK_ROBOTS_LOGIN	Robots.txt tarafından engellendi	login_blocked_but_hides_product	308_login_next_to_product		en	shop_pdp	market-reyonlari	eq-fulya-hf-fg-sky-eq13		True	False	https://equsto.com/en/login?mode=register&next=/en/shop/market-reyonlari/eq-fulya-hf-fg-sky-eq13	2026-09-11
P0_RECOVER_PRODUCT	COMMERCE_LEAK_ROBOTS_LOGIN	Robots.txt tarafından engellendi	login_blocked_but_hides_product	308_login_next_to_product	high	en	shop_pdp	icecek	118-srb20	/en/shop/icecek/118-srb20	True	True	https://equsto.com/en/login.html?next=/en/shop/icecek/118-srb20	2026-09-11
P0_RECOVER_PRODUCT	COMMERCE_LEAK_ROBOTS_LOGIN	Robots.txt tarafından engellendi	login_blocked_but_hides_product	308_login_next_to_product	high	en	shop_pdp	tezgah	eq-kptt03-09070	/en/shop/tezgah/eq-kptt03-09070	True	True	https://equsto.com/en/login.html?next=/en/shop/tezgah/eq-kptt03-09070	2026-09-11
P0_RECOVER_PRODUCT	COMMERCE_LEAK_ROBOTS_LOGIN	Robots.txt tarafından engellendi	login_blocked_but_hides_product	308_login_next_to_product	high	en	shop_pdp	pisirme	7960-04929-5y1	/en/shop/yikama/7960-04929-5y1	True	True	https://equsto.com/en/login.html?next=/en/shop/pisirme/7960-04929-5y1	2026-09-11
P0_RECOVER_PRODUCT	COMMERCE_LEAK_ROBOTS_LOGIN	Robots.txt tarafından engellendi	login_blocked_but_hides_product	308_login_next_to_product	high	en	shop_pdp	yikama	402202	/en/shop/yikama/402202	True	True	https://equsto.com/en/login.html?next=/en/shop/yikama/402202	2026-09-11
P0_RECOVER_PRODUCT	COMMERCE_LEAK_ROBOTS_LOGIN	Robots.txt tarafından engellendi	login_blocked_but_hides_product	308_login_next_to_product	high	en	shop_pdp	sogutma	710068	/en/shop/sogutma/710068	True	True	https://equsto.com/en/login.html?next=/en/shop/sogutma/710068	2026-09-11
P0_RECOVER_PRODUCT	COMMERCE_LEAK_ROBOTS_LOGIN	Robots.txt tarafından engellendi	login_blocked_but_hides_product	308_login_next_to_product	high	en	shop_pdp	dolap	7911-19060-96	/en/shop/tezgah/7911-19060-96	True	True	https://equsto.com/en/login.html?next=/en/shop/dolap/7911-19060-96	2026-09-11
P0_RECOVER_PRODUCT	COMMERCE_LEAK_ROBOTS_LOGIN	Robots.txt tarafından engellendi	login_blocked_but_hides_product	308_login_next_to_product	high	en	shop_pdp	sogutma	118-dp-600	/en/shop/sogutma/118-dp-600	True	True	https://equsto.com/en/login?mode=register&next=/en/shop/sogutma/118-dp-600	2026-09-11
P0_RECOVER_PRODUCT	COMMERCE_LEAK_ROBOTS_LOGIN	Robots.txt tarafından engellendi	login_blocked_but_hides_product	308_login_next_to_product		en	shop_pdp	market-reyonlari	eq-fulya-hf-lm-eq4		True	False	https://equsto.com/en/login.html?next=/en/shop/market-reyonlari/eq-fulya-hf-lm-eq4	2026-09-11
P0_RECOVER_PRODUCT	COMMERCE_LEAK_ROBOTS_LOGIN	Robots.txt tarafından engellendi	login_blocked_but_hides_product	308_login_next_to_product	high	en	shop_pdp	market-reyonlari	eq-falcon-sld-eq34	/en/shop/market-reyonlari/eq-falcon-sld-eq34	True	True	https://equsto.com/en/login?next=/en/shop/market-reyonlari/eq-falcon-sld-eq34	2026-09-11
P0_RECOVER_PRODUCT	COMMERCE_LEAK_ROBOTS_LOGIN	Robots.txt tarafından engellendi	login_blocked_but_hides_product	308_login_next_to_product		en	shop_pdp	market-reyonlari	eq-fulya-hf-lm-eq24		True	False	https://equsto.com/en/login?mode=register&next=/en/shop/market-reyonlari/eq-fulya-hf-lm-eq24	2026-09-11
P0_RECOVER_PRODUCT	COMMERCE_LEAK_ROBOTS_LOGIN	Robots.txt tarafından engellendi	login_blocked_but_hides_product	308_login_next_to_product		en	shop_pdp	market-reyonlari	eq-nergis-lb-lm-eq19		True	False	https://equsto.com/en/login.html?next=/en/shop/market-reyonlari/eq-nergis-lb-lm-eq19	2026-09-11
P0_RECOVER_PRODUCT	COMMERCE_LEAK_ROBOTS_LOGIN	Robots.txt tarafından engellendi	login_blocked_but_hides_product	308_login_next_to_product	high	en	shop_pdp	tezgah	7911-10060-00	/en/shop/tezgah/7911-10060-00	True	True	https://equsto.com/en/login?mode=register&next=/en/shop/tezgah/7911-10060-00	2026-09-11
P0_RECOVER_PRODUCT	COMMERCE_LEAK_ROBOTS_LOGIN	Robots.txt tarafından engellendi	login_blocked_but_hides_product	308_login_next_to_product	high	en	shop_pdp	pisirme	npicco88-8	/en/shop/pisirme/npicco88-8	True	True	https://equsto.com/en/login?mode=register&next=/en/shop/pisirme/npicco88-8	2026-09-11
P0_RECOVER_PRODUCT	COMMERCE_LEAK_ROBOTS_LOGIN	Robots.txt tarafından engellendi	login_blocked_but_hides_product	308_login_next_to_product	high	en	shop_pdp	pisirme	spr73-4	/en/shop/pisirme/spr73-4	True	True	https://equsto.com/en/login?mode=register&next=/en/shop/pisirme/spr73-4	2026-09-11
P0_RECOVER_PRODUCT	COMMERCE_LEAK_ROBOTS_LOGIN	Robots.txt tarafından engellendi	login_blocked_but_hides_product	308_login_next_to_product	high	en	shop_pdp	pisirme	adg-5u	/en/shop/pisirme/adg-5u	True	True	https://equsto.com/en/login?mode=register&next=/en/shop/pisirme/adg-5u	2026-09-11
P0_RECOVER_PRODUCT	COMMERCE_LEAK_ROBOTS_LOGIN	Robots.txt tarafından engellendi	login_blocked_but_hides_product	308_login_next_to_product	high	en	shop_pdp	market-reyonlari	eq-lion-sld-eq2	/en/shop/market-reyonlari/eq-lion-sld-eq2	True	True	https://equsto.com/en/login?mode=register&next=/en/shop/market-reyonlari/eq-lion-sld-eq2	2026-09-11
P0_RECOVER_PRODUCT	COMMERCE_LEAK_ROBOTS_LOGIN	Robots.txt tarafından engellendi	login_blocked_but_hides_product	308_login_next_to_product	high	en	shop_pdp	tasima	100375	/en/shop/tasima/100375	True	True	https://equsto.com/en/login?mode=register&next=/en/shop/tasima/100375	2026-09-11
P0_RECOVER_PRODUCT	COMMERCE_LEAK_ROBOTS_LOGIN	Robots.txt tarafından engellendi	login_blocked_but_hides_product	308_login_next_to_product		en	shop_pdp	market-reyonlari	eq-fulya-hf-fl-eq6		True	False	https://equsto.com/en/login.html?next=/en/shop/market-reyonlari/eq-fulya-hf-fl-eq6	2026-09-11
P0_RECOVER_PRODUCT	COMMERCE_LEAK_ROBOTS_LOGIN	Robots.txt tarafından engellendi	login_blocked_but_hides_product	308_login_next_to_product	high	en	shop_pdp	set-ustu-mutfak	0311-13200-21	/en/shop/set-ustu-mutfak/0311-13200-21	True	True	https://equsto.com/en/login?mode=register&next=/en/shop/set-ustu-mutfak/0311-13200-21	2026-09-11
P0_RECOVER_PRODUCT	COMMERCE_LEAK_ROBOTS_LOGIN	Robots.txt tarafından engellendi	login_blocked_but_hides_product	308_login_next_to_product	high	en	shop_pdp	sogutma	bre-cb640ahc	/en/shop/sogutma/bre-cb640ahc	True	True	https://equsto.com/en/login.html?next=/en/shop/sogutma/bre-cb640ahc	2026-09-11
P0_RECOVER_PRODUCT	COMMERCE_LEAK_ROBOTS_LOGIN	Robots.txt tarafından engellendi	login_blocked_but_hides_product	308_login_next_to_product	high	en	shop_pdp	tezgah	7754-216e5-31	/en/shop/tezgah/7754-216e5-31	True	True	https://equsto.com/en/login?mode=register&next=/en/shop/tezgah/7754-216e5-31	2026-09-11
P0_RECOVER_PRODUCT	COMMERCE_LEAK_ROBOTS_LOGIN	Robots.txt tarafından engellendi	login_blocked_but_hides_product	308_login_next_to_product	high	en	shop_pdp	set-ustu-mutfak	vwjg-5p	/en/shop/set-ustu-mutfak/vwjg-5p	True	True	https://equsto.com/en/login?mode=register&next=/en/shop/set-ustu-mutfak/vwjg-5p	2026-09-11
P0_RECOVER_PRODUCT	COMMERCE_LEAK_ROBOTS_LOGIN	Robots.txt tarafından engellendi	login_blocked_but_hides_product	308_login_next_to_product	high	en	shop_pdp	set-ustu-mutfak	8356-53325-20	/en/shop/set-ustu-mutfak/8356-53325-20	True	True	https://equsto.com/en/login.html?next=/en/shop/set-ustu-mutfak/8356-53325-20	2026-09-11
P0_RECOVER_PRODUCT	COMMERCE_LEAK_ROBOTS_LOGIN	Robots.txt tarafından engellendi	login_blocked_but_hides_product	308_login_next_to_product	high	en	shop_pdp	davlumbaz	7885-40155-01	/en/shop/davlumbaz/7885-40155-01	True	True	https://equsto.com/en/login?mode=register&next=/en/shop/davlumbaz/7885-40155-01	2026-09-11
P0_RECOVER_PRODUCT	COMMERCE_LEAK_ROBOTS_LOGIN	Robots.txt tarafından engellendi	login_blocked_but_hides_product	308_login_next_to_product	high	en	shop_pdp	pisirme	ino-fga100	/en/shop/pisirme/ino-fga100	True	True	https://equsto.com/en/login?mode=register&next=/en/shop/pisirme/ino-fga100	2026-09-11
P0_RECOVER_PRODUCT	COMMERCE_LEAK_ROBOTS_LOGIN	Robots.txt tarafından engellendi	login_blocked_but_hides_product	308_login_next_to_product	high	en	shop_pdp	tezgah	ino-kvb190	/en/shop/tezgah/ino-kvb190	True	True	https://equsto.com/en/login?mode=register&next=/en/shop/tezgah/ino-kvb190	2026-09-11
P0_RECOVER_PRODUCT	COMMERCE_LEAK_ROBOTS_LOGIN	Robots.txt tarafından engellendi	login_blocked_but_hides_product	308_login_next_to_product	high	en	shop_pdp	sogutma	sbhk-4n70e	/en/shop/sogutma/sbhk-4n70e	True	True	https://equsto.com/en/login.html?next=/en/shop/sogutma/sbhk-4n70e	2026-09-11
P0_RECOVER_PRODUCT	COMMERCE_LEAK_ROBOTS_LOGIN	Robots.txt tarafından engellendi	login_blocked_but_hides_product	308_login_next_to_product	high	en	shop_pdp	pisirme	spr5-3	/en/shop/pisirme/spr5-3	True	True	https://equsto.com/en/login?mode=register&next=/en/shop/pisirme/spr5-3	2026-09-11
P0_RECOVER_PRODUCT	COMMERCE_LEAK_ROBOTS_LOGIN	Robots.txt tarafından engellendi	login_blocked_but_hides_product	308_login_next_to_product	high	tr	shop_pdp	hazirlik	208-603512	/shop/hazirlik/208-603512	True	True	https://equsto.com/login?mode=register&next=/shop/hazirlik/208-603512	2026-09-11
P0_RECOVER_PRODUCT	COMMERCE_LEAK_ROBOTS_LOGIN	Robots.txt tarafından engellendi	login_blocked_but_hides_product	308_login_next_to_product	high	en	shop_pdp	kahve	602627	/en/shop/kahve/602627	True	True	https://equsto.com/en/login?mode=register&next=/en/shop/kahve/602627	2026-09-11
P0_RECOVER_PRODUCT	COMMERCE_LEAK_ROBOTS_LOGIN	Robots.txt tarafından engellendi	login_blocked_but_hides_product	308_login_next_to_product		en	shop_pdp	market-reyonlari	eq-nergis-lb-tp-eq43		True	False	https://equsto.com/en/login.html?next=/en/shop/market-reyonlari/eq-nergis-lb-tp-eq43	2026-09-11
P0_RECOVER_PRODUCT	COMMERCE_LEAK_ROBOTS_LOGIN	Robots.txt tarafından engellendi	login_blocked_but_hides_product	308_login_next_to_product	high	en	shop_pdp	pisirme	spr5-4	/en/shop/pisirme/spr5-4	True	True	https://equsto.com/en/login?mode=register&next=/en/shop/pisirme/spr5-4	2026-09-11
P0_RECOVER_PRODUCT	COMMERCE_LEAK_ROBOTS_LOGIN	Robots.txt tarafından engellendi	login_blocked_but_hides_product	308_login_next_to_product	high	en	shop_pdp	pisirme	ino-fke042	/en/shop/pisirme/ino-fke042	True	True	https://equsto.com/en/login.html?next=/en/shop/pisirme/ino-fke042	2026-09-11
P0_RECOVER_PRODUCT	COMMERCE_LEAK_ROBOTS_LOGIN	Robots.txt tarafından engellendi	login_blocked_but_hides_product	308_login_next_to_product	high	en	shop_pdp	tezgah	7758-166a8-25	/en/shop/tezgah/7758-166a8-25	True	True	https://equsto.com/en/login.html?next=/en/shop/tezgah/7758-166a8-25	2026-09-11
P0_RECOVER_PRODUCT	COMMERCE_LEAK_ROBOTS_LOGIN	Robots.txt tarafından engellendi	login_blocked_but_hides_product	308_login_next_to_product	high	en	shop_pdp	hazirlik	208-650108	/en/shop/hazirlik/208-650108	True	True	https://equsto.com/en/login.html?next=/en/shop/hazirlik/208-650108	2026-09-11
P0_RECOVER_PRODUCT	COMMERCE_LEAK_ROBOTS_LOGIN	Robots.txt tarafından engellendi	login_blocked_but_hides_product	308_login_next_to_product	high	en	shop_pdp	set-ustu-mutfak	8850-wf25e-00	/en/shop/set-ustu-mutfak/8850-wf25e-00	True	True	https://equsto.com/en/login?mode=register&next=/en/shop/set-ustu-mutfak/8850-wf25e-00	2026-09-11
P0_RECOVER_PRODUCT	COMMERCE_LEAK_ROBOTS_LOGIN	Robots.txt tarafından engellendi	login_blocked_but_hides_product	308_login_next_to_product	high	en	shop_pdp	sogutma	7919-df6040-00	/en/shop/sogutma/7919-df6040-00	True	True	https://equsto.com/en/login?mode=register&next=/en/shop/sogutma/7919-df6040-00	2026-09-11
P0_RECOVER_PRODUCT	COMMERCE_LEAK_ROBOTS_LOGIN	Robots.txt tarafından engellendi	login_blocked_but_hides_product	308_login_next_to_product	high	en	shop_pdp	sogutma	7919-df4025-00	/en/shop/sogutma/7919-df4025-00	True	True	https://equsto.com/en/login.html?next=/en/shop/sogutma/7919-df4025-00	2026-09-11
P0_RECOVER_PRODUCT	COMMERCE_LEAK_ROBOTS_LOGIN	Robots.txt tarafından engellendi	login_blocked_but_hides_product	308_login_next_to_product	high	en	shop_pdp	sogutma	bre-gb1540ahc	/en/shop/sogutma/bre-gb1540ahc	True	True	https://equsto.com/en/login?mode=register&next=/en/shop/sogutma/bre-gb1540ahc	2026-09-11
P0_RECOVER_PRODUCT	COMMERCE_LEAK_ROBOTS_LOGIN	Robots.txt tarafından engellendi	login_blocked_but_hides_product	308_login_next_to_product	high	en	shop_pdp	pisirme	m004-de	/en/shop/pisirme/m004-de	True	True	https://equsto.com/en/login?mode=register&next=/en/shop/pisirme/m004-de	2026-09-11
P0_RECOVER_PRODUCT	COMMERCE_LEAK_ROBOTS_LOGIN	Robots.txt tarafından engellendi	login_blocked_but_hides_product	308_login_next_to_product	high	en	shop_pdp	tezgah	7911-06060-91	/en/shop/tezgah/7911-06060-91	True	True	https://equsto.com/en/login?mode=register&next=/en/shop/tezgah/7911-06060-91	2026-09-11
P0_RECOVER_PRODUCT	COMMERCE_LEAK_ROBOTS_LOGIN	Robots.txt tarafından engellendi	login_blocked_but_hides_product	308_login_next_to_product	med	en	shop_pdp	davlumbaz	pimak-10105-01	/en/shop/davlumbaz/7885-10105-01	True	True	https://equsto.com/en/login?mode=register&next=/en/shop/davlumbaz/pimak-10105-01	2026-09-11
P0_RECOVER_PRODUCT	COMMERCE_LEAK_ROBOTS_LOGIN	Robots.txt tarafından engellendi	login_blocked_but_hides_product	308_login_next_to_product	high	en	shop_pdp	istif	7897-14060-04	/en/shop/istif/7897-14060-04	True	True	https://equsto.com/en/login.html?next=/en/shop/istif/7897-14060-04	2026-09-11
P0_RECOVER_PRODUCT	COMMERCE_LEAK_ROBOTS_LOGIN	Robots.txt tarafından engellendi	login_blocked_but_hides_product	308_login_next_to_product	high	en	shop_pdp	market-reyonlari	eq-falcon-eq97	/en/shop/market-reyonlari/eq-falcon-eq97	True	True	https://equsto.com/en/login.html?next=/en/shop/market-reyonlari/eq-falcon-eq97	2026-09-11
P0_RECOVER_PRODUCT	COMMERCE_LEAK_ROBOTS_LOGIN	Robots.txt tarafından engellendi	login_blocked_but_hides_product	308_login_next_to_product	high	en	shop_pdp	hazirlik	0820-00050-11	/en/shop/hazirlik/0820-00050-11	True	True	https://equsto.com/en/login.html?next=/en/shop/hazirlik/0820-00050-11	2026-09-11
P0_RECOVER_PRODUCT	COMMERCE_LEAK_ROBOTS_LOGIN	Robots.txt tarafından engellendi	login_blocked_but_hides_product	308_login_next_to_product	high	en	shop_pdp	pisirme	npicco58-1	/en/shop/pisirme/npicco58-1	True	True	https://equsto.com/en/login?mode=register&next=/en/shop/pisirme/npicco58-1	2026-09-11
P0_RECOVER_PRODUCT	COMMERCE_LEAK_ROBOTS_LOGIN	Robots.txt tarafından engellendi	login_blocked_but_hides_product	308_login_next_to_product	high	en	shop_pdp	tezgah	79k3-06lmv-00	/en/shop/tezgah/79k3-06lmv-00	True	True	https://equsto.com/en/login.html?next=/en/shop/tezgah/79k3-06lmv-00	2026-09-11
P0_RECOVER_PRODUCT	COMMERCE_LEAK_ROBOTS_LOGIN	Robots.txt tarafından engellendi	login_blocked_but_hides_product	308_login_next_to_product	high	en	shop_pdp	tezgah	7754-166e8-21	/en/shop/tezgah/7754-166e8-21	True	True	https://equsto.com/en/login?mode=register&next=/en/shop/tezgah/7754-166e8-21	2026-09-11
P0_RECOVER_PRODUCT	COMMERCE_LEAK_ROBOTS_LOGIN	Robots.txt tarafından engellendi	login_blocked_but_hides_product	308_login_next_to_product	high	en	shop_pdp	pisirme	adr-5e-gk	/en/shop/pisirme/adr-5e-gk	True	True	https://equsto.com/en/login?mode=register&next=/en/shop/pisirme/adr-5e-gk	2026-09-11
P0_RECOVER_PRODUCT	COMMERCE_LEAK_ROBOTS_LOGIN	Robots.txt tarafından engellendi	login_blocked_but_hides_product	308_login_next_to_product	high	en	shop_pdp	pisirme	7960-16229-1y3	/en/shop/yikama/7960-16229-1y3	True	True	https://equsto.com/en/login.html?next=/en/shop/pisirme/7960-16229-1y3	2026-09-11
P0_RECOVER_PRODUCT	COMMERCE_LEAK_ROBOTS_LOGIN	Robots.txt tarafından engellendi	login_blocked_but_hides_product	308_login_next_to_product	high	en	shop_pdp	set-ustu-mutfak	0311-16100-30	/en/shop/set-ustu-mutfak/0311-16100-30	True	True	https://equsto.com/en/login?mode=register&next=/en/shop/set-ustu-mutfak/0311-16100-30	2026-09-11
P0_RECOVER_PRODUCT	COMMERCE_LEAK_ROBOTS_LOGIN	Robots.txt tarafından engellendi	login_blocked_but_hides_product	308_login_next_to_product	high	en	shop_pdp	istif	8897-46100-p0	/en/shop/istif/8897-46100-p0	True	True	https://equsto.com/en/login?next=/en/shop/istif/8897-46100-p0	2026-09-11
P0_RECOVER_PRODUCT	COMMERCE_LEAK_ROBOTS_LOGIN	Robots.txt tarafından engellendi	login_blocked_but_hides_product	308_login_next_to_product	high	en	shop_pdp	dolap	7758-166a8-21	/en/shop/tezgah/7758-166a8-21	True	True	https://equsto.com/en/login?mode=register&next=/en/shop/dolap/7758-166a8-21	2026-09-11
P0_RECOVER_PRODUCT	COMMERCE_LEAK_ROBOTS_LOGIN	Robots.txt tarafından engellendi	login_blocked_but_hides_product	308_login_next_to_product		en	shop_pdp	market-reyonlari	eq-lotus-eq90		True	False	https://equsto.com/en/login?mode=register&next=/en/shop/market-reyonlari/eq-lotus-eq90	2026-09-11
P0_RECOVER_PRODUCT	COMMERCE_LEAK_ROBOTS_LOGIN	Robots.txt tarafından engellendi	login_blocked_but_hides_product	308_login_next_to_product		en	other		/en/restaurant-kitchen-quote		True	False	https://equsto.com/en/login.html?next=/en/restaurant-kitchen-quote	2026-09-11
P0_RECOVER_PRODUCT	COMMERCE_LEAK_ROBOTS_LOGIN	Robots.txt tarafından engellendi	login_blocked_but_hides_product	308_login_next_to_product		en	shop_pdp	tezgah	tb04-703030-00		True	False	https://equsto.com/en/login?mode=register&next=/en/shop/tezgah/tb04-703030-00	2026-09-11
P0_RECOVER_PRODUCT	COMMERCE_LEAK_ROBOTS_LOGIN	Robots.txt tarafından engellendi	login_blocked_but_hides_product	308_login_next_to_product	high	en	shop_pdp	market-reyonlari	eq-falcon-eq182	/en/shop/market-reyonlari/eq-falcon-eq182	True	True	https://equsto.com/en/login.html?next=/en/shop/market-reyonlari/eq-falcon-eq182	2026-09-11
P0_RECOVER_PRODUCT	COMMERCE_LEAK_ROBOTS_LOGIN	Robots.txt tarafından engellendi	login_blocked_but_hides_product	308_login_next_to_product	high	en	shop_pdp	tezgah	7911-10070-94	/en/shop/tezgah/7911-10070-94	True	True	https://equsto.com/en/login?mode=register&next=/en/shop/tezgah/7911-10070-94	2026-09-11
P0_RECOVER_PRODUCT	COMMERCE_LEAK_ROBOTS_LOGIN	Robots.txt tarafından engellendi	login_blocked_but_hides_product	308_login_next_to_product	high	en	shop_pdp	set-ustu-mutfak	0314-21065-01	/en/shop/set-ustu-mutfak/0314-21065-01	True	True	https://equsto.com/en/login.html?next=/en/shop/set-ustu-mutfak/0314-21065-01	2026-09-11
P0_RECOVER_PRODUCT	COMMERCE_LEAK_ROBOTS_LOGIN	Robots.txt tarafından engellendi	login_blocked_but_hides_product	308_login_next_to_product	high	en	shop_pdp	istif	8897-16ip4-07	/en/shop/istif/8897-16ip4-07	True	True	https://equsto.com/en/login?mode=register&next=/en/shop/istif/8897-16ip4-07	2026-09-11
P0_RECOVER_PRODUCT	COMMERCE_LEAK_ROBOTS_LOGIN	Robots.txt tarafından engellendi	login_blocked_but_hides_product	308_login_next_to_product	high	en	shop_pdp	set-ustu-mutfak	9450-gw411-bgl	/en/shop/set-ustu-mutfak/9450-gw411-bgl	True	True	https://equsto.com/en/login?mode=register&next=/en/shop/set-ustu-mutfak/9450-gw411-bgl	2026-09-11
P0_RECOVER_PRODUCT	COMMERCE_LEAK_ROBOTS_LOGIN	Robots.txt tarafından engellendi	login_blocked_but_hides_product	308_login_next_to_product	high	en	shop_pdp	market-reyonlari	be-m037-3k	/en/shop/market-reyonlari/be-m037-3k	True	True	https://equsto.com/en/login?mode=register&next=/en/shop/market-reyonlari/be-m037-3k	2026-09-11
P0_RECOVER_PRODUCT	COMMERCE_LEAK_ROBOTS_LOGIN	Robots.txt tarafından engellendi	login_blocked_but_hides_product	308_login_next_to_product	high	en	shop_pdp	set-ustu-mutfak	0311-24065-10	/en/shop/set-ustu-mutfak/0311-24065-10	True	True	https://equsto.com/en/login?mode=register&next=/en/shop/set-ustu-mutfak/0311-24065-10	2026-09-11
P0_RECOVER_PRODUCT	COMMERCE_LEAK_ROBOTS_LOGIN	Robots.txt tarafından engellendi	login_blocked_but_hides_product	308_login_next_to_product		en	shop_pdp	market-reyonlari	eq-gardenya-eq10		True	False	https://equsto.com/en/login?mode=register&next=/en/shop/market-reyonlari/eq-gardenya-eq10	2026-09-11
P0_RECOVER_PRODUCT	COMMERCE_LEAK_ROBOTS_LOGIN	Robots.txt tarafından engellendi	login_blocked_but_hides_product	308_login_next_to_product	high	en	shop_pdp	tezgah	7911-06070-08	/en/shop/tezgah/7911-06070-08	True	True	https://equsto.com/en/login.html?next=/en/shop/tezgah/7911-06070-08	2026-09-11
P0_RECOVER_PRODUCT	COMMERCE_LEAK_ROBOTS_LOGIN	Robots.txt tarafından engellendi	login_blocked_but_hides_product	308_login_next_to_product	high	en	shop_pdp	dolap	7911-09070-04	/en/shop/tezgah/7911-09070-04	True	True	https://equsto.com/en/login?mode=register&next=/en/shop/dolap/7911-09070-04	2026-09-11
P0_RECOVER_PRODUCT	COMMERCE_LEAK_ROBOTS_LOGIN	Robots.txt tarafından engellendi	login_blocked_but_hides_product	308_login_next_to_product	high	en	shop_pdp	market-reyonlari	eq-falcon-eq68	/en/shop/market-reyonlari/eq-falcon-eq68	True	True	https://equsto.com/en/login?mode=register&next=/en/shop/market-reyonlari/eq-falcon-eq68	2026-09-11
P0_RECOVER_PRODUCT	COMMERCE_LEAK_ROBOTS_LOGIN	Robots.txt tarafından engellendi	login_blocked_but_hides_product	308_login_next_to_product	high	en	shop_pdp	sogutma	710008	/en/shop/sogutma/710008	True	False	https://equsto.com/en/login?mode=register&next=/en/shop/sogutma/710008	2026-09-11
P0_RECOVER_PRODUCT	COMMERCE_LEAK_ROBOTS_LOGIN	Robots.txt tarafından engellendi	login_blocked_but_hides_product	308_login_next_to_product		en	shop_pdp	market-reyonlari	eq-nergis-fg-eq53		True	False	https://equsto.com/en/login.html?next=/en/shop/market-reyonlari/eq-nergis-fg-eq53	2026-09-11
P0_RECOVER_PRODUCT	COMMERCE_LEAK_ROBOTS_LOGIN	Robots.txt tarafından engellendi	login_blocked_but_hides_product	308_login_next_to_product	high	en	shop_pdp	pisirme	npicco70-1	/en/shop/pisirme/npicco70-1	True	True	https://equsto.com/en/login?mode=register&next=/en/shop/pisirme/npicco70-1	2026-09-11
P0_RECOVER_PRODUCT	COMMERCE_LEAK_ROBOTS_LOGIN	Robots.txt tarafından engellendi	login_blocked_but_hides_product	308_login_next_to_product		en	shop_pdp	market-reyonlari	eq-nergis-tp-sky-eq29		True	False	https://equsto.com/en/login.html?next=/en/shop/market-reyonlari/eq-nergis-tp-sky-eq29	2026-09-11
P0_RECOVER_PRODUCT	COMMERCE_LEAK_ROBOTS_LOGIN	Robots.txt tarafından engellendi	login_blocked_but_hides_product	308_login_next_to_product	high	en	shop_pdp	pisirme	9890-iccls20-1e	/en/shop/pisirme/9890-iccls20-1e	True	True	https://equsto.com/en/login?mode=register&next=/en/shop/pisirme/9890-iccls20-1e	2026-09-11
P0_RECOVER_PRODUCT	COMMERCE_LEAK_ROBOTS_LOGIN	Robots.txt tarafından engellendi	login_blocked_but_hides_product	308_login_next_to_product		en	shop_pdp	market-reyonlari	eq-nergis-lb-fg-sky-eq4		True	False	https://equsto.com/en/login.html?next=/en/shop/market-reyonlari/eq-nergis-lb-fg-sky-eq4	2026-09-11
P0_RECOVER_PRODUCT	COMMERCE_LEAK_ROBOTS_LOGIN	Robots.txt tarafından engellendi	login_blocked_but_hides_product	308_login_next_to_product		en	shop_pdp	market-reyonlari	eq-nergis-lb-lm-eq39		True	False	https://equsto.com/en/login?mode=register&next=/en/shop/market-reyonlari/eq-nergis-lb-lm-eq39	2026-09-11
P0_RECOVER_PRODUCT	COMMERCE_LEAK_ROBOTS_LOGIN	Robots.txt tarafından engellendi	login_blocked_but_hides_product	308_login_next_to_product	high	en	shop_pdp	tezgah	ino-ktn160	/en/shop/tezgah/ino-ktn160	True	True	https://equsto.com/en/login?mode=register&next=/en/shop/tezgah/ino-ktn160	2026-09-11
P0_RECOVER_PRODUCT	COMMERCE_LEAK_ROBOTS_LOGIN	Robots.txt tarafından engellendi	login_blocked_but_hides_product	308_login_next_to_product	high	en	shop_pdp	yikama	0753-45452-10	/en/shop/yikama/0753-45452-10	True	True	https://equsto.com/en/login?mode=register&next=/en/shop/yikama/0753-45452-10	2026-09-11
P0_RECOVER_PRODUCT	COMMERCE_LEAK_ROBOTS_LOGIN	Robots.txt tarafından engellendi	login_blocked_but_hides_product	308_login_next_to_product	high	en	shop_pdp	market-reyonlari	eq-lion-eq26	/en/shop/market-reyonlari/eq-lion-eq26	True	True	https://equsto.com/en/login.html?next=/en/shop/market-reyonlari/eq-lion-eq26	2026-09-11
P0_RECOVER_PRODUCT	COMMERCE_LEAK_ROBOTS_LOGIN	Robots.txt tarafından engellendi	login_blocked_but_hides_product	308_login_next_to_product	high	en	shop_pdp	sogutma	118-sbcs-250	/en/shop/sogutma/118-sbcs-250	True	True	https://equsto.com/en/login?mode=register&next=/en/shop/sogutma/118-sbcs-250	2026-09-11
P0_RECOVER_PRODUCT	COMMERCE_LEAK_ROBOTS_LOGIN	Robots.txt tarafından engellendi	login_blocked_but_hides_product	308_login_next_to_product		en	shop_pdp	market-reyonlari	eq-nergis-fg-eq8		True	False	https://equsto.com/en/login.html?next=/en/shop/market-reyonlari/eq-nergis-fg-eq8	2026-09-11
P0_RECOVER_PRODUCT	COMMERCE_LEAK_ROBOTS_LOGIN	Robots.txt tarafından engellendi	login_blocked_but_hides_product	308_login_next_to_product	high	en	shop_pdp	dolap	7758-106a8-11	/en/shop/tezgah/7758-106a8-11	True	True	https://equsto.com/en/login?mode=register&next=/en/shop/dolap/7758-106a8-11	2026-09-11
P0_RECOVER_PRODUCT	COMMERCE_LEAK_ROBOTS_LOGIN	Robots.txt tarafından engellendi	login_blocked_but_hides_product	308_login_next_to_product	high	en	shop_pdp	sogutma	bre-cb840ahc	/en/shop/sogutma/bre-cb840ahc	True	True	https://equsto.com/en/login.html?next=/en/shop/sogutma/bre-cb840ahc	2026-09-11
P0_RECOVER_PRODUCT	COMMERCE_LEAK_ROBOTS_LOGIN	Robots.txt tarafından engellendi	login_blocked_but_hides_product	308_login_next_to_product		en	shop_pdp	market-reyonlari	eq-lotus-lb-eq12		True	False	https://equsto.com/en/login.html?next=/en/shop/market-reyonlari/eq-lotus-lb-eq12	2026-09-11
P0_RECOVER_PRODUCT	COMMERCE_LEAK_ROBOTS_LOGIN	Robots.txt tarafından engellendi	login_blocked_but_hides_product	308_login_next_to_product	high	en	shop_pdp	pisirme	7961-20629-1y2	/en/shop/yikama/7961-20629-1y2	True	True	https://equsto.com/en/login?mode=register&next=/en/shop/pisirme/7961-20629-1y2	2026-09-11
P0_RECOVER_PRODUCT	COMMERCE_LEAK_ROBOTS_LOGIN	Robots.txt tarafından engellendi	login_blocked_but_hides_product	308_login_next_to_product	high	en	shop_pdp	tezgah	eq-khct04-14070	/en/shop/tezgah/eq-khct04-14070	True	True	https://equsto.com/en/login.html?next=/en/shop/tezgah/eq-khct04-14070	2026-09-11
P0_RECOVER_PRODUCT	COMMERCE_LEAK_ROBOTS_LOGIN	Robots.txt tarafından engellendi	login_blocked_but_hides_product	308_login_next_to_product	high	en	shop_pdp	tezgah	7754-146a5-25	/en/shop/tezgah/7754-146a5-25	True	True	https://equsto.com/en/login?mode=register&next=/en/shop/tezgah/7754-146a5-25	2026-09-11
P0_RECOVER_PRODUCT	COMMERCE_LEAK_ROBOTS_LOGIN	Robots.txt tarafından engellendi	login_blocked_but_hides_product	308_login_next_to_product	high	en	shop_pdp	market-reyonlari	eq-falcon-sld-eq44	/en/shop/market-reyonlari/eq-falcon-sld-eq44	True	True	https://equsto.com/en/login?mode=register&next=/en/shop/market-reyonlari/eq-falcon-sld-eq44	2026-09-10
P0_RECOVER_PRODUCT	COMMERCE_LEAK_ROBOTS_LOGIN	Robots.txt tarafından engellendi	login_blocked_but_hides_product	308_login_next_to_product	high	en	shop_pdp	yikama	ino-byk270l-k70	/en/shop/yikama/ino-byk270l-k70	True	True	https://equsto.com/en/login?mode=register&next=/en/shop/yikama/ino-byk270l-k70	2026-09-10
P0_RECOVER_PRODUCT	COMMERCE_LEAK_ROBOTS_LOGIN	Robots.txt tarafından engellendi	login_blocked_but_hides_product	308_login_next_to_product	high	en	shop_pdp	icecek	8573-cdge5	/en/shop/icecek/8573-cdge5	True	True	https://equsto.com/en/login?mode=register&next=/en/shop/icecek/8573-cdge5	2026-09-10
P0_RECOVER_PRODUCT	COMMERCE_LEAK_ROBOTS_LOGIN	Robots.txt tarafından engellendi	login_blocked_but_hides_product	308_login_next_to_product	high	tr	shop_pdp	sogutma	730319	/shop/sogutma/730319	True	True	https://equsto.com/en/login?mode=register&next=/shop/sogutma/730319	2026-09-10
P0_RECOVER_PRODUCT	COMMERCE_LEAK_ROBOTS_LOGIN	Robots.txt tarafından engellendi	login_blocked_but_hides_product	308_login_next_to_product	high	en	shop_pdp	tasima	7895-40550-00	/en/shop/tasima/7895-40550-00	True	True	https://equsto.com/en/login.html?next=/en/shop/tasima/7895-40550-00	2026-09-10
P0_RECOVER_PRODUCT	COMMERCE_LEAK_ROBOTS_LOGIN	Robots.txt tarafından engellendi	login_blocked_but_hides_product	308_login_next_to_product		en	shop_pdp	icecek	rc-56200b		True	False	https://equsto.com/en/login?mode=register&next=/en/shop/icecek/rc-56200b	2026-09-10
P0_RECOVER_PRODUCT	COMMERCE_LEAK_ROBOTS_LOGIN	Robots.txt tarafından engellendi	login_blocked_but_hides_product	308_login_next_to_product	high	en	shop_pdp	sogutma	bre-cb249ahcbqube	/en/shop/sogutma/bre-cb249ahcbqube	True	True	https://equsto.com/en/login?mode=register&next=/en/shop/sogutma/bre-cb249ahcbqube	2026-09-10
P0_RECOVER_PRODUCT	COMMERCE_LEAK_ROBOTS_LOGIN	Robots.txt tarafından engellendi	login_blocked_but_hides_product	308_login_next_to_product	high	en	shop_pdp	set-ustu-mutfak	2864-q3028-99	/en/shop/set-ustu-mutfak/2864-q3028-99	True	True	https://equsto.com/en/login?mode=register&next=/en/shop/set-ustu-mutfak/2864-q3028-99	2026-09-10
P0_RECOVER_PRODUCT	COMMERCE_LEAK_ROBOTS_LOGIN	Robots.txt tarafından engellendi	login_blocked_but_hides_product	308_login_next_to_product	high	en	shop_pdp	pisirme	9868-bt350-t0	/en/shop/pisirme/9868-bt350-t0	True	True	https://equsto.com/en/login?mode=register&next=/en/shop/pisirme/9868-bt350-t0	2026-09-10
P0_RECOVER_PRODUCT	COMMERCE_LEAK_ROBOTS_LOGIN	Robots.txt tarafından engellendi	login_blocked_but_hides_product	308_login_next_to_product		en	shop_pdp	market-reyonlari	eq-fulya-nv-lm-eq12		True	False	https://equsto.com/en/login.html?next=/en/shop/market-reyonlari/eq-fulya-nv-lm-eq12	2026-09-10
P0_RECOVER_PRODUCT	COMMERCE_LEAK_ROBOTS_LOGIN	Robots.txt tarafından engellendi	login_blocked_but_hides_product	308_login_next_to_product	high	en	shop_pdp	tezgah	7754-187c8-21	/en/shop/tezgah/7754-187c8-21	True	True	https://equsto.com/en/login?mode=register&next=/en/shop/tezgah/7754-187c8-21	2026-09-10
P0_RECOVER_PRODUCT	COMMERCE_LEAK_ROBOTS_LOGIN	Robots.txt tarafından engellendi	login_blocked_but_hides_product	308_login_next_to_product	high	en	shop_pdp	market-reyonlari	eq-leopard-eq5	/en/shop/market-reyonlari/eq-leopard-eq5	True	True	https://equsto.com/en/login?mode=register&next=/en/shop/market-reyonlari/eq-leopard-eq5	2026-09-10
P0_RECOVER_PRODUCT	COMMERCE_LEAK_ROBOTS_LOGIN	Robots.txt tarafından engellendi	login_blocked_but_hides_product	308_login_next_to_product		en	shop_pdp	market-reyonlari	eq-sardunya-gl-eq21		True	False	https://equsto.com/en/login?mode=register&next=/en/shop/market-reyonlari/eq-sardunya-gl-eq21	2026-09-10
P0_RECOVER_PRODUCT	COMMERCE_LEAK_ROBOTS_LOGIN	Robots.txt tarafından engellendi	login_blocked_but_hides_product	308_login_next_to_product		en	shop_pdp	market-reyonlari	eq-sardunya-gl-eq4		True	False	https://equsto.com/en/login.html?next=/en/shop/market-reyonlari/eq-sardunya-gl-eq4	2026-09-10
P0_RECOVER_PRODUCT	COMMERCE_LEAK_ROBOTS_LOGIN	Robots.txt tarafından engellendi	login_blocked_but_hides_product	308_login_next_to_product		en	shop_pdp	market-reyonlari	eq-nergis-lb-tp-sky-eq9		True	False	https://equsto.com/en/login?mode=register&next=/en/shop/market-reyonlari/eq-nergis-lb-tp-sky-eq9	2026-09-10
P0_RECOVER_PRODUCT	COMMERCE_LEAK_ROBOTS_LOGIN	Robots.txt tarafından engellendi	login_blocked_but_hides_product	308_login_next_to_product	high	en	shop_pdp	dolap	7911-12080-30m	/en/shop/tezgah/7911-12080-30m	True	True	https://equsto.com/en/login?mode=register&next=/en/shop/dolap/7911-12080-30m	2026-09-10
P0_RECOVER_PRODUCT	COMMERCE_LEAK_ROBOTS_LOGIN	Robots.txt tarafından engellendi	login_blocked_but_hides_product	308_login_next_to_product	high	en	shop_pdp	kahve	9580-1500s-pb2	/en/shop/kahve/9580-1500s-pb2	True	True	https://equsto.com/en/login.html?next=/en/shop/kahve/9580-1500s-pb2	2026-09-10
P0_RECOVER_PRODUCT	COMMERCE_LEAK_ROBOTS_LOGIN	Robots.txt tarafından engellendi	login_blocked_but_hides_product	308_login_next_to_product	high	en	shop_pdp	sogutma	710020	/en/shop/sogutma/710020	True	False	https://equsto.com/en/login.html?next=/en/shop/sogutma/710020	2026-09-10
P0_RECOVER_PRODUCT	COMMERCE_LEAK_ROBOTS_LOGIN	Robots.txt tarafından engellendi	login_blocked_but_hides_product	308_login_next_to_product	high	en	shop_pdp	pisirme	8890-g1702-00	/en/shop/pisirme/8890-g1702-00	True	True	https://equsto.com/en/login?mode=register&next=/en/shop/pisirme/8890-g1702-00	2026-09-10
P0_RECOVER_PRODUCT	COMMERCE_LEAK_ROBOTS_LOGIN	Robots.txt tarafından engellendi	login_blocked_but_hides_product	308_login_next_to_product		en	shop_pdp	market-reyonlari	eq-lotus-lb-eq22		True	False	https://equsto.com/en/login.html?next=/en/shop/market-reyonlari/eq-lotus-lb-eq22	2026-09-10
P0_RECOVER_PRODUCT	COMMERCE_LEAK_ROBOTS_LOGIN	Robots.txt tarafından engellendi	login_blocked_but_hides_product	308_login_next_to_product	high	en	shop_pdp	set-ustu-mutfak	8310-0pp12-150	/en/shop/set-ustu-mutfak/8310-0pp12-150	True	True	https://equsto.com/en/login?mode=register&next=/en/shop/set-ustu-mutfak/8310-0pp12-150	2026-09-10
P0_RECOVER_PRODUCT	COMMERCE_LEAK_ROBOTS_LOGIN	Robots.txt tarafından engellendi	login_blocked_but_hides_product	308_login_next_to_product	high	en	shop_pdp	araba	c122x	/en/shop/araba/c122x	True	True	https://equsto.com/en/login?mode=register&next=/en/shop/araba/c122x	2026-09-10
P0_RECOVER_PRODUCT	COMMERCE_LEAK_ROBOTS_LOGIN	Robots.txt tarafından engellendi	login_blocked_but_hides_product	308_login_next_to_product	high	en	shop_pdp	hazirlik	208-600145	/en/shop/hazirlik/208-600145	True	True	https://equsto.com/en/login?next=/en/shop/hazirlik/208-600145	2026-09-10
P0_RECOVER_PRODUCT	COMMERCE_LEAK_ROBOTS_LOGIN	Robots.txt tarafından engellendi	login_blocked_but_hides_product	308_login_next_to_product		en	shop_pdp	market-reyonlari	eq-lotus-eq5		True	False	https://equsto.com/en/login?mode=register&next=/en/shop/market-reyonlari/eq-lotus-eq5	2026-09-10
P0_RECOVER_PRODUCT	COMMERCE_LEAK_ROBOTS_LOGIN	Robots.txt tarafından engellendi	login_blocked_but_hides_product	308_login_next_to_product	high	en	shop_pdp	sogutma	79e4-47nmv-02	/en/shop/sogutma/79e4-47nmv-02	True	True	https://equsto.com/en/login.html?next=/en/shop/sogutma/79e4-47nmv-02	2026-09-10
P0_RECOVER_PRODUCT	COMMERCE_LEAK_ROBOTS_LOGIN	Robots.txt tarafından engellendi	login_blocked_but_hides_product	308_login_next_to_product	high	en	shop_pdp	tezgah	7911-n1-40603-00	/en/shop/tezgah/7911-n1-40603-00	True	True	https://equsto.com/en/login?mode=register&next=/en/shop/tezgah/7911-n1-40603-00	2026-09-10
P0_RECOVER_PRODUCT	COMMERCE_LEAK_ROBOTS_LOGIN	Robots.txt tarafından engellendi	login_blocked_but_hides_product	308_login_next_to_product	high	en	shop_pdp	dolap	7911-16060-23	/en/shop/tezgah/7911-16060-23	True	True	https://equsto.com/en/login?mode=register&next=/en/shop/dolap/7911-16060-23	2026-09-10
P0_RECOVER_PRODUCT	COMMERCE_LEAK_ROBOTS_LOGIN	Robots.txt tarafından engellendi	login_blocked_but_hides_product	308_login_next_to_product	high	en	shop_pdp	hazirlik	208-650166-as2xx	/en/shop/hazirlik/208-650166-as2xx	True	True	https://equsto.com/en/login.html?next=/en/shop/hazirlik/208-650166-as2xx	2026-09-10
P0_RECOVER_PRODUCT	COMMERCE_LEAK_ROBOTS_LOGIN	Robots.txt tarafından engellendi	login_blocked_but_hides_product	308_login_next_to_product	high	en	shop_pdp	set-ustu-mutfak	8893-up201-00	/en/shop/set-ustu-mutfak/8893-up201-00	True	True	https://equsto.com/en/login?mode=register&next=/en/shop/set-ustu-mutfak/8893-up201-00	2026-09-10
P0_RECOVER_PRODUCT	COMMERCE_LEAK_ROBOTS_LOGIN	Robots.txt tarafından engellendi	login_blocked_but_hides_product	308_login_next_to_product	high	en	shop_pdp	tezgah	7911-14070-22m	/en/shop/tezgah/7911-14070-22m	True	True	https://equsto.com/en/login.html?next=/en/shop/tezgah/7911-14070-22m	2026-09-10
P0_RECOVER_PRODUCT	COMMERCE_LEAK_ROBOTS_LOGIN	Robots.txt tarafından engellendi	login_blocked_but_hides_product	308_login_next_to_product	high	en	shop_pdp	pisirme	dkfe20	/en/shop/pisirme/dkfe20	True	False	https://equsto.com/en/login.html?next=/en/shop/pisirme/dkfe20	2026-09-10
P0_RECOVER_PRODUCT	COMMERCE_LEAK_ROBOTS_LOGIN	Robots.txt tarafından engellendi	login_blocked_but_hides_product	308_login_next_to_product	high	en	shop_pdp	tezgah	7911-19070-95	/en/shop/tezgah/7911-19070-95	True	True	https://equsto.com/en/login.html?next=/en/shop/tezgah/7911-19070-95	2026-09-10
P0_RECOVER_PRODUCT	COMMERCE_LEAK_ROBOTS_LOGIN	Robots.txt tarafından engellendi	login_blocked_but_hides_product	308_login_next_to_product	high	en	shop_pdp	pisirme	7960-11829-7o2	/en/shop/yikama/7960-11829-7o2	True	True	https://equsto.com/en/login?mode=register&next=/en/shop/pisirme/7960-11829-7o2	2026-09-10
P0_RECOVER_PRODUCT	COMMERCE_LEAK_ROBOTS_LOGIN	Robots.txt tarafından engellendi	login_blocked_but_hides_product	308_login_next_to_product	high	en	shop_pdp	sogutma	bre-bin240pe	/en/shop/sogutma/bre-bin240pe	True	True	https://equsto.com/en/login.html?next=/en/shop/sogutma/bre-bin240pe	2026-09-10
P0_RECOVER_PRODUCT	COMMERCE_LEAK_ROBOTS_LOGIN	Robots.txt tarafından engellendi	login_blocked_but_hides_product	308_login_next_to_product	high	en	shop_pdp	market-reyonlari	eq-dolphin-is-eq1	/en/shop/market-reyonlari/eq-dolphin-is-eq1	True	True	https://equsto.com/en/login?mode=register&next=/en/shop/market-reyonlari/eq-dolphin-is-eq1	2026-09-10
P0_RECOVER_PRODUCT	COMMERCE_LEAK_ROBOTS_LOGIN	Robots.txt tarafından engellendi	login_blocked_but_hides_product	308_login_next_to_product	high	en	shop_pdp	yikama	510504	/en/shop/yikama/510504	True	False	https://equsto.com/en/login.html?next=/en/shop/yikama/510504	2026-09-10
P0_RECOVER_PRODUCT	COMMERCE_LEAK_ROBOTS_LOGIN	Robots.txt tarafından engellendi	login_blocked_but_hides_product	308_login_next_to_product		en	shop_pdp	market-reyonlari	eq-nergis-lb-lm-eq20		True	False	https://equsto.com/en/login?mode=register&next=/en/shop/market-reyonlari/eq-nergis-lb-lm-eq20	2026-09-10
P0_RECOVER_PRODUCT	COMMERCE_LEAK_ROBOTS_LOGIN	Robots.txt tarafından engellendi	login_blocked_but_hides_product	308_login_next_to_product		en	shop_pdp	market-reyonlari	eq-acelya-eq11		True	False	https://equsto.com/en/login.html?next=/en/shop/market-reyonlari/eq-acelya-eq11	2026-09-10
P0_RECOVER_PRODUCT	COMMERCE_LEAK_ROBOTS_LOGIN	Robots.txt tarafından engellendi	login_blocked_but_hides_product	308_login_next_to_product		tr	shop_pdp	market-reyonlari	eq-lotus-eq49		True	False	https://equsto.com/en/login?next=/shop/market-reyonlari/eq-lotus-eq49	2026-09-10
P0_RECOVER_PRODUCT	COMMERCE_LEAK_ROBOTS_LOGIN	Robots.txt tarafından engellendi	login_blocked_but_hides_product	308_login_next_to_product	high	en	shop_pdp	pisirme	7960-09429-7y3	/en/shop/yikama/7960-09429-7y3	True	True	https://equsto.com/en/login?mode=register&next=/en/shop/pisirme/7960-09429-7y3	2026-09-10
P0_RECOVER_PRODUCT	COMMERCE_LEAK_ROBOTS_LOGIN	Robots.txt tarafından engellendi	login_blocked_but_hides_product	308_login_next_to_product	high	en	shop_pdp	davlumbaz	7885-60155-01	/en/shop/davlumbaz/7885-60155-01	True	True	https://equsto.com/en/login?mode=register&next=/en/shop/davlumbaz/7885-60155-01	2026-09-10
P0_RECOVER_PRODUCT	COMMERCE_LEAK_ROBOTS_LOGIN	Robots.txt tarafından engellendi	login_blocked_but_hides_product	308_login_next_to_product	high	en	shop_pdp	dolap	7911-19060-83	/en/shop/tezgah/7911-19060-83	True	True	https://equsto.com/en/login?mode=register&next=/en/shop/dolap/7911-19060-83	2026-09-10
P0_RECOVER_PRODUCT	COMMERCE_LEAK_ROBOTS_LOGIN	Robots.txt tarafından engellendi	login_blocked_but_hides_product	308_login_next_to_product	high	en	shop_pdp	pisirme	spr73-1	/en/shop/pisirme/spr73-1	True	True	https://equsto.com/en/login?mode=register&next=/en/shop/pisirme/spr73-1	2026-09-10
P0_RECOVER_PRODUCT	COMMERCE_LEAK_ROBOTS_LOGIN	Robots.txt tarafından engellendi	login_blocked_but_hides_product	308_login_next_to_product	high	en	shop_pdp	tezgah	7911-06060-04	/en/shop/tezgah/7911-06060-04	True	True	https://equsto.com/en/login?mode=register&next=/en/shop/tezgah/7911-06060-04	2026-09-10
P0_RECOVER_PRODUCT	COMMERCE_LEAK_ROBOTS_LOGIN	Robots.txt tarafından engellendi	login_blocked_but_hides_product	308_login_next_to_product	high	en	shop_pdp	tezgah	7754-246e8-23	/en/shop/tezgah/7754-246e8-23	True	True	https://equsto.com/en/login.html?next=/en/shop/tezgah/7754-246e8-23	2026-09-10
P0_RECOVER_PRODUCT	COMMERCE_LEAK_ROBOTS_LOGIN	Robots.txt tarafından engellendi	login_blocked_but_hides_product	308_login_next_to_product	high	en	shop_pdp	icecek	8477-0000a-01	/en/shop/icecek/8477-0000a-01	True	True	https://equsto.com/en/login?mode=register&next=/en/shop/icecek/8477-0000a-01	2026-09-10
P0_RECOVER_PRODUCT	COMMERCE_LEAK_ROBOTS_LOGIN	Robots.txt tarafından engellendi	login_blocked_but_hides_product	308_login_next_to_product	high	en	shop_pdp	kahve	197-e61-a1-ww	/en/shop/kahve/197-e61-a1-ww	True	True	https://equsto.com/en/login.html?next=/en/shop/kahve/197-e61-a1-ww	2026-09-10
P0_RECOVER_PRODUCT	COMMERCE_LEAK_ROBOTS_LOGIN	Robots.txt tarafından engellendi	login_blocked_but_hides_product	308_login_next_to_product	high	en	shop_pdp	sogutma	118-sds385-dcpf	/en/shop/sogutma/118-sds385-dcpf	True	True	https://equsto.com/en/login.html?next=/en/shop/sogutma/118-sds385-dcpf	2026-09-10
P0_RECOVER_PRODUCT	COMMERCE_LEAK_ROBOTS_LOGIN	Robots.txt tarafından engellendi	login_blocked_but_hides_product	308_login_next_to_product		en	shop_pdp	market-reyonlari	eq-acelya-eq5		True	False	https://equsto.com/en/login?mode=register&next=/en/shop/market-reyonlari/eq-acelya-eq5	2026-09-10
P0_RECOVER_PRODUCT	COMMERCE_LEAK_ROBOTS_LOGIN	Robots.txt tarafından engellendi	login_blocked_but_hides_product	308_login_next_to_product	high	en	shop_pdp	pisirme	agi-873-ncr	/en/shop/pisirme/agi-873-ncr	True	True	https://equsto.com/en/login?next=/en/shop/pisirme/agi-873-ncr	2026-09-10
P0_RECOVER_PRODUCT	COMMERCE_LEAK_ROBOTS_LOGIN	Robots.txt tarafından engellendi	login_blocked_but_hides_product	308_login_next_to_product		en	shop_pdp	market-reyonlari	eq-gardenya-eq17		True	False	https://equsto.com/en/login?mode=register&next=/en/shop/market-reyonlari/eq-gardenya-eq17	2026-09-10
P0_RECOVER_PRODUCT	COMMERCE_LEAK_ROBOTS_LOGIN	Robots.txt tarafından engellendi	login_blocked_but_hides_product	308_login_next_to_product		en	shop_pdp	market-reyonlari	eq-fulya-hf-lm-eq4		True	False	https://equsto.com/en/login?mode=register&next=/en/shop/market-reyonlari/eq-fulya-hf-lm-eq4	2026-09-10
P0_RECOVER_PRODUCT	COMMERCE_LEAK_ROBOTS_LOGIN	Robots.txt tarafından engellendi	login_blocked_but_hides_product	308_login_next_to_product	high	en	shop_pdp	pisirme	7864-n1-80703-17	/en/shop/pisirme/7864-n1-80703-17	True	True	https://equsto.com/en/login.html?next=/en/shop/pisirme/7864-n1-80703-17	2026-09-10
P0_RECOVER_PRODUCT	COMMERCE_LEAK_ROBOTS_LOGIN	Robots.txt tarafından engellendi	login_blocked_but_hides_product	308_login_next_to_product	high	en	shop_pdp	tezgah	ino-krn060c	/en/shop/tezgah/ino-krn060c	True	True	https://equsto.com/en/login.html?next=/en/shop/tezgah/ino-krn060c	2026-09-10
P0_RECOVER_PRODUCT	COMMERCE_LEAK_ROBOTS_LOGIN	Robots.txt tarafından engellendi	login_blocked_but_hides_product	308_login_next_to_product	high	en	shop_pdp	sogutma	bre-cb416ahc	/en/shop/sogutma/bre-cb416ahc	True	True	https://equsto.com/en/login?mode=register&next=/en/shop/sogutma/bre-cb416ahc	2026-09-10
P0_RECOVER_PRODUCT	COMMERCE_LEAK_ROBOTS_LOGIN	Robots.txt tarafından engellendi	login_blocked_but_hides_product	308_login_next_to_product	high	en	shop_pdp	tezgah	eq-kmertt02-16070	/en/shop/tezgah/eq-kmertt02-16070	True	True	https://equsto.com/en/login.html?next=/en/shop/tezgah/eq-kmertt02-16070	2026-09-10
P0_RECOVER_PRODUCT	COMMERCE_LEAK_ROBOTS_LOGIN	Robots.txt tarafından engellendi	login_blocked_but_hides_product	308_login_next_to_product	high	en	shop_pdp	set-ustu-mutfak	0213-11065-01	/en/shop/set-ustu-mutfak/0213-11065-01	True	True	https://equsto.com/en/login?mode=register&next=/en/shop/set-ustu-mutfak/0213-11065-01	2026-09-10
P0_RECOVER_PRODUCT	COMMERCE_LEAK_ROBOTS_LOGIN	Robots.txt tarafından engellendi	login_blocked_but_hides_product	308_login_next_to_product		en	shop_pdp	market-reyonlari	eq-nergis-lb-fg-sky-eq38		True	False	https://equsto.com/en/login?mode=register&next=/en/shop/market-reyonlari/eq-nergis-lb-fg-sky-eq38	2026-09-10
P0_RECOVER_PRODUCT	COMMERCE_LEAK_ROBOTS_LOGIN	Robots.txt tarafından engellendi	login_blocked_but_hides_product	308_login_next_to_product	high	en	shop_pdp	araba	g-gn-75-d-1	/en/shop/araba/g-gn-75-d-1	True	True	https://equsto.com/en/login?mode=register&next=/en/shop/araba/g-gn-75-d-1	2026-09-10
P0_RECOVER_PRODUCT	COMMERCE_LEAK_ROBOTS_LOGIN	Robots.txt tarafından engellendi	login_blocked_but_hides_product	308_login_next_to_product	high	en	shop_pdp	pisirme	gn1-2150	/en/shop/pisirme/gn1-2150	True	True	https://equsto.com/en/login?mode=register&next=/en/shop/pisirme/gn1-2150	2026-09-10
P0_RECOVER_PRODUCT	COMMERCE_LEAK_ROBOTS_LOGIN	Robots.txt tarafından engellendi	login_blocked_but_hides_product	308_login_next_to_product	high	en	shop_pdp	market-reyonlari	eq-falcon-sld-eq94	/en/shop/market-reyonlari/eq-falcon-sld-eq94	True	True	https://equsto.com/en/login?mode=register&next=/en/shop/market-reyonlari/eq-falcon-sld-eq94	2026-09-10
P0_RECOVER_PRODUCT	COMMERCE_LEAK_ROBOTS_LOGIN	Robots.txt tarafından engellendi	login_blocked_but_hides_product	308_login_next_to_product	high	en	shop_pdp	market-reyonlari	eq-falcon-sld-eq81	/en/shop/market-reyonlari/eq-falcon-sld-eq81	True	True	https://equsto.com/en/login?mode=register&next=/en/shop/market-reyonlari/eq-falcon-sld-eq81	2026-09-10
P0_RECOVER_PRODUCT	COMMERCE_LEAK_ROBOTS_LOGIN	Robots.txt tarafından engellendi	login_blocked_but_hides_product	308_login_next_to_product		en	shop_pdp	market-reyonlari	eq-lotus-eq2		True	False	https://equsto.com/en/login.html?next=/en/shop/market-reyonlari/eq-lotus-eq2	2026-09-10
P0_RECOVER_PRODUCT	COMMERCE_LEAK_ROBOTS_LOGIN	Robots.txt tarafından engellendi	login_blocked_but_hides_product	308_login_next_to_product	high	en	shop_pdp	pisirme	9890-xeft06-eu	/en/shop/pisirme/9890-xeft06-eu	True	True	https://equsto.com/en/login?mode=register&next=/en/shop/pisirme/9890-xeft06-eu	2026-09-10
P0_RECOVER_PRODUCT	COMMERCE_LEAK_ROBOTS_LOGIN	Robots.txt tarafından engellendi	login_blocked_but_hides_product	308_login_next_to_product	high	en	shop_pdp	istif	8897-12ip4-073	/en/shop/istif/8897-12ip4-073	True	True	https://equsto.com/en/login?mode=register&next=/en/shop/istif/8897-12ip4-073	2026-09-10
P0_RECOVER_PRODUCT	COMMERCE_LEAK_ROBOTS_LOGIN	Robots.txt tarafından engellendi	login_blocked_but_hides_product	308_login_next_to_product	high	en	shop_pdp	hazirlik	208-653773-j2x	/en/shop/hazirlik/208-653773-j2x	True	True	https://equsto.com/en/login.html?next=/en/shop/hazirlik/208-653773-j2x	2026-09-10
P0_RECOVER_PRODUCT	COMMERCE_LEAK_ROBOTS_LOGIN	Robots.txt tarafından engellendi	login_blocked_but_hides_product	308_login_next_to_product	high	en	shop_pdp	pisirme	adr-c1-8g-gk	/en/shop/pisirme/adr-c1-8g-gk	True	True	https://equsto.com/en/login?mode=register&next=/en/shop/pisirme/adr-c1-8g-gk	2026-09-10
P0_RECOVER_PRODUCT	COMMERCE_LEAK_ROBOTS_LOGIN	Robots.txt tarafından engellendi	login_blocked_but_hides_product	308_login_next_to_product	high	en	shop_pdp	tezgah	7911-10060-81	/en/shop/tezgah/7911-10060-81	True	True	https://equsto.com/en/login.html?next=/en/shop/tezgah/7911-10060-81	2026-09-10
P0_RECOVER_PRODUCT	COMMERCE_LEAK_ROBOTS_LOGIN	Robots.txt tarafından engellendi	login_blocked_but_hides_product	308_login_next_to_product	high	en	shop_pdp	set-ustu-mutfak	0311-13065-11	/en/shop/set-ustu-mutfak/0311-13065-11	True	True	https://equsto.com/en/login.html?next=/en/shop/set-ustu-mutfak/0311-13065-11	2026-09-10
P0_RECOVER_PRODUCT	COMMERCE_LEAK_ROBOTS_LOGIN	Robots.txt tarafından engellendi	login_blocked_but_hides_product	308_login_next_to_product	high	en	shop_pdp	pisirme	ino-zco-9fe20-s	/en/shop/pisirme/ino-zco-9fe20-s	True	True	https://equsto.com/en/login?mode=register&next=/en/shop/pisirme/ino-zco-9fe20-s	2026-09-10
P0_RECOVER_PRODUCT	COMMERCE_LEAK_ROBOTS_LOGIN	Robots.txt tarafından engellendi	login_blocked_but_hides_product	308_login_next_to_product	high	en	shop_pdp	pisirme	7876-n1-40905-10	/en/shop/pisirme/7876-n1-40905-10	True	True	https://equsto.com/en/login?mode=register&next=/en/shop/pisirme/7876-n1-40905-10	2026-09-10
P0_RECOVER_PRODUCT	COMMERCE_LEAK_ROBOTS_LOGIN	Robots.txt tarafından engellendi	login_blocked_but_hides_product	308_login_next_to_product	high	en	shop_pdp	set-ustu-mutfak	9830-rl220-rd	/en/shop/set-ustu-mutfak/9830-rl220-rd	True	True	https://equsto.com/en/login?mode=register&next=/en/shop/set-ustu-mutfak/9830-rl220-rd	2026-09-10
P0_RECOVER_PRODUCT	COMMERCE_LEAK_ROBOTS_LOGIN	Robots.txt tarafından engellendi	login_blocked_but_hides_product	308_login_next_to_product	high	en	shop_pdp	pisirme	7876-n1-40905-10	/en/shop/pisirme/7876-n1-40905-10	True	True	https://equsto.com/en/login.html?next=/en/shop/pisirme/7876-n1-40905-10	2026-09-10
P0_RECOVER_PRODUCT	COMMERCE_LEAK_ROBOTS_LOGIN	Robots.txt tarafından engellendi	login_blocked_but_hides_product	308_login_next_to_product	high	en	shop_pdp	tezgah	7758-217d8-25	/en/shop/tezgah/7758-217d8-25	True	True	https://equsto.com/en/login?mode=register&next=/en/shop/tezgah/7758-217d8-25	2026-09-10
P0_RECOVER_PRODUCT	COMMERCE_LEAK_ROBOTS_LOGIN	Robots.txt tarafından engellendi	login_blocked_but_hides_product	308_login_next_to_product		en	shop_pdp	market-reyonlari	eq-fulya-hf-tp-sky-eq1		True	False	https://equsto.com/en/login.html?next=/en/shop/market-reyonlari/eq-fulya-hf-tp-sky-eq1	2026-09-10
P0_RECOVER_PRODUCT	COMMERCE_LEAK_ROBOTS_LOGIN	Robots.txt tarafından engellendi	login_blocked_but_hides_product	308_login_next_to_product	high	en	shop_pdp	sogutma	sbhg-2n70	/en/shop/sogutma/sbhg-2n70	True	True	https://equsto.com/en/login?mode=register&next=/en/shop/sogutma/sbhg-2n70	2026-09-10
P0_RECOVER_PRODUCT	COMMERCE_LEAK_ROBOTS_LOGIN	Robots.txt tarafından engellendi	login_blocked_but_hides_product	308_login_next_to_product	high	en	shop_pdp	tezgah	7919-06lmv-10	/en/shop/tezgah/7919-06lmv-10	True	True	https://equsto.com/en/login?mode=register&next=/en/shop/tezgah/7919-06lmv-10	2026-09-10
P0_RECOVER_PRODUCT	COMMERCE_LEAK_ROBOTS_LOGIN	Robots.txt tarafından engellendi	login_blocked_but_hides_product	308_login_next_to_product	high	en	shop_pdp	dolap	7911-19060-83	/en/shop/tezgah/7911-19060-83	True	True	https://equsto.com/en/login.html?next=/en/shop/dolap/7911-19060-83	2026-09-10
P0_RECOVER_PRODUCT	COMMERCE_LEAK_ROBOTS_LOGIN	Robots.txt tarafından engellendi	login_blocked_but_hides_product	308_login_next_to_product	high	en	shop_pdp	davlumbaz	eq-kdavot01-175250	/en/shop/davlumbaz/eq-kdavot01-175250	True	True	https://equsto.com/en/login?mode=register&next=/en/shop/davlumbaz/eq-kdavot01-175250	2026-09-10
P0_RECOVER_PRODUCT	COMMERCE_LEAK_ROBOTS_LOGIN	Robots.txt tarafından engellendi	login_blocked_but_hides_product	308_login_next_to_product	high	en	shop_pdp	tezgah	7911-09070-81	/en/shop/tezgah/7911-09070-81	True	True	https://equsto.com/en/login.html?next=/en/shop/tezgah/7911-09070-81	2026-09-10
P0_RECOVER_PRODUCT	COMMERCE_LEAK_ROBOTS_LOGIN	Robots.txt tarafından engellendi	login_blocked_but_hides_product	308_login_next_to_product	high	en	shop_pdp	sogutma	7919-cr4525-00	/en/shop/sogutma/7919-cr4525-00	True	True	https://equsto.com/en/login?mode=register&next=/en/shop/sogutma/7919-cr4525-00	2026-09-10
P0_RECOVER_PRODUCT	COMMERCE_LEAK_ROBOTS_LOGIN	Robots.txt tarafından engellendi	login_blocked_but_hides_product	308_login_next_to_product	high	en	shop_pdp	sogutma	118-wn-150	/en/shop/sogutma/118-wn-150	True	True	https://equsto.com/en/login.html?next=/en/shop/sogutma/118-wn-150	2026-09-10
P0_RECOVER_PRODUCT	COMMERCE_LEAK_ROBOTS_LOGIN	Robots.txt tarafından engellendi	login_blocked_but_hides_product	308_login_next_to_product		en	shop_pdp	market-reyonlari	eq-lotus-lb-eq52		True	False	https://equsto.com/en/login?mode=register&next=/en/shop/market-reyonlari/eq-lotus-lb-eq52	2026-09-10
P0_RECOVER_PRODUCT	COMMERCE_LEAK_ROBOTS_LOGIN	Robots.txt tarafından engellendi	login_blocked_but_hides_product	308_login_next_to_product	high	en	shop_pdp	tezgah	7758-246e5-31	/en/shop/tezgah/7758-246e5-31	True	True	https://equsto.com/en/login.html?next=/en/shop/tezgah/7758-246e5-31	2026-09-10
P0_RECOVER_PRODUCT	COMMERCE_LEAK_ROBOTS_LOGIN	Robots.txt tarafından engellendi	login_blocked_but_hides_product	308_login_next_to_product		en	shop_pdp	market-reyonlari	eq-lotus-lb-eq30		True	False	https://equsto.com/en/login.html?next=/en/shop/market-reyonlari/eq-lotus-lb-eq30	2026-09-10
P0_RECOVER_PRODUCT	COMMERCE_LEAK_ROBOTS_LOGIN	Robots.txt tarafından engellendi	login_blocked_but_hides_product	308_login_next_to_product	high	en	shop_pdp	hazirlik	bkm-32e-eco	/en/shop/hazirlik/bkm-32e-eco	True	True	https://equsto.com/en/login.html?next=/en/shop/hazirlik/bkm-32e-eco	2026-09-10
P0_RECOVER_PRODUCT	COMMERCE_LEAK_ROBOTS_LOGIN	Robots.txt tarafından engellendi	login_blocked_but_hides_product	308_login_next_to_product	high	en	shop_pdp	tezgah	7754-187c5-23	/en/shop/tezgah/7754-187c5-23	True	True	https://equsto.com/en/login?mode=register&next=/en/shop/tezgah/7754-187c5-23	2026-09-10
P0_RECOVER_PRODUCT	COMMERCE_LEAK_ROBOTS_LOGIN	Robots.txt tarafından engellendi	login_blocked_but_hides_product	308_login_next_to_product		en	shop_pdp	market-reyonlari	eq-nergis-lm-eq47		True	False	https://equsto.com/en/login.html?next=/en/shop/market-reyonlari/eq-nergis-lm-eq47	2026-09-10
P0_RECOVER_PRODUCT	COMMERCE_LEAK_ROBOTS_LOGIN	Robots.txt tarafından engellendi	login_blocked_but_hides_product	308_login_next_to_product	high	en	shop_pdp	tezgah	7754-166a8-25	/en/shop/tezgah/7754-166a8-25	True	True	https://equsto.com/en/login.html?next=/en/shop/tezgah/7754-166a8-25	2026-09-10
P0_RECOVER_PRODUCT	COMMERCE_LEAK_ROBOTS_LOGIN	Robots.txt tarafından engellendi	login_blocked_but_hides_product	308_login_next_to_product	high	en	shop_pdp	pisirme	7890-20g21-03	/en/shop/pisirme/7890-20g21-03	True	True	https://equsto.com/en/login?mode=register&next=/en/shop/pisirme/7890-20g21-03	2026-09-10
P0_RECOVER_PRODUCT	COMMERCE_LEAK_ROBOTS_LOGIN	Robots.txt tarafından engellendi	login_blocked_but_hides_product	308_login_next_to_product	high	en	shop_pdp	pisirme	agi-890cr	/en/shop/pisirme/agi-890cr	True	True	https://equsto.com/en/login?mode=register&next=/en/shop/pisirme/agi-890cr	2026-09-10
P0_RECOVER_PRODUCT	COMMERCE_LEAK_ROBOTS_LOGIN	Robots.txt tarafından engellendi	login_blocked_but_hides_product	308_login_next_to_product	high	en	shop_pdp	set-ustu-mutfak	0312-00012-11	/en/shop/set-ustu-mutfak/0312-00012-11	True	True	https://equsto.com/en/login?mode=register&next=/en/shop/set-ustu-mutfak/0312-00012-11	2026-09-10
P0_RECOVER_PRODUCT	COMMERCE_LEAK_ROBOTS_LOGIN	Robots.txt tarafından engellendi	login_blocked_but_hides_product	308_login_next_to_product	high	en	shop_pdp	hazirlik	208-600967	/en/shop/hazirlik/208-600967	True	True	https://equsto.com/en/login?mode=register&next=/en/shop/hazirlik/208-600967	2026-09-10
P0_RECOVER_PRODUCT	COMMERCE_LEAK_ROBOTS_LOGIN	Robots.txt tarafından engellendi	login_blocked_but_hides_product	308_login_next_to_product		en	shop_pdp	market-reyonlari	eq-orkide-eq4		True	False	https://equsto.com/en/login.html?next=/en/shop/market-reyonlari/eq-orkide-eq4	2026-09-10
P0_RECOVER_PRODUCT	COMMERCE_LEAK_ROBOTS_LOGIN	Robots.txt tarafından engellendi	login_blocked_but_hides_product	308_login_next_to_product	high	en	shop_pdp	pisirme	npicco60-1	/en/shop/pisirme/npicco60-1	True	True	https://equsto.com/en/login?mode=register&next=/en/shop/pisirme/npicco60-1	2026-09-10
P0_RECOVER_PRODUCT	COMMERCE_LEAK_ROBOTS_LOGIN	Robots.txt tarafından engellendi	login_blocked_but_hides_product	308_login_next_to_product	high	en	shop_pdp	tezgah	7754-067c8-01	/en/shop/tezgah/7754-067c8-01	True	True	https://equsto.com/en/login?mode=register&next=/en/shop/tezgah/7754-067c8-01	2026-09-10
P0_RECOVER_PRODUCT	COMMERCE_LEAK_ROBOTS_LOGIN	Robots.txt tarafından engellendi	login_blocked_but_hides_product	308_login_next_to_product	high	en	shop_pdp	pisirme	npicco39-1	/en/shop/pisirme/npicco39-1	True	True	https://equsto.com/en/login?mode=register&next=/en/shop/pisirme/npicco39-1	2026-09-10
P0_RECOVER_PRODUCT	COMMERCE_LEAK_ROBOTS_LOGIN	Robots.txt tarafından engellendi	login_blocked_but_hides_product	308_login_next_to_product	high	en	shop_pdp	market-reyonlari	eq-rabbit-eq3	/en/shop/market-reyonlari/eq-rabbit-eq3	True	True	https://equsto.com/en/login?mode=register&next=/en/shop/market-reyonlari/eq-rabbit-eq3	2026-09-10
P0_RECOVER_PRODUCT	COMMERCE_LEAK_ROBOTS_LOGIN	Robots.txt tarafından engellendi	login_blocked_but_hides_product	308_login_next_to_product	high	en	shop_pdp	hazirlik	8823-0ha55-00	/en/shop/hazirlik/8823-0ha55-00	True	True	https://equsto.com/en/login?mode=register&next=/en/shop/hazirlik/8823-0ha55-00	2026-09-10
P0_RECOVER_PRODUCT	COMMERCE_LEAK_ROBOTS_LOGIN	Robots.txt tarafından engellendi	login_blocked_but_hides_product	308_login_next_to_product		en	shop_pdp	market-reyonlari	eq-nergis-fg-sky-eq23		True	False	https://equsto.com/en/login.html?next=/en/shop/market-reyonlari/eq-nergis-fg-sky-eq23	2026-09-10
P0_RECOVER_PRODUCT	COMMERCE_LEAK_ROBOTS_LOGIN	Robots.txt tarafından engellendi	login_blocked_but_hides_product	308_login_next_to_product	high	en	shop_pdp	set-ustu-mutfak	8310-0pp13-150	/en/shop/set-ustu-mutfak/8310-0pp13-150	True	True	https://equsto.com/en/login?mode=register&next=/en/shop/set-ustu-mutfak/8310-0pp13-150	2026-09-10
P0_RECOVER_PRODUCT	COMMERCE_LEAK_ROBOTS_LOGIN	Robots.txt tarafından engellendi	login_blocked_but_hides_product	308_login_next_to_product	high	en	shop_pdp	dolap	7911-16070-04	/en/shop/tezgah/7911-16070-04	True	True	https://equsto.com/en/login?mode=register&next=/en/shop/dolap/7911-16070-04	2026-09-10
P0_RECOVER_PRODUCT	COMMERCE_LEAK_ROBOTS_LOGIN	Robots.txt tarafından engellendi	login_blocked_but_hides_product	308_login_next_to_product	high	en	shop_pdp	tezgah	7911-19060-08	/en/shop/tezgah/7911-19060-08	True	True	https://equsto.com/en/login.html?next=/en/shop/tezgah/7911-19060-08	2026-09-10
P0_RECOVER_PRODUCT	COMMERCE_LEAK_ROBOTS_LOGIN	Robots.txt tarafından engellendi	login_blocked_but_hides_product	308_login_next_to_product	high	en	shop_pdp	set-ustu-mutfak	8310-19150-00	/en/shop/set-ustu-mutfak/8310-19150-00	True	True	https://equsto.com/en/login?next=/en/shop/set-ustu-mutfak/8310-19150-00	2026-09-10
P0_RECOVER_PRODUCT	COMMERCE_LEAK_ROBOTS_LOGIN	Robots.txt tarafından engellendi	login_blocked_but_hides_product	308_login_next_to_product	high	en	shop_pdp	dolap	7911-06060-00	/en/shop/tezgah/7911-06060-00	True	True	https://equsto.com/en/login?mode=register&next=/en/shop/dolap/7911-06060-00	2026-09-10
P0_RECOVER_PRODUCT	COMMERCE_LEAK_ROBOTS_LOGIN	Robots.txt tarafından engellendi	login_blocked_but_hides_product	308_login_next_to_product	high	en	shop_pdp	icecek	8574-cm160-00	/en/shop/icecek/8574-cm160-00	True	True	https://equsto.com/en/login.html?next=/en/shop/icecek/8574-cm160-00	2026-09-10
P0_RECOVER_PRODUCT	COMMERCE_LEAK_ROBOTS_LOGIN	Robots.txt tarafından engellendi	login_blocked_but_hides_product	308_login_next_to_product	high	en	shop_pdp	icecek	9868-fg10i-dgt	/en/shop/icecek/9868-fg10i-dgt	True	True	https://equsto.com/en/login?mode=register&next=/en/shop/icecek/9868-fg10i-dgt	2026-09-10
P0_RECOVER_PRODUCT	COMMERCE_LEAK_ROBOTS_LOGIN	Robots.txt tarafından engellendi	login_blocked_but_hides_product	308_login_next_to_product	high	en	shop_pdp	sogutma	pzag-180	/en/shop/sogutma/pzag-180	True	True	https://equsto.com/en/login.html?next=/en/shop/sogutma/pzag-180	2026-09-10
P0_RECOVER_PRODUCT	COMMERCE_LEAK_ROBOTS_LOGIN	Robots.txt tarafından engellendi	login_blocked_but_hides_product	308_login_next_to_product	high	en	shop_pdp	pisirme	gn1-2150	/en/shop/pisirme/gn1-2150	True	True	https://equsto.com/en/login.html?next=/en/shop/pisirme/gn1-2150	2026-09-10
P0_RECOVER_PRODUCT	COMMERCE_LEAK_ROBOTS_LOGIN	Robots.txt tarafından engellendi	login_blocked_but_hides_product	308_login_next_to_product	high	en	shop_pdp	hazirlik	bhy-50	/en/shop/hazirlik/bhy-50	True	True	https://equsto.com/en/login?mode=register&next=/en/shop/hazirlik/bhy-50	2026-09-10
P0_RECOVER_PRODUCT	COMMERCE_LEAK_ROBOTS_LOGIN	Robots.txt tarafından engellendi	login_blocked_but_hides_product	308_login_next_to_product	high	en	shop_pdp	pisirme	7961-11829-5o2	/en/shop/yikama/7961-11829-5o2	True	True	https://equsto.com/en/login.html?next=/en/shop/pisirme/7961-11829-5o2	2026-09-10
P0_RECOVER_PRODUCT	COMMERCE_LEAK_ROBOTS_LOGIN	Robots.txt tarafından engellendi	login_blocked_but_hides_product	308_login_next_to_product	high	en	shop_pdp	yikama	118-ht-15	/en/shop/yikama/118-ht-15	True	True	https://equsto.com/en/login?mode=register&next=/en/shop/yikama/118-ht-15	2026-09-10
P0_RECOVER_PRODUCT	COMMERCE_LEAK_ROBOTS_LOGIN	Robots.txt tarafından engellendi	login_blocked_but_hides_product	308_login_next_to_product	high	en	shop_pdp	set-ustu-mutfak	6262-00033-33	/en/shop/set-ustu-mutfak/6262-00033-33	True	False	https://equsto.com/en/login.html?next=/en/shop/set-ustu-mutfak/6262-00033-33	2026-09-10
P0_RECOVER_PRODUCT	COMMERCE_LEAK_ROBOTS_LOGIN	Robots.txt tarafından engellendi	login_blocked_but_hides_product	308_login_next_to_product	high	en	shop_pdp	davlumbaz	7885-45255-10	/en/shop/davlumbaz/7885-45255-10	True	True	https://equsto.com/en/login?mode=register&next=/en/shop/davlumbaz/7885-45255-10	2026-09-10
P0_RECOVER_PRODUCT	COMMERCE_LEAK_ROBOTS_LOGIN	Robots.txt tarafından engellendi	login_blocked_but_hides_product	308_login_next_to_product	high	en	shop_pdp	market-reyonlari	eq-lion-eq13	/en/shop/market-reyonlari/eq-lion-eq13	True	True	https://equsto.com/en/login.html?next=/en/shop/market-reyonlari/eq-lion-eq13	2026-09-10
P0_RECOVER_PRODUCT	COMMERCE_LEAK_ROBOTS_LOGIN	Robots.txt tarafından engellendi	login_blocked_but_hides_product	308_login_next_to_product	high	en	shop_pdp	set-ustu-mutfak	9563-hbh75-00	/en/shop/set-ustu-mutfak/9563-hbh75-00	True	True	https://equsto.com/en/login.html?next=/en/shop/set-ustu-mutfak/9563-hbh75-00	2026-09-10
P0_RECOVER_PRODUCT	COMMERCE_LEAK_ROBOTS_LOGIN	Robots.txt tarafından engellendi	login_blocked_but_hides_product	308_login_next_to_product	high	en	shop_pdp	hazirlik	2810-60040-01	/en/shop/hazirlik/2810-60040-01	True	True	https://equsto.com/en/login?mode=register&next=/en/shop/hazirlik/2810-60040-01	2026-09-10
P0_RECOVER_PRODUCT	COMMERCE_LEAK_ROBOTS_LOGIN	Robots.txt tarafından engellendi	login_blocked_but_hides_product	308_login_next_to_product	high	en	shop_pdp	tezgah	7758-167b8-21	/en/shop/tezgah/7758-167b8-21	True	True	https://equsto.com/en/login.html?next=/en/shop/tezgah/7758-167b8-21	2026-09-10
P0_RECOVER_PRODUCT	COMMERCE_LEAK_ROBOTS_LOGIN	Robots.txt tarafından engellendi	login_blocked_but_hides_product	308_login_next_to_product	high	en	shop_pdp	yikama	7759-50709-10	/en/shop/yikama/7759-50709-10	True	True	https://equsto.com/en/login?mode=register&next=/en/shop/yikama/7759-50709-10	2026-09-10
P0_RECOVER_PRODUCT	COMMERCE_LEAK_ROBOTS_LOGIN	Robots.txt tarafından engellendi	login_blocked_but_hides_product	308_login_next_to_product	high	en	shop_pdp	yikama	118-ht-15	/en/shop/yikama/118-ht-15	True	True	https://equsto.com/en/login.html?next=/en/shop/yikama/118-ht-15	2026-09-10
P0_RECOVER_PRODUCT	COMMERCE_LEAK_ROBOTS_LOGIN	Robots.txt tarafından engellendi	login_blocked_but_hides_product	308_login_next_to_product	high	en	shop_pdp	market-reyonlari	eq-lion-tgd-eq62	/en/shop/market-reyonlari/eq-lion-tgd-eq62	True	True	https://equsto.com/en/login?mode=register&next=/en/shop/market-reyonlari/eq-lion-tgd-eq62	2026-09-10
P0_RECOVER_PRODUCT	COMMERCE_LEAK_ROBOTS_LOGIN	Robots.txt tarafından engellendi	login_blocked_but_hides_product	308_login_next_to_product	high	en	shop_pdp	tezgah	7897-19030-04	/en/shop/tezgah/7897-19030-04	True	True	https://equsto.com/en/login?next=/en/shop/tezgah/7897-19030-04	2026-09-10
P0_RECOVER_PRODUCT	COMMERCE_LEAK_ROBOTS_LOGIN	Robots.txt tarafından engellendi	login_blocked_but_hides_product	308_login_next_to_product		en	shop_pdp	market-reyonlari	eq-fulya-hf-fg-eq17		True	False	https://equsto.com/en/login?mode=register&next=/en/shop/market-reyonlari/eq-fulya-hf-fg-eq17	2026-09-10
P0_RECOVER_PRODUCT	COMMERCE_LEAK_ROBOTS_LOGIN	Robots.txt tarafından engellendi	login_blocked_but_hides_product	308_login_next_to_product	high	en	shop_pdp	sogutma	730303	/en/shop/sogutma/730303	True	True	https://equsto.com/en/login?next=/en/shop/sogutma/730303	2026-09-10
P0_RECOVER_PRODUCT	COMMERCE_LEAK_ROBOTS_LOGIN	Robots.txt tarafından engellendi	login_blocked_but_hides_product	308_login_next_to_product	high	en	shop_pdp	pisirme	asbm-04	/en/shop/pisirme/asbm-04	True	True	https://equsto.com/en/login.html?next=/en/shop/pisirme/asbm-04	2026-09-10
P0_RECOVER_PRODUCT	COMMERCE_LEAK_ROBOTS_LOGIN	Robots.txt tarafından engellendi	login_blocked_but_hides_product	308_login_next_to_product	high	en	shop_pdp	set-ustu-mutfak	0312-00011-13	/en/shop/set-ustu-mutfak/0312-00011-13	True	True	https://equsto.com/en/login?mode=register&next=/en/shop/set-ustu-mutfak/0312-00011-13	2026-09-10
P0_RECOVER_PRODUCT	COMMERCE_LEAK_ROBOTS_LOGIN	Robots.txt tarafından engellendi	login_blocked_but_hides_product	308_login_next_to_product		en	shop_pdp	market-reyonlari	eq-nergis-tp-sky-eq27		True	False	https://equsto.com/en/login?mode=register&next=/en/shop/market-reyonlari/eq-nergis-tp-sky-eq27	2026-09-10
P0_RECOVER_PRODUCT	COMMERCE_LEAK_ROBOTS_LOGIN	Robots.txt tarafından engellendi	login_blocked_but_hides_product	308_login_next_to_product	high	en	shop_pdp	set-ustu-mutfak	8310-13150-00	/en/shop/set-ustu-mutfak/8310-13150-00	True	True	https://equsto.com/en/login?mode=register&next=/en/shop/set-ustu-mutfak/8310-13150-00	2026-09-10
P0_RECOVER_PRODUCT	COMMERCE_LEAK_ROBOTS_LOGIN	Robots.txt tarafından engellendi	login_blocked_but_hides_product	308_login_next_to_product	high	en	shop_pdp	pisirme	7960-04929-1y1	/en/shop/yikama/7960-04929-1y1	True	True	https://equsto.com/en/login.html?next=/en/shop/pisirme/7960-04929-1y1	2026-09-10
P0_RECOVER_PRODUCT	COMMERCE_LEAK_ROBOTS_LOGIN	Robots.txt tarafından engellendi	login_blocked_but_hides_product	308_login_next_to_product		tr	shop_pdp	sogutma	portabianco-cihaz-alti-kisa-tek-kapili-buzdolabi		True	False	https://equsto.com/en/login?next=/shop/sogutma/portabianco-cihaz-alti-kisa-tek-kapili-buzdolabi	2026-09-10
P0_RECOVER_PRODUCT	COMMERCE_LEAK_ROBOTS_LOGIN	Robots.txt tarafından engellendi	login_blocked_but_hides_product	308_login_next_to_product	high	en	shop_pdp	market-reyonlari	eq-lion-eq60	/en/shop/market-reyonlari/eq-lion-eq60	True	True	https://equsto.com/en/login?mode=register&next=/en/shop/market-reyonlari/eq-lion-eq60	2026-09-10
P0_RECOVER_PRODUCT	COMMERCE_LEAK_ROBOTS_LOGIN	Robots.txt tarafından engellendi	login_blocked_but_hides_product	308_login_next_to_product	high	en	shop_pdp	yikama	502704	/en/shop/yikama/502704	True	True	https://equsto.com/en/login.html?next=/en/shop/yikama/502704	2026-09-10
P0_RECOVER_PRODUCT	COMMERCE_LEAK_ROBOTS_LOGIN	Robots.txt tarafından engellendi	login_blocked_but_hides_product	308_login_next_to_product	high	en	shop_pdp	market-reyonlari	eq-lion-eq60	/en/shop/market-reyonlari/eq-lion-eq60	True	True	https://equsto.com/en/login.html?next=/en/shop/market-reyonlari/eq-lion-eq60	2026-09-10
P0_RECOVER_PRODUCT	COMMERCE_LEAK_ROBOTS_LOGIN	Robots.txt tarafından engellendi	login_blocked_but_hides_product	308_login_next_to_product	high	en	shop_pdp	sogutma	sbhkg-2n70	/en/shop/sogutma/sbhkg-2n70	True	True	https://equsto.com/en/login?mode=register&next=/en/shop/sogutma/sbhkg-2n70	2026-09-10
P0_RECOVER_PRODUCT	COMMERCE_LEAK_ROBOTS_LOGIN	Robots.txt tarafından engellendi	login_blocked_but_hides_product	308_login_next_to_product		en	shop_hub	pisirme			True	False	https://equsto.com/en/login.html?next=/en/shop/pisirme?tip%3Dsanayi-tipi-zgaralar	2026-09-10
P0_RECOVER_PRODUCT	COMMERCE_LEAK_ROBOTS_LOGIN	Robots.txt tarafından engellendi	login_blocked_but_hides_product	308_login_next_to_product	high	en	shop_pdp	pisirme	7960-20629-1y3	/en/shop/yikama/7960-20629-1y3	True	True	https://equsto.com/en/login.html?next=/en/shop/pisirme/7960-20629-1y3	2026-09-10
P0_RECOVER_PRODUCT	COMMERCE_LEAK_ROBOTS_LOGIN	Robots.txt tarafından engellendi	login_blocked_but_hides_product	308_login_next_to_product	high	en	shop_pdp	pisirme	npicco76-1	/en/shop/pisirme/npicco76-1	True	True	https://equsto.com/en/login?mode=register&next=/en/shop/pisirme/npicco76-1	2026-09-10
P0_RECOVER_PRODUCT	COMMERCE_LEAK_ROBOTS_LOGIN	Robots.txt tarafından engellendi	login_blocked_but_hides_product	308_login_next_to_product	high	tr	shop_pdp	yikama	ino-byk360l-k90	/shop/yikama/ino-byk360l-k90	True	True	https://equsto.com/en/login?next=/shop/yikama/ino-byk360l-k90	2026-09-10
P0_RECOVER_PRODUCT	COMMERCE_LEAK_ROBOTS_LOGIN	Robots.txt tarafından engellendi	login_blocked_but_hides_product	308_login_next_to_product	high	en	shop_pdp	pisirme	ino-9fg20	/en/shop/pisirme/ino-9fg20	True	True	https://equsto.com/en/login?mode=register&next=/en/shop/pisirme/ino-9fg20	2026-09-10
P0_RECOVER_PRODUCT	COMMERCE_LEAK_ROBOTS_LOGIN	Robots.txt tarafından engellendi	login_blocked_but_hides_product	308_login_next_to_product	high	en	shop_pdp	pisirme	pi6-m16kb	/en/shop/pisirme/pi6-m16kb	True	True	https://equsto.com/en/login.html?next=/en/shop/pisirme/pi6-m16kb	2026-09-10
P0_RECOVER_PRODUCT	COMMERCE_LEAK_ROBOTS_LOGIN	Robots.txt tarafından engellendi	login_blocked_but_hides_product	308_login_next_to_product		en	shop_hub	pisirme			True	False	https://equsto.com/en/login?mode=register&next=/en/shop/pisirme?tip%3Dsanayi-tipi-zgaralar	2026-09-10
P0_RECOVER_PRODUCT	COMMERCE_LEAK_ROBOTS_LOGIN	Robots.txt tarafından engellendi	login_blocked_but_hides_product	308_login_next_to_product	high	en	shop_pdp	davlumbaz	eq-kdavot01-250200	/en/shop/davlumbaz/eq-kdavot01-250200	True	True	https://equsto.com/en/login.html?next=/en/shop/davlumbaz/eq-kdavot01-250200	2026-09-10
P0_RECOVER_PRODUCT	COMMERCE_LEAK_ROBOTS_LOGIN	Robots.txt tarafından engellendi	login_blocked_but_hides_product	308_login_next_to_product	high	en	shop_pdp	pisirme	9868-bt350-t0	/en/shop/pisirme/9868-bt350-t0	True	True	https://equsto.com/en/login.html?next=/en/shop/pisirme/9868-bt350-t0	2026-09-10
P0_RECOVER_PRODUCT	COMMERCE_LEAK_ROBOTS_LOGIN	Robots.txt tarafından engellendi	login_blocked_but_hides_product	308_login_next_to_product	high	en	shop_pdp	dolap	7911-19060-82	/en/shop/tezgah/7911-19060-82	True	True	https://equsto.com/en/login?mode=register&next=/en/shop/dolap/7911-19060-82	2026-09-10
P0_RECOVER_PRODUCT	COMMERCE_LEAK_ROBOTS_LOGIN	Robots.txt tarafından engellendi	login_blocked_but_hides_product	308_login_next_to_product	high	en	shop_pdp	market-reyonlari	eq-falcon-eq2	/en/shop/market-reyonlari/eq-falcon-eq2	True	True	https://equsto.com/en/login?next=/en/shop/market-reyonlari/eq-falcon-eq2	2026-09-10
P0_RECOVER_PRODUCT	COMMERCE_LEAK_ROBOTS_LOGIN	Robots.txt tarafından engellendi	login_blocked_but_hides_product	308_login_next_to_product	high	en	shop_pdp	tezgah	7919-47ntv-c1	/en/shop/tezgah/7919-47ntv-c1	True	True	https://equsto.com/en/login?mode=register&next=/en/shop/tezgah/7919-47ntv-c1	2026-09-10
P0_RECOVER_PRODUCT	COMMERCE_LEAK_ROBOTS_LOGIN	Robots.txt tarafından engellendi	login_blocked_but_hides_product	308_login_next_to_product	high	en	shop_pdp	yikama	0753-00029-09	/en/shop/yikama/0753-00029-09	True	True	https://equsto.com/en/login.html?next=/en/shop/yikama/0753-00029-09	2026-09-10
P0_RECOVER_PRODUCT	COMMERCE_LEAK_ROBOTS_LOGIN	Robots.txt tarafından engellendi	login_blocked_but_hides_product	308_login_next_to_product	high	en	shop_pdp	sogutma	710073	/en/shop/sogutma/710073	True	False	https://equsto.com/en/login?mode=register&next=/en/shop/sogutma/710073	2026-09-10
P0_RECOVER_PRODUCT	COMMERCE_LEAK_ROBOTS_LOGIN	Robots.txt tarafından engellendi	login_blocked_but_hides_product	308_login_next_to_product	high	en	shop_pdp	set-ustu-mutfak	0752-01510-16	/en/shop/set-ustu-mutfak/0752-01510-16	True	True	https://equsto.com/en/login?mode=register&next=/en/shop/set-ustu-mutfak/0752-01510-16	2026-09-10
P0_RECOVER_PRODUCT	COMMERCE_LEAK_ROBOTS_LOGIN	Robots.txt tarafından engellendi	login_blocked_but_hides_product	308_login_next_to_product	high	en	shop_pdp	istif	53-x-122-x-183	/en/shop/istif/53-x-122-x-183	True	True	https://equsto.com/en/login.html?next=/en/shop/istif/53-x-122-x-183	2026-09-10
P0_RECOVER_PRODUCT	COMMERCE_LEAK_ROBOTS_LOGIN	Robots.txt tarafından engellendi	login_blocked_but_hides_product	308_login_next_to_product	high	en	shop_pdp	market-reyonlari	eq-falcon-sld-eq28	/en/shop/market-reyonlari/eq-falcon-sld-eq28	True	True	https://equsto.com/en/login?mode=register&next=/en/shop/market-reyonlari/eq-falcon-sld-eq28	2026-09-10
P0_RECOVER_PRODUCT	COMMERCE_LEAK_ROBOTS_LOGIN	Robots.txt tarafından engellendi	login_blocked_but_hides_product	308_login_next_to_product	high	tr	shop_pdp	set-ustu-mutfak	0314-12020-01	/shop/set-ustu-mutfak/0314-12020-01	True	True	https://equsto.com/en/login?next=/shop/set-ustu-mutfak/0314-12020-01	2026-09-10
P0_RECOVER_PRODUCT	COMMERCE_LEAK_ROBOTS_LOGIN	Robots.txt tarafından engellendi	login_blocked_but_hides_product	308_login_next_to_product	high	en	shop_pdp	kahve	9580-1500s-pbp	/en/shop/kahve/9580-1500s-pbp	True	True	https://equsto.com/en/login?mode=register&next=/en/shop/kahve/9580-1500s-pbp	2026-09-10
P0_RECOVER_PRODUCT	COMMERCE_LEAK_ROBOTS_LOGIN	Robots.txt tarafından engellendi	login_blocked_but_hides_product	308_login_next_to_product	high	en	shop_pdp	pisirme	ino-pde403e	/en/shop/pisirme/ino-pde403e	True	True	https://equsto.com/en/login.html?next=/en/shop/pisirme/ino-pde403e	2026-09-10
P0_RECOVER_PRODUCT	COMMERCE_LEAK_ROBOTS_LOGIN	Robots.txt tarafından engellendi	login_blocked_but_hides_product	308_login_next_to_product	high	en	shop_pdp	tezgah	7919-47ntv-c1	/en/shop/tezgah/7919-47ntv-c1	True	True	https://equsto.com/en/login.html?next=/en/shop/tezgah/7919-47ntv-c1	2026-09-10
P0_RECOVER_PRODUCT	COMMERCE_LEAK_ROBOTS_LOGIN	Robots.txt tarafından engellendi	login_blocked_but_hides_product	308_login_next_to_product	med	en	shop_pdp	tezgah	pimak-16070-56	/en/shop/tezgah/7911-16070-56	True	True	https://equsto.com/en/login?mode=register&next=/en/shop/tezgah/pimak-16070-56	2026-09-10
P0_RECOVER_PRODUCT	COMMERCE_LEAK_ROBOTS_LOGIN	Robots.txt tarafından engellendi	login_blocked_but_hides_product	308_login_next_to_product	high	en	shop_pdp	set-ustu-mutfak	8880-00200-02	/en/shop/set-ustu-mutfak/8880-00200-02	True	True	https://equsto.com/en/login.html?next=/en/shop/set-ustu-mutfak/8880-00200-02	2026-09-10
P0_RECOVER_PRODUCT	COMMERCE_LEAK_ROBOTS_LOGIN	Robots.txt tarafından engellendi	login_blocked_but_hides_product	308_login_next_to_product	high	en	shop_pdp	dolap	7911-09070-95	/en/shop/tezgah/7911-09070-95	True	True	https://equsto.com/en/login?mode=register&next=/en/shop/dolap/7911-09070-95	2026-09-10
P0_RECOVER_PRODUCT	COMMERCE_LEAK_ROBOTS_LOGIN	Robots.txt tarafından engellendi	login_blocked_but_hides_product	308_login_next_to_product		en	shop_pdp	market-reyonlari	eq-fulya-nv-lm-eq1		True	False	https://equsto.com/en/login?mode=register&next=/en/shop/market-reyonlari/eq-fulya-nv-lm-eq1	2026-09-10
P0_RECOVER_PRODUCT	COMMERCE_LEAK_ROBOTS_LOGIN	Robots.txt tarafından engellendi	login_blocked_but_hides_product	308_login_next_to_product	high	en	shop_pdp	tezgah	7911-14070-48	/en/shop/tezgah/7911-14070-48	True	True	https://equsto.com/en/login.html?next=/en/shop/tezgah/7911-14070-48	2026-09-10
P0_RECOVER_PRODUCT	COMMERCE_LEAK_ROBOTS_LOGIN	Robots.txt tarafından engellendi	login_blocked_but_hides_product	308_login_next_to_product	high	en	shop_pdp	tezgah	7911-14070-48	/en/shop/tezgah/7911-14070-48	True	True	https://equsto.com/en/login?mode=register&next=/en/shop/tezgah/7911-14070-48	2026-09-10
P0_RECOVER_PRODUCT	COMMERCE_LEAK_ROBOTS_LOGIN	Robots.txt tarafından engellendi	login_blocked_but_hides_product	308_login_next_to_product		en	shop_hub	icecek			True	False	https://equsto.com/en/login?mode=register&next=/en/shop/icecek?tip%3Dicecek-otomat	2026-09-10
P0_RECOVER_PRODUCT	COMMERCE_LEAK_ROBOTS_LOGIN	Robots.txt tarafından engellendi	login_blocked_but_hides_product	308_login_next_to_product		en	shop_pdp	market-reyonlari	eq-nergis-lb-lm-eq37		True	False	https://equsto.com/en/login.html?next=/en/shop/market-reyonlari/eq-nergis-lb-lm-eq37	2026-09-10
P0_RECOVER_PRODUCT	COMMERCE_LEAK_ROBOTS_LOGIN	Robots.txt tarafından engellendi	login_blocked_but_hides_product	308_login_next_to_product	high	en	shop_pdp	market-reyonlari	mx037-2	/en/shop/market-reyonlari/mx037-2	True	True	https://equsto.com/en/login.html?next=/en/shop/market-reyonlari/mx037-2	2026-09-10
P0_RECOVER_PRODUCT	COMMERCE_LEAK_ROBOTS_LOGIN	Robots.txt tarafından engellendi	login_blocked_but_hides_product	308_login_next_to_product	high	en	shop_pdp	sogutma	bre-c150ahc	/en/shop/sogutma/bre-c150ahc	True	True	https://equsto.com/en/login?mode=register&next=/en/shop/sogutma/bre-c150ahc	2026-09-10
P0_RECOVER_PRODUCT	COMMERCE_LEAK_ROBOTS_LOGIN	Robots.txt tarafından engellendi	login_blocked_but_hides_product	308_login_next_to_product	high	en	shop_pdp	davlumbaz	eq-kdavot01-125150	/en/shop/davlumbaz/eq-kdavot01-125150	True	True	https://equsto.com/en/login?next=/en/shop/davlumbaz/eq-kdavot01-125150	2026-09-10
P0_RECOVER_PRODUCT	COMMERCE_LEAK_ROBOTS_LOGIN	Robots.txt tarafından engellendi	login_blocked_but_hides_product	308_login_next_to_product		en	shop_pdp	marka	vosco		True	False	https://equsto.com/en/login?mode=register&next=/en/shop/marka/vosco	2026-09-10
P0_RECOVER_PRODUCT	COMMERCE_LEAK_ROBOTS_LOGIN	Robots.txt tarafından engellendi	login_blocked_but_hides_product	308_login_next_to_product	high	en	shop_pdp	kahve	va-80b	/en/shop/kahve/va-80b	True	True	https://equsto.com/en/login?next=/en/shop/kahve/va-80b	2026-09-10
P0_RECOVER_PRODUCT	COMMERCE_LEAK_ROBOTS_LOGIN	Robots.txt tarafından engellendi	login_blocked_but_hides_product	308_login_next_to_product	high	en	shop_pdp	hazirlik	5ksm2fpa	/en/shop/hazirlik/5ksm2fpa	True	True	https://equsto.com/en/login?mode=register&next=/en/shop/hazirlik/5ksm2fpa	2026-09-10
P0_RECOVER_PRODUCT	COMMERCE_LEAK_ROBOTS_LOGIN	Robots.txt tarafından engellendi	login_blocked_but_hides_product	308_login_next_to_product	high	en	shop_pdp	market-reyonlari	be-m037-4s	/en/shop/market-reyonlari/be-m037-4s	True	True	https://equsto.com/en/login.html?next=/en/shop/market-reyonlari/be-m037-4s	2026-09-10
P0_RECOVER_PRODUCT	COMMERCE_LEAK_ROBOTS_LOGIN	Robots.txt tarafından engellendi	login_blocked_but_hides_product	308_login_next_to_product	high	en	shop_pdp	pisirme	ino-zmd-7oe10is	/en/shop/pisirme/ino-zmd-7oe10is	True	True	https://equsto.com/en/login?mode=register&next=/en/shop/pisirme/ino-zmd-7oe10is	2026-09-10
P0_RECOVER_PRODUCT	COMMERCE_LEAK_ROBOTS_LOGIN	Robots.txt tarafından engellendi	login_blocked_but_hides_product	308_login_next_to_product	high	en	shop_pdp	tezgah	7911-16070-08	/en/shop/tezgah/7911-16070-08	True	True	https://equsto.com/en/login?mode=register&next=/en/shop/tezgah/7911-16070-08	2026-09-10
P0_RECOVER_PRODUCT	COMMERCE_LEAK_ROBOTS_LOGIN	Robots.txt tarafından engellendi	login_blocked_but_hides_product	308_login_next_to_product	high	en	shop_pdp	pisirme	aei-490-ncr	/en/shop/pisirme/aei-490-ncr	True	True	https://equsto.com/en/login.html?next=/en/shop/pisirme/aei-490-ncr	2026-09-10
P0_RECOVER_PRODUCT	COMMERCE_LEAK_ROBOTS_LOGIN	Robots.txt tarafından engellendi	login_blocked_but_hides_product	308_login_next_to_product	high	en	shop_pdp	pisirme	npicco77-3	/en/shop/pisirme/npicco77-3	True	True	https://equsto.com/en/login?mode=register&next=/en/shop/pisirme/npicco77-3	2026-09-10
P0_RECOVER_PRODUCT	COMMERCE_LEAK_ROBOTS_LOGIN	Robots.txt tarafından engellendi	login_blocked_but_hides_product	308_login_next_to_product	high	en	shop_pdp	yikama	9710-cnae0-00	/en/shop/yikama/9710-cnae0-00	True	False	https://equsto.com/en/login?mode=register&next=/en/shop/yikama/9710-cnae0-00	2026-09-10
P0_RECOVER_PRODUCT	COMMERCE_LEAK_ROBOTS_LOGIN	Robots.txt tarafından engellendi	login_blocked_but_hides_product	308_login_next_to_product	high	en	shop_pdp	kahve	118-titan-ll	/en/shop/kahve/118-titan-ll	True	True	https://equsto.com/en/login?mode=register&next=/en/shop/kahve/118-titan-ll	2026-09-10
P0_RECOVER_PRODUCT	COMMERCE_LEAK_ROBOTS_LOGIN	Robots.txt tarafından engellendi	login_blocked_but_hides_product	308_login_next_to_product	high	en	shop_pdp	pisirme	ino-zmd-9sg15	/en/shop/pisirme/ino-zmd-9sg15	True	True	https://equsto.com/en/login.html?next=/en/shop/pisirme/ino-zmd-9sg15	2026-09-10
P0_RECOVER_PRODUCT	COMMERCE_LEAK_ROBOTS_LOGIN	Robots.txt tarafından engellendi	login_blocked_but_hides_product	308_login_next_to_product	high	en	shop_pdp	market-reyonlari	eq-falcon-sld-eq52	/en/shop/market-reyonlari/eq-falcon-sld-eq52	True	True	https://equsto.com/en/login?mode=register&next=/en/shop/market-reyonlari/eq-falcon-sld-eq52	2026-09-10
P0_RECOVER_PRODUCT	COMMERCE_LEAK_ROBOTS_LOGIN	Robots.txt tarafından engellendi	login_blocked_but_hides_product	308_login_next_to_product	high	en	shop_pdp	market-reyonlari	eq-dolphin-is-eq3	/en/shop/market-reyonlari/eq-dolphin-is-eq3	True	True	https://equsto.com/en/login?next=/en/shop/market-reyonlari/eq-dolphin-is-eq3	2026-09-10
P0_RECOVER_PRODUCT	COMMERCE_LEAK_ROBOTS_LOGIN	Robots.txt tarafından engellendi	login_blocked_but_hides_product	308_login_next_to_product	high	en	shop_pdp	istif	53-x-137-x-183-304l	/en/shop/istif/53-x-137-x-183-304l	True	True	https://equsto.com/en/login.html?next=/en/shop/istif/53-x-137-x-183-304l	2026-09-10
P0_RECOVER_PRODUCT	COMMERCE_LEAK_ROBOTS_LOGIN	Robots.txt tarafından engellendi	login_blocked_but_hides_product	308_login_next_to_product	high	en	shop_pdp	pisirme	ino-9sg15	/en/shop/pisirme/ino-9sg15	True	True	https://equsto.com/en/login?next=/en/shop/pisirme/ino-9sg15	2026-09-10
P0_RECOVER_PRODUCT	COMMERCE_LEAK_ROBOTS_LOGIN	Robots.txt tarafından engellendi	login_blocked_but_hides_product	308_login_next_to_product	high	en	shop_pdp	market-reyonlari	eq-falcon-sld-eq106	/en/shop/market-reyonlari/eq-falcon-sld-eq106	True	True	https://equsto.com/en/login?mode=register&next=/en/shop/market-reyonlari/eq-falcon-sld-eq106	2026-09-10
P0_RECOVER_PRODUCT	COMMERCE_LEAK_ROBOTS_LOGIN	Robots.txt tarafından engellendi	login_blocked_but_hides_product	308_login_next_to_product	high	en	shop_pdp	market-reyonlari	eq-lion-eq5	/en/shop/market-reyonlari/eq-lion-eq5	True	True	https://equsto.com/en/login?mode=register&next=/en/shop/market-reyonlari/eq-lion-eq5	2026-09-10
P0_RECOVER_PRODUCT	COMMERCE_LEAK_ROBOTS_LOGIN	Robots.txt tarafından engellendi	login_blocked_but_hides_product	308_login_next_to_product	high	en	shop_pdp	tezgah	7911-14060-24	/en/shop/tezgah/7911-14060-24	True	True	https://equsto.com/en/login?mode=register&next=/en/shop/tezgah/7911-14060-24	2026-09-10
P0_RECOVER_PRODUCT	COMMERCE_LEAK_ROBOTS_LOGIN	Robots.txt tarafından engellendi	login_blocked_but_hides_product	308_login_next_to_product	high	en	shop_pdp	dolap	7758-217d8-21	/en/shop/tezgah/7758-217d8-21	True	True	https://equsto.com/en/login.html?next=/en/shop/dolap/7758-217d8-21	2026-09-10
P0_RECOVER_PRODUCT	COMMERCE_LEAK_ROBOTS_LOGIN	Robots.txt tarafından engellendi	login_blocked_but_hides_product	308_login_next_to_product	high	en	shop_pdp	pisirme	371080	/en/shop/pisirme/371080	True	True	https://equsto.com/en/login?mode=register&next=/en/shop/pisirme/371080	2026-09-10
P0_RECOVER_PRODUCT	COMMERCE_LEAK_ROBOTS_LOGIN	Robots.txt tarafından engellendi	login_blocked_but_hides_product	308_login_next_to_product	high	en	shop_pdp	yikama	07er-0010k-bf	/en/shop/yikama/07er-0010k-bf	True	True	https://equsto.com/en/login?mode=register&next=/en/shop/yikama/07er-0010k-bf	2026-09-10
P0_RECOVER_PRODUCT	COMMERCE_LEAK_ROBOTS_LOGIN	Robots.txt tarafından engellendi	login_blocked_but_hides_product	308_login_next_to_product	high	en	shop_pdp	tezgah	eq-kct07-16070	/en/shop/tezgah/eq-kct07-16070	True	True	https://equsto.com/en/login?mode=register&next=/en/shop/tezgah/eq-kct07-16070	2026-09-10
P0_RECOVER_PRODUCT	COMMERCE_LEAK_ROBOTS_LOGIN	Robots.txt tarafından engellendi	login_blocked_but_hides_product	308_login_next_to_product	high	en	shop_pdp	tezgah	7911-19070-56	/en/shop/tezgah/7911-19070-56	True	True	https://equsto.com/en/login.html?next=/en/shop/tezgah/7911-19070-56	2026-09-10
P0_RECOVER_PRODUCT	COMMERCE_LEAK_ROBOTS_LOGIN	Robots.txt tarafından engellendi	login_blocked_but_hides_product	308_login_next_to_product	high	en	shop_pdp	tezgah	7911-19070-56	/en/shop/tezgah/7911-19070-56	True	True	https://equsto.com/en/login?mode=register&next=/en/shop/tezgah/7911-19070-56	2026-09-10
P0_RECOVER_PRODUCT	COMMERCE_LEAK_ROBOTS_LOGIN	Robots.txt tarafından engellendi	login_blocked_but_hides_product	308_login_next_to_product	high	en	shop_pdp	tezgah	7758-157b5-21	/en/shop/tezgah/7758-157b5-21	True	True	https://equsto.com/en/login.html?next=/en/shop/tezgah/7758-157b5-21	2026-09-10
P0_RECOVER_PRODUCT	COMMERCE_LEAK_ROBOTS_LOGIN	Robots.txt tarafından engellendi	login_blocked_but_hides_product	308_login_next_to_product	high	en	shop_pdp	pisirme	7961-16229-5y1	/en/shop/yikama/7961-16229-5y1	True	True	https://equsto.com/en/login?mode=register&next=/en/shop/pisirme/7961-16229-5y1	2026-09-10
P0_RECOVER_PRODUCT	COMMERCE_LEAK_ROBOTS_LOGIN	Robots.txt tarafından engellendi	login_blocked_but_hides_product	308_login_next_to_product	high	en	shop_pdp	tezgah	7911-19070-44	/en/shop/tezgah/7911-19070-44	True	True	https://equsto.com/en/login.html?next=/en/shop/tezgah/7911-19070-44	2026-09-10
P0_RECOVER_PRODUCT	COMMERCE_LEAK_ROBOTS_LOGIN	Robots.txt tarafından engellendi	login_blocked_but_hides_product	308_login_next_to_product	high	en	shop_pdp	tasima	7912-12070-a0	/en/shop/tasima/7912-12070-a0	True	True	https://equsto.com/en/login?mode=register&next=/en/shop/tasima/7912-12070-a0	2026-09-10
P0_RECOVER_PRODUCT	COMMERCE_LEAK_ROBOTS_LOGIN	Robots.txt tarafından engellendi	login_blocked_but_hides_product	308_login_next_to_product	high	en	shop_pdp	pisirme	ino-pdg303	/en/shop/pisirme/ino-pdg303	True	True	https://equsto.com/en/login.html?next=/en/shop/pisirme/ino-pdg303	2026-09-10
P0_RECOVER_PRODUCT	COMMERCE_LEAK_ROBOTS_LOGIN	Robots.txt tarafından engellendi	login_blocked_but_hides_product	308_login_next_to_product	high	en	shop_pdp	hazirlik	208-600522	/en/shop/hazirlik/208-600522	True	True	https://equsto.com/en/login?mode=register&next=/en/shop/hazirlik/208-600522	2026-09-10
P0_RECOVER_PRODUCT	COMMERCE_LEAK_ROBOTS_LOGIN	Robots.txt tarafından engellendi	login_blocked_but_hides_product	308_login_next_to_product	high	en	shop_pdp	sogutma	710098	/en/shop/sogutma/710098	True	True	https://equsto.com/en/login.html?next=/en/shop/sogutma/710098	2026-09-10
P0_RECOVER_PRODUCT	COMMERCE_LEAK_ROBOTS_LOGIN	Robots.txt tarafından engellendi	login_blocked_but_hides_product	308_login_next_to_product	high	en	shop_pdp	hazirlik	tm24465	/en/shop/hazirlik/tm24465	True	True	https://equsto.com/en/login?mode=register&next=/en/shop/hazirlik/tm24465	2026-09-10
P0_RECOVER_PRODUCT	COMMERCE_LEAK_ROBOTS_LOGIN	Robots.txt tarafından engellendi	login_blocked_but_hides_product	308_login_next_to_product		en	shop_pdp	sogutma	9805-im100-hc		True	False	https://equsto.com/en/login?mode=register&next=/en/shop/sogutma/9805-im100-hc	2026-09-10
P0_RECOVER_PRODUCT	COMMERCE_LEAK_ROBOTS_LOGIN	Robots.txt tarafından engellendi	login_blocked_but_hides_product	308_login_next_to_product	high	en	shop_pdp	davlumbaz	eq-kdavdtf02-30090	/en/shop/davlumbaz/eq-kdavdtf02-30090	True	True	https://equsto.com/en/login.html?next=/en/shop/davlumbaz/eq-kdavdtf02-30090	2026-09-10
P0_RECOVER_PRODUCT	COMMERCE_LEAK_ROBOTS_LOGIN	Robots.txt tarafından engellendi	login_blocked_but_hides_product	308_login_next_to_product	high	en	shop_pdp	market-reyonlari	eq-falcon-sld-eq84	/en/shop/market-reyonlari/eq-falcon-sld-eq84	True	True	https://equsto.com/en/login?mode=register&next=/en/shop/market-reyonlari/eq-falcon-sld-eq84	2026-09-10
P0_RECOVER_PRODUCT	COMMERCE_LEAK_ROBOTS_LOGIN	Robots.txt tarafından engellendi	login_blocked_but_hides_product	308_login_next_to_product	high	en	shop_pdp	pisirme	aei-670	/en/shop/pisirme/aei-670	True	True	https://equsto.com/en/login?mode=register&next=/en/shop/pisirme/aei-670	2026-09-10
P0_RECOVER_PRODUCT	COMMERCE_LEAK_ROBOTS_LOGIN	Robots.txt tarafından engellendi	login_blocked_but_hides_product	308_login_next_to_product	high	en	shop_pdp	tezgah	eq-kdct02-14070	/en/shop/tezgah/eq-kdct02-14070	True	True	https://equsto.com/en/login.html?next=/en/shop/tezgah/eq-kdct02-14070	2026-09-10
P0_RECOVER_PRODUCT	COMMERCE_LEAK_ROBOTS_LOGIN	Robots.txt tarafından engellendi	login_blocked_but_hides_product	308_login_next_to_product	high	en	shop_pdp	tezgah	133116	/en/shop/tezgah/133116	True	True	https://equsto.com/en/login?mode=register&next=/en/shop/tezgah/133116	2026-09-10
P0_RECOVER_PRODUCT	COMMERCE_LEAK_ROBOTS_LOGIN	Robots.txt tarafından engellendi	login_blocked_but_hides_product	308_login_next_to_product	high	en	shop_pdp	set-ustu-mutfak	7490-00004-00	/en/shop/set-ustu-mutfak/7490-00004-00	True	True	https://equsto.com/en/login?mode=register&next=/en/shop/set-ustu-mutfak/7490-00004-00	2026-09-10
P0_RECOVER_PRODUCT	COMMERCE_LEAK_ROBOTS_LOGIN	Robots.txt tarafından engellendi	login_blocked_but_hides_product	308_login_next_to_product		en	shop_pdp	hazirlik	rc-28207		True	False	https://equsto.com/en/login?mode=register&next=/en/shop/hazirlik/rc-28207	2026-09-10
P0_RECOVER_PRODUCT	COMMERCE_LEAK_ROBOTS_LOGIN	Robots.txt tarafından engellendi	login_blocked_but_hides_product	308_login_next_to_product	high	en	shop_pdp	sogutma	bre-drb500	/en/shop/sogutma/bre-drb500	True	True	https://equsto.com/en/login.html?next=/en/shop/sogutma/bre-drb500	2026-09-10
P0_RECOVER_PRODUCT	COMMERCE_LEAK_ROBOTS_LOGIN	Robots.txt tarafından engellendi	login_blocked_but_hides_product	308_login_next_to_product	high	en	shop_pdp	tezgah	7911-12070-23	/en/shop/tezgah/7911-12070-23	True	True	https://equsto.com/en/login?mode=register&next=/en/shop/tezgah/7911-12070-23	2026-09-10
P0_RECOVER_PRODUCT	COMMERCE_LEAK_ROBOTS_LOGIN	Robots.txt tarafından engellendi	login_blocked_but_hides_product	308_login_next_to_product	high	en	shop_pdp	hazirlik	5ksm7591xeer	/en/shop/hazirlik/5ksm7591xeer	True	True	https://equsto.com/en/login?mode=register&next=/en/shop/hazirlik/5ksm7591xeer	2026-09-10
P0_RECOVER_PRODUCT	COMMERCE_LEAK_ROBOTS_LOGIN	Robots.txt tarafından engellendi	login_blocked_but_hides_product	308_login_next_to_product	high	en	shop_pdp	pisirme	7864-n1-80703-70	/en/shop/pisirme/7864-n1-80703-70	True	True	https://equsto.com/en/login?mode=register&next=/en/shop/pisirme/7864-n1-80703-70	2026-09-10
P0_RECOVER_PRODUCT	COMMERCE_LEAK_ROBOTS_LOGIN	Robots.txt tarafından engellendi	login_blocked_but_hides_product	308_login_next_to_product	high	en	shop_pdp	set-ustu-mutfak	8850-wkm25-02	/en/shop/set-ustu-mutfak/8850-wkm25-02	True	True	https://equsto.com/en/login.html?next=/en/shop/set-ustu-mutfak/8850-wkm25-02	2026-09-10
P0_RECOVER_PRODUCT	COMMERCE_LEAK_ROBOTS_LOGIN	Robots.txt tarafından engellendi	login_blocked_but_hides_product	308_login_next_to_product	high	en	shop_pdp	sogutma	118-set-e-90c	/en/shop/sogutma/118-set-e-90c	True	True	https://equsto.com/en/login.html?next=/en/shop/sogutma/118-set-e-90c	2026-09-10
P0_RECOVER_PRODUCT	COMMERCE_LEAK_ROBOTS_LOGIN	Robots.txt tarafından engellendi	login_blocked_but_hides_product	308_login_next_to_product	high	en	shop_pdp	sogutma	bre-vm900a	/en/shop/sogutma/bre-vm900a	True	True	https://equsto.com/en/login?mode=register&next=/en/shop/sogutma/bre-vm900a	2026-09-10
P0_RECOVER_PRODUCT	COMMERCE_LEAK_ROBOTS_LOGIN	Robots.txt tarafından engellendi	login_blocked_but_hides_product	308_login_next_to_product	high	en	shop_pdp	araba	g-md-100-25-s	/en/shop/araba/g-md-100-25-s	True	True	https://equsto.com/en/login?mode=register&next=/en/shop/araba/g-md-100-25-s	2026-09-10
P0_RECOVER_PRODUCT	COMMERCE_LEAK_ROBOTS_LOGIN	Robots.txt tarafından engellendi	login_blocked_but_hides_product	308_login_next_to_product	high	en	shop_pdp	pisirme	eaei-1060-nd	/en/shop/pisirme/eaei-1060-nd	True	True	https://equsto.com/en/login.html?next=/en/shop/pisirme/eaei-1060-nd	2026-09-10
P0_RECOVER_PRODUCT	COMMERCE_LEAK_ROBOTS_LOGIN	Robots.txt tarafından engellendi	login_blocked_but_hides_product	308_login_next_to_product	high	en	shop_pdp	pisirme	npicco46-1	/en/shop/pisirme/npicco46-1	True	True	https://equsto.com/en/login?mode=register&next=/en/shop/pisirme/npicco46-1	2026-09-10
P0_RECOVER_PRODUCT	COMMERCE_LEAK_ROBOTS_LOGIN	Robots.txt tarafından engellendi	login_blocked_but_hides_product	308_login_next_to_product	high	en	shop_pdp	hazirlik	9840-cl52d-00	/en/shop/hazirlik/9840-cl52d-00	True	True	https://equsto.com/en/login?mode=register&next=/en/shop/hazirlik/9840-cl52d-00	2026-09-09
P0_RECOVER_PRODUCT	COMMERCE_LEAK_ROBOTS_LOGIN	Robots.txt tarafından engellendi	login_blocked_but_hides_product	308_login_next_to_product		en	shop_pdp	market-reyonlari	eq-nergis-lb-fg-sky-eq39		True	False	https://equsto.com/en/login?mode=register&next=/en/shop/market-reyonlari/eq-nergis-lb-fg-sky-eq39	2026-09-09
P0_RECOVER_PRODUCT	COMMERCE_LEAK_ROBOTS_LOGIN	Robots.txt tarafından engellendi	login_blocked_but_hides_product	308_login_next_to_product	high	tr	shop_pdp	market-reyonlari	eq-falcon-eq39	/shop/market-reyonlari/eq-falcon-eq39	True	True	https://equsto.com/en/login?next=/shop/market-reyonlari/eq-falcon-eq39	2026-09-09
P0_RECOVER_PRODUCT	COMMERCE_LEAK_ROBOTS_LOGIN	Robots.txt tarafından engellendi	login_blocked_but_hides_product	308_login_next_to_product	high	en	shop_pdp	set-ustu-mutfak	0840-00010-11	/en/shop/set-ustu-mutfak/0840-00010-11	True	True	https://equsto.com/en/login.html?next=/en/shop/set-ustu-mutfak/0840-00010-11	2026-09-09
P0_RECOVER_PRODUCT	COMMERCE_LEAK_ROBOTS_LOGIN	Robots.txt tarafından engellendi	login_blocked_but_hides_product	308_login_next_to_product	high	en	shop_pdp	tezgah	7911-14070-04	/en/shop/tezgah/7911-14070-04	True	True	https://equsto.com/en/login?mode=register&next=/en/shop/tezgah/7911-14070-04	2026-09-09
P0_RECOVER_PRODUCT	COMMERCE_LEAK_ROBOTS_LOGIN	Robots.txt tarafından engellendi	login_blocked_but_hides_product	308_login_next_to_product		en	shop_pdp	market-reyonlari	eq-lotus-lb-eq27		True	False	https://equsto.com/en/login?mode=register&next=/en/shop/market-reyonlari/eq-lotus-lb-eq27	2026-09-09
P0_RECOVER_PRODUCT	COMMERCE_LEAK_ROBOTS_LOGIN	Robots.txt tarafından engellendi	login_blocked_but_hides_product	308_login_next_to_product		en	shop_pdp	sogutma	portabianco-tezgah-tip-kisa-iki-kapili-buzdolabi		True	False	https://equsto.com/en/login?mode=register&next=/en/shop/sogutma/portabianco-tezgah-tip-kisa-iki-kapili-buzdolabi	2026-09-09
P0_RECOVER_PRODUCT	COMMERCE_LEAK_ROBOTS_LOGIN	Robots.txt tarafından engellendi	login_blocked_but_hides_product	308_login_next_to_product	high	en	shop_pdp	set-ustu-mutfak	0311-14065-11	/en/shop/set-ustu-mutfak/0311-14065-11	True	True	https://equsto.com/en/login.html?next=/en/shop/set-ustu-mutfak/0311-14065-11	2026-09-09
P0_RECOVER_PRODUCT	COMMERCE_LEAK_ROBOTS_LOGIN	Robots.txt tarafından engellendi	login_blocked_but_hides_product	308_login_next_to_product	high	en	shop_pdp	tezgah	7754-166a5-13	/en/shop/tezgah/7754-166a5-13	True	True	https://equsto.com/en/login?mode=register&next=/en/shop/tezgah/7754-166a5-13	2026-09-09
P0_RECOVER_PRODUCT	COMMERCE_LEAK_ROBOTS_LOGIN	Robots.txt tarafından engellendi	login_blocked_but_hides_product	308_login_next_to_product	high	en	shop_pdp	pisirme	east-126	/en/shop/pisirme/east-126	True	True	https://equsto.com/en/login?mode=register&next=/en/shop/pisirme/east-126	2026-09-09
P0_RECOVER_PRODUCT	COMMERCE_LEAK_ROBOTS_LOGIN	Robots.txt tarafından engellendi	login_blocked_but_hides_product	308_login_next_to_product	high	en	shop_pdp	tezgah	ino-krn170	/en/shop/tezgah/ino-krn170	True	True	https://equsto.com/en/login.html?next=/en/shop/tezgah/ino-krn170	2026-09-09
P0_RECOVER_PRODUCT	COMMERCE_LEAK_ROBOTS_LOGIN	Robots.txt tarafından engellendi	login_blocked_but_hides_product	308_login_next_to_product	high	en	shop_pdp	sogutma	asbhdg-2n70e	/en/shop/sogutma/asbhdg-2n70e	True	True	https://equsto.com/en/login?mode=register&next=/en/shop/sogutma/asbhdg-2n70e	2026-09-09
P0_RECOVER_PRODUCT	COMMERCE_LEAK_ROBOTS_LOGIN	Robots.txt tarafından engellendi	login_blocked_but_hides_product	308_login_next_to_product	high	en	shop_pdp	hazirlik	2810-00020-50	/en/shop/hazirlik/2810-00020-50	True	True	https://equsto.com/en/login?mode=register&next=/en/shop/hazirlik/2810-00020-50	2026-09-09
P0_RECOVER_PRODUCT	COMMERCE_LEAK_ROBOTS_LOGIN	Robots.txt tarafından engellendi	login_blocked_but_hides_product	308_login_next_to_product	high	en	shop_pdp	pisirme	eaei-1060-nd	/en/shop/pisirme/eaei-1060-nd	True	True	https://equsto.com/en/login?mode=register&next=/en/shop/pisirme/eaei-1060-nd	2026-09-09
P0_RECOVER_PRODUCT	COMMERCE_LEAK_ROBOTS_LOGIN	Robots.txt tarafından engellendi	login_blocked_but_hides_product	308_login_next_to_product	high	en	shop_pdp	sogutma	sbtp-2n70e	/en/shop/sogutma/sbtp-2n70e	True	True	https://equsto.com/en/login.html?next=/en/shop/sogutma/sbtp-2n70e	2026-09-09
P0_RECOVER_PRODUCT	COMMERCE_LEAK_ROBOTS_LOGIN	Robots.txt tarafından engellendi	login_blocked_but_hides_product	308_login_next_to_product	high	en	shop_pdp	pisirme	pts09-dijital	/en/shop/pisirme/pts09-dijital	True	True	https://equsto.com/en/login?mode=register&next=/en/shop/pisirme/pts09-dijital	2026-09-09
P0_RECOVER_PRODUCT	COMMERCE_LEAK_ROBOTS_LOGIN	Robots.txt tarafından engellendi	login_blocked_but_hides_product	308_login_next_to_product	high	en	shop_pdp	pisirme	npicco915	/en/shop/pisirme/npicco915	True	True	https://equsto.com/en/login?mode=register&next=/en/shop/pisirme/npicco915	2026-09-09
P0_RECOVER_PRODUCT	COMMERCE_LEAK_ROBOTS_LOGIN	Robots.txt tarafından engellendi	login_blocked_but_hides_product	308_login_next_to_product	high	en	shop_pdp	tezgah	eq-khct04-09070	/en/shop/tezgah/eq-khct04-09070	True	True	https://equsto.com/en/login?mode=register&next=/en/shop/tezgah/eq-khct04-09070	2026-09-09
P0_RECOVER_PRODUCT	COMMERCE_LEAK_ROBOTS_LOGIN	Robots.txt tarafından engellendi	login_blocked_but_hides_product	308_login_next_to_product	high	en	shop_pdp	pisirme	7961-20629-7y2	/en/shop/yikama/7961-20629-7y2	True	True	https://equsto.com/en/login.html?next=/en/shop/pisirme/7961-20629-7y2	2026-09-09
P0_RECOVER_PRODUCT	COMMERCE_LEAK_ROBOTS_LOGIN	Robots.txt tarafından engellendi	login_blocked_but_hides_product	308_login_next_to_product	high	en	shop_pdp	sogutma	bre-cb840ahc	/en/shop/sogutma/bre-cb840ahc	True	True	https://equsto.com/en/login?mode=register&next=/en/shop/sogutma/bre-cb840ahc	2026-09-09
P0_RECOVER_PRODUCT	COMMERCE_LEAK_ROBOTS_LOGIN	Robots.txt tarafından engellendi	login_blocked_but_hides_product	308_login_next_to_product	high	en	shop_pdp	sogutma	710020	/en/shop/sogutma/710020	True	False	https://equsto.com/en/login?mode=register&next=/en/shop/sogutma/710020	2026-09-09
P0_RECOVER_PRODUCT	COMMERCE_LEAK_ROBOTS_LOGIN	Robots.txt tarafından engellendi	login_blocked_but_hides_product	308_login_next_to_product	high	en	shop_pdp	sogutma	bre-tb852ahc	/en/shop/sogutma/bre-tb852ahc	True	True	https://equsto.com/en/login?mode=register&next=/en/shop/sogutma/bre-tb852ahc	2026-09-09
P0_RECOVER_PRODUCT	COMMERCE_LEAK_ROBOTS_LOGIN	Robots.txt tarafından engellendi	login_blocked_but_hides_product	308_login_next_to_product	high	en	shop_pdp	set-ustu-mutfak	8845-0crg8-00	/en/shop/set-ustu-mutfak/8845-0crg8-00	True	True	https://equsto.com/en/login.html?next=/en/shop/set-ustu-mutfak/8845-0crg8-00	2026-09-09
P0_RECOVER_PRODUCT	COMMERCE_LEAK_ROBOTS_LOGIN	Robots.txt tarafından engellendi	login_blocked_but_hides_product	308_login_next_to_product	high	en	shop_pdp	tezgah	eq-kct06-16070	/en/shop/tezgah/eq-kct06-16070	True	True	https://equsto.com/en/login?mode=register&next=/en/shop/tezgah/eq-kct06-16070	2026-09-09
P0_RECOVER_PRODUCT	COMMERCE_LEAK_ROBOTS_LOGIN	Robots.txt tarafından engellendi	login_blocked_but_hides_product	308_login_next_to_product	high	en	shop_pdp	sogutma	727313	/en/shop/sogutma/727313	True	True	https://equsto.com/en/login.html?next=/en/shop/sogutma/727313	2026-09-09
P0_RECOVER_PRODUCT	COMMERCE_LEAK_ROBOTS_LOGIN	Robots.txt tarafından engellendi	login_blocked_but_hides_product	308_login_next_to_product	high	en	shop_pdp	market-reyonlari	eq-lion-sld-eq61	/en/shop/market-reyonlari/eq-lion-sld-eq61	True	True	https://equsto.com/en/login?mode=register&next=/en/shop/market-reyonlari/eq-lion-sld-eq61	2026-09-09
P0_RECOVER_PRODUCT	COMMERCE_LEAK_ROBOTS_LOGIN	Robots.txt tarafından engellendi	login_blocked_but_hides_product	308_login_next_to_product		en	shop_pdp	market-reyonlari	eq-fulya-nv-lm-eq18		True	False	https://equsto.com/en/login?mode=register&next=/en/shop/market-reyonlari/eq-fulya-nv-lm-eq18	2026-09-09
P0_RECOVER_PRODUCT	COMMERCE_LEAK_ROBOTS_LOGIN	Robots.txt tarafından engellendi	login_blocked_but_hides_product	308_login_next_to_product	high	en	shop_pdp	tezgah	eq-kmertt05-14070	/en/shop/tezgah/eq-kmertt05-14070	True	True	https://equsto.com/en/login?mode=register&next=/en/shop/tezgah/eq-kmertt05-14070	2026-09-09
P0_RECOVER_PRODUCT	COMMERCE_LEAK_ROBOTS_LOGIN	Robots.txt tarafından engellendi	login_blocked_but_hides_product	308_login_next_to_product	high	en	shop_pdp	sogutma	118-mt-213	/en/shop/sogutma/118-mt-213	True	True	https://equsto.com/en/login?mode=register&next=/en/shop/sogutma/118-mt-213	2026-09-09
P0_RECOVER_PRODUCT	COMMERCE_LEAK_ROBOTS_LOGIN	Robots.txt tarafından engellendi	login_blocked_but_hides_product	308_login_next_to_product	high	en	shop_pdp	pisirme	ino-zmd-9ig10	/en/shop/pisirme/ino-zmd-9ig10	True	True	https://equsto.com/en/login?mode=register&next=/en/shop/pisirme/ino-zmd-9ig10	2026-09-09
P0_RECOVER_PRODUCT	COMMERCE_LEAK_ROBOTS_LOGIN	Robots.txt tarafından engellendi	login_blocked_but_hides_product	308_login_next_to_product	high	en	shop_pdp	hazirlik	2810-00040-06	/en/shop/hazirlik/2810-00040-06	True	True	https://equsto.com/en/login.html?next=/en/shop/hazirlik/2810-00040-06	2026-09-09
P0_RECOVER_PRODUCT	COMMERCE_LEAK_ROBOTS_LOGIN	Robots.txt tarafından engellendi	login_blocked_but_hides_product	308_login_next_to_product	high	en	shop_pdp	tezgah	7911-14070-14	/en/shop/tezgah/7911-14070-14	True	True	https://equsto.com/en/login?mode=register&next=/en/shop/tezgah/7911-14070-14	2026-09-09
P0_RECOVER_PRODUCT	COMMERCE_LEAK_ROBOTS_LOGIN	Robots.txt tarafından engellendi	login_blocked_but_hides_product	308_login_next_to_product	high	en	shop_pdp	pisirme	npicco910	/en/shop/pisirme/npicco910	True	True	https://equsto.com/en/login.html?next=/en/shop/pisirme/npicco910	2026-09-09
P0_RECOVER_PRODUCT	COMMERCE_LEAK_ROBOTS_LOGIN	Robots.txt tarafından engellendi	login_blocked_but_hides_product	308_login_next_to_product	high	en	shop_pdp	sogutma	9805-im45n-ehc	/en/shop/sogutma/9805-im45n-ehc	True	True	https://equsto.com/en/login?mode=register&next=/en/shop/sogutma/9805-im45n-ehc	2026-09-09
P0_RECOVER_PRODUCT	COMMERCE_LEAK_ROBOTS_LOGIN	Robots.txt tarafından engellendi	login_blocked_but_hides_product	308_login_next_to_product	high	en	shop_pdp	pisirme	7858-n1-40603-11	/en/shop/pisirme/7858-n1-40603-11	True	True	https://equsto.com/en/login?mode=register&next=/en/shop/pisirme/7858-n1-40603-11	2026-09-09
P0_RECOVER_PRODUCT	COMMERCE_LEAK_ROBOTS_LOGIN	Robots.txt tarafından engellendi	login_blocked_but_hides_product	308_login_next_to_product	high	en	shop_pdp	pisirme	asm-6g	/en/shop/pisirme/asm-6g	True	True	https://equsto.com/en/login?mode=register&next=/en/shop/pisirme/asm-6g	2026-09-09
P0_RECOVER_PRODUCT	COMMERCE_LEAK_ROBOTS_LOGIN	Robots.txt tarafından engellendi	login_blocked_but_hides_product	308_login_next_to_product	high	en	shop_pdp	set-ustu-mutfak	vbl-813	/en/shop/set-ustu-mutfak/vbl-813	True	True	https://equsto.com/en/login?mode=register&next=/en/shop/set-ustu-mutfak/vbl-813	2026-09-09
P0_RECOVER_PRODUCT	COMMERCE_LEAK_ROBOTS_LOGIN	Robots.txt tarafından engellendi	login_blocked_but_hides_product	308_login_next_to_product	high	en	shop_pdp	pisirme	npicco913	/en/shop/pisirme/npicco913	True	True	https://equsto.com/en/login?mode=register&next=/en/shop/pisirme/npicco913	2026-09-09
P0_RECOVER_PRODUCT	COMMERCE_LEAK_ROBOTS_LOGIN	Robots.txt tarafından engellendi	login_blocked_but_hides_product	308_login_next_to_product	high	en	shop_pdp	tezgah	7911-19070-23p	/en/shop/tezgah/7911-19070-23p	True	True	https://equsto.com/en/login?mode=register&next=/en/shop/tezgah/7911-19070-23p	2026-09-09
P0_RECOVER_PRODUCT	COMMERCE_LEAK_ROBOTS_LOGIN	Robots.txt tarafından engellendi	login_blocked_but_hides_product	308_login_next_to_product	high	en	shop_pdp	set-ustu-mutfak	0211-40508-12	/en/shop/set-ustu-mutfak/0211-40508-12	True	True	https://equsto.com/en/login?mode=register&next=/en/shop/set-ustu-mutfak/0211-40508-12	2026-09-09
P0_RECOVER_PRODUCT	COMMERCE_LEAK_ROBOTS_LOGIN	Robots.txt tarafından engellendi	login_blocked_but_hides_product	308_login_next_to_product	high	en	shop_pdp	sogutma	118-ckm-180t	/en/shop/sogutma/118-ckm-180t	True	True	https://equsto.com/en/login.html?next=/en/shop/sogutma/118-ckm-180t	2026-09-09
P0_RECOVER_PRODUCT	COMMERCE_LEAK_ROBOTS_LOGIN	Robots.txt tarafından engellendi	login_blocked_but_hides_product	308_login_next_to_product	high	en	shop_pdp	sogutma	bre-c300a	/en/shop/sogutma/bre-c300a	True	True	https://equsto.com/en/login.html?next=/en/shop/sogutma/bre-c300a	2026-09-09
P0_RECOVER_PRODUCT	COMMERCE_LEAK_ROBOTS_LOGIN	Robots.txt tarafından engellendi	login_blocked_but_hides_product	308_login_next_to_product	high	en	shop_pdp	pisirme	7960-20629-1o2	/en/shop/yikama/7960-20629-1o2	True	True	https://equsto.com/en/login?mode=register&next=/en/shop/pisirme/7960-20629-1o2	2026-09-09
P0_RECOVER_PRODUCT	COMMERCE_LEAK_ROBOTS_LOGIN	Robots.txt tarafından engellendi	login_blocked_but_hides_product	308_login_next_to_product	high	en	shop_pdp	sogutma	9805-im45n-ehc	/en/shop/sogutma/9805-im45n-ehc	True	True	https://equsto.com/en/login.html?next=/en/shop/sogutma/9805-im45n-ehc	2026-09-09
P0_RECOVER_PRODUCT	COMMERCE_LEAK_ROBOTS_LOGIN	Robots.txt tarafından engellendi	login_blocked_but_hides_product	308_login_next_to_product	high	en	shop_pdp	icecek	vljh-20	/en/shop/icecek/vljh-20	True	True	https://equsto.com/en/login?next=/en/shop/icecek/vljh-20	2026-09-09
P0_RECOVER_PRODUCT	COMMERCE_LEAK_ROBOTS_LOGIN	Robots.txt tarafından engellendi	login_blocked_but_hides_product	308_login_next_to_product	high	en	shop_pdp	tasima	avatherm-prestige-tepsi	/en/shop/tasima/avatherm-prestige-tepsi	True	True	https://equsto.com/en/login?mode=register&next=/en/shop/tasima/avatherm-prestige-tepsi	2026-09-09
P0_RECOVER_PRODUCT	COMMERCE_LEAK_ROBOTS_LOGIN	Robots.txt tarafından engellendi	login_blocked_but_hides_product	308_login_next_to_product	high	en	shop_pdp	pisirme	npicco79-1	/en/shop/pisirme/npicco79-1	True	True	https://equsto.com/en/login?mode=register&next=/en/shop/pisirme/npicco79-1	2026-09-09
P0_RECOVER_PRODUCT	COMMERCE_LEAK_ROBOTS_LOGIN	Robots.txt tarafından engellendi	login_blocked_but_hides_product	308_login_next_to_product	high	en	shop_pdp	market-reyonlari	eq-lion-sld-eq6	/en/shop/market-reyonlari/eq-lion-sld-eq6	True	True	https://equsto.com/en/login.html?next=/en/shop/market-reyonlari/eq-lion-sld-eq6	2026-09-09
P0_RECOVER_PRODUCT	COMMERCE_LEAK_ROBOTS_LOGIN	Robots.txt tarafından engellendi	login_blocked_but_hides_product	308_login_next_to_product	high	en	shop_pdp	tezgah	7911-16070-24	/en/shop/tezgah/7911-16070-24	True	True	https://equsto.com/en/login.html?next=/en/shop/tezgah/7911-16070-24	2026-09-09
P0_RECOVER_PRODUCT	COMMERCE_LEAK_ROBOTS_LOGIN	Robots.txt tarafından engellendi	login_blocked_but_hides_product	308_login_next_to_product	high	en	shop_pdp	pisirme	391267	/en/shop/pisirme/391267	True	True	https://equsto.com/en/login?mode=register&next=/en/shop/pisirme/391267	2026-09-09
P0_RECOVER_PRODUCT	COMMERCE_LEAK_ROBOTS_LOGIN	Robots.txt tarafından engellendi	login_blocked_but_hides_product	308_login_next_to_product	high	en	shop_pdp	tezgah	7754-166e5-21	/en/shop/tezgah/7754-166e5-21	True	True	https://equsto.com/en/login?mode=register&next=/en/shop/tezgah/7754-166e5-21	2026-09-09
P0_RECOVER_PRODUCT	COMMERCE_LEAK_ROBOTS_LOGIN	Robots.txt tarafından engellendi	login_blocked_but_hides_product	308_login_next_to_product	high	en	shop_pdp	market-reyonlari	eq-falcon-sld-eq17	/en/shop/market-reyonlari/eq-falcon-sld-eq17	True	True	https://equsto.com/en/login?next=/en/shop/market-reyonlari/eq-falcon-sld-eq17	2026-09-09
P0_RECOVER_PRODUCT	COMMERCE_LEAK_ROBOTS_LOGIN	Robots.txt tarafından engellendi	login_blocked_but_hides_product	308_login_next_to_product	high	en	shop_pdp	pisirme	7961-16229-1o3	/en/shop/yikama/7961-16229-1o3	True	True	https://equsto.com/en/login.html?next=/en/shop/pisirme/7961-16229-1o3	2026-09-09
P0_RECOVER_PRODUCT	COMMERCE_LEAK_ROBOTS_LOGIN	Robots.txt tarafından engellendi	login_blocked_but_hides_product	308_login_next_to_product	high	en	shop_pdp	sogutma	118-bbcs-250	/en/shop/sogutma/118-bbcs-250	True	True	https://equsto.com/en/login?mode=register&next=/en/shop/sogutma/118-bbcs-250	2026-09-09
P0_RECOVER_PRODUCT	COMMERCE_LEAK_ROBOTS_LOGIN	Robots.txt tarafından engellendi	login_blocked_but_hides_product	308_login_next_to_product	high	en	shop_pdp	set-ustu-mutfak	8310-0pp12-100	/en/shop/set-ustu-mutfak/8310-0pp12-100	True	True	https://equsto.com/en/login.html?next=/en/shop/set-ustu-mutfak/8310-0pp12-100	2026-09-09
P0_RECOVER_PRODUCT	COMMERCE_LEAK_ROBOTS_LOGIN	Robots.txt tarafından engellendi	login_blocked_but_hides_product	308_login_next_to_product	high	en	shop_pdp	hazirlik	208-650164-c10wx	/en/shop/hazirlik/208-650164-c10wx	True	True	https://equsto.com/en/login.html?next=/en/shop/hazirlik/208-650164-c10wx	2026-09-09
P0_RECOVER_PRODUCT	COMMERCE_LEAK_ROBOTS_LOGIN	Robots.txt tarafından engellendi	login_blocked_but_hides_product	308_login_next_to_product	high	en	shop_pdp	pisirme	7960-07429-7y4	/en/shop/yikama/7960-07429-7y4	True	True	https://equsto.com/en/login?mode=register&next=/en/shop/pisirme/7960-07429-7y4	2026-09-09
P0_RECOVER_PRODUCT	COMMERCE_LEAK_ROBOTS_LOGIN	Robots.txt tarafından engellendi	login_blocked_but_hides_product	308_login_next_to_product	high	tr	shop_pdp	market-reyonlari	eq-quokka-eq6	/shop/market-reyonlari/eq-quokka-eq6	True	True	https://equsto.com/en/login?mode=register&next=/shop/market-reyonlari/eq-quokka-eq6	2026-09-09
P0_RECOVER_PRODUCT	COMMERCE_LEAK_ROBOTS_LOGIN	Robots.txt tarafından engellendi	login_blocked_but_hides_product	308_login_next_to_product	high	en	shop_pdp	pisirme	eaei-660	/en/shop/pisirme/eaei-660	True	True	https://equsto.com/en/login?mode=register&next=/en/shop/pisirme/eaei-660	2026-09-09
P0_RECOVER_PRODUCT	COMMERCE_LEAK_ROBOTS_LOGIN	Robots.txt tarafından engellendi	login_blocked_but_hides_product	308_login_next_to_product	high	en	shop_pdp	pisirme	ino-zco-7tn10	/en/shop/pisirme/ino-zco-7tn10	True	True	https://equsto.com/en/login?mode=register&next=/en/shop/pisirme/ino-zco-7tn10	2026-09-09
P0_RECOVER_PRODUCT	COMMERCE_LEAK_ROBOTS_LOGIN	Robots.txt tarafından engellendi	login_blocked_but_hides_product	308_login_next_to_product	high	en	shop_pdp	tezgah	7911-16060-28	/en/shop/tezgah/7911-16060-28	True	True	https://equsto.com/en/login?mode=register&next=/en/shop/tezgah/7911-16060-28	2026-09-09
P0_RECOVER_PRODUCT	COMMERCE_LEAK_ROBOTS_LOGIN	Robots.txt tarafından engellendi	login_blocked_but_hides_product	308_login_next_to_product	high	en	shop_pdp	set-ustu-mutfak	0314-14100-01	/en/shop/set-ustu-mutfak/0314-14100-01	True	True	https://equsto.com/en/login.html?next=/en/shop/set-ustu-mutfak/0314-14100-01	2026-09-09
P0_RECOVER_PRODUCT	COMMERCE_LEAK_ROBOTS_LOGIN	Robots.txt tarafından engellendi	login_blocked_but_hides_product	308_login_next_to_product	high	en	shop_pdp	dolap	7911-19070-81	/en/shop/tezgah/7911-19070-81	True	True	https://equsto.com/en/login?mode=register&next=/en/shop/dolap/7911-19070-81	2026-09-09
P0_RECOVER_PRODUCT	COMMERCE_LEAK_ROBOTS_LOGIN	Robots.txt tarafından engellendi	login_blocked_but_hides_product	308_login_next_to_product	high	en	shop_pdp	hazirlik	208-600141	/en/shop/hazirlik/208-600141	True	True	https://equsto.com/en/login.html?next=/en/shop/hazirlik/208-600141	2026-09-09
P0_RECOVER_PRODUCT	COMMERCE_LEAK_ROBOTS_LOGIN	Robots.txt tarafından engellendi	login_blocked_but_hides_product	308_login_next_to_product		en	shop_pdp	market-reyonlari	eq-fulya-hf-pn-eq2		True	False	https://equsto.com/en/login?mode=register&next=/en/shop/market-reyonlari/eq-fulya-hf-pn-eq2	2026-09-09
P0_RECOVER_PRODUCT	COMMERCE_LEAK_ROBOTS_LOGIN	Robots.txt tarafından engellendi	login_blocked_but_hides_product	308_login_next_to_product	high	en	shop_pdp	tezgah	7754-186e8-35	/en/shop/tezgah/7754-186e8-35	True	True	https://equsto.com/en/login.html?next=/en/shop/tezgah/7754-186e8-35	2026-09-09
P0_RECOVER_PRODUCT	COMMERCE_LEAK_ROBOTS_LOGIN	Robots.txt tarafından engellendi	login_blocked_but_hides_product	308_login_next_to_product	high	en	shop_pdp	market-reyonlari	eq-lion-eq30	/en/shop/market-reyonlari/eq-lion-eq30	True	True	https://equsto.com/en/login?mode=register&next=/en/shop/market-reyonlari/eq-lion-eq30	2026-09-09
P0_RECOVER_PRODUCT	COMMERCE_LEAK_ROBOTS_LOGIN	Robots.txt tarafından engellendi	login_blocked_but_hides_product	308_login_next_to_product	high	en	shop_pdp	tezgah	7758-147d8-27	/en/shop/tezgah/7758-147d8-27	True	True	https://equsto.com/en/login.html?next=/en/shop/tezgah/7758-147d8-27	2026-09-09
P0_RECOVER_PRODUCT	COMMERCE_LEAK_ROBOTS_LOGIN	Robots.txt tarafından engellendi	login_blocked_but_hides_product	308_login_next_to_product	high	en	shop_pdp	pisirme	7961-09429-7y4	/en/shop/yikama/7961-09429-7y4	True	True	https://equsto.com/en/login.html?next=/en/shop/pisirme/7961-09429-7y4	2026-09-09
P0_RECOVER_PRODUCT	COMMERCE_LEAK_ROBOTS_LOGIN	Robots.txt tarafından engellendi	login_blocked_but_hides_product	308_login_next_to_product	high	en	shop_pdp	tezgah	7758-197c8-23	/en/shop/tezgah/7758-197c8-23	True	True	https://equsto.com/en/login?mode=register&next=/en/shop/tezgah/7758-197c8-23	2026-09-09
P0_RECOVER_PRODUCT	COMMERCE_LEAK_ROBOTS_LOGIN	Robots.txt tarafından engellendi	login_blocked_but_hides_product	308_login_next_to_product	high	en	shop_pdp	sogutma	tt-4d70-e	/en/shop/sogutma/tt-4d70-e	True	True	https://equsto.com/en/login.html?next=/en/shop/sogutma/tt-4d70-e	2026-09-09
P0_RECOVER_PRODUCT	COMMERCE_LEAK_ROBOTS_LOGIN	Robots.txt tarafından engellendi	login_blocked_but_hides_product	308_login_next_to_product	high	en	shop_pdp	pisirme	371237	/en/shop/pisirme/371237	True	True	https://equsto.com/en/login?mode=register&next=/en/shop/pisirme/371237	2026-09-09
P0_RECOVER_PRODUCT	COMMERCE_LEAK_ROBOTS_LOGIN	Robots.txt tarafından engellendi	login_blocked_but_hides_product	308_login_next_to_product	high	en	shop_pdp	sogutma	118-set-e-75s	/en/shop/sogutma/118-set-e-75s	True	True	https://equsto.com/en/login.html?next=/en/shop/sogutma/118-set-e-75s	2026-09-09
P0_RECOVER_PRODUCT	COMMERCE_LEAK_ROBOTS_LOGIN	Robots.txt tarafından engellendi	login_blocked_but_hides_product	308_login_next_to_product		en	shop_pdp	market-reyonlari	eq-fulya-hf-tp-eq7		True	False	https://equsto.com/en/login?mode=register&next=/en/shop/market-reyonlari/eq-fulya-hf-tp-eq7	2026-09-09
P0_RECOVER_PRODUCT	COMMERCE_LEAK_ROBOTS_LOGIN	Robots.txt tarafından engellendi	login_blocked_but_hides_product	308_login_next_to_product	high	en	shop_pdp	pisirme	spr110-2	/en/shop/pisirme/spr110-2	True	True	https://equsto.com/en/login?mode=register&next=/en/shop/pisirme/spr110-2	2026-09-09
P0_RECOVER_PRODUCT	COMMERCE_LEAK_ROBOTS_LOGIN	Robots.txt tarafından engellendi	login_blocked_but_hides_product	308_login_next_to_product		en	shop_pdp	market-reyonlari	eq-lotus-eq4		True	False	https://equsto.com/en/login?mode=register&next=/en/shop/market-reyonlari/eq-lotus-eq4	2026-09-09
P0_RECOVER_PRODUCT	COMMERCE_LEAK_ROBOTS_LOGIN	Robots.txt tarafından engellendi	login_blocked_but_hides_product	308_login_next_to_product	high	en	shop_pdp	set-ustu-mutfak	8894-05500-00	/en/shop/set-ustu-mutfak/8894-05500-00	True	True	https://equsto.com/en/login?mode=register&next=/en/shop/set-ustu-mutfak/8894-05500-00	2026-09-09
P0_RECOVER_PRODUCT	COMMERCE_LEAK_ROBOTS_LOGIN	Robots.txt tarafından engellendi	login_blocked_but_hides_product	308_login_next_to_product		en	shop_pdp	market-reyonlari	eq-lale-eq34		True	False	https://equsto.com/en/login.html?next=/en/shop/market-reyonlari/eq-lale-eq34	2026-09-09
P0_RECOVER_PRODUCT	COMMERCE_LEAK_ROBOTS_LOGIN	Robots.txt tarafından engellendi	login_blocked_but_hides_product	308_login_next_to_product	high	en	shop_pdp	tezgah	7911-14070-14	/en/shop/tezgah/7911-14070-14	True	True	https://equsto.com/en/login.html?next=/en/shop/tezgah/7911-14070-14	2026-09-09
P0_RECOVER_PRODUCT	COMMERCE_LEAK_ROBOTS_LOGIN	Robots.txt tarafından engellendi	login_blocked_but_hides_product	308_login_next_to_product	high	en	shop_pdp	hazirlik	208-603464	/en/shop/hazirlik/208-603464	True	True	https://equsto.com/en/login?next=/en/shop/hazirlik/208-603464	2026-09-09
P0_RECOVER_PRODUCT	COMMERCE_LEAK_ROBOTS_LOGIN	Robots.txt tarafından engellendi	login_blocked_but_hides_product	308_login_next_to_product	high	en	shop_pdp	tezgah	ino-krn190	/en/shop/tezgah/ino-krn190	True	True	https://equsto.com/en/login.html?next=/en/shop/tezgah/ino-krn190	2026-09-09
P0_RECOVER_PRODUCT	COMMERCE_LEAK_ROBOTS_LOGIN	Robots.txt tarafından engellendi	login_blocked_but_hides_product	308_login_next_to_product	high	en	shop_pdp	dolap	7911-19070-48	/en/shop/tezgah/7911-19070-48	True	True	https://equsto.com/en/login.html?next=/en/shop/dolap/7911-19070-48	2026-09-09
P0_RECOVER_PRODUCT	COMMERCE_LEAK_ROBOTS_LOGIN	Robots.txt tarafından engellendi	login_blocked_but_hides_product	308_login_next_to_product	high	en	shop_pdp	market-reyonlari	eq-lion-retrobanco-eq3	/en/shop/market-reyonlari/eq-lion-retrobanco-eq3	True	False	https://equsto.com/en/login?mode=register&next=/en/shop/market-reyonlari/eq-lion-retrobanco-eq3	2026-09-09
P0_RECOVER_PRODUCT	COMMERCE_LEAK_ROBOTS_LOGIN	Robots.txt tarafından engellendi	login_blocked_but_hides_product	308_login_next_to_product	high	en	shop_pdp	pisirme	7961-04929-5o1	/en/shop/yikama/7961-04929-5o1	True	True	https://equsto.com/en/login.html?next=/en/shop/pisirme/7961-04929-5o1	2026-09-09
P0_RECOVER_PRODUCT	COMMERCE_LEAK_ROBOTS_LOGIN	Robots.txt tarafından engellendi	login_blocked_but_hides_product	308_login_next_to_product	high	en	shop_pdp	tezgah	eq-kptt01-16070	/en/shop/tezgah/eq-kptt01-16070	True	True	https://equsto.com/en/login.html?next=/en/shop/tezgah/eq-kptt01-16070	2026-09-09
P0_RECOVER_PRODUCT	COMMERCE_LEAK_ROBOTS_LOGIN	Robots.txt tarafından engellendi	login_blocked_but_hides_product	308_login_next_to_product	high	en	shop_pdp	tezgah	7911-12060-09	/en/shop/tezgah/7911-12060-09	True	True	https://equsto.com/en/login.html?next=/en/shop/tezgah/7911-12060-09	2026-09-09
P0_RECOVER_PRODUCT	COMMERCE_LEAK_ROBOTS_LOGIN	Robots.txt tarafından engellendi	login_blocked_but_hides_product	308_login_next_to_product	high	en	shop_pdp	set-ustu-mutfak	vbl-813e	/en/shop/set-ustu-mutfak/vbl-813e	True	True	https://equsto.com/en/login?mode=register&next=/en/shop/set-ustu-mutfak/vbl-813e	2026-09-09
P0_RECOVER_PRODUCT	COMMERCE_LEAK_ROBOTS_LOGIN	Robots.txt tarafından engellendi	login_blocked_but_hides_product	308_login_next_to_product	high	en	shop_pdp	tezgah	eq-khct02-16070	/en/shop/tezgah/eq-khct02-16070	True	True	https://equsto.com/en/login?mode=register&next=/en/shop/tezgah/eq-khct02-16070	2026-09-09
P0_RECOVER_PRODUCT	COMMERCE_LEAK_ROBOTS_LOGIN	Robots.txt tarafından engellendi	login_blocked_but_hides_product	308_login_next_to_product	high	en	shop_pdp	sogutma	bre-cb640ahc	/en/shop/sogutma/bre-cb640ahc	True	True	https://equsto.com/en/login?mode=register&next=/en/shop/sogutma/bre-cb640ahc	2026-09-09
P0_RECOVER_PRODUCT	COMMERCE_LEAK_ROBOTS_LOGIN	Robots.txt tarafından engellendi	login_blocked_but_hides_product	308_login_next_to_product		en	shop_pdp	marka	unox		True	False	https://equsto.com/en/login?mode=register&next=/en/shop/marka/unox	2026-09-09
P0_RECOVER_PRODUCT	COMMERCE_LEAK_ROBOTS_LOGIN	Robots.txt tarafından engellendi	login_blocked_but_hides_product	308_login_next_to_product	high	en	shop_pdp	tezgah	7911-16060-35	/en/shop/tezgah/7911-16060-35	True	True	https://equsto.com/en/login.html?next=/en/shop/tezgah/7911-16060-35	2026-09-09
P0_RECOVER_PRODUCT	COMMERCE_LEAK_ROBOTS_LOGIN	Robots.txt tarafından engellendi	login_blocked_but_hides_product	308_login_next_to_product	high	en	shop_pdp	pisirme	9890-icpro10-1e	/en/shop/pisirme/9890-icpro10-1e	True	True	https://equsto.com/en/login.html?next=/en/shop/pisirme/9890-icpro10-1e	2026-09-09
P0_RECOVER_PRODUCT	COMMERCE_LEAK_ROBOTS_LOGIN	Robots.txt tarafından engellendi	login_blocked_but_hides_product	308_login_next_to_product	high	en	shop_pdp	set-ustu-mutfak	0213-11010-01	/en/shop/set-ustu-mutfak/0213-11010-01	True	True	https://equsto.com/en/login?mode=register&next=/en/shop/set-ustu-mutfak/0213-11010-01	2026-09-09
P0_RECOVER_PRODUCT	COMMERCE_LEAK_ROBOTS_LOGIN	Robots.txt tarafından engellendi	login_blocked_but_hides_product	308_login_next_to_product	high	en	shop_pdp	pisirme	pi6-m17kb	/en/shop/pisirme/pi6-m17kb	True	True	https://equsto.com/en/login.html?next=/en/shop/pisirme/pi6-m17kb	2026-09-09
P0_RECOVER_PRODUCT	COMMERCE_LEAK_ROBOTS_LOGIN	Robots.txt tarafından engellendi	login_blocked_but_hides_product	308_login_next_to_product		tr	shop_pdp	market-reyonlari	eq-lale-eq30		True	False	https://equsto.com/en/login?next=/shop/market-reyonlari/eq-lale-eq30	2026-09-09
P0_RECOVER_PRODUCT	COMMERCE_LEAK_ROBOTS_LOGIN	Robots.txt tarafından engellendi	login_blocked_but_hides_product	308_login_next_to_product	high	en	shop_pdp	tezgah	7911-12070-20	/en/shop/tezgah/7911-12070-20	True	True	https://equsto.com/en/login.html?next=/en/shop/tezgah/7911-12070-20	2026-09-09
P0_RECOVER_PRODUCT	COMMERCE_LEAK_ROBOTS_LOGIN	Robots.txt tarafından engellendi	login_blocked_but_hides_product	308_login_next_to_product	high	en	shop_pdp	pisirme	aeo-473-2k	/en/shop/pisirme/aeo-473-2k	True	True	https://equsto.com/en/login.html?next=/en/shop/pisirme/aeo-473-2k	2026-09-09
P0_RECOVER_PRODUCT	COMMERCE_LEAK_ROBOTS_LOGIN	Robots.txt tarafından engellendi	login_blocked_but_hides_product	308_login_next_to_product	high	en	shop_pdp	market-reyonlari	eq-falcon-eq171	/en/shop/market-reyonlari/eq-falcon-eq171	True	True	https://equsto.com/en/login?mode=register&next=/en/shop/market-reyonlari/eq-falcon-eq171	2026-09-09
P0_RECOVER_PRODUCT	COMMERCE_LEAK_ROBOTS_LOGIN	Robots.txt tarafından engellendi	login_blocked_but_hides_product	308_login_next_to_product		en	shop_pdp	market-reyonlari	eq-lale-eq22		True	False	https://equsto.com/en/login?mode=register&next=/en/shop/market-reyonlari/eq-lale-eq22	2026-09-09
P0_RECOVER_PRODUCT	COMMERCE_LEAK_ROBOTS_LOGIN	Robots.txt tarafından engellendi	login_blocked_but_hides_product	308_login_next_to_product	high	en	shop_pdp	tezgah	7911-16070-48	/en/shop/tezgah/7911-16070-48	True	True	https://equsto.com/en/login.html?next=/en/shop/tezgah/7911-16070-48	2026-09-09
P0_RECOVER_PRODUCT	COMMERCE_LEAK_ROBOTS_LOGIN	Robots.txt tarafından engellendi	login_blocked_but_hides_product	308_login_next_to_product		en	shop_pdp	market-reyonlari	eq-nergis-tp-eq38		True	False	https://equsto.com/en/login.html?next=/en/shop/market-reyonlari/eq-nergis-tp-eq38	2026-09-09
P0_RECOVER_PRODUCT	COMMERCE_LEAK_ROBOTS_LOGIN	Robots.txt tarafından engellendi	login_blocked_but_hides_product	308_login_next_to_product	high	en	shop_pdp	pisirme	pts04-manuel	/en/shop/pisirme/pts04-manuel	True	True	https://equsto.com/en/login?mode=register&next=/en/shop/pisirme/pts04-manuel	2026-09-09
P0_RECOVER_PRODUCT	COMMERCE_LEAK_ROBOTS_LOGIN	Robots.txt tarafından engellendi	login_blocked_but_hides_product	308_login_next_to_product		tr	shop_pdp	market-reyonlari	eq-fulya-hf-tp-eq3		True	False	https://equsto.com/en/login?next=/shop/market-reyonlari/eq-fulya-hf-tp-eq3	2026-09-09
P0_RECOVER_PRODUCT	COMMERCE_LEAK_ROBOTS_LOGIN	Robots.txt tarafından engellendi	login_blocked_but_hides_product	308_login_next_to_product	high	en	shop_pdp	market-reyonlari	eq-lion-tgd-eq7	/en/shop/market-reyonlari/eq-lion-tgd-eq7	True	True	https://equsto.com/en/login?mode=register&next=/en/shop/market-reyonlari/eq-lion-tgd-eq7	2026-09-09
P0_RECOVER_PRODUCT	COMMERCE_LEAK_ROBOTS_LOGIN	Robots.txt tarafından engellendi	login_blocked_but_hides_product	308_login_next_to_product	high	en	shop_pdp	pisirme	ino-zmd-7fe10s-s	/en/shop/pisirme/ino-zmd-7fe10s-s	True	True	https://equsto.com/en/login?mode=register&next=/en/shop/pisirme/ino-zmd-7fe10s-s	2026-09-09
P0_RECOVER_PRODUCT	COMMERCE_LEAK_ROBOTS_LOGIN	Robots.txt tarafından engellendi	login_blocked_but_hides_product	308_login_next_to_product	high	en	shop_pdp	pisirme	eagi-460-n	/en/shop/pisirme/eagi-460-n	True	True	https://equsto.com/en/login.html?next=/en/shop/pisirme/eagi-460-n	2026-09-09
P0_RECOVER_PRODUCT	COMMERCE_LEAK_ROBOTS_LOGIN	Robots.txt tarafından engellendi	login_blocked_but_hides_product	308_login_next_to_product	high	en	shop_pdp	pisirme	ino-pdg400	/en/shop/pisirme/ino-pdg400	True	True	https://equsto.com/en/login?mode=register&next=/en/shop/pisirme/ino-pdg400	2026-09-09
P0_RECOVER_PRODUCT	COMMERCE_LEAK_ROBOTS_LOGIN	Robots.txt tarafından engellendi	login_blocked_but_hides_product	308_login_next_to_product	high	en	shop_pdp	pisirme	npicco222-1	/en/shop/pisirme/npicco222-1	True	True	https://equsto.com/en/login?mode=register&next=/en/shop/pisirme/npicco222-1	2026-09-09
P0_RECOVER_PRODUCT	COMMERCE_LEAK_ROBOTS_LOGIN	Robots.txt tarafından engellendi	login_blocked_but_hides_product	308_login_next_to_product	high	en	shop_pdp	sogutma	79e4-27lmv-02	/en/shop/sogutma/79e4-27lmv-02	True	True	https://equsto.com/en/login.html?next=/en/shop/sogutma/79e4-27lmv-02	2026-09-09
P0_RECOVER_PRODUCT	COMMERCE_LEAK_ROBOTS_LOGIN	Robots.txt tarafından engellendi	login_blocked_but_hides_product	308_login_next_to_product	high	en	shop_pdp	pisirme	spr56	/en/shop/pisirme/spr56	True	True	https://equsto.com/en/login?mode=register&next=/en/shop/pisirme/spr56	2026-09-09
P0_RECOVER_PRODUCT	COMMERCE_LEAK_ROBOTS_LOGIN	Robots.txt tarafından engellendi	login_blocked_but_hides_product	308_login_next_to_product	high	en	shop_pdp	tezgah	7712-14090-01	/en/shop/tezgah/7712-14090-01	True	True	https://equsto.com/en/login?mode=register&next=/en/shop/tezgah/7712-14090-01	2026-09-09
P0_RECOVER_PRODUCT	COMMERCE_LEAK_ROBOTS_LOGIN	Robots.txt tarafından engellendi	login_blocked_but_hides_product	308_login_next_to_product	high	en	shop_pdp	davlumbaz	7885-35125-11	/en/shop/davlumbaz/7885-35125-11	True	True	https://equsto.com/en/login.html?next=/en/shop/davlumbaz/7885-35125-11	2026-09-09
P0_RECOVER_PRODUCT	COMMERCE_LEAK_ROBOTS_LOGIN	Robots.txt tarafından engellendi	login_blocked_but_hides_product	308_login_next_to_product	high	en	shop_pdp	tezgah	7754-187cb-25	/en/shop/tezgah/7754-187cb-25	True	True	https://equsto.com/en/login.html?next=/en/shop/tezgah/7754-187cb-25	2026-09-09
P0_RECOVER_PRODUCT	COMMERCE_LEAK_ROBOTS_LOGIN	Robots.txt tarafından engellendi	login_blocked_but_hides_product	308_login_next_to_product		en	shop_pdp	market-reyonlari	eq-fulya-nv-fg-eq5		True	False	https://equsto.com/en/login.html?next=/en/shop/market-reyonlari/eq-fulya-nv-fg-eq5	2026-09-09
P0_RECOVER_PRODUCT	COMMERCE_LEAK_ROBOTS_LOGIN	Robots.txt tarafından engellendi	login_blocked_but_hides_product	308_login_next_to_product	high	en	shop_pdp	pisirme	7960-09429-5o3	/en/shop/yikama/7960-09429-5o3	True	True	https://equsto.com/en/login?mode=register&next=/en/shop/pisirme/7960-09429-5o3	2026-09-09
P0_RECOVER_PRODUCT	COMMERCE_LEAK_ROBOTS_LOGIN	Robots.txt tarafından engellendi	login_blocked_but_hides_product	308_login_next_to_product	high	en	shop_pdp	tezgah	7758-126e8-27	/en/shop/tezgah/7758-126e8-27	True	True	https://equsto.com/en/login?mode=register&next=/en/shop/tezgah/7758-126e8-27	2026-09-09
P0_RECOVER_PRODUCT	COMMERCE_LEAK_ROBOTS_LOGIN	Robots.txt tarafından engellendi	login_blocked_but_hides_product	308_login_next_to_product	high	en	shop_pdp	tezgah	7911-19070-22m	/en/shop/tezgah/7911-19070-22m	True	True	https://equsto.com/en/login?mode=register&next=/en/shop/tezgah/7911-19070-22m	2026-09-09
P0_RECOVER_PRODUCT	COMMERCE_LEAK_ROBOTS_LOGIN	Robots.txt tarafından engellendi	login_blocked_but_hides_product	308_login_next_to_product	high	en	shop_pdp	pisirme	pts06-manuel	/en/shop/pisirme/pts06-manuel	True	True	https://equsto.com/en/login?mode=register&next=/en/shop/pisirme/pts06-manuel	2026-09-09
P0_RECOVER_PRODUCT	COMMERCE_LEAK_ROBOTS_LOGIN	Robots.txt tarafından engellendi	login_blocked_but_hides_product	308_login_next_to_product	high	en	shop_pdp	tasima	av14-orta-boy-pizza-cantasi	/en/shop/tasima/av14-orta-boy-pizza-cantasi	True	True	https://equsto.com/en/login?mode=register&next=/en/shop/tasima/av14-orta-boy-pizza-cantasi	2026-09-09
P0_RECOVER_PRODUCT	COMMERCE_LEAK_ROBOTS_LOGIN	Robots.txt tarafından engellendi	login_blocked_but_hides_product	308_login_next_to_product	high	en	shop_pdp	tasima	av14-orta-boy-pizza-cantasi	/en/shop/tasima/av14-orta-boy-pizza-cantasi	True	True	https://equsto.com/en/login.html?next=/en/shop/tasima/av14-orta-boy-pizza-cantasi	2026-09-09
P0_RECOVER_PRODUCT	COMMERCE_LEAK_ROBOTS_LOGIN	Robots.txt tarafından engellendi	login_blocked_but_hides_product	308_login_next_to_product	high	en	shop_pdp	tezgah	ino-gt07	/en/shop/tezgah/ino-gt07	True	True	https://equsto.com/en/login?mode=register&next=/en/shop/tezgah/ino-gt07	2026-09-09
P0_RECOVER_PRODUCT	COMMERCE_LEAK_ROBOTS_LOGIN	Robots.txt tarafından engellendi	login_blocked_but_hides_product	308_login_next_to_product	high	en	shop_pdp	istif	53-x-152-x-183-304	/en/shop/istif/53-x-152-x-183-304	True	True	https://equsto.com/en/login.html?next=/en/shop/istif/53-x-152-x-183-304	2026-09-09
P0_RECOVER_PRODUCT	COMMERCE_LEAK_ROBOTS_LOGIN	Robots.txt tarafından engellendi	login_blocked_but_hides_product	308_login_next_to_product	high	en	shop_pdp	tezgah	ino-gt07	/en/shop/tezgah/ino-gt07	True	True	https://equsto.com/en/login.html?next=/en/shop/tezgah/ino-gt07	2026-09-09
P0_RECOVER_PRODUCT	COMMERCE_LEAK_ROBOTS_LOGIN	Robots.txt tarafından engellendi	login_blocked_but_hides_product	308_login_next_to_product		en	shop_pdp	market-reyonlari	eq-nergis-tp-eq2		True	False	https://equsto.com/en/login.html?next=/en/shop/market-reyonlari/eq-nergis-tp-eq2	2026-09-09
P0_RECOVER_PRODUCT	COMMERCE_LEAK_ROBOTS_LOGIN	Robots.txt tarafından engellendi	login_blocked_but_hides_product	308_login_next_to_product	high	en	shop_pdp	pisirme	9890-iccls62-g0	/en/shop/pisirme/9890-iccls62-g0	True	True	https://equsto.com/en/login?mode=register&next=/en/shop/pisirme/9890-iccls62-g0	2026-09-09
P0_RECOVER_PRODUCT	COMMERCE_LEAK_ROBOTS_LOGIN	Robots.txt tarafından engellendi	login_blocked_but_hides_product	308_login_next_to_product	high	en	shop_pdp	pisirme	ino-9mg20	/en/shop/pisirme/ino-9mg20	True	True	https://equsto.com/en/login.html?next=/en/shop/pisirme/ino-9mg20	2026-09-09
P0_RECOVER_PRODUCT	COMMERCE_LEAK_ROBOTS_LOGIN	Robots.txt tarafından engellendi	login_blocked_but_hides_product	308_login_next_to_product		en	shop_pdp	sogutma	portabianco-tezgah-tip-mix-dort-kapili-buzdolabi		True	False	https://equsto.com/en/login.html?next=/en/shop/sogutma/portabianco-tezgah-tip-mix-dort-kapili-buzdolabi	2026-09-09
P0_RECOVER_PRODUCT	COMMERCE_LEAK_ROBOTS_LOGIN	Robots.txt tarafından engellendi	login_blocked_but_hides_product	308_login_next_to_product	high	en	shop_pdp	tezgah	7911-16070-20	/en/shop/tezgah/7911-16070-20	True	True	https://equsto.com/en/login.html?next=/en/shop/tezgah/7911-16070-20	2026-09-09
P0_RECOVER_PRODUCT	COMMERCE_LEAK_ROBOTS_LOGIN	Robots.txt tarafından engellendi	login_blocked_but_hides_product	308_login_next_to_product		en	shop_pdp	market-reyonlari	eq-fulya-nv-fg-eq15		True	False	https://equsto.com/en/login.html?next=/en/shop/market-reyonlari/eq-fulya-nv-fg-eq15	2026-09-09
P0_RECOVER_PRODUCT	COMMERCE_LEAK_ROBOTS_LOGIN	Robots.txt tarafından engellendi	login_blocked_but_hides_product	308_login_next_to_product	high	en	shop_pdp	pisirme	spr16-1	/en/shop/pisirme/spr16-1	True	True	https://equsto.com/en/login?mode=register&next=/en/shop/pisirme/spr16-1	2026-09-09
P0_RECOVER_PRODUCT	COMMERCE_LEAK_ROBOTS_LOGIN	Robots.txt tarafından engellendi	login_blocked_but_hides_product	308_login_next_to_product	high	tr	shop_pdp	sogutma	sbhkg-3n70e	/shop/sogutma/sbhkg-3n70e	True	True	https://equsto.com/en/login?next=/shop/sogutma/sbhkg-3n70e	2026-09-09
P0_RECOVER_PRODUCT	COMMERCE_LEAK_ROBOTS_LOGIN	Robots.txt tarafından engellendi	login_blocked_but_hides_product	308_login_next_to_product		en	shop_pdp	market-reyonlari	eq-nergis-lb-fg-eq25		True	False	https://equsto.com/en/login?mode=register&next=/en/shop/market-reyonlari/eq-nergis-lb-fg-eq25	2026-09-09
P0_RECOVER_PRODUCT	COMMERCE_LEAK_ROBOTS_LOGIN	Robots.txt tarafından engellendi	login_blocked_but_hides_product	308_login_next_to_product		en	shop_pdp	market-reyonlari	eq-papatya-hf-eq3		True	False	https://equsto.com/en/login.html?next=/en/shop/market-reyonlari/eq-papatya-hf-eq3	2026-09-09
P0_RECOVER_PRODUCT	COMMERCE_LEAK_ROBOTS_LOGIN	Robots.txt tarafından engellendi	login_blocked_but_hides_product	308_login_next_to_product	high	en	shop_pdp	pisirme	7850-n1-58575-70	/en/shop/pisirme/7850-n1-58575-70	True	True	https://equsto.com/en/login.html?next=/en/shop/pisirme/7850-n1-58575-70	2026-09-09
P0_RECOVER_PRODUCT	COMMERCE_LEAK_ROBOTS_LOGIN	Robots.txt tarafından engellendi	login_blocked_but_hides_product	308_login_next_to_product	high	en	shop_pdp	tezgah	7758-107c8-15	/en/shop/tezgah/7758-107c8-15	True	True	https://equsto.com/en/login.html?next=/en/shop/tezgah/7758-107c8-15	2026-09-09
P0_RECOVER_PRODUCT	COMMERCE_LEAK_ROBOTS_LOGIN	Robots.txt tarafından engellendi	login_blocked_but_hides_product	308_login_next_to_product		en	shop_pdp	market-reyonlari	eq-nergis-tp-sky-eq6		True	False	https://equsto.com/en/login?mode=register&next=/en/shop/market-reyonlari/eq-nergis-tp-sky-eq6	2026-09-09
P0_RECOVER_PRODUCT	COMMERCE_LEAK_ROBOTS_LOGIN	Robots.txt tarafından engellendi	login_blocked_but_hides_product	308_login_next_to_product	high	en	shop_pdp	tezgah	7897-10030-30	/en/shop/tezgah/7897-10030-30	True	True	https://equsto.com/en/login?mode=register&next=/en/shop/tezgah/7897-10030-30	2026-09-09
P0_RECOVER_PRODUCT	COMMERCE_LEAK_ROBOTS_LOGIN	Robots.txt tarafından engellendi	login_blocked_but_hides_product	308_login_next_to_product	high	en	shop_pdp	pisirme	7864-n1-40703-03	/en/shop/pisirme/7864-n1-40703-03	True	True	https://equsto.com/en/login?mode=register&next=/en/shop/pisirme/7864-n1-40703-03	2026-09-09
P0_RECOVER_PRODUCT	COMMERCE_LEAK_ROBOTS_LOGIN	Robots.txt tarafından engellendi	login_blocked_but_hides_product	308_login_next_to_product	high	en	shop_pdp	istif	61-x-107-x-183-304	/en/shop/istif/61-x-107-x-183-304	True	True	https://equsto.com/en/login.html?next=/en/shop/istif/61-x-107-x-183-304	2026-09-09
P0_RECOVER_PRODUCT	COMMERCE_LEAK_ROBOTS_LOGIN	Robots.txt tarafından engellendi	login_blocked_but_hides_product	308_login_next_to_product	high	en	shop_pdp	tezgah	7758-166a5-25	/en/shop/tezgah/7758-166a5-25	True	True	https://equsto.com/en/login?mode=register&next=/en/shop/tezgah/7758-166a5-25	2026-09-09
P0_RECOVER_PRODUCT	COMMERCE_LEAK_ROBOTS_LOGIN	Robots.txt tarafından engellendi	login_blocked_but_hides_product	308_login_next_to_product	high	en	shop_pdp	sogutma	118-sds1010-dc2yf-s	/en/shop/sogutma/118-sds1010-dc2yf-s	True	True	https://equsto.com/en/login.html?next=/en/shop/sogutma/118-sds1010-dc2yf-s	2026-09-09
P0_RECOVER_PRODUCT	COMMERCE_LEAK_ROBOTS_LOGIN	Robots.txt tarafından engellendi	login_blocked_but_hides_product	308_login_next_to_product	high	en	shop_pdp	market-reyonlari	eq-falcon-eq80	/en/shop/market-reyonlari/eq-falcon-eq80	True	True	https://equsto.com/en/login?mode=register&next=/en/shop/market-reyonlari/eq-falcon-eq80	2026-09-09
P0_RECOVER_PRODUCT	COMMERCE_LEAK_ROBOTS_LOGIN	Robots.txt tarafından engellendi	login_blocked_but_hides_product	308_login_next_to_product	high	en	shop_pdp	tezgah	eq-kmertt04-09070	/en/shop/tezgah/eq-kmertt04-09070	True	True	https://equsto.com/en/login?mode=register&next=/en/shop/tezgah/eq-kmertt04-09070	2026-09-09
P0_RECOVER_PRODUCT	COMMERCE_LEAK_ROBOTS_LOGIN	Robots.txt tarafından engellendi	login_blocked_but_hides_product	308_login_next_to_product	high	en	shop_pdp	sogutma	bre-vb250ahc	/en/shop/sogutma/bre-vb250ahc	True	True	https://equsto.com/en/login.html?next=/en/shop/sogutma/bre-vb250ahc	2026-09-09
P0_RECOVER_PRODUCT	COMMERCE_LEAK_ROBOTS_LOGIN	Robots.txt tarafından engellendi	login_blocked_but_hides_product	308_login_next_to_product	high	en	shop_pdp	tezgah	7911-16060-23p	/en/shop/tezgah/7911-16060-23p	True	True	https://equsto.com/en/login?mode=register&next=/en/shop/tezgah/7911-16060-23p	2026-09-09
P0_RECOVER_PRODUCT	COMMERCE_LEAK_ROBOTS_LOGIN	Robots.txt tarafından engellendi	login_blocked_but_hides_product	308_login_next_to_product	high	en	shop_pdp	pisirme	7961-20629-1y4	/en/shop/yikama/7961-20629-1y4	True	True	https://equsto.com/en/login.html?next=/en/shop/pisirme/7961-20629-1y4	2026-09-09
P0_RECOVER_PRODUCT	COMMERCE_LEAK_ROBOTS_LOGIN	Robots.txt tarafından engellendi	login_blocked_but_hides_product	308_login_next_to_product	high	en	shop_pdp	tezgah	7758-186e5-23	/en/shop/tezgah/7758-186e5-23	True	True	https://equsto.com/en/login.html?next=/en/shop/tezgah/7758-186e5-23	2026-09-09
P0_RECOVER_PRODUCT	COMMERCE_LEAK_ROBOTS_LOGIN	Robots.txt tarafından engellendi	login_blocked_but_hides_product	308_login_next_to_product	high	en	shop_pdp	tezgah	7876-n1-40705-10	/en/shop/tezgah/7876-n1-40705-10	True	True	https://equsto.com/en/login?mode=register&next=/en/shop/tezgah/7876-n1-40705-10	2026-09-09
P0_RECOVER_PRODUCT	COMMERCE_LEAK_ROBOTS_LOGIN	Robots.txt tarafından engellendi	login_blocked_but_hides_product	308_login_next_to_product	high	en	shop_pdp	yikama	ino-byk360r-k70dhr	/en/shop/yikama/ino-byk360r-k70dhr	True	True	https://equsto.com/en/login?mode=register&next=/en/shop/yikama/ino-byk360r-k70dhr	2026-09-09
P0_RECOVER_PRODUCT	COMMERCE_LEAK_ROBOTS_LOGIN	Robots.txt tarafından engellendi	login_blocked_but_hides_product	308_login_next_to_product	high	en	shop_pdp	tezgah	7911-16060-31p	/en/shop/tezgah/7911-16060-31p	True	True	https://equsto.com/en/login.html?next=/en/shop/tezgah/7911-16060-31p	2026-09-09
P0_RECOVER_PRODUCT	COMMERCE_LEAK_ROBOTS_LOGIN	Robots.txt tarafından engellendi	login_blocked_but_hides_product	308_login_next_to_product	high	en	shop_pdp	tezgah	7876-n1-40705-00	/en/shop/tezgah/7876-n1-40705-00	True	True	https://equsto.com/en/login.html?next=/en/shop/tezgah/7876-n1-40705-00	2026-09-09
P0_RECOVER_PRODUCT	COMMERCE_LEAK_ROBOTS_LOGIN	Robots.txt tarafından engellendi	login_blocked_but_hides_product	308_login_next_to_product	high	en	shop_pdp	hazirlik	2810-60040-00	/en/shop/hazirlik/2810-60040-00	True	True	https://equsto.com/en/login?mode=register&next=/en/shop/hazirlik/2810-60040-00	2026-09-09
P0_RECOVER_PRODUCT	COMMERCE_LEAK_ROBOTS_LOGIN	Robots.txt tarafından engellendi	login_blocked_but_hides_product	308_login_next_to_product	high	en	shop_pdp	hazirlik	208-650165-c13sx	/en/shop/hazirlik/208-650165-c13sx	True	True	https://equsto.com/en/login?mode=register&next=/en/shop/hazirlik/208-650165-c13sx	2026-09-09
P0_RECOVER_PRODUCT	COMMERCE_LEAK_ROBOTS_LOGIN	Robots.txt tarafından engellendi	login_blocked_but_hides_product	308_login_next_to_product	high	en	shop_pdp	istif	53-x-137-x-183-304l	/en/shop/istif/53-x-137-x-183-304l	True	True	https://equsto.com/en/login?mode=register&next=/en/shop/istif/53-x-137-x-183-304l	2026-09-09
P0_RECOVER_PRODUCT	COMMERCE_LEAK_ROBOTS_LOGIN	Robots.txt tarafından engellendi	login_blocked_but_hides_product	308_login_next_to_product	high	en	shop_pdp	kahve	197-9580-e98a2-wh	/en/shop/kahve/197-9580-e98a2-wh	True	True	https://equsto.com/en/login?mode=register&next=/en/shop/kahve/197-9580-e98a2-wh	2026-09-09
P0_RECOVER_PRODUCT	COMMERCE_LEAK_ROBOTS_LOGIN	Robots.txt tarafından engellendi	login_blocked_but_hides_product	308_login_next_to_product	high	en	shop_pdp	market-reyonlari	eq-lion-sld-eq10	/en/shop/market-reyonlari/eq-lion-sld-eq10	True	True	https://equsto.com/en/login?mode=register&next=/en/shop/market-reyonlari/eq-lion-sld-eq10	2026-09-09
P0_RECOVER_PRODUCT	COMMERCE_LEAK_ROBOTS_LOGIN	Robots.txt tarafından engellendi	login_blocked_but_hides_product	308_login_next_to_product	high	en	shop_pdp	pisirme	eagi-460-n	/en/shop/pisirme/eagi-460-n	True	True	https://equsto.com/en/login?mode=register&next=/en/shop/pisirme/eagi-460-n	2026-09-09
P0_RECOVER_PRODUCT	COMMERCE_LEAK_ROBOTS_LOGIN	Robots.txt tarafından engellendi	login_blocked_but_hides_product	308_login_next_to_product	high	en	shop_pdp	sogutma	118-ssc-1500	/en/shop/sogutma/118-ssc-1500	True	True	https://equsto.com/en/login?mode=register&next=/en/shop/sogutma/118-ssc-1500	2026-09-09
P0_RECOVER_PRODUCT	COMMERCE_LEAK_ROBOTS_LOGIN	Robots.txt tarafından engellendi	login_blocked_but_hides_product	308_login_next_to_product	high	en	shop_pdp	icecek	118-lt-16	/en/shop/icecek/118-lt-16	True	True	https://equsto.com/en/login.html?next=/en/shop/icecek/118-lt-16	2026-09-09
P0_RECOVER_PRODUCT	COMMERCE_LEAK_ROBOTS_LOGIN	Robots.txt tarafından engellendi	login_blocked_but_hides_product	308_login_next_to_product	high	en	shop_pdp	tezgah	7754-247d8-23	/en/shop/tezgah/7754-247d8-23	True	True	https://equsto.com/en/login?mode=register&next=/en/shop/tezgah/7754-247d8-23	2026-09-09
P0_RECOVER_PRODUCT	COMMERCE_LEAK_ROBOTS_LOGIN	Robots.txt tarafından engellendi	login_blocked_but_hides_product	308_login_next_to_product	high	en	shop_pdp	tezgah	7758-246e8-41	/en/shop/tezgah/7758-246e8-41	True	True	https://equsto.com/en/login?mode=register&next=/en/shop/tezgah/7758-246e8-41	2026-09-09
P0_RECOVER_PRODUCT	COMMERCE_LEAK_ROBOTS_LOGIN	Robots.txt tarafından engellendi	login_blocked_but_hides_product	308_login_next_to_product	high	en	shop_pdp	tezgah	7897-14030-30	/en/shop/tezgah/7897-14030-30	True	True	https://equsto.com/en/login?mode=register&next=/en/shop/tezgah/7897-14030-30	2026-09-09
P0_RECOVER_PRODUCT	COMMERCE_LEAK_ROBOTS_LOGIN	Robots.txt tarafından engellendi	login_blocked_but_hides_product	308_login_next_to_product		en	shop_pdp	market-reyonlari	eq-orkide-eq4		True	False	https://equsto.com/en/login?mode=register&next=/en/shop/market-reyonlari/eq-orkide-eq4	2026-09-09
P0_RECOVER_PRODUCT	COMMERCE_LEAK_ROBOTS_LOGIN	Robots.txt tarafından engellendi	login_blocked_but_hides_product	308_login_next_to_product	high	en	shop_pdp	tezgah	7911-19060-21a	/en/shop/tezgah/7911-19060-21a	True	True	https://equsto.com/en/login?mode=register&next=/en/shop/tezgah/7911-19060-21a	2026-09-09
P0_RECOVER_PRODUCT	COMMERCE_LEAK_ROBOTS_LOGIN	Robots.txt tarafından engellendi	login_blocked_but_hides_product	308_login_next_to_product	high	en	shop_pdp	pisirme	aeo-873-2k	/en/shop/pisirme/aeo-873-2k	True	True	https://equsto.com/en/login?mode=register&next=/en/shop/pisirme/aeo-873-2k	2026-09-09
P0_RECOVER_PRODUCT	COMMERCE_LEAK_ROBOTS_LOGIN	Robots.txt tarafından engellendi	login_blocked_but_hides_product	308_login_next_to_product	high	en	shop_pdp	hazirlik	bkt	/en/shop/hazirlik/bkt	True	True	https://equsto.com/en/login.html?next=/en/shop/hazirlik/bkt	2026-09-09
P0_RECOVER_PRODUCT	COMMERCE_LEAK_ROBOTS_LOGIN	Robots.txt tarafından engellendi	login_blocked_but_hides_product	308_login_next_to_product	high	en	shop_pdp	pisirme	aeo-873-2k	/en/shop/pisirme/aeo-873-2k	True	True	https://equsto.com/en/login.html?next=/en/shop/pisirme/aeo-873-2k	2026-09-09
P0_RECOVER_PRODUCT	COMMERCE_LEAK_ROBOTS_LOGIN	Robots.txt tarafından engellendi	login_blocked_but_hides_product	308_login_next_to_product		en	shop_pdp	market-reyonlari	eq-fulya-hf-tp-sky-eq24		True	False	https://equsto.com/en/login.html?next=/en/shop/market-reyonlari/eq-fulya-hf-tp-sky-eq24	2026-09-09
P0_RECOVER_PRODUCT	COMMERCE_LEAK_ROBOTS_LOGIN	Robots.txt tarafından engellendi	login_blocked_but_hides_product	308_login_next_to_product	high	en	shop_pdp	pisirme	pi4-m011b	/en/shop/pisirme/pi4-m011b	True	True	https://equsto.com/en/login?mode=register&next=/en/shop/pisirme/pi4-m011b	2026-09-09
P0_RECOVER_PRODUCT	COMMERCE_LEAK_ROBOTS_LOGIN	Robots.txt tarafından engellendi	login_blocked_but_hides_product	308_login_next_to_product	high	en	shop_pdp	istif	ino-idp126	/en/shop/istif/ino-idp126	True	True	https://equsto.com/en/login.html?next=/en/shop/istif/ino-idp126	2026-09-09
P0_RECOVER_PRODUCT	COMMERCE_LEAK_ROBOTS_LOGIN	Robots.txt tarafından engellendi	login_blocked_but_hides_product	308_login_next_to_product	high	en	shop_pdp	pisirme	eaef-460	/en/shop/pisirme/eaef-460	True	True	https://equsto.com/en/login?mode=register&next=/en/shop/pisirme/eaef-460	2026-09-09
P0_RECOVER_PRODUCT	COMMERCE_LEAK_ROBOTS_LOGIN	Robots.txt tarafından engellendi	login_blocked_but_hides_product	308_login_next_to_product	high	en	shop_pdp	pisirme	7961-11829-5o3	/en/shop/yikama/7961-11829-5o3	True	True	https://equsto.com/en/login?mode=register&next=/en/shop/pisirme/7961-11829-5o3	2026-09-09
P0_RECOVER_PRODUCT	COMMERCE_LEAK_ROBOTS_LOGIN	Robots.txt tarafından engellendi	login_blocked_but_hides_product	308_login_next_to_product	high	en	shop_pdp	hazirlik	8820-uhm10-mn	/en/shop/hazirlik/8820-uhm10-mn	True	True	https://equsto.com/en/login.html?next=/en/shop/hazirlik/8820-uhm10-mn	2026-09-09
P0_RECOVER_PRODUCT	COMMERCE_LEAK_ROBOTS_LOGIN	Robots.txt tarafından engellendi	login_blocked_but_hides_product	308_login_next_to_product	high	en	shop_pdp	set-ustu-mutfak	0312-00023-10	/en/shop/set-ustu-mutfak/0312-00023-10	True	True	https://equsto.com/en/login.html?next=/en/shop/set-ustu-mutfak/0312-00023-10	2026-09-09
P0_RECOVER_PRODUCT	COMMERCE_LEAK_ROBOTS_LOGIN	Robots.txt tarafından engellendi	login_blocked_but_hides_product	308_login_next_to_product	high	en	shop_pdp	icecek	8574-cm120-00	/en/shop/icecek/8574-cm120-00	True	True	https://equsto.com/en/login?mode=register&next=/en/shop/icecek/8574-cm120-00	2026-09-09
P0_RECOVER_PRODUCT	COMMERCE_LEAK_ROBOTS_LOGIN	Robots.txt tarafından engellendi	login_blocked_but_hides_product	308_login_next_to_product	high	en	shop_pdp	sogutma	bre-tm450ahc	/en/shop/sogutma/bre-tm450ahc	True	True	https://equsto.com/en/login?mode=register&next=/en/shop/sogutma/bre-tm450ahc	2026-09-09
P0_RECOVER_PRODUCT	COMMERCE_LEAK_ROBOTS_LOGIN	Robots.txt tarafından engellendi	login_blocked_but_hides_product	308_login_next_to_product	high	en	shop_pdp	pisirme	7960-16229-5o3	/en/shop/yikama/7960-16229-5o3	True	True	https://equsto.com/en/login?mode=register&next=/en/shop/pisirme/7960-16229-5o3	2026-09-09
P0_RECOVER_PRODUCT	COMMERCE_LEAK_ROBOTS_LOGIN	Robots.txt tarafından engellendi	login_blocked_but_hides_product	308_login_next_to_product	high	en	shop_pdp	sogutma	pzag-280	/en/shop/sogutma/pzag-280	True	True	https://equsto.com/en/login?mode=register&next=/en/shop/sogutma/pzag-280	2026-09-09
P0_RECOVER_PRODUCT	COMMERCE_LEAK_ROBOTS_LOGIN	Robots.txt tarafından engellendi	login_blocked_but_hides_product	308_login_next_to_product	high	en	shop_pdp	market-reyonlari	eq-falcon-sld-eq21	/en/shop/market-reyonlari/eq-falcon-sld-eq21	True	True	https://equsto.com/en/login?mode=register&next=/en/shop/market-reyonlari/eq-falcon-sld-eq21	2026-09-09
P0_RECOVER_PRODUCT	COMMERCE_LEAK_ROBOTS_LOGIN	Robots.txt tarafından engellendi	login_blocked_but_hides_product	308_login_next_to_product	high	en	shop_pdp	tezgah	ino-krn070c	/en/shop/tezgah/ino-krn070c	True	True	https://equsto.com/en/login?mode=register&next=/en/shop/tezgah/ino-krn070c	2026-09-09
P0_RECOVER_PRODUCT	COMMERCE_LEAK_ROBOTS_LOGIN	Robots.txt tarafından engellendi	login_blocked_but_hides_product	308_login_next_to_product	high	en	shop_pdp	tasima	7911-07070-12k	/en/shop/tasima/7911-07070-12k	True	False	https://equsto.com/en/login?mode=register&next=/en/shop/tasima/7911-07070-12k	2026-09-09
P0_RECOVER_PRODUCT	COMMERCE_LEAK_ROBOTS_LOGIN	Robots.txt tarafından engellendi	login_blocked_but_hides_product	308_login_next_to_product	high	en	shop_pdp	yikama	7771-14080-00	/en/shop/yikama/7771-14080-00	True	True	https://equsto.com/en/login?mode=register&next=/en/shop/yikama/7771-14080-00	2026-09-09
P0_RECOVER_PRODUCT	COMMERCE_LEAK_ROBOTS_LOGIN	Robots.txt tarafından engellendi	login_blocked_but_hides_product	308_login_next_to_product	high	en	shop_pdp	pisirme	371091	/en/shop/pisirme/371091	True	True	https://equsto.com/en/login?mode=register&next=/en/shop/pisirme/371091	2026-09-09
P0_RECOVER_PRODUCT	COMMERCE_LEAK_ROBOTS_LOGIN	Robots.txt tarafından engellendi	login_blocked_but_hides_product	308_login_next_to_product	high	en	shop_pdp	pisirme	371291	/en/shop/pisirme/371291	True	True	https://equsto.com/en/login.html?next=/en/shop/pisirme/371291	2026-09-09
P0_RECOVER_PRODUCT	COMMERCE_LEAK_ROBOTS_LOGIN	Robots.txt tarafından engellendi	login_blocked_but_hides_product	308_login_next_to_product	high	en	shop_pdp	pisirme	371291	/en/shop/pisirme/371291	True	True	https://equsto.com/en/login?mode=register&next=/en/shop/pisirme/371291	2026-09-09
P0_RECOVER_PRODUCT	COMMERCE_LEAK_ROBOTS_LOGIN	Robots.txt tarafından engellendi	login_blocked_but_hides_product	308_login_next_to_product	high	en	shop_pdp	tasima	7912-19070-a1	/en/shop/tasima/7912-19070-a1	True	True	https://equsto.com/en/login.html?next=/en/shop/tasima/7912-19070-a1	2026-09-09
P0_RECOVER_PRODUCT	COMMERCE_LEAK_ROBOTS_LOGIN	Robots.txt tarafından engellendi	login_blocked_but_hides_product	308_login_next_to_product	high	en	shop_pdp	tezgah	7758-187cb-25	/en/shop/tezgah/7758-187cb-25	True	True	https://equsto.com/en/login.html?next=/en/shop/tezgah/7758-187cb-25	2026-09-09
P0_RECOVER_PRODUCT	COMMERCE_LEAK_ROBOTS_LOGIN	Robots.txt tarafından engellendi	login_blocked_but_hides_product	308_login_next_to_product	high	en	shop_pdp	istif	8897-15ip4-07	/en/shop/istif/8897-15ip4-07	True	True	https://equsto.com/en/login?mode=register&next=/en/shop/istif/8897-15ip4-07	2026-09-09
P0_RECOVER_PRODUCT	COMMERCE_LEAK_ROBOTS_LOGIN	Robots.txt tarafından engellendi	login_blocked_but_hides_product	308_login_next_to_product	high	en	shop_pdp	pisirme	spr110-2	/en/shop/pisirme/spr110-2	True	True	https://equsto.com/en/login.html?next=/en/shop/pisirme/spr110-2	2026-09-09
P0_RECOVER_PRODUCT	COMMERCE_LEAK_ROBOTS_LOGIN	Robots.txt tarafından engellendi	login_blocked_but_hides_product	308_login_next_to_product		en	shop_pdp	market-reyonlari	eq-yasemin-cl-eq1		True	False	https://equsto.com/en/login?mode=register&next=/en/shop/market-reyonlari/eq-yasemin-cl-eq1	2026-09-09
P0_RECOVER_PRODUCT	COMMERCE_LEAK_ROBOTS_LOGIN	Robots.txt tarafından engellendi	login_blocked_but_hides_product	308_login_next_to_product	high	en	shop_pdp	pisirme	7960-09429-1y5	/en/shop/yikama/7960-09429-1y5	True	True	https://equsto.com/en/login.html?next=/en/shop/pisirme/7960-09429-1y5	2026-09-09
P0_RECOVER_PRODUCT	COMMERCE_LEAK_ROBOTS_LOGIN	Robots.txt tarafından engellendi	login_blocked_but_hides_product	308_login_next_to_product	high	en	shop_pdp	pisirme	371296	/en/shop/pisirme/371296	True	True	https://equsto.com/en/login?mode=register&next=/en/shop/pisirme/371296	2026-09-09
P0_RECOVER_PRODUCT	COMMERCE_LEAK_ROBOTS_LOGIN	Robots.txt tarafından engellendi	login_blocked_but_hides_product	308_login_next_to_product	high	en	shop_pdp	tasima	7912-15078-30a	/en/shop/tasima/7912-15078-30a	True	True	https://equsto.com/en/login.html?next=/en/shop/tasima/7912-15078-30a	2026-09-09
P0_RECOVER_PRODUCT	COMMERCE_LEAK_ROBOTS_LOGIN	Robots.txt tarafından engellendi	login_blocked_but_hides_product	308_login_next_to_product	high	en	shop_pdp	set-ustu-mutfak	vkb-300	/en/shop/set-ustu-mutfak/vkb-300	True	True	https://equsto.com/en/login?mode=register&next=/en/shop/set-ustu-mutfak/vkb-300	2026-09-09
P0_RECOVER_PRODUCT	COMMERCE_LEAK_ROBOTS_LOGIN	Robots.txt tarafından engellendi	login_blocked_but_hides_product	308_login_next_to_product	high	en	shop_pdp	market-reyonlari	be1-m037-5s	/en/shop/market-reyonlari/be1-m037-5s	True	True	https://equsto.com/en/login.html?next=/en/shop/market-reyonlari/be1-m037-5s	2026-09-09
P0_RECOVER_PRODUCT	COMMERCE_LEAK_ROBOTS_LOGIN	Robots.txt tarafından engellendi	login_blocked_but_hides_product	308_login_next_to_product	high	en	shop_pdp	hazirlik	9810-mp800-ul	/en/shop/hazirlik/9810-mp800-ul	True	True	https://equsto.com/en/login?mode=register&next=/en/shop/hazirlik/9810-mp800-ul	2026-09-09
P0_RECOVER_PRODUCT	COMMERCE_LEAK_ROBOTS_LOGIN	Robots.txt tarafından engellendi	login_blocked_but_hides_product	308_login_next_to_product	high	en	shop_pdp	hazirlik	9810-mp800-ul	/en/shop/hazirlik/9810-mp800-ul	True	True	https://equsto.com/en/login.html?next=/en/shop/hazirlik/9810-mp800-ul	2026-09-09
P0_RECOVER_PRODUCT	COMMERCE_LEAK_ROBOTS_LOGIN	Robots.txt tarafından engellendi	login_blocked_but_hides_product	308_login_next_to_product	high	en	shop_pdp	pisirme	ino-zmd-7zg20s	/en/shop/pisirme/ino-zmd-7zg20s	True	True	https://equsto.com/en/login?mode=register&next=/en/shop/pisirme/ino-zmd-7zg20s	2026-09-09
P0_RECOVER_PRODUCT	COMMERCE_LEAK_ROBOTS_LOGIN	Robots.txt tarafından engellendi	login_blocked_but_hides_product	308_login_next_to_product	high	en	shop_pdp	hazirlik	208-600093	/en/shop/hazirlik/208-600093	True	True	https://equsto.com/en/login?mode=register&next=/en/shop/hazirlik/208-600093	2026-09-09
P0_RECOVER_PRODUCT	COMMERCE_LEAK_ROBOTS_LOGIN	Robots.txt tarafından engellendi	login_blocked_but_hides_product	308_login_next_to_product	high	en	shop_pdp	dolap	7911-09060-00	/en/shop/tezgah/7911-09060-00	True	True	https://equsto.com/en/login.html?next=/en/shop/dolap/7911-09060-00	2026-09-09
P0_RECOVER_PRODUCT	COMMERCE_LEAK_ROBOTS_LOGIN	Robots.txt tarafından engellendi	login_blocked_but_hides_product	308_login_next_to_product		en	shop_pdp	market-reyonlari	eq-lotus-lb-eq37		True	False	https://equsto.com/en/login?mode=register&next=/en/shop/market-reyonlari/eq-lotus-lb-eq37	2026-09-09
P0_RECOVER_PRODUCT	COMMERCE_LEAK_ROBOTS_LOGIN	Robots.txt tarafından engellendi	login_blocked_but_hides_product	308_login_next_to_product	high	en	shop_pdp	yikama	07cl-0010k-bf	/en/shop/yikama/07cl-0010k-bf	True	True	https://equsto.com/en/login.html?next=/en/shop/yikama/07cl-0010k-bf	2026-09-09
P0_RECOVER_PRODUCT	COMMERCE_LEAK_ROBOTS_LOGIN	Robots.txt tarafından engellendi	login_blocked_but_hides_product	308_login_next_to_product		en	shop_pdp	sogutma	portabianco-tezgah-tip-mix-iki-kapili-buzdolabi		True	False	https://equsto.com/en/login.html?next=/en/shop/sogutma/portabianco-tezgah-tip-mix-iki-kapili-buzdolabi	2026-09-09
P0_RECOVER_PRODUCT	COMMERCE_LEAK_ROBOTS_LOGIN	Robots.txt tarafından engellendi	login_blocked_but_hides_product	308_login_next_to_product	high	en	shop_pdp	set-ustu-mutfak	0312-00023-10	/en/shop/set-ustu-mutfak/0312-00023-10	True	True	https://equsto.com/en/login?mode=register&next=/en/shop/set-ustu-mutfak/0312-00023-10	2026-09-09
P0_RECOVER_PRODUCT	COMMERCE_LEAK_ROBOTS_LOGIN	Robots.txt tarafından engellendi	login_blocked_but_hides_product	308_login_next_to_product	high	en	shop_pdp	tezgah	7876-16060-00	/en/shop/tezgah/7876-16060-00	True	True	https://equsto.com/en/login?mode=register&next=/en/shop/tezgah/7876-16060-00	2026-09-09
P0_RECOVER_PRODUCT	COMMERCE_LEAK_ROBOTS_LOGIN	Robots.txt tarafından engellendi	login_blocked_but_hides_product	308_login_next_to_product	high	en	shop_pdp	set-ustu-mutfak	0314-14100-01	/en/shop/set-ustu-mutfak/0314-14100-01	True	True	https://equsto.com/en/login?mode=register&next=/en/shop/set-ustu-mutfak/0314-14100-01	2026-09-09
P0_RECOVER_PRODUCT	COMMERCE_LEAK_ROBOTS_LOGIN	Robots.txt tarafından engellendi	login_blocked_but_hides_product	308_login_next_to_product	high	en	shop_pdp	set-ustu-mutfak	0752-02424-01	/en/shop/set-ustu-mutfak/0752-02424-01	True	True	https://equsto.com/en/login?mode=register&next=/en/shop/set-ustu-mutfak/0752-02424-01	2026-09-09
P0_RECOVER_PRODUCT	COMMERCE_LEAK_ROBOTS_LOGIN	Robots.txt tarafından engellendi	login_blocked_but_hides_product	308_login_next_to_product	high	en	shop_pdp	tezgah	7911-12070-20	/en/shop/tezgah/7911-12070-20	True	True	https://equsto.com/en/login?mode=register&next=/en/shop/tezgah/7911-12070-20	2026-09-09
P0_RECOVER_PRODUCT	COMMERCE_LEAK_ROBOTS_LOGIN	Robots.txt tarafından engellendi	login_blocked_but_hides_product	308_login_next_to_product	high	en	shop_pdp	pisirme	spr16-3	/en/shop/pisirme/spr16-3	True	True	https://equsto.com/en/login.html?next=/en/shop/pisirme/spr16-3	2026-09-09
P0_RECOVER_PRODUCT	COMMERCE_LEAK_ROBOTS_LOGIN	Robots.txt tarafından engellendi	login_blocked_but_hides_product	308_login_next_to_product	high	en	shop_pdp	sogutma	118-dp-250	/en/shop/sogutma/118-dp-250	True	True	https://equsto.com/en/login.html?next=/en/shop/sogutma/118-dp-250	2026-09-09
P0_RECOVER_PRODUCT	COMMERCE_LEAK_ROBOTS_LOGIN	Robots.txt tarafından engellendi	login_blocked_but_hides_product	308_login_next_to_product	high	en	shop_pdp	set-ustu-mutfak	0311-14040-10	/en/shop/set-ustu-mutfak/0311-14040-10	True	True	https://equsto.com/en/login?mode=register&next=/en/shop/set-ustu-mutfak/0311-14040-10	2026-09-09
P0_RECOVER_PRODUCT	COMMERCE_LEAK_ROBOTS_LOGIN	Robots.txt tarafından engellendi	login_blocked_but_hides_product	308_login_next_to_product	high	en	shop_pdp	pisirme	eagi-1060	/en/shop/pisirme/eagi-1060	True	True	https://equsto.com/en/login?mode=register&next=/en/shop/pisirme/eagi-1060	2026-09-09
P0_RECOVER_PRODUCT	COMMERCE_LEAK_ROBOTS_LOGIN	Robots.txt tarafından engellendi	login_blocked_but_hides_product	308_login_next_to_product		en	shop_pdp	market-reyonlari	eq-fulya-hf-pn-eq10		True	False	https://equsto.com/en/login.html?next=/en/shop/market-reyonlari/eq-fulya-hf-pn-eq10	2026-09-09
P0_RECOVER_PRODUCT	COMMERCE_LEAK_ROBOTS_LOGIN	Robots.txt tarafından engellendi	login_blocked_but_hides_product	308_login_next_to_product	high	en	shop_pdp	set-ustu-mutfak	0311-12100-21	/en/shop/set-ustu-mutfak/0311-12100-21	True	True	https://equsto.com/en/login.html?next=/en/shop/set-ustu-mutfak/0311-12100-21	2026-09-09
P0_RECOVER_PRODUCT	COMMERCE_LEAK_ROBOTS_LOGIN	Robots.txt tarafından engellendi	login_blocked_but_hides_product	308_login_next_to_product	high	en	shop_pdp	tezgah	7758-187cb-25	/en/shop/tezgah/7758-187cb-25	True	True	https://equsto.com/en/login?mode=register&next=/en/shop/tezgah/7758-187cb-25	2026-09-09
P0_RECOVER_PRODUCT	COMMERCE_LEAK_ROBOTS_LOGIN	Robots.txt tarafından engellendi	login_blocked_but_hides_product	308_login_next_to_product		en	shop_pdp	market-reyonlari	eq-gardenya-eq15		True	False	https://equsto.com/en/login.html?next=/en/shop/market-reyonlari/eq-gardenya-eq15	2026-09-09
P0_RECOVER_PRODUCT	COMMERCE_LEAK_ROBOTS_LOGIN	Robots.txt tarafından engellendi	login_blocked_but_hides_product	308_login_next_to_product	high	en	shop_pdp	yikama	07cl-0010k-bf	/en/shop/yikama/07cl-0010k-bf	True	True	https://equsto.com/en/login?mode=register&next=/en/shop/yikama/07cl-0010k-bf	2026-09-09
P0_RECOVER_PRODUCT	COMMERCE_LEAK_ROBOTS_LOGIN	Robots.txt tarafından engellendi	login_blocked_but_hides_product	308_login_next_to_product		en	shop_pdp	market-reyonlari	eq-fulya-hf-pn-eq10		True	False	https://equsto.com/en/login?mode=register&next=/en/shop/market-reyonlari/eq-fulya-hf-pn-eq10	2026-09-09
P0_RECOVER_PRODUCT	COMMERCE_LEAK_ROBOTS_LOGIN	Robots.txt tarafından engellendi	login_blocked_but_hides_product	308_login_next_to_product	high	en	shop_pdp	tasima	7999-10015-80	/en/shop/tasima/7999-10015-80	True	True	https://equsto.com/en/login?mode=register&next=/en/shop/tasima/7999-10015-80	2026-09-09
P0_RECOVER_PRODUCT	COMMERCE_LEAK_ROBOTS_LOGIN	Robots.txt tarafından engellendi	login_blocked_but_hides_product	308_login_next_to_product	high	en	shop_pdp	tezgah	7911-12070-24	/en/shop/tezgah/7911-12070-24	True	True	https://equsto.com/en/login.html?next=/en/shop/tezgah/7911-12070-24	2026-09-09
P0_RECOVER_PRODUCT	COMMERCE_LEAK_ROBOTS_LOGIN	Robots.txt tarafından engellendi	login_blocked_but_hides_product	308_login_next_to_product	high	en	shop_pdp	pisirme	7960-09429-5o2	/en/shop/yikama/7960-09429-5o2	True	True	https://equsto.com/en/login?mode=register&next=/en/shop/pisirme/7960-09429-5o2	2026-09-09
P0_RECOVER_PRODUCT	COMMERCE_LEAK_ROBOTS_LOGIN	Robots.txt tarafından engellendi	login_blocked_but_hides_product	308_login_next_to_product	high	en	shop_pdp	pisirme	easfe-860f	/en/shop/pisirme/easfe-860f	True	True	https://equsto.com/en/login?mode=register&next=/en/shop/pisirme/easfe-860f	2026-09-09
P0_RECOVER_PRODUCT	COMMERCE_LEAK_ROBOTS_LOGIN	Robots.txt tarafından engellendi	login_blocked_but_hides_product	308_login_next_to_product	high	en	shop_pdp	tezgah	7919-26ntv-c1	/en/shop/tezgah/7919-26ntv-c1	True	True	https://equsto.com/en/login?mode=register&next=/en/shop/tezgah/7919-26ntv-c1	2026-09-09
P0_RECOVER_PRODUCT	COMMERCE_LEAK_ROBOTS_LOGIN	Robots.txt tarafından engellendi	login_blocked_but_hides_product	308_login_next_to_product	high	en	shop_pdp	pisirme	8864-07050-02	/en/shop/pisirme/8864-07050-02	True	True	https://equsto.com/en/login.html?next=/en/shop/pisirme/8864-07050-02	2026-09-09
P0_RECOVER_PRODUCT	COMMERCE_LEAK_ROBOTS_LOGIN	Robots.txt tarafından engellendi	login_blocked_but_hides_product	308_login_next_to_product	high	en	shop_pdp	tezgah	133166	/en/shop/tezgah/133166	True	True	https://equsto.com/en/login?mode=register&next=/en/shop/tezgah/133166	2026-09-09
P0_RECOVER_PRODUCT	COMMERCE_LEAK_ROBOTS_LOGIN	Robots.txt tarafından engellendi	login_blocked_but_hides_product	308_login_next_to_product	high	en	shop_pdp	tezgah	79k4-06lmv-10	/en/shop/tezgah/79k4-06lmv-10	True	True	https://equsto.com/en/login.html?next=/en/shop/tezgah/79k4-06lmv-10	2026-09-09
P0_RECOVER_PRODUCT	COMMERCE_LEAK_ROBOTS_LOGIN	Robots.txt tarafından engellendi	login_blocked_but_hides_product	308_login_next_to_product	high	en	shop_pdp	pisirme	spr20-4	/en/shop/pisirme/spr20-4	True	True	https://equsto.com/en/login?mode=register&next=/en/shop/pisirme/spr20-4	2026-09-09
P0_RECOVER_PRODUCT	COMMERCE_LEAK_ROBOTS_LOGIN	Robots.txt tarafından engellendi	login_blocked_but_hides_product	308_login_next_to_product	high	en	shop_pdp	tezgah	7754-057b8-01	/en/shop/tezgah/7754-057b8-01	True	True	https://equsto.com/en/login.html?next=/en/shop/tezgah/7754-057b8-01	2026-09-09
P0_RECOVER_PRODUCT	COMMERCE_LEAK_ROBOTS_LOGIN	Robots.txt tarafından engellendi	login_blocked_but_hides_product	308_login_next_to_product	high	en	shop_pdp	tezgah	7911-19070-30	/en/shop/tezgah/7911-19070-30	True	True	https://equsto.com/en/login.html?next=/en/shop/tezgah/7911-19070-30	2026-09-09
P0_RECOVER_PRODUCT	COMMERCE_LEAK_ROBOTS_LOGIN	Robots.txt tarafından engellendi	login_blocked_but_hides_product	308_login_next_to_product	high	en	shop_pdp	hazirlik	208-650083-c2sx	/en/shop/hazirlik/208-650083-c2sx	True	True	https://equsto.com/en/login?mode=register&next=/en/shop/hazirlik/208-650083-c2sx	2026-09-09
P0_RECOVER_PRODUCT	COMMERCE_LEAK_ROBOTS_LOGIN	Robots.txt tarafından engellendi	login_blocked_but_hides_product	308_login_next_to_product	high	en	shop_pdp	tezgah	7758-166a5-21	/en/shop/tezgah/7758-166a5-21	True	True	https://equsto.com/en/login?mode=register&next=/en/shop/tezgah/7758-166a5-21	2026-09-09
P0_RECOVER_PRODUCT	COMMERCE_LEAK_ROBOTS_LOGIN	Robots.txt tarafından engellendi	login_blocked_but_hides_product	308_login_next_to_product	high	en	shop_pdp	davlumbaz	7885-45155-12	/en/shop/davlumbaz/7885-45155-12	True	True	https://equsto.com/en/login.html?next=/en/shop/davlumbaz/7885-45155-12	2026-09-09
P0_RECOVER_PRODUCT	COMMERCE_LEAK_ROBOTS_LOGIN	Robots.txt tarafından engellendi	login_blocked_but_hides_product	308_login_next_to_product	high	en	shop_pdp	tezgah	7758-087d8-01	/en/shop/tezgah/7758-087d8-01	True	True	https://equsto.com/en/login.html?next=/en/shop/tezgah/7758-087d8-01	2026-09-09
P0_RECOVER_PRODUCT	COMMERCE_LEAK_ROBOTS_LOGIN	Robots.txt tarafından engellendi	login_blocked_but_hides_product	308_login_next_to_product	high	en	shop_pdp	hazirlik	bha-30	/en/shop/hazirlik/bha-30	True	True	https://equsto.com/en/login?mode=register&next=/en/shop/hazirlik/bha-30	2026-09-09
P0_RECOVER_PRODUCT	COMMERCE_LEAK_ROBOTS_LOGIN	Robots.txt tarafından engellendi	login_blocked_but_hides_product	308_login_next_to_product	high	en	shop_pdp	tezgah	7911-19060-21a	/en/shop/tezgah/7911-19060-21a	True	True	https://equsto.com/en/login.html?next=/en/shop/tezgah/7911-19060-21a	2026-09-09
P0_RECOVER_PRODUCT	COMMERCE_LEAK_ROBOTS_LOGIN	Robots.txt tarafından engellendi	login_blocked_but_hides_product	308_login_next_to_product	high	en	shop_pdp	pisirme	npicco711-1	/en/shop/pisirme/npicco711-1	True	True	https://equsto.com/en/login?mode=register&next=/en/shop/pisirme/npicco711-1	2026-09-09
P0_RECOVER_PRODUCT	COMMERCE_LEAK_ROBOTS_LOGIN	Robots.txt tarafından engellendi	login_blocked_but_hides_product	308_login_next_to_product		en	shop_pdp	market-reyonlari	eq-acelya-eq5		True	False	https://equsto.com/en/login.html?next=/en/shop/market-reyonlari/eq-acelya-eq5	2026-09-09
P0_RECOVER_PRODUCT	COMMERCE_LEAK_ROBOTS_LOGIN	Robots.txt tarafından engellendi	login_blocked_but_hides_product	308_login_next_to_product	high	en	shop_pdp	set-ustu-mutfak	8880-00200-02	/en/shop/set-ustu-mutfak/8880-00200-02	True	True	https://equsto.com/en/login?mode=register&next=/en/shop/set-ustu-mutfak/8880-00200-02	2026-09-09
P0_RECOVER_PRODUCT	COMMERCE_LEAK_ROBOTS_LOGIN	Robots.txt tarafından engellendi	login_blocked_but_hides_product	308_login_next_to_product	high	en	shop_pdp	pisirme	npicco22-3	/en/shop/pisirme/npicco22-3	True	True	https://equsto.com/en/login?mode=register&next=/en/shop/pisirme/npicco22-3	2026-09-09
P0_RECOVER_PRODUCT	COMMERCE_LEAK_ROBOTS_LOGIN	Robots.txt tarafından engellendi	login_blocked_but_hides_product	308_login_next_to_product	high	en	shop_pdp	sogutma	7919-15nts-00	/en/shop/sogutma/7919-15nts-00	True	True	https://equsto.com/en/login?mode=register&next=/en/shop/sogutma/7919-15nts-00	2026-09-09
P0_RECOVER_PRODUCT	COMMERCE_LEAK_ROBOTS_LOGIN	Robots.txt tarafından engellendi	login_blocked_but_hides_product	308_login_next_to_product	high	en	shop_pdp	tezgah	7911-19060-31p	/en/shop/tezgah/7911-19060-31p	True	True	https://equsto.com/en/login.html?next=/en/shop/tezgah/7911-19060-31p	2026-09-09
P0_RECOVER_PRODUCT	COMMERCE_LEAK_ROBOTS_LOGIN	Robots.txt tarafından engellendi	login_blocked_but_hides_product	308_login_next_to_product	high	en	shop_pdp	market-reyonlari	eq-quokka-eq8	/en/shop/market-reyonlari/eq-quokka-eq8	True	True	https://equsto.com/en/login.html?next=/en/shop/market-reyonlari/eq-quokka-eq8	2026-09-09
P0_RECOVER_PRODUCT	COMMERCE_LEAK_ROBOTS_LOGIN	Robots.txt tarafından engellendi	login_blocked_but_hides_product	308_login_next_to_product	high	en	shop_pdp	tezgah	7911-16060-15	/en/shop/tezgah/7911-16060-15	True	True	https://equsto.com/en/login.html?next=/en/shop/tezgah/7911-16060-15	2026-09-09
P0_RECOVER_PRODUCT	COMMERCE_LEAK_ROBOTS_LOGIN	Robots.txt tarafından engellendi	login_blocked_but_hides_product	308_login_next_to_product		en	shop_pdp	market-reyonlari	eq-nergis-lb-tp-sky-eq25		True	False	https://equsto.com/en/login?mode=register&next=/en/shop/market-reyonlari/eq-nergis-lb-tp-sky-eq25	2026-09-09
P0_RECOVER_PRODUCT	COMMERCE_LEAK_ROBOTS_LOGIN	Robots.txt tarafından engellendi	login_blocked_but_hides_product	308_login_next_to_product		en	shop_pdp	market-reyonlari	eq-acelya-eq14		True	False	https://equsto.com/en/login.html?next=/en/shop/market-reyonlari/eq-acelya-eq14	2026-09-09
P0_RECOVER_PRODUCT	COMMERCE_LEAK_ROBOTS_LOGIN	Robots.txt tarafından engellendi	login_blocked_but_hides_product	308_login_next_to_product	high	en	shop_pdp	set-ustu-mutfak	8315-00012-00	/en/shop/set-ustu-mutfak/8315-00012-00	True	True	https://equsto.com/en/login?next=/en/shop/set-ustu-mutfak/8315-00012-00	2026-09-09
P0_RECOVER_PRODUCT	COMMERCE_LEAK_ROBOTS_LOGIN	Robots.txt tarafından engellendi	login_blocked_but_hides_product	308_login_next_to_product	high	en	shop_pdp	pisirme	eagi-660-n	/en/shop/pisirme/eagi-660-n	True	True	https://equsto.com/en/login?mode=register&next=/en/shop/pisirme/eagi-660-n	2026-09-09
P0_RECOVER_PRODUCT	COMMERCE_LEAK_ROBOTS_LOGIN	Robots.txt tarafından engellendi	login_blocked_but_hides_product	308_login_next_to_product	high	en	shop_pdp	davlumbaz	7885-30155-14	/en/shop/davlumbaz/7885-30155-14	True	True	https://equsto.com/en/login.html?next=/en/shop/davlumbaz/7885-30155-14	2026-09-09
P0_RECOVER_PRODUCT	COMMERCE_LEAK_ROBOTS_LOGIN	Robots.txt tarafından engellendi	login_blocked_but_hides_product	308_login_next_to_product	high	en	shop_pdp	davlumbaz	7885-35125-01	/en/shop/davlumbaz/7885-35125-01	True	True	https://equsto.com/en/login?mode=register&next=/en/shop/davlumbaz/7885-35125-01	2026-09-09
P0_RECOVER_PRODUCT	COMMERCE_LEAK_ROBOTS_LOGIN	Robots.txt tarafından engellendi	login_blocked_but_hides_product	308_login_next_to_product	high	en	shop_pdp	pisirme	ino-zmd-7ie22s	/en/shop/pisirme/ino-zmd-7ie22s	True	True	https://equsto.com/en/login.html?next=/en/shop/pisirme/ino-zmd-7ie22s	2026-09-09
P0_RECOVER_PRODUCT	COMMERCE_LEAK_ROBOTS_LOGIN	Robots.txt tarafından engellendi	login_blocked_but_hides_product	308_login_next_to_product	high	en	shop_pdp	pisirme	7960-02929-7y3	/en/shop/yikama/7960-02929-7y3	True	False	https://equsto.com/en/login.html?next=/en/shop/pisirme/7960-02929-7y3	2026-09-09
P0_RECOVER_PRODUCT	COMMERCE_LEAK_ROBOTS_LOGIN	Robots.txt tarafından engellendi	login_blocked_but_hides_product	308_login_next_to_product	high	en	shop_pdp	tezgah	ino-krc210	/en/shop/tezgah/ino-krc210	True	True	https://equsto.com/en/login.html?next=/en/shop/tezgah/ino-krc210	2026-09-09
P0_RECOVER_PRODUCT	COMMERCE_LEAK_ROBOTS_LOGIN	Robots.txt tarafından engellendi	login_blocked_but_hides_product	308_login_next_to_product		en	shop_pdp	tezgah	mr38-1-1804060-10		True	False	https://equsto.com/en/login.html?next=/en/shop/tezgah/mr38-1-1804060-10	2026-09-09
P0_RECOVER_PRODUCT	COMMERCE_LEAK_ROBOTS_LOGIN	Robots.txt tarafından engellendi	login_blocked_but_hides_product	308_login_next_to_product	high	en	shop_pdp	pisirme	spr80-1	/en/shop/pisirme/spr80-1	True	True	https://equsto.com/en/login.html?next=/en/shop/pisirme/spr80-1	2026-09-09
P0_RECOVER_PRODUCT	COMMERCE_LEAK_ROBOTS_LOGIN	Robots.txt tarafından engellendi	login_blocked_but_hides_product	308_login_next_to_product	high	en	shop_pdp	set-ustu-mutfak	0311-23065-11	/en/shop/set-ustu-mutfak/0311-23065-11	True	True	https://equsto.com/en/login.html?next=/en/shop/set-ustu-mutfak/0311-23065-11	2026-09-09
P0_RECOVER_PRODUCT	COMMERCE_LEAK_ROBOTS_LOGIN	Robots.txt tarafından engellendi	login_blocked_but_hides_product	308_login_next_to_product	high	en	shop_pdp	pisirme	ino-7ig32s	/en/shop/pisirme/ino-7ig32s	True	True	https://equsto.com/en/login.html?next=/en/shop/pisirme/ino-7ig32s	2026-09-09
P0_RECOVER_PRODUCT	COMMERCE_LEAK_ROBOTS_LOGIN	Robots.txt tarafından engellendi	login_blocked_but_hides_product	308_login_next_to_product	high	en	shop_pdp	pisirme	adr-c1-5g-gk	/en/shop/pisirme/adr-c1-5g-gk	True	True	https://equsto.com/en/login.html?next=/en/shop/pisirme/adr-c1-5g-gk	2026-09-09
P0_RECOVER_PRODUCT	COMMERCE_LEAK_ROBOTS_LOGIN	Robots.txt tarafından engellendi	login_blocked_but_hides_product	308_login_next_to_product	high	en	shop_pdp	tezgah	7754-147c8-27	/en/shop/tezgah/7754-147c8-27	True	True	https://equsto.com/en/login.html?next=/en/shop/tezgah/7754-147c8-27	2026-09-09
P0_RECOVER_PRODUCT	COMMERCE_LEAK_ROBOTS_LOGIN	Robots.txt tarafından engellendi	login_blocked_but_hides_product	308_login_next_to_product	high	en	shop_pdp	pisirme	eaei-460-ncr	/en/shop/pisirme/eaei-460-ncr	True	True	https://equsto.com/en/login?mode=register&next=/en/shop/pisirme/eaei-460-ncr	2026-09-09
P0_RECOVER_PRODUCT	COMMERCE_LEAK_ROBOTS_LOGIN	Robots.txt tarafından engellendi	login_blocked_but_hides_product	308_login_next_to_product	high	en	shop_pdp	pisirme	7960-11829-7y1	/en/shop/yikama/7960-11829-7y1	True	True	https://equsto.com/en/login?mode=register&next=/en/shop/pisirme/7960-11829-7y1	2026-09-09
P0_RECOVER_PRODUCT	COMMERCE_LEAK_ROBOTS_LOGIN	Robots.txt tarafından engellendi	login_blocked_but_hides_product	308_login_next_to_product	high	en	shop_pdp	tezgah	9868-rtr12-0l	/en/shop/tezgah/9868-rtr12-0l	True	True	https://equsto.com/en/login.html?next=/en/shop/tezgah/9868-rtr12-0l	2026-09-09
P0_RECOVER_PRODUCT	COMMERCE_LEAK_ROBOTS_LOGIN	Robots.txt tarafından engellendi	login_blocked_but_hides_product	308_login_next_to_product	high	en	shop_pdp	hazirlik	208-600141	/en/shop/hazirlik/208-600141	True	True	https://equsto.com/en/login?mode=register&next=/en/shop/hazirlik/208-600141	2026-09-09
P0_RECOVER_PRODUCT	COMMERCE_LEAK_ROBOTS_LOGIN	Robots.txt tarafından engellendi	login_blocked_but_hides_product	308_login_next_to_product	high	en	shop_pdp	tezgah	7911-14060-04	/en/shop/tezgah/7911-14060-04	True	True	https://equsto.com/en/login.html?next=/en/shop/tezgah/7911-14060-04	2026-09-09
P0_RECOVER_PRODUCT	COMMERCE_LEAK_ROBOTS_LOGIN	Robots.txt tarafından engellendi	login_blocked_but_hides_product	308_login_next_to_product	high	en	shop_pdp	pisirme	akte-890	/en/shop/pisirme/akte-890	True	True	https://equsto.com/en/login?next=/en/shop/pisirme/akte-890	2026-09-09
P0_RECOVER_PRODUCT	COMMERCE_LEAK_ROBOTS_LOGIN	Robots.txt tarafından engellendi	login_blocked_but_hides_product	308_login_next_to_product		en	shop_pdp	market-reyonlari	eq-yasemin-nt-eq4		True	False	https://equsto.com/en/login?mode=register&next=/en/shop/market-reyonlari/eq-yasemin-nt-eq4	2026-09-09
P0_RECOVER_PRODUCT	COMMERCE_LEAK_ROBOTS_LOGIN	Robots.txt tarafından engellendi	login_blocked_but_hides_product	308_login_next_to_product	high	en	shop_pdp	tezgah	7911-14070-04	/en/shop/tezgah/7911-14070-04	True	True	https://equsto.com/en/login.html?next=/en/shop/tezgah/7911-14070-04	2026-09-09
P0_RECOVER_PRODUCT	COMMERCE_LEAK_ROBOTS_LOGIN	Robots.txt tarafından engellendi	login_blocked_but_hides_product	308_login_next_to_product	high	en	shop_pdp	tezgah	ino-krg140	/en/shop/tezgah/ino-krg140	True	True	https://equsto.com/en/login?next=/en/shop/tezgah/ino-krg140	2026-09-09
P0_RECOVER_PRODUCT	COMMERCE_LEAK_ROBOTS_LOGIN	Robots.txt tarafından engellendi	login_blocked_but_hides_product	308_login_next_to_product	high	en	shop_pdp	tezgah	7758-146a5-13	/en/shop/tezgah/7758-146a5-13	True	True	https://equsto.com/en/login.html?next=/en/shop/tezgah/7758-146a5-13	2026-09-09
P0_RECOVER_PRODUCT	COMMERCE_LEAK_ROBOTS_LOGIN	Robots.txt tarafından engellendi	login_blocked_but_hides_product	308_login_next_to_product	high	en	shop_pdp	dolap	7754-197d8-25	/en/shop/tezgah/7754-197d8-25	True	True	https://equsto.com/en/login?mode=register&next=/en/shop/dolap/7754-197d8-25	2026-09-09
P0_RECOVER_PRODUCT	COMMERCE_LEAK_ROBOTS_LOGIN	Robots.txt tarafından engellendi	login_blocked_but_hides_product	308_login_next_to_product		en	shop_pdp	market-reyonlari	eq-nergis-lb-tp-sky-eq47		True	False	https://equsto.com/en/login?mode=register&next=/en/shop/market-reyonlari/eq-nergis-lb-tp-sky-eq47	2026-09-09
P0_RECOVER_PRODUCT	COMMERCE_LEAK_ROBOTS_LOGIN	Robots.txt tarafından engellendi	login_blocked_but_hides_product	308_login_next_to_product	high	en	shop_pdp	set-ustu-mutfak	2919-04060-00	/en/shop/set-ustu-mutfak/2919-04060-00	True	True	https://equsto.com/en/login?mode=register&next=/en/shop/set-ustu-mutfak/2919-04060-00	2026-09-09
P0_RECOVER_PRODUCT	COMMERCE_LEAK_ROBOTS_LOGIN	Robots.txt tarafından engellendi	login_blocked_but_hides_product	308_login_next_to_product	high	en	shop_pdp	pisirme	371179	/en/shop/pisirme/371179	True	True	https://equsto.com/en/login?mode=register&next=/en/shop/pisirme/371179	2026-09-09
P0_RECOVER_PRODUCT	COMMERCE_LEAK_ROBOTS_LOGIN	Robots.txt tarafından engellendi	login_blocked_but_hides_product	308_login_next_to_product	high	en	shop_pdp	pisirme	371023	/en/shop/pisirme/371023	True	True	https://equsto.com/en/login?mode=register&next=/en/shop/pisirme/371023	2026-09-09
P0_RECOVER_PRODUCT	COMMERCE_LEAK_ROBOTS_LOGIN	Robots.txt tarafından engellendi	login_blocked_but_hides_product	308_login_next_to_product	high	en	shop_pdp	tezgah	7754-207cb-25	/en/shop/tezgah/7754-207cb-25	True	True	https://equsto.com/en/login?mode=register&next=/en/shop/tezgah/7754-207cb-25	2026-09-09
P0_RECOVER_PRODUCT	COMMERCE_LEAK_ROBOTS_LOGIN	Robots.txt tarafından engellendi	login_blocked_but_hides_product	308_login_next_to_product	high	en	shop_pdp	tezgah	7758-187c5-23	/en/shop/tezgah/7758-187c5-23	True	True	https://equsto.com/en/login.html?next=/en/shop/tezgah/7758-187c5-23	2026-09-09
P0_RECOVER_PRODUCT	COMMERCE_LEAK_ROBOTS_LOGIN	Robots.txt tarafından engellendi	login_blocked_but_hides_product	308_login_next_to_product		en	shop_pdp	market-reyonlari	eq-lotus-eq78		True	False	https://equsto.com/en/login?mode=register&next=/en/shop/market-reyonlari/eq-lotus-eq78	2026-09-09
P0_RECOVER_PRODUCT	COMMERCE_LEAK_ROBOTS_LOGIN	Robots.txt tarafından engellendi	login_blocked_but_hides_product	308_login_next_to_product	high	en	shop_pdp	sogutma	9805-okb88-a0	/en/shop/sogutma/9805-okb88-a0	True	True	https://equsto.com/en/login?mode=register&next=/en/shop/sogutma/9805-okb88-a0	2026-09-09
P0_RECOVER_PRODUCT	COMMERCE_LEAK_ROBOTS_LOGIN	Robots.txt tarafından engellendi	login_blocked_but_hides_product	308_login_next_to_product	high	en	shop_pdp	tezgah	7911-09060-95	/en/shop/tezgah/7911-09060-95	True	True	https://equsto.com/en/login?mode=register&next=/en/shop/tezgah/7911-09060-95	2026-09-09
P0_RECOVER_PRODUCT	COMMERCE_LEAK_ROBOTS_LOGIN	Robots.txt tarafından engellendi	login_blocked_but_hides_product	308_login_next_to_product		en	shop_pdp	market-reyonlari	eq-melisa-eq1		True	False	https://equsto.com/en/login?mode=register&next=/en/shop/market-reyonlari/eq-melisa-eq1	2026-09-09
P0_RECOVER_PRODUCT	COMMERCE_LEAK_ROBOTS_LOGIN	Robots.txt tarafından engellendi	login_blocked_but_hides_product	308_login_next_to_product	high	en	shop_pdp	tezgah	7911-16060-79	/en/shop/tezgah/7911-16060-79	True	True	https://equsto.com/en/login?mode=register&next=/en/shop/tezgah/7911-16060-79	2026-09-09
P0_RECOVER_PRODUCT	COMMERCE_LEAK_ROBOTS_LOGIN	Robots.txt tarafından engellendi	login_blocked_but_hides_product	308_login_next_to_product	high	en	shop_pdp	set-ustu-mutfak	8350-31043-0k	/en/shop/set-ustu-mutfak/8350-31043-0k	True	True	https://equsto.com/en/login?mode=register&next=/en/shop/set-ustu-mutfak/8350-31043-0k	2026-09-09
P0_RECOVER_PRODUCT	COMMERCE_LEAK_ROBOTS_LOGIN	Robots.txt tarafından engellendi	login_blocked_but_hides_product	308_login_next_to_product		en	other		/en/industrial-cooking-equipment		True	False	https://equsto.com/en/login.html?next=/en/industrial-cooking-equipment	2026-09-09
P0_RECOVER_PRODUCT	COMMERCE_LEAK_ROBOTS_LOGIN	Robots.txt tarafından engellendi	login_blocked_but_hides_product	308_login_next_to_product	high	en	shop_pdp	tezgah	7911-16060-94	/en/shop/tezgah/7911-16060-94	True	True	https://equsto.com/en/login.html?next=/en/shop/tezgah/7911-16060-94	2026-09-09
P0_RECOVER_PRODUCT	COMMERCE_LEAK_ROBOTS_LOGIN	Robots.txt tarafından engellendi	login_blocked_but_hides_product	308_login_next_to_product	high	en	shop_pdp	hazirlik	208-650167-as3xx	/en/shop/hazirlik/208-650167-as3xx	True	True	https://equsto.com/en/login.html?next=/en/shop/hazirlik/208-650167-as3xx	2026-09-09
P0_RECOVER_PRODUCT	COMMERCE_LEAK_ROBOTS_LOGIN	Robots.txt tarafından engellendi	login_blocked_but_hides_product	308_login_next_to_product	high	en	shop_pdp	sogutma	710100	/en/shop/sogutma/710100	True	True	https://equsto.com/en/login?mode=register&next=/en/shop/sogutma/710100	2026-09-09
P0_RECOVER_PRODUCT	COMMERCE_LEAK_ROBOTS_LOGIN	Robots.txt tarafından engellendi	login_blocked_but_hides_product	308_login_next_to_product		en	shop_pdp	market-reyonlari	eq-lotus-eq58		True	False	https://equsto.com/en/login.html?next=/en/shop/market-reyonlari/eq-lotus-eq58	2026-09-09
P0_RECOVER_PRODUCT	COMMERCE_LEAK_ROBOTS_LOGIN	Robots.txt tarafından engellendi	login_blocked_but_hides_product	308_login_next_to_product	high	en	shop_pdp	hazirlik	5kgm	/en/shop/hazirlik/5kgm	True	True	https://equsto.com/en/login.html?next=/en/shop/hazirlik/5kgm	2026-09-09
P0_RECOVER_PRODUCT	COMMERCE_LEAK_ROBOTS_LOGIN	Robots.txt tarafından engellendi	login_blocked_but_hides_product	308_login_next_to_product	high	en	shop_pdp	set-ustu-mutfak	0830-00010-00	/en/shop/set-ustu-mutfak/0830-00010-00	True	True	https://equsto.com/en/login?mode=register&next=/en/shop/set-ustu-mutfak/0830-00010-00	2026-09-09
P0_RECOVER_PRODUCT	COMMERCE_LEAK_ROBOTS_LOGIN	Robots.txt tarafından engellendi	login_blocked_but_hides_product	308_login_next_to_product		en	shop_pdp	market-reyonlari	eq-fulya-hf-tp-eq7		True	False	https://equsto.com/en/login.html?next=/en/shop/market-reyonlari/eq-fulya-hf-tp-eq7	2026-09-09
P0_RECOVER_PRODUCT	COMMERCE_LEAK_ROBOTS_LOGIN	Robots.txt tarafından engellendi	login_blocked_but_hides_product	308_login_next_to_product	high	en	shop_pdp	market-reyonlari	eq-lion-sld-eq37	/en/shop/market-reyonlari/eq-lion-sld-eq37	True	True	https://equsto.com/en/login?mode=register&next=/en/shop/market-reyonlari/eq-lion-sld-eq37	2026-09-09
P0_RECOVER_PRODUCT	COMMERCE_LEAK_ROBOTS_LOGIN	Robots.txt tarafından engellendi	login_blocked_but_hides_product	308_login_next_to_product		en	shop_pdp	market-reyonlari	eq-nergis-fg-eq63		True	False	https://equsto.com/en/login.html?next=/en/shop/market-reyonlari/eq-nergis-fg-eq63	2026-09-09
P0_RECOVER_PRODUCT	COMMERCE_LEAK_ROBOTS_LOGIN	Robots.txt tarafından engellendi	login_blocked_but_hides_product	308_login_next_to_product	high	en	shop_pdp	hazirlik	208-650164-c10wx	/en/shop/hazirlik/208-650164-c10wx	True	True	https://equsto.com/en/login?mode=register&next=/en/shop/hazirlik/208-650164-c10wx	2026-09-09
P0_RECOVER_PRODUCT	COMMERCE_LEAK_ROBOTS_LOGIN	Robots.txt tarafından engellendi	login_blocked_but_hides_product	308_login_next_to_product	high	en	shop_pdp	tezgah	7911-14070-85	/en/shop/tezgah/7911-14070-85	True	True	https://equsto.com/en/login.html?next=/en/shop/tezgah/7911-14070-85	2026-09-09
P0_RECOVER_PRODUCT	COMMERCE_LEAK_ROBOTS_LOGIN	Robots.txt tarafından engellendi	login_blocked_but_hides_product	308_login_next_to_product	high	en	shop_pdp	sogutma	bre-bin350	/en/shop/sogutma/bre-bin350	True	True	https://equsto.com/en/login?mode=register&next=/en/shop/sogutma/bre-bin350	2026-09-09
P0_RECOVER_PRODUCT	COMMERCE_LEAK_ROBOTS_LOGIN	Robots.txt tarafından engellendi	login_blocked_but_hides_product	308_login_next_to_product	high	en	shop_pdp	sogutma	pzag-280	/en/shop/sogutma/pzag-280	True	True	https://equsto.com/en/login.html?next=/en/shop/sogutma/pzag-280	2026-09-09
P0_RECOVER_PRODUCT	COMMERCE_LEAK_ROBOTS_LOGIN	Robots.txt tarafından engellendi	login_blocked_but_hides_product	308_login_next_to_product	high	en	shop_pdp	yikama	118-t-02	/en/shop/yikama/118-t-02	True	True	https://equsto.com/en/login?mode=register&next=/en/shop/yikama/118-t-02	2026-09-09
P0_RECOVER_PRODUCT	COMMERCE_LEAK_ROBOTS_LOGIN	Robots.txt tarafından engellendi	login_blocked_but_hides_product	308_login_next_to_product	high	en	shop_pdp	sogutma	118-ada-210t	/en/shop/sogutma/118-ada-210t	True	True	https://equsto.com/en/login?mode=register&next=/en/shop/sogutma/118-ada-210t	2026-09-09
P0_RECOVER_PRODUCT	COMMERCE_LEAK_ROBOTS_LOGIN	Robots.txt tarafından engellendi	login_blocked_but_hides_product	308_login_next_to_product		en	shop_pdp	market-reyonlari	eq-lotus-eq90		True	False	https://equsto.com/en/login.html?next=/en/shop/market-reyonlari/eq-lotus-eq90	2026-09-09
P0_RECOVER_PRODUCT	COMMERCE_LEAK_ROBOTS_LOGIN	Robots.txt tarafından engellendi	login_blocked_but_hides_product	308_login_next_to_product	high	en	shop_pdp	tezgah	7911-12060-79	/en/shop/tezgah/7911-12060-79	True	True	https://equsto.com/en/login?next=/en/shop/tezgah/7911-12060-79	2026-09-09
P0_RECOVER_PRODUCT	COMMERCE_LEAK_ROBOTS_LOGIN	Robots.txt tarafından engellendi	login_blocked_but_hides_product	308_login_next_to_product	high	en	shop_pdp	tezgah	133076	/en/shop/tezgah/133076	True	True	https://equsto.com/en/login?mode=register&next=/en/shop/tezgah/133076	2026-09-09
P0_RECOVER_PRODUCT	COMMERCE_LEAK_ROBOTS_LOGIN	Robots.txt tarafından engellendi	login_blocked_but_hides_product	308_login_next_to_product	high	en	shop_pdp	tezgah	133076	/en/shop/tezgah/133076	True	True	https://equsto.com/en/login.html?next=/en/shop/tezgah/133076	2026-09-09
P0_RECOVER_PRODUCT	COMMERCE_LEAK_ROBOTS_LOGIN	Robots.txt tarafından engellendi	login_blocked_but_hides_product	308_login_next_to_product	high	en	shop_pdp	sogutma	9805-ofb16-5a	/en/shop/sogutma/9805-ofb16-5a	True	True	https://equsto.com/en/login?mode=register&next=/en/shop/sogutma/9805-ofb16-5a	2026-09-09
P0_RECOVER_PRODUCT	COMMERCE_LEAK_ROBOTS_LOGIN	Robots.txt tarafından engellendi	login_blocked_but_hides_product	308_login_next_to_product	high	en	shop_pdp	hazirlik	2810-00060-14	/en/shop/hazirlik/2810-00060-14	True	True	https://equsto.com/en/login?mode=register&next=/en/shop/hazirlik/2810-00060-14	2026-09-09
P0_RECOVER_PRODUCT	COMMERCE_LEAK_ROBOTS_LOGIN	Robots.txt tarafından engellendi	login_blocked_but_hides_product	308_login_next_to_product		en	shop_pdp	market-reyonlari	eq-nergis-lb-lm-eq1		True	False	https://equsto.com/en/login?mode=register&next=/en/shop/market-reyonlari/eq-nergis-lb-lm-eq1	2026-09-09
P0_RECOVER_PRODUCT	COMMERCE_LEAK_ROBOTS_LOGIN	Robots.txt tarafından engellendi	login_blocked_but_hides_product	308_login_next_to_product	high	en	shop_pdp	tezgah	7876-14060-00	/en/shop/tezgah/7876-14060-00	True	True	https://equsto.com/en/login?mode=register&next=/en/shop/tezgah/7876-14060-00	2026-09-09
P0_RECOVER_PRODUCT	COMMERCE_LEAK_ROBOTS_LOGIN	Robots.txt tarafından engellendi	login_blocked_but_hides_product	308_login_next_to_product	high	en	shop_pdp	davlumbaz	7885-45155-12	/en/shop/davlumbaz/7885-45155-12	True	True	https://equsto.com/en/login?mode=register&next=/en/shop/davlumbaz/7885-45155-12	2026-09-09
P0_RECOVER_PRODUCT	COMMERCE_LEAK_ROBOTS_LOGIN	Robots.txt tarafından engellendi	login_blocked_but_hides_product	308_login_next_to_product	high	en	shop_pdp	tezgah	eq-kptt05-12070	/en/shop/tezgah/eq-kptt05-12070	True	True	https://equsto.com/en/login?mode=register&next=/en/shop/tezgah/eq-kptt05-12070	2026-09-09
P0_RECOVER_PRODUCT	COMMERCE_LEAK_ROBOTS_LOGIN	Robots.txt tarafından engellendi	login_blocked_but_hides_product	308_login_next_to_product	high	en	shop_pdp	davlumbaz	eq-kdavdtf02-22590	/en/shop/davlumbaz/eq-kdavdtf02-22590	True	True	https://equsto.com/en/login?mode=register&next=/en/shop/davlumbaz/eq-kdavdtf02-22590	2026-09-09
P0_RECOVER_PRODUCT	COMMERCE_LEAK_ROBOTS_LOGIN	Robots.txt tarafından engellendi	login_blocked_but_hides_product	308_login_next_to_product	high	en	shop_pdp	tezgah	7911-06060-94	/en/shop/tezgah/7911-06060-94	True	True	https://equsto.com/en/login.html?next=/en/shop/tezgah/7911-06060-94	2026-09-09
P0_RECOVER_PRODUCT	COMMERCE_LEAK_ROBOTS_LOGIN	Robots.txt tarafından engellendi	login_blocked_but_hides_product	308_login_next_to_product	high	en	shop_pdp	tasima	7370-50505-80	/en/shop/tasima/7370-50505-80	True	True	https://equsto.com/en/login?mode=register&next=/en/shop/tasima/7370-50505-80	2026-09-09
P0_RECOVER_PRODUCT	COMMERCE_LEAK_ROBOTS_LOGIN	Robots.txt tarafından engellendi	login_blocked_but_hides_product	308_login_next_to_product	high	en	shop_pdp	tezgah	7754-066e8-01	/en/shop/tezgah/7754-066e8-01	True	True	https://equsto.com/en/login.html?next=/en/shop/tezgah/7754-066e8-01	2026-09-09
P0_RECOVER_PRODUCT	COMMERCE_LEAK_ROBOTS_LOGIN	Robots.txt tarafından engellendi	login_blocked_but_hides_product	308_login_next_to_product	high	en	shop_pdp	tasima	7912-15894-o0	/en/shop/tasima/7912-15894-o0	True	True	https://equsto.com/en/login?mode=register&next=/en/shop/tasima/7912-15894-o0	2026-09-09
P0_RECOVER_PRODUCT	COMMERCE_LEAK_ROBOTS_LOGIN	Robots.txt tarafından engellendi	login_blocked_but_hides_product	308_login_next_to_product	high	en	shop_pdp	tezgah	7897-14030-07	/en/shop/tezgah/7897-14030-07	True	True	https://equsto.com/en/login.html?next=/en/shop/tezgah/7897-14030-07	2026-09-09
P0_RECOVER_PRODUCT	COMMERCE_LEAK_ROBOTS_LOGIN	Robots.txt tarafından engellendi	login_blocked_but_hides_product	308_login_next_to_product		en	shop_pdp	market-reyonlari	eq-fulya-nv-fg-eq24		True	False	https://equsto.com/en/login.html?next=/en/shop/market-reyonlari/eq-fulya-nv-fg-eq24	2026-09-09
P0_RECOVER_PRODUCT	COMMERCE_LEAK_ROBOTS_LOGIN	Robots.txt tarafından engellendi	login_blocked_but_hides_product	308_login_next_to_product	high	en	shop_pdp	tezgah	7758-247c8-33	/en/shop/tezgah/7758-247c8-33	True	True	https://equsto.com/en/login.html?next=/en/shop/tezgah/7758-247c8-33	2026-09-09
P0_RECOVER_PRODUCT	COMMERCE_LEAK_ROBOTS_LOGIN	Robots.txt tarafından engellendi	login_blocked_but_hides_product	308_login_next_to_product	high	en	shop_pdp	pisirme	spr17-1	/en/shop/pisirme/spr17-1	True	True	https://equsto.com/en/login?mode=register&next=/en/shop/pisirme/spr17-1	2026-09-09
P0_RECOVER_PRODUCT	COMMERCE_LEAK_ROBOTS_LOGIN	Robots.txt tarafından engellendi	login_blocked_but_hides_product	308_login_next_to_product	high	en	shop_pdp	sogutma	7919-cr3520-00	/en/shop/sogutma/7919-cr3520-00	True	True	https://equsto.com/en/login.html?next=/en/shop/sogutma/7919-cr3520-00	2026-09-09
P0_RECOVER_PRODUCT	COMMERCE_LEAK_ROBOTS_LOGIN	Robots.txt tarafından engellendi	login_blocked_but_hides_product	308_login_next_to_product	high	en	shop_pdp	tezgah	7712-14090-01	/en/shop/tezgah/7712-14090-01	True	True	https://equsto.com/en/login.html?next=/en/shop/tezgah/7712-14090-01	2026-09-09
P0_RECOVER_PRODUCT	COMMERCE_LEAK_ROBOTS_LOGIN	Robots.txt tarafından engellendi	login_blocked_but_hides_product	308_login_next_to_product	high	en	shop_pdp	hazirlik	118-ggm-m30	/en/shop/hazirlik/118-ggm-m30	True	True	https://equsto.com/en/login?next=/en/shop/hazirlik/118-ggm-m30	2026-09-09
P0_RECOVER_PRODUCT	COMMERCE_LEAK_ROBOTS_LOGIN	Robots.txt tarafından engellendi	login_blocked_but_hides_product	308_login_next_to_product	high	en	shop_pdp	yikama	0753-45602-10	/en/shop/yikama/0753-45602-10	True	True	https://equsto.com/en/login?mode=register&next=/en/shop/yikama/0753-45602-10	2026-09-09
P0_RECOVER_PRODUCT	COMMERCE_LEAK_ROBOTS_LOGIN	Robots.txt tarafından engellendi	login_blocked_but_hides_product	308_login_next_to_product	high	en	shop_pdp	tasima	8360-00007-08	/en/shop/tasima/8360-00007-08	True	True	https://equsto.com/en/login?mode=register&next=/en/shop/tasima/8360-00007-08	2026-09-09
P0_RECOVER_PRODUCT	COMMERCE_LEAK_ROBOTS_LOGIN	Robots.txt tarafından engellendi	login_blocked_but_hides_product	308_login_next_to_product	high	en	shop_pdp	sogutma	sbt-2n70e	/en/shop/sogutma/sbt-2n70e	True	True	https://equsto.com/en/login?mode=register&next=/en/shop/sogutma/sbt-2n70e	2026-09-09
P0_RECOVER_PRODUCT	COMMERCE_LEAK_ROBOTS_LOGIN	Robots.txt tarafından engellendi	login_blocked_but_hides_product	308_login_next_to_product		en	shop_pdp	market-reyonlari	eq-lotus-lb-eq30		True	False	https://equsto.com/en/login?mode=register&next=/en/shop/market-reyonlari/eq-lotus-lb-eq30	2026-09-09
P0_RECOVER_PRODUCT	COMMERCE_LEAK_ROBOTS_LOGIN	Robots.txt tarafından engellendi	login_blocked_but_hides_product	308_login_next_to_product	high	en	shop_pdp	tezgah	7876-14060-00	/en/shop/tezgah/7876-14060-00	True	True	https://equsto.com/en/login.html?next=/en/shop/tezgah/7876-14060-00	2026-09-09
P0_RECOVER_PRODUCT	COMMERCE_LEAK_ROBOTS_LOGIN	Robots.txt tarafından engellendi	login_blocked_but_hides_product	308_login_next_to_product		en	shop_pdp	market-reyonlari	eq-nergis-lm-eq34		True	False	https://equsto.com/en/login?mode=register&next=/en/shop/market-reyonlari/eq-nergis-lm-eq34	2026-09-09
P0_RECOVER_PRODUCT	COMMERCE_LEAK_ROBOTS_LOGIN	Robots.txt tarafından engellendi	login_blocked_but_hides_product	308_login_next_to_product	high	en	shop_pdp	tezgah	7897-19030-02	/en/shop/tezgah/7897-19030-02	True	True	https://equsto.com/en/login?mode=register&next=/en/shop/tezgah/7897-19030-02	2026-09-09
P0_RECOVER_PRODUCT	COMMERCE_LEAK_ROBOTS_LOGIN	Robots.txt tarafından engellendi	login_blocked_but_hides_product	308_login_next_to_product	high	en	shop_pdp	tezgah	7876-16070-00	/en/shop/tezgah/7876-16070-00	True	True	https://equsto.com/en/login?mode=register&next=/en/shop/tezgah/7876-16070-00	2026-09-09
P0_RECOVER_PRODUCT	COMMERCE_LEAK_ROBOTS_LOGIN	Robots.txt tarafından engellendi	login_blocked_but_hides_product	308_login_next_to_product	high	en	shop_pdp	tezgah	eq-kmertt05-09070	/en/shop/tezgah/eq-kmertt05-09070	True	True	https://equsto.com/en/login.html?next=/en/shop/tezgah/eq-kmertt05-09070	2026-09-09
P0_RECOVER_PRODUCT	COMMERCE_LEAK_ROBOTS_LOGIN	Robots.txt tarafından engellendi	login_blocked_but_hides_product	308_login_next_to_product	high	en	shop_pdp	davlumbaz	7885-55155-10	/en/shop/davlumbaz/7885-55155-10	True	True	https://equsto.com/en/login?mode=register&next=/en/shop/davlumbaz/7885-55155-10	2026-09-09
P0_RECOVER_PRODUCT	COMMERCE_LEAK_ROBOTS_LOGIN	Robots.txt tarafından engellendi	login_blocked_but_hides_product	308_login_next_to_product	high	en	shop_pdp	pisirme	7960-20629-7y1	/en/shop/yikama/7960-20629-7y1	True	True	https://equsto.com/en/login?mode=register&next=/en/shop/pisirme/7960-20629-7y1	2026-09-09
P0_RECOVER_PRODUCT	COMMERCE_LEAK_ROBOTS_LOGIN	Robots.txt tarafından engellendi	login_blocked_but_hides_product	308_login_next_to_product	high	en	shop_pdp	hazirlik	9350-seg18-00t	/en/shop/set-ustu-mutfak/9350-seg18-00t	True	True	https://equsto.com/en/login.html?next=/en/shop/hazirlik/9350-seg18-00t	2026-09-09
P0_RECOVER_PRODUCT	COMMERCE_LEAK_ROBOTS_LOGIN	Robots.txt tarafından engellendi	login_blocked_but_hides_product	308_login_next_to_product		en	shop_pdp	market-reyonlari	eq-nergis-lb-fg-sky-eq9		True	False	https://equsto.com/en/login?mode=register&next=/en/shop/market-reyonlari/eq-nergis-lb-fg-sky-eq9	2026-09-09
P0_RECOVER_PRODUCT	COMMERCE_LEAK_ROBOTS_LOGIN	Robots.txt tarafından engellendi	login_blocked_but_hides_product	308_login_next_to_product	high	en	shop_pdp	tasima	7912-15070-a0	/en/shop/tasima/7912-15070-a0	True	True	https://equsto.com/en/login.html?next=/en/shop/tasima/7912-15070-a0	2026-09-09
P0_RECOVER_PRODUCT	COMMERCE_LEAK_ROBOTS_LOGIN	Robots.txt tarafından engellendi	login_blocked_but_hides_product	308_login_next_to_product	high	en	shop_pdp	market-reyonlari	eq-falcon-plug-in-eq16	/en/shop/market-reyonlari/eq-falcon-plug-in-eq16	True	True	https://equsto.com/en/login.html?next=/en/shop/market-reyonlari/eq-falcon-plug-in-eq16	2026-09-09
P0_RECOVER_PRODUCT	COMMERCE_LEAK_ROBOTS_LOGIN	Robots.txt tarafından engellendi	login_blocked_but_hides_product	308_login_next_to_product	high	en	shop_pdp	pisirme	8890-p6262-02	/en/shop/pisirme/8890-p6262-02	True	True	https://equsto.com/en/login?mode=register&next=/en/shop/pisirme/8890-p6262-02	2026-09-09
P0_RECOVER_PRODUCT	COMMERCE_LEAK_ROBOTS_LOGIN	Robots.txt tarafından engellendi	login_blocked_but_hides_product	308_login_next_to_product	high	en	shop_pdp	tezgah	7876-16070-00	/en/shop/tezgah/7876-16070-00	True	True	https://equsto.com/en/login.html?next=/en/shop/tezgah/7876-16070-00	2026-09-09
P0_RECOVER_PRODUCT	COMMERCE_LEAK_ROBOTS_LOGIN	Robots.txt tarafından engellendi	login_blocked_but_hides_product	308_login_next_to_product		en	shop_pdp	market-reyonlari	eq-nergis-tp-sky-eq23		True	False	https://equsto.com/en/login?mode=register&next=/en/shop/market-reyonlari/eq-nergis-tp-sky-eq23	2026-09-09
P0_RECOVER_PRODUCT	COMMERCE_LEAK_ROBOTS_LOGIN	Robots.txt tarafından engellendi	login_blocked_but_hides_product	308_login_next_to_product	high	en	shop_pdp	tezgah	eq-kmertt01-16070	/en/shop/tezgah/eq-kmertt01-16070	True	True	https://equsto.com/en/login.html?next=/en/shop/tezgah/eq-kmertt01-16070	2026-09-09
P0_RECOVER_PRODUCT	COMMERCE_LEAK_ROBOTS_LOGIN	Robots.txt tarafından engellendi	login_blocked_but_hides_product	308_login_next_to_product	high	en	shop_pdp	davlumbaz	eq-kdavot01-250200	/en/shop/davlumbaz/eq-kdavot01-250200	True	True	https://equsto.com/en/login?mode=register&next=/en/shop/davlumbaz/eq-kdavot01-250200	2026-09-09
P0_RECOVER_PRODUCT	COMMERCE_LEAK_ROBOTS_LOGIN	Robots.txt tarafından engellendi	login_blocked_but_hides_product	308_login_next_to_product	high	en	shop_pdp	tezgah	7911-16070-00	/en/shop/tezgah/7911-16070-00	True	True	https://equsto.com/en/login.html?next=/en/shop/tezgah/7911-16070-00	2026-09-09
P0_RECOVER_PRODUCT	COMMERCE_LEAK_ROBOTS_LOGIN	Robots.txt tarafından engellendi	login_blocked_but_hides_product	308_login_next_to_product	high	en	shop_pdp	dolap	7754-197d5-25	/en/shop/tezgah/7754-197d5-25	True	True	https://equsto.com/en/login.html?next=/en/shop/dolap/7754-197d5-25	2026-09-09
P0_RECOVER_PRODUCT	COMMERCE_LEAK_ROBOTS_LOGIN	Robots.txt tarafından engellendi	login_blocked_but_hides_product	308_login_next_to_product		en	shop_pdp	marka	kalko		True	False	https://equsto.com/en/login?mode=register&next=/en/shop/marka/kalko	2026-09-09
P0_RECOVER_PRODUCT	COMMERCE_LEAK_ROBOTS_LOGIN	Robots.txt tarafından engellendi	login_blocked_but_hides_product	308_login_next_to_product	high	en	shop_pdp	market-reyonlari	eq-falcon-sld-eq85	/en/shop/market-reyonlari/eq-falcon-sld-eq85	True	True	https://equsto.com/en/login?mode=register&next=/en/shop/market-reyonlari/eq-falcon-sld-eq85	2026-09-09
P0_RECOVER_PRODUCT	COMMERCE_LEAK_ROBOTS_LOGIN	Robots.txt tarafından engellendi	login_blocked_but_hides_product	308_login_next_to_product	high	en	shop_pdp	pisirme	ino-zmd-9me10	/en/shop/pisirme/ino-zmd-9me10	True	True	https://equsto.com/en/login?mode=register&next=/en/shop/pisirme/ino-zmd-9me10	2026-09-09
P0_RECOVER_PRODUCT	COMMERCE_LEAK_ROBOTS_LOGIN	Robots.txt tarafından engellendi	login_blocked_but_hides_product	308_login_next_to_product	high	en	shop_pdp	pisirme	7855-00500-00	/en/shop/pisirme/7855-00500-00	True	True	https://equsto.com/en/login?mode=register&next=/en/shop/pisirme/7855-00500-00	2026-09-09
P0_RECOVER_PRODUCT	COMMERCE_LEAK_ROBOTS_LOGIN	Robots.txt tarafından engellendi	login_blocked_but_hides_product	308_login_next_to_product	high	en	shop_pdp	set-ustu-mutfak	0213-11065-01	/en/shop/set-ustu-mutfak/0213-11065-01	True	True	https://equsto.com/en/login.html?next=/en/shop/set-ustu-mutfak/0213-11065-01	2026-09-09
P0_RECOVER_PRODUCT	COMMERCE_LEAK_ROBOTS_LOGIN	Robots.txt tarafından engellendi	login_blocked_but_hides_product	308_login_next_to_product	high	en	shop_pdp	yikama	520485	/en/shop/yikama/520485	True	True	https://equsto.com/en/login?mode=register&next=/en/shop/yikama/520485	2026-09-09
P0_RECOVER_PRODUCT	COMMERCE_LEAK_ROBOTS_LOGIN	Robots.txt tarafından engellendi	login_blocked_but_hides_product	308_login_next_to_product	high	en	shop_pdp	sogutma	bre-freshmakera	/en/shop/sogutma/bre-freshmakera	True	True	https://equsto.com/en/login.html?next=/en/shop/sogutma/bre-freshmakera	2026-09-09
P0_RECOVER_PRODUCT	COMMERCE_LEAK_ROBOTS_LOGIN	Robots.txt tarafından engellendi	login_blocked_but_hides_product	308_login_next_to_product	high	en	shop_pdp	hazirlik	btm-400s	/en/shop/hazirlik/btm-400s	True	True	https://equsto.com/en/login?mode=register&next=/en/shop/hazirlik/btm-400s	2026-09-09
P0_RECOVER_PRODUCT	COMMERCE_LEAK_ROBOTS_LOGIN	Robots.txt tarafından engellendi	login_blocked_but_hides_product	308_login_next_to_product	high	en	shop_pdp	davlumbaz	eq-kdavot01-275150	/en/shop/davlumbaz/eq-kdavot01-275150	True	True	https://equsto.com/en/login?mode=register&next=/en/shop/davlumbaz/eq-kdavot01-275150	2026-09-09
P0_RECOVER_PRODUCT	COMMERCE_LEAK_ROBOTS_LOGIN	Robots.txt tarafından engellendi	login_blocked_but_hides_product	308_login_next_to_product		en	shop_pdp	market-reyonlari	eq-lotus-lb-eq59		True	False	https://equsto.com/en/login.html?next=/en/shop/market-reyonlari/eq-lotus-lb-eq59	2026-09-08
P0_RECOVER_PRODUCT	COMMERCE_LEAK_ROBOTS_LOGIN	Robots.txt tarafından engellendi	login_blocked_but_hides_product	308_login_next_to_product	high	en	shop_pdp	tezgah	7754-196e5-23	/en/shop/tezgah/7754-196e5-23	True	True	https://equsto.com/en/login.html?next=/en/shop/tezgah/7754-196e5-23	2026-09-08
P0_RECOVER_PRODUCT	COMMERCE_LEAK_ROBOTS_LOGIN	Robots.txt tarafından engellendi	login_blocked_but_hides_product	308_login_next_to_product	high	en	shop_pdp	hazirlik	8820-uh100-mn	/en/shop/hazirlik/8820-uh100-mn	True	True	https://equsto.com/en/login?mode=register&next=/en/shop/hazirlik/8820-uh100-mn	2026-09-08
P0_RECOVER_PRODUCT	COMMERCE_LEAK_ROBOTS_LOGIN	Robots.txt tarafından engellendi	login_blocked_but_hides_product	308_login_next_to_product	high	en	shop_pdp	pisirme	ali-473	/en/shop/pisirme/ali-473	True	True	https://equsto.com/en/login.html?next=/en/shop/pisirme/ali-473	2026-09-08
P0_RECOVER_PRODUCT	COMMERCE_LEAK_ROBOTS_LOGIN	Robots.txt tarafından engellendi	login_blocked_but_hides_product	308_login_next_to_product	high	en	shop_pdp	tezgah	7712-14070-03	/en/shop/tezgah/7712-14070-03	True	True	https://equsto.com/en/login?mode=register&next=/en/shop/tezgah/7712-14070-03	2026-09-08
P0_RECOVER_PRODUCT	COMMERCE_LEAK_ROBOTS_LOGIN	Robots.txt tarafından engellendi	login_blocked_but_hides_product	308_login_next_to_product	high	en	shop_pdp	pisirme	9890-xf003-00	/en/shop/pisirme/9890-xf003-00	True	True	https://equsto.com/en/login?mode=register&next=/en/shop/pisirme/9890-xf003-00	2026-09-08
P0_RECOVER_PRODUCT	COMMERCE_LEAK_ROBOTS_LOGIN	Robots.txt tarafından engellendi	login_blocked_but_hides_product	308_login_next_to_product	high	en	shop_pdp	set-ustu-mutfak	6260-00072-41	/en/shop/set-ustu-mutfak/6260-00072-41	True	True	https://equsto.com/en/login.html?next=/en/shop/set-ustu-mutfak/6260-00072-41	2026-09-07
P0_RECOVER_PRODUCT	COMMERCE_LEAK_ROBOTS_LOGIN	Robots.txt tarafından engellendi	login_blocked_but_hides_product	308_login_next_to_product	high	en	shop_pdp	icecek	m10-ai	/en/shop/icecek/m10-ai	True	True	https://equsto.com/en/login.html?next=/en/shop/icecek/m10-ai	2026-09-07
P0_RECOVER_PRODUCT	COMMERCE_LEAK_ROBOTS_LOGIN	Robots.txt tarafından engellendi	login_blocked_but_hides_product	308_login_next_to_product		en	shop_pdp	market-reyonlari	eq-nergis-lb-fg-sky-eq43		True	False	https://equsto.com/en/login?mode=register&next=/en/shop/market-reyonlari/eq-nergis-lb-fg-sky-eq43	2026-09-07
P0_RECOVER_PRODUCT	COMMERCE_LEAK_ROBOTS_LOGIN	Robots.txt tarafından engellendi	login_blocked_but_hides_product	308_login_next_to_product		en	shop_pdp	market-reyonlari	eq-fulya-hf-lm-eq18		True	False	https://equsto.com/en/login?mode=register&next=/en/shop/market-reyonlari/eq-fulya-hf-lm-eq18	2026-09-07
P0_RECOVER_PRODUCT	COMMERCE_LEAK_ROBOTS_LOGIN	Robots.txt tarafından engellendi	login_blocked_but_hides_product	308_login_next_to_product	high	en	shop_pdp	sogutma	bre-cb1565ahc	/en/shop/sogutma/bre-cb1565ahc	True	True	https://equsto.com/en/login.html?next=/en/shop/sogutma/bre-cb1565ahc	2026-09-07
P0_RECOVER_PRODUCT	COMMERCE_LEAK_ROBOTS_LOGIN	Robots.txt tarafından engellendi	login_blocked_but_hides_product	308_login_next_to_product	high	en	shop_pdp	market-reyonlari	eq-falcon-eq64	/en/shop/market-reyonlari/eq-falcon-eq64	True	True	https://equsto.com/en/login.html?next=/en/shop/market-reyonlari/eq-falcon-eq64	2026-09-07
P0_RECOVER_PRODUCT	COMMERCE_LEAK_ROBOTS_LOGIN	Robots.txt tarafından engellendi	login_blocked_but_hides_product	308_login_next_to_product	high	en	shop_pdp	tezgah	7911-10070-79	/en/shop/tezgah/7911-10070-79	True	True	https://equsto.com/en/login.html?next=/en/shop/tezgah/7911-10070-79	2026-09-07
P0_RECOVER_PRODUCT	COMMERCE_LEAK_ROBOTS_LOGIN	Robots.txt tarafından engellendi	login_blocked_but_hides_product	308_login_next_to_product	high	en	shop_pdp	sogutma	7919-df1515-00	/en/shop/sogutma/7919-df1515-00	True	True	https://equsto.com/en/login?mode=register&next=/en/shop/sogutma/7919-df1515-00	2026-09-07
P0_RECOVER_PRODUCT	COMMERCE_LEAK_ROBOTS_LOGIN	Robots.txt tarafından engellendi	login_blocked_but_hides_product	308_login_next_to_product	high	en	shop_pdp	pisirme	adr-c1-8e	/en/shop/pisirme/adr-c1-8e	True	True	https://equsto.com/en/login.html?next=/en/shop/pisirme/adr-c1-8e	2026-09-07
P0_RECOVER_PRODUCT	COMMERCE_LEAK_ROBOTS_LOGIN	Robots.txt tarafından engellendi	login_blocked_but_hides_product	308_login_next_to_product		en	shop_pdp	market-reyonlari	eq-fulya-hf-lm-eq18		True	False	https://equsto.com/en/login.html?next=/en/shop/market-reyonlari/eq-fulya-hf-lm-eq18	2026-09-07
P0_RECOVER_PRODUCT	COMMERCE_LEAK_ROBOTS_LOGIN	Robots.txt tarafından engellendi	login_blocked_but_hides_product	308_login_next_to_product	high	en	shop_pdp	dolap	7911-16070-85	/en/shop/tezgah/7911-16070-85	True	True	https://equsto.com/en/login.html?next=/en/shop/dolap/7911-16070-85	2026-09-07
P0_RECOVER_PRODUCT	COMMERCE_LEAK_ROBOTS_LOGIN	Robots.txt tarafından engellendi	login_blocked_but_hides_product	308_login_next_to_product	high	en	shop_pdp	tezgah	ino-krc080c	/en/shop/tezgah/ino-krc080c	True	True	https://equsto.com/en/login.html?next=/en/shop/tezgah/ino-krc080c	2026-09-07
P0_RECOVER_PRODUCT	COMMERCE_LEAK_ROBOTS_LOGIN	Robots.txt tarafından engellendi	login_blocked_but_hides_product	308_login_next_to_product		en	shop_pdp	marka	şenox		True	False	https://equsto.com/en/login?mode=register&next=/en/shop/marka/%25C5%259Fenox	2026-09-07
P0_RECOVER_PRODUCT	COMMERCE_LEAK_ROBOTS_LOGIN	Robots.txt tarafından engellendi	login_blocked_but_hides_product	308_login_next_to_product	high	en	shop_pdp	pisirme	npicco76-1	/en/shop/pisirme/npicco76-1	True	True	https://equsto.com/en/login.html?next=/en/shop/pisirme/npicco76-1	2026-09-07
P0_RECOVER_PRODUCT	COMMERCE_LEAK_ROBOTS_LOGIN	Robots.txt tarafından engellendi	login_blocked_but_hides_product	308_login_next_to_product	high	en	shop_pdp	davlumbaz	7885-20155-14	/en/shop/davlumbaz/7885-20155-14	True	True	https://equsto.com/en/login?mode=register&next=/en/shop/davlumbaz/7885-20155-14	2026-09-06
P0_RECOVER_PRODUCT	COMMERCE_LEAK_ROBOTS_LOGIN	Robots.txt tarafından engellendi	login_blocked_but_hides_product	308_login_next_to_product	high	en	shop_pdp	set-ustu-mutfak	8894-05500-00	/en/shop/set-ustu-mutfak/8894-05500-00	True	True	https://equsto.com/en/login.html?next=/en/shop/set-ustu-mutfak/8894-05500-00	2026-09-06
P0_RECOVER_PRODUCT	COMMERCE_LEAK_ROBOTS_LOGIN	Robots.txt tarafından engellendi	login_blocked_but_hides_product	308_login_next_to_product	high	en	shop_pdp	sogutma	79e3-27lmv-03	/en/shop/sogutma/79e3-27lmv-03	True	True	https://equsto.com/en/login.html?next=/en/shop/sogutma/79e3-27lmv-03	2026-09-06
P0_RECOVER_PRODUCT	COMMERCE_LEAK_ROBOTS_LOGIN	Robots.txt tarafından engellendi	login_blocked_but_hides_product	308_login_next_to_product	high	en	shop_pdp	tezgah	7911-16060-28	/en/shop/tezgah/7911-16060-28	True	True	https://equsto.com/en/login?next=/en/shop/tezgah/7911-16060-28	2026-09-06
P0_RECOVER_PRODUCT	COMMERCE_LEAK_ROBOTS_LOGIN	Robots.txt tarafından engellendi	login_blocked_but_hides_product	308_login_next_to_product	high	en	shop_pdp	sogutma	bre-id70	/en/shop/sogutma/bre-id70	True	True	https://equsto.com/en/login.html?next=/en/shop/sogutma/bre-id70	2026-09-06
P0_RECOVER_PRODUCT	COMMERCE_LEAK_ROBOTS_LOGIN	Robots.txt tarafından engellendi	login_blocked_but_hides_product	308_login_next_to_product	high	en	shop_pdp	tezgah	7911-19060-81	/en/shop/tezgah/7911-19060-81	True	True	https://equsto.com/en/login?mode=register&next=/en/shop/tezgah/7911-19060-81	2026-09-06
P0_RECOVER_PRODUCT	COMMERCE_LEAK_ROBOTS_LOGIN	Robots.txt tarafından engellendi	login_blocked_but_hides_product	308_login_next_to_product	high	en	shop_pdp	tezgah	7911-06060-82	/en/shop/tezgah/7911-06060-82	True	True	https://equsto.com/en/login.html?next=/en/shop/tezgah/7911-06060-82	2026-09-06
P0_RECOVER_PRODUCT	COMMERCE_LEAK_ROBOTS_LOGIN	Robots.txt tarafından engellendi	login_blocked_but_hides_product	308_login_next_to_product	med	en	shop_pdp	tezgah	pimak-14070-13	/en/shop/tezgah/7911-14070-13	True	True	https://equsto.com/en/login.html?next=/en/shop/tezgah/pimak-14070-13	2026-09-06
P0_RECOVER_PRODUCT	COMMERCE_LEAK_ROBOTS_LOGIN	Robots.txt tarafından engellendi	login_blocked_but_hides_product	308_login_next_to_product	high	en	shop_pdp	tezgah	7911-19060-81	/en/shop/tezgah/7911-19060-81	True	True	https://equsto.com/en/login.html?next=/en/shop/tezgah/7911-19060-81	2026-09-06
P0_RECOVER_PRODUCT	COMMERCE_LEAK_ROBOTS_LOGIN	Robots.txt tarafından engellendi	login_blocked_but_hides_product	308_login_next_to_product	high	en	shop_pdp	hazirlik	208-650160-c10sx	/en/shop/hazirlik/208-650160-c10sx	True	True	https://equsto.com/en/login?mode=register&next=/en/shop/hazirlik/208-650160-c10sx	2026-09-06
P0_RECOVER_PRODUCT	COMMERCE_LEAK_ROBOTS_LOGIN	Robots.txt tarafından engellendi	login_blocked_but_hides_product	308_login_next_to_product	high	en	shop_pdp	tezgah	eq-kcevt01-09070	/en/shop/tezgah/eq-kcevt01-09070	True	True	https://equsto.com/en/login.html?next=/en/shop/tezgah/eq-kcevt01-09070	2026-09-06
P0_RECOVER_PRODUCT	COMMERCE_LEAK_ROBOTS_LOGIN	Robots.txt tarafından engellendi	login_blocked_but_hides_product	308_login_next_to_product	high	en	shop_pdp	set-ustu-mutfak	2840-16010-06	/en/shop/set-ustu-mutfak/2840-16010-06	True	True	https://equsto.com/en/login.html?next=/en/shop/set-ustu-mutfak/2840-16010-06	2026-09-06
P0_RECOVER_PRODUCT	COMMERCE_LEAK_ROBOTS_LOGIN	Robots.txt tarafından engellendi	login_blocked_but_hides_product	308_login_next_to_product	high	en	shop_pdp	dolap	7754-207cb-21	/en/shop/tezgah/7754-207cb-21	True	True	https://equsto.com/en/login.html?next=/en/shop/dolap/7754-207cb-21	2026-09-06
P0_RECOVER_PRODUCT	COMMERCE_LEAK_ROBOTS_LOGIN	Robots.txt tarafından engellendi	login_blocked_but_hides_product	308_login_next_to_product	high	en	shop_pdp	pisirme	391379	/en/shop/pisirme/391379	True	False	https://equsto.com/en/login.html?next=/en/shop/pisirme/391379	2026-09-06
P0_RECOVER_PRODUCT	COMMERCE_LEAK_ROBOTS_LOGIN	Robots.txt tarafından engellendi	login_blocked_but_hides_product	308_login_next_to_product	high	en	shop_pdp	icecek	8573-ese3r-00	/en/shop/icecek/8573-ese3r-00	True	True	https://equsto.com/en/login.html?next=/en/shop/icecek/8573-ese3r-00	2026-09-06
P0_RECOVER_PRODUCT	COMMERCE_LEAK_ROBOTS_LOGIN	Robots.txt tarafından engellendi	login_blocked_but_hides_product	308_login_next_to_product	high	en	shop_pdp	pisirme	spr18-4	/en/shop/pisirme/spr18-4	True	True	https://equsto.com/en/login.html?next=/en/shop/pisirme/spr18-4	2026-09-05
P0_RECOVER_PRODUCT	FIX_REDIRECT	Yeniden yönlendirme hatası	broken_redirect_sellable	fix_to->/shop/pisirme/gn1-2+gn1-3150	high	tr	shop_pdp	pisirme	gn1-2+gn1-3150	/shop/pisirme/gn1-2+gn1-3150	False	True	https://equsto.com/shop/pisirme/gn1-2+gn1-3150	2026-08-31
P0_RECOVER_PRODUCT	FIX_REDIRECT	Yeniden yönlendirme hatası	broken_redirect_sellable	fix_to->/shop/tezgah/7911-14060-23p	high	tr	shop_pdp	dolap	7911-14060-23p	/shop/tezgah/7911-14060-23p	False	True	https://equsto.com/shop/dolap/7911-14060-23p	2026-07-29
P0_RECOVER_PRODUCT	FIX_REDIRECT	Yeniden yönlendirme hatası	broken_redirect_sellable	fix_to->/shop/tezgah/7911-14080-30	high	tr	shop_pdp	dolap	7911-14080-30	/shop/tezgah/7911-14080-30	False	True	https://equsto.com/shop/dolap/7911-14080-30	2026-07-28
P0_RECOVER_PRODUCT	FIX_REDIRECT	Yeniden yönlendirme hatası	broken_redirect_sellable	fix_to->/shop/tezgah/7754-196e8-23	high	tr	shop_pdp	tezgah	oztiryakiler-endustriyel-mutfak__7754-196e8-23	/shop/tezgah/7754-196e8-23	False	True	https://equsto.com/shop/tezgah/oztiryakiler-endustriyel-mutfak__7754-196e8-23	2026-07-28
P0_RECOVER_PRODUCT	FIX_REDIRECT	Yeniden yönlendirme hatası	broken_redirect_sellable	fix_to->/shop/tezgah/79k4-12lmv-10	high	tr	shop_pdp	dolap	oztiryakiler-endustriyel-mutfak__79k4-12lmv-10	/shop/tezgah/79k4-12lmv-10	False	True	https://equsto.com/shop/dolap/oztiryakiler-endustriyel-mutfak__79k4-12lmv-10	2026-07-28
P0_RECOVER_PRODUCT	FIX_REDIRECT	Yeniden yönlendirme hatası	broken_redirect_sellable	fix_to->/shop/tezgah/7911-16070-09	high	tr	shop_pdp	tezgah	oztiryakiler-endustriyel-mutfak__7911-16070-09	/shop/tezgah/7911-16070-09	False	True	https://equsto.com/shop/tezgah/oztiryakiler-endustriyel-mutfak__7911-16070-09	2026-07-28
P0_RECOVER_PRODUCT	FIX_REDIRECT	Yeniden yönlendirme hatası	broken_redirect_sellable	fix_to->/shop/tezgah/7911-10060-94	high	tr	shop_pdp	dolap	oztiryakiler-endustriyel-mutfak__7911-10060-94	/shop/tezgah/7911-10060-94	False	True	https://equsto.com/shop/dolap/oztiryakiler-endustriyel-mutfak__7911-10060-94	2026-07-28
P0_RECOVER_PRODUCT	FIX_REDIRECT	Yeniden yönlendirme hatası	broken_redirect_sellable	fix_to->/shop/tezgah/7754-146eb-11	high	tr	shop_pdp	dolap	oztiryakiler-endustriyel-mutfak__7754-146eb-11	/shop/tezgah/7754-146eb-11	False	True	https://equsto.com/shop/dolap/oztiryakiler-endustriyel-mutfak__7754-146eb-11	2026-07-28
P0_RECOVER_PRODUCT	FIX_REDIRECT	Yeniden yönlendirme hatası	broken_redirect_sellable	fix_to->/shop/tezgah/7911-06060-81	high	tr	shop_pdp	dolap	7911-06060-81	/shop/tezgah/7911-06060-81	False	True	https://equsto.com/shop/dolap/7911-06060-81	2026-07-28
P0_RECOVER_PRODUCT	FIX_REDIRECT	Yeniden yönlendirme hatası	broken_redirect_sellable	fix_to->/shop/tezgah/7911-19080-30m	high	tr	shop_pdp	tezgah	oztiryakiler-endustriyel-mutfak__7911-19080-30m	/shop/tezgah/7911-19080-30m	False	True	https://equsto.com/shop/tezgah/oztiryakiler-endustriyel-mutfak__7911-19080-30m	2026-07-28
P0_RECOVER_PRODUCT	FIX_REDIRECT	Yeniden yönlendirme hatası	broken_redirect_sellable	fix_to->/shop/tezgah/7758-187c5-23	high	tr	shop_pdp	tezgah	oztiryakiler-endustriyel-mutfak__7758-187c5-23	/shop/tezgah/7758-187c5-23	False	True	https://equsto.com/shop/tezgah/oztiryakiler-endustriyel-mutfak__7758-187c5-23	2026-07-28
P0_RECOVER_PRODUCT	FIX_REDIRECT	Yeniden yönlendirme hatası	broken_redirect_sellable	fix_to->/shop/tezgah/7911-19070-48	high	tr	shop_pdp	dolap	7911-19070-48	/shop/tezgah/7911-19070-48	False	True	https://equsto.com/shop/dolap/7911-19070-48	2026-07-27
P0_RECOVER_PRODUCT	FIX_REDIRECT	Yeniden yönlendirme hatası	broken_redirect_sellable	fix_to->/shop/tezgah/7911-16060-23p	high	tr	shop_pdp	dolap	oztiryakiler-endustriyel-mutfak__7911-16060-23p	/shop/tezgah/7911-16060-23p	False	True	https://equsto.com/shop/dolap/oztiryakiler-endustriyel-mutfak__7911-16060-23p	2026-07-27
P0_RECOVER_PRODUCT	FIX_REDIRECT	Yeniden yönlendirme hatası	broken_redirect_sellable	fix_to->/shop/tezgah/7758-146a5-13	high	tr	shop_pdp	dolap	7758-146a5-13	/shop/tezgah/7758-146a5-13	False	True	https://equsto.com/shop/dolap/7758-146a5-13	2026-07-27
P0_RECOVER_PRODUCT	FIX_REDIRECT	Yeniden yönlendirme hatası	broken_redirect_sellable	fix_to->/shop/tezgah/7911-12060-85	high	tr	shop_pdp	dolap	7911-12060-85	/shop/tezgah/7911-12060-85	False	True	https://equsto.com/shop/dolap/7911-12060-85	2026-07-27
P0_RECOVER_PRODUCT	FIX_REDIRECT	Yeniden yönlendirme hatası	broken_redirect_sellable	fix_to->/shop/tezgah/7911-10070-82	high	tr	shop_pdp	tezgah	7911-10070-82	/shop/tezgah/7911-10070-82	False	True	https://equsto.com/shop/tezgah/7911-10070-82	2026-07-27
P0_RECOVER_PRODUCT	FIX_REDIRECT	Yeniden yönlendirme hatası	broken_redirect_sellable	fix_to->/shop/tezgah/7758-147c8-27	high	tr	shop_pdp	dolap	7758-147c8-27	/shop/tezgah/7758-147c8-27	False	True	https://equsto.com/shop/dolap/7758-147c8-27	2026-07-27
P0_RECOVER_PRODUCT	FIX_REDIRECT	Yeniden yönlendirme hatası	broken_redirect_sellable	fix_to->/shop/tezgah/7754-146a5-13	high	tr	shop_pdp	dolap	7754-146a5-13	/shop/tezgah/7754-146a5-13	False	True	https://equsto.com/shop/dolap/7754-146a5-13	2026-07-27
P0_RECOVER_PRODUCT	FIX_REDIRECT	Yeniden yönlendirme hatası	broken_redirect_sellable	fix_to->/shop/tezgah/7758-166a8-25	high	tr	shop_pdp	dolap	7758-166a8-25	/shop/tezgah/7758-166a8-25	False	True	https://equsto.com/shop/dolap/7758-166a8-25	2026-07-27
P0_RECOVER_PRODUCT	FIX_REDIRECT	Yeniden yönlendirme hatası	broken_redirect_sellable	fix_to->/shop/tezgah/7919-37ntv-c1	high	tr	shop_pdp	dolap	oztiryakiler-endustriyel-mutfak__7919-37ntv-c1	/shop/tezgah/7919-37ntv-c1	False	True	https://equsto.com/shop/dolap/oztiryakiler-endustriyel-mutfak__7919-37ntv-c1	2026-07-27
P0_RECOVER_PRODUCT	FIX_REDIRECT	Yeniden yönlendirme hatası	broken_redirect_sellable	fix_to->/shop/tezgah/7911-16060-04	high	tr	shop_pdp	dolap	oztiryakiler-endustriyel-mutfak__7911-16060-04	/shop/tezgah/7911-16060-04	False	True	https://equsto.com/shop/dolap/oztiryakiler-endustriyel-mutfak__7911-16060-04	2026-07-27
P0_RECOVER_PRODUCT	FIX_REDIRECT	Yeniden yönlendirme hatası	broken_redirect_sellable	fix_to->/shop/tezgah/7754-057b8-01	high	tr	shop_pdp	dolap	7754-057b8-01	/shop/tezgah/7754-057b8-01	False	True	https://equsto.com/shop/dolap/7754-057b8-01	2026-07-27
P0_RECOVER_PRODUCT	FIX_REDIRECT	Yeniden yönlendirme hatası	broken_redirect_sellable	fix_to->/shop/tezgah/7911-16080-30	high	tr	shop_pdp	dolap	7911-16080-30	/shop/tezgah/7911-16080-30	False	True	https://equsto.com/shop/dolap/7911-16080-30	2026-07-26
P0_RECOVER_PRODUCT	FIX_REDIRECT	Yeniden yönlendirme hatası	broken_redirect_sellable	fix_to->/shop/tezgah/7754-107c8-15	high	tr	shop_pdp	dolap	7754-107c8-15	/shop/tezgah/7754-107c8-15	False	True	https://equsto.com/shop/dolap/7754-107c8-15	2026-07-26
P0_RECOVER_PRODUCT	FIX_REDIRECT	Yeniden yönlendirme hatası	broken_redirect_sellable	fix_to->/shop/tezgah/7758-167c5-25	high	tr	shop_pdp	tezgah	oztiryakiler-endustriyel-mutfak__7758-167c5-25	/shop/tezgah/7758-167c5-25	False	True	https://equsto.com/shop/tezgah/oztiryakiler-endustriyel-mutfak__7758-167c5-25	2026-07-26
P0_RECOVER_PRODUCT	FIX_REDIRECT	Yeniden yönlendirme hatası	broken_redirect_sellable	fix_to->/shop/tezgah/7911-05050-91	high	tr	shop_pdp	dolap	7911-05050-91	/shop/tezgah/7911-05050-91	False	True	https://equsto.com/shop/dolap/7911-05050-91	2026-07-26
P0_RECOVER_PRODUCT	FIX_REDIRECT	Yeniden yönlendirme hatası	broken_redirect_sellable	fix_to->/shop/tezgah/7911-19060-28	high	tr	shop_pdp	dolap	oztiryakiler-endustriyel-mutfak__7911-19060-28	/shop/tezgah/7911-19060-28	False	True	https://equsto.com/shop/dolap/oztiryakiler-endustriyel-mutfak__7911-19060-28	2026-07-26
P0_RECOVER_PRODUCT	FIX_REDIRECT	Yeniden yönlendirme hatası	broken_redirect_sellable	fix_to->/shop/tezgah/7712-12090-01	high	tr	shop_pdp	dolap	7712-12090-01	/shop/tezgah/7712-12090-01	False	True	https://equsto.com/shop/dolap/7712-12090-01	2026-07-26
P0_RECOVER_PRODUCT	FIX_REDIRECT	Yeniden yönlendirme hatası	broken_redirect_sellable	fix_to->/shop/tezgah/7754-247d8-23	high	tr	shop_pdp	tezgah	oztiryakiler-endustriyel-mutfak__7754-247d8-23	/shop/tezgah/7754-247d8-23	False	True	https://equsto.com/shop/tezgah/oztiryakiler-endustriyel-mutfak__7754-247d8-23	2026-07-26
P0_RECOVER_PRODUCT	FIX_REDIRECT	Yeniden yönlendirme hatası	broken_redirect_sellable	fix_to->/shop/tezgah/7919-47ntv-c1	high	tr	shop_pdp	dolap	oztiryakiler-endustriyel-mutfak__7919-47ntv-c1	/shop/tezgah/7919-47ntv-c1	False	True	https://equsto.com/shop/dolap/oztiryakiler-endustriyel-mutfak__7919-47ntv-c1	2026-07-26
P0_RECOVER_PRODUCT	FIX_REDIRECT	Yeniden yönlendirme hatası	broken_redirect_sellable	fix_to->/shop/tezgah/7911-12070-83	high	tr	shop_pdp	tezgah	oztiryakiler-endustriyel-mutfak__7911-12070-83	/shop/tezgah/7911-12070-83	False	True	https://equsto.com/shop/tezgah/oztiryakiler-endustriyel-mutfak__7911-12070-83	2026-07-25
P0_RECOVER_PRODUCT	FIX_REDIRECT	Yeniden yönlendirme hatası	broken_redirect_sellable	fix_to->/shop/tezgah/7911-19060-35	high	tr	shop_pdp	tezgah	oztiryakiler-endustriyel-mutfak__7911-19060-35	/shop/tezgah/7911-19060-35	False	True	https://equsto.com/shop/tezgah/oztiryakiler-endustriyel-mutfak__7911-19060-35	2026-07-25
P0_RECOVER_PRODUCT	FIX_REDIRECT	Yeniden yönlendirme hatası	broken_redirect_sellable	fix_to->/shop/tezgah/7758-146a5-25	high	tr	shop_pdp	tezgah	oztiryakiler-endustriyel-mutfak__7758-146a5-25	/shop/tezgah/7758-146a5-25	False	True	https://equsto.com/shop/tezgah/oztiryakiler-endustriyel-mutfak__7758-146a5-25	2026-07-25
P0_RECOVER_PRODUCT	FIX_REDIRECT	Yeniden yönlendirme hatası	broken_redirect_sellable	fix_to->/shop/tezgah/7754-207c8-21	high	tr	shop_pdp	tezgah	oztiryakiler-endustriyel-mutfak__7754-207c8-21	/shop/tezgah/7754-207c8-21	False	True	https://equsto.com/shop/tezgah/oztiryakiler-endustriyel-mutfak__7754-207c8-21	2026-07-25
P0_RECOVER_PRODUCT	FIX_REDIRECT	Yeniden yönlendirme hatası	broken_redirect_sellable	fix_to->/shop/tezgah/7758-246e8-41	high	tr	shop_pdp	dolap	7758-246e8-41	/shop/tezgah/7758-246e8-41	False	True	https://equsto.com/shop/dolap/7758-246e8-41	2026-07-25
P0_RECOVER_PRODUCT	FIX_REDIRECT	Yeniden yönlendirme hatası	broken_redirect_sellable	fix_to->/shop/tezgah/7911-19070-08	high	tr	shop_pdp	dolap	oztiryakiler-endustriyel-mutfak__7911-19070-08	/shop/tezgah/7911-19070-08	False	True	https://equsto.com/shop/dolap/oztiryakiler-endustriyel-mutfak__7911-19070-08	2026-07-25
P0_RECOVER_PRODUCT	FIX_REDIRECT	Yeniden yönlendirme hatası	broken_redirect_sellable	fix_to->/shop/tezgah/7712-12011-01	high	tr	shop_pdp	dolap	7712-12011-01	/shop/tezgah/7712-12011-01	False	True	https://equsto.com/shop/dolap/7712-12011-01	2026-07-25
P0_RECOVER_PRODUCT	FIX_REDIRECT	Yeniden yönlendirme hatası	broken_redirect_sellable	fix_to->/shop/tezgah/7754-187c5-23	high	tr	shop_pdp	dolap	7754-187c5-23	/shop/tezgah/7754-187c5-23	False	True	https://equsto.com/shop/dolap/7754-187c5-23	2026-07-25
P0_RECOVER_PRODUCT	FIX_REDIRECT	Yeniden yönlendirme hatası	broken_redirect_sellable	fix_to->/shop/tezgah/7919-27ntv-t1	high	tr	shop_pdp	dolap	7919-27ntv-t1	/shop/tezgah/7919-27ntv-t1	False	True	https://equsto.com/shop/dolap/7919-27ntv-t1	2026-07-25
P0_RECOVER_PRODUCT	FIX_REDIRECT	Yeniden yönlendirme hatası	broken_redirect_sellable	fix_to->/shop/tezgah/7911-09060-79	high	tr	shop_pdp	dolap	7911-09060-79	/shop/tezgah/7911-09060-79	False	True	https://equsto.com/shop/dolap/7911-09060-79	2026-07-25
P0_RECOVER_PRODUCT	FIX_REDIRECT	Yeniden yönlendirme hatası	broken_redirect_sellable	fix_to->/shop/tezgah/7911-12070-31	high	tr	shop_pdp	tezgah	oztiryakiler-endustriyel-mutfak__7911-12070-31	/shop/tezgah/7911-12070-31	False	True	https://equsto.com/shop/tezgah/oztiryakiler-endustriyel-mutfak__7911-12070-31	2026-07-25
P0_RECOVER_PRODUCT	FIX_REDIRECT	Yeniden yönlendirme hatası	broken_redirect_sellable	fix_to->/shop/tezgah/7758-216e8-33	high	tr	shop_pdp	tezgah	7758-216e8-33	/shop/tezgah/7758-216e8-33	False	True	https://equsto.com/shop/tezgah/7758-216e8-33	2026-07-25
P0_RECOVER_PRODUCT	FIX_REDIRECT	Yeniden yönlendirme hatası	broken_redirect_sellable	fix_to->/shop/tezgah/7754-246e8-33	high	tr	shop_pdp	dolap	oztiryakiler-endustriyel-mutfak__7754-246e8-33	/shop/tezgah/7754-246e8-33	False	True	https://equsto.com/shop/dolap/oztiryakiler-endustriyel-mutfak__7754-246e8-33	2026-07-25
P0_RECOVER_PRODUCT	FIX_REDIRECT	Yeniden yönlendirme hatası	broken_redirect_sellable	fix_to->/shop/tezgah/7868-14708-23	high	tr	shop_pdp	dolap	7868-14708-23	/shop/tezgah/7868-14708-23	False	True	https://equsto.com/shop/dolap/7868-14708-23	2026-07-25
P0_RECOVER_PRODUCT	FIX_REDIRECT	Yeniden yönlendirme hatası	broken_redirect_sellable	fix_to->/shop/tezgah/7758-156a5-25	high	tr	shop_pdp	tezgah	oztiryakiler-endustriyel-mutfak__7758-156a5-25	/shop/tezgah/7758-156a5-25	False	True	https://equsto.com/shop/tezgah/oztiryakiler-endustriyel-mutfak__7758-156a5-25	2026-07-24
P0_RECOVER_PRODUCT	FIX_REDIRECT	Yeniden yönlendirme hatası	broken_redirect_sellable	fix_to->/shop/tezgah/7876-16070-00	high	tr	shop_pdp	dolap	oztiryakiler-endustriyel-mutfak__7876-16070-00	/shop/tezgah/7876-16070-00	False	True	https://equsto.com/shop/dolap/oztiryakiler-endustriyel-mutfak__7876-16070-00	2026-07-24
P0_RECOVER_PRODUCT	FIX_REDIRECT	Yeniden yönlendirme hatası	broken_redirect_other	fix_chain		tr	other		/shop/pisirme/atalay-endustriyel-mutfak-ekipmanlari__gn1/4-plus-gn1/2150		False	False	https://equsto.com/shop/pisirme/atalay-endustriyel-mutfak-ekipmanlari__gn1/4-plus-gn1/2150	2026-07-24
P0_RECOVER_PRODUCT	FIX_REDIRECT	Yeniden yönlendirme hatası	broken_redirect_sellable	fix_to->/shop/tezgah/7758-156a5-21	high	tr	shop_pdp	dolap	7758-156a5-21	/shop/tezgah/7758-156a5-21	False	True	https://equsto.com/shop/dolap/7758-156a5-21	2026-07-24
P0_RECOVER_PRODUCT	FIX_REDIRECT	Yeniden yönlendirme hatası	broken_redirect_sellable	fix_to->/shop/tezgah/7911-12080-22m	high	tr	shop_pdp	tezgah	oztiryakiler-endustriyel-mutfak__7911-12080-22m	/shop/tezgah/7911-12080-22m	False	True	https://equsto.com/shop/tezgah/oztiryakiler-endustriyel-mutfak__7911-12080-22m	2026-07-24
P0_RECOVER_PRODUCT	FIX_REDIRECT	Yeniden yönlendirme hatası	broken_redirect_sellable	fix_to->/shop/tezgah/7911-12060-14	high	tr	shop_pdp	dolap	oztiryakiler-endustriyel-mutfak__7911-12060-14	/shop/tezgah/7911-12060-14	False	True	https://equsto.com/shop/dolap/oztiryakiler-endustriyel-mutfak__7911-12060-14	2026-07-24
P0_RECOVER_PRODUCT	FIX_REDIRECT	Yeniden yönlendirme hatası	broken_redirect_sellable	fix_to->/shop/tezgah/7876-n1-40605-00	high	tr	shop_pdp	dolap	7876-n1-40605-00	/shop/tezgah/7876-n1-40605-00	False	True	https://equsto.com/shop/dolap/7876-n1-40605-00	2026-07-24
P0_RECOVER_PRODUCT	FIX_REDIRECT	Yeniden yönlendirme hatası	broken_redirect_sellable	fix_to->/shop/tezgah/7911-14070-84	high	tr	shop_pdp	dolap	7911-14070-84	/shop/tezgah/7911-14070-84	False	True	https://equsto.com/shop/dolap/7911-14070-84	2026-07-24
P0_RECOVER_PRODUCT	FIX_REDIRECT	Yeniden yönlendirme hatası	broken_redirect_sellable	fix_to->/shop/tezgah/7911-19070-08	high	tr	shop_pdp	dolap	7911-19070-08	/shop/tezgah/7911-19070-08	False	True	https://equsto.com/shop/dolap/7911-19070-08	2026-07-24
P0_RECOVER_PRODUCT	FIX_REDIRECT	Yeniden yönlendirme hatası	broken_redirect_sellable	fix_to->/shop/tezgah/7754-196e5-21	high	tr	shop_pdp	tezgah	7754-196e5-21	/shop/tezgah/7754-196e5-21	False	True	https://equsto.com/shop/tezgah/7754-196e5-21	2026-07-24
P0_RECOVER_PRODUCT	FIX_REDIRECT	Yeniden yönlendirme hatası	broken_redirect_sellable	fix_to->/shop/tezgah/7758-146eb-11	high	tr	shop_pdp	dolap	7758-146eb-11	/shop/tezgah/7758-146eb-11	False	True	https://equsto.com/shop/dolap/7758-146eb-11	2026-07-24
P0_RECOVER_PRODUCT	FIX_REDIRECT	Yeniden yönlendirme hatası	broken_redirect_sellable	fix_to->/shop/tezgah/7758-186e5-25	high	tr	shop_pdp	dolap	7758-186e5-25	/shop/tezgah/7758-186e5-25	False	True	https://equsto.com/shop/dolap/7758-186e5-25	2026-07-24
P0_RECOVER_PRODUCT	FIX_REDIRECT	Yeniden yönlendirme hatası	broken_redirect_sellable	fix_to->/shop/tezgah/7754-167c8-13	high	tr	shop_pdp	tezgah	oztiryakiler-endustriyel-mutfak__7754-167c8-13	/shop/tezgah/7754-167c8-13	False	True	https://equsto.com/shop/tezgah/oztiryakiler-endustriyel-mutfak__7754-167c8-13	2026-07-24
P0_RECOVER_PRODUCT	FIX_REDIRECT	Yeniden yönlendirme hatası	broken_redirect_sellable	fix_to->/shop/tezgah/7911-09070-96	high	tr	shop_pdp	dolap	oztiryakiler-endustriyel-mutfak__7911-09070-96	/shop/tezgah/7911-09070-96	False	True	https://equsto.com/shop/dolap/oztiryakiler-endustriyel-mutfak__7911-09070-96	2026-07-24
P0_RECOVER_PRODUCT	FIX_REDIRECT	Yeniden yönlendirme hatası	broken_redirect_sellable	fix_to->/shop/tezgah/7911-19070-44	high	tr	shop_pdp	dolap	7911-19070-44	/shop/tezgah/7911-19070-44	False	True	https://equsto.com/shop/dolap/7911-19070-44	2026-07-24
P0_RECOVER_PRODUCT	FIX_REDIRECT	Yeniden yönlendirme hatası	broken_redirect_sellable	fix_to->/shop/tezgah/7911-06070-83	high	tr	shop_pdp	tezgah	oztiryakiler-endustriyel-mutfak__7911-06070-83	/shop/tezgah/7911-06070-83	False	True	https://equsto.com/shop/tezgah/oztiryakiler-endustriyel-mutfak__7911-06070-83	2026-07-24
P0_RECOVER_PRODUCT	FIX_REDIRECT	Yeniden yönlendirme hatası	broken_redirect_sellable	fix_to->/en/shop/pisirme/gn1-1150+gn1-3150	high	en	shop_pdp	pisirme	gn1-1150+gn1-3150	/en/shop/pisirme/gn1-1150+gn1-3150	False	True	https://equsto.com/en/shop/pisirme/gn1-1150+gn1-3150	2026-07-24
P0_RECOVER_PRODUCT	FIX_REDIRECT	Yeniden yönlendirme hatası	broken_redirect_sellable	fix_to->/shop/tezgah/7911-19060-56	high	tr	shop_pdp	dolap	oztiryakiler-endustriyel-mutfak__7911-19060-56	/shop/tezgah/7911-19060-56	False	True	https://equsto.com/shop/dolap/oztiryakiler-endustriyel-mutfak__7911-19060-56	2026-07-24
P0_RECOVER_PRODUCT	FIX_REDIRECT	Yeniden yönlendirme hatası	broken_redirect_sellable	fix_to->/shop/tezgah/7758-126a8-13	high	tr	shop_pdp	dolap	oztiryakiler-endustriyel-mutfak__7758-126a8-13	/shop/tezgah/7758-126a8-13	False	True	https://equsto.com/shop/dolap/oztiryakiler-endustriyel-mutfak__7758-126a8-13	2026-07-24
P0_RECOVER_PRODUCT	FIX_REDIRECT	Yeniden yönlendirme hatası	broken_redirect_sellable	fix_to->/shop/tezgah/7911-14060-81	high	tr	shop_pdp	dolap	oztiryakiler-endustriyel-mutfak__7911-14060-81	/shop/tezgah/7911-14060-81	False	True	https://equsto.com/shop/dolap/oztiryakiler-endustriyel-mutfak__7911-14060-81	2026-07-24
P0_RECOVER_PRODUCT	FIX_REDIRECT	Yeniden yönlendirme hatası	broken_redirect_sellable	fix_to->/shop/tezgah/7911-12070-09	high	tr	shop_pdp	tezgah	oztiryakiler-endustriyel-mutfak__7911-12070-09	/shop/tezgah/7911-12070-09	False	True	https://equsto.com/shop/tezgah/oztiryakiler-endustriyel-mutfak__7911-12070-09	2026-07-23
P0_RECOVER_PRODUCT	FIX_REDIRECT	Yeniden yönlendirme hatası	broken_redirect_sellable	fix_to->/shop/tezgah/7911-14070-31	high	tr	shop_pdp	tezgah	oztiryakiler-endustriyel-mutfak__7911-14070-31	/shop/tezgah/7911-14070-31	False	True	https://equsto.com/shop/tezgah/oztiryakiler-endustriyel-mutfak__7911-14070-31	2026-07-23
P0_RECOVER_PRODUCT	FIX_REDIRECT	Yeniden yönlendirme hatası	broken_redirect_sellable	fix_to->/shop/tezgah/7754-107c8-11	high	tr	shop_pdp	tezgah	oztiryakiler-endustriyel-mutfak__7754-107c8-11	/shop/tezgah/7754-107c8-11	False	True	https://equsto.com/shop/tezgah/oztiryakiler-endustriyel-mutfak__7754-107c8-11	2026-07-23
P0_RECOVER_PRODUCT	FIX_REDIRECT	Yeniden yönlendirme hatası	broken_redirect_sellable	fix_to->/shop/tezgah/7911-10070-96	high	tr	shop_pdp	tezgah	oztiryakiler-endustriyel-mutfak__7911-10070-96	/shop/tezgah/7911-10070-96	False	True	https://equsto.com/shop/tezgah/oztiryakiler-endustriyel-mutfak__7911-10070-96	2026-07-23
P0_RECOVER_PRODUCT	FIX_REDIRECT	Yeniden yönlendirme hatası	broken_redirect_sellable	fix_to->/shop/tezgah/7754-127cb-15	high	tr	shop_pdp	tezgah	oztiryakiler-endustriyel-mutfak__7754-127cb-15	/shop/tezgah/7754-127cb-15	False	True	https://equsto.com/shop/tezgah/oztiryakiler-endustriyel-mutfak__7754-127cb-15	2026-07-23
P0_RECOVER_PRODUCT	FIX_REDIRECT	Yeniden yönlendirme hatası	broken_redirect_sellable	fix_to->/shop/tezgah/7758-127cb-15	high	tr	shop_pdp	tezgah	oztiryakiler-endustriyel-mutfak__7758-127cb-15	/shop/tezgah/7758-127cb-15	False	True	https://equsto.com/shop/tezgah/oztiryakiler-endustriyel-mutfak__7758-127cb-15	2026-07-23
P0_RECOVER_PRODUCT	FIX_REDIRECT	Yeniden yönlendirme hatası	broken_redirect_sellable	fix_to->/shop/tezgah/7911-19070-23	high	tr	shop_pdp	dolap	7911-19070-23	/shop/tezgah/7911-19070-23	False	True	https://equsto.com/shop/dolap/7911-19070-23	2026-07-23
P0_RECOVER_PRODUCT	FIX_REDIRECT	Yeniden yönlendirme hatası	broken_redirect_sellable	fix_to->/shop/tezgah/7911-19070-21a	high	tr	shop_pdp	tezgah	oztiryakiler-endustriyel-mutfak__7911-19070-21a	/shop/tezgah/7911-19070-21a	False	True	https://equsto.com/shop/tezgah/oztiryakiler-endustriyel-mutfak__7911-19070-21a	2026-07-23
P0_RECOVER_PRODUCT	FIX_REDIRECT	Yeniden yönlendirme hatası	broken_redirect_sellable	fix_to->/shop/tezgah/7911-12070-56	high	tr	shop_pdp	tezgah	oztiryakiler-endustriyel-mutfak__7911-12070-56	/shop/tezgah/7911-12070-56	False	True	https://equsto.com/shop/tezgah/oztiryakiler-endustriyel-mutfak__7911-12070-56	2026-07-23
P0_RECOVER_PRODUCT	FIX_REDIRECT	Yeniden yönlendirme hatası	broken_redirect_sellable	fix_to->/shop/tezgah/7911-16060-85	high	tr	shop_pdp	tezgah	oztiryakiler-endustriyel-mutfak__7911-16060-85	/shop/tezgah/7911-16060-85	False	True	https://equsto.com/shop/tezgah/oztiryakiler-endustriyel-mutfak__7911-16060-85	2026-07-23
P0_RECOVER_PRODUCT	FIX_REDIRECT	Yeniden yönlendirme hatası	broken_redirect_sellable	fix_to->/shop/tezgah/7758-207c8-21	high	tr	shop_pdp	tezgah	oztiryakiler-endustriyel-mutfak__7758-207c8-21	/shop/tezgah/7758-207c8-21	False	True	https://equsto.com/shop/tezgah/oztiryakiler-endustriyel-mutfak__7758-207c8-21	2026-07-23
P0_RECOVER_PRODUCT	FIX_REDIRECT	Yeniden yönlendirme hatası	broken_redirect_sellable	fix_to->/shop/tezgah/7754-066a8-01	high	tr	shop_pdp	dolap	oztiryakiler-endustriyel-mutfak__7754-066a8-01	/shop/tezgah/7754-066a8-01	False	True	https://equsto.com/shop/dolap/oztiryakiler-endustriyel-mutfak__7754-066a8-01	2026-07-23
P0_RECOVER_PRODUCT	FIX_REDIRECT	Yeniden yönlendirme hatası	broken_redirect_sellable	fix_to->/shop/tezgah/7911-19070-22m	high	tr	shop_pdp	tezgah	oztiryakiler-endustriyel-mutfak__7911-19070-22m	/shop/tezgah/7911-19070-22m	False	True	https://equsto.com/shop/tezgah/oztiryakiler-endustriyel-mutfak__7911-19070-22m	2026-07-23
P0_RECOVER_PRODUCT	FIX_REDIRECT	Yeniden yönlendirme hatası	broken_redirect_sellable	fix_to->/shop/tezgah/7911-16070-79	high	tr	shop_pdp	tezgah	oztiryakiler-endustriyel-mutfak__7911-16070-79	/shop/tezgah/7911-16070-79	False	True	https://equsto.com/shop/tezgah/oztiryakiler-endustriyel-mutfak__7911-16070-79	2026-07-23
P0_RECOVER_PRODUCT	FIX_REDIRECT	Yeniden yönlendirme hatası	broken_redirect_sellable	fix_to->/shop/tezgah/7911-12070-31p	high	tr	shop_pdp	dolap	7911-12070-31p	/shop/tezgah/7911-12070-31p	False	True	https://equsto.com/shop/dolap/7911-12070-31p	2026-07-23
P0_RECOVER_PRODUCT	FIX_REDIRECT	Yeniden yönlendirme hatası	broken_redirect_sellable	fix_to->/shop/tezgah/7911-06070-84	high	tr	shop_pdp	dolap	oztiryakiler-endustriyel-mutfak__7911-06070-84	/shop/tezgah/7911-06070-84	False	True	https://equsto.com/shop/dolap/oztiryakiler-endustriyel-mutfak__7911-06070-84	2026-07-22
P0_RECOVER_PRODUCT	FIX_REDIRECT	Yeniden yönlendirme hatası	broken_redirect_sellable	fix_to->/shop/tezgah/7754-247d8-23	high	tr	shop_pdp	dolap	7754-247d8-23	/shop/tezgah/7754-247d8-23	False	True	https://equsto.com/shop/dolap/7754-247d8-23	2026-07-22
P0_RECOVER_PRODUCT	FIX_REDIRECT	Yeniden yönlendirme hatası	broken_redirect_sellable	fix_to->/shop/tezgah/7758-166e8-21	high	tr	shop_pdp	dolap	7758-166e8-21	/shop/tezgah/7758-166e8-21	False	True	https://equsto.com/shop/dolap/7758-166e8-21	2026-07-22
P0_RECOVER_PRODUCT	FIX_REDIRECT	Yeniden yönlendirme hatası	broken_redirect_sellable	fix_to->/shop/tezgah/7758-126a8-11	high	tr	shop_pdp	tezgah	oztiryakiler-endustriyel-mutfak__7758-126a8-11	/shop/tezgah/7758-126a8-11	False	True	https://equsto.com/shop/tezgah/oztiryakiler-endustriyel-mutfak__7758-126a8-11	2026-07-22
P0_RECOVER_PRODUCT	FIX_REDIRECT	Yeniden yönlendirme hatası	broken_redirect_sellable	fix_to->/shop/tezgah/7911-06070-00	high	tr	shop_pdp	tezgah	oztiryakiler-endustriyel-mutfak__7911-06070-00	/shop/tezgah/7911-06070-00	False	True	https://equsto.com/shop/tezgah/oztiryakiler-endustriyel-mutfak__7911-06070-00	2026-07-22
P0_RECOVER_PRODUCT	FIX_REDIRECT	Yeniden yönlendirme hatası	broken_redirect_sellable	fix_to->/shop/tezgah/7754-197d5-21	high	tr	shop_pdp	tezgah	oztiryakiler-endustriyel-mutfak__7754-197d5-21	/shop/tezgah/7754-197d5-21	False	True	https://equsto.com/shop/tezgah/oztiryakiler-endustriyel-mutfak__7754-197d5-21	2026-07-22
P0_RECOVER_PRODUCT	FIX_REDIRECT	Yeniden yönlendirme hatası	broken_redirect_sellable	fix_to->/shop/tezgah/7911-14070-20	high	tr	shop_pdp	tezgah	oztiryakiler-endustriyel-mutfak__7911-14070-20	/shop/tezgah/7911-14070-20	False	True	https://equsto.com/shop/tezgah/oztiryakiler-endustriyel-mutfak__7911-14070-20	2026-07-22
P0_RECOVER_PRODUCT	FIX_REDIRECT	Yeniden yönlendirme hatası	broken_redirect_sellable	fix_to->/shop/tezgah/7911-12060-00	high	tr	shop_pdp	dolap	oztiryakiler-endustriyel-mutfak__7911-12060-00	/shop/tezgah/7911-12060-00	False	True	https://equsto.com/shop/dolap/oztiryakiler-endustriyel-mutfak__7911-12060-00	2026-07-22
P0_RECOVER_PRODUCT	FIX_REDIRECT	Yeniden yönlendirme hatası	broken_redirect_sellable	fix_to->/shop/tezgah/7712-14090-01	high	tr	shop_pdp	tezgah	oztiryakiler-endustriyel-mutfak__7712-14090-01	/shop/tezgah/7712-14090-01	False	True	https://equsto.com/shop/tezgah/oztiryakiler-endustriyel-mutfak__7712-14090-01	2026-07-22
P0_RECOVER_PRODUCT	FIX_REDIRECT	Yeniden yönlendirme hatası	broken_redirect_sellable	fix_to->/shop/tezgah/7911-06060-90	high	tr	shop_pdp	tezgah	oztiryakiler-endustriyel-mutfak__7911-06060-90	/shop/tezgah/7911-06060-90	False	True	https://equsto.com/shop/tezgah/oztiryakiler-endustriyel-mutfak__7911-06060-90	2026-07-22
P0_RECOVER_PRODUCT	FIX_REDIRECT	Yeniden yönlendirme hatası	broken_redirect_sellable	fix_to->/shop/tezgah/7758-187cb-25	high	tr	shop_pdp	dolap	oztiryakiler-endustriyel-mutfak__7758-187cb-25	/shop/tezgah/7758-187cb-25	False	True	https://equsto.com/shop/dolap/oztiryakiler-endustriyel-mutfak__7758-187cb-25	2026-07-22
P0_RECOVER_PRODUCT	FIX_REDIRECT	Yeniden yönlendirme hatası	broken_redirect_sellable	fix_to->/shop/tezgah/7754-077c8-01	high	tr	shop_pdp	tezgah	oztiryakiler-endustriyel-mutfak__7754-077c8-01	/shop/tezgah/7754-077c8-01	False	True	https://equsto.com/shop/tezgah/oztiryakiler-endustriyel-mutfak__7754-077c8-01	2026-07-22
P0_RECOVER_PRODUCT	FIX_REDIRECT	Yeniden yönlendirme hatası	broken_redirect_sellable	fix_to->/shop/tezgah/7758-186e5-25	high	tr	shop_pdp	tezgah	oztiryakiler-endustriyel-mutfak__7758-186e5-25	/shop/tezgah/7758-186e5-25	False	True	https://equsto.com/shop/tezgah/oztiryakiler-endustriyel-mutfak__7758-186e5-25	2026-07-22
P0_RECOVER_PRODUCT	FIX_REDIRECT	Yeniden yönlendirme hatası	broken_redirect_sellable	fix_to->/shop/tezgah/7911-12060-20	high	tr	shop_pdp	dolap	oztiryakiler-endustriyel-mutfak__7911-12060-20	/shop/tezgah/7911-12060-20	False	True	https://equsto.com/shop/dolap/oztiryakiler-endustriyel-mutfak__7911-12060-20	2026-07-22
P0_RECOVER_PRODUCT	FIX_REDIRECT	Yeniden yönlendirme hatası	broken_redirect_sellable	fix_to->/shop/tezgah/7911-09060-95	high	tr	shop_pdp	dolap	7911-09060-95	/shop/tezgah/7911-09060-95	False	True	https://equsto.com/shop/dolap/7911-09060-95	2026-07-22
P0_RECOVER_PRODUCT	FIX_REDIRECT	Yeniden yönlendirme hatası	broken_redirect_sellable	fix_to->/shop/tezgah/7911-07070-91	high	tr	shop_pdp	dolap	oztiryakiler-endustriyel-mutfak__7911-07070-91	/shop/tezgah/7911-07070-91	False	True	https://equsto.com/shop/dolap/oztiryakiler-endustriyel-mutfak__7911-07070-91	2026-07-22
P0_RECOVER_PRODUCT	FIX_REDIRECT	Yeniden yönlendirme hatası	broken_redirect_sellable	fix_to->/shop/tezgah/7754-196e5-21	high	tr	shop_pdp	dolap	7754-196e5-21	/shop/tezgah/7754-196e5-21	False	True	https://equsto.com/shop/dolap/7754-196e5-21	2026-07-22
P0_RECOVER_PRODUCT	FIX_REDIRECT	Yeniden yönlendirme hatası	broken_redirect_sellable	fix_to->/shop/tezgah/7754-157b5-21	high	tr	shop_pdp	dolap	oztiryakiler-endustriyel-mutfak__7754-157b5-21	/shop/tezgah/7754-157b5-21	False	True	https://equsto.com/shop/dolap/oztiryakiler-endustriyel-mutfak__7754-157b5-21	2026-07-22
P0_RECOVER_PRODUCT	FIX_REDIRECT	Yeniden yönlendirme hatası	broken_redirect_sellable	fix_to->/shop/tezgah/7758-167b5-21	high	tr	shop_pdp	dolap	7758-167b5-21	/shop/tezgah/7758-167b5-21	False	True	https://equsto.com/shop/dolap/7758-167b5-21	2026-07-22
P0_RECOVER_PRODUCT	FIX_REDIRECT	Yeniden yönlendirme hatası	broken_redirect_sellable	fix_to->/shop/tezgah/7754-197c8-25	high	tr	shop_pdp	tezgah	oztiryakiler-endustriyel-mutfak__7754-197c8-25	/shop/tezgah/7754-197c8-25	False	True	https://equsto.com/shop/tezgah/oztiryakiler-endustriyel-mutfak__7754-197c8-25	2026-07-22
P0_RECOVER_PRODUCT	FIX_REDIRECT	Yeniden yönlendirme hatası	broken_redirect_sellable	fix_to->/shop/tezgah/7911-16070-21a	high	tr	shop_pdp	tezgah	oztiryakiler-endustriyel-mutfak__7911-16070-21a	/shop/tezgah/7911-16070-21a	False	True	https://equsto.com/shop/tezgah/oztiryakiler-endustriyel-mutfak__7911-16070-21a	2026-07-22
P0_RECOVER_PRODUCT	FIX_REDIRECT	Yeniden yönlendirme hatası	broken_redirect_sellable	fix_to->/shop/tezgah/7911-12070-09	high	tr	shop_pdp	dolap	7911-12070-09	/shop/tezgah/7911-12070-09	False	True	https://equsto.com/shop/dolap/7911-12070-09	2026-07-22
P0_RECOVER_PRODUCT	FIX_REDIRECT	Yeniden yönlendirme hatası	broken_redirect_sellable	fix_to->/shop/tezgah/7758-166e5-25	high	tr	shop_pdp	dolap	7758-166e5-25	/shop/tezgah/7758-166e5-25	False	True	https://equsto.com/shop/dolap/7758-166e5-25	2026-07-22
P0_RECOVER_PRODUCT	FIX_REDIRECT	Yeniden yönlendirme hatası	broken_redirect_sellable	fix_to->/shop/tezgah/7712-14060-03	high	tr	shop_pdp	dolap	7712-14060-03	/shop/tezgah/7712-14060-03	False	True	https://equsto.com/shop/dolap/7712-14060-03	2026-07-22
P0_RECOVER_PRODUCT	FIX_REDIRECT	Yeniden yönlendirme hatası	broken_redirect_sellable	fix_to->/shop/tezgah/7919-12lmv-00	high	tr	shop_pdp	dolap	7919-12lmv-00	/shop/tezgah/7919-12lmv-00	False	True	https://equsto.com/shop/dolap/7919-12lmv-00	2026-07-22
P0_RECOVER_PRODUCT	FIX_REDIRECT	Yeniden yönlendirme hatası	broken_redirect_sellable	fix_to->/shop/tezgah/7754-157b8-21	high	tr	shop_pdp	tezgah	oztiryakiler-endustriyel-mutfak__7754-157b8-21	/shop/tezgah/7754-157b8-21	False	True	https://equsto.com/shop/tezgah/oztiryakiler-endustriyel-mutfak__7754-157b8-21	2026-07-21
P0_RECOVER_PRODUCT	FIX_REDIRECT	Yeniden yönlendirme hatası	broken_redirect_sellable	fix_to->/shop/tezgah/7911-06070-84	high	tr	shop_pdp	tezgah	oztiryakiler-endustriyel-mutfak__7911-06070-84	/shop/tezgah/7911-06070-84	False	True	https://equsto.com/shop/tezgah/oztiryakiler-endustriyel-mutfak__7911-06070-84	2026-07-21
P0_RECOVER_PRODUCT	FIX_REDIRECT	Yeniden yönlendirme hatası	broken_redirect_sellable	fix_to->/shop/tezgah/7754-196e8-25	high	tr	shop_pdp	dolap	oztiryakiler-endustriyel-mutfak__7754-196e8-25	/shop/tezgah/7754-196e8-25	False	True	https://equsto.com/shop/dolap/oztiryakiler-endustriyel-mutfak__7754-196e8-25	2026-07-21
P0_RECOVER_PRODUCT	FIX_REDIRECT	Yeniden yönlendirme hatası	broken_redirect_sellable	fix_to->/shop/tezgah/7911-19060-52	high	tr	shop_pdp	dolap	7911-19060-52	/shop/tezgah/7911-19060-52	False	True	https://equsto.com/shop/dolap/7911-19060-52	2026-07-21
P0_RECOVER_PRODUCT	FIX_REDIRECT	Yeniden yönlendirme hatası	broken_redirect_sellable	fix_to->/shop/tezgah/7758-246e8-23	high	tr	shop_pdp	dolap	oztiryakiler-endustriyel-mutfak__7758-246e8-23	/shop/tezgah/7758-246e8-23	False	True	https://equsto.com/shop/dolap/oztiryakiler-endustriyel-mutfak__7758-246e8-23	2026-07-21
P0_RECOVER_PRODUCT	FIX_REDIRECT	Yeniden yönlendirme hatası	broken_redirect_sellable	fix_to->/shop/tezgah/7911-19070-28	high	tr	shop_pdp	dolap	oztiryakiler-endustriyel-mutfak__7911-19070-28	/shop/tezgah/7911-19070-28	False	True	https://equsto.com/shop/dolap/oztiryakiler-endustriyel-mutfak__7911-19070-28	2026-07-21
P0_RECOVER_PRODUCT	FIX_REDIRECT	Yeniden yönlendirme hatası	broken_redirect_sellable	fix_to->/shop/tezgah/7911-14060-48	high	tr	shop_pdp	dolap	7911-14060-48	/shop/tezgah/7911-14060-48	False	True	https://equsto.com/shop/dolap/7911-14060-48	2026-07-21
P0_RECOVER_PRODUCT	FIX_REDIRECT	Yeniden yönlendirme hatası	broken_redirect_sellable	fix_to->/shop/tezgah/7758-247c5-31	high	tr	shop_pdp	dolap	oztiryakiler-endustriyel-mutfak__7758-247c5-31	/shop/tezgah/7758-247c5-31	False	True	https://equsto.com/shop/dolap/oztiryakiler-endustriyel-mutfak__7758-247c5-31	2026-07-21
P0_RECOVER_PRODUCT	FIX_REDIRECT	Yeniden yönlendirme hatası	broken_redirect_sellable	fix_to->/shop/tezgah/7754-167c8-13	high	tr	shop_pdp	dolap	7754-167c8-13	/shop/tezgah/7754-167c8-13	False	True	https://equsto.com/shop/dolap/7754-167c8-13	2026-07-21
P0_RECOVER_PRODUCT	FIX_REDIRECT	Yeniden yönlendirme hatası	broken_redirect_sellable	fix_to->/shop/tezgah/7897-14030-04	high	tr	shop_pdp	dolap	7897-14030-04	/shop/tezgah/7897-14030-04	False	True	https://equsto.com/shop/dolap/7897-14030-04	2026-07-21
P0_RECOVER_PRODUCT	FIX_REDIRECT	Yeniden yönlendirme hatası	broken_redirect_sellable	fix_to->/shop/tezgah/7911-12070-04	high	tr	shop_pdp	dolap	7911-12070-04	/shop/tezgah/7911-12070-04	False	True	https://equsto.com/shop/dolap/7911-12070-04	2026-07-21
P0_RECOVER_PRODUCT	FIX_REDIRECT	Yeniden yönlendirme hatası	broken_redirect_sellable	fix_to->/shop/tezgah/7911-09060-94	high	tr	shop_pdp	dolap	7911-09060-94	/shop/tezgah/7911-09060-94	False	True	https://equsto.com/shop/dolap/7911-09060-94	2026-07-21
P0_RECOVER_PRODUCT	FIX_REDIRECT	Yeniden yönlendirme hatası	broken_redirect_sellable	fix_to->/shop/tezgah/7911-14060-52	high	tr	shop_pdp	dolap	7911-14060-52	/shop/tezgah/7911-14060-52	False	True	https://equsto.com/shop/dolap/7911-14060-52	2026-07-21
P0_RECOVER_PRODUCT	FIX_REDIRECT	Yeniden yönlendirme hatası	broken_redirect_sellable	fix_to->/shop/tezgah/7911-06060-82	high	tr	shop_pdp	dolap	7911-06060-82	/shop/tezgah/7911-06060-82	False	True	https://equsto.com/shop/dolap/7911-06060-82	2026-07-21
P0_RECOVER_PRODUCT	FIX_REDIRECT	Yeniden yönlendirme hatası	broken_redirect_sellable	fix_to->/shop/tezgah/7911-16080-22m	high	tr	shop_pdp	tezgah	oztiryakiler-endustriyel-mutfak__7911-16080-22m	/shop/tezgah/7911-16080-22m	False	True	https://equsto.com/shop/tezgah/oztiryakiler-endustriyel-mutfak__7911-16080-22m	2026-07-20
P0_RECOVER_PRODUCT	FIX_REDIRECT	Yeniden yönlendirme hatası	broken_redirect_sellable	fix_to->/shop/tezgah/7754-247d5-23	high	tr	shop_pdp	dolap	7754-247d5-23	/shop/tezgah/7754-247d5-23	False	True	https://equsto.com/shop/dolap/7754-247d5-23	2026-07-20
P0_RECOVER_PRODUCT	FIX_REDIRECT	Yeniden yönlendirme hatası	broken_redirect_sellable	fix_to->/shop/tezgah/7754-216e8-31	high	tr	shop_pdp	dolap	7754-216e8-31	/shop/tezgah/7754-216e8-31	False	True	https://equsto.com/shop/dolap/7754-216e8-31	2026-07-20
P0_RECOVER_PRODUCT	FIX_REDIRECT	Yeniden yönlendirme hatası	broken_redirect_sellable	fix_to->/shop/tezgah/7911-12070-31	high	tr	shop_pdp	dolap	7911-12070-31	/shop/tezgah/7911-12070-31	False	True	https://equsto.com/shop/dolap/7911-12070-31	2026-07-20
P0_RECOVER_PRODUCT	FIX_REDIRECT	Yeniden yönlendirme hatası	broken_redirect_sellable	fix_to->/shop/tezgah/7911-12070-35	high	tr	shop_pdp	dolap	7911-12070-35	/shop/tezgah/7911-12070-35	False	True	https://equsto.com/shop/dolap/7911-12070-35	2026-07-20
P0_RECOVER_PRODUCT	FIX_REDIRECT	Yeniden yönlendirme hatası	broken_redirect_sellable	fix_to->/shop/tezgah/7911-14060-12	high	tr	shop_pdp	dolap	oztiryakiler-endustriyel-mutfak__7911-14060-12	/shop/tezgah/7911-14060-12	False	True	https://equsto.com/shop/dolap/oztiryakiler-endustriyel-mutfak__7911-14060-12	2026-07-20
P0_RECOVER_PRODUCT	FIX_REDIRECT	Yeniden yönlendirme hatası	broken_redirect_sellable	fix_to->/shop/tezgah/7911-14060-14	high	tr	shop_pdp	tezgah	oztiryakiler-endustriyel-mutfak__7911-14060-14	/shop/tezgah/7911-14060-14	False	True	https://equsto.com/shop/tezgah/oztiryakiler-endustriyel-mutfak__7911-14060-14	2026-07-20
P0_RECOVER_PRODUCT	FIX_REDIRECT	Yeniden yönlendirme hatası	broken_redirect_sellable	fix_to->/shop/tezgah/7911-06070-96	high	tr	shop_pdp	dolap	oztiryakiler-endustriyel-mutfak__7911-06070-96	/shop/tezgah/7911-06070-96	False	True	https://equsto.com/shop/dolap/oztiryakiler-endustriyel-mutfak__7911-06070-96	2026-07-20
P0_RECOVER_PRODUCT	FIX_REDIRECT	Yeniden yönlendirme hatası	broken_redirect_sellable	fix_to->/shop/tezgah/7911-16070-24	high	tr	shop_pdp	dolap	7911-16070-24	/shop/tezgah/7911-16070-24	False	True	https://equsto.com/shop/dolap/7911-16070-24	2026-07-20
P0_RECOVER_PRODUCT	FIX_REDIRECT	Yeniden yönlendirme hatası	broken_redirect_sellable	fix_to->/shop/tezgah/7758-186e8-23	high	tr	shop_pdp	tezgah	oztiryakiler-endustriyel-mutfak__7758-186e8-23	/shop/tezgah/7758-186e8-23	False	True	https://equsto.com/shop/tezgah/oztiryakiler-endustriyel-mutfak__7758-186e8-23	2026-07-20
P0_RECOVER_PRODUCT	FIX_REDIRECT	Yeniden yönlendirme hatası	broken_redirect_sellable	fix_to->/shop/tezgah/7754-186e5-35	high	tr	shop_pdp	tezgah	oztiryakiler-endustriyel-mutfak__7754-186e5-35	/shop/tezgah/7754-186e5-35	False	True	https://equsto.com/shop/tezgah/oztiryakiler-endustriyel-mutfak__7754-186e5-35	2026-07-20
P0_RECOVER_PRODUCT	FIX_REDIRECT	Yeniden yönlendirme hatası	broken_redirect_sellable	fix_to->/shop/tezgah/7754-167c8-21	high	tr	shop_pdp	tezgah	oztiryakiler-endustriyel-mutfak__7754-167c8-21	/shop/tezgah/7754-167c8-21	False	True	https://equsto.com/shop/tezgah/oztiryakiler-endustriyel-mutfak__7754-167c8-21	2026-07-20
P0_RECOVER_PRODUCT	FIX_REDIRECT	Yeniden yönlendirme hatası	broken_redirect_sellable	fix_to->/shop/tezgah/7868-19708-23	high	tr	shop_pdp	dolap	7868-19708-23	/shop/tezgah/7868-19708-23	False	True	https://equsto.com/shop/dolap/7868-19708-23	2026-07-20
P0_RECOVER_PRODUCT	FIX_REDIRECT	Yeniden yönlendirme hatası	broken_redirect_sellable	fix_to->/shop/tezgah/7911-14070-04	high	tr	shop_pdp	dolap	7911-14070-04	/shop/tezgah/7911-14070-04	False	True	https://equsto.com/shop/dolap/7911-14070-04	2026-07-20
P0_RECOVER_PRODUCT	FIX_REDIRECT	Yeniden yönlendirme hatası	broken_redirect_sellable	fix_to->/shop/tezgah/7911-14060-79	high	tr	shop_pdp	dolap	7911-14060-79	/shop/tezgah/7911-14060-79	False	True	https://equsto.com/shop/dolap/7911-14060-79	2026-07-20
P0_RECOVER_PRODUCT	FIX_REDIRECT	Yeniden yönlendirme hatası	broken_redirect_sellable	fix_to->/shop/tezgah/7910-14040-00	high	tr	shop_pdp	dolap	7910-14040-00	/shop/tezgah/7910-14040-00	False	True	https://equsto.com/shop/dolap/7910-14040-00	2026-07-19
P0_RECOVER_PRODUCT	FIX_REDIRECT	Yeniden yönlendirme hatası	broken_redirect_sellable	fix_to->/shop/tezgah/7712-12011-01	high	tr	shop_pdp	tezgah	oztiryakiler-endustriyel-mutfak__7712-12011-01	/shop/tezgah/7712-12011-01	False	True	https://equsto.com/shop/tezgah/oztiryakiler-endustriyel-mutfak__7712-12011-01	2026-07-19
P0_RECOVER_PRODUCT	FIX_REDIRECT	Yeniden yönlendirme hatası	broken_redirect_sellable	fix_to->/shop/tezgah/7758-107c8-15	high	tr	shop_pdp	dolap	7758-107c8-15	/shop/tezgah/7758-107c8-15	False	True	https://equsto.com/shop/dolap/7758-107c8-15	2026-07-19
P0_RECOVER_PRODUCT	FIX_REDIRECT	Yeniden yönlendirme hatası	broken_redirect_sellable	fix_to->/shop/tezgah/7911-14070-94	high	tr	shop_pdp	dolap	oztiryakiler-endustriyel-mutfak__7911-14070-94	/shop/tezgah/7911-14070-94	False	True	https://equsto.com/shop/dolap/oztiryakiler-endustriyel-mutfak__7911-14070-94	2026-07-19
P0_RECOVER_PRODUCT	FIX_REDIRECT	Yeniden yönlendirme hatası	broken_redirect_sellable	fix_to->/shop/tezgah/7911-12060-48	high	tr	shop_pdp	tezgah	7911-12060-48	/shop/tezgah/7911-12060-48	False	True	https://equsto.com/shop/tezgah/7911-12060-48	2026-07-19
P0_RECOVER_PRODUCT	FIX_REDIRECT	Yeniden yönlendirme hatası	broken_redirect_sellable	fix_to->/shop/tezgah/7911-06060-96	high	tr	shop_pdp	tezgah	oztiryakiler-endustriyel-mutfak__7911-06060-96	/shop/tezgah/7911-06060-96	False	True	https://equsto.com/shop/tezgah/oztiryakiler-endustriyel-mutfak__7911-06060-96	2026-07-19
P0_RECOVER_PRODUCT	FIX_REDIRECT	Yeniden yönlendirme hatası	broken_redirect_sellable	fix_to->/shop/tezgah/7911-16060-20	high	tr	shop_pdp	dolap	oztiryakiler-endustriyel-mutfak__7911-16060-20	/shop/tezgah/7911-16060-20	False	True	https://equsto.com/shop/dolap/oztiryakiler-endustriyel-mutfak__7911-16060-20	2026-07-19
P0_RECOVER_PRODUCT	FIX_REDIRECT	Yeniden yönlendirme hatası	broken_redirect_sellable	fix_to->/shop/tezgah/7911-14070-48	high	tr	shop_pdp	tezgah	oztiryakiler-endustriyel-mutfak__7911-14070-48	/shop/tezgah/7911-14070-48	False	True	https://equsto.com/shop/tezgah/oztiryakiler-endustriyel-mutfak__7911-14070-48	2026-07-19
P0_RECOVER_PRODUCT	FIX_REDIRECT	Yeniden yönlendirme hatası	broken_redirect_sellable	fix_to->/shop/tezgah/7758-187c8-35	high	tr	shop_pdp	dolap	oztiryakiler-endustriyel-mutfak__7758-187c8-35	/shop/tezgah/7758-187c8-35	False	True	https://equsto.com/shop/dolap/oztiryakiler-endustriyel-mutfak__7758-187c8-35	2026-07-19
P0_RECOVER_PRODUCT	FIX_REDIRECT	Yeniden yönlendirme hatası	broken_redirect_sellable	fix_to->/shop/tezgah/7754-186eb-21	high	tr	shop_pdp	dolap	oztiryakiler-endustriyel-mutfak__7754-186eb-21	/shop/tezgah/7754-186eb-21	False	True	https://equsto.com/shop/dolap/oztiryakiler-endustriyel-mutfak__7754-186eb-21	2026-07-19
P0_RECOVER_PRODUCT	FIX_REDIRECT	Yeniden yönlendirme hatası	broken_redirect_sellable	fix_to->/shop/tezgah/7754-186e8-25	high	tr	shop_pdp	tezgah	oztiryakiler-endustriyel-mutfak__7754-186e8-25	/shop/tezgah/7754-186e8-25	False	True	https://equsto.com/shop/tezgah/oztiryakiler-endustriyel-mutfak__7754-186e8-25	2026-07-19
P0_RECOVER_PRODUCT	FIX_REDIRECT	Yeniden yönlendirme hatası	broken_redirect_sellable	fix_to->/shop/tezgah/7897-14030-30	high	tr	shop_pdp	dolap	oztiryakiler-endustriyel-mutfak__7897-14030-30	/shop/tezgah/7897-14030-30	False	True	https://equsto.com/shop/dolap/oztiryakiler-endustriyel-mutfak__7897-14030-30	2026-07-19
P0_RECOVER_PRODUCT	FIX_REDIRECT	Yeniden yönlendirme hatası	broken_redirect_sellable	fix_to->/shop/tezgah/7911-19060-13	high	tr	shop_pdp	tezgah	oztiryakiler-endustriyel-mutfak__7911-19060-13	/shop/tezgah/7911-19060-13	False	True	https://equsto.com/shop/tezgah/oztiryakiler-endustriyel-mutfak__7911-19060-13	2026-07-18
P0_RECOVER_PRODUCT	FIX_REDIRECT	Yeniden yönlendirme hatası	broken_redirect_sellable	fix_to->/shop/tezgah/7897-12030-02	high	tr	shop_pdp	dolap	7897-12030-02	/shop/tezgah/7897-12030-02	False	True	https://equsto.com/shop/dolap/7897-12030-02	2026-07-18
P0_RECOVER_PRODUCT	FIX_REDIRECT	Yeniden yönlendirme hatası	broken_redirect_sellable	fix_to->/shop/tezgah/7712-12090-01	high	tr	shop_pdp	tezgah	oztiryakiler-endustriyel-mutfak__7712-12090-01	/shop/tezgah/7712-12090-01	False	True	https://equsto.com/shop/tezgah/oztiryakiler-endustriyel-mutfak__7712-12090-01	2026-07-18
P0_RECOVER_PRODUCT	FIX_REDIRECT	Yeniden yönlendirme hatası	broken_redirect_sellable	fix_to->/shop/tezgah/7897-10030-31	high	tr	shop_pdp	dolap	7897-10030-31	/shop/tezgah/7897-10030-31	False	True	https://equsto.com/shop/dolap/7897-10030-31	2026-07-18
P0_RECOVER_PRODUCT	FIX_REDIRECT	Yeniden yönlendirme hatası	broken_redirect_sellable	fix_to->/shop/tezgah/7911-19070-35	high	tr	shop_pdp	dolap	oztiryakiler-endustriyel-mutfak__7911-19070-35	/shop/tezgah/7911-19070-35	False	True	https://equsto.com/shop/dolap/oztiryakiler-endustriyel-mutfak__7911-19070-35	2026-07-18
P0_RECOVER_PRODUCT	FIX_REDIRECT	Yeniden yönlendirme hatası	broken_redirect_sellable	fix_to->/shop/tezgah/7911-09060-85	high	tr	shop_pdp	dolap	7911-09060-85	/shop/tezgah/7911-09060-85	False	True	https://equsto.com/shop/dolap/7911-09060-85	2026-07-18
P0_RECOVER_PRODUCT	FIX_REDIRECT	Yeniden yönlendirme hatası	broken_redirect_sellable	fix_to->/shop/tezgah/7754-167c5-21	high	tr	shop_pdp	dolap	7754-167c5-21	/shop/tezgah/7754-167c5-21	False	True	https://equsto.com/shop/dolap/7754-167c5-21	2026-07-18
P0_RECOVER_PRODUCT	FIX_REDIRECT	Yeniden yönlendirme hatası	broken_redirect_sellable	fix_to->/shop/tezgah/7758-187c8-23	high	tr	shop_pdp	tezgah	oztiryakiler-endustriyel-mutfak__7758-187c8-23	/shop/tezgah/7758-187c8-23	False	True	https://equsto.com/shop/tezgah/oztiryakiler-endustriyel-mutfak__7758-187c8-23	2026-07-18
P0_RECOVER_PRODUCT	FIX_REDIRECT	Yeniden yönlendirme hatası	broken_redirect_sellable	fix_to->/shop/tezgah/7754-166a8-13	high	tr	shop_pdp	dolap	7754-166a8-13	/shop/tezgah/7754-166a8-13	False	True	https://equsto.com/shop/dolap/7754-166a8-13	2026-07-18
P0_RECOVER_PRODUCT	FIX_REDIRECT	Yeniden yönlendirme hatası	broken_redirect_sellable	fix_to->/shop/tezgah/7911-12070-20	high	tr	shop_pdp	tezgah	oztiryakiler-endustriyel-mutfak__7911-12070-20	/shop/tezgah/7911-12070-20	False	True	https://equsto.com/shop/tezgah/oztiryakiler-endustriyel-mutfak__7911-12070-20	2026-07-18
P0_RECOVER_PRODUCT	FIX_REDIRECT	Yeniden yönlendirme hatası	broken_redirect_sellable	fix_to->/shop/tezgah/7911-12070-85	high	tr	shop_pdp	tezgah	oztiryakiler-endustriyel-mutfak__7911-12070-85	/shop/tezgah/7911-12070-85	False	True	https://equsto.com/shop/tezgah/oztiryakiler-endustriyel-mutfak__7911-12070-85	2026-07-18
P0_RECOVER_PRODUCT	FIX_REDIRECT	Yeniden yönlendirme hatası	broken_redirect_sellable	fix_to->/shop/tezgah/7911-14070-04a	high	tr	shop_pdp	tezgah	oztiryakiler-endustriyel-mutfak__7911-14070-04a	/shop/tezgah/7911-14070-04a	False	True	https://equsto.com/shop/tezgah/oztiryakiler-endustriyel-mutfak__7911-14070-04a	2026-07-18
P0_RECOVER_PRODUCT	FIX_REDIRECT	Yeniden yönlendirme hatası	broken_redirect_sellable	fix_to->/shop/tezgah/7911-09060-96	high	tr	shop_pdp	tezgah	oztiryakiler-endustriyel-mutfak__7911-09060-96	/shop/tezgah/7911-09060-96	False	True	https://equsto.com/shop/tezgah/oztiryakiler-endustriyel-mutfak__7911-09060-96	2026-07-18
P0_RECOVER_PRODUCT	FIX_REDIRECT	Yeniden yönlendirme hatası	broken_redirect_sellable	fix_to->/shop/tezgah/7758-187c8-21	high	tr	shop_pdp	dolap	7758-187c8-21	/shop/tezgah/7758-187c8-21	False	True	https://equsto.com/shop/dolap/7758-187c8-21	2026-07-18
P0_RECOVER_PRODUCT	FIX_REDIRECT	Yeniden yönlendirme hatası	broken_redirect_sellable	fix_to->/shop/tezgah/7758-166a5-13	high	tr	shop_pdp	tezgah	oztiryakiler-endustriyel-mutfak__7758-166a5-13	/shop/tezgah/7758-166a5-13	False	True	https://equsto.com/shop/tezgah/oztiryakiler-endustriyel-mutfak__7758-166a5-13	2026-07-17
P0_RECOVER_PRODUCT	FIX_REDIRECT	Yeniden yönlendirme hatası	broken_redirect_sellable	fix_to->/shop/tezgah/7911-12070-21a	high	tr	shop_pdp	dolap	7911-12070-21a	/shop/tezgah/7911-12070-21a	False	True	https://equsto.com/shop/dolap/7911-12070-21a	2026-07-17
P0_RECOVER_PRODUCT	FIX_REDIRECT	Yeniden yönlendirme hatası	broken_redirect_sellable	fix_to->/shop/tezgah/7911-14060-81	high	tr	shop_pdp	tezgah	oztiryakiler-endustriyel-mutfak__7911-14060-81	/shop/tezgah/7911-14060-81	False	True	https://equsto.com/shop/tezgah/oztiryakiler-endustriyel-mutfak__7911-14060-81	2026-07-17
P0_RECOVER_PRODUCT	FIX_REDIRECT	Yeniden yönlendirme hatası	broken_redirect_sellable	fix_to->/shop/tezgah/7911-12070-20	high	tr	shop_pdp	dolap	7911-12070-20	/shop/tezgah/7911-12070-20	False	True	https://equsto.com/shop/dolap/7911-12070-20	2026-07-17
P0_RECOVER_PRODUCT	FIX_REDIRECT	Yeniden yönlendirme hatası	broken_redirect_sellable	fix_to->/shop/tezgah/7911-06060-91	high	tr	shop_pdp	dolap	oztiryakiler-endustriyel-mutfak__7911-06060-91	/shop/tezgah/7911-06060-91	False	True	https://equsto.com/shop/dolap/oztiryakiler-endustriyel-mutfak__7911-06060-91	2026-07-17
P0_RECOVER_PRODUCT	FIX_REDIRECT	Yeniden yönlendirme hatası	broken_redirect_sellable	fix_to->/shop/tezgah/7911-12060-08	high	tr	shop_pdp	tezgah	oztiryakiler-endustriyel-mutfak__7911-12060-08	/shop/tezgah/7911-12060-08	False	True	https://equsto.com/shop/tezgah/oztiryakiler-endustriyel-mutfak__7911-12060-08	2026-07-17
P0_RECOVER_PRODUCT	FIX_REDIRECT	Yeniden yönlendirme hatası	broken_redirect_sellable	fix_to->/shop/tezgah/7758-196e8-25	high	tr	shop_pdp	dolap	7758-196e8-25	/shop/tezgah/7758-196e8-25	False	True	https://equsto.com/shop/dolap/7758-196e8-25	2026-07-17
P0_RECOVER_PRODUCT	FIX_REDIRECT	Yeniden yönlendirme hatası	broken_redirect_sellable	fix_to->/shop/tezgah/7758-246e8-31	high	tr	shop_pdp	dolap	7758-246e8-31	/shop/tezgah/7758-246e8-31	False	True	https://equsto.com/shop/dolap/7758-246e8-31	2026-07-17
P0_RECOVER_PRODUCT	FIX_REDIRECT	Yeniden yönlendirme hatası	broken_redirect_sellable	fix_to->/shop/tezgah/7754-187c8-21	high	tr	shop_pdp	dolap	oztiryakiler-endustriyel-mutfak__7754-187c8-21	/shop/tezgah/7754-187c8-21	False	True	https://equsto.com/shop/dolap/oztiryakiler-endustriyel-mutfak__7754-187c8-21	2026-07-16
P0_RECOVER_PRODUCT	FIX_REDIRECT	Yeniden yönlendirme hatası	broken_redirect_sellable	fix_to->/shop/tezgah/7758-197c8-23	high	tr	shop_pdp	dolap	oztiryakiler-endustriyel-mutfak__7758-197c8-23	/shop/tezgah/7758-197c8-23	False	True	https://equsto.com/shop/dolap/oztiryakiler-endustriyel-mutfak__7758-197c8-23	2026-07-16
P0_RECOVER_PRODUCT	FIX_REDIRECT	Yeniden yönlendirme hatası	broken_redirect_sellable	fix_to->/shop/tezgah/7911-14080-30	high	tr	shop_pdp	tezgah	oztiryakiler-endustriyel-mutfak__7911-14080-30	/shop/tezgah/7911-14080-30	False	True	https://equsto.com/shop/tezgah/oztiryakiler-endustriyel-mutfak__7911-14080-30	2026-07-16
P0_RECOVER_PRODUCT	FIX_REDIRECT	Yeniden yönlendirme hatası	broken_redirect_sellable	fix_to->/shop/tezgah/7758-146a5-21	high	tr	shop_pdp	tezgah	oztiryakiler-endustriyel-mutfak__7758-146a5-21	/shop/tezgah/7758-146a5-21	False	True	https://equsto.com/shop/tezgah/oztiryakiler-endustriyel-mutfak__7758-146a5-21	2026-07-16
P0_RECOVER_PRODUCT	FIX_REDIRECT	Yeniden yönlendirme hatası	broken_redirect_sellable	fix_to->/shop/tezgah/7758-217d8-21	high	tr	shop_pdp	tezgah	oztiryakiler-endustriyel-mutfak__7758-217d8-21	/shop/tezgah/7758-217d8-21	False	True	https://equsto.com/shop/tezgah/oztiryakiler-endustriyel-mutfak__7758-217d8-21	2026-07-16
P0_RECOVER_PRODUCT	FIX_REDIRECT	Yeniden yönlendirme hatası	broken_redirect_sellable	fix_to->/shop/tezgah/7911-10060-96	high	tr	shop_pdp	tezgah	oztiryakiler-endustriyel-mutfak__7911-10060-96	/shop/tezgah/7911-10060-96	False	True	https://equsto.com/shop/tezgah/oztiryakiler-endustriyel-mutfak__7911-10060-96	2026-07-16
P0_RECOVER_PRODUCT	FIX_REDIRECT	Yeniden yönlendirme hatası	broken_redirect_sellable	fix_to->/shop/tezgah/7758-166a8-25	high	tr	shop_pdp	tezgah	oztiryakiler-endustriyel-mutfak__7758-166a8-25	/shop/tezgah/7758-166a8-25	False	True	https://equsto.com/shop/tezgah/oztiryakiler-endustriyel-mutfak__7758-166a8-25	2026-07-16
P0_RECOVER_PRODUCT	FIX_REDIRECT	Yeniden yönlendirme hatası	broken_redirect_sellable	fix_to->/shop/tezgah/7911-16070-08	high	tr	shop_pdp	tezgah	oztiryakiler-endustriyel-mutfak__7911-16070-08	/shop/tezgah/7911-16070-08	False	True	https://equsto.com/shop/tezgah/oztiryakiler-endustriyel-mutfak__7911-16070-08	2026-07-15
P0_RECOVER_PRODUCT	FIX_REDIRECT	Yeniden yönlendirme hatası	broken_redirect_sellable	fix_to->/shop/tezgah/7758-146a8-25	high	tr	shop_pdp	dolap	7758-146a8-25	/shop/tezgah/7758-146a8-25	False	True	https://equsto.com/shop/dolap/7758-146a8-25	2026-07-15
P0_RECOVER_PRODUCT	FIX_REDIRECT	Yeniden yönlendirme hatası	broken_redirect_sellable	fix_to->/shop/tezgah/7911-14060-00	high	tr	shop_pdp	tezgah	oztiryakiler-endustriyel-mutfak__7911-14060-00	/shop/tezgah/7911-14060-00	False	True	https://equsto.com/shop/tezgah/oztiryakiler-endustriyel-mutfak__7911-14060-00	2026-07-15
P0_RECOVER_PRODUCT	FIX_REDIRECT	Yeniden yönlendirme hatası	broken_redirect_sellable	fix_to->/shop/tezgah/7754-166a5-21	high	tr	shop_pdp	dolap	7754-166a5-21	/shop/tezgah/7754-166a5-21	False	True	https://equsto.com/shop/dolap/7754-166a5-21	2026-07-15
P0_RECOVER_PRODUCT	FIX_REDIRECT	Yeniden yönlendirme hatası	broken_redirect_sellable	fix_to->/shop/tezgah/7758-196e8-25	high	tr	shop_pdp	tezgah	oztiryakiler-endustriyel-mutfak__7758-196e8-25	/shop/tezgah/7758-196e8-25	False	True	https://equsto.com/shop/tezgah/oztiryakiler-endustriyel-mutfak__7758-196e8-25	2026-07-15
P0_RECOVER_PRODUCT	FIX_REDIRECT	Yeniden yönlendirme hatası	broken_redirect_sellable	fix_to->/shop/tezgah/7911-19070-44	high	tr	shop_pdp	tezgah	oztiryakiler-endustriyel-mutfak__7911-19070-44	/shop/tezgah/7911-19070-44	False	True	https://equsto.com/shop/tezgah/oztiryakiler-endustriyel-mutfak__7911-19070-44	2026-07-15
P0_RECOVER_PRODUCT	FIX_REDIRECT	Yeniden yönlendirme hatası	broken_redirect_sellable	fix_to->/shop/tezgah/7911-12070-22m	high	tr	shop_pdp	tezgah	7911-12070-22m	/shop/tezgah/7911-12070-22m	False	True	https://equsto.com/shop/tezgah/7911-12070-22m	2026-07-15
P0_RECOVER_PRODUCT	FIX_REDIRECT	Yeniden yönlendirme hatası	broken_redirect_sellable	fix_to->/shop/tezgah/7758-087d8-01	high	tr	shop_pdp	dolap	7758-087d8-01	/shop/tezgah/7758-087d8-01	False	True	https://equsto.com/shop/dolap/7758-087d8-01	2026-07-15
P0_RECOVER_PRODUCT	FIX_REDIRECT	Yeniden yönlendirme hatası	broken_redirect_sellable	fix_to->/shop/tezgah/7911-12070-82	high	tr	shop_pdp	dolap	7911-12070-82	/shop/tezgah/7911-12070-82	False	True	https://equsto.com/shop/dolap/7911-12070-82	2026-07-15
P0_RECOVER_PRODUCT	FIX_REDIRECT	Yeniden yönlendirme hatası	broken_redirect_sellable	fix_to->/shop/tezgah/7758-196a8-31	high	tr	shop_pdp	dolap	oztiryakiler-endustriyel-mutfak__7758-196a8-31	/shop/tezgah/7758-196a8-31	False	True	https://equsto.com/shop/dolap/oztiryakiler-endustriyel-mutfak__7758-196a8-31	2026-07-14
P0_RECOVER_PRODUCT	FIX_REDIRECT	Yeniden yönlendirme hatası	broken_redirect_sellable	fix_to->/shop/tezgah/7911-16060-44	high	tr	shop_pdp	dolap	7911-16060-44	/shop/tezgah/7911-16060-44	False	True	https://equsto.com/shop/dolap/7911-16060-44	2026-07-14
P0_RECOVER_PRODUCT	FIX_REDIRECT	Yeniden yönlendirme hatası	broken_redirect_sellable	fix_to->/shop/tezgah/7897-19030-07	high	tr	shop_pdp	dolap	7897-19030-07	/shop/tezgah/7897-19030-07	False	True	https://equsto.com/shop/dolap/7897-19030-07	2026-07-14
P0_RECOVER_PRODUCT	FIX_REDIRECT	Yeniden yönlendirme hatası	broken_redirect_sellable	fix_to->/shop/tezgah/7911-06060-81	high	tr	shop_pdp	tezgah	oztiryakiler-endustriyel-mutfak__7911-06060-81	/shop/tezgah/7911-06060-81	False	True	https://equsto.com/shop/tezgah/oztiryakiler-endustriyel-mutfak__7911-06060-81	2026-07-14
P0_RECOVER_PRODUCT	FIX_REDIRECT	Yeniden yönlendirme hatası	broken_redirect_sellable	fix_to->/shop/tezgah/7758-196e8-25	high	tr	shop_pdp	tezgah	7758-196e8-25	/shop/tezgah/7758-196e8-25	False	True	https://equsto.com/shop/tezgah/7758-196e8-25	2026-07-14
P0_RECOVER_PRODUCT	FIX_REDIRECT	Yeniden yönlendirme hatası	broken_redirect_sellable	fix_to->/shop/tezgah/7911-14070-30	high	tr	shop_pdp	dolap	oztiryakiler-endustriyel-mutfak__7911-14070-30	/shop/tezgah/7911-14070-30	False	True	https://equsto.com/shop/dolap/oztiryakiler-endustriyel-mutfak__7911-14070-30	2026-07-14
P0_RECOVER_PRODUCT	FIX_REDIRECT	Yeniden yönlendirme hatası	broken_redirect_sellable	fix_to->/shop/tezgah/7754-187c8-21	high	tr	shop_pdp	dolap	7754-187c8-21	/shop/tezgah/7754-187c8-21	False	True	https://equsto.com/shop/dolap/7754-187c8-21	2026-07-14
P0_RECOVER_PRODUCT	FIX_REDIRECT	Yeniden yönlendirme hatası	broken_redirect_sellable	fix_to->/shop/tezgah/7911-16060-84	high	tr	shop_pdp	tezgah	oztiryakiler-endustriyel-mutfak__7911-16060-84	/shop/tezgah/7911-16060-84	False	True	https://equsto.com/shop/tezgah/oztiryakiler-endustriyel-mutfak__7911-16060-84	2026-07-14
P0_RECOVER_PRODUCT	FIX_REDIRECT	Yeniden yönlendirme hatası	broken_redirect_sellable	fix_to->/shop/tezgah/7911-16060-15	high	tr	shop_pdp	dolap	7911-16060-15	/shop/tezgah/7911-16060-15	False	True	https://equsto.com/shop/dolap/7911-16060-15	2026-07-14
P0_RECOVER_PRODUCT	FIX_REDIRECT	Yeniden yönlendirme hatası	broken_redirect_sellable	fix_to->/shop/tezgah/7758-207c5-23	high	tr	shop_pdp	dolap	7758-207c5-23	/shop/tezgah/7758-207c5-23	False	True	https://equsto.com/shop/dolap/7758-207c5-23	2026-07-14
P0_RECOVER_PRODUCT	FIX_REDIRECT	Yeniden yönlendirme hatası	broken_redirect_sellable	fix_to->/shop/tezgah/7758-156a8-25	high	tr	shop_pdp	dolap	7758-156a8-25	/shop/tezgah/7758-156a8-25	False	True	https://equsto.com/shop/dolap/7758-156a8-25	2026-07-13
P0_RECOVER_PRODUCT	FIX_REDIRECT	Yeniden yönlendirme hatası	broken_redirect_sellable	fix_to->/shop/tezgah/7754-157b5-25	high	tr	shop_pdp	tezgah	oztiryakiler-endustriyel-mutfak__7754-157b5-25	/shop/tezgah/7754-157b5-25	False	True	https://equsto.com/shop/tezgah/oztiryakiler-endustriyel-mutfak__7754-157b5-25	2026-07-13
P0_RECOVER_PRODUCT	FIX_REDIRECT	Yeniden yönlendirme hatası	broken_redirect_sellable	fix_to->/shop/tezgah/7754-197d5-25	high	tr	shop_pdp	tezgah	oztiryakiler-endustriyel-mutfak__7754-197d5-25	/shop/tezgah/7754-197d5-25	False	True	https://equsto.com/shop/tezgah/oztiryakiler-endustriyel-mutfak__7754-197d5-25	2026-07-13
P0_RECOVER_PRODUCT	FIX_REDIRECT	Yeniden yönlendirme hatası	broken_redirect_sellable	fix_to->/shop/tezgah/7910-12040-01	high	tr	shop_pdp	dolap	7910-12040-01	/shop/tezgah/7910-12040-01	False	True	https://equsto.com/shop/dolap/7910-12040-01	2026-07-13
P0_RECOVER_PRODUCT	FIX_REDIRECT	Yeniden yönlendirme hatası	broken_redirect_sellable	fix_to->/shop/tezgah/7712-19011-01	high	tr	shop_pdp	dolap	7712-19011-01	/shop/tezgah/7712-19011-01	False	True	https://equsto.com/shop/dolap/7712-19011-01	2026-07-13
P0_RECOVER_PRODUCT	FIX_REDIRECT	Yeniden yönlendirme hatası	broken_redirect_sellable	fix_to->/shop/tezgah/7911-14060-23	high	tr	shop_pdp	dolap	7911-14060-23	/shop/tezgah/7911-14060-23	False	True	https://equsto.com/shop/dolap/7911-14060-23	2026-07-13
P0_RECOVER_PRODUCT	FIX_REDIRECT	Yeniden yönlendirme hatası	broken_redirect_sellable	fix_to->/shop/tezgah/7911-19060-28	high	tr	shop_pdp	tezgah	oztiryakiler-endustriyel-mutfak__7911-19060-28	/shop/tezgah/7911-19060-28	False	True	https://equsto.com/shop/tezgah/oztiryakiler-endustriyel-mutfak__7911-19060-28	2026-07-11
P0_RECOVER_PRODUCT	FIX_REDIRECT	Yeniden yönlendirme hatası	broken_redirect_sellable	fix_to->/shop/tezgah/7911-10070-95	high	tr	shop_pdp	dolap	7911-10070-95	/shop/tezgah/7911-10070-95	False	True	https://equsto.com/shop/dolap/7911-10070-95	2026-07-11
P0_RECOVER_PRODUCT	FIX_REDIRECT	Yeniden yönlendirme hatası	broken_redirect_sellable	fix_to->/shop/tezgah/7910-12040-00	high	tr	shop_pdp	dolap	7910-12040-00	/shop/tezgah/7910-12040-00	False	True	https://equsto.com/shop/dolap/7910-12040-00	2026-07-11
P0_RECOVER_PRODUCT	FIX_REDIRECT	Yeniden yönlendirme hatası	broken_redirect_sellable	fix_to->/shop/tezgah/7911-16080-22m	high	tr	shop_pdp	dolap	7911-16080-22m	/shop/tezgah/7911-16080-22m	False	True	https://equsto.com/shop/dolap/7911-16080-22m	2026-07-11
P0_RECOVER_PRODUCT	FIX_REDIRECT	Yeniden yönlendirme hatası	broken_redirect_sellable	fix_to->/shop/tezgah/7758-167c8-13	high	tr	shop_pdp	dolap	7758-167c8-13	/shop/tezgah/7758-167c8-13	False	True	https://equsto.com/shop/dolap/7758-167c8-13	2026-07-11
P0_RECOVER_PRODUCT	FIX_REDIRECT	Yeniden yönlendirme hatası	broken_redirect_sellable	fix_to->/shop/tezgah/7754-196a5-33	high	tr	shop_pdp	dolap	7754-196a5-33	/shop/tezgah/7754-196a5-33	False	True	https://equsto.com/shop/dolap/7754-196a5-33	2026-07-10
P0_RECOVER_PRODUCT	FIX_REDIRECT	Yeniden yönlendirme hatası	broken_redirect_sellable	fix_to->/shop/tezgah/7911-06060-85	high	tr	shop_pdp	dolap	oztiryakiler-endustriyel-mutfak__7911-06060-85	/shop/tezgah/7911-06060-85	False	True	https://equsto.com/shop/dolap/oztiryakiler-endustriyel-mutfak__7911-06060-85	2026-07-10
P0_RECOVER_PRODUCT	FIX_REDIRECT	Yeniden yönlendirme hatası	broken_redirect_sellable	fix_to->/shop/tezgah/7911-12060-48	high	tr	shop_pdp	dolap	7911-12060-48	/shop/tezgah/7911-12060-48	False	True	https://equsto.com/shop/dolap/7911-12060-48	2026-07-10
P0_RECOVER_PRODUCT	FIX_REDIRECT	Yeniden yönlendirme hatası	broken_redirect_sellable	fix_to->/shop/tezgah/7758-157b8-21	high	tr	shop_pdp	dolap	7758-157b8-21	/shop/tezgah/7758-157b8-21	False	True	https://equsto.com/shop/dolap/7758-157b8-21	2026-07-10
P0_RECOVER_PRODUCT	FIX_REDIRECT	Yeniden yönlendirme hatası	broken_redirect_sellable	fix_to->/shop/tezgah/7758-126a8-15	high	tr	shop_pdp	tezgah	oztiryakiler-endustriyel-mutfak__7758-126a8-15	/shop/tezgah/7758-126a8-15	False	True	https://equsto.com/shop/tezgah/oztiryakiler-endustriyel-mutfak__7758-126a8-15	2026-07-10
P0_RECOVER_PRODUCT	FIX_REDIRECT	Yeniden yönlendirme hatası	broken_redirect_sellable	fix_to->/shop/tezgah/7754-146a8-21	high	tr	shop_pdp	dolap	7754-146a8-21	/shop/tezgah/7754-146a8-21	False	True	https://equsto.com/shop/dolap/7754-146a8-21	2026-07-10
P0_RECOVER_PRODUCT	FIX_REDIRECT	Yeniden yönlendirme hatası	broken_redirect_sellable	fix_to->/shop/tezgah/7712-14070-03	high	tr	shop_pdp	tezgah	oztiryakiler-endustriyel-mutfak__7712-14070-03	/shop/tezgah/7712-14070-03	False	True	https://equsto.com/shop/tezgah/oztiryakiler-endustriyel-mutfak__7712-14070-03	2026-07-10
P0_RECOVER_PRODUCT	FIX_REDIRECT	Yeniden yönlendirme hatası	broken_redirect_sellable	fix_to->/shop/tezgah/7911-19070-52	high	tr	shop_pdp	dolap	oztiryakiler-endustriyel-mutfak__7911-19070-52	/shop/tezgah/7911-19070-52	False	True	https://equsto.com/shop/dolap/oztiryakiler-endustriyel-mutfak__7911-19070-52	2026-07-10
P0_RECOVER_PRODUCT	FIX_REDIRECT	Yeniden yönlendirme hatası	broken_redirect_sellable	fix_to->/shop/tezgah/7911-19070-24	high	tr	shop_pdp	dolap	7911-19070-24	/shop/tezgah/7911-19070-24	False	True	https://equsto.com/shop/dolap/7911-19070-24	2026-07-10
P0_RECOVER_PRODUCT	FIX_REDIRECT	Yeniden yönlendirme hatası	broken_redirect_sellable	fix_to->/shop/tezgah/7911-16060-08	high	tr	shop_pdp	tezgah	oztiryakiler-endustriyel-mutfak__7911-16060-08	/shop/tezgah/7911-16060-08	False	True	https://equsto.com/shop/tezgah/oztiryakiler-endustriyel-mutfak__7911-16060-08	2026-07-09
P0_RECOVER_PRODUCT	FIX_REDIRECT	Yeniden yönlendirme hatası	broken_redirect_sellable	fix_to->/shop/tezgah/7911-19060-48	high	tr	shop_pdp	tezgah	oztiryakiler-endustriyel-mutfak__7911-19060-48	/shop/tezgah/7911-19060-48	False	True	https://equsto.com/shop/tezgah/oztiryakiler-endustriyel-mutfak__7911-19060-48	2026-07-09
P0_RECOVER_PRODUCT	FIX_REDIRECT	Yeniden yönlendirme hatası	broken_redirect_sellable	fix_to->/shop/tezgah/7897-14030-03	high	tr	shop_pdp	dolap	7897-14030-03	/shop/tezgah/7897-14030-03	False	True	https://equsto.com/shop/dolap/7897-14030-03	2026-07-09
P0_RECOVER_PRODUCT	FIX_REDIRECT	Yeniden yönlendirme hatası	broken_redirect_sellable	fix_to->/shop/tezgah/7897-16030-04	high	tr	shop_pdp	dolap	oztiryakiler-endustriyel-mutfak__7897-16030-04	/shop/tezgah/7897-16030-04	False	True	https://equsto.com/shop/dolap/oztiryakiler-endustriyel-mutfak__7897-16030-04	2026-07-09
P0_RECOVER_PRODUCT	FIX_REDIRECT	Yeniden yönlendirme hatası	broken_redirect_sellable	fix_to->/shop/tezgah/7758-196e8-23	high	tr	shop_pdp	tezgah	oztiryakiler-endustriyel-mutfak__7758-196e8-23	/shop/tezgah/7758-196e8-23	False	True	https://equsto.com/shop/tezgah/oztiryakiler-endustriyel-mutfak__7758-196e8-23	2026-07-09
P0_RECOVER_PRODUCT	FIX_REDIRECT	Yeniden yönlendirme hatası	broken_redirect_sellable	fix_to->/shop/tezgah/7919-37ntv-t1	high	tr	shop_pdp	dolap	oztiryakiler-endustriyel-mutfak__7919-37ntv-t1	/shop/tezgah/7919-37ntv-t1	False	True	https://equsto.com/shop/dolap/oztiryakiler-endustriyel-mutfak__7919-37ntv-t1	2026-07-09
P0_RECOVER_PRODUCT	FIX_REDIRECT	Yeniden yönlendirme hatası	broken_redirect_sellable	fix_to->/shop/tezgah/7911-14060-56	high	tr	shop_pdp	dolap	oztiryakiler-endustriyel-mutfak__7911-14060-56	/shop/tezgah/7911-14060-56	False	True	https://equsto.com/shop/dolap/oztiryakiler-endustriyel-mutfak__7911-14060-56	2026-07-09
P0_RECOVER_PRODUCT	FIX_REDIRECT	Yeniden yönlendirme hatası	broken_redirect_sellable	fix_to->/shop/tezgah/7911-16080-30m	high	tr	shop_pdp	tezgah	oztiryakiler-endustriyel-mutfak__7911-16080-30m	/shop/tezgah/7911-16080-30m	False	True	https://equsto.com/shop/tezgah/oztiryakiler-endustriyel-mutfak__7911-16080-30m	2026-07-08
P0_RECOVER_PRODUCT	FIX_REDIRECT	Yeniden yönlendirme hatası	broken_redirect_sellable	fix_to->/shop/tezgah/7897-10030-31	high	tr	shop_pdp	dolap	oztiryakiler-endustriyel-mutfak__7897-10030-31	/shop/tezgah/7897-10030-31	False	True	https://equsto.com/shop/dolap/oztiryakiler-endustriyel-mutfak__7897-10030-31	2026-07-08
P0_RECOVER_PRODUCT	FIX_REDIRECT	Yeniden yönlendirme hatası	broken_redirect_sellable	fix_to->/shop/tezgah/7911-14070-04	high	tr	shop_pdp	tezgah	oztiryakiler-endustriyel-mutfak__7911-14070-04	/shop/tezgah/7911-14070-04	False	True	https://equsto.com/shop/tezgah/oztiryakiler-endustriyel-mutfak__7911-14070-04	2026-07-08
P0_RECOVER_PRODUCT	FIX_REDIRECT	Yeniden yönlendirme hatası	broken_redirect_sellable	fix_to->/shop/tezgah/7754-167c8-25	high	tr	shop_pdp	tezgah	oztiryakiler-endustriyel-mutfak__7754-167c8-25	/shop/tezgah/7754-167c8-25	False	True	https://equsto.com/shop/tezgah/oztiryakiler-endustriyel-mutfak__7754-167c8-25	2026-07-08
P0_RECOVER_PRODUCT	FIX_REDIRECT	Yeniden yönlendirme hatası	broken_redirect_sellable	fix_to->/shop/tezgah/7754-246e5-23	high	tr	shop_pdp	tezgah	oztiryakiler-endustriyel-mutfak__7754-246e5-23	/shop/tezgah/7754-246e5-23	False	True	https://equsto.com/shop/tezgah/oztiryakiler-endustriyel-mutfak__7754-246e5-23	2026-07-08
P0_RECOVER_PRODUCT	FIX_REDIRECT	Yeniden yönlendirme hatası	broken_redirect_sellable	fix_to->/shop/tezgah/7754-187cb-25	high	tr	shop_pdp	tezgah	oztiryakiler-endustriyel-mutfak__7754-187cb-25	/shop/tezgah/7754-187cb-25	False	True	https://equsto.com/shop/tezgah/oztiryakiler-endustriyel-mutfak__7754-187cb-25	2026-07-08
P0_RECOVER_PRODUCT	FIX_REDIRECT	Yeniden yönlendirme hatası	broken_redirect_sellable	fix_to->/shop/tezgah/7911-19070-83	high	tr	shop_pdp	tezgah	oztiryakiler-endustriyel-mutfak__7911-19070-83	/shop/tezgah/7911-19070-83	False	True	https://equsto.com/shop/tezgah/oztiryakiler-endustriyel-mutfak__7911-19070-83	2026-07-08
P0_RECOVER_PRODUCT	FIX_REDIRECT	Yeniden yönlendirme hatası	broken_redirect_sellable	fix_to->/shop/tezgah/7758-146a8-21	high	tr	shop_pdp	tezgah	oztiryakiler-endustriyel-mutfak__7758-146a8-21	/shop/tezgah/7758-146a8-21	False	True	https://equsto.com/shop/tezgah/oztiryakiler-endustriyel-mutfak__7758-146a8-21	2026-07-08
P0_RECOVER_PRODUCT	FIX_REDIRECT	Yeniden yönlendirme hatası	broken_redirect_sellable	fix_to->/shop/tezgah/7754-166a5-13	high	tr	shop_pdp	tezgah	oztiryakiler-endustriyel-mutfak__7754-166a5-13	/shop/tezgah/7754-166a5-13	False	True	https://equsto.com/shop/tezgah/oztiryakiler-endustriyel-mutfak__7754-166a5-13	2026-07-08
P0_RECOVER_PRODUCT	FIX_REDIRECT	Yeniden yönlendirme hatası	broken_redirect_sellable	fix_to->/shop/tezgah/7758-187c5-23	high	tr	shop_pdp	tezgah	7758-187c5-23	/shop/tezgah/7758-187c5-23	False	True	https://equsto.com/shop/tezgah/7758-187c5-23	2026-07-08
P0_RECOVER_PRODUCT	FIX_REDIRECT	Yeniden yönlendirme hatası	broken_redirect_sellable	fix_to->/shop/tezgah/7758-207c8-23	high	tr	shop_pdp	tezgah	oztiryakiler-endustriyel-mutfak__7758-207c8-23	/shop/tezgah/7758-207c8-23	False	True	https://equsto.com/shop/tezgah/oztiryakiler-endustriyel-mutfak__7758-207c8-23	2026-07-08
P0_RECOVER_PRODUCT	FIX_REDIRECT	Yeniden yönlendirme hatası	broken_redirect_sellable	fix_to->/shop/tezgah/7911-16070-15	high	tr	shop_pdp	tezgah	oztiryakiler-endustriyel-mutfak__7911-16070-15	/shop/tezgah/7911-16070-15	False	True	https://equsto.com/shop/tezgah/oztiryakiler-endustriyel-mutfak__7911-16070-15	2026-07-08
P0_RECOVER_PRODUCT	FIX_REDIRECT	Yeniden yönlendirme hatası	broken_redirect_sellable	fix_to->/shop/tezgah/7758-196a5-33	high	tr	shop_pdp	tezgah	oztiryakiler-endustriyel-mutfak__7758-196a5-33	/shop/tezgah/7758-196a5-33	False	True	https://equsto.com/shop/tezgah/oztiryakiler-endustriyel-mutfak__7758-196a5-33	2026-07-08
P0_RECOVER_PRODUCT	FIX_REDIRECT	Yeniden yönlendirme hatası	broken_redirect_sellable	fix_to->/shop/tezgah/7754-207c8-25	high	tr	shop_pdp	tezgah	oztiryakiler-endustriyel-mutfak__7754-207c8-25	/shop/tezgah/7754-207c8-25	False	True	https://equsto.com/shop/tezgah/oztiryakiler-endustriyel-mutfak__7754-207c8-25	2026-07-08
P0_RECOVER_PRODUCT	FIX_REDIRECT	Yeniden yönlendirme hatası	broken_redirect_sellable	fix_to->/shop/tezgah/7911-06070-82	high	tr	shop_pdp	tezgah	oztiryakiler-endustriyel-mutfak__7911-06070-82	/shop/tezgah/7911-06070-82	False	True	https://equsto.com/shop/tezgah/oztiryakiler-endustriyel-mutfak__7911-06070-82	2026-07-08
P0_RECOVER_PRODUCT	FIX_REDIRECT	Yeniden yönlendirme hatası	broken_redirect_sellable	fix_to->/shop/tezgah/7758-166a8-35	high	tr	shop_pdp	dolap	7758-166a8-35	/shop/tezgah/7758-166a8-35	False	True	https://equsto.com/shop/dolap/7758-166a8-35	2026-07-08
P0_RECOVER_PRODUCT	FIX_REDIRECT	Yeniden yönlendirme hatası	broken_redirect_sellable	fix_to->/shop/tezgah/7911-19060-20	high	tr	shop_pdp	tezgah	oztiryakiler-endustriyel-mutfak__7911-19060-20	/shop/tezgah/7911-19060-20	False	True	https://equsto.com/shop/tezgah/oztiryakiler-endustriyel-mutfak__7911-19060-20	2026-07-08
P0_RECOVER_PRODUCT	FIX_REDIRECT	Yeniden yönlendirme hatası	broken_redirect_sellable	fix_to->/shop/tezgah/7911-12060-85	high	tr	shop_pdp	tezgah	oztiryakiler-endustriyel-mutfak__7911-12060-85	/shop/tezgah/7911-12060-85	False	True	https://equsto.com/shop/tezgah/oztiryakiler-endustriyel-mutfak__7911-12060-85	2026-07-08
P0_RECOVER_PRODUCT	FIX_REDIRECT	Yeniden yönlendirme hatası	broken_redirect_sellable	fix_to->/shop/tezgah/7754-077d8-01	high	tr	shop_pdp	tezgah	oztiryakiler-endustriyel-mutfak__7754-077d8-01	/shop/tezgah/7754-077d8-01	False	True	https://equsto.com/shop/tezgah/oztiryakiler-endustriyel-mutfak__7754-077d8-01	2026-07-08
P0_RECOVER_PRODUCT	FIX_REDIRECT	Yeniden yönlendirme hatası	broken_redirect_sellable	fix_to->/shop/tezgah/7754-246e8-31	high	tr	shop_pdp	tezgah	oztiryakiler-endustriyel-mutfak__7754-246e8-31	/shop/tezgah/7754-246e8-31	False	True	https://equsto.com/shop/tezgah/oztiryakiler-endustriyel-mutfak__7754-246e8-31	2026-07-08
P0_RECOVER_PRODUCT	FIX_REDIRECT	Yeniden yönlendirme hatası	broken_redirect_sellable	fix_to->/shop/tezgah/7911-10060-95	high	tr	shop_pdp	tezgah	oztiryakiler-endustriyel-mutfak__7911-10060-95	/shop/tezgah/7911-10060-95	False	True	https://equsto.com/shop/tezgah/oztiryakiler-endustriyel-mutfak__7911-10060-95	2026-07-08
P0_RECOVER_PRODUCT	FIX_REDIRECT	Yeniden yönlendirme hatası	broken_redirect_sellable	fix_to->/shop/tezgah/7758-156a5-21	high	tr	shop_pdp	tezgah	7758-156a5-21	/shop/tezgah/7758-156a5-21	False	True	https://equsto.com/shop/tezgah/7758-156a5-21	2026-07-08
P0_RECOVER_PRODUCT	FIX_REDIRECT	Yeniden yönlendirme hatası	broken_redirect_sellable	fix_to->/shop/tezgah/7911-19060-79	high	tr	shop_pdp	tezgah	oztiryakiler-endustriyel-mutfak__7911-19060-79	/shop/tezgah/7911-19060-79	False	True	https://equsto.com/shop/tezgah/oztiryakiler-endustriyel-mutfak__7911-19060-79	2026-07-08
P0_RECOVER_PRODUCT	FIX_REDIRECT	Yeniden yönlendirme hatası	broken_redirect_sellable	fix_to->/shop/tezgah/7911-14060-82	high	tr	shop_pdp	tezgah	oztiryakiler-endustriyel-mutfak__7911-14060-82	/shop/tezgah/7911-14060-82	False	True	https://equsto.com/shop/tezgah/oztiryakiler-endustriyel-mutfak__7911-14060-82	2026-07-08
P0_RECOVER_PRODUCT	FIX_REDIRECT	Yeniden yönlendirme hatası	broken_redirect_sellable	fix_to->/shop/tezgah/7712-12011-01	high	tr	shop_pdp	tezgah	7712-12011-01	/shop/tezgah/7712-12011-01	False	True	https://equsto.com/shop/tezgah/7712-12011-01	2026-07-08
P0_RECOVER_PRODUCT	FIX_REDIRECT	Yeniden yönlendirme hatası	broken_redirect_sellable	fix_to->/shop/tezgah/7754-246e8-41	high	tr	shop_pdp	tezgah	oztiryakiler-endustriyel-mutfak__7754-246e8-41	/shop/tezgah/7754-246e8-41	False	True	https://equsto.com/shop/tezgah/oztiryakiler-endustriyel-mutfak__7754-246e8-41	2026-07-08
P0_RECOVER_PRODUCT	FIX_REDIRECT	Yeniden yönlendirme hatası	broken_redirect_sellable	fix_to->/shop/tezgah/7911-19070-96	high	tr	shop_pdp	tezgah	oztiryakiler-endustriyel-mutfak__7911-19070-96	/shop/tezgah/7911-19070-96	False	True	https://equsto.com/shop/tezgah/oztiryakiler-endustriyel-mutfak__7911-19070-96	2026-07-08
P0_RECOVER_PRODUCT	FIX_REDIRECT	Yeniden yönlendirme hatası	broken_redirect_sellable	fix_to->/shop/tezgah/7754-166a8-21	high	tr	shop_pdp	tezgah	oztiryakiler-endustriyel-mutfak__7754-166a8-21	/shop/tezgah/7754-166a8-21	False	True	https://equsto.com/shop/tezgah/oztiryakiler-endustriyel-mutfak__7754-166a8-21	2026-07-08
P0_RECOVER_PRODUCT	FIX_REDIRECT	Yeniden yönlendirme hatası	broken_redirect_sellable	fix_to->/shop/tezgah/7758-156a5-21	high	tr	shop_pdp	tezgah	oztiryakiler-endustriyel-mutfak__7758-156a5-21	/shop/tezgah/7758-156a5-21	False	True	https://equsto.com/shop/tezgah/oztiryakiler-endustriyel-mutfak__7758-156a5-21	2026-07-08
P0_RECOVER_PRODUCT	FIX_REDIRECT	Yeniden yönlendirme hatası	broken_redirect_sellable	fix_to->/shop/tezgah/7754-167c5-25	high	tr	shop_pdp	tezgah	oztiryakiler-endustriyel-mutfak__7754-167c5-25	/shop/tezgah/7754-167c5-25	False	True	https://equsto.com/shop/tezgah/oztiryakiler-endustriyel-mutfak__7754-167c5-25	2026-07-08
P0_RECOVER_PRODUCT	FIX_REDIRECT	Yeniden yönlendirme hatası	broken_redirect_sellable	fix_to->/shop/tezgah/7911-14060-96	high	tr	shop_pdp	tezgah	oztiryakiler-endustriyel-mutfak__7911-14060-96	/shop/tezgah/7911-14060-96	False	True	https://equsto.com/shop/tezgah/oztiryakiler-endustriyel-mutfak__7911-14060-96	2026-07-08
P0_RECOVER_PRODUCT	FIX_REDIRECT	Yeniden yönlendirme hatası	broken_redirect_sellable	fix_to->/shop/tezgah/7911-19070-12	high	tr	shop_pdp	tezgah	oztiryakiler-endustriyel-mutfak__7911-19070-12	/shop/tezgah/7911-19070-12	False	True	https://equsto.com/shop/tezgah/oztiryakiler-endustriyel-mutfak__7911-19070-12	2026-07-08
P0_RECOVER_PRODUCT	FIX_REDIRECT	Yeniden yönlendirme hatası	broken_redirect_sellable	fix_to->/shop/tezgah/7758-166a8-13	high	tr	shop_pdp	tezgah	oztiryakiler-endustriyel-mutfak__7758-166a8-13	/shop/tezgah/7758-166a8-13	False	True	https://equsto.com/shop/tezgah/oztiryakiler-endustriyel-mutfak__7758-166a8-13	2026-07-08
P0_RECOVER_PRODUCT	FIX_REDIRECT	Yeniden yönlendirme hatası	broken_redirect_sellable	fix_to->/shop/tezgah/7911-19060-85	high	tr	shop_pdp	tezgah	oztiryakiler-endustriyel-mutfak__7911-19060-85	/shop/tezgah/7911-19060-85	False	True	https://equsto.com/shop/tezgah/oztiryakiler-endustriyel-mutfak__7911-19060-85	2026-07-08
P0_RECOVER_PRODUCT	FIX_REDIRECT	Yeniden yönlendirme hatası	broken_redirect_sellable	fix_to->/shop/tezgah/7911-19070-82	high	tr	shop_pdp	tezgah	oztiryakiler-endustriyel-mutfak__7911-19070-82	/shop/tezgah/7911-19070-82	False	True	https://equsto.com/shop/tezgah/oztiryakiler-endustriyel-mutfak__7911-19070-82	2026-07-08
P0_RECOVER_PRODUCT	FIX_REDIRECT	Yeniden yönlendirme hatası	broken_redirect_sellable	fix_to->/shop/tezgah/7911-10060-95	high	tr	shop_pdp	tezgah	7911-10060-95	/shop/tezgah/7911-10060-95	False	True	https://equsto.com/shop/tezgah/7911-10060-95	2026-07-07
P0_RECOVER_PRODUCT	FIX_REDIRECT	Yeniden yönlendirme hatası	broken_redirect_sellable	fix_to->/shop/tezgah/7868-14608-23	high	tr	shop_pdp	dolap	7868-14608-23	/shop/tezgah/7868-14608-23	False	True	https://equsto.com/shop/dolap/7868-14608-23	2026-07-07
P0_RECOVER_PRODUCT	FIX_REDIRECT	Yeniden yönlendirme hatası	broken_redirect_sellable	fix_to->/shop/tezgah/7758-187c5-23	high	tr	shop_pdp	dolap	oztiryakiler-endustriyel-mutfak__7758-187c5-23	/shop/tezgah/7758-187c5-23	False	True	https://equsto.com/shop/dolap/oztiryakiler-endustriyel-mutfak__7758-187c5-23	2026-07-07
P0_RECOVER_PRODUCT	FIX_REDIRECT	Yeniden yönlendirme hatası	broken_redirect_sellable	fix_to->/shop/tezgah/7911-19060-48	high	tr	shop_pdp	dolap	7911-19060-48	/shop/tezgah/7911-19060-48	False	True	https://equsto.com/shop/dolap/7911-19060-48	2026-07-07
P0_RECOVER_PRODUCT	FIX_REDIRECT	Yeniden yönlendirme hatası	broken_redirect_sellable	fix_to->/shop/tezgah/7911-14070-44	high	tr	shop_pdp	tezgah	oztiryakiler-endustriyel-mutfak__7911-14070-44	/shop/tezgah/7911-14070-44	False	True	https://equsto.com/shop/tezgah/oztiryakiler-endustriyel-mutfak__7911-14070-44	2026-07-07
P0_RECOVER_PRODUCT	FIX_REDIRECT	Yeniden yönlendirme hatası	broken_redirect_sellable	fix_to->/shop/tezgah/7754-066e8-01	high	tr	shop_pdp	dolap	7754-066e8-01	/shop/tezgah/7754-066e8-01	False	True	https://equsto.com/shop/dolap/7754-066e8-01	2026-07-07
P0_RECOVER_PRODUCT	FIX_REDIRECT	Yeniden yönlendirme hatası	broken_redirect_sellable	fix_to->/shop/tezgah/7911-19070-85	high	tr	shop_pdp	tezgah	oztiryakiler-endustriyel-mutfak__7911-19070-85	/shop/tezgah/7911-19070-85	False	True	https://equsto.com/shop/tezgah/oztiryakiler-endustriyel-mutfak__7911-19070-85	2026-07-07
P0_RECOVER_PRODUCT	FIX_REDIRECT	Yeniden yönlendirme hatası	broken_redirect_sellable	fix_to->/shop/tezgah/7911-12070-15	high	tr	shop_pdp	tezgah	oztiryakiler-endustriyel-mutfak__7911-12070-15	/shop/tezgah/7911-12070-15	False	True	https://equsto.com/shop/tezgah/oztiryakiler-endustriyel-mutfak__7911-12070-15	2026-07-07
P0_RECOVER_PRODUCT	FIX_REDIRECT	Yeniden yönlendirme hatası	broken_redirect_sellable	fix_to->/shop/tezgah/7911-16070-96	high	tr	shop_pdp	tezgah	oztiryakiler-endustriyel-mutfak__7911-16070-96	/shop/tezgah/7911-16070-96	False	True	https://equsto.com/shop/tezgah/oztiryakiler-endustriyel-mutfak__7911-16070-96	2026-07-07
P0_RECOVER_PRODUCT	FIX_REDIRECT	Yeniden yönlendirme hatası	broken_redirect_sellable	fix_to->/shop/tezgah/7911-14070-14	high	tr	shop_pdp	dolap	oztiryakiler-endustriyel-mutfak__7911-14070-14	/shop/tezgah/7911-14070-14	False	True	https://equsto.com/shop/dolap/oztiryakiler-endustriyel-mutfak__7911-14070-14	2026-07-07
P0_RECOVER_PRODUCT	FIX_REDIRECT	Yeniden yönlendirme hatası	broken_redirect_sellable	fix_to->/shop/tezgah/7758-196e8-35	high	tr	shop_pdp	dolap	oztiryakiler-endustriyel-mutfak__7758-196e8-35	/shop/tezgah/7758-196e8-35	False	True	https://equsto.com/shop/dolap/oztiryakiler-endustriyel-mutfak__7758-196e8-35	2026-07-07
P0_RECOVER_PRODUCT	FIX_REDIRECT	Yeniden yönlendirme hatası	broken_redirect_sellable	fix_to->/shop/tezgah/7897-16030-30	high	tr	shop_pdp	dolap	7897-16030-30	/shop/tezgah/7897-16030-30	False	True	https://equsto.com/shop/dolap/7897-16030-30	2026-07-07
P0_RECOVER_PRODUCT	FIX_REDIRECT	Yeniden yönlendirme hatası	broken_redirect_sellable	fix_to->/shop/tezgah/7754-146a8-21	high	tr	shop_pdp	tezgah	oztiryakiler-endustriyel-mutfak__7754-146a8-21	/shop/tezgah/7754-146a8-21	False	True	https://equsto.com/shop/tezgah/oztiryakiler-endustriyel-mutfak__7754-146a8-21	2026-07-07
P0_RECOVER_PRODUCT	FIX_REDIRECT	Yeniden yönlendirme hatası	broken_redirect_sellable	fix_to->/shop/tezgah/7911-16070-56	high	tr	shop_pdp	tezgah	oztiryakiler-endustriyel-mutfak__7911-16070-56	/shop/tezgah/7911-16070-56	False	True	https://equsto.com/shop/tezgah/oztiryakiler-endustriyel-mutfak__7911-16070-56	2026-07-06
P0_RECOVER_PRODUCT	FIX_REDIRECT	Yeniden yönlendirme hatası	broken_redirect_sellable	fix_to->/shop/tezgah/7911-16070-04a	high	tr	shop_pdp	dolap	7911-16070-04a	/shop/tezgah/7911-16070-04a	False	True	https://equsto.com/shop/dolap/7911-16070-04a	2026-07-06
P0_RECOVER_PRODUCT	FIX_REDIRECT	Yeniden yönlendirme hatası	broken_redirect_sellable	fix_to->/shop/tezgah/7911-16060-04a	high	tr	shop_pdp	tezgah	oztiryakiler-endustriyel-mutfak__7911-16060-04a	/shop/tezgah/7911-16060-04a	False	True	https://equsto.com/shop/tezgah/oztiryakiler-endustriyel-mutfak__7911-16060-04a	2026-07-06
P0_RECOVER_PRODUCT	FIX_REDIRECT	Yeniden yönlendirme hatası	broken_redirect_sellable	fix_to->/shop/tezgah/7758-167b8-25	high	tr	shop_pdp	dolap	7758-167b8-25	/shop/tezgah/7758-167b8-25	False	True	https://equsto.com/shop/dolap/7758-167b8-25	2026-07-06
P0_RECOVER_PRODUCT	FIX_REDIRECT	Yeniden yönlendirme hatası	broken_redirect_sellable	fix_to->/shop/tezgah/9868-rtr12-0l	high	tr	shop_pdp	dolap	9868-rtr12-0l	/shop/tezgah/9868-rtr12-0l	False	True	https://equsto.com/shop/dolap/9868-rtr12-0l	2026-07-06
P0_RECOVER_PRODUCT	FIX_REDIRECT	Yeniden yönlendirme hatası	broken_redirect_sellable	fix_to->/en/shop/pisirme/gn1-2+gn1-3150	high	en	shop_pdp	pisirme	gn1-2+gn1-3150	/en/shop/pisirme/gn1-2+gn1-3150	False	True	https://equsto.com/en/shop/pisirme/gn1-2+gn1-3150	2026-07-06
P0_RECOVER_PRODUCT	FIX_REDIRECT	Yeniden yönlendirme hatası	broken_redirect_sellable	fix_to->/shop/tezgah/7754-127cb-15	high	tr	shop_pdp	dolap	7754-127cb-15	/shop/tezgah/7754-127cb-15	False	True	https://equsto.com/shop/dolap/7754-127cb-15	2026-07-06
P0_RECOVER_PRODUCT	FIX_REDIRECT	Yeniden yönlendirme hatası	broken_redirect_sellable	fix_to->/shop/tezgah/7911-14070-04a	high	tr	shop_pdp	tezgah	7911-14070-04a	/shop/tezgah/7911-14070-04a	False	True	https://equsto.com/shop/tezgah/7911-14070-04a	2026-07-06
P0_RECOVER_PRODUCT	FIX_REDIRECT	Yeniden yönlendirme hatası	broken_redirect_sellable	fix_to->/shop/tezgah/7919-15lts-00	high	tr	shop_pdp	dolap	oztiryakiler-endustriyel-mutfak__7919-15lts-00	/shop/tezgah/7919-15lts-00	False	True	https://equsto.com/shop/dolap/oztiryakiler-endustriyel-mutfak__7919-15lts-00	2026-07-06
P0_RECOVER_PRODUCT	FIX_REDIRECT	Yeniden yönlendirme hatası	broken_redirect_sellable	fix_to->/shop/tezgah/7758-146a5-13	high	tr	shop_pdp	tezgah	oztiryakiler-endustriyel-mutfak__7758-146a5-13	/shop/tezgah/7758-146a5-13	False	True	https://equsto.com/shop/tezgah/oztiryakiler-endustriyel-mutfak__7758-146a5-13	2026-07-06
P0_RECOVER_PRODUCT	FIX_REDIRECT	Yeniden yönlendirme hatası	broken_redirect_sellable	fix_to->/shop/tezgah/7911-19070-56	high	tr	shop_pdp	dolap	oztiryakiler-endustriyel-mutfak__7911-19070-56	/shop/tezgah/7911-19070-56	False	True	https://equsto.com/shop/dolap/oztiryakiler-endustriyel-mutfak__7911-19070-56	2026-07-06
P0_RECOVER_PRODUCT	FIX_REDIRECT	Yeniden yönlendirme hatası	broken_redirect_sellable	fix_to->/shop/tezgah/7911-19060-00	high	tr	shop_pdp	dolap	7911-19060-00	/shop/tezgah/7911-19060-00	False	True	https://equsto.com/shop/dolap/7911-19060-00	2026-07-06
P0_RECOVER_PRODUCT	FIX_REDIRECT	Yeniden yönlendirme hatası	broken_redirect_sellable	fix_to->/shop/tezgah/7758-217d5-25	high	tr	shop_pdp	dolap	7758-217d5-25	/shop/tezgah/7758-217d5-25	False	True	https://equsto.com/shop/dolap/7758-217d5-25	2026-07-05
P0_RECOVER_PRODUCT	FIX_REDIRECT	Yeniden yönlendirme hatası	broken_redirect_sellable	fix_to->/shop/tezgah/7758-216e8-33	high	tr	shop_pdp	tezgah	oztiryakiler-endustriyel-mutfak__7758-216e8-33	/shop/tezgah/7758-216e8-33	False	True	https://equsto.com/shop/tezgah/oztiryakiler-endustriyel-mutfak__7758-216e8-33	2026-07-05
P0_RECOVER_PRODUCT	FIX_REDIRECT	Yeniden yönlendirme hatası	broken_redirect_sellable	fix_to->/shop/tezgah/7754-067b8-01	high	tr	shop_pdp	tezgah	oztiryakiler-endustriyel-mutfak__7754-067b8-01	/shop/tezgah/7754-067b8-01	False	True	https://equsto.com/shop/tezgah/oztiryakiler-endustriyel-mutfak__7754-067b8-01	2026-07-05
P0_RECOVER_PRODUCT	FIX_REDIRECT	Yeniden yönlendirme hatası	broken_redirect_sellable	fix_to->/shop/tezgah/7754-077d8-01	high	tr	shop_pdp	dolap	7754-077d8-01	/shop/tezgah/7754-077d8-01	False	True	https://equsto.com/shop/dolap/7754-077d8-01	2026-07-05
P0_RECOVER_PRODUCT	FIX_REDIRECT	Yeniden yönlendirme hatası	broken_redirect_sellable	fix_to->/shop/tezgah/7754-127cb-15	high	tr	shop_pdp	tezgah	7754-127cb-15	/shop/tezgah/7754-127cb-15	False	True	https://equsto.com/shop/tezgah/7754-127cb-15	2026-07-05
P0_RECOVER_PRODUCT	FIX_REDIRECT	Yeniden yönlendirme hatası	broken_redirect_sellable	fix_to->/shop/tezgah/7911-14060-79	high	tr	shop_pdp	tezgah	oztiryakiler-endustriyel-mutfak__7911-14060-79	/shop/tezgah/7911-14060-79	False	True	https://equsto.com/shop/tezgah/oztiryakiler-endustriyel-mutfak__7911-14060-79	2026-07-05
P0_RECOVER_PRODUCT	FIX_REDIRECT	Yeniden yönlendirme hatası	broken_redirect_sellable	fix_to->/shop/tezgah/7911-12060-09	high	tr	shop_pdp	tezgah	oztiryakiler-endustriyel-mutfak__7911-12060-09	/shop/tezgah/7911-12060-09	False	True	https://equsto.com/shop/tezgah/oztiryakiler-endustriyel-mutfak__7911-12060-09	2026-07-05
P0_RECOVER_PRODUCT	FIX_REDIRECT	Yeniden yönlendirme hatası	broken_redirect_sellable	fix_to->/shop/tezgah/7758-196a5-31	high	tr	shop_pdp	dolap	oztiryakiler-endustriyel-mutfak__7758-196a5-31	/shop/tezgah/7758-196a5-31	False	True	https://equsto.com/shop/dolap/oztiryakiler-endustriyel-mutfak__7758-196a5-31	2026-07-05
P0_RECOVER_PRODUCT	FIX_REDIRECT	Yeniden yönlendirme hatası	broken_redirect_sellable	fix_to->/shop/tezgah/7758-147d8-27	high	tr	shop_pdp	dolap	oztiryakiler-endustriyel-mutfak__7758-147d8-27	/shop/tezgah/7758-147d8-27	False	True	https://equsto.com/shop/dolap/oztiryakiler-endustriyel-mutfak__7758-147d8-27	2026-07-05
P0_RECOVER_PRODUCT	FIX_REDIRECT	Yeniden yönlendirme hatası	broken_redirect_sellable	fix_to->/shop/tezgah/7911-12070-84	high	tr	shop_pdp	tezgah	oztiryakiler-endustriyel-mutfak__7911-12070-84	/shop/tezgah/7911-12070-84	False	True	https://equsto.com/shop/tezgah/oztiryakiler-endustriyel-mutfak__7911-12070-84	2026-07-05
P0_RECOVER_PRODUCT	FIX_REDIRECT	Yeniden yönlendirme hatası	broken_redirect_sellable	fix_to->/shop/tezgah/7919-26ntv-c2	high	tr	shop_pdp	dolap	7919-26ntv-c2	/shop/tezgah/7919-26ntv-c2	False	True	https://equsto.com/shop/dolap/7919-26ntv-c2	2026-07-05
P0_RECOVER_PRODUCT	FIX_REDIRECT	Yeniden yönlendirme hatası	broken_redirect_sellable	fix_to->/shop/tezgah/7911-14060-48	high	tr	shop_pdp	tezgah	7911-14060-48	/shop/tezgah/7911-14060-48	False	True	https://equsto.com/shop/tezgah/7911-14060-48	2026-07-04
P0_RECOVER_PRODUCT	FIX_REDIRECT	Yeniden yönlendirme hatası	broken_redirect_sellable	fix_to->/shop/tezgah/7754-207cb-25	high	tr	shop_pdp	dolap	7754-207cb-25	/shop/tezgah/7754-207cb-25	False	True	https://equsto.com/shop/dolap/7754-207cb-25	2026-07-04
P0_RECOVER_PRODUCT	FIX_REDIRECT	Yeniden yönlendirme hatası	broken_redirect_sellable	fix_to->/shop/tezgah/7911-09060-79	high	tr	shop_pdp	tezgah	oztiryakiler-endustriyel-mutfak__7911-09060-79	/shop/tezgah/7911-09060-79	False	True	https://equsto.com/shop/tezgah/oztiryakiler-endustriyel-mutfak__7911-09060-79	2026-07-04
P0_RECOVER_PRODUCT	FIX_REDIRECT	Yeniden yönlendirme hatası	broken_redirect_sellable	fix_to->/shop/tezgah/7911-10070-96	high	tr	shop_pdp	dolap	7911-10070-96	/shop/tezgah/7911-10070-96	False	True	https://equsto.com/shop/dolap/7911-10070-96	2026-07-04
P0_RECOVER_PRODUCT	FIX_REDIRECT	Yeniden yönlendirme hatası	broken_redirect_sellable	fix_to->/shop/tezgah/7911-12080-22	high	tr	shop_pdp	dolap	7911-12080-22	/shop/tezgah/7911-12080-22	False	True	https://equsto.com/shop/dolap/7911-12080-22	2026-07-04
P0_RECOVER_PRODUCT	FIX_REDIRECT	Yeniden yönlendirme hatası	broken_redirect_sellable	fix_to->/shop/tezgah/7911-14080-30	high	tr	shop_pdp	tezgah	7911-14080-30	/shop/tezgah/7911-14080-30	False	True	https://equsto.com/shop/tezgah/7911-14080-30	2026-07-04
P0_RECOVER_PRODUCT	FIX_REDIRECT	Yeniden yönlendirme hatası	broken_redirect_sellable	fix_to->/shop/tezgah/7911-19070-12	high	tr	shop_pdp	tezgah	7911-19070-12	/shop/tezgah/7911-19070-12	False	True	https://equsto.com/shop/tezgah/7911-19070-12	2026-07-04
P0_RECOVER_PRODUCT	FIX_REDIRECT	Yeniden yönlendirme hatası	broken_redirect_sellable	fix_to->/shop/tezgah/7758-127cb-15	high	tr	shop_pdp	dolap	7758-127cb-15	/shop/tezgah/7758-127cb-15	False	True	https://equsto.com/shop/dolap/7758-127cb-15	2026-07-04
P0_RECOVER_PRODUCT	FIX_REDIRECT	Yeniden yönlendirme hatası	broken_redirect_sellable	fix_to->/shop/tezgah/7758-247c5-31	high	tr	shop_pdp	tezgah	oztiryakiler-endustriyel-mutfak__7758-247c5-31	/shop/tezgah/7758-247c5-31	False	True	https://equsto.com/shop/tezgah/oztiryakiler-endustriyel-mutfak__7758-247c5-31	2026-07-04
P0_RECOVER_PRODUCT	FIX_REDIRECT	Yeniden yönlendirme hatası	broken_redirect_sellable	fix_to->/shop/tezgah/7911-09060-94	high	tr	shop_pdp	tezgah	7911-09060-94	/shop/tezgah/7911-09060-94	False	True	https://equsto.com/shop/tezgah/7911-09060-94	2026-07-04
P0_RECOVER_PRODUCT	FIX_REDIRECT	Yeniden yönlendirme hatası	broken_redirect_sellable	fix_to->/shop/tezgah/7758-126a8-11	high	tr	shop_pdp	tezgah	7758-126a8-11	/shop/tezgah/7758-126a8-11	False	True	https://equsto.com/shop/tezgah/7758-126a8-11	2026-07-03
P0_RECOVER_PRODUCT	FIX_REDIRECT	Yeniden yönlendirme hatası	broken_redirect_sellable	fix_to->/shop/tezgah/7897-16030-30	high	tr	shop_pdp	dolap	oztiryakiler-endustriyel-mutfak__7897-16030-30	/shop/tezgah/7897-16030-30	False	True	https://equsto.com/shop/dolap/oztiryakiler-endustriyel-mutfak__7897-16030-30	2026-07-03
P0_RECOVER_PRODUCT	FIX_REDIRECT	Yeniden yönlendirme hatası	broken_redirect_sellable	fix_to->/shop/tezgah/7754-166a5-25	high	tr	shop_pdp	dolap	7754-166a5-25	/shop/tezgah/7754-166a5-25	False	True	https://equsto.com/shop/dolap/7754-166a5-25	2026-07-03
P0_RECOVER_PRODUCT	FIX_REDIRECT	Yeniden yönlendirme hatası	broken_redirect_sellable	fix_to->/shop/tezgah/7911-06060-79	high	tr	shop_pdp	tezgah	oztiryakiler-endustriyel-mutfak__7911-06060-79	/shop/tezgah/7911-06060-79	False	True	https://equsto.com/shop/tezgah/oztiryakiler-endustriyel-mutfak__7911-06060-79	2026-07-03
P0_RECOVER_PRODUCT	FIX_REDIRECT	Yeniden yönlendirme hatası	broken_redirect_sellable	fix_to->/shop/tezgah/7754-197cb-25	high	tr	shop_pdp	dolap	oztiryakiler-endustriyel-mutfak__7754-197cb-25	/shop/tezgah/7754-197cb-25	False	True	https://equsto.com/shop/dolap/oztiryakiler-endustriyel-mutfak__7754-197cb-25	2026-07-03
P0_RECOVER_PRODUCT	FIX_REDIRECT	Yeniden yönlendirme hatası	broken_redirect_sellable	fix_to->/shop/tezgah/7897-19030-02	high	tr	shop_pdp	dolap	7897-19030-02	/shop/tezgah/7897-19030-02	False	True	https://equsto.com/shop/dolap/7897-19030-02	2026-07-03
P0_RECOVER_PRODUCT	FIX_REDIRECT	Yeniden yönlendirme hatası	broken_redirect_sellable	fix_to->/shop/tezgah/7758-147c5-13	high	tr	shop_pdp	dolap	7758-147c5-13	/shop/tezgah/7758-147c5-13	False	True	https://equsto.com/shop/dolap/7758-147c5-13	2026-07-03
P0_RECOVER_PRODUCT	FIX_REDIRECT	Yeniden yönlendirme hatası	broken_redirect_sellable	fix_to->/shop/tezgah/7754-207c8-25	high	tr	shop_pdp	dolap	oztiryakiler-endustriyel-mutfak__7754-207c8-25	/shop/tezgah/7754-207c8-25	False	True	https://equsto.com/shop/dolap/oztiryakiler-endustriyel-mutfak__7754-207c8-25	2026-07-03
P0_RECOVER_PRODUCT	FIX_REDIRECT	Yeniden yönlendirme hatası	broken_redirect_sellable	fix_to->/shop/tezgah/7911-05050-90	high	tr	shop_pdp	tezgah	oztiryakiler-endustriyel-mutfak__7911-05050-90	/shop/tezgah/7911-05050-90	False	True	https://equsto.com/shop/tezgah/oztiryakiler-endustriyel-mutfak__7911-05050-90	2026-07-02
P0_RECOVER_PRODUCT	FIX_REDIRECT	Yeniden yönlendirme hatası	broken_redirect_sellable	fix_to->/shop/tezgah/7758-147cb-15	high	tr	shop_pdp	dolap	7758-147cb-15	/shop/tezgah/7758-147cb-15	False	True	https://equsto.com/shop/dolap/7758-147cb-15	2026-07-02
P0_RECOVER_PRODUCT	FIX_REDIRECT	Yeniden yönlendirme hatası	broken_redirect_sellable	fix_to->/shop/tezgah/7911-10060-08	high	tr	shop_pdp	tezgah	oztiryakiler-endustriyel-mutfak__7911-10060-08	/shop/tezgah/7911-10060-08	False	True	https://equsto.com/shop/tezgah/oztiryakiler-endustriyel-mutfak__7911-10060-08	2026-07-02
P0_RECOVER_PRODUCT	FIX_REDIRECT	Yeniden yönlendirme hatası	broken_redirect_sellable	fix_to->/shop/tezgah/7911-14080-22m	high	tr	shop_pdp	dolap	7911-14080-22m	/shop/tezgah/7911-14080-22m	False	True	https://equsto.com/shop/dolap/7911-14080-22m	2026-07-02
P0_RECOVER_PRODUCT	FIX_REDIRECT	Yeniden yönlendirme hatası	broken_redirect_sellable	fix_to->/shop/tezgah/79k3-06lmv-00	high	tr	shop_pdp	dolap	79k3-06lmv-00	/shop/tezgah/79k3-06lmv-00	False	True	https://equsto.com/shop/dolap/79k3-06lmv-00	2026-07-02
P0_RECOVER_PRODUCT	FIX_REDIRECT	Yeniden yönlendirme hatası	broken_redirect_sellable	fix_to->/shop/tezgah/7897-16030-02	high	tr	shop_pdp	dolap	oztiryakiler-endustriyel-mutfak__7897-16030-02	/shop/tezgah/7897-16030-02	False	True	https://equsto.com/shop/dolap/oztiryakiler-endustriyel-mutfak__7897-16030-02	2026-07-02
P0_RECOVER_PRODUCT	FIX_REDIRECT	Yeniden yönlendirme hatası	broken_redirect_sellable	fix_to->/shop/tezgah/7911-14060-00	high	tr	shop_pdp	dolap	7911-14060-00	/shop/tezgah/7911-14060-00	False	True	https://equsto.com/shop/dolap/7911-14060-00	2026-07-01
P0_RECOVER_PRODUCT	FIX_REDIRECT	Yeniden yönlendirme hatası	broken_redirect_sellable	fix_to->/shop/tezgah/7876-n1-40705-10	high	tr	shop_pdp	dolap	7876-n1-40705-10	/shop/tezgah/7876-n1-40705-10	False	True	https://equsto.com/shop/dolap/7876-n1-40705-10	2026-06-30
P0_RECOVER_PRODUCT	FIX_REDIRECT	Yeniden yönlendirme hatası	broken_redirect_sellable	fix_to->/shop/tezgah/7758-127cb-15	high	tr	shop_pdp	dolap	oztiryakiler-endustriyel-mutfak__7758-127cb-15	/shop/tezgah/7758-127cb-15	False	True	https://equsto.com/shop/dolap/oztiryakiler-endustriyel-mutfak__7758-127cb-15	2026-06-30
P0_RECOVER_PRODUCT	FIX_REDIRECT	Yeniden yönlendirme hatası	broken_redirect_sellable	fix_to->/shop/tezgah/7911-10060-94	high	tr	shop_pdp	dolap	7911-10060-94	/shop/tezgah/7911-10060-94	False	True	https://equsto.com/shop/dolap/7911-10060-94	2026-06-30
P0_RECOVER_PRODUCT	FIX_REDIRECT	Yeniden yönlendirme hatası	broken_redirect_sellable	fix_to->/shop/tezgah/7911-12070-94	high	tr	shop_pdp	dolap	7911-12070-94	/shop/tezgah/7911-12070-94	False	True	https://equsto.com/shop/dolap/7911-12070-94	2026-06-30
P0_RECOVER_PRODUCT	FIX_REDIRECT	Yeniden yönlendirme hatası	broken_redirect_sellable	fix_to->/shop/tezgah/7911-14070-09	high	tr	shop_pdp	dolap	oztiryakiler-endustriyel-mutfak__7911-14070-09	/shop/tezgah/7911-14070-09	False	True	https://equsto.com/shop/dolap/oztiryakiler-endustriyel-mutfak__7911-14070-09	2026-06-30
P0_RECOVER_PRODUCT	FIX_REDIRECT	Yeniden yönlendirme hatası	broken_redirect_sellable	fix_to->/shop/tezgah/7754-126a8-15	high	tr	shop_pdp	dolap	7754-126a8-15	/shop/tezgah/7754-126a8-15	False	True	https://equsto.com/shop/dolap/7754-126a8-15	2026-06-30
P0_RECOVER_PRODUCT	FIX_REDIRECT	Yeniden yönlendirme hatası	broken_redirect_sellable	fix_to->/shop/tezgah/7758-216e8-33	high	tr	shop_pdp	dolap	7758-216e8-33	/shop/tezgah/7758-216e8-33	False	True	https://equsto.com/shop/dolap/7758-216e8-33	2026-06-30
P0_RECOVER_PRODUCT	FIX_REDIRECT	Yeniden yönlendirme hatası	broken_redirect_sellable	fix_to->/shop/tezgah/7911-16060-79	high	tr	shop_pdp	dolap	7911-16060-79	/shop/tezgah/7911-16060-79	False	True	https://equsto.com/shop/dolap/7911-16060-79	2026-06-30
P0_RECOVER_PRODUCT	FIX_REDIRECT	Yeniden yönlendirme hatası	broken_redirect_sellable	fix_to->/shop/pisirme/adg-5+5a	high	tr	shop_pdp	pisirme	adg-5+5a	/shop/pisirme/adg-5+5a	False	True	https://equsto.com/shop/pisirme/adg-5+5a	2026-06-30
P0_RECOVER_PRODUCT	FIX_REDIRECT	Yeniden yönlendirme hatası	broken_redirect_sellable	fix_to->/shop/tezgah/7911-09060-95	high	tr	shop_pdp	tezgah	oztiryakiler-endustriyel-mutfak__7911-09060-95	/shop/tezgah/7911-09060-95	False	True	https://equsto.com/shop/tezgah/oztiryakiler-endustriyel-mutfak__7911-09060-95	2026-06-30
P0_RECOVER_PRODUCT	FIX_REDIRECT	Yeniden yönlendirme hatası	broken_redirect_sellable	fix_to->/shop/tezgah/7868-14608-23	high	tr	shop_pdp	dolap	oztiryakiler-endustriyel-mutfak__7868-14608-23	/shop/tezgah/7868-14608-23	False	True	https://equsto.com/shop/dolap/oztiryakiler-endustriyel-mutfak__7868-14608-23	2026-06-30
P0_RECOVER_PRODUCT	FIX_REDIRECT	Yeniden yönlendirme hatası	broken_redirect_sellable	fix_to->/shop/tezgah/7758-107c8-15	high	tr	shop_pdp	dolap	oztiryakiler-endustriyel-mutfak__7758-107c8-15	/shop/tezgah/7758-107c8-15	False	True	https://equsto.com/shop/dolap/oztiryakiler-endustriyel-mutfak__7758-107c8-15	2026-06-30
P0_RECOVER_PRODUCT	FIX_REDIRECT	Yeniden yönlendirme hatası	broken_redirect_sellable	fix_to->/shop/tezgah/7911-12070-22m	high	tr	shop_pdp	tezgah	oztiryakiler-endustriyel-mutfak__7911-12070-22m	/shop/tezgah/7911-12070-22m	False	True	https://equsto.com/shop/tezgah/oztiryakiler-endustriyel-mutfak__7911-12070-22m	2026-06-29
P0_RECOVER_PRODUCT	FIX_REDIRECT	Yeniden yönlendirme hatası	broken_redirect_sellable	fix_to->/shop/tezgah/7910-16040-01	high	tr	shop_pdp	dolap	oztiryakiler-endustriyel-mutfak__7910-16040-01	/shop/tezgah/7910-16040-01	False	True	https://equsto.com/shop/dolap/oztiryakiler-endustriyel-mutfak__7910-16040-01	2026-06-29
P0_RECOVER_PRODUCT	FIX_REDIRECT	Yeniden yönlendirme hatası	broken_redirect_sellable	fix_to->/shop/tezgah/7758-127c8-11	high	tr	shop_pdp	dolap	oztiryakiler-endustriyel-mutfak__7758-127c8-11	/shop/tezgah/7758-127c8-11	False	True	https://equsto.com/shop/dolap/oztiryakiler-endustriyel-mutfak__7758-127c8-11	2026-06-29
P0_RECOVER_PRODUCT	FIX_REDIRECT	Yeniden yönlendirme hatası	broken_redirect_sellable	fix_to->/shop/tezgah/7911-19070-00	high	tr	shop_pdp	dolap	oztiryakiler-endustriyel-mutfak__7911-19070-00	/shop/tezgah/7911-19070-00	False	True	https://equsto.com/shop/dolap/oztiryakiler-endustriyel-mutfak__7911-19070-00	2026-06-29
P0_RECOVER_PRODUCT	FIX_REDIRECT	Yeniden yönlendirme hatası	broken_redirect_sellable	fix_to->/shop/tezgah/7897-15030-04	high	tr	shop_pdp	dolap	oztiryakiler-endustriyel-mutfak__7897-15030-04	/shop/tezgah/7897-15030-04	False	True	https://equsto.com/shop/dolap/oztiryakiler-endustriyel-mutfak__7897-15030-04	2026-06-29
P0_RECOVER_PRODUCT	FIX_REDIRECT	Yeniden yönlendirme hatası	broken_redirect_sellable	fix_to->/shop/tezgah/7911-12070-84	high	tr	shop_pdp	dolap	oztiryakiler-endustriyel-mutfak__7911-12070-84	/shop/tezgah/7911-12070-84	False	True	https://equsto.com/shop/dolap/oztiryakiler-endustriyel-mutfak__7911-12070-84	2026-06-29
P0_RECOVER_PRODUCT	FIX_REDIRECT	Yeniden yönlendirme hatası	broken_redirect_sellable	fix_to->/shop/tezgah/7754-166a8-35	high	tr	shop_pdp	dolap	7754-166a8-35	/shop/tezgah/7754-166a8-35	False	True	https://equsto.com/shop/dolap/7754-166a8-35	2026-06-29
P0_RECOVER_PRODUCT	FIX_REDIRECT	Yeniden yönlendirme hatası	broken_redirect_sellable	fix_to->/shop/tezgah/7911-10070-08	high	tr	shop_pdp	tezgah	oztiryakiler-endustriyel-mutfak__7911-10070-08	/shop/tezgah/7911-10070-08	False	True	https://equsto.com/shop/tezgah/oztiryakiler-endustriyel-mutfak__7911-10070-08	2026-06-29
P0_RECOVER_PRODUCT	FIX_REDIRECT	Yeniden yönlendirme hatası	broken_redirect_sellable	fix_to->/shop/tezgah/7754-166e5-21	high	tr	shop_pdp	tezgah	oztiryakiler-endustriyel-mutfak__7754-166e5-21	/shop/tezgah/7754-166e5-21	False	True	https://equsto.com/shop/tezgah/oztiryakiler-endustriyel-mutfak__7754-166e5-21	2026-06-28
P0_RECOVER_PRODUCT	FIX_REDIRECT	Yeniden yönlendirme hatası	broken_redirect_sellable	fix_to->/shop/tezgah/7911-19070-20	high	tr	shop_pdp	tezgah	oztiryakiler-endustriyel-mutfak__7911-19070-20	/shop/tezgah/7911-19070-20	False	True	https://equsto.com/shop/tezgah/oztiryakiler-endustriyel-mutfak__7911-19070-20	2026-06-28
P0_RECOVER_PRODUCT	FIX_REDIRECT	Yeniden yönlendirme hatası	broken_redirect_sellable	fix_to->/shop/tezgah/7911-10060-00	high	tr	shop_pdp	dolap	7911-10060-00	/shop/tezgah/7911-10060-00	False	True	https://equsto.com/shop/dolap/7911-10060-00	2026-06-28
P0_RECOVER_PRODUCT	FIX_REDIRECT	Yeniden yönlendirme hatası	broken_redirect_sellable	fix_to->/shop/tezgah/7911-12060-20	high	tr	shop_pdp	dolap	7911-12060-20	/shop/tezgah/7911-12060-20	False	True	https://equsto.com/shop/dolap/7911-12060-20	2026-06-28
P0_RECOVER_PRODUCT	FIX_REDIRECT	Yeniden yönlendirme hatası	broken_redirect_sellable	fix_to->/shop/tezgah/7758-197c5-21	high	tr	shop_pdp	dolap	7758-197c5-21	/shop/tezgah/7758-197c5-21	False	True	https://equsto.com/shop/dolap/7758-197c5-21	2026-06-28
P0_RECOVER_PRODUCT	FIX_REDIRECT	Yeniden yönlendirme hatası	broken_redirect_sellable	fix_to->/shop/tezgah/7919-12lmv-00	high	tr	shop_pdp	dolap	oztiryakiler-endustriyel-mutfak__7919-12lmv-00	/shop/tezgah/7919-12lmv-00	False	True	https://equsto.com/shop/dolap/oztiryakiler-endustriyel-mutfak__7919-12lmv-00	2026-06-28
P0_RECOVER_PRODUCT	FIX_REDIRECT	Yeniden yönlendirme hatası	broken_redirect_sellable	fix_to->/shop/tezgah/7911-10060-84	high	tr	shop_pdp	dolap	oztiryakiler-endustriyel-mutfak__7911-10060-84	/shop/tezgah/7911-10060-84	False	True	https://equsto.com/shop/dolap/oztiryakiler-endustriyel-mutfak__7911-10060-84	2026-06-28
P0_RECOVER_PRODUCT	FIX_REDIRECT	Yeniden yönlendirme hatası	broken_redirect_sellable	fix_to->/shop/tezgah/7911-16060-31p	high	tr	shop_pdp	dolap	oztiryakiler-endustriyel-mutfak__7911-16060-31p	/shop/tezgah/7911-16060-31p	False	True	https://equsto.com/shop/dolap/oztiryakiler-endustriyel-mutfak__7911-16060-31p	2026-06-28
P0_RECOVER_PRODUCT	FIX_REDIRECT	Yeniden yönlendirme hatası	broken_redirect_sellable	fix_to->/shop/tezgah/7911-16070-94	high	tr	shop_pdp	tezgah	oztiryakiler-endustriyel-mutfak__7911-16070-94	/shop/tezgah/7911-16070-94	False	True	https://equsto.com/shop/tezgah/oztiryakiler-endustriyel-mutfak__7911-16070-94	2026-06-28
P0_RECOVER_PRODUCT	FIX_REDIRECT	Yeniden yönlendirme hatası	broken_redirect_sellable	fix_to->/shop/tezgah/7754-147d8-15	high	tr	shop_pdp	tezgah	oztiryakiler-endustriyel-mutfak__7754-147d8-15	/shop/tezgah/7754-147d8-15	False	True	https://equsto.com/shop/tezgah/oztiryakiler-endustriyel-mutfak__7754-147d8-15	2026-06-28
P0_RECOVER_PRODUCT	FIX_REDIRECT	Yeniden yönlendirme hatası	broken_redirect_sellable	fix_to->/shop/tezgah/7911-16060-95	high	tr	shop_pdp	tezgah	oztiryakiler-endustriyel-mutfak__7911-16060-95	/shop/tezgah/7911-16060-95	False	True	https://equsto.com/shop/tezgah/oztiryakiler-endustriyel-mutfak__7911-16060-95	2026-06-28
P0_RECOVER_PRODUCT	FIX_REDIRECT	Yeniden yönlendirme hatası	broken_redirect_sellable	fix_to->/shop/tezgah/7911-19060-09	high	tr	shop_pdp	tezgah	oztiryakiler-endustriyel-mutfak__7911-19060-09	/shop/tezgah/7911-19060-09	False	True	https://equsto.com/shop/tezgah/oztiryakiler-endustriyel-mutfak__7911-19060-09	2026-06-28
P0_RECOVER_PRODUCT	FIX_REDIRECT	Yeniden yönlendirme hatası	broken_redirect_sellable	fix_to->/shop/tezgah/7754-147c8-13	high	tr	shop_pdp	dolap	oztiryakiler-endustriyel-mutfak__7754-147c8-13	/shop/tezgah/7754-147c8-13	False	True	https://equsto.com/shop/dolap/oztiryakiler-endustriyel-mutfak__7754-147c8-13	2026-06-28
P0_RECOVER_PRODUCT	FIX_REDIRECT	Yeniden yönlendirme hatası	broken_redirect_sellable	fix_to->/shop/tezgah/7911-19060-95	high	tr	shop_pdp	dolap	oztiryakiler-endustriyel-mutfak__7911-19060-95	/shop/tezgah/7911-19060-95	False	True	https://equsto.com/shop/dolap/oztiryakiler-endustriyel-mutfak__7911-19060-95	2026-06-28
P0_RECOVER_PRODUCT	FIX_REDIRECT	Yeniden yönlendirme hatası	broken_redirect_sellable	fix_to->/shop/tezgah/7754-197c5-35	high	tr	shop_pdp	dolap	oztiryakiler-endustriyel-mutfak__7754-197c5-35	/shop/tezgah/7754-197c5-35	False	True	https://equsto.com/shop/dolap/oztiryakiler-endustriyel-mutfak__7754-197c5-35	2026-06-28
P0_RECOVER_PRODUCT	FIX_REDIRECT	Yeniden yönlendirme hatası	broken_redirect_sellable	fix_to->/shop/tezgah/7897-16030-07	high	tr	shop_pdp	dolap	oztiryakiler-endustriyel-mutfak__7897-16030-07	/shop/tezgah/7897-16030-07	False	True	https://equsto.com/shop/dolap/oztiryakiler-endustriyel-mutfak__7897-16030-07	2026-06-28
P0_RECOVER_PRODUCT	FIX_REDIRECT	Yeniden yönlendirme hatası	broken_redirect_sellable	fix_to->/shop/tezgah/7911-19060-08	high	tr	shop_pdp	dolap	7911-19060-08	/shop/tezgah/7911-19060-08	False	True	https://equsto.com/shop/dolap/7911-19060-08	2026-06-28
P0_RECOVER_PRODUCT	FIX_REDIRECT	Yeniden yönlendirme hatası	broken_redirect_sellable	fix_to->/shop/tezgah/7911-10060-79	high	tr	shop_pdp	dolap	7911-10060-79	/shop/tezgah/7911-10060-79	False	True	https://equsto.com/shop/dolap/7911-10060-79	2026-06-28
P0_RECOVER_PRODUCT	FIX_REDIRECT	Yeniden yönlendirme hatası	broken_redirect_sellable	fix_to->/shop/tezgah/7712-14011-01	high	tr	shop_pdp	dolap	7712-14011-01	/shop/tezgah/7712-14011-01	False	True	https://equsto.com/shop/dolap/7712-14011-01	2026-06-28
P0_RECOVER_PRODUCT	FIX_REDIRECT	Yeniden yönlendirme hatası	broken_redirect_sellable	fix_to->/shop/tezgah/7911-10070-82	high	tr	shop_pdp	dolap	7911-10070-82	/shop/tezgah/7911-10070-82	False	True	https://equsto.com/shop/dolap/7911-10070-82	2026-06-28
P0_RECOVER_PRODUCT	FIX_REDIRECT	Yeniden yönlendirme hatası	broken_redirect_sellable	fix_to->/shop/tezgah/7758-107c8-11	high	tr	shop_pdp	dolap	7758-107c8-11	/shop/tezgah/7758-107c8-11	False	True	https://equsto.com/shop/dolap/7758-107c8-11	2026-06-28
P0_RECOVER_PRODUCT	FIX_REDIRECT	Yeniden yönlendirme hatası	broken_redirect_sellable	fix_to->/shop/tezgah/7754-157b5-25	high	tr	shop_pdp	dolap	7754-157b5-25	/shop/tezgah/7754-157b5-25	False	True	https://equsto.com/shop/dolap/7754-157b5-25	2026-06-28
P0_RECOVER_PRODUCT	FIX_REDIRECT	Yeniden yönlendirme hatası	broken_redirect_sellable	fix_to->/shop/tezgah/7897-15030-07	high	tr	shop_pdp	dolap	7897-15030-07	/shop/tezgah/7897-15030-07	False	True	https://equsto.com/shop/dolap/7897-15030-07	2026-06-28
P0_RECOVER_PRODUCT	FIX_REDIRECT	Yeniden yönlendirme hatası	broken_redirect_sellable	fix_to->/shop/tezgah/7754-166a8-35	high	tr	shop_pdp	tezgah	oztiryakiler-endustriyel-mutfak__7754-166a8-35	/shop/tezgah/7754-166a8-35	False	True	https://equsto.com/shop/tezgah/oztiryakiler-endustriyel-mutfak__7754-166a8-35	2026-06-28
P0_RECOVER_PRODUCT	FIX_REDIRECT	Yeniden yönlendirme hatası	broken_redirect_sellable	fix_to->/shop/tezgah/7758-156a8-21	high	tr	shop_pdp	tezgah	oztiryakiler-endustriyel-mutfak__7758-156a8-21	/shop/tezgah/7758-156a8-21	False	True	https://equsto.com/shop/tezgah/oztiryakiler-endustriyel-mutfak__7758-156a8-21	2026-06-28
P0_RECOVER_PRODUCT	FIX_REDIRECT	Yeniden yönlendirme hatası	broken_redirect_sellable	fix_to->/shop/tezgah/7911-14070-56	high	tr	shop_pdp	tezgah	oztiryakiler-endustriyel-mutfak__7911-14070-56	/shop/tezgah/7911-14070-56	False	True	https://equsto.com/shop/tezgah/oztiryakiler-endustriyel-mutfak__7911-14070-56	2026-06-27
P0_RECOVER_PRODUCT	FIX_REDIRECT	Yeniden yönlendirme hatası	broken_redirect_sellable	fix_to->/shop/tezgah/7911-16070-22m	high	tr	shop_pdp	dolap	7911-16070-22m	/shop/tezgah/7911-16070-22m	False	True	https://equsto.com/shop/dolap/7911-16070-22m	2026-06-27
P0_RECOVER_PRODUCT	FIX_REDIRECT	Yeniden yönlendirme hatası	broken_redirect_sellable	fix_to->/shop/tezgah/7758-147d8-11	high	tr	shop_pdp	dolap	7758-147d8-11	/shop/tezgah/7758-147d8-11	False	True	https://equsto.com/shop/dolap/7758-147d8-11	2026-06-27
P0_RECOVER_PRODUCT	FIX_REDIRECT	Yeniden yönlendirme hatası	broken_redirect_sellable	fix_to->/shop/tezgah/7758-186e8-35	high	tr	shop_pdp	dolap	7758-186e8-35	/shop/tezgah/7758-186e8-35	False	True	https://equsto.com/shop/dolap/7758-186e8-35	2026-06-27
P0_RECOVER_PRODUCT	FIX_REDIRECT	Yeniden yönlendirme hatası	broken_redirect_sellable	fix_to->/shop/tezgah/7754-166a5-25	high	tr	shop_pdp	tezgah	oztiryakiler-endustriyel-mutfak__7754-166a5-25	/shop/tezgah/7754-166a5-25	False	True	https://equsto.com/shop/tezgah/oztiryakiler-endustriyel-mutfak__7754-166a5-25	2026-06-26
P0_RECOVER_PRODUCT	FIX_REDIRECT	Yeniden yönlendirme hatası	broken_redirect_sellable	fix_to->/shop/tezgah/7911-16060-82	high	tr	shop_pdp	dolap	oztiryakiler-endustriyel-mutfak__7911-16060-82	/shop/tezgah/7911-16060-82	False	True	https://equsto.com/shop/dolap/oztiryakiler-endustriyel-mutfak__7911-16060-82	2026-06-26
P0_RECOVER_PRODUCT	FIX_REDIRECT	Yeniden yönlendirme hatası	broken_redirect_sellable	fix_to->/shop/tezgah/7754-247d5-23	high	tr	shop_pdp	tezgah	oztiryakiler-endustriyel-mutfak__7754-247d5-23	/shop/tezgah/7754-247d5-23	False	True	https://equsto.com/shop/tezgah/oztiryakiler-endustriyel-mutfak__7754-247d5-23	2026-06-26
P0_RECOVER_PRODUCT	FIX_REDIRECT	Yeniden yönlendirme hatası	broken_redirect_sellable	fix_to->/shop/tezgah/7758-197d8-25	high	tr	shop_pdp	tezgah	oztiryakiler-endustriyel-mutfak__7758-197d8-25	/shop/tezgah/7758-197d8-25	False	True	https://equsto.com/shop/tezgah/oztiryakiler-endustriyel-mutfak__7758-197d8-25	2026-06-26
P0_RECOVER_PRODUCT	FIX_REDIRECT	Yeniden yönlendirme hatası	broken_redirect_sellable	fix_to->/shop/tezgah/7754-246e8-23	high	tr	shop_pdp	tezgah	oztiryakiler-endustriyel-mutfak__7754-246e8-23	/shop/tezgah/7754-246e8-23	False	True	https://equsto.com/shop/tezgah/oztiryakiler-endustriyel-mutfak__7754-246e8-23	2026-06-26
P0_RECOVER_PRODUCT	FIX_REDIRECT	Yeniden yönlendirme hatası	broken_redirect_sellable	fix_to->/shop/tezgah/7911-10070-04	high	tr	shop_pdp	tezgah	oztiryakiler-endustriyel-mutfak__7911-10070-04	/shop/tezgah/7911-10070-04	False	True	https://equsto.com/shop/tezgah/oztiryakiler-endustriyel-mutfak__7911-10070-04	2026-06-26
P0_RECOVER_PRODUCT	FIX_REDIRECT	Yeniden yönlendirme hatası	broken_redirect_sellable	fix_to->/shop/tezgah/7754-217d5-21	high	tr	shop_pdp	dolap	7754-217d5-21	/shop/tezgah/7754-217d5-21	False	True	https://equsto.com/shop/dolap/7754-217d5-21	2026-06-25
P0_RECOVER_PRODUCT	FIX_REDIRECT	Yeniden yönlendirme hatası	broken_redirect_sellable	fix_to->/shop/tezgah/7911-12060-00	high	tr	shop_pdp	tezgah	oztiryakiler-endustriyel-mutfak__7911-12060-00	/shop/tezgah/7911-12060-00	False	True	https://equsto.com/shop/tezgah/oztiryakiler-endustriyel-mutfak__7911-12060-00	2026-06-25
P0_RECOVER_PRODUCT	FIX_REDIRECT	Yeniden yönlendirme hatası	broken_redirect_sellable	fix_to->/shop/tezgah/7911-14070-31p	high	tr	shop_pdp	dolap	oztiryakiler-endustriyel-mutfak__7911-14070-31p	/shop/tezgah/7911-14070-31p	False	True	https://equsto.com/shop/dolap/oztiryakiler-endustriyel-mutfak__7911-14070-31p	2026-06-25
P0_RECOVER_PRODUCT	FIX_REDIRECT	Yeniden yönlendirme hatası	broken_redirect_sellable	fix_to->/shop/tezgah/7754-166e8-21	high	tr	shop_pdp	dolap	7754-166e8-21	/shop/tezgah/7754-166e8-21	False	True	https://equsto.com/shop/dolap/7754-166e8-21	2026-06-25
P0_RECOVER_PRODUCT	FIX_REDIRECT	Yeniden yönlendirme hatası	broken_redirect_sellable	fix_to->/shop/tezgah/7754-077c8-01	high	tr	shop_pdp	dolap	7754-077c8-01	/shop/tezgah/7754-077c8-01	False	True	https://equsto.com/shop/dolap/7754-077c8-01	2026-06-25
P0_RECOVER_PRODUCT	FIX_REDIRECT	Yeniden yönlendirme hatası	broken_redirect_sellable	fix_to->/shop/tezgah/7911-16060-23p	high	tr	shop_pdp	tezgah	oztiryakiler-endustriyel-mutfak__7911-16060-23p	/shop/tezgah/7911-16060-23p	False	True	https://equsto.com/shop/tezgah/oztiryakiler-endustriyel-mutfak__7911-16060-23p	2026-06-25
P0_RECOVER_PRODUCT	FIX_REDIRECT	Yeniden yönlendirme hatası	broken_redirect_sellable	fix_to->/shop/tezgah/7911-14070-95	high	tr	shop_pdp	tezgah	oztiryakiler-endustriyel-mutfak__7911-14070-95	/shop/tezgah/7911-14070-95	False	True	https://equsto.com/shop/tezgah/oztiryakiler-endustriyel-mutfak__7911-14070-95	2026-06-24
P0_RECOVER_PRODUCT	FIX_REDIRECT	Yeniden yönlendirme hatası	broken_redirect_sellable	fix_to->/shop/tezgah/79k4-12lmv-00	high	tr	shop_pdp	dolap	79k4-12lmv-00	/shop/tezgah/79k4-12lmv-00	False	True	https://equsto.com/shop/dolap/79k4-12lmv-00	2026-06-24
P0_RECOVER_PRODUCT	FIX_REDIRECT	Yeniden yönlendirme hatası	broken_redirect_sellable	fix_to->/shop/tezgah/7911-19070-28	high	tr	shop_pdp	dolap	7911-19070-28	/shop/tezgah/7911-19070-28	False	True	https://equsto.com/shop/dolap/7911-19070-28	2026-06-24
P0_RECOVER_PRODUCT	FIX_REDIRECT	Yeniden yönlendirme hatası	broken_redirect_sellable	fix_to->/shop/tezgah/7911-10060-81	high	tr	shop_pdp	dolap	7911-10060-81	/shop/tezgah/7911-10060-81	False	True	https://equsto.com/shop/dolap/7911-10060-81	2026-06-24
P0_RECOVER_PRODUCT	FIX_REDIRECT	Yeniden yönlendirme hatası	broken_redirect_sellable	fix_to->/shop/tezgah/7911-10070-08	high	tr	shop_pdp	dolap	7911-10070-08	/shop/tezgah/7911-10070-08	False	True	https://equsto.com/shop/dolap/7911-10070-08	2026-06-24
P0_RECOVER_PRODUCT	FIX_REDIRECT	Yeniden yönlendirme hatası	broken_redirect_sellable	fix_to->/shop/tezgah/7754-147c8-11	high	tr	shop_pdp	dolap	7754-147c8-11	/shop/tezgah/7754-147c8-11	False	True	https://equsto.com/shop/dolap/7754-147c8-11	2026-06-23
P0_RECOVER_PRODUCT	FIX_REDIRECT	Yeniden yönlendirme hatası	broken_redirect_sellable	fix_to->/shop/tezgah/7910-14040-01	high	tr	shop_pdp	dolap	7910-14040-01	/shop/tezgah/7910-14040-01	False	True	https://equsto.com/shop/dolap/7910-14040-01	2026-06-23
P0_RECOVER_PRODUCT	FIX_REDIRECT	Yeniden yönlendirme hatası	broken_redirect_sellable	fix_to->/shop/tezgah/7758-076e8-01	high	tr	shop_pdp	dolap	7758-076e8-01	/shop/tezgah/7758-076e8-01	False	True	https://equsto.com/shop/dolap/7758-076e8-01	2026-06-23
P0_RECOVER_PRODUCT	FIX_REDIRECT	Yeniden yönlendirme hatası	broken_redirect_sellable	fix_to->/shop/tezgah/7754-246e8-23	high	tr	shop_pdp	dolap	7754-246e8-23	/shop/tezgah/7754-246e8-23	False	True	https://equsto.com/shop/dolap/7754-246e8-23	2026-06-23
P0_RECOVER_PRODUCT	FIX_REDIRECT	Yeniden yönlendirme hatası	broken_redirect_sellable	fix_to->/shop/tezgah/7911-14080-30m	high	tr	shop_pdp	dolap	7911-14080-30m	/shop/tezgah/7911-14080-30m	False	True	https://equsto.com/shop/dolap/7911-14080-30m	2026-06-23
P0_RECOVER_PRODUCT	FIX_REDIRECT	Yeniden yönlendirme hatası	broken_redirect_sellable	fix_to->/shop/tezgah/7758-126a8-11	high	tr	shop_pdp	dolap	7758-126a8-11	/shop/tezgah/7758-126a8-11	False	True	https://equsto.com/shop/dolap/7758-126a8-11	2026-06-23
P0_RECOVER_PRODUCT	FIX_REDIRECT	Yeniden yönlendirme hatası	broken_redirect_sellable	fix_to->/shop/tezgah/7911-10060-85	high	tr	shop_pdp	dolap	7911-10060-85	/shop/tezgah/7911-10060-85	False	True	https://equsto.com/shop/dolap/7911-10060-85	2026-06-23
P0_RECOVER_PRODUCT	FIX_REDIRECT	Yeniden yönlendirme hatası	broken_redirect_sellable	fix_to->/shop/tezgah/7919-27ntv-c1	high	tr	shop_pdp	dolap	7919-27ntv-c1	/shop/tezgah/7919-27ntv-c1	False	True	https://equsto.com/shop/dolap/7919-27ntv-c1	2026-06-23
P0_RECOVER_PRODUCT	FIX_REDIRECT	Yeniden yönlendirme hatası	broken_redirect_sellable	fix_to->/shop/tezgah/7712-16090-01	high	tr	shop_pdp	tezgah	oztiryakiler-endustriyel-mutfak__7712-16090-01	/shop/tezgah/7712-16090-01	False	True	https://equsto.com/shop/tezgah/oztiryakiler-endustriyel-mutfak__7712-16090-01	2026-06-22
P0_RECOVER_PRODUCT	FIX_REDIRECT	Yeniden yönlendirme hatası	broken_redirect_sellable	fix_to->/shop/tezgah/7758-066a8-01	high	tr	shop_pdp	dolap	7758-066a8-01	/shop/tezgah/7758-066a8-01	False	True	https://equsto.com/shop/dolap/7758-066a8-01	2026-06-22
P0_RECOVER_PRODUCT	FIX_REDIRECT	Yeniden yönlendirme hatası	broken_redirect_sellable	fix_to->/shop/tezgah/7758-167c5-13	high	tr	shop_pdp	dolap	7758-167c5-13	/shop/tezgah/7758-167c5-13	False	True	https://equsto.com/shop/dolap/7758-167c5-13	2026-06-22
P0_RECOVER_PRODUCT	FIX_REDIRECT	Yeniden yönlendirme hatası	broken_redirect_sellable	fix_to->/shop/tezgah/7911-19070-30m	high	tr	shop_pdp	dolap	7911-19070-30m	/shop/tezgah/7911-19070-30m	False	True	https://equsto.com/shop/dolap/7911-19070-30m	2026-06-22
P0_RECOVER_PRODUCT	FIX_REDIRECT	Yeniden yönlendirme hatası	broken_redirect_sellable	fix_to->/shop/tezgah/7911-19060-28	high	tr	shop_pdp	dolap	7911-19060-28	/shop/tezgah/7911-19060-28	False	True	https://equsto.com/shop/dolap/7911-19060-28	2026-06-22
P0_RECOVER_PRODUCT	FIX_REDIRECT	Yeniden yönlendirme hatası	broken_redirect_sellable	fix_to->/shop/pisirme/gn1-1150+gn1-3150	high	tr	shop_pdp	pisirme	gn1-1150+gn1-3150	/shop/pisirme/gn1-1150+gn1-3150	False	True	https://equsto.com/shop/pisirme/gn1-1150+gn1-3150	2026-06-21
P0_RECOVER_PRODUCT	FIX_LIVE	Başka bir 4xx sorunu nedeniyle engellendi	live_error_on_product:Başka bir 4xx sorunu	restore_200		tr	shop_pdp	pisirme	oztiryakiler-rational-elektrikli-firin-10-2-1-gn-i-combi-pro		False	False	https://equsto.com/shop/pisirme/oztiryakiler-rational-elektrikli-firin-10-2-1-gn-i-combi-pro	2026-06-11
P0_RECOVER_PRODUCT	FIX_LIVE	Başka bir 4xx sorunu nedeniyle engellendi	live_error_on_product:Başka bir 4xx sorunu	restore_200		tr	shop_pdp	pisirme	mayapaz-mayapaz-tekli-wok-ocak-gazli-set-ustu-40x63x27-cm-m-swog-460		False	False	https://equsto.com/shop/pisirme/mayapaz-mayapaz-tekli-wok-ocak-gazli-set-ustu-40x63x27-cm-m-swog-460	2026-06-11
P0_RECOVER_PRODUCT	FIX_LIVE	Başka bir 4xx sorunu nedeniyle engellendi	live_error_on_product:Başka bir 4xx sorunu	restore_200	high	en	shop_pdp	tezgah	inoksan__ino-klg050	/en/shop/tezgah/ino-klg050	False	True	https://equsto.com/en/shop/tezgah/inoksan__ino-klg050	2026-06-11
P0_RECOVER_PRODUCT	FIX_LIVE	Başka bir 4xx sorunu nedeniyle engellendi	live_error_on_product:Başka bir 4xx sorunu	restore_200		tr	shop_pdp	hazirlik	5r1x-28063-00		False	False	https://equsto.com/shop/hazirlik/5r1x-28063-00	2026-06-11
P0_RECOVER_PRODUCT	FIX_LIVE	Başka bir 4xx sorunu nedeniyle engellendi	live_error_on_product:Başka bir 4xx sorunu	restore_200	high	en	shop_pdp	dolap	oztiryakiler-endustriyel-mutfak__7911-14060-13	/en/shop/tezgah/7911-14060-13	False	True	https://equsto.com/en/shop/dolap/oztiryakiler-endustriyel-mutfak__7911-14060-13	2026-06-11
P0_RECOVER_PRODUCT	FIX_LIVE	Başka bir 4xx sorunu nedeniyle engellendi	live_error_on_product:Başka bir 4xx sorunu	restore_200	high	en	shop_pdp	sogutma	yuksel-endustriyel__pzag380e	/en/shop/sogutma/pzag-380-e	False	True	https://equsto.com/en/shop/sogutma/yuksel-endustriyel__pzag380e	2026-06-11
P0_RECOVER_PRODUCT	FIX_LIVE	Başka bir 4xx sorunu nedeniyle engellendi	live_error_on_product:Başka bir 4xx sorunu	restore_200		tr	shop_pdp	pisirme	kalitegaz-kalitegaz-chef-grill-gazli-ce-belgeli-102x56x67-cm-cg6241		False	False	https://equsto.com/shop/pisirme/kalitegaz-kalitegaz-chef-grill-gazli-ce-belgeli-102x56x67-cm-cg6241	2026-06-11
P0_RECOVER_PRODUCT	FIX_LIVE	Başka bir 4xx sorunu nedeniyle engellendi	live_error_on_product:Başka bir 4xx sorunu	restore_200		tr	shop_pdp	tasima	7eko-10119-00		False	False	https://equsto.com/shop/tasima/7eko-10119-00	2026-06-11
P0_RECOVER_PRODUCT	FIX_LIVE	Başka bir 4xx sorunu nedeniyle engellendi	live_error_on_product:Başka bir 4xx sorunu	restore_200		tr	shop_pdp	pisirme	gmg-gmg-lokmia-l-bubble-ciftli-waffle-makinesi-elektrikli-we-27-l		False	False	https://equsto.com/shop/pisirme/gmg-gmg-lokmia-l-bubble-ciftli-waffle-makinesi-elektrikli-we-27-l	2026-06-11
P0_RECOVER_PRODUCT	FIX_LIVE	Başka bir 4xx sorunu nedeniyle engellendi	live_error_on_product:Başka bir 4xx sorunu	restore_200		en	shop_pdp	hazirlik	robot-coupe__robot-coupe-blixer-4-v-v		False	False	https://equsto.com/en/shop/hazirlik/robot-coupe__robot-coupe-blixer-4-v-v	2026-06-11
P0_RECOVER_PRODUCT	FIX_LIVE	Başka bir 4xx sorunu nedeniyle engellendi	live_error_on_product:Başka bir 4xx sorunu	restore_200		en	shop_pdp	hazirlik	robot-coupe__rende-15-mm		False	False	https://equsto.com/en/shop/hazirlik/robot-coupe__rende-15-mm	2026-06-11
P0_RECOVER_PRODUCT	FIX_LIVE	Başka bir 4xx sorunu nedeniyle engellendi	live_error_on_product:Başka bir 4xx sorunu	restore_200		en	shop_pdp	sogutma	oztiryakiler-endustriyel-mutfak__9805-im240n-ehc		False	False	https://equsto.com/en/shop/sogutma/oztiryakiler-endustriyel-mutfak__9805-im240n-ehc	2026-06-11
P0_RECOVER_PRODUCT	FIX_LIVE	Başka bir 4xx sorunu nedeniyle engellendi	live_error_on_product:Başka bir 4xx sorunu	restore_200	high	tr	shop_pdp	tezgah	inoksan__ino-ktn070	/shop/tezgah/ino-ktn070	False	True	https://equsto.com/shop/tezgah/inoksan__ino-ktn070	2026-06-11
P0_RECOVER_PRODUCT	FIX_LIVE	Başka bir 4xx sorunu nedeniyle engellendi	live_error_on_product:Başka bir 4xx sorunu	restore_200	high	en	shop_pdp	dolap	oztiryakiler-endustriyel-mutfak__7911-14070-56	/en/shop/tezgah/7911-14070-56	False	True	https://equsto.com/en/shop/dolap/oztiryakiler-endustriyel-mutfak__7911-14070-56	2026-06-11
P0_RECOVER_PRODUCT	FIX_LIVE	Başka bir 4xx sorunu nedeniyle engellendi	live_error_on_product:Başka bir 4xx sorunu	restore_200		tr	shop_pdp	set-ustu-mutfak	0143-01407-21		False	False	https://equsto.com/shop/set-ustu-mutfak/0143-01407-21	2026-06-11
P0_RECOVER_PRODUCT	FIX_LIVE	Başka bir 4xx sorunu nedeniyle engellendi	live_error_on_product:Başka bir 4xx sorunu	restore_200		tr	shop_pdp	pisirme	oztiryakiler-yer-izgarasi-tavali-kenardan-sifonlu-sagdan-cikisli-q100-pvc-490-290		False	False	https://equsto.com/shop/pisirme/oztiryakiler-yer-izgarasi-tavali-kenardan-sifonlu-sagdan-cikisli-q100-pvc-490-290	2026-06-11
P0_RECOVER_PRODUCT	FIX_LIVE	Başka bir 4xx sorunu nedeniyle engellendi	live_error_on_product:Başka bir 4xx sorunu	restore_200	high	en	shop_pdp	pisirme	inoksan__ino-9kg33f	/en/shop/pisirme/ino-9kg33f	False	True	https://equsto.com/en/shop/pisirme/inoksan__ino-9kg33f	2026-06-11
P0_RECOVER_PRODUCT	FIX_LIVE	Başka bir 4xx sorunu nedeniyle engellendi	live_error_on_product:Başka bir 4xx sorunu	restore_200		tr	shop_pdp	hazirlik	dalle-dalle-profesyonel-vakum-azotlu-paketleme-makinesi-220-volt-dz-400-2sd		False	False	https://equsto.com/shop/hazirlik/dalle-dalle-profesyonel-vakum-azotlu-paketleme-makinesi-220-volt-dz-400-2sd	2026-06-11
P0_RECOVER_PRODUCT	FIX_LIVE	Başka bir 4xx sorunu nedeniyle engellendi	live_error_on_product:Başka bir 4xx sorunu	restore_200	high	tr	shop_pdp	tasima	oztiryakiler-endustriyel-mutfak__7270-16060-00	/shop/tasima/7270-16060-00	False	True	https://equsto.com/shop/tasima/oztiryakiler-endustriyel-mutfak__7270-16060-00	2026-06-11
P0_RECOVER_PRODUCT	FIX_LIVE	Başka bir 4xx sorunu nedeniyle engellendi	live_error_on_product:Başka bir 4xx sorunu	restore_200		tr	shop_pdp	sogutma	yuksel-endustriyel__cau3d70		False	False	https://equsto.com/shop/sogutma/yuksel-endustriyel__cau3d70	2026-06-11
P0_RECOVER_PRODUCT	FIX_LIVE	Başka bir 4xx sorunu nedeniyle engellendi	live_error_on_product:Başka bir 4xx sorunu	restore_200		tr	shop_pdp	pisirme	oztiryakiler-rational-gazli-firin-20-2-1-gn-i-combi-pro		False	False	https://equsto.com/shop/pisirme/oztiryakiler-rational-gazli-firin-20-2-1-gn-i-combi-pro	2026-06-11
P0_RECOVER_PRODUCT	FIX_LIVE	Başka bir 4xx sorunu nedeniyle engellendi	live_error_on_product:Başka bir 4xx sorunu	restore_200		tr	shop_pdp	pisirme	lavion-lavion-7-litre-dikey-manuel-sucuk-dolum-makinesi-sd-7-y		False	False	https://equsto.com/shop/pisirme/lavion-lavion-7-litre-dikey-manuel-sucuk-dolum-makinesi-sd-7-y	2026-06-11
P0_RECOVER_PRODUCT	FIX_LIVE	Başka bir 4xx sorunu nedeniyle engellendi	live_error_on_product:Başka bir 4xx sorunu	restore_200		tr	shop_pdp	set-ustu-mutfak	oztiryakiler-endustriyel-mutfak__9465-gl060-10		False	False	https://equsto.com/shop/set-ustu-mutfak/oztiryakiler-endustriyel-mutfak__9465-gl060-10	2026-06-11
P0_RECOVER_PRODUCT	FIX_LIVE	Başka bir 4xx sorunu nedeniyle engellendi	live_error_on_product:Başka bir 4xx sorunu	restore_200		tr	shop_pdp	pisirme	oztiryakiler-dokum-tencere		False	False	https://equsto.com/shop/pisirme/oztiryakiler-dokum-tencere	2026-06-11
P0_RECOVER_PRODUCT	FIX_LIVE	Başka bir 4xx sorunu nedeniyle engellendi	live_error_on_product:Başka bir 4xx sorunu	restore_200	high	tr	shop_pdp	tezgah	oztiryakiler-endustriyel-mutfak__7754-106a8-15	/shop/tezgah/7754-106a8-15	False	True	https://equsto.com/shop/tezgah/oztiryakiler-endustriyel-mutfak__7754-106a8-15	2026-06-11
P0_RECOVER_PRODUCT	FIX_LIVE	Başka bir 4xx sorunu nedeniyle engellendi	live_error_on_product:Başka bir 4xx sorunu	restore_200		tr	shop_pdp	pisirme	zanussi-zanussi-dolapli-15-litre-endustriyel-fritoz-gazli-40x70x85-cm-372070		False	False	https://equsto.com/shop/pisirme/zanussi-zanussi-dolapli-15-litre-endustriyel-fritoz-gazli-40x70x85-cm-372070	2026-06-11
P0_RECOVER_PRODUCT	FIX_LIVE	Sunucu hatası (5xx)	live_error_on_product:Sunucu hatası (5xx)	restore_200	high	tr	shop_pdp	pisirme	electrolux-professional__371085	/shop/pisirme/371085	False	True	https://equsto.com/shop/pisirme/electrolux-professional__371085	2026-06-13
P0_RECOVER_PRODUCT	FIX_LIVE	Sunucu hatası (5xx)	live_error_on_product:Sunucu hatası (5xx)	restore_200		en	shop_pdp	sogutma	yukselsatis__portabianco-tezgah-tip-tek-kapili-buzdolabi		False	False	https://equsto.com/en/shop/sogutma/yukselsatis__portabianco-tezgah-tip-tek-kapili-buzdolabi	2026-06-13
P0_RECOVER_PRODUCT	FIX_LIVE	Sunucu hatası (5xx)	live_error_on_product:Sunucu hatası (5xx)	restore_200		tr	shop_pdp	hazirlik	bosfor-bosfor-32-lik-kiyma-makinesi-komple-paslanmaz-ukm-32pm		False	False	https://equsto.com/shop/hazirlik/bosfor-bosfor-32-lik-kiyma-makinesi-komple-paslanmaz-ukm-32pm	2026-06-13
P0_RECOVER_PRODUCT	FIX_LIVE	Sunucu hatası (5xx)	live_error_on_product:Sunucu hatası (5xx)	restore_200		tr	shop_pdp	hazirlik	oztiryakiler-hamur-yogurma-makinasi-15-kg-un-kapasite-380-v		False	False	https://equsto.com/shop/hazirlik/oztiryakiler-hamur-yogurma-makinasi-15-kg-un-kapasite-380-v	2026-06-13
P0_RECOVER_PRODUCT	FIX_LIVE	Sunucu hatası (5xx)	live_error_on_product:Sunucu hatası (5xx)	restore_200		tr	shop_pdp	sogutma	frenox-frenox-tek-kapili-dik-tip-derin-dondurucu-gastronom-seri-70x81x205-cm-304-kalite-vl7-m-r290		False	False	https://equsto.com/shop/sogutma/frenox-frenox-tek-kapili-dik-tip-derin-dondurucu-gastronom-seri-70x81x205-cm-304-kalite-vl7-m-r290	2026-06-13
P0_RECOVER_PRODUCT	FIX_LIVE	Sunucu hatası (5xx)	live_error_on_product:Sunucu hatası (5xx)	restore_200		tr	shop_pdp	sogutma	ndustri-o-ndustrio-tezgah-tipi-pastane-buzdolabi-6-cekmeceli-1-kapili-tpp-84-6d		False	False	https://equsto.com/shop/sogutma/ndustri-o-ndustrio-tezgah-tipi-pastane-buzdolabi-6-cekmeceli-1-kapili-tpp-84-6d	2026-06-13
P0_RECOVER_PRODUCT	FIX_LIVE	Sunucu hatası (5xx)	live_error_on_product:Sunucu hatası (5xx)	restore_200		tr	shop_pdp	sogutma	yuksel-endustriyel__100x70x85		False	False	https://equsto.com/shop/sogutma/yuksel-endustriyel__100x70x85	2026-06-13
P0_RECOVER_PRODUCT	FIX_LIVE	Sunucu hatası (5xx)	live_error_on_product:Sunucu hatası (5xx)	restore_200	high	tr	shop_pdp	sogutma	yuksel-endustriyel__tt2d70e	/shop/sogutma/tt-2d70-e	False	True	https://equsto.com/shop/sogutma/yuksel-endustriyel__tt2d70e	2026-06-13
P0_RECOVER_PRODUCT	FIX_LIVE	Sunucu hatası (5xx)	live_error_on_product:Sunucu hatası (5xx)	restore_200	high	en	shop_pdp	tezgah	inoksan__ino-kln110	/en/shop/tezgah/ino-kln110	False	True	https://equsto.com/en/shop/tezgah/inoksan__ino-kln110	2026-06-13
P0_RECOVER_PRODUCT	FIX_LIVE	Sunucu hatası (5xx)	live_error_on_product:Sunucu hatası (5xx)	restore_200	high	tr	shop_pdp	pisirme	electrolux-professional__371175	/shop/pisirme/371175	False	True	https://equsto.com/shop/pisirme/electrolux-professional__371175	2026-06-13
P0_RECOVER_PRODUCT	FIX_LIVE	Sunucu hatası (5xx)	live_error_on_product:Sunucu hatası (5xx)	restore_200		tr	shop_pdp	pisirme	oztiryakiler-kaynatma-tenceresi-900-seri-direkt-gazli-250-lt-100x90x85		False	False	https://equsto.com/shop/pisirme/oztiryakiler-kaynatma-tenceresi-900-seri-direkt-gazli-250-lt-100x90x85	2026-06-13
P0_RECOVER_PRODUCT	FIX_LIVE	Sunucu hatası (5xx)	live_error_on_product:Sunucu hatası (5xx)	restore_200		tr	shop_pdp	set-ustu-mutfak	oztiryakiler-endustriyel-mutfak__8448-03244-01		False	False	https://equsto.com/shop/set-ustu-mutfak/oztiryakiler-endustriyel-mutfak__8448-03244-01	2026-06-13
P0_RECOVER_PRODUCT	FIX_LIVE	Sunucu hatası (5xx)	live_error_on_product:Sunucu hatası (5xx)	restore_200		tr	shop_pdp	sogutma	iceinox-i-ceinox-4-kuvetli-servis-buzdolaplari-150x70x80-sts-330-cr		False	False	https://equsto.com/shop/sogutma/iceinox-i-ceinox-4-kuvetli-servis-buzdolaplari-150x70x80-sts-330-cr	2026-06-13
P0_RECOVER_PRODUCT	FIX_LIVE	Sunucu hatası (5xx)	live_error_on_product:Sunucu hatası (5xx)	restore_200		tr	shop_pdp	sogutma	la-sommeli-re-la-sommeliere-sarap-dolabi-152-sise-kapasiteli-mt150dz		False	False	https://equsto.com/shop/sogutma/la-sommeli-re-la-sommeliere-sarap-dolabi-152-sise-kapasiteli-mt150dz	2026-06-13
P0_RECOVER_PRODUCT	FIX_LIVE	Sunucu hatası (5xx)	live_error_on_product:Sunucu hatası (5xx)	restore_200	high	tr	shop_pdp	tezgah	oztiryakiler-endustriyel-mutfak__7911-09070-00	/shop/tezgah/7911-09070-00	False	True	https://equsto.com/shop/tezgah/oztiryakiler-endustriyel-mutfak__7911-09070-00	2026-06-13
P0_RECOVER_PRODUCT	RECOVER_308	Bulunamadı (404)	remap:wrong_brand_unique	308->/en/shop/tezgah/7911-12060-31	med	en	shop_pdp	tezgah	pimak-12060-31	/en/shop/tezgah/7911-12060-31	False	True	https://equsto.com/en/shop/tezgah/pimak-12060-31	2026-09-22
P0_RECOVER_PRODUCT	RECOVER_308	Bulunamadı (404)	login_next_to_product	308->/en/shop/tezgah/7910-14040-01	high	en	shop_pdp	tezgah	7910-14040-01	/en/shop/tezgah/7910-14040-01	True	True	https://equsto.com/en/login.html?next=/en/shop/tezgah/7910-14040-01	2026-09-22
P0_RECOVER_PRODUCT	RECOVER_308	Bulunamadı (404)	login_next_to_product	308->/en/shop/market-reyonlari/eq-falcon-eq76	high	en	shop_pdp	market-reyonlari	eq-falcon-eq76	/en/shop/market-reyonlari/eq-falcon-eq76	True	True	https://equsto.com/en/login.html?next=/en/shop/market-reyonlari/eq-falcon-eq76	2026-09-22
P0_RECOVER_PRODUCT	RECOVER_308	Bulunamadı (404)	login_next_to_product	308->/en/shop/tezgah/7911-14060-56	high	en	shop_pdp	tezgah	7911-14060-56	/en/shop/tezgah/7911-14060-56	True	True	https://equsto.com/en/login.html?next=/en/shop/tezgah/7911-14060-56	2026-09-22
P0_RECOVER_PRODUCT	RECOVER_308	Bulunamadı (404)	login_next_to_product	308->/en/shop/set-ustu-mutfak/2864-q3028-99	high	en	shop_pdp	set-ustu-mutfak	2864-q3028-99	/en/shop/set-ustu-mutfak/2864-q3028-99	True	True	https://equsto.com/en/login.html?next=/en/shop/set-ustu-mutfak/2864-q3028-99	2026-09-22
P0_RECOVER_PRODUCT	RECOVER_308	Bulunamadı (404)	login_next_to_product	308->/en/shop/tezgah/7754-147cb-11	high	en	shop_pdp	dolap	7754-147cb-11	/en/shop/tezgah/7754-147cb-11	True	True	https://equsto.com/en/login.html?next=/en/shop/dolap/7754-147cb-11	2026-09-22
P0_RECOVER_PRODUCT	RECOVER_308	Bulunamadı (404)	login_next_to_product	308->/en/shop/set-ustu-mutfak/8325-0kfh5-03	high	en	shop_pdp	set-ustu-mutfak	8325-0kfh5-03	/en/shop/set-ustu-mutfak/8325-0kfh5-03	True	True	https://equsto.com/en/login.html?next=/en/shop/set-ustu-mutfak/8325-0kfh5-03	2026-09-22
P0_RECOVER_PRODUCT	RECOVER_308	Bulunamadı (404)	login_next_to_product	308->/en/shop/tezgah/ino-krc180	high	en	shop_pdp	tezgah	ino-krc180	/en/shop/tezgah/ino-krc180	True	True	https://equsto.com/en/login.html?next=/en/shop/tezgah/ino-krc180	2026-09-22
P0_RECOVER_PRODUCT	RECOVER_308	Bulunamadı (404)	login_next_to_product	308->/en/shop/yikama/7960-20629-7o3	high	en	shop_pdp	yikama	7960-20629-7o3	/en/shop/yikama/7960-20629-7o3	True	True	https://equsto.com/en/login.html?next=/en/shop/yikama/7960-20629-7o3	2026-09-22
P0_RECOVER_PRODUCT	RECOVER_308	Bulunamadı (404)	remap:wrong_brand_unique	308->/en/shop/davlumbaz/7885-25125-01	med	en	shop_pdp	davlumbaz	pimak-25125-01	/en/shop/davlumbaz/7885-25125-01	False	True	https://equsto.com/en/shop/davlumbaz/pimak-25125-01	2026-09-22
P0_RECOVER_PRODUCT	RECOVER_308	Bulunamadı (404)	login_next_to_product	308->/en/shop/sogutma/7919-df6030-00	high	en	shop_pdp	sogutma	7919-df6030-00	/en/shop/sogutma/7919-df6030-00	True	True	https://equsto.com/en/login.html?next=/en/shop/sogutma/7919-df6030-00	2026-09-22
P0_RECOVER_PRODUCT	RECOVER_308	Bulunamadı (404)	login_next_to_product	308->/en/shop/market-reyonlari/eq-falcon-sld-eq115	high	en	shop_pdp	market-reyonlari	eq-falcon-sld-eq115	/en/shop/market-reyonlari/eq-falcon-sld-eq115	True	True	https://equsto.com/en/login.html?next=/en/shop/market-reyonlari/eq-falcon-sld-eq115	2026-09-22
P0_RECOVER_PRODUCT	RECOVER_308	Bulunamadı (404)	login_next_to_product	308->/en/shop/tezgah/7754-247d5-23	high	en	shop_pdp	tezgah	7754-247d5-23	/en/shop/tezgah/7754-247d5-23	True	True	https://equsto.com/en/login.html?next=/en/shop/tezgah/7754-247d5-23	2026-09-21
P0_RECOVER_PRODUCT	RECOVER_308	Bulunamadı (404)	login_next_to_product	308->/en/shop/set-ustu-mutfak/0311-21020-10	high	en	shop_pdp	set-ustu-mutfak	0311-21020-10	/en/shop/set-ustu-mutfak/0311-21020-10	True	True	https://equsto.com/en/login.html?next=/en/shop/set-ustu-mutfak/0311-21020-10	2026-09-21
P0_RECOVER_PRODUCT	RECOVER_308	Bulunamadı (404)	login_next_to_product	308->/en/shop/pisirme/xela-05eu-exrs	high	en	shop_pdp	pisirme	xela-05eu-exrs	/en/shop/pisirme/xela-05eu-exrs	True	True	https://equsto.com/en/login.html?next=/en/shop/pisirme/xela-05eu-exrs	2026-09-21
P0_RECOVER_PRODUCT	RECOVER_308	Bulunamadı (404)	remap:wrong_brand_unique	308->/shop/davlumbaz/7885-25155-01	med	tr	shop_pdp	davlumbaz	pimak-25155-01	/shop/davlumbaz/7885-25155-01	False	True	https://equsto.com/shop/davlumbaz/pimak-25155-01	2026-09-21
P0_RECOVER_PRODUCT	RECOVER_308	Bulunamadı (404)	remap:wrong_brand_unique	308->/shop/tezgah/7911-12060-52	med	tr	shop_pdp	tezgah	pimak-12060-52	/shop/tezgah/7911-12060-52	False	True	https://equsto.com/shop/tezgah/pimak-12060-52	2026-09-21
P0_RECOVER_PRODUCT	RECOVER_308	Bulunamadı (404)	login_next_to_product	308->/en/shop/pisirme/xb893	high	en	shop_pdp	pisirme	xb893	/en/shop/pisirme/xb893	True	True	https://equsto.com/en/login.html?next=/en/shop/pisirme/xb893	2026-09-21
P0_RECOVER_PRODUCT	RECOVER_308	Bulunamadı (404)	login_next_to_product	308->/en/shop/yikama/7961-04929-5o2	high	en	shop_pdp	yikama	7961-04929-5o2	/en/shop/yikama/7961-04929-5o2	True	True	https://equsto.com/en/login.html?next=/en/shop/yikama/7961-04929-5o2	2026-09-21
P0_RECOVER_PRODUCT	RECOVER_308	Bulunamadı (404)	remap:wrong_brand_unique	308->/shop/tezgah/7911-16060-13	med	tr	shop_pdp	tezgah	pimak-16060-13	/shop/tezgah/7911-16060-13	False	True	https://equsto.com/shop/tezgah/pimak-16060-13	2026-09-21
P0_RECOVER_PRODUCT	RECOVER_308	Bulunamadı (404)	login_next_to_product	308->/en/shop/kahve/9868-11986-6001	high	en	shop_pdp	kahve	9868-11986-6001	/en/shop/kahve/9868-11986-6001	True	True	https://equsto.com/en/login.html?next=/en/shop/kahve/9868-11986-6001	2026-09-21
P0_RECOVER_PRODUCT	RECOVER_308	Bulunamadı (404)	login_next_to_product	308->/en/shop/pisirme/ino-zco-9ig20	high	en	shop_pdp	pisirme	ino-zco-9ig20	/en/shop/pisirme/ino-zco-9ig20	True	True	https://equsto.com/en/login.html?next=/en/shop/pisirme/ino-zco-9ig20	2026-09-21
P0_RECOVER_PRODUCT	RECOVER_308	Bulunamadı (404)	login_next_to_product	308->/en/shop/pisirme/xb895	high	en	shop_pdp	pisirme	xb895	/en/shop/pisirme/xb895	True	True	https://equsto.com/en/login.html?next=/en/shop/pisirme/xb895	2026-09-21
P0_RECOVER_PRODUCT	RECOVER_308	Bulunamadı (404)	login_next_to_product	308->/en/shop/hazirlik/8823-0ha40-00	high	en	shop_pdp	hazirlik	8823-0ha40-00	/en/shop/hazirlik/8823-0ha40-00	True	True	https://equsto.com/en/login.html?next=/en/shop/hazirlik/8823-0ha40-00	2026-09-21
P0_RECOVER_PRODUCT	RECOVER_308	Bulunamadı (404)	login_next_to_product	308->/en/shop/tezgah/ino-krn210	high	en	shop_pdp	tezgah	ino-krn210	/en/shop/tezgah/ino-krn210	True	True	https://equsto.com/en/login.html?next=/en/shop/tezgah/ino-krn210	2026-09-21
P0_RECOVER_PRODUCT	RECOVER_308	Bulunamadı (404)	login_next_to_product	308->/en/shop/tezgah/7754-186e8-35	high	en	shop_pdp	dolap	7754-186e8-35	/en/shop/tezgah/7754-186e8-35	True	True	https://equsto.com/en/login.html?next=/en/shop/dolap/7754-186e8-35	2026-09-21
P0_RECOVER_PRODUCT	RECOVER_308	Bulunamadı (404)	remap:wrong_brand_unique	308->/shop/tezgah/7911-14060-52	med	tr	shop_pdp	tezgah	equsto-14060-52	/shop/tezgah/7911-14060-52	False	True	https://equsto.com/shop/tezgah/equsto-14060-52	2026-09-21
P0_RECOVER_PRODUCT	RECOVER_308	Bulunamadı (404)	login_next_to_product	308->/en/shop/tezgah/7911-19060-04a	high	en	shop_pdp	tezgah	7911-19060-04a	/en/shop/tezgah/7911-19060-04a	True	True	https://equsto.com/en/login.html?next=/en/shop/tezgah/7911-19060-04a	2026-09-21
P0_RECOVER_PRODUCT	RECOVER_308	Bulunamadı (404)	login_next_to_product	308->/en/shop/tezgah/7876-19070-00	high	en	shop_pdp	tezgah	7876-19070-00	/en/shop/tezgah/7876-19070-00	True	True	https://equsto.com/en/login.html?next=/en/shop/tezgah/7876-19070-00	2026-09-21
P0_RECOVER_PRODUCT	RECOVER_308	Bulunamadı (404)	login_next_to_product	308->/en/shop/yikama/7961-09429-5y3	high	en	shop_pdp	pisirme	7961-09429-5y3	/en/shop/yikama/7961-09429-5y3	True	True	https://equsto.com/en/login.html?next=/en/shop/pisirme/7961-09429-5y3	2026-09-21
P0_RECOVER_PRODUCT	RECOVER_308	Bulunamadı (404)	login_next_to_product	308->/en/shop/market-reyonlari/eq-falcon-eq96	high	en	shop_pdp	market-reyonlari	eq-falcon-eq96	/en/shop/market-reyonlari/eq-falcon-eq96	True	True	https://equsto.com/en/login.html?next=/en/shop/market-reyonlari/eq-falcon-eq96	2026-09-21
P0_RECOVER_PRODUCT	RECOVER_308	Bulunamadı (404)	remap:wrong_brand_unique	308->/en/shop/davlumbaz/7885-40205-10	med	en	shop_pdp	davlumbaz	pimak-40205-10	/en/shop/davlumbaz/7885-40205-10	False	True	https://equsto.com/en/shop/davlumbaz/pimak-40205-10	2026-09-21
P0_RECOVER_PRODUCT	RECOVER_308	Bulunamadı (404)	remap:wrong_brand_unique	308->/en/shop/davlumbaz/7885-15155-01	med	en	shop_pdp	davlumbaz	pimak-15155-01	/en/shop/davlumbaz/7885-15155-01	False	True	https://equsto.com/en/shop/davlumbaz/pimak-15155-01	2026-09-21
P0_RECOVER_PRODUCT	RECOVER_308	Bulunamadı (404)	login_next_to_product	308->/en/shop/tezgah/7754-157b5-21	high	en	shop_pdp	dolap	7754-157b5-21	/en/shop/tezgah/7754-157b5-21	True	True	https://equsto.com/en/login.html?next=/en/shop/dolap/7754-157b5-21	2026-09-21
P0_RECOVER_PRODUCT	RECOVER_308	Bulunamadı (404)	login_next_to_product	308->/en/shop/set-ustu-mutfak/9830-f300e-00	high	en	shop_pdp	set-ustu-mutfak	9830-f300e-00	/en/shop/set-ustu-mutfak/9830-f300e-00	True	True	https://equsto.com/en/login.html?next=/en/shop/set-ustu-mutfak/9830-f300e-00	2026-09-21
P0_RECOVER_PRODUCT	RECOVER_308	Bulunamadı (404)	remap:wrong_brand_unique	308->/en/shop/tezgah/7911-16060-56	med	en	shop_pdp	tezgah	pimak-16060-56	/en/shop/tezgah/7911-16060-56	False	True	https://equsto.com/en/shop/tezgah/pimak-16060-56	2026-09-21
P0_RECOVER_PRODUCT	RECOVER_308	Bulunamadı (404)	login_next_to_product	308->/en/shop/set-ustu-mutfak/8860-ops03-38	high	en	shop_pdp	set-ustu-mutfak	8860-ops03-38	/en/shop/set-ustu-mutfak/8860-ops03-38	True	True	https://equsto.com/en/login.html?next=/en/shop/set-ustu-mutfak/8860-ops03-38	2026-09-21
P0_RECOVER_PRODUCT	RECOVER_308	Bulunamadı (404)	login_next_to_product	308->/en/shop/market-reyonlari/eq-falcon-sld-eq28	high	en	shop_pdp	market-reyonlari	eq-falcon-sld-eq28	/en/shop/market-reyonlari/eq-falcon-sld-eq28	True	True	https://equsto.com/en/login.html?next=/en/shop/market-reyonlari/eq-falcon-sld-eq28	2026-09-21
P0_RECOVER_PRODUCT	RECOVER_308	Bulunamadı (404)	login_next_to_product	308->/en/shop/tezgah/7911-19060-85	high	en	shop_pdp	tezgah	7911-19060-85	/en/shop/tezgah/7911-19060-85	True	True	https://equsto.com/en/login.html?next=/en/shop/tezgah/7911-19060-85	2026-09-21
P0_RECOVER_PRODUCT	RECOVER_308	Bulunamadı (404)	login_next_to_product	308->/en/shop/set-ustu-mutfak/0314-21040-01	high	en	shop_pdp	set-ustu-mutfak	0314-21040-01	/en/shop/set-ustu-mutfak/0314-21040-01	True	True	https://equsto.com/en/login.html?next=/en/shop/set-ustu-mutfak/0314-21040-01	2026-09-21
P0_RECOVER_PRODUCT	RECOVER_308	Bulunamadı (404)	remap:wrong_brand_unique	308->/en/shop/tezgah/7911-14070-52	med	en	shop_pdp	tezgah	pimak-14070-52	/en/shop/tezgah/7911-14070-52	False	True	https://equsto.com/en/shop/tezgah/pimak-14070-52	2026-09-21
P0_RECOVER_PRODUCT	RECOVER_308	Bulunamadı (404)	remap:wrong_brand_unique	308->/en/shop/davlumbaz/7885-35155-01	med	en	shop_pdp	davlumbaz	pimak-35155-01	/en/shop/davlumbaz/7885-35155-01	False	True	https://equsto.com/en/shop/davlumbaz/pimak-35155-01	2026-09-21
P0_RECOVER_PRODUCT	RECOVER_308	Bulunamadı (404)	remap:wrong_brand_unique	308->/shop/tezgah/7911-06060-00	med	tr	shop_pdp	tezgah	pimak-06060-00	/shop/tezgah/7911-06060-00	False	True	https://equsto.com/shop/tezgah/pimak-06060-00	2026-09-21
P0_RECOVER_PRODUCT	RECOVER_308	Bulunamadı (404)	login_next_to_product	308->/en/shop/tezgah/ino-kss160	high	en	shop_pdp	tezgah	ino-kss160	/en/shop/tezgah/ino-kss160	True	True	https://equsto.com/en/login.html?next=/en/shop/tezgah/ino-kss160	2026-09-21
P0_RECOVER_PRODUCT	RECOVER_308	Bulunamadı (404)	login_next_to_product	308->/en/shop/yikama/7960-11829-5o3	high	en	shop_pdp	pisirme	7960-11829-5o3	/en/shop/yikama/7960-11829-5o3	True	True	https://equsto.com/en/login.html?next=/en/shop/pisirme/7960-11829-5o3	2026-09-21
P0_RECOVER_PRODUCT	RECOVER_308	Bulunamadı (404)	login_next_to_product	308->/en/shop/yikama/073m-11010-ad	high	en	shop_pdp	yikama	073m-11010-ad	/en/shop/yikama/073m-11010-ad	True	True	https://equsto.com/en/login.html?next=/en/shop/yikama/073m-11010-ad	2026-09-21
P0_RECOVER_PRODUCT	RECOVER_308	Bulunamadı (404)	login_next_to_product	308->/en/shop/tezgah/ino-krg242	high	en	shop_pdp	tezgah	ino-krg242	/en/shop/tezgah/ino-krg242	True	True	https://equsto.com/en/login.html?next=/en/shop/tezgah/ino-krg242	2026-09-21
P0_RECOVER_PRODUCT	RECOVER_308	Bulunamadı (404)	remap:wrong_brand_unique	308->/en/shop/tezgah/7911-06070-91	med	en	shop_pdp	tezgah	pimak-06070-91	/en/shop/tezgah/7911-06070-91	False	True	https://equsto.com/en/shop/tezgah/pimak-06070-91	2026-09-21
P0_RECOVER_PRODUCT	RECOVER_308	Bulunamadı (404)	remap:wrong_brand_unique	308->/shop/davlumbaz/7885-60155-10	med	tr	shop_pdp	davlumbaz	pimak-60155-10	/shop/davlumbaz/7885-60155-10	False	True	https://equsto.com/shop/davlumbaz/pimak-60155-10	2026-09-21
P0_RECOVER_PRODUCT	RECOVER_308	Bulunamadı (404)	login_next_to_product	308->/en/shop/araba/g-gn-75-s-2	high	en	shop_pdp	araba	g-gn-75-s-2	/en/shop/araba/g-gn-75-s-2	True	True	https://equsto.com/en/login.html?next=/en/shop/araba/g-gn-75-s-2	2026-09-21
P0_RECOVER_PRODUCT	RECOVER_308	Bulunamadı (404)	login_next_to_product	308->/en/shop/tezgah/7911-16070-79	high	en	shop_pdp	tezgah	7911-16070-79	/en/shop/tezgah/7911-16070-79	True	True	https://equsto.com/en/login.html?next=/en/shop/tezgah/7911-16070-79	2026-09-21
P0_RECOVER_PRODUCT	RECOVER_308	Bulunamadı (404)	remap:wrong_brand_unique	308->/shop/davlumbaz/7885-60155-01	med	tr	shop_pdp	davlumbaz	pimak-60155-01	/shop/davlumbaz/7885-60155-01	False	True	https://equsto.com/shop/davlumbaz/pimak-60155-01	2026-09-21
P0_RECOVER_PRODUCT	RECOVER_308	Bulunamadı (404)	login_next_to_product	308->/en/shop/pisirme/ino-9ig30	high	en	shop_pdp	pisirme	ino-9ig30	/en/shop/pisirme/ino-9ig30	True	True	https://equsto.com/en/login.html?next=/en/shop/pisirme/ino-9ig30	2026-09-21
P0_RECOVER_PRODUCT	RECOVER_308	Bulunamadı (404)	login_next_to_product	308->/en/shop/market-reyonlari/eq-kangaroo-eq4	high	en	shop_pdp	market-reyonlari	eq-kangaroo-eq4	/en/shop/market-reyonlari/eq-kangaroo-eq4	True	True	https://equsto.com/en/login.html?next=/en/shop/market-reyonlari/eq-kangaroo-eq4	2026-09-21
P0_RECOVER_PRODUCT	RECOVER_308	Bulunamadı (404)	login_next_to_product	308->/en/shop/pisirme/371282	high	en	shop_pdp	pisirme	371282	/en/shop/pisirme/371282	True	True	https://equsto.com/en/login.html?next=/en/shop/pisirme/371282	2026-09-20
P0_RECOVER_PRODUCT	RECOVER_308	Bulunamadı (404)	login_next_to_product	308->/en/shop/pisirme/ago-870y	high	en	shop_pdp	pisirme	ago-870y	/en/shop/pisirme/ago-870y	True	True	https://equsto.com/en/login.html?next=/en/shop/pisirme/ago-870y	2026-09-20
P0_RECOVER_PRODUCT	RECOVER_308	Bulunamadı (404)	login_next_to_product	308->/en/shop/tezgah/7911-14060-96	high	en	shop_pdp	tezgah	7911-14060-96	/en/shop/tezgah/7911-14060-96	True	True	https://equsto.com/en/login.html?next=/en/shop/tezgah/7911-14060-96	2026-09-20
P0_RECOVER_PRODUCT	RECOVER_308	Bulunamadı (404)	login_next_to_product	308->/en/shop/tasima/7919-70130-00	high	en	shop_pdp	tasima	7919-70130-00	/en/shop/tasima/7919-70130-00	True	True	https://equsto.com/en/login.html?next=/en/shop/tasima/7919-70130-00	2026-09-20
P0_RECOVER_PRODUCT	RECOVER_308	Bulunamadı (404)	login_next_to_product	308->/en/shop/sogutma/ttc-2n60	high	en	shop_pdp	sogutma	ttc-2n60	/en/shop/sogutma/ttc-2n60	True	True	https://equsto.com/en/login.html?next=/en/shop/sogutma/ttc-2n60	2026-09-20
P0_RECOVER_PRODUCT	RECOVER_308	Bulunamadı (404)	remap:wrong_brand_unique	308->/shop/davlumbaz/7885-30155-10	med	tr	shop_pdp	davlumbaz	pimak-30155-10	/shop/davlumbaz/7885-30155-10	False	True	https://equsto.com/shop/davlumbaz/pimak-30155-10	2026-09-20
P0_RECOVER_PRODUCT	RECOVER_308	Bulunamadı (404)	remap:wrong_brand_unique	308->/en/shop/davlumbaz/7885-35125-11	med	en	shop_pdp	davlumbaz	pimak-35125-11	/en/shop/davlumbaz/7885-35125-11	False	True	https://equsto.com/en/shop/davlumbaz/pimak-35125-11	2026-09-20
P0_RECOVER_PRODUCT	RECOVER_308	Bulunamadı (404)	login_next_to_product	308->/en/shop/set-ustu-mutfak/8325-0kfh5-15	high	en	shop_pdp	set-ustu-mutfak	8325-0kfh5-15	/en/shop/set-ustu-mutfak/8325-0kfh5-15	True	True	https://equsto.com/en/login.html?next=/en/shop/set-ustu-mutfak/8325-0kfh5-15	2026-09-20
P0_RECOVER_PRODUCT	RECOVER_308	Bulunamadı (404)	login_next_to_product	308->/en/shop/hazirlik/bks-100	high	en	shop_pdp	hazirlik	bks-100	/en/shop/hazirlik/bks-100	True	True	https://equsto.com/en/login.html?next=/en/shop/hazirlik/bks-100	2026-09-20
P0_RECOVER_PRODUCT	RECOVER_308	Bulunamadı (404)	login_next_to_product	308->/en/shop/tezgah/eq-kct07-14070	high	en	shop_pdp	tezgah	eq-kct07-14070	/en/shop/tezgah/eq-kct07-14070	True	True	https://equsto.com/en/login.html?next=/en/shop/tezgah/eq-kct07-14070	2026-09-20
P0_RECOVER_PRODUCT	RECOVER_308	Bulunamadı (404)	remap:wrong_brand_unique	308->/en/shop/davlumbaz/7885-20105-11	med	en	shop_pdp	davlumbaz	pimak-20105-11	/en/shop/davlumbaz/7885-20105-11	False	True	https://equsto.com/en/shop/davlumbaz/pimak-20105-11	2026-09-20
P0_RECOVER_PRODUCT	RECOVER_308	Bulunamadı (404)	remap:wrong_brand_unique	308->/en/shop/davlumbaz/7885-15155-11	med	en	shop_pdp	davlumbaz	pimak-15155-11	/en/shop/davlumbaz/7885-15155-11	False	True	https://equsto.com/en/shop/davlumbaz/pimak-15155-11	2026-09-20
P0_RECOVER_PRODUCT	RECOVER_308	Bulunamadı (404)	remap:wrong_brand_unique	308->/en/shop/davlumbaz/7885-40155-10	med	en	shop_pdp	davlumbaz	pimak-40155-10	/en/shop/davlumbaz/7885-40155-10	False	True	https://equsto.com/en/shop/davlumbaz/pimak-40155-10	2026-09-20
P0_RECOVER_PRODUCT	RECOVER_308	Bulunamadı (404)	login_next_to_product	308->/en/shop/pisirme/391543	high	en	shop_pdp	pisirme	391543	/en/shop/pisirme/391543	True	True	https://equsto.com/en/login.html?next=/en/shop/pisirme/391543	2026-09-20
P0_RECOVER_PRODUCT	RECOVER_308	Bulunamadı (404)	login_next_to_product	308->/en/shop/hazirlik/058-no-54	high	en	shop_pdp	hazirlik	058-no-54	/en/shop/hazirlik/058-no-54	True	True	https://equsto.com/en/login.html?next=/en/shop/hazirlik/058-no-54	2026-09-20
P0_RECOVER_PRODUCT	RECOVER_308	Bulunamadı (404)	login_next_to_product	308->/en/shop/tezgah/7911-12070-95	high	en	shop_pdp	dolap	7911-12070-95	/en/shop/tezgah/7911-12070-95	True	True	https://equsto.com/en/login.html?next=/en/shop/dolap/7911-12070-95	2026-09-20
P0_RECOVER_PRODUCT	RECOVER_308	Bulunamadı (404)	remap:wrong_brand_unique	308->/en/shop/tezgah/7911-14060-15	med	en	shop_pdp	tezgah	pimak-14060-15	/en/shop/tezgah/7911-14060-15	False	True	https://equsto.com/en/shop/tezgah/pimak-14060-15	2026-09-20
P0_RECOVER_PRODUCT	RECOVER_308	Bulunamadı (404)	login_next_to_product	308->/en/shop/tezgah/7911-16070-56	med	en	shop_pdp	tezgah	pimak-16070-56	/en/shop/tezgah/7911-16070-56	True	True	https://equsto.com/en/login.html?next=/en/shop/tezgah/pimak-16070-56	2026-09-20
P0_RECOVER_PRODUCT	RECOVER_308	Bulunamadı (404)	login_next_to_product	308->/en/shop/pisirme/npicco712-3	high	en	shop_pdp	pisirme	npicco712-3	/en/shop/pisirme/npicco712-3	True	True	https://equsto.com/en/login.html?next=/en/shop/pisirme/npicco712-3	2026-09-20
P0_RECOVER_PRODUCT	RECOVER_308	Bulunamadı (404)	login_next_to_product	308->/en/shop/tezgah/ino-ktk090i	high	en	shop_pdp	tezgah	ino-ktk090i	/en/shop/tezgah/ino-ktk090i	True	True	https://equsto.com/en/login.html?next=/en/shop/tezgah/ino-ktk090i	2026-09-20
P0_RECOVER_PRODUCT	RECOVER_308	Bulunamadı (404)	login_next_to_product	308->/en/shop/hazirlik/118-sft-01	high	en	shop_pdp	hazirlik	118-sft-01	/en/shop/hazirlik/118-sft-01	True	True	https://equsto.com/en/login.html?next=/en/shop/hazirlik/118-sft-01	2026-09-20
P0_RECOVER_PRODUCT	RECOVER_308	Bulunamadı (404)	login_next_to_product	308->/en/shop/set-ustu-mutfak/6268-00019-32	high	en	shop_pdp	set-ustu-mutfak	6268-00019-32	/en/shop/set-ustu-mutfak/6268-00019-32	True	True	https://equsto.com/en/login.html?next=/en/shop/set-ustu-mutfak/6268-00019-32	2026-09-20
P0_RECOVER_PRODUCT	RECOVER_308	Bulunamadı (404)	login_next_to_product	308->/en/shop/icecek/sc10-ai-sspb	high	en	shop_pdp	icecek	sc10-ai-sspb	/en/shop/icecek/sc10-ai-sspb	True	True	https://equsto.com/en/login.html?next=/en/shop/icecek/sc10-ai-sspb	2026-09-19
P0_RECOVER_PRODUCT	RECOVER_308	Bulunamadı (404)	login_next_to_product	308->/en/shop/hazirlik/9840-cl55d-00	high	en	shop_pdp	hazirlik	9840-cl55d-00	/en/shop/hazirlik/9840-cl55d-00	True	True	https://equsto.com/en/login.html?next=/en/shop/hazirlik/9840-cl55d-00	2026-09-19
P0_RECOVER_PRODUCT	RECOVER_308	Bulunamadı (404)	login_next_to_product	308->/en/shop/hazirlik/208-600337	high	en	shop_pdp	hazirlik	208-600337	/en/shop/hazirlik/208-600337	True	True	https://equsto.com/en/login.html?next=/en/shop/hazirlik/208-600337	2026-09-19
P0_RECOVER_PRODUCT	RECOVER_308	Bulunamadı (404)	login_next_to_product	308->/en/shop/pisirme/7864-n1-80903-14	high	en	shop_pdp	pisirme	7864-n1-80903-14	/en/shop/pisirme/7864-n1-80903-14	True	True	https://equsto.com/en/login.html?next=/en/shop/pisirme/7864-n1-80903-14	2026-09-19
P0_RECOVER_PRODUCT	RECOVER_308	Bulunamadı (404)	login_next_to_product	308->/en/shop/tezgah/ino-klg100	high	en	shop_pdp	tezgah	ino-klg100	/en/shop/tezgah/ino-klg100	True	True	https://equsto.com/en/login.html?next=/en/shop/tezgah/ino-klg100	2026-09-19
P0_RECOVER_PRODUCT	RECOVER_308	Bulunamadı (404)	login_next_to_product	308->/en/shop/pisirme/ino-zco-7fg10	high	en	shop_pdp	pisirme	ino-zco-7fg10	/en/shop/pisirme/ino-zco-7fg10	True	True	https://equsto.com/en/login.html?next=/en/shop/pisirme/ino-zco-7fg10	2026-09-19
P0_RECOVER_PRODUCT	RECOVER_308	Bulunamadı (404)	login_next_to_product	308->/en/shop/pisirme/aei-673-n	high	en	shop_pdp	pisirme	aei-673-n	/en/shop/pisirme/aei-673-n	True	True	https://equsto.com/en/login.html?next=/en/shop/pisirme/aei-673-n	2026-09-19
P0_RECOVER_PRODUCT	RECOVER_308	Bulunamadı (404)	login_next_to_product	308->/en/shop/market-reyonlari/eq-falcon-sld-eq41	high	en	shop_pdp	market-reyonlari	eq-falcon-sld-eq41	/en/shop/market-reyonlari/eq-falcon-sld-eq41	True	True	https://equsto.com/en/login.html?next=/en/shop/market-reyonlari/eq-falcon-sld-eq41	2026-09-19
P0_RECOVER_PRODUCT	RECOVER_308	Bulunamadı (404)	login_next_to_product	308->/en/shop/sogutma/118-srdny215	high	en	shop_pdp	sogutma	118-srdny215	/en/shop/sogutma/118-srdny215	True	True	https://equsto.com/en/login.html?next=/en/shop/sogutma/118-srdny215	2026-09-19
P0_RECOVER_PRODUCT	RECOVER_308	Bulunamadı (404)	login_next_to_product	308->/en/shop/sogutma/pza-2n80	high	en	shop_pdp	sogutma	pza-2n80	/en/shop/sogutma/pza-2n80	True	True	https://equsto.com/en/login.html?next=/en/shop/sogutma/pza-2n80	2026-09-19
P0_RECOVER_PRODUCT	RECOVER_308	Bulunamadı (404)	login_next_to_product	308->/en/shop/pisirme/391334	high	en	shop_pdp	pisirme	391334	/en/shop/pisirme/391334	True	True	https://equsto.com/en/login.html?next=/en/shop/pisirme/391334	2026-09-19
P0_RECOVER_PRODUCT	RECOVER_308	Bulunamadı (404)	login_next_to_product	308->/en/shop/hazirlik/bhy-10	high	en	shop_pdp	hazirlik	bhy-10	/en/shop/hazirlik/bhy-10	True	True	https://equsto.com/en/login.html?next=/en/shop/hazirlik/bhy-10	2026-09-19
P0_RECOVER_PRODUCT	RECOVER_308	Bulunamadı (404)	login_next_to_product	308->/en/shop/istif/53-x-122-x-183-201	high	en	shop_pdp	istif	53-x-122-x-183-201	/en/shop/istif/53-x-122-x-183-201	True	True	https://equsto.com/en/login.html?next=/en/shop/istif/53-x-122-x-183-201	2026-09-19
P0_RECOVER_PRODUCT	RECOVER_308	Bulunamadı (404)	login_next_to_product	308->/en/shop/set-ustu-mutfak/8916-0mv20-00	high	en	shop_pdp	set-ustu-mutfak	8916-0mv20-00	/en/shop/set-ustu-mutfak/8916-0mv20-00	True	True	https://equsto.com/en/login.html?next=/en/shop/set-ustu-mutfak/8916-0mv20-00	2026-09-19
P0_RECOVER_PRODUCT	RECOVER_308	Bulunamadı (404)	login_next_to_product	308->/en/shop/tezgah/133089	high	en	shop_pdp	tezgah	133089	/en/shop/tezgah/133089	True	True	https://equsto.com/en/login.html?next=/en/shop/tezgah/133089	2026-09-19
P0_RECOVER_PRODUCT	RECOVER_308	Bulunamadı (404)	login_next_to_product	308->/en/shop/pisirme/frn-smk-et-tutsuleme-firini	high	en	shop_pdp	pisirme	frn-smk-et-tutsuleme-firini	/en/shop/pisirme/frn-smk-et-tutsuleme-firini	True	True	https://equsto.com/en/login.html?next=/en/shop/pisirme/frn-smk-et-tutsuleme-firini	2026-09-19
P0_RECOVER_PRODUCT	RECOVER_308	Bulunamadı (404)	login_next_to_product	308->/en/shop/tezgah/7911-16060-84	high	en	shop_pdp	dolap	7911-16060-84	/en/shop/tezgah/7911-16060-84	True	True	https://equsto.com/en/login.html?next=/en/shop/dolap/7911-16060-84	2026-09-19
P0_RECOVER_PRODUCT	RECOVER_308	Bulunamadı (404)	login_next_to_product	308->/en/shop/sogutma/118-pd400d	high	en	shop_pdp	sogutma	118-pd400d	/en/shop/sogutma/118-pd400d	True	True	https://equsto.com/en/login.html?next=/en/shop/sogutma/118-pd400d	2026-09-19
P0_RECOVER_PRODUCT	RECOVER_308	Bulunamadı (404)	login_next_to_product	308->/en/shop/market-reyonlari/eq-falcon-sld-eq44	high	en	shop_pdp	market-reyonlari	eq-falcon-sld-eq44	/en/shop/market-reyonlari/eq-falcon-sld-eq44	True	True	https://equsto.com/en/login.html?next=/en/shop/market-reyonlari/eq-falcon-sld-eq44	2026-09-18
P0_RECOVER_PRODUCT	RECOVER_308	Bulunamadı (404)	login_next_to_product	308->/en/shop/tezgah/ino-klg220	high	en	shop_pdp	tezgah	ino-klg220	/en/shop/tezgah/ino-klg220	True	True	https://equsto.com/en/login.html?next=/en/shop/tezgah/ino-klg220	2026-09-18
P0_RECOVER_PRODUCT	RECOVER_308	Bulunamadı (404)	login_next_to_product	308->/en/shop/tezgah/7911-19060-20	high	en	shop_pdp	tezgah	7911-19060-20	/en/shop/tezgah/7911-19060-20	True	True	https://equsto.com/en/login.html?next=/en/shop/tezgah/7911-19060-20	2026-09-18
P0_RECOVER_PRODUCT	RECOVER_308	Bulunamadı (404)	login_next_to_product	308->/en/shop/pisirme/7864-n1-60603-19	high	en	shop_pdp	pisirme	7864-n1-60603-19	/en/shop/pisirme/7864-n1-60603-19	True	True	https://equsto.com/en/login.html?next=/en/shop/pisirme/7864-n1-60603-19	2026-09-18
P0_RECOVER_PRODUCT	RECOVER_308	Bulunamadı (404)	login_next_to_product	308->/en/shop/pisirme/7865-n1-60603-14	high	en	shop_pdp	pisirme	7865-n1-60603-14	/en/shop/pisirme/7865-n1-60603-14	True	True	https://equsto.com/en/login.html?next=/en/shop/pisirme/7865-n1-60603-14	2026-09-18
P0_RECOVER_PRODUCT	RECOVER_308	Bulunamadı (404)	login_next_to_product	308->/en/shop/yikama/7961-16229-7y3	high	en	shop_pdp	pisirme	7961-16229-7y3	/en/shop/yikama/7961-16229-7y3	True	True	https://equsto.com/en/login.html?next=/en/shop/pisirme/7961-16229-7y3	2026-09-17
P0_RECOVER_PRODUCT	RECOVER_308	Bulunamadı (404)	login_next_to_product	308->/en/shop/tezgah/7754-166e5-21	high	en	shop_pdp	tezgah	7754-166e5-21	/en/shop/tezgah/7754-166e5-21	True	True	https://equsto.com/en/login.html?next=/en/shop/tezgah/7754-166e5-21	2026-09-17
P0_RECOVER_PRODUCT	RECOVER_308	Bulunamadı (404)	login_next_to_product	308->/en/shop/pisirme/aei-490s	high	en	shop_pdp	pisirme	aei-490s	/en/shop/pisirme/aei-490s	True	True	https://equsto.com/en/login.html?next=/en/shop/pisirme/aei-490s	2026-09-17
P0_RECOVER_PRODUCT	RECOVER_308	Bulunamadı (404)	remap:wrong_brand_unique	308->/en/shop/davlumbaz/7885-15155-10	med	en	shop_pdp	davlumbaz	pimak-15155-10	/en/shop/davlumbaz/7885-15155-10	False	True	https://equsto.com/en/shop/davlumbaz/pimak-15155-10	2026-09-17
P0_RECOVER_PRODUCT	RECOVER_308	Bulunamadı (404)	login_next_to_product	308->/en/shop/tezgah/7919-37ntv-t1	high	en	shop_pdp	tezgah	7919-37ntv-t1	/en/shop/tezgah/7919-37ntv-t1	True	True	https://equsto.com/en/login.html?next=/en/shop/tezgah/7919-37ntv-t1	2026-09-17
P0_RECOVER_PRODUCT	RECOVER_308	Bulunamadı (404)	login_next_to_product	308->/en/shop/sogutma/9805-sde84-00	high	en	shop_pdp	sogutma	9805-sde84-00	/en/shop/sogutma/9805-sde84-00	True	True	https://equsto.com/en/login.html?next=/en/shop/sogutma/9805-sde84-00	2026-09-17
P0_RECOVER_PRODUCT	RECOVER_308	Bulunamadı (404)	login_next_to_product	308->/en/shop/set-ustu-mutfak/7868-00030-00	high	en	shop_pdp	set-ustu-mutfak	7868-00030-00	/en/shop/set-ustu-mutfak/7868-00030-00	True	True	https://equsto.com/en/login.html?next=/en/shop/set-ustu-mutfak/7868-00030-00	2026-09-17
P0_RECOVER_PRODUCT	RECOVER_308	Bulunamadı (404)	login_next_to_product	308->/en/shop/pisirme/391121	high	en	shop_pdp	pisirme	391121	/en/shop/pisirme/391121	True	True	https://equsto.com/en/login.html?next=/en/shop/pisirme/391121	2026-09-17
P0_RECOVER_PRODUCT	RECOVER_308	Bulunamadı (404)	remap:wrong_brand_unique	308->/shop/tezgah/7911-12060-12	med	tr	shop_pdp	tezgah	pimak-12060-12	/shop/tezgah/7911-12060-12	False	True	https://equsto.com/shop/tezgah/pimak-12060-12	2026-09-16
P0_RECOVER_PRODUCT	RECOVER_308	Bulunamadı (404)	remap:wrong_brand_unique	308->/en/shop/tezgah/7911-12060-52	med	en	shop_pdp	tezgah	pimak-12060-52	/en/shop/tezgah/7911-12060-52	False	True	https://equsto.com/en/shop/tezgah/pimak-12060-52	2026-09-16
P0_RECOVER_PRODUCT	RECOVER_308	Bulunamadı (404)	remap:wrong_brand_unique	308->/shop/tezgah/7911-19070-31	med	tr	shop_pdp	tezgah	pimak-19070-31	/shop/tezgah/7911-19070-31	False	True	https://equsto.com/shop/tezgah/pimak-19070-31	2026-09-16
P0_RECOVER_PRODUCT	RECOVER_308	Bulunamadı (404)	remap:wrong_brand_unique	308->/shop/tezgah/7911-16060-52	med	tr	shop_pdp	tezgah	pimak-16060-52	/shop/tezgah/7911-16060-52	False	True	https://equsto.com/shop/tezgah/pimak-16060-52	2026-09-16
P0_RECOVER_PRODUCT	RECOVER_308	Bulunamadı (404)	remap:wrong_brand_unique	308->/en/shop/tezgah/7911-16060-31	med	en	shop_pdp	tezgah	pimak-16060-31	/en/shop/tezgah/7911-16060-31	False	True	https://equsto.com/en/shop/tezgah/pimak-16060-31	2026-09-15
P0_RECOVER_PRODUCT	RECOVER_308	Bulunamadı (404)	remap:wrong_brand_unique	308->/en/shop/tezgah/7911-19060-31	med	en	shop_pdp	tezgah	pimak-19060-31	/en/shop/tezgah/7911-19060-31	False	True	https://equsto.com/en/shop/tezgah/pimak-19060-31	2026-09-15
P0_RECOVER_PRODUCT	RECOVER_308	Bulunamadı (404)	remap:wrong_brand_unique	308->/en/shop/davlumbaz/7885-40155-01	med	en	shop_pdp	davlumbaz	pimak-40155-01	/en/shop/davlumbaz/7885-40155-01	False	True	https://equsto.com/en/shop/davlumbaz/pimak-40155-01	2026-09-15
P0_RECOVER_PRODUCT	RECOVER_308	Bulunamadı (404)	remap:wrong_brand_unique	308->/shop/tezgah/7911-12060-13	med	tr	shop_pdp	tezgah	pimak-12060-13	/shop/tezgah/7911-12060-13	False	True	https://equsto.com/shop/tezgah/pimak-12060-13	2026-09-15
P0_RECOVER_PRODUCT	RECOVER_308	Bulunamadı (404)	remap:wrong_brand_unique	308->/shop/davlumbaz/7885-15155-01	med	tr	shop_pdp	davlumbaz	pimak-15155-01	/shop/davlumbaz/7885-15155-01	False	True	https://equsto.com/shop/davlumbaz/pimak-15155-01	2026-09-15
P0_RECOVER_PRODUCT	RECOVER_308	Bulunamadı (404)	remap:wrong_brand_unique	308->/shop/davlumbaz/7885-35155-01	med	tr	shop_pdp	davlumbaz	pimak-35155-01	/shop/davlumbaz/7885-35155-01	False	True	https://equsto.com/shop/davlumbaz/pimak-35155-01	2026-09-15
P0_RECOVER_PRODUCT	RECOVER_308	Bulunamadı (404)	remap:wrong_brand_unique	308->/shop/davlumbaz/7885-30155-01	med	tr	shop_pdp	davlumbaz	equsto-30155-01	/shop/davlumbaz/7885-30155-01	False	True	https://equsto.com/shop/davlumbaz/equsto-30155-01	2026-09-14
P0_RECOVER_PRODUCT	RECOVER_308	Bulunamadı (404)	remap:wrong_brand_unique	308->/en/shop/davlumbaz/7885-50155-01	med	en	shop_pdp	davlumbaz	pimak-50155-01	/en/shop/davlumbaz/7885-50155-01	False	True	https://equsto.com/en/shop/davlumbaz/pimak-50155-01	2026-09-13
P0_RECOVER_PRODUCT	RECOVER_308	Bulunamadı (404)	remap:wrong_brand_unique	308->/en/shop/davlumbaz/7885-55155-11	med	en	shop_pdp	davlumbaz	equsto-55155-11	/en/shop/davlumbaz/7885-55155-11	False	True	https://equsto.com/en/shop/davlumbaz/equsto-55155-11	2026-09-13
P0_RECOVER_PRODUCT	RECOVER_308	Bulunamadı (404)	remap:wrong_brand_unique	308->/shop/tezgah/7868-19708-23	med	tr	shop_pdp	tezgah	pimak-19708-23	/shop/tezgah/7868-19708-23	False	True	https://equsto.com/shop/tezgah/pimak-19708-23	2026-09-13
P0_RECOVER_PRODUCT	RECOVER_308	Bulunamadı (404)	remap:wrong_brand_unique	308->/shop/davlumbaz/7885-55205-10	med	tr	shop_pdp	davlumbaz	equsto-55205-10	/shop/davlumbaz/7885-55205-10	False	True	https://equsto.com/shop/davlumbaz/equsto-55205-10	2026-09-13
P0_RECOVER_PRODUCT	RECOVER_308	Bulunamadı (404)	remap:wrong_brand_unique	308->/en/shop/davlumbaz/7885-55255-10	med	en	shop_pdp	davlumbaz	pimak-55255-10	/en/shop/davlumbaz/7885-55255-10	False	True	https://equsto.com/en/shop/davlumbaz/pimak-55255-10	2026-09-12
P0_RECOVER_PRODUCT	RECOVER_308	Bulunamadı (404)	remap:wrong_brand_unique	308->/en/shop/davlumbaz/7885-30155-11	med	en	shop_pdp	davlumbaz	pimak-30155-11	/en/shop/davlumbaz/7885-30155-11	False	True	https://equsto.com/en/shop/davlumbaz/pimak-30155-11	2026-09-11
P0_RECOVER_PRODUCT	RECOVER_308	Bulunamadı (404)	remap:wrong_brand_unique	308->/shop/tezgah/7911-14070-15	med	tr	shop_pdp	tezgah	equsto-14070-15	/shop/tezgah/7911-14070-15	False	True	https://equsto.com/shop/tezgah/equsto-14070-15	2026-09-11
P0_RECOVER_PRODUCT	RECOVER_308	Bulunamadı (404)	remap:wrong_brand_unique	308->/shop/tezgah/7911-14060-56	med	tr	shop_pdp	tezgah	pimak-14060-56	/shop/tezgah/7911-14060-56	False	True	https://equsto.com/shop/tezgah/pimak-14060-56	2026-09-11
P0_RECOVER_PRODUCT	RECOVER_308	Bulunamadı (404)	remap:wrong_brand_unique	308->/shop/tezgah/7911-14070-31	med	tr	shop_pdp	tezgah	pimak-14070-31	/shop/tezgah/7911-14070-31	False	True	https://equsto.com/shop/tezgah/pimak-14070-31	2026-09-11
P0_RECOVER_PRODUCT	RECOVER_308	Bulunamadı (404)	remap:wrong_brand_unique	308->/shop/tezgah/7911-19060-52	med	tr	shop_pdp	tezgah	equsto-19060-52	/shop/tezgah/7911-19060-52	False	True	https://equsto.com/shop/tezgah/equsto-19060-52	2026-09-11
P0_RECOVER_PRODUCT	RECOVER_308	Bulunamadı (404)	remap:wrong_brand_unique	308->/en/shop/davlumbaz/7885-40255-10	med	en	shop_pdp	davlumbaz	pimak-40255-10	/en/shop/davlumbaz/7885-40255-10	False	True	https://equsto.com/en/shop/davlumbaz/pimak-40255-10	2026-09-11
P0_RECOVER_PRODUCT	RECOVER_308	Bulunamadı (404)	remap:wrong_brand_unique	308->/en/shop/davlumbaz/7885-55155-10	med	en	shop_pdp	davlumbaz	pimak-55155-10	/en/shop/davlumbaz/7885-55155-10	False	True	https://equsto.com/en/shop/davlumbaz/pimak-55155-10	2026-09-11
P0_RECOVER_PRODUCT	RECOVER_308	Bulunamadı (404)	remap:wrong_brand_unique	308->/shop/tezgah/7911-05050-91	med	tr	shop_pdp	tezgah	equsto-05050-91	/shop/tezgah/7911-05050-91	False	True	https://equsto.com/shop/tezgah/equsto-05050-91	2026-09-11
P0_RECOVER_PRODUCT	RECOVER_308	Bulunamadı (404)	remap:wrong_brand_unique	308->/en/shop/tezgah/7911-16070-52	med	en	shop_pdp	tezgah	pimak-16070-52	/en/shop/tezgah/7911-16070-52	False	True	https://equsto.com/en/shop/tezgah/pimak-16070-52	2026-09-11
P0_RECOVER_PRODUCT	RECOVER_308	Bulunamadı (404)	remap:wrong_brand_unique	308->/shop/davlumbaz/7885-55155-11	med	tr	shop_pdp	davlumbaz	pimak-55155-11	/shop/davlumbaz/7885-55155-11	False	True	https://equsto.com/shop/davlumbaz/pimak-55155-11	2026-09-10
P0_RECOVER_PRODUCT	RECOVER_308	Bulunamadı (404)	remap:wrong_brand_unique	308->/en/shop/tezgah/7911-09060-08	med	en	shop_pdp	tezgah	pimak-09060-08	/en/shop/tezgah/7911-09060-08	False	True	https://equsto.com/en/shop/tezgah/pimak-09060-08	2026-09-06
P0_RECOVER_PRODUCT	RECOVER_308	Bulunamadı (404)	remap:wrong_brand_unique	308->/shop/tezgah/7911-16060-52	med	tr	shop_pdp	tezgah	equsto-16060-52	/shop/tezgah/7911-16060-52	False	True	https://equsto.com/shop/tezgah/equsto-16060-52	2026-09-06
P0_RECOVER_PRODUCT	RECOVER_308	Bulunamadı (404)	remap:wrong_brand_unique	308->/en/shop/tezgah/7911-12070-13	med	en	shop_pdp	tezgah	pimak-12070-13	/en/shop/tezgah/7911-12070-13	False	True	https://equsto.com/en/shop/tezgah/pimak-12070-13	2026-09-05
P0_RECOVER_PRODUCT	RECOVER_308	Bulunamadı (404)	login_next_to_product	308->/en/shop/araba/mt140x	high	en	shop_pdp	araba	mt140x	/en/shop/araba/mt140x	True	True	https://equsto.com/en/login.html?next=/en/shop/araba/mt140x	2026-09-05
P0_RECOVER_PRODUCT	RECOVER_308	Bulunamadı (404)	login_next_to_product	308->/en/shop/tezgah/eq-kptt03-12070	high	en	shop_pdp	tezgah	eq-kptt03-12070	/en/shop/tezgah/eq-kptt03-12070	True	True	https://equsto.com/en/login.html?next=/en/shop/tezgah/eq-kptt03-12070	2026-09-05
P0_RECOVER_PRODUCT	RECOVER_308	Bulunamadı (404)	login_next_to_product	308->/en/shop/sogutma/118-sds-265-dc-1-cf-p	high	en	shop_pdp	sogutma	118-sds-265-dc-1-cf-p	/en/shop/sogutma/118-sds-265-dc-1-cf-p	True	True	https://equsto.com/en/login.html?next=/en/shop/sogutma/118-sds-265-dc-1-cf-p	2026-09-05
P0_RECOVER_PRODUCT	RECOVER_308	Bulunamadı (404)	login_next_to_product	308->/en/shop/pisirme/ino-9tn10	high	en	shop_pdp	pisirme	ino-9tn10	/en/shop/pisirme/ino-9tn10	True	True	https://equsto.com/en/login.html?next=/en/shop/pisirme/ino-9tn10	2026-09-05
P0_RECOVER_PRODUCT	RECOVER_308	Bulunamadı (404)	login_next_to_product	308->/en/shop/tezgah/7919-06lmv-13	high	en	shop_pdp	tezgah	7919-06lmv-13	/en/shop/tezgah/7919-06lmv-13	True	True	https://equsto.com/en/login.html?next=/en/shop/tezgah/7919-06lmv-13	2026-09-05
P0_RECOVER_PRODUCT	RECOVER_308	Bulunamadı (404)	login_next_to_product	308->/en/shop/pisirme/npicco58-1	high	en	shop_pdp	pisirme	npicco58-1	/en/shop/pisirme/npicco58-1	True	True	https://equsto.com/en/login.html?next=/en/shop/pisirme/npicco58-1	2026-09-05
P0_RECOVER_PRODUCT	RECOVER_308	Bulunamadı (404)	login_next_to_product	308->/en/shop/pisirme/7865-n1-40703-33ls	high	en	shop_pdp	pisirme	7865-n1-40703-33ls	/en/shop/pisirme/7865-n1-40703-33ls	True	True	https://equsto.com/en/login.html?next=/en/shop/pisirme/7865-n1-40703-33ls	2026-09-05
P0_RECOVER_PRODUCT	RECOVER_308	Bulunamadı (404)	remap:wrong_brand_unique	308->/en/shop/tezgah/7911-10070-00	med	en	shop_pdp	tezgah	pimak-10070-00	/en/shop/tezgah/7911-10070-00	False	True	https://equsto.com/en/shop/tezgah/pimak-10070-00	2026-09-05
P0_RECOVER_PRODUCT	RECOVER_308	Bulunamadı (404)	login_next_to_product	308->/en/shop/tezgah/7911-16060-00	high	en	shop_pdp	tezgah	7911-16060-00	/en/shop/tezgah/7911-16060-00	True	True	https://equsto.com/en/login.html?next=/en/shop/tezgah/7911-16060-00	2026-09-04
P0_RECOVER_PRODUCT	RECOVER_308	Bulunamadı (404)	login_next_to_product	308->/en/shop/tezgah/eq-kktyb-12070	high	en	shop_pdp	tezgah	eq-kktyb-12070	/en/shop/tezgah/eq-kktyb-12070	True	True	https://equsto.com/en/login.html?next=/en/shop/tezgah/eq-kktyb-12070	2026-09-04
P0_RECOVER_PRODUCT	RECOVER_308	Bulunamadı (404)	login_next_to_product	308->/en/shop/tezgah/7911-06070-82	high	en	shop_pdp	dolap	7911-06070-82	/en/shop/tezgah/7911-06070-82	True	True	https://equsto.com/en/login.html?next=/en/shop/dolap/7911-06070-82	2026-09-04
P0_RECOVER_PRODUCT	RECOVER_308	Bulunamadı (404)	login_next_to_product	308->/en/shop/yikama/7961-04929-1o1	high	en	shop_pdp	pisirme	7961-04929-1o1	/en/shop/yikama/7961-04929-1o1	True	True	https://equsto.com/en/login.html?next=/en/shop/pisirme/7961-04929-1o1	2026-09-04
P0_RECOVER_PRODUCT	RECOVER_308	Bulunamadı (404)	login_next_to_product	308->/en/shop/tasima/8360-00007-08	high	en	shop_pdp	tasima	8360-00007-08	/en/shop/tasima/8360-00007-08	True	True	https://equsto.com/en/login.html?next=/en/shop/tasima/8360-00007-08	2026-09-04
P0_RECOVER_PRODUCT	RECOVER_308	Bulunamadı (404)	login_next_to_product	308->/en/shop/pisirme/7865-n1-80903-20	high	en	shop_pdp	pisirme	7865-n1-80903-20	/en/shop/pisirme/7865-n1-80903-20	True	True	https://equsto.com/en/login.html?next=/en/shop/pisirme/7865-n1-80903-20	2026-09-04
P0_RECOVER_PRODUCT	RECOVER_308	Bulunamadı (404)	remap:wrong_brand_unique	308->/en/shop/davlumbaz/7885-45155-10	med	en	shop_pdp	davlumbaz	pimak-45155-10	/en/shop/davlumbaz/7885-45155-10	False	True	https://equsto.com/en/shop/davlumbaz/pimak-45155-10	2026-09-04
P0_RECOVER_PRODUCT	RECOVER_308	Bulunamadı (404)	login_next_to_product	308->/en/shop/kahve/9580-oscar-10	high	en	shop_pdp	kahve	9580-oscar-10	/en/shop/kahve/9580-oscar-10	True	True	https://equsto.com/en/login.html?next=/en/shop/kahve/9580-oscar-10	2026-09-04
P0_RECOVER_PRODUCT	RECOVER_308	Bulunamadı (404)	login_next_to_product	308->/en/shop/tezgah/7911-16070-04	high	en	shop_pdp	tezgah	7911-16070-04	/en/shop/tezgah/7911-16070-04	True	True	https://equsto.com/en/login.html?next=/en/shop/tezgah/7911-16070-04	2026-09-04
P0_RECOVER_PRODUCT	RECOVER_308	Bulunamadı (404)	login_next_to_product	308->/en/shop/tezgah/7897-16030-07	high	en	shop_pdp	tezgah	7897-16030-07	/en/shop/tezgah/7897-16030-07	True	True	https://equsto.com/en/login.html?next=/en/shop/tezgah/7897-16030-07	2026-09-04
P0_RECOVER_PRODUCT	RECOVER_308	Bulunamadı (404)	login_next_to_product	308->/en/shop/tezgah/7911-14070-79	high	en	shop_pdp	dolap	7911-14070-79	/en/shop/tezgah/7911-14070-79	True	True	https://equsto.com/en/login.html?next=/en/shop/dolap/7911-14070-79	2026-09-04
P0_RECOVER_PRODUCT	RECOVER_308	Bulunamadı (404)	login_next_to_product	308->/en/shop/set-ustu-mutfak/0220-03032-10	high	en	shop_pdp	set-ustu-mutfak	0220-03032-10	/en/shop/set-ustu-mutfak/0220-03032-10	True	True	https://equsto.com/en/login.html?next=/en/shop/set-ustu-mutfak/0220-03032-10	2026-09-04
P0_RECOVER_PRODUCT	RECOVER_308	Bulunamadı (404)	login_next_to_product	308->/en/shop/tasima/7912-15078-30	high	en	shop_pdp	tasima	7912-15078-30	/en/shop/tasima/7912-15078-30	True	True	https://equsto.com/en/login.html?next=/en/shop/tasima/7912-15078-30	2026-09-04
P0_RECOVER_PRODUCT	RECOVER_308	Bulunamadı (404)	login_next_to_product	308->/en/shop/market-reyonlari/eq-tiger-wfg-eq1	high	en	shop_pdp	market-reyonlari	eq-tiger-wfg-eq1	/en/shop/market-reyonlari/eq-tiger-wfg-eq1	True	True	https://equsto.com/en/login.html?next=/en/shop/market-reyonlari/eq-tiger-wfg-eq1	2026-09-04
P0_RECOVER_PRODUCT	RECOVER_308	Bulunamadı (404)	remap:wrong_brand_unique	308->/en/shop/tezgah/7911-14060-31	med	en	shop_pdp	tezgah	pimak-14060-31	/en/shop/tezgah/7911-14060-31	False	True	https://equsto.com/en/shop/tezgah/pimak-14060-31	2026-09-04
P0_RECOVER_PRODUCT	RECOVER_308	Bulunamadı (404)	login_next_to_product	308->/en/shop/sogutma/7919-df5035-00	high	en	shop_pdp	sogutma	7919-df5035-00	/en/shop/sogutma/7919-df5035-00	True	True	https://equsto.com/en/login.html?next=/en/shop/sogutma/7919-df5035-00	2026-09-04
P0_RECOVER_PRODUCT	RECOVER_308	Bulunamadı (404)	remap:wrong_brand_unique	308->/en/shop/davlumbaz/7885-30205-00	med	en	shop_pdp	davlumbaz	pimak-30205-00	/en/shop/davlumbaz/7885-30205-00	False	True	https://equsto.com/en/shop/davlumbaz/pimak-30205-00	2026-09-04
P0_RECOVER_PRODUCT	RECOVER_308	Bulunamadı (404)	login_next_to_product	308->/en/shop/icecek/8573-cde3s	high	en	shop_pdp	icecek	8573-cde3s	/en/shop/icecek/8573-cde3s	True	True	https://equsto.com/en/login.html?next=/en/shop/icecek/8573-cde3s	2026-09-03
P0_RECOVER_PRODUCT	RECOVER_308	Bulunamadı (404)	login_next_to_product	308->/en/shop/sogutma/7919-cr4020-00	high	en	shop_pdp	sogutma	7919-cr4020-00	/en/shop/sogutma/7919-cr4020-00	True	True	https://equsto.com/en/login.html?next=/en/shop/sogutma/7919-cr4020-00	2026-09-03
P0_RECOVER_PRODUCT	RECOVER_308	Bulunamadı (404)	remap:wrong_brand_unique	308->/shop/davlumbaz/7885-25125-11	med	tr	shop_pdp	davlumbaz	pimak-25125-11	/shop/davlumbaz/7885-25125-11	False	True	https://equsto.com/shop/davlumbaz/pimak-25125-11	2026-09-03
P0_RECOVER_PRODUCT	RECOVER_308	Bulunamadı (404)	remap:wrong_brand_unique	308->/en/shop/davlumbaz/7885-50155-11	med	en	shop_pdp	davlumbaz	pimak-50155-11	/en/shop/davlumbaz/7885-50155-11	False	True	https://equsto.com/en/shop/davlumbaz/pimak-50155-11	2026-09-03
P0_RECOVER_PRODUCT	RECOVER_308	Bulunamadı (404)	login_next_to_product	308->/en/shop/yikama/ino-bym102t-hr	high	en	shop_pdp	yikama	ino-bym102t-hr	/en/shop/yikama/ino-bym102t-hr	True	True	https://equsto.com/en/login.html?next=/en/shop/yikama/ino-bym102t-hr	2026-09-03
P0_RECOVER_PRODUCT	RECOVER_308	Bulunamadı (404)	login_next_to_product	308->/en/shop/pisirme/npicco78-1	high	en	shop_pdp	pisirme	npicco78-1	/en/shop/pisirme/npicco78-1	True	True	https://equsto.com/en/login.html?next=/en/shop/pisirme/npicco78-1	2026-09-03
P0_RECOVER_PRODUCT	RECOVER_308	Bulunamadı (404)	remap:wrong_brand_unique	308->/shop/davlumbaz/7885-40125-11	med	tr	shop_pdp	davlumbaz	pimak-40125-11	/shop/davlumbaz/7885-40125-11	False	True	https://equsto.com/shop/davlumbaz/pimak-40125-11	2026-09-03
P0_RECOVER_PRODUCT	RECOVER_308	Bulunamadı (404)	login_next_to_product	308->/en/shop/tezgah/7754-146a5-25	high	en	shop_pdp	tezgah	7754-146a5-25	/en/shop/tezgah/7754-146a5-25	True	True	https://equsto.com/en/login.html?next=/en/shop/tezgah/7754-146a5-25	2026-09-03
P0_RECOVER_PRODUCT	RECOVER_308	Bulunamadı (404)	login_next_to_product	308->/en/shop/tezgah/7911-10070-84	high	en	shop_pdp	tezgah	7911-10070-84	/en/shop/tezgah/7911-10070-84	True	True	https://equsto.com/en/login.html?next=/en/shop/tezgah/7911-10070-84	2026-09-03
P0_RECOVER_PRODUCT	RECOVER_308	Bulunamadı (404)	remap:wrong_brand_unique	308->/en/shop/davlumbaz/7885-30205-10	med	en	shop_pdp	davlumbaz	pimak-30205-10	/en/shop/davlumbaz/7885-30205-10	False	True	https://equsto.com/en/shop/davlumbaz/pimak-30205-10	2026-09-02
P0_RECOVER_PRODUCT	RECOVER_308	Bulunamadı (404)	login_next_to_product	308->/en/shop/davlumbaz/eq-kdavot01-225250	high	en	shop_pdp	davlumbaz	eq-kdavot01-225250	/en/shop/davlumbaz/eq-kdavot01-225250	True	True	https://equsto.com/en/login.html?next=/en/shop/davlumbaz/eq-kdavot01-225250	2026-09-02
P0_RECOVER_PRODUCT	RECOVER_308	Bulunamadı (404)	remap:wrong_brand_unique	308->/shop/tezgah/7911-19060-15	med	tr	shop_pdp	tezgah	pimak-19060-15	/shop/tezgah/7911-19060-15	False	True	https://equsto.com/shop/tezgah/pimak-19060-15	2026-09-02
P0_RECOVER_PRODUCT	RECOVER_308	Bulunamadı (404)	login_next_to_product	308->/en/shop/pisirme/7856-n1-40703-03	high	en	shop_pdp	pisirme	7856-n1-40703-03	/en/shop/pisirme/7856-n1-40703-03	True	True	https://equsto.com/en/login.html?next=/en/shop/pisirme/7856-n1-40703-03	2026-09-02
P0_RECOVER_PRODUCT	RECOVER_308	Bulunamadı (404)	login_next_to_product	308->/en/shop/market-reyonlari/eq-falcon-eq66	high	en	shop_pdp	market-reyonlari	eq-falcon-eq66	/en/shop/market-reyonlari/eq-falcon-eq66	True	True	https://equsto.com/en/login.html?next=/en/shop/market-reyonlari/eq-falcon-eq66	2026-09-02
P0_RECOVER_PRODUCT	RECOVER_308	Bulunamadı (404)	remap:wrong_brand_unique	308->/en/shop/davlumbaz/7885-25155-01	med	en	shop_pdp	davlumbaz	equsto-25155-01	/en/shop/davlumbaz/7885-25155-01	False	True	https://equsto.com/en/shop/davlumbaz/equsto-25155-01	2026-09-02
P0_RECOVER_PRODUCT	RECOVER_308	Bulunamadı (404)	login_next_to_product	308->/en/shop/yikama/ino-bym042	high	en	shop_pdp	yikama	ino-bym042	/en/shop/yikama/ino-bym042	True	True	https://equsto.com/en/login.html?next=/en/shop/yikama/ino-bym042	2026-09-02
P0_RECOVER_PRODUCT	RECOVER_308	Bulunamadı (404)	login_next_to_product	308->/en/shop/pisirme/npicco223-4	high	en	shop_pdp	pisirme	npicco223-4	/en/shop/pisirme/npicco223-4	True	True	https://equsto.com/en/login.html?next=/en/shop/pisirme/npicco223-4	2026-09-02
P0_RECOVER_PRODUCT	RECOVER_308	Bulunamadı (404)	remap:wrong_brand_unique	308->/en/shop/davlumbaz/7885-35155-10	med	en	shop_pdp	davlumbaz	pimak-35155-10	/en/shop/davlumbaz/7885-35155-10	False	True	https://equsto.com/en/shop/davlumbaz/pimak-35155-10	2026-09-02
P0_RECOVER_PRODUCT	RECOVER_308	Bulunamadı (404)	login_next_to_product	308->/en/shop/araba/m08221	high	en	shop_pdp	araba	m08221	/en/shop/araba/m08221	True	True	https://equsto.com/en/login.html?next=/en/shop/araba/m08221	2026-09-02
P0_RECOVER_PRODUCT	RECOVER_308	Bulunamadı (404)	login_next_to_product	308->/en/shop/tasima/avatherm-601m	high	en	shop_pdp	tasima	avatherm-601m	/en/shop/tasima/avatherm-601m	True	True	https://equsto.com/en/login.html?next=/en/shop/tasima/avatherm-601m	2026-09-02
P0_RECOVER_PRODUCT	RECOVER_308	Bulunamadı (404)	login_next_to_product	308->/en/shop/istif/8897-46130-p0	high	en	shop_pdp	istif	8897-46130-p0	/en/shop/istif/8897-46130-p0	True	True	https://equsto.com/en/login.html?next=/en/shop/istif/8897-46130-p0	2026-09-02
P0_RECOVER_PRODUCT	RECOVER_308	Bulunamadı (404)	login_next_to_product	308->/en/shop/tezgah/7897-19030-03	high	en	shop_pdp	tezgah	7897-19030-03	/en/shop/tezgah/7897-19030-03	True	True	https://equsto.com/en/login.html?next=/en/shop/tezgah/7897-19030-03	2026-09-02
P0_RECOVER_PRODUCT	RECOVER_308	Bulunamadı (404)	login_next_to_product	308->/en/shop/pisirme/7867-n1-10908-02	high	en	shop_pdp	pisirme	7867-n1-10908-02	/en/shop/pisirme/7867-n1-10908-02	True	True	https://equsto.com/en/login.html?next=/en/shop/pisirme/7867-n1-10908-02	2026-09-02
P0_RECOVER_PRODUCT	RECOVER_308	Bulunamadı (404)	login_next_to_product	308->/en/shop/sogutma/8919-oef25-00	high	en	shop_pdp	sogutma	8919-oef25-00	/en/shop/sogutma/8919-oef25-00	True	True	https://equsto.com/en/login.html?next=/en/shop/sogutma/8919-oef25-00	2026-09-02
P0_RECOVER_PRODUCT	RECOVER_308	Bulunamadı (404)	login_next_to_product	308->/en/shop/yikama/7754-196eb-25	high	en	shop_pdp	yikama	7754-196eb-25	/en/shop/yikama/7754-196eb-25	True	True	https://equsto.com/en/login.html?next=/en/shop/yikama/7754-196eb-25	2026-09-01
P0_RECOVER_PRODUCT	RECOVER_308	Bulunamadı (404)	login_next_to_product	308->/en/shop/pisirme/npicco330-2	high	en	shop_pdp	pisirme	npicco330-2	/en/shop/pisirme/npicco330-2	True	True	https://equsto.com/en/login.html?next=/en/shop/pisirme/npicco330-2	2026-09-01
P0_RECOVER_PRODUCT	RECOVER_308	Bulunamadı (404)	login_next_to_product	308->/en/shop/set-ustu-mutfak/9563-hbb25-00	high	en	shop_pdp	icecek	9563-hbb25-00	/en/shop/set-ustu-mutfak/9563-hbb25-00	True	True	https://equsto.com/en/login.html?next=/en/shop/icecek/9563-hbb25-00	2026-09-01
P0_RECOVER_PRODUCT	RECOVER_308	Bulunamadı (404)	login_next_to_product	308->/en/shop/set-ustu-mutfak/0449-62435-01	high	en	shop_pdp	set-ustu-mutfak	0449-62435-01	/en/shop/set-ustu-mutfak/0449-62435-01	True	True	https://equsto.com/en/login.html?next=/en/shop/set-ustu-mutfak/0449-62435-01	2026-09-01
P0_RECOVER_PRODUCT	RECOVER_308	Bulunamadı (404)	remap:wrong_brand_unique	308->/shop/tezgah/7911-14060-12	med	tr	shop_pdp	tezgah	pimak-14060-12	/shop/tezgah/7911-14060-12	False	True	https://equsto.com/shop/tezgah/pimak-14060-12	2026-09-01
P0_RECOVER_PRODUCT	RECOVER_308	Bulunamadı (404)	login_next_to_product	308->/en/shop/icecek/8477-slush-36i	high	en	shop_pdp	icecek	8477-slush-36i	/en/shop/icecek/8477-slush-36i	True	True	https://equsto.com/en/login.html?next=/en/shop/icecek/8477-slush-36i	2026-09-01
P0_RECOVER_PRODUCT	RECOVER_308	Bulunamadı (404)	login_next_to_product	308->/en/shop/tezgah/7911-12060-12	high	en	shop_pdp	tezgah	7911-12060-12	/en/shop/tezgah/7911-12060-12	True	True	https://equsto.com/en/login.html?next=/en/shop/tezgah/7911-12060-12	2026-09-01
P0_RECOVER_PRODUCT	RECOVER_308	Bulunamadı (404)	login_next_to_product	308->/en/shop/set-ustu-mutfak/0213-21020-01	high	en	shop_pdp	set-ustu-mutfak	0213-21020-01	/en/shop/set-ustu-mutfak/0213-21020-01	True	True	https://equsto.com/en/login.html?next=/en/shop/set-ustu-mutfak/0213-21020-01	2026-09-01
P0_RECOVER_PRODUCT	RECOVER_308	Bulunamadı (404)	remap:wrong_brand_unique	308->/en/shop/tezgah/7911-14070-12	med	en	shop_pdp	tezgah	pimak-14070-12	/en/shop/tezgah/7911-14070-12	False	True	https://equsto.com/en/shop/tezgah/pimak-14070-12	2026-09-01
P0_RECOVER_PRODUCT	RECOVER_308	Bulunamadı (404)	login_next_to_product	308->/en/shop/pisirme/eagi-660-nd	high	en	shop_pdp	pisirme	eagi-660-nd	/en/shop/pisirme/eagi-660-nd	True	True	https://equsto.com/en/login.html?next=/en/shop/pisirme/eagi-660-nd	2026-09-01
P0_RECOVER_PRODUCT	RECOVER_308	Bulunamadı (404)	login_next_to_product	308->/en/shop/market-reyonlari/eq-falcon-eq29	high	en	shop_pdp	market-reyonlari	eq-falcon-eq29	/en/shop/market-reyonlari/eq-falcon-eq29	True	True	https://equsto.com/en/login.html?next=/en/shop/market-reyonlari/eq-falcon-eq29	2026-09-01
P0_RECOVER_PRODUCT	RECOVER_308	Bulunamadı (404)	login_next_to_product	308->/en/shop/tezgah/7758-147c8-27	high	en	shop_pdp	tezgah	7758-147c8-27	/en/shop/tezgah/7758-147c8-27	True	True	https://equsto.com/en/login.html?next=/en/shop/tezgah/7758-147c8-27	2026-09-01
P0_RECOVER_PRODUCT	RECOVER_308	Bulunamadı (404)	login_next_to_product	308->/en/shop/istif/8897-46800-p0	high	en	shop_pdp	istif	8897-46800-p0	/en/shop/istif/8897-46800-p0	True	True	https://equsto.com/en/login.html?next=/en/shop/istif/8897-46800-p0	2026-09-01
P0_RECOVER_PRODUCT	RECOVER_308	Bulunamadı (404)	login_next_to_product	308->/en/shop/pisirme/aei-870	high	en	shop_pdp	pisirme	aei-870	/en/shop/pisirme/aei-870	True	True	https://equsto.com/en/login.html?next=/en/shop/pisirme/aei-870	2026-09-01
P0_RECOVER_PRODUCT	RECOVER_308	Bulunamadı (404)	login_next_to_product	308->/en/shop/set-ustu-mutfak/9830-rl220-rd	high	en	shop_pdp	set-ustu-mutfak	9830-rl220-rd	/en/shop/set-ustu-mutfak/9830-rl220-rd	True	True	https://equsto.com/en/login.html?next=/en/shop/set-ustu-mutfak/9830-rl220-rd	2026-09-01
P0_RECOVER_PRODUCT	RECOVER_308	Bulunamadı (404)	login_next_to_product	308->/en/shop/tezgah/7911-19070-82	high	en	shop_pdp	tezgah	7911-19070-82	/en/shop/tezgah/7911-19070-82	True	True	https://equsto.com/en/login.html?next=/en/shop/tezgah/7911-19070-82	2026-09-01
P0_RECOVER_PRODUCT	RECOVER_308	Bulunamadı (404)	login_next_to_product	308->/en/shop/tezgah/7911-16060-23p	high	en	shop_pdp	tezgah	7911-16060-23p	/en/shop/tezgah/7911-16060-23p	True	True	https://equsto.com/en/login.html?next=/en/shop/tezgah/7911-16060-23p	2026-09-01
P0_RECOVER_PRODUCT	RECOVER_308	Bulunamadı (404)	login_next_to_product	308->/en/shop/sogutma/bre-cb249ahc	high	en	shop_pdp	sogutma	bre-cb249ahc	/en/shop/sogutma/bre-cb249ahc	True	True	https://equsto.com/en/login.html?next=/en/shop/sogutma/bre-cb249ahc	2026-09-01
P0_RECOVER_PRODUCT	RECOVER_308	Bulunamadı (404)	login_next_to_product	308->/en/shop/davlumbaz/922729	high	en	shop_pdp	davlumbaz	922729	/en/shop/davlumbaz/922729	True	True	https://equsto.com/en/login.html?next=/en/shop/davlumbaz/922729	2026-09-01
P0_RECOVER_PRODUCT	RECOVER_308	Bulunamadı (404)	login_next_to_product	308->/en/shop/hazirlik/bpkm-12ck	high	en	shop_pdp	hazirlik	bpkm-12ck	/en/shop/hazirlik/bpkm-12ck	True	True	https://equsto.com/en/login.html?next=/en/shop/hazirlik/bpkm-12ck	2026-09-01
P0_RECOVER_PRODUCT	RECOVER_308	Bulunamadı (404)	login_next_to_product	308->/en/shop/tezgah/eq-ktevdt02-09070	high	en	shop_pdp	tezgah	eq-ktevdt02-09070	/en/shop/tezgah/eq-ktevdt02-09070	True	True	https://equsto.com/en/login.html?next=/en/shop/tezgah/eq-ktevdt02-09070	2026-09-01
P0_RECOVER_PRODUCT	RECOVER_308	Bulunamadı (404)	login_next_to_product	308->/en/shop/tezgah/eq-knsrvb02-14070	high	en	shop_pdp	tezgah	eq-knsrvb02-14070	/en/shop/tezgah/eq-knsrvb02-14070	True	True	https://equsto.com/en/login.html?next=/en/shop/tezgah/eq-knsrvb02-14070	2026-09-01
P0_RECOVER_PRODUCT	RECOVER_308	Bulunamadı (404)	login_next_to_product	308->/en/shop/pisirme/ino-fke010	high	en	shop_pdp	pisirme	ino-fke010	/en/shop/pisirme/ino-fke010	True	True	https://equsto.com/en/login.html?next=/en/shop/pisirme/ino-fke010	2026-09-01
P0_RECOVER_PRODUCT	RECOVER_308	Bulunamadı (404)	login_next_to_product	308->/en/shop/tezgah/eq-khct02-16070	high	en	shop_pdp	tezgah	eq-khct02-16070	/en/shop/tezgah/eq-khct02-16070	True	True	https://equsto.com/en/login.html?next=/en/shop/tezgah/eq-khct02-16070	2026-09-01
P0_RECOVER_PRODUCT	RECOVER_308	Bulunamadı (404)	login_next_to_product	308->/en/shop/hazirlik/bhy-100k	high	en	shop_pdp	hazirlik	bhy-100k	/en/shop/hazirlik/bhy-100k	True	True	https://equsto.com/en/login.html?next=/en/shop/hazirlik/bhy-100k	2026-09-01
P0_RECOVER_PRODUCT	RECOVER_308	Bulunamadı (404)	login_next_to_product	308->/en/shop/market-reyonlari/eq-lion-eq1	high	en	shop_pdp	market-reyonlari	eq-lion-eq1	/en/shop/market-reyonlari/eq-lion-eq1	True	True	https://equsto.com/en/login.html?next=/en/shop/market-reyonlari/eq-lion-eq1	2026-09-01
P0_RECOVER_PRODUCT	RECOVER_308	Bulunamadı (404)	login_next_to_product	308->/en/shop/pisirme/ino-fgm100	high	en	shop_pdp	pisirme	ino-fgm100	/en/shop/pisirme/ino-fgm100	True	True	https://equsto.com/en/login.html?next=/en/shop/pisirme/ino-fgm100	2026-09-01
P0_RECOVER_PRODUCT	RECOVER_308	Bulunamadı (404)	login_next_to_product	308->/en/shop/pisirme/391273	high	en	shop_pdp	pisirme	391273	/en/shop/pisirme/391273	True	True	https://equsto.com/en/login.html?next=/en/shop/pisirme/391273	2026-09-01
P0_RECOVER_PRODUCT	RECOVER_308	Bulunamadı (404)	login_next_to_product	308->/en/shop/pisirme/spr75-3	high	en	shop_pdp	pisirme	spr75-3	/en/shop/pisirme/spr75-3	True	True	https://equsto.com/en/login.html?next=/en/shop/pisirme/spr75-3	2026-09-01
P0_RECOVER_PRODUCT	RECOVER_308	Bulunamadı (404)	login_next_to_product	308->/en/shop/sogutma/79k3-12nmv-10	high	en	shop_pdp	sogutma	79k3-12nmv-10	/en/shop/sogutma/79k3-12nmv-10	True	True	https://equsto.com/en/login.html?next=/en/shop/sogutma/79k3-12nmv-10	2026-09-01
P0_RECOVER_PRODUCT	RECOVER_308	Bulunamadı (404)	login_next_to_product	308->/en/shop/yikama/7960-16229-5o3	high	en	shop_pdp	pisirme	7960-16229-5o3	/en/shop/yikama/7960-16229-5o3	True	True	https://equsto.com/en/login.html?next=/en/shop/pisirme/7960-16229-5o3	2026-09-01
P0_RECOVER_PRODUCT	RECOVER_308	Bulunamadı (404)	login_next_to_product	308->/en/shop/sogutma/tm-450-a-hc	high	en	shop_pdp	sogutma	tm-450-a-hc	/en/shop/sogutma/tm-450-a-hc	True	True	https://equsto.com/en/login.html?next=/en/shop/sogutma/tm-450-a-hc	2026-09-01
P0_RECOVER_PRODUCT	RECOVER_308	Bulunamadı (404)	login_next_to_product	308->/en/shop/sogutma/79k3-06nmv-10	high	en	shop_pdp	sogutma	79k3-06nmv-10	/en/shop/sogutma/79k3-06nmv-10	True	True	https://equsto.com/en/login.html?next=/en/shop/sogutma/79k3-06nmv-10	2026-09-01
P0_RECOVER_PRODUCT	RECOVER_308	Bulunamadı (404)	login_next_to_product	308->/en/shop/sogutma/bre-cb955ahcbqube	high	en	shop_pdp	sogutma	bre-cb955ahcbqube	/en/shop/sogutma/bre-cb955ahcbqube	True	True	https://equsto.com/en/login.html?next=/en/shop/sogutma/bre-cb955ahcbqube	2026-08-31
P0_RECOVER_PRODUCT	RECOVER_308	Bulunamadı (404)	login_next_to_product	308->/en/shop/sogutma/bre-bin550vds	high	en	shop_pdp	sogutma	bre-bin550vds	/en/shop/sogutma/bre-bin550vds	True	True	https://equsto.com/en/login.html?next=/en/shop/sogutma/bre-bin550vds	2026-08-31
P0_RECOVER_PRODUCT	RECOVER_308	Bulunamadı (404)	login_next_to_product	308->/en/shop/sogutma/710070	high	en	shop_pdp	sogutma	710070	/en/shop/sogutma/710070	True	True	https://equsto.com/en/login.html?next=/en/shop/sogutma/710070	2026-08-31
P0_RECOVER_PRODUCT	RECOVER_308	Bulunamadı (404)	remap:wrong_brand_unique	308->/en/shop/davlumbaz/7885-15105-01	med	en	shop_pdp	davlumbaz	pimak-15105-01	/en/shop/davlumbaz/7885-15105-01	False	True	https://equsto.com/en/shop/davlumbaz/pimak-15105-01	2026-08-31
P0_RECOVER_PRODUCT	RECOVER_308	Bulunamadı (404)	login_next_to_product	308->/en/shop/set-ustu-mutfak/8350-31042-0k	high	en	shop_pdp	set-ustu-mutfak	8350-31042-0k	/en/shop/set-ustu-mutfak/8350-31042-0k	True	True	https://equsto.com/en/login.html?next=/en/shop/set-ustu-mutfak/8350-31042-0k	2026-08-31
P0_RECOVER_PRODUCT	RECOVER_308	Bulunamadı (404)	login_next_to_product	308->/en/shop/tezgah/7911-06060-04	high	en	shop_pdp	tezgah	7911-06060-04	/en/shop/tezgah/7911-06060-04	True	True	https://equsto.com/en/login.html?next=/en/shop/tezgah/7911-06060-04	2026-08-31
P0_RECOVER_PRODUCT	RECOVER_308	Bulunamadı (404)	login_next_to_product	308->/en/shop/market-reyonlari/eq-rabbit-eq3	high	en	shop_pdp	market-reyonlari	eq-rabbit-eq3	/en/shop/market-reyonlari/eq-rabbit-eq3	True	True	https://equsto.com/en/login.html?next=/en/shop/market-reyonlari/eq-rabbit-eq3	2026-08-31
P0_RECOVER_PRODUCT	RECOVER_308	Bulunamadı (404)	login_next_to_product	308->/en/shop/hazirlik/5ksm7591xeer	high	en	shop_pdp	hazirlik	5ksm7591xeer	/en/shop/hazirlik/5ksm7591xeer	True	True	https://equsto.com/en/login.html?next=/en/shop/hazirlik/5ksm7591xeer	2026-08-31
P0_RECOVER_PRODUCT	RECOVER_308	Bulunamadı (404)	login_next_to_product	308->/en/shop/tezgah/7911-14060-09	high	en	shop_pdp	tezgah	7911-14060-09	/en/shop/tezgah/7911-14060-09	True	True	https://equsto.com/en/login.html?next=/en/shop/tezgah/7911-14060-09	2026-08-31
P0_RECOVER_PRODUCT	RECOVER_308	Bulunamadı (404)	login_next_to_product	308->/en/shop/tezgah/7910-10040-01	high	en	shop_pdp	tezgah	7910-10040-01	/en/shop/tezgah/7910-10040-01	True	True	https://equsto.com/en/login.html?next=/en/shop/tezgah/7910-10040-01	2026-08-31
P0_RECOVER_PRODUCT	RECOVER_308	Bulunamadı (404)	login_next_to_product	308->/en/shop/tezgah/7919-10lts-00	high	en	shop_pdp	tezgah	7919-10lts-00	/en/shop/tezgah/7919-10lts-00	True	True	https://equsto.com/en/login.html?next=/en/shop/tezgah/7919-10lts-00	2026-08-31
P0_RECOVER_PRODUCT	RECOVER_308	Bulunamadı (404)	login_next_to_product	308->/en/shop/tezgah/7754-246e5-23	high	en	shop_pdp	dolap	7754-246e5-23	/en/shop/tezgah/7754-246e5-23	True	True	https://equsto.com/en/login.html?next=/en/shop/dolap/7754-246e5-23	2026-08-31
P0_RECOVER_PRODUCT	RECOVER_308	Bulunamadı (404)	login_next_to_product	308->/en/shop/market-reyonlari/m037-6se	high	en	shop_pdp	market-reyonlari	m037-6se	/en/shop/market-reyonlari/m037-6se	True	True	https://equsto.com/en/login.html?next=/en/shop/market-reyonlari/m037-6se	2026-08-31
P0_RECOVER_PRODUCT	RECOVER_308	Bulunamadı (404)	login_next_to_product	308->/en/shop/yikama/7961-07429-5y5	high	en	shop_pdp	pisirme	7961-07429-5y5	/en/shop/yikama/7961-07429-5y5	True	True	https://equsto.com/en/login.html?next=/en/shop/pisirme/7961-07429-5y5	2026-08-31
P0_RECOVER_PRODUCT	RECOVER_308	Bulunamadı (404)	login_next_to_product	308->/en/shop/kahve/197-e61-s1	high	en	shop_pdp	kahve	197-e61-s1	/en/shop/kahve/197-e61-s1	True	True	https://equsto.com/en/login.html?next=/en/shop/kahve/197-e61-s1	2026-08-31
P0_RECOVER_PRODUCT	RECOVER_308	Bulunamadı (404)	login_next_to_product	308->/en/shop/sogutma/7919-df6045-00	high	en	shop_pdp	sogutma	7919-df6045-00	/en/shop/sogutma/7919-df6045-00	True	True	https://equsto.com/en/login.html?next=/en/shop/sogutma/7919-df6045-00	2026-08-31
P0_RECOVER_PRODUCT	RECOVER_308	Bulunamadı (404)	login_next_to_product	308->/en/shop/pisirme/371237	high	en	shop_pdp	pisirme	371237	/en/shop/pisirme/371237	True	True	https://equsto.com/en/login.html?next=/en/shop/pisirme/371237	2026-08-31
P0_RECOVER_PRODUCT	RECOVER_308	Bulunamadı (404)	login_next_to_product	308->/en/shop/tezgah/7754-217d5-25	high	en	shop_pdp	tezgah	7754-217d5-25	/en/shop/tezgah/7754-217d5-25	True	True	https://equsto.com/en/login.html?next=/en/shop/tezgah/7754-217d5-25	2026-08-31
P0_RECOVER_PRODUCT	RECOVER_308	Bulunamadı (404)	login_next_to_product	308->/en/shop/tezgah/7911-12060-28	high	en	shop_pdp	tezgah	7911-12060-28	/en/shop/tezgah/7911-12060-28	True	True	https://equsto.com/en/login.html?next=/en/shop/tezgah/7911-12060-28	2026-08-31
P0_RECOVER_PRODUCT	RECOVER_308	Bulunamadı (404)	login_next_to_product	308->/en/shop/tezgah/7911-12060-81	high	en	shop_pdp	tezgah	7911-12060-81	/en/shop/tezgah/7911-12060-81	True	True	https://equsto.com/en/login.html?next=/en/shop/tezgah/7911-12060-81	2026-08-31
P0_RECOVER_PRODUCT	RECOVER_308	Bulunamadı (404)	remap:wrong_brand_unique	308->/shop/davlumbaz/7885-55205-10	med	tr	shop_pdp	davlumbaz	pimak-55205-10	/shop/davlumbaz/7885-55205-10	False	True	https://equsto.com/shop/davlumbaz/pimak-55205-10	2026-08-31
P0_RECOVER_PRODUCT	RECOVER_308	Bulunamadı (404)	login_next_to_product	308->/en/shop/tezgah/7911-14070-30	high	en	shop_pdp	tezgah	7911-14070-30	/en/shop/tezgah/7911-14070-30	True	True	https://equsto.com/en/login.html?next=/en/shop/tezgah/7911-14070-30	2026-08-31
P0_RECOVER_PRODUCT	RECOVER_308	Bulunamadı (404)	login_next_to_product	308->/en/shop/pisirme/aaig-670	high	en	shop_pdp	pisirme	aaig-670	/en/shop/pisirme/aaig-670	True	True	https://equsto.com/en/login.html?next=/en/shop/pisirme/aaig-670	2026-08-31
P0_RECOVER_PRODUCT	RECOVER_308	Bulunamadı (404)	remap:wrong_brand_unique	308->/shop/davlumbaz/7885-30255-10	med	tr	shop_pdp	davlumbaz	pimak-30255-10	/shop/davlumbaz/7885-30255-10	False	True	https://equsto.com/shop/davlumbaz/pimak-30255-10	2026-08-31
P0_RECOVER_PRODUCT	RECOVER_308	Bulunamadı (404)	remap:wrong_brand_unique	308->/shop/davlumbaz/7885-30155-11	med	tr	shop_pdp	davlumbaz	pimak-30155-11	/shop/davlumbaz/7885-30155-11	False	True	https://equsto.com/shop/davlumbaz/pimak-30155-11	2026-08-31
P0_RECOVER_PRODUCT	RECOVER_308	Bulunamadı (404)	login_next_to_product	308->/en/shop/tezgah/7911-19060-24	high	en	shop_pdp	tezgah	7911-19060-24	/en/shop/tezgah/7911-19060-24	True	True	https://equsto.com/en/login.html?next=/en/shop/tezgah/7911-19060-24	2026-08-31
P0_RECOVER_PRODUCT	RECOVER_308	Bulunamadı (404)	remap:wrong_brand_unique	308->/en/shop/tezgah/7911-19060-52	med	en	shop_pdp	tezgah	pimak-19060-52	/en/shop/tezgah/7911-19060-52	False	True	https://equsto.com/en/shop/tezgah/pimak-19060-52	2026-08-31
P0_RECOVER_PRODUCT	RECOVER_308	Bulunamadı (404)	login_next_to_product	308->/en/shop/tasima/avatherm-400	high	en	shop_pdp	tasima	avatherm-400	/en/shop/tasima/avatherm-400	True	True	https://equsto.com/en/login.html?next=/en/shop/tasima/avatherm-400	2026-08-31
P0_RECOVER_PRODUCT	RECOVER_308	Bulunamadı (404)	login_next_to_product	308->/en/shop/sogutma/9805-sde18-00	high	en	shop_pdp	sogutma	9805-sde18-00	/en/shop/sogutma/9805-sde18-00	True	True	https://equsto.com/en/login.html?next=/en/shop/sogutma/9805-sde18-00	2026-08-31
P0_RECOVER_PRODUCT	RECOVER_308	Bulunamadı (404)	login_next_to_product	308->/en/shop/yikama/7961-07429-1y4	high	en	shop_pdp	pisirme	7961-07429-1y4	/en/shop/yikama/7961-07429-1y4	True	True	https://equsto.com/en/login.html?next=/en/shop/pisirme/7961-07429-1y4	2026-08-31
P0_RECOVER_PRODUCT	RECOVER_308	Bulunamadı (404)	remap:wrong_brand_unique	308->/shop/davlumbaz/7885-45205-10	med	tr	shop_pdp	davlumbaz	pimak-45205-10	/shop/davlumbaz/7885-45205-10	False	True	https://equsto.com/shop/davlumbaz/pimak-45205-10	2026-08-31
P0_RECOVER_PRODUCT	RECOVER_308	Bulunamadı (404)	login_next_to_product	308->/en/shop/pisirme/729631	high	en	shop_pdp	pisirme	729631	/en/shop/pisirme/729631	True	True	https://equsto.com/en/login.html?next=/en/shop/pisirme/729631	2026-08-31
P0_RECOVER_PRODUCT	RECOVER_308	Bulunamadı (404)	remap:wrong_brand_unique	308->/en/shop/davlumbaz/7885-60205-10	med	en	shop_pdp	davlumbaz	pimak-60205-10	/en/shop/davlumbaz/7885-60205-10	False	True	https://equsto.com/en/shop/davlumbaz/pimak-60205-10	2026-08-31
P0_RECOVER_PRODUCT	RECOVER_308	Bulunamadı (404)	remap:wrong_brand_unique	308->/en/shop/davlumbaz/7885-30105-11	med	en	shop_pdp	davlumbaz	pimak-30105-11	/en/shop/davlumbaz/7885-30105-11	False	True	https://equsto.com/en/shop/davlumbaz/pimak-30105-11	2026-08-31
P0_RECOVER_PRODUCT	RECOVER_308	Bulunamadı (404)	login_next_to_product	308->/en/shop/hazirlik/208-653774-j3x	high	en	shop_pdp	hazirlik	208-653774-j3x	/en/shop/hazirlik/208-653774-j3x	True	True	https://equsto.com/en/login.html?next=/en/shop/hazirlik/208-653774-j3x	2026-08-31
P0_RECOVER_PRODUCT	RECOVER_308	Bulunamadı (404)	login_next_to_product	308->/en/shop/tezgah/7911-12060-95	high	en	shop_pdp	tezgah	7911-12060-95	/en/shop/tezgah/7911-12060-95	True	True	https://equsto.com/en/login.html?next=/en/shop/tezgah/7911-12060-95	2026-08-31
P0_RECOVER_PRODUCT	RECOVER_308	Bulunamadı (404)	login_next_to_product	308->/en/shop/istif/46-x-137-x-183-304l	high	en	shop_pdp	istif	46-x-137-x-183-304l	/en/shop/istif/46-x-137-x-183-304l	True	True	https://equsto.com/en/login.html?next=/en/shop/istif/46-x-137-x-183-304l	2026-08-31
P0_RECOVER_PRODUCT	RECOVER_308	Bulunamadı (404)	login_next_to_product	308->/en/shop/tezgah/eq-kct07-11070	high	en	shop_pdp	tezgah	eq-kct07-11070	/en/shop/tezgah/eq-kct07-11070	True	True	https://equsto.com/en/login.html?next=/en/shop/tezgah/eq-kct07-11070	2026-08-31
P0_RECOVER_PRODUCT	RECOVER_308	Bulunamadı (404)	login_next_to_product	308->/en/shop/pisirme/npicco56-1	high	en	shop_pdp	pisirme	npicco56-1	/en/shop/pisirme/npicco56-1	True	True	https://equsto.com/en/login.html?next=/en/shop/pisirme/npicco56-1	2026-08-31
P0_RECOVER_PRODUCT	RECOVER_308	Bulunamadı (404)	login_next_to_product	308->/en/shop/pisirme/npicco69-1	high	en	shop_pdp	pisirme	npicco69-1	/en/shop/pisirme/npicco69-1	True	True	https://equsto.com/en/login.html?next=/en/shop/pisirme/npicco69-1	2026-08-31
P0_RECOVER_PRODUCT	RECOVER_308	Bulunamadı (404)	login_next_to_product	308->/en/shop/set-ustu-mutfak/0420-42285-01	high	en	shop_pdp	set-ustu-mutfak	0420-42285-01	/en/shop/set-ustu-mutfak/0420-42285-01	True	True	https://equsto.com/en/login.html?next=/en/shop/set-ustu-mutfak/0420-42285-01	2026-08-31
P0_RECOVER_PRODUCT	RECOVER_308	Bulunamadı (404)	login_next_to_product	308->/en/shop/pisirme/206377	high	en	shop_pdp	pisirme	206377	/en/shop/pisirme/206377	True	True	https://equsto.com/en/login.html?next=/en/shop/pisirme/206377	2026-08-31
P0_RECOVER_PRODUCT	RECOVER_308	Bulunamadı (404)	login_next_to_product	308->/en/shop/set-ustu-mutfak/0311-24100-30	high	en	shop_pdp	set-ustu-mutfak	0311-24100-30	/en/shop/set-ustu-mutfak/0311-24100-30	True	True	https://equsto.com/en/login.html?next=/en/shop/set-ustu-mutfak/0311-24100-30	2026-08-31
P0_RECOVER_PRODUCT	RECOVER_308	Bulunamadı (404)	remap:wrong_brand_unique	308->/shop/davlumbaz/7885-20155-01	med	tr	shop_pdp	davlumbaz	equsto-20155-01	/shop/davlumbaz/7885-20155-01	False	True	https://equsto.com/shop/davlumbaz/equsto-20155-01	2026-08-31
P0_RECOVER_PRODUCT	RECOVER_308	Bulunamadı (404)	login_next_to_product	308->/en/shop/tezgah/7911-14070-96	high	en	shop_pdp	dolap	7911-14070-96	/en/shop/tezgah/7911-14070-96	True	True	https://equsto.com/en/login.html?next=/en/shop/dolap/7911-14070-96	2026-08-31
P0_RECOVER_PRODUCT	RECOVER_308	Bulunamadı (404)	remap:wrong_brand_unique	308->/en/shop/davlumbaz/7885-15105-11	med	en	shop_pdp	davlumbaz	pimak-15105-11	/en/shop/davlumbaz/7885-15105-11	False	True	https://equsto.com/en/shop/davlumbaz/pimak-15105-11	2026-08-31
P0_RECOVER_PRODUCT	RECOVER_308	Bulunamadı (404)	login_next_to_product	308->/en/shop/sogutma/bre-vm900a	high	en	shop_pdp	sogutma	bre-vm900a	/en/shop/sogutma/bre-vm900a	True	True	https://equsto.com/en/login.html?next=/en/shop/sogutma/bre-vm900a	2026-08-31
P0_RECOVER_PRODUCT	RECOVER_308	Bulunamadı (404)	remap:wrong_brand_unique	308->/shop/davlumbaz/7885-20155-01	med	tr	shop_pdp	davlumbaz	pimak-20155-01	/shop/davlumbaz/7885-20155-01	False	True	https://equsto.com/shop/davlumbaz/pimak-20155-01	2026-08-31
P0_RECOVER_PRODUCT	RECOVER_308	Bulunamadı (404)	login_next_to_product	308->/en/shop/pisirme/spr57	high	en	shop_pdp	pisirme	spr57	/en/shop/pisirme/spr57	True	True	https://equsto.com/en/login.html?next=/en/shop/pisirme/spr57	2026-08-31
P0_RECOVER_PRODUCT	RECOVER_308	Bulunamadı (404)	login_next_to_product	308->/en/shop/set-ustu-mutfak/0420-03625-11	high	en	shop_pdp	set-ustu-mutfak	0420-03625-11	/en/shop/set-ustu-mutfak/0420-03625-11	True	True	https://equsto.com/en/login.html?next=/en/shop/set-ustu-mutfak/0420-03625-11	2026-08-31
P0_RECOVER_PRODUCT	RECOVER_308	Bulunamadı (404)	login_next_to_product	308->/en/shop/pisirme/npicco63-1	high	en	shop_pdp	pisirme	npicco63-1	/en/shop/pisirme/npicco63-1	True	True	https://equsto.com/en/login.html?next=/en/shop/pisirme/npicco63-1	2026-08-31
P0_RECOVER_PRODUCT	RECOVER_308	Bulunamadı (404)	remap:wrong_brand_unique	308->/en/shop/tezgah/7868-16608-23	med	en	shop_pdp	tezgah	pimak-16608-23	/en/shop/tezgah/7868-16608-23	False	True	https://equsto.com/en/shop/tezgah/pimak-16608-23	2026-08-31
P0_RECOVER_PRODUCT	RECOVER_308	Bulunamadı (404)	login_next_to_product	308->/en/shop/market-reyonlari/eq-falcon-sld-eq83	high	en	shop_pdp	market-reyonlari	eq-falcon-sld-eq83	/en/shop/market-reyonlari/eq-falcon-sld-eq83	True	True	https://equsto.com/en/login.html?next=/en/shop/market-reyonlari/eq-falcon-sld-eq83	2026-08-31
P0_RECOVER_PRODUCT	RECOVER_308	Bulunamadı (404)	remap:wrong_brand_unique	308->/en/shop/davlumbaz/7885-45155-01	med	en	shop_pdp	davlumbaz	pimak-45155-01	/en/shop/davlumbaz/7885-45155-01	False	True	https://equsto.com/en/shop/davlumbaz/pimak-45155-01	2026-08-31
P0_RECOVER_PRODUCT	RECOVER_308	Bulunamadı (404)	login_next_to_product	308->/en/shop/sogutma/bre-ic24ahc	high	en	shop_pdp	sogutma	bre-ic24ahc	/en/shop/sogutma/bre-ic24ahc	True	True	https://equsto.com/en/login.html?next=/en/shop/sogutma/bre-ic24ahc	2026-08-31
P0_RECOVER_PRODUCT	RECOVER_308	Bulunamadı (404)	remap:wrong_brand_unique	308->/shop/davlumbaz/7885-35155-10	med	tr	shop_pdp	davlumbaz	pimak-35155-10	/shop/davlumbaz/7885-35155-10	False	True	https://equsto.com/shop/davlumbaz/pimak-35155-10	2026-08-31
P0_RECOVER_PRODUCT	RECOVER_308	Bulunamadı (404)	login_next_to_product	308->/en/shop/tezgah/7911-19070-23p	high	en	shop_pdp	tezgah	7911-19070-23p	/en/shop/tezgah/7911-19070-23p	True	True	https://equsto.com/en/login.html?next=/en/shop/tezgah/7911-19070-23p	2026-08-31
P0_RECOVER_PRODUCT	RECOVER_308	Bulunamadı (404)	login_next_to_product	308->/en/shop/kahve/vkd-25k	high	en	shop_pdp	kahve	vkd-25k	/en/shop/kahve/vkd-25k	True	True	https://equsto.com/en/login.html?next=/en/shop/kahve/vkd-25k	2026-08-31
P0_RECOVER_PRODUCT	RECOVER_308	Bulunamadı (404)	remap:wrong_brand_unique	308->/shop/tezgah/7911-10070-04	med	tr	shop_pdp	tezgah	pimak-10070-04	/shop/tezgah/7911-10070-04	False	True	https://equsto.com/shop/tezgah/pimak-10070-04	2026-08-31
P0_RECOVER_PRODUCT	RECOVER_308	Bulunamadı (404)	remap:wrong_brand_unique	308->/en/shop/tezgah/7911-14060-13	med	en	shop_pdp	tezgah	pimak-14060-13	/en/shop/tezgah/7911-14060-13	False	True	https://equsto.com/en/shop/tezgah/pimak-14060-13	2026-08-31
P0_RECOVER_PRODUCT	RECOVER_308	Bulunamadı (404)	remap:wrong_brand_unique	308->/en/shop/davlumbaz/7885-30125-01	med	en	shop_pdp	davlumbaz	pimak-30125-01	/en/shop/davlumbaz/7885-30125-01	False	True	https://equsto.com/en/shop/davlumbaz/pimak-30125-01	2026-08-31
P0_RECOVER_PRODUCT	RECOVER_308	Bulunamadı (404)	remap:wrong_brand_unique	308->/en/shop/tezgah/7911-12060-08	med	en	shop_pdp	tezgah	pimak-12060-08	/en/shop/tezgah/7911-12060-08	False	True	https://equsto.com/en/shop/tezgah/pimak-12060-08	2026-08-31
P0_RECOVER_PRODUCT	RECOVER_308	Bulunamadı (404)	login_next_to_product	308->/en/shop/pisirme/npicco901	high	en	shop_pdp	pisirme	npicco901	/en/shop/pisirme/npicco901	True	True	https://equsto.com/en/login.html?next=/en/shop/pisirme/npicco901	2026-08-31
P0_RECOVER_PRODUCT	RECOVER_308	Bulunamadı (404)	login_next_to_product	308->/en/shop/davlumbaz/7885-30155-12	high	en	shop_pdp	davlumbaz	7885-30155-12	/en/shop/davlumbaz/7885-30155-12	True	True	https://equsto.com/en/login.html?next=/en/shop/davlumbaz/7885-30155-12	2026-08-30
P0_RECOVER_PRODUCT	RECOVER_308	Bulunamadı (404)	login_next_to_product	308->/en/shop/sogutma/gb-1540-a-hc	high	en	shop_pdp	sogutma	gb-1540-a-hc	/en/shop/sogutma/gb-1540-a-hc	True	True	https://equsto.com/en/login.html?next=/en/shop/sogutma/gb-1540-a-hc	2026-08-30
P0_RECOVER_PRODUCT	RECOVER_308	Bulunamadı (404)	login_next_to_product	308->/en/shop/pisirme/7865-n1-80703-35lp	high	en	shop_pdp	pisirme	7865-n1-80703-35lp	/en/shop/pisirme/7865-n1-80703-35lp	True	True	https://equsto.com/en/login.html?next=/en/shop/pisirme/7865-n1-80703-35lp	2026-08-30
P0_RECOVER_PRODUCT	RECOVER_308	Bulunamadı (404)	remap:wrong_brand_unique	308->/en/shop/davlumbaz/7885-20155-11	med	en	shop_pdp	davlumbaz	pimak-20155-11	/en/shop/davlumbaz/7885-20155-11	False	True	https://equsto.com/en/shop/davlumbaz/pimak-20155-11	2026-08-30
P0_RECOVER_PRODUCT	RECOVER_308	Bulunamadı (404)	login_next_to_product	308->/en/shop/tezgah/7754-167c8-13	high	en	shop_pdp	tezgah	7754-167c8-13	/en/shop/tezgah/7754-167c8-13	True	True	https://equsto.com/en/login.html?next=/en/shop/tezgah/7754-167c8-13	2026-08-30
P0_RECOVER_PRODUCT	RECOVER_308	Bulunamadı (404)	login_next_to_product	308->/en/shop/tezgah/7754-186e5-25	high	en	shop_pdp	tezgah	7754-186e5-25	/en/shop/tezgah/7754-186e5-25	True	True	https://equsto.com/en/login.html?next=/en/shop/tezgah/7754-186e5-25	2026-08-30
P0_RECOVER_PRODUCT	RECOVER_308	Bulunamadı (404)	login_next_to_product	308->/en/shop/tezgah/7758-067c8-01	high	en	shop_pdp	tezgah	7758-067c8-01	/en/shop/tezgah/7758-067c8-01	True	True	https://equsto.com/en/login.html?next=/en/shop/tezgah/7758-067c8-01	2026-08-30
P0_RECOVER_PRODUCT	RECOVER_308	Bulunamadı (404)	login_next_to_product	308->/en/shop/tezgah/7758-166a5-21	high	en	shop_pdp	tezgah	7758-166a5-21	/en/shop/tezgah/7758-166a5-21	True	True	https://equsto.com/en/login.html?next=/en/shop/tezgah/7758-166a5-21	2026-08-30
P0_RECOVER_PRODUCT	RECOVER_308	Bulunamadı (404)	remap:wrong_brand_unique	308->/shop/tezgah/7868-16608-23	med	tr	shop_pdp	tezgah	pimak-16608-23	/shop/tezgah/7868-16608-23	False	True	https://equsto.com/shop/tezgah/pimak-16608-23	2026-08-30
P0_RECOVER_PRODUCT	RECOVER_308	Bulunamadı (404)	remap:wrong_brand_unique	308->/shop/tezgah/7911-12060-31	med	tr	shop_pdp	tezgah	pimak-12060-31	/shop/tezgah/7911-12060-31	False	True	https://equsto.com/shop/tezgah/pimak-12060-31	2026-08-30
P0_RECOVER_PRODUCT	RECOVER_308	Bulunamadı (404)	login_next_to_product	308->/en/shop/sogutma/7919-cr5040-00	high	en	shop_pdp	sogutma	7919-cr5040-00	/en/shop/sogutma/7919-cr5040-00	True	True	https://equsto.com/en/login.html?next=/en/shop/sogutma/7919-cr5040-00	2026-08-30
P0_RECOVER_PRODUCT	RECOVER_308	Bulunamadı (404)	remap:wrong_brand_unique	308->/en/shop/tezgah/7911-14060-12	med	en	shop_pdp	tezgah	pimak-14060-12	/en/shop/tezgah/7911-14060-12	False	True	https://equsto.com/en/shop/tezgah/pimak-14060-12	2026-08-30
P0_RECOVER_PRODUCT	RECOVER_308	Bulunamadı (404)	remap:wrong_brand_unique	308->/en/shop/tezgah/7868-12708-23	med	en	shop_pdp	tezgah	pimak-12708-23	/en/shop/tezgah/7868-12708-23	False	True	https://equsto.com/en/shop/tezgah/pimak-12708-23	2026-08-30
P0_RECOVER_PRODUCT	RECOVER_308	Bulunamadı (404)	login_next_to_product	308->/en/shop/pisirme/adgc-5s	high	en	shop_pdp	pisirme	adgc-5s	/en/shop/pisirme/adgc-5s	True	True	https://equsto.com/en/login.html?next=/en/shop/pisirme/adgc-5s	2026-08-30
P0_RECOVER_PRODUCT	RECOVER_308	Bulunamadı (404)	remap:wrong_brand_unique	308->/shop/tezgah/7911-06060-91	med	tr	shop_pdp	tezgah	pimak-06060-91	/shop/tezgah/7911-06060-91	False	True	https://equsto.com/shop/tezgah/pimak-06060-91	2026-08-30
P0_RECOVER_PRODUCT	RECOVER_308	Bulunamadı (404)	remap:wrong_brand_unique	308->/en/shop/tezgah/7911-16060-15	med	en	shop_pdp	tezgah	pimak-16060-15	/en/shop/tezgah/7911-16060-15	False	True	https://equsto.com/en/shop/tezgah/pimak-16060-15	2026-08-30
P0_RECOVER_PRODUCT	RECOVER_308	Bulunamadı (404)	remap:wrong_brand_unique	308->/en/shop/davlumbaz/7885-50255-10	med	en	shop_pdp	davlumbaz	pimak-50255-10	/en/shop/davlumbaz/7885-50255-10	False	True	https://equsto.com/en/shop/davlumbaz/pimak-50255-10	2026-08-30
P0_RECOVER_PRODUCT	RECOVER_308	Bulunamadı (404)	login_next_to_product	308->/en/shop/yikama/502072	high	en	shop_pdp	yikama	502072	/en/shop/yikama/502072	True	True	https://equsto.com/en/login.html?next=/en/shop/yikama/502072	2026-08-30
P0_RECOVER_PRODUCT	RECOVER_308	Bulunamadı (404)	login_next_to_product	308->/en/shop/set-ustu-mutfak/8350-31044-0s	high	en	shop_pdp	set-ustu-mutfak	8350-31044-0s	/en/shop/set-ustu-mutfak/8350-31044-0s	True	True	https://equsto.com/en/login.html?next=/en/shop/set-ustu-mutfak/8350-31044-0s	2026-08-30
P0_RECOVER_PRODUCT	RECOVER_308	Bulunamadı (404)	remap:wrong_brand_unique	308->/shop/davlumbaz/7885-35105-11	med	tr	shop_pdp	davlumbaz	pimak-35105-11	/shop/davlumbaz/7885-35105-11	False	True	https://equsto.com/shop/davlumbaz/pimak-35105-11	2026-08-30
P0_RECOVER_PRODUCT	RECOVER_308	Bulunamadı (404)	remap:wrong_brand_unique	308->/shop/davlumbaz/7885-25205-00	med	tr	shop_pdp	davlumbaz	pimak-25205-00	/shop/davlumbaz/7885-25205-00	False	True	https://equsto.com/shop/davlumbaz/pimak-25205-00	2026-08-30
P0_RECOVER_PRODUCT	RECOVER_308	Bulunamadı (404)	login_next_to_product	308->/en/shop/pisirme/ino-zmd-9he10s	high	en	shop_pdp	pisirme	ino-zmd-9he10s	/en/shop/pisirme/ino-zmd-9he10s	True	True	https://equsto.com/en/login.html?next=/en/shop/pisirme/ino-zmd-9he10s	2026-08-30
P0_RECOVER_PRODUCT	RECOVER_308	Bulunamadı (404)	login_next_to_product	308->/en/shop/yikama/7960-16229-5y2	high	en	shop_pdp	pisirme	7960-16229-5y2	/en/shop/yikama/7960-16229-5y2	True	True	https://equsto.com/en/login.html?next=/en/shop/pisirme/7960-16229-5y2	2026-08-30
P0_RECOVER_PRODUCT	RECOVER_308	Bulunamadı (404)	login_next_to_product	308->/en/shop/pisirme/371295	high	en	shop_pdp	pisirme	371295	/en/shop/pisirme/371295	True	True	https://equsto.com/en/login.html?next=/en/shop/pisirme/371295	2026-08-30
P0_RECOVER_PRODUCT	RECOVER_308	Bulunamadı (404)	remap:wrong_brand_unique	308->/en/shop/davlumbaz/7885-30125-11	med	en	shop_pdp	davlumbaz	equsto-30125-11	/en/shop/davlumbaz/7885-30125-11	False	True	https://equsto.com/en/shop/davlumbaz/equsto-30125-11	2026-08-30
P0_RECOVER_PRODUCT	RECOVER_308	Bulunamadı (404)	remap:wrong_brand_unique	308->/en/shop/davlumbaz/7885-30105-01	med	en	shop_pdp	davlumbaz	pimak-30105-01	/en/shop/davlumbaz/7885-30105-01	False	True	https://equsto.com/en/shop/davlumbaz/pimak-30105-01	2026-08-30
P0_RECOVER_PRODUCT	RECOVER_308	Bulunamadı (404)	remap:wrong_brand_unique	308->/en/shop/tezgah/7911-09070-08	med	en	shop_pdp	tezgah	pimak-09070-08	/en/shop/tezgah/7911-09070-08	False	True	https://equsto.com/en/shop/tezgah/pimak-09070-08	2026-08-30
P0_RECOVER_PRODUCT	RECOVER_308	Bulunamadı (404)	login_next_to_product	308->/en/shop/tezgah/7712-12090-01	high	en	shop_pdp	tezgah	7712-12090-01	/en/shop/tezgah/7712-12090-01	True	True	https://equsto.com/en/login.html?next=/en/shop/tezgah/7712-12090-01	2026-08-30
P0_RECOVER_PRODUCT	RECOVER_308	Bulunamadı (404)	login_next_to_product	308->/en/shop/market-reyonlari/eq-falcon-sld-eq95	high	en	shop_pdp	market-reyonlari	eq-falcon-sld-eq95	/en/shop/market-reyonlari/eq-falcon-sld-eq95	True	True	https://equsto.com/en/login.html?next=/en/shop/market-reyonlari/eq-falcon-sld-eq95	2026-08-30
P0_RECOVER_PRODUCT	RECOVER_308	Bulunamadı (404)	login_next_to_product	308->/en/shop/market-reyonlari/eq-falcon-eq131	high	en	shop_pdp	market-reyonlari	eq-falcon-eq131	/en/shop/market-reyonlari/eq-falcon-eq131	True	True	https://equsto.com/en/login.html?next=/en/shop/market-reyonlari/eq-falcon-eq131	2026-08-30
P0_RECOVER_PRODUCT	RECOVER_308	Bulunamadı (404)	login_next_to_product	308->/en/shop/yikama/7960-16229-7o3	high	en	shop_pdp	pisirme	7960-16229-7o3	/en/shop/yikama/7960-16229-7o3	True	True	https://equsto.com/en/login.html?next=/en/shop/pisirme/7960-16229-7o3	2026-08-30
P0_RECOVER_PRODUCT	RECOVER_308	Bulunamadı (404)	login_next_to_product	308->/en/shop/sogutma/8919-oef40-aps	high	en	shop_pdp	sogutma	8919-oef40-aps	/en/shop/sogutma/8919-oef40-aps	True	True	https://equsto.com/en/login.html?next=/en/shop/sogutma/8919-oef40-aps	2026-08-30
P0_RECOVER_PRODUCT	RECOVER_308	Bulunamadı (404)	login_next_to_product	308->/en/shop/yikama/7960-09429-1o1	high	en	shop_pdp	pisirme	7960-09429-1o1	/en/shop/yikama/7960-09429-1o1	True	True	https://equsto.com/en/login.html?next=/en/shop/pisirme/7960-09429-1o1	2026-08-30
P0_RECOVER_PRODUCT	RECOVER_308	Bulunamadı (404)	login_next_to_product	308->/en/shop/istif/53-x-137-x-183-201	high	en	shop_pdp	istif	53-x-137-x-183-201	/en/shop/istif/53-x-137-x-183-201	True	True	https://equsto.com/en/login.html?next=/en/shop/istif/53-x-137-x-183-201	2026-08-30
P0_RECOVER_PRODUCT	RECOVER_308	Bulunamadı (404)	login_next_to_product	308->/en/shop/set-ustu-mutfak/0211-45605-13	high	en	shop_pdp	set-ustu-mutfak	0211-45605-13	/en/shop/set-ustu-mutfak/0211-45605-13	True	True	https://equsto.com/en/login.html?next=/en/shop/set-ustu-mutfak/0211-45605-13	2026-08-30
P0_RECOVER_PRODUCT	RECOVER_308	Bulunamadı (404)	login_next_to_product	308->/en/shop/istif/8897-36900-p0	high	en	shop_pdp	istif	8897-36900-p0	/en/shop/istif/8897-36900-p0	True	True	https://equsto.com/en/login.html?next=/en/shop/istif/8897-36900-p0	2026-08-30
P0_RECOVER_PRODUCT	RECOVER_308	Bulunamadı (404)	login_next_to_product	308->/en/shop/tezgah/7758-077d8-01	high	en	shop_pdp	tezgah	7758-077d8-01	/en/shop/tezgah/7758-077d8-01	True	True	https://equsto.com/en/login.html?next=/en/shop/tezgah/7758-077d8-01	2026-08-30
P0_RECOVER_PRODUCT	RECOVER_308	Bulunamadı (404)	login_next_to_product	308->/en/shop/tezgah/7758-056a8-01	high	en	shop_pdp	tezgah	7758-056a8-01	/en/shop/tezgah/7758-056a8-01	True	True	https://equsto.com/en/login.html?next=/en/shop/tezgah/7758-056a8-01	2026-08-30
P0_RECOVER_PRODUCT	RECOVER_308	Bulunamadı (404)	login_next_to_product	308->/en/shop/tezgah/7758-187cb-21	high	en	shop_pdp	tezgah	7758-187cb-21	/en/shop/tezgah/7758-187cb-21	True	True	https://equsto.com/en/login.html?next=/en/shop/tezgah/7758-187cb-21	2026-08-30
P0_RECOVER_PRODUCT	RECOVER_308	Bulunamadı (404)	login_next_to_product	308->/en/shop/tezgah/7911-09070-82	high	en	shop_pdp	tezgah	7911-09070-82	/en/shop/tezgah/7911-09070-82	True	True	https://equsto.com/en/login.html?next=/en/shop/tezgah/7911-09070-82	2026-08-30
P0_RECOVER_PRODUCT	RECOVER_308	Bulunamadı (404)	remap:wrong_brand_unique	308->/en/shop/tezgah/7911-14070-56	med	en	shop_pdp	tezgah	pimak-14070-56	/en/shop/tezgah/7911-14070-56	False	True	https://equsto.com/en/shop/tezgah/pimak-14070-56	2026-08-30
P0_RECOVER_PRODUCT	RECOVER_308	Bulunamadı (404)	login_next_to_product	308->/en/shop/pisirme/371214	high	en	shop_pdp	pisirme	371214	/en/shop/pisirme/371214	True	True	https://equsto.com/en/login.html?next=/en/shop/pisirme/371214	2026-08-30
P0_RECOVER_PRODUCT	RECOVER_308	Bulunamadı (404)	login_next_to_product	308->/en/shop/davlumbaz/7885-25205-10	high	en	shop_pdp	davlumbaz	7885-25205-10	/en/shop/davlumbaz/7885-25205-10	True	True	https://equsto.com/en/login.html?next=/en/shop/davlumbaz/7885-25205-10	2026-08-30
P0_RECOVER_PRODUCT	RECOVER_308	Bulunamadı (404)	remap:wrong_brand_unique	308->/en/shop/tezgah/7911-06070-00	med	en	shop_pdp	tezgah	pimak-06070-00	/en/shop/tezgah/7911-06070-00	False	True	https://equsto.com/en/shop/tezgah/pimak-06070-00	2026-08-30
P0_RECOVER_PRODUCT	RECOVER_308	Bulunamadı (404)	login_next_to_product	308->/en/shop/tezgah/7911-06060-79	high	en	shop_pdp	dolap	7911-06060-79	/en/shop/tezgah/7911-06060-79	True	True	https://equsto.com/en/login.html?next=/en/shop/dolap/7911-06060-79	2026-08-30
P0_RECOVER_PRODUCT	RECOVER_308	Bulunamadı (404)	remap:wrong_brand_unique	308->/en/shop/davlumbaz/7885-25205-00	med	en	shop_pdp	davlumbaz	pimak-25205-00	/en/shop/davlumbaz/7885-25205-00	False	True	https://equsto.com/en/shop/davlumbaz/pimak-25205-00	2026-08-30
P0_RECOVER_PRODUCT	RECOVER_308	Bulunamadı (404)	remap:wrong_brand_unique	308->/en/shop/davlumbaz/7885-20155-10	med	en	shop_pdp	davlumbaz	pimak-20155-10	/en/shop/davlumbaz/7885-20155-10	False	True	https://equsto.com/en/shop/davlumbaz/pimak-20155-10	2026-08-30
P0_RECOVER_PRODUCT	RECOVER_308	Bulunamadı (404)	login_next_to_product	308->/en/shop/pisirme/npicco25-2	high	en	shop_pdp	pisirme	npicco25-2	/en/shop/pisirme/npicco25-2	True	True	https://equsto.com/en/login.html?next=/en/shop/pisirme/npicco25-2	2026-08-30
P0_RECOVER_PRODUCT	RECOVER_308	Bulunamadı (404)	remap:wrong_brand_unique	308->/shop/davlumbaz/7885-55155-10	med	tr	shop_pdp	davlumbaz	pimak-55155-10	/shop/davlumbaz/7885-55155-10	False	True	https://equsto.com/shop/davlumbaz/pimak-55155-10	2026-08-30
P0_RECOVER_PRODUCT	RECOVER_308	Bulunamadı (404)	remap:wrong_brand_unique	308->/en/shop/davlumbaz/7885-60155-10	med	en	shop_pdp	davlumbaz	pimak-60155-10	/en/shop/davlumbaz/7885-60155-10	False	True	https://equsto.com/en/shop/davlumbaz/pimak-60155-10	2026-08-30
P0_RECOVER_PRODUCT	RECOVER_308	Bulunamadı (404)	remap:wrong_brand_unique	308->/en/shop/davlumbaz/7885-45255-10	med	en	shop_pdp	davlumbaz	pimak-45255-10	/en/shop/davlumbaz/7885-45255-10	False	True	https://equsto.com/en/shop/davlumbaz/pimak-45255-10	2026-08-30
P0_RECOVER_PRODUCT	RECOVER_308	Bulunamadı (404)	remap:wrong_brand_unique	308->/en/shop/davlumbaz/7885-12125-01	med	en	shop_pdp	davlumbaz	pimak-12125-01	/en/shop/davlumbaz/7885-12125-01	False	True	https://equsto.com/en/shop/davlumbaz/pimak-12125-01	2026-08-30
P0_RECOVER_PRODUCT	RECOVER_308	Bulunamadı (404)	remap:wrong_brand_unique	308->/en/shop/davlumbaz/7885-45205-10	med	en	shop_pdp	davlumbaz	pimak-45205-10	/en/shop/davlumbaz/7885-45205-10	False	True	https://equsto.com/en/shop/davlumbaz/pimak-45205-10	2026-08-30
P0_RECOVER_PRODUCT	RECOVER_308	Bulunamadı (404)	login_next_to_product	308->/en/shop/set-ustu-mutfak/m070	high	en	shop_pdp	set-ustu-mutfak	m070	/en/shop/set-ustu-mutfak/m070	True	True	https://equsto.com/en/login.html?next=/en/shop/set-ustu-mutfak/m070	2026-08-30
P0_RECOVER_PRODUCT	RECOVER_308	Bulunamadı (404)	remap:wrong_brand_unique	308->/en/shop/davlumbaz/7885-35125-01	med	en	shop_pdp	davlumbaz	pimak-35125-01	/en/shop/davlumbaz/7885-35125-01	False	True	https://equsto.com/en/shop/davlumbaz/pimak-35125-01	2026-08-30
P0_RECOVER_PRODUCT	RECOVER_308	Bulunamadı (404)	remap:wrong_brand_unique	308->/en/shop/tezgah/7911-19070-15	med	en	shop_pdp	tezgah	pimak-19070-15	/en/shop/tezgah/7911-19070-15	False	True	https://equsto.com/en/shop/tezgah/pimak-19070-15	2026-08-30
P0_RECOVER_PRODUCT	RECOVER_308	Bulunamadı (404)	remap:wrong_brand_unique	308->/en/shop/davlumbaz/7885-30155-01	med	en	shop_pdp	davlumbaz	pimak-30155-01	/en/shop/davlumbaz/7885-30155-01	False	True	https://equsto.com/en/shop/davlumbaz/pimak-30155-01	2026-08-30
P0_RECOVER_PRODUCT	RECOVER_308	Bulunamadı (404)	login_next_to_product	308->/en/shop/tezgah/7758-197c5-25	high	en	shop_pdp	dolap	7758-197c5-25	/en/shop/tezgah/7758-197c5-25	True	True	https://equsto.com/en/login.html?next=/en/shop/dolap/7758-197c5-25	2026-08-29
P0_RECOVER_PRODUCT	RECOVER_308	Bulunamadı (404)	remap:wrong_brand_unique	308->/shop/davlumbaz/7885-30205-10	med	tr	shop_pdp	davlumbaz	pimak-30205-10	/shop/davlumbaz/7885-30205-10	False	True	https://equsto.com/shop/davlumbaz/pimak-30205-10	2026-08-29
P0_RECOVER_PRODUCT	RECOVER_308	Bulunamadı (404)	remap:wrong_brand_unique	308->/shop/davlumbaz/7885-40155-01	med	tr	shop_pdp	davlumbaz	pimak-40155-01	/shop/davlumbaz/7885-40155-01	False	True	https://equsto.com/shop/davlumbaz/pimak-40155-01	2026-08-29
P0_RECOVER_PRODUCT	RECOVER_308	Bulunamadı (404)	remap:wrong_brand_unique	308->/en/shop/tezgah/7911-16070-31	med	en	shop_pdp	tezgah	pimak-16070-31	/en/shop/tezgah/7911-16070-31	False	True	https://equsto.com/en/shop/tezgah/pimak-16070-31	2026-08-29
P0_RECOVER_PRODUCT	RECOVER_308	Bulunamadı (404)	remap:wrong_brand_unique	308->/en/shop/davlumbaz/7885-20125-11	med	en	shop_pdp	davlumbaz	pimak-20125-11	/en/shop/davlumbaz/7885-20125-11	False	True	https://equsto.com/en/shop/davlumbaz/pimak-20125-11	2026-08-29
P0_RECOVER_PRODUCT	RECOVER_308	Bulunamadı (404)	login_next_to_product	308->/en/shop/market-reyonlari/eq-falcon-eq50	high	en	shop_pdp	market-reyonlari	eq-falcon-eq50	/en/shop/market-reyonlari/eq-falcon-eq50	True	True	https://equsto.com/en/login.html?next=/en/shop/market-reyonlari/eq-falcon-eq50	2026-08-29
P0_RECOVER_PRODUCT	RECOVER_308	Bulunamadı (404)	login_next_to_product	308->/en/shop/pisirme/ino-zmd-9og20	high	en	shop_pdp	pisirme	ino-zmd-9og20	/en/shop/pisirme/ino-zmd-9og20	True	True	https://equsto.com/en/login.html?next=/en/shop/pisirme/ino-zmd-9og20	2026-08-29
P0_RECOVER_PRODUCT	RECOVER_308	Bulunamadı (404)	remap:wrong_brand_unique	308->/shop/davlumbaz/7885-45255-10	med	tr	shop_pdp	davlumbaz	pimak-45255-10	/shop/davlumbaz/7885-45255-10	False	True	https://equsto.com/shop/davlumbaz/pimak-45255-10	2026-08-29
P0_RECOVER_PRODUCT	RECOVER_308	Bulunamadı (404)	login_next_to_product	308->/en/shop/tezgah/7911-12070-15	high	en	shop_pdp	tezgah	7911-12070-15	/en/shop/tezgah/7911-12070-15	True	True	https://equsto.com/en/login.html?next=/en/shop/tezgah/7911-12070-15	2026-08-29
P0_RECOVER_PRODUCT	RECOVER_308	Bulunamadı (404)	remap:wrong_brand_unique	308->/en/shop/davlumbaz/7885-25155-10	med	en	shop_pdp	davlumbaz	pimak-25155-10	/en/shop/davlumbaz/7885-25155-10	False	True	https://equsto.com/en/shop/davlumbaz/pimak-25155-10	2026-08-29
P0_RECOVER_PRODUCT	RECOVER_308	Bulunamadı (404)	remap:wrong_brand_unique	308->/shop/tezgah/7911-16060-15	med	tr	shop_pdp	tezgah	pimak-16060-15	/shop/tezgah/7911-16060-15	False	True	https://equsto.com/shop/tezgah/pimak-16060-15	2026-08-29
P0_RECOVER_PRODUCT	RECOVER_308	Bulunamadı (404)	remap:wrong_brand_unique	308->/en/shop/davlumbaz/7885-40125-01	med	en	shop_pdp	davlumbaz	pimak-40125-01	/en/shop/davlumbaz/7885-40125-01	False	True	https://equsto.com/en/shop/davlumbaz/pimak-40125-01	2026-08-29
P0_RECOVER_PRODUCT	RECOVER_308	Bulunamadı (404)	login_next_to_product	308->/en/shop/set-ustu-mutfak/7912-10070-51	high	en	shop_pdp	set-ustu-mutfak	7912-10070-51	/en/shop/set-ustu-mutfak/7912-10070-51	True	True	https://equsto.com/en/login.html?next=/en/shop/set-ustu-mutfak/7912-10070-51	2026-08-29
P0_RECOVER_PRODUCT	RECOVER_308	Bulunamadı (404)	login_next_to_product	308->/en/shop/tezgah/7911-14070-15	high	en	shop_pdp	tezgah	7911-14070-15	/en/shop/tezgah/7911-14070-15	True	True	https://equsto.com/en/login.html?next=/en/shop/tezgah/7911-14070-15	2026-08-29
P0_RECOVER_PRODUCT	RECOVER_308	Bulunamadı (404)	login_next_to_product	308->/en/shop/sogutma/bre-cb184ahc	high	en	shop_pdp	sogutma	bre-cb184ahc	/en/shop/sogutma/bre-cb184ahc	True	True	https://equsto.com/en/login.html?next=/en/shop/sogutma/bre-cb184ahc	2026-08-29
P0_RECOVER_PRODUCT	RECOVER_308	Bulunamadı (404)	remap:wrong_brand_unique	308->/shop/tezgah/7911-19070-15	med	tr	shop_pdp	tezgah	pimak-19070-15	/shop/tezgah/7911-19070-15	False	True	https://equsto.com/shop/tezgah/pimak-19070-15	2026-08-29
P0_RECOVER_PRODUCT	RECOVER_308	Bulunamadı (404)	remap:wrong_brand_unique	308->/shop/tezgah/7911-16070-12	med	tr	shop_pdp	tezgah	pimak-16070-12	/shop/tezgah/7911-16070-12	False	True	https://equsto.com/shop/tezgah/pimak-16070-12	2026-08-29
P0_RECOVER_PRODUCT	RECOVER_308	Bulunamadı (404)	remap:wrong_brand_unique	308->/shop/tezgah/7911-12070-13	med	tr	shop_pdp	tezgah	pimak-12070-13	/shop/tezgah/7911-12070-13	False	True	https://equsto.com/shop/tezgah/pimak-12070-13	2026-08-29
P0_RECOVER_PRODUCT	RECOVER_308	Bulunamadı (404)	remap:wrong_brand_unique	308->/shop/tezgah/7911-14070-15	med	tr	shop_pdp	tezgah	pimak-14070-15	/shop/tezgah/7911-14070-15	False	True	https://equsto.com/shop/tezgah/pimak-14070-15	2026-08-29
P0_RECOVER_PRODUCT	RECOVER_308	Bulunamadı (404)	remap:wrong_brand_unique	308->/shop/tezgah/7868-12608-23	med	tr	shop_pdp	tezgah	pimak-12608-23	/shop/tezgah/7868-12608-23	False	True	https://equsto.com/shop/tezgah/pimak-12608-23	2026-08-29
P0_RECOVER_PRODUCT	RECOVER_308	Bulunamadı (404)	remap:wrong_brand_unique	308->/en/shop/tezgah/7911-19070-13	med	en	shop_pdp	tezgah	pimak-19070-13	/en/shop/tezgah/7911-19070-13	False	True	https://equsto.com/en/shop/tezgah/pimak-19070-13	2026-08-29
P0_RECOVER_PRODUCT	RECOVER_308	Bulunamadı (404)	remap:wrong_brand_unique	308->/shop/davlumbaz/7885-40105-11	med	tr	shop_pdp	davlumbaz	pimak-40105-11	/shop/davlumbaz/7885-40105-11	False	True	https://equsto.com/shop/davlumbaz/pimak-40105-11	2026-08-29
P0_RECOVER_PRODUCT	RECOVER_308	Bulunamadı (404)	login_next_to_product	308->/en/shop/pisirme/easfe-860f	high	en	shop_pdp	pisirme	easfe-860f	/en/shop/pisirme/easfe-860f	True	True	https://equsto.com/en/login.html?next=/en/shop/pisirme/easfe-860f	2026-08-29
P0_RECOVER_PRODUCT	RECOVER_308	Bulunamadı (404)	login_next_to_product	308->/en/shop/tezgah/7758-076e8-01	high	en	shop_pdp	tezgah	7758-076e8-01	/en/shop/tezgah/7758-076e8-01	True	True	https://equsto.com/en/login.html?next=/en/shop/tezgah/7758-076e8-01	2026-08-29
P0_RECOVER_PRODUCT	RECOVER_308	Bulunamadı (404)	login_next_to_product	308->/en/shop/market-reyonlari/eq-falcon-sld-eq21	high	en	shop_pdp	market-reyonlari	eq-falcon-sld-eq21	/en/shop/market-reyonlari/eq-falcon-sld-eq21	True	True	https://equsto.com/en/login.html?next=/en/shop/market-reyonlari/eq-falcon-sld-eq21	2026-08-29
P0_RECOVER_PRODUCT	RECOVER_308	Bulunamadı (404)	remap:wrong_brand_unique	308->/shop/davlumbaz/7885-60155-11	med	tr	shop_pdp	davlumbaz	pimak-60155-11	/shop/davlumbaz/7885-60155-11	False	True	https://equsto.com/shop/davlumbaz/pimak-60155-11	2026-08-29
P0_RECOVER_PRODUCT	RECOVER_308	Bulunamadı (404)	remap:wrong_brand_unique	308->/en/shop/tezgah/7911-16070-12	med	en	shop_pdp	tezgah	pimak-16070-12	/en/shop/tezgah/7911-16070-12	False	True	https://equsto.com/en/shop/tezgah/pimak-16070-12	2026-08-29
P0_RECOVER_PRODUCT	RECOVER_308	Bulunamadı (404)	remap:wrong_brand_unique	308->/shop/tezgah/7911-14060-13	med	tr	shop_pdp	tezgah	pimak-14060-13	/shop/tezgah/7911-14060-13	False	True	https://equsto.com/shop/tezgah/pimak-14060-13	2026-08-29
P0_RECOVER_PRODUCT	RECOVER_308	Bulunamadı (404)	remap:wrong_brand_unique	308->/shop/davlumbaz/7885-35155-11	med	tr	shop_pdp	davlumbaz	pimak-35155-11	/shop/davlumbaz/7885-35155-11	False	True	https://equsto.com/shop/davlumbaz/pimak-35155-11	2026-08-29
P0_RECOVER_PRODUCT	RECOVER_308	Bulunamadı (404)	login_next_to_product	308->/en/shop/sogutma/118-bbc-150	high	en	shop_pdp	sogutma	118-bbc-150	/en/shop/sogutma/118-bbc-150	True	True	https://equsto.com/en/login.html?next=/en/shop/sogutma/118-bbc-150	2026-08-29
P0_RECOVER_PRODUCT	RECOVER_308	Bulunamadı (404)	login_next_to_product	308->/en/shop/hazirlik/208-650090-c3wx	high	en	shop_pdp	hazirlik	208-650090-c3wx	/en/shop/hazirlik/208-650090-c3wx	True	True	https://equsto.com/en/login.html?next=/en/shop/hazirlik/208-650090-c3wx	2026-08-29
P0_RECOVER_PRODUCT	RECOVER_308	Bulunamadı (404)	login_next_to_product	308->/en/shop/pisirme/eagi-1060-nd	high	en	shop_pdp	pisirme	eagi-1060-nd	/en/shop/pisirme/eagi-1060-nd	True	True	https://equsto.com/en/login.html?next=/en/shop/pisirme/eagi-1060-nd	2026-08-29
P0_RECOVER_PRODUCT	RECOVER_308	Bulunamadı (404)	remap:wrong_brand_unique	308->/shop/davlumbaz/7885-25155-11	med	tr	shop_pdp	davlumbaz	pimak-25155-11	/shop/davlumbaz/7885-25155-11	False	True	https://equsto.com/shop/davlumbaz/pimak-25155-11	2026-08-29
P0_RECOVER_PRODUCT	RECOVER_308	Bulunamadı (404)	remap:wrong_brand_unique	308->/shop/tezgah/7911-12070-15	med	tr	shop_pdp	tezgah	pimak-12070-15	/shop/tezgah/7911-12070-15	False	True	https://equsto.com/shop/tezgah/pimak-12070-15	2026-08-29
P0_RECOVER_PRODUCT	RECOVER_308	Bulunamadı (404)	remap:wrong_brand_unique	308->/shop/davlumbaz/7885-40125-01	med	tr	shop_pdp	davlumbaz	pimak-40125-01	/shop/davlumbaz/7885-40125-01	False	True	https://equsto.com/shop/davlumbaz/pimak-40125-01	2026-08-29
P0_RECOVER_PRODUCT	RECOVER_308	Bulunamadı (404)	remap:wrong_brand_unique	308->/shop/tezgah/7911-14070-12	med	tr	shop_pdp	tezgah	pimak-14070-12	/shop/tezgah/7911-14070-12	False	True	https://equsto.com/shop/tezgah/pimak-14070-12	2026-08-29
P0_RECOVER_PRODUCT	RECOVER_308	Bulunamadı (404)	login_next_to_product	308->/en/shop/set-ustu-mutfak/vwjg-8p	high	en	shop_pdp	set-ustu-mutfak	vwjg-8p	/en/shop/set-ustu-mutfak/vwjg-8p	True	True	https://equsto.com/en/login.html?next=/en/shop/set-ustu-mutfak/vwjg-8p	2026-08-29
P0_RECOVER_PRODUCT	RECOVER_308	Bulunamadı (404)	login_next_to_product	308->/en/shop/tezgah/eq-kmertt01-09070	high	en	shop_pdp	tezgah	eq-kmertt01-09070	/en/shop/tezgah/eq-kmertt01-09070	True	True	https://equsto.com/en/login.html?next=/en/shop/tezgah/eq-kmertt01-09070	2026-08-29
P0_RECOVER_PRODUCT	RECOVER_308	Bulunamadı (404)	remap:wrong_brand_unique	308->/shop/davlumbaz/7885-30105-11	med	tr	shop_pdp	davlumbaz	pimak-30105-11	/shop/davlumbaz/7885-30105-11	False	True	https://equsto.com/shop/davlumbaz/pimak-30105-11	2026-08-29
P0_RECOVER_PRODUCT	RECOVER_308	Bulunamadı (404)	remap:wrong_brand_unique	308->/shop/davlumbaz/7885-20155-11	med	tr	shop_pdp	davlumbaz	pimak-20155-11	/shop/davlumbaz/7885-20155-11	False	True	https://equsto.com/shop/davlumbaz/pimak-20155-11	2026-08-29
P0_RECOVER_PRODUCT	RECOVER_308	Bulunamadı (404)	remap:wrong_brand_unique	308->/shop/tezgah/7911-19070-52	med	tr	shop_pdp	tezgah	pimak-19070-52	/shop/tezgah/7911-19070-52	False	True	https://equsto.com/shop/tezgah/pimak-19070-52	2026-08-29
P0_RECOVER_PRODUCT	RECOVER_308	Bulunamadı (404)	login_next_to_product	308->/en/shop/set-ustu-mutfak/0449-00032-01	high	en	shop_pdp	set-ustu-mutfak	0449-00032-01	/en/shop/set-ustu-mutfak/0449-00032-01	True	True	https://equsto.com/en/login.html?next=/en/shop/set-ustu-mutfak/0449-00032-01	2026-08-29
P0_RECOVER_PRODUCT	RECOVER_308	Bulunamadı (404)	remap:wrong_brand_unique	308->/en/shop/tezgah/7911-12070-31	med	en	shop_pdp	tezgah	pimak-12070-31	/en/shop/tezgah/7911-12070-31	False	True	https://equsto.com/en/shop/tezgah/pimak-12070-31	2026-08-29
P0_RECOVER_PRODUCT	RECOVER_308	Bulunamadı (404)	remap:wrong_brand_unique	308->/shop/davlumbaz/7885-40155-10	med	tr	shop_pdp	davlumbaz	pimak-40155-10	/shop/davlumbaz/7885-40155-10	False	True	https://equsto.com/shop/davlumbaz/pimak-40155-10	2026-08-29
P0_RECOVER_PRODUCT	RECOVER_308	Bulunamadı (404)	remap:wrong_brand_unique	308->/en/shop/tezgah/7868-19608-23	med	en	shop_pdp	tezgah	pimak-19608-23	/en/shop/tezgah/7868-19608-23	False	True	https://equsto.com/en/shop/tezgah/pimak-19608-23	2026-08-29
P0_RECOVER_PRODUCT	RECOVER_308	Bulunamadı (404)	remap:wrong_brand_unique	308->/en/shop/davlumbaz/7885-40105-11	med	en	shop_pdp	davlumbaz	pimak-40105-11	/en/shop/davlumbaz/7885-40105-11	False	True	https://equsto.com/en/shop/davlumbaz/pimak-40105-11	2026-08-29
P0_RECOVER_PRODUCT	RECOVER_308	Bulunamadı (404)	login_next_to_product	308->/en/shop/tezgah/7911-10070-08	high	en	shop_pdp	tezgah	7911-10070-08	/en/shop/tezgah/7911-10070-08	True	True	https://equsto.com/en/login.html?next=/en/shop/tezgah/7911-10070-08	2026-08-29
P0_RECOVER_PRODUCT	RECOVER_308	Bulunamadı (404)	remap:wrong_brand_unique	308->/en/shop/davlumbaz/7885-25205-10	med	en	shop_pdp	davlumbaz	pimak-25205-10	/en/shop/davlumbaz/7885-25205-10	False	True	https://equsto.com/en/shop/davlumbaz/pimak-25205-10	2026-08-29
P0_RECOVER_PRODUCT	RECOVER_308	Bulunamadı (404)	remap:wrong_brand_unique	308->/en/shop/davlumbaz/7885-50205-10	med	en	shop_pdp	davlumbaz	pimak-50205-10	/en/shop/davlumbaz/7885-50205-10	False	True	https://equsto.com/en/shop/davlumbaz/pimak-50205-10	2026-08-29
P0_RECOVER_PRODUCT	RECOVER_308	Bulunamadı (404)	remap:wrong_brand_unique	308->/en/shop/davlumbaz/7885-35105-01	med	en	shop_pdp	davlumbaz	pimak-35105-01	/en/shop/davlumbaz/7885-35105-01	False	True	https://equsto.com/en/shop/davlumbaz/pimak-35105-01	2026-08-29
P0_RECOVER_PRODUCT	RECOVER_308	Bulunamadı (404)	remap:wrong_brand_unique	308->/shop/davlumbaz/7885-50255-10	med	tr	shop_pdp	davlumbaz	pimak-50255-10	/shop/davlumbaz/7885-50255-10	False	True	https://equsto.com/shop/davlumbaz/pimak-50255-10	2026-08-29
P0_RECOVER_PRODUCT	RECOVER_308	Bulunamadı (404)	login_next_to_product	308->/en/shop/tezgah/7758-166e5-25	high	en	shop_pdp	tezgah	7758-166e5-25	/en/shop/tezgah/7758-166e5-25	True	True	https://equsto.com/en/login.html?next=/en/shop/tezgah/7758-166e5-25	2026-08-29
P0_RECOVER_PRODUCT	RECOVER_308	Bulunamadı (404)	login_next_to_product	308->/en/shop/sogutma/dt-2ngn-eko	high	en	shop_pdp	sogutma	dt-2ngn-eko	/en/shop/sogutma/dt-2ngn-eko	True	True	https://equsto.com/en/login.html?next=/en/shop/sogutma/dt-2ngn-eko	2026-08-29
P0_RECOVER_PRODUCT	RECOVER_308	Bulunamadı (404)	remap:wrong_brand_unique	308->/en/shop/davlumbaz/7885-25155-01	med	en	shop_pdp	davlumbaz	pimak-25155-01	/en/shop/davlumbaz/7885-25155-01	False	True	https://equsto.com/en/shop/davlumbaz/pimak-25155-01	2026-08-29
P0_RECOVER_PRODUCT	RECOVER_308	Bulunamadı (404)	login_next_to_product	308->/en/shop/market-reyonlari/eq-falcon-sld-eq56	high	en	shop_pdp	market-reyonlari	eq-falcon-sld-eq56	/en/shop/market-reyonlari/eq-falcon-sld-eq56	True	True	https://equsto.com/en/login.html?next=/en/shop/market-reyonlari/eq-falcon-sld-eq56	2026-08-29
P0_RECOVER_PRODUCT	RECOVER_308	Bulunamadı (404)	login_next_to_product	308->/en/shop/set-ustu-mutfak/0336-24137-01	high	en	shop_pdp	set-ustu-mutfak	0336-24137-01	/en/shop/set-ustu-mutfak/0336-24137-01	True	True	https://equsto.com/en/login.html?next=/en/shop/set-ustu-mutfak/0336-24137-01	2026-08-29
P0_RECOVER_PRODUCT	RECOVER_308	Bulunamadı (404)	login_next_to_product	308->/en/shop/tezgah/7758-217d8-25	high	en	shop_pdp	tezgah	7758-217d8-25	/en/shop/tezgah/7758-217d8-25	True	True	https://equsto.com/en/login.html?next=/en/shop/tezgah/7758-217d8-25	2026-08-29
P0_RECOVER_PRODUCT	RECOVER_308	Bulunamadı (404)	login_next_to_product	308->/en/shop/pisirme/npicco913	high	en	shop_pdp	pisirme	npicco913	/en/shop/pisirme/npicco913	True	True	https://equsto.com/en/login.html?next=/en/shop/pisirme/npicco913	2026-08-29
P0_RECOVER_PRODUCT	RECOVER_308	Bulunamadı (404)	login_next_to_product	308->/en/shop/sogutma/asbhdg-2n70e	high	en	shop_pdp	sogutma	asbhdg-2n70e	/en/shop/sogutma/asbhdg-2n70e	True	True	https://equsto.com/en/login.html?next=/en/shop/sogutma/asbhdg-2n70e	2026-08-29
P0_RECOVER_PRODUCT	RECOVER_308	Bulunamadı (404)	login_next_to_product	308->/en/shop/tezgah/7758-247c5-31	high	en	shop_pdp	tezgah	7758-247c5-31	/en/shop/tezgah/7758-247c5-31	True	True	https://equsto.com/en/login.html?next=/en/shop/tezgah/7758-247c5-31	2026-08-29
P0_RECOVER_PRODUCT	RECOVER_308	Bulunamadı (404)	login_next_to_product	308->/en/shop/market-reyonlari/eq-lion-sld-eq1	high	en	shop_pdp	market-reyonlari	eq-lion-sld-eq1	/en/shop/market-reyonlari/eq-lion-sld-eq1	True	True	https://equsto.com/en/login.html?next=/en/shop/market-reyonlari/eq-lion-sld-eq1	2026-08-29
P0_RECOVER_PRODUCT	RECOVER_308	Bulunamadı (404)	login_next_to_product	308->/en/shop/yikama/7711-19075-13	high	en	shop_pdp	yikama	7711-19075-13	/en/shop/yikama/7711-19075-13	True	True	https://equsto.com/en/login.html?next=/en/shop/yikama/7711-19075-13	2026-08-29
P0_RECOVER_PRODUCT	RECOVER_308	Bulunamadı (404)	remap:wrong_brand_unique	308->/shop/tezgah/7911-12070-31	med	tr	shop_pdp	tezgah	pimak-12070-31	/shop/tezgah/7911-12070-31	False	True	https://equsto.com/shop/tezgah/pimak-12070-31	2026-08-29
P0_RECOVER_PRODUCT	RECOVER_308	Bulunamadı (404)	remap:wrong_brand_unique	308->/en/shop/tezgah/7911-06060-91	med	en	shop_pdp	tezgah	pimak-06060-91	/en/shop/tezgah/7911-06060-91	False	True	https://equsto.com/en/shop/tezgah/pimak-06060-91	2026-08-29
P0_RECOVER_PRODUCT	RECOVER_308	Bulunamadı (404)	remap:wrong_brand_unique	308->/shop/tezgah/7911-19070-13	med	tr	shop_pdp	tezgah	pimak-19070-13	/shop/tezgah/7911-19070-13	False	True	https://equsto.com/shop/tezgah/pimak-19070-13	2026-08-29
P0_RECOVER_PRODUCT	RECOVER_308	Bulunamadı (404)	login_next_to_product	308->/en/shop/set-ustu-mutfak/8325-acsh7-w30	high	en	shop_pdp	set-ustu-mutfak	8325-acsh7-w30	/en/shop/set-ustu-mutfak/8325-acsh7-w30	True	True	https://equsto.com/en/login.html?next=/en/shop/set-ustu-mutfak/8325-acsh7-w30	2026-08-29
P0_RECOVER_PRODUCT	RECOVER_308	Bulunamadı (404)	login_next_to_product	308->/en/shop/istif/8897-30dp4-07	high	en	shop_pdp	istif	8897-30dp4-07	/en/shop/istif/8897-30dp4-07	True	True	https://equsto.com/en/login.html?next=/en/shop/istif/8897-30dp4-07	2026-08-29
P0_RECOVER_PRODUCT	RECOVER_308	Bulunamadı (404)	remap:wrong_brand_unique	308->/shop/hazirlik/tm2547-le	med	tr	shop_pdp	hazirlik	rc-2547-le	/shop/hazirlik/tm2547-le	False	True	https://equsto.com/shop/hazirlik/rc-2547-le	2026-08-29
P0_RECOVER_PRODUCT	RECOVER_308	Bulunamadı (404)	remap:wrong_brand_unique	308->/en/shop/davlumbaz/7885-60155-11	med	en	shop_pdp	davlumbaz	pimak-60155-11	/en/shop/davlumbaz/7885-60155-11	False	True	https://equsto.com/en/shop/davlumbaz/pimak-60155-11	2026-08-29
P0_RECOVER_PRODUCT	RECOVER_308	Bulunamadı (404)	login_next_to_product	308->/en/shop/yikama/7961-11829-1y5	high	en	shop_pdp	pisirme	7961-11829-1y5	/en/shop/yikama/7961-11829-1y5	True	True	https://equsto.com/en/login.html?next=/en/shop/pisirme/7961-11829-1y5	2026-08-29
P0_RECOVER_PRODUCT	RECOVER_308	Bulunamadı (404)	login_next_to_product	308->/en/shop/pisirme/eaef-660	high	en	shop_pdp	pisirme	eaef-660	/en/shop/pisirme/eaef-660	True	True	https://equsto.com/en/login.html?next=/en/shop/pisirme/eaef-660	2026-08-29
P0_RECOVER_PRODUCT	RECOVER_308	Bulunamadı (404)	login_next_to_product	308->/en/shop/tezgah/eq-kcevt01-14070	high	en	shop_pdp	tezgah	eq-kcevt01-14070	/en/shop/tezgah/eq-kcevt01-14070	True	True	https://equsto.com/en/login.html?next=/en/shop/tezgah/eq-kcevt01-14070	2026-08-29
P0_RECOVER_PRODUCT	RECOVER_308	Bulunamadı (404)	login_next_to_product	308->/en/shop/tezgah/7919-46ntv-c2	high	en	shop_pdp	tezgah	7919-46ntv-c2	/en/shop/tezgah/7919-46ntv-c2	True	True	https://equsto.com/en/login.html?next=/en/shop/tezgah/7919-46ntv-c2	2026-08-29
P0_RECOVER_PRODUCT	RECOVER_308	Bulunamadı (404)	login_next_to_product	308->/en/shop/tezgah/7911-19070-96	high	en	shop_pdp	tezgah	7911-19070-96	/en/shop/tezgah/7911-19070-96	True	True	https://equsto.com/en/login.html?next=/en/shop/tezgah/7911-19070-96	2026-08-29
P0_RECOVER_PRODUCT	RECOVER_308	Bulunamadı (404)	remap:wrong_brand_unique	308->/en/shop/davlumbaz/7885-35105-11	med	en	shop_pdp	davlumbaz	pimak-35105-11	/en/shop/davlumbaz/7885-35105-11	False	True	https://equsto.com/en/shop/davlumbaz/pimak-35105-11	2026-08-29
P0_RECOVER_PRODUCT	RECOVER_308	Bulunamadı (404)	login_next_to_product	308->/en/shop/pisirme/npicco88-7	high	en	shop_pdp	pisirme	npicco88-7	/en/shop/pisirme/npicco88-7	True	True	https://equsto.com/en/login.html?next=/en/shop/pisirme/npicco88-7	2026-08-29
P0_RECOVER_PRODUCT	RECOVER_308	Bulunamadı (404)	remap:wrong_brand_unique	308->/en/shop/davlumbaz/7885-15125-01	med	en	shop_pdp	davlumbaz	pimak-15125-01	/en/shop/davlumbaz/7885-15125-01	False	True	https://equsto.com/en/shop/davlumbaz/pimak-15125-01	2026-08-29
P0_RECOVER_PRODUCT	RECOVER_308	Bulunamadı (404)	remap:wrong_brand_unique	308->/shop/tezgah/7911-12070-12	med	tr	shop_pdp	tezgah	pimak-12070-12	/shop/tezgah/7911-12070-12	False	True	https://equsto.com/shop/tezgah/pimak-12070-12	2026-08-29
P0_RECOVER_PRODUCT	RECOVER_308	Bulunamadı (404)	login_next_to_product	308->/en/shop/set-ustu-mutfak/0311-11040-21	high	en	shop_pdp	set-ustu-mutfak	0311-11040-21	/en/shop/set-ustu-mutfak/0311-11040-21	True	True	https://equsto.com/en/login.html?next=/en/shop/set-ustu-mutfak/0311-11040-21	2026-08-29
P0_RECOVER_PRODUCT	RECOVER_308	Bulunamadı (404)	login_next_to_product	308->/en/shop/tezgah/7754-196a5-33	high	en	shop_pdp	tezgah	7754-196a5-33	/en/shop/tezgah/7754-196a5-33	True	True	https://equsto.com/en/login.html?next=/en/shop/tezgah/7754-196a5-33	2026-08-28
P0_RECOVER_PRODUCT	RECOVER_308	Bulunamadı (404)	remap:wrong_brand_unique	308->/shop/tezgah/7911-12060-13	med	tr	shop_pdp	tezgah	equsto-12060-13	/shop/tezgah/7911-12060-13	False	True	https://equsto.com/shop/tezgah/equsto-12060-13	2026-08-28
P0_RECOVER_PRODUCT	RECOVER_308	Bulunamadı (404)	login_next_to_product	308->/en/shop/pisirme/391405	high	en	shop_pdp	pisirme	391405	/en/shop/pisirme/391405	True	True	https://equsto.com/en/login.html?next=/en/shop/pisirme/391405	2026-08-28
P0_RECOVER_PRODUCT	RECOVER_308	Bulunamadı (404)	login_next_to_product	308->/en/shop/pisirme/371014	high	en	shop_pdp	pisirme	371014	/en/shop/pisirme/371014	True	True	https://equsto.com/en/login.html?next=/en/shop/pisirme/371014	2026-08-28
P0_RECOVER_PRODUCT	RECOVER_308	Bulunamadı (404)	login_next_to_product	308->/en/shop/set-ustu-mutfak/0311-19100-10	high	en	shop_pdp	set-ustu-mutfak	0311-19100-10	/en/shop/set-ustu-mutfak/0311-19100-10	True	True	https://equsto.com/en/login.html?next=/en/shop/set-ustu-mutfak/0311-19100-10	2026-08-28
P0_RECOVER_PRODUCT	RECOVER_308	Bulunamadı (404)	remap:wrong_brand_unique	308->/shop/davlumbaz/7885-45155-01	med	tr	shop_pdp	davlumbaz	pimak-45155-01	/shop/davlumbaz/7885-45155-01	False	True	https://equsto.com/shop/davlumbaz/pimak-45155-01	2026-08-28
P0_RECOVER_PRODUCT	RECOVER_308	Bulunamadı (404)	remap:wrong_brand_unique	308->/shop/tezgah/7911-09060-08	med	tr	shop_pdp	tezgah	pimak-09060-08	/shop/tezgah/7911-09060-08	False	True	https://equsto.com/shop/tezgah/pimak-09060-08	2026-08-28
P0_RECOVER_PRODUCT	RECOVER_308	Bulunamadı (404)	remap:wrong_brand_unique	308->/shop/tezgah/7868-12708-23	med	tr	shop_pdp	tezgah	pimak-12708-23	/shop/tezgah/7868-12708-23	False	True	https://equsto.com/shop/tezgah/pimak-12708-23	2026-08-28
P0_RECOVER_PRODUCT	RECOVER_308	Bulunamadı (404)	login_next_to_product	308->/en/shop/tezgah/7911-14060-21a	high	en	shop_pdp	tezgah	7911-14060-21a	/en/shop/tezgah/7911-14060-21a	True	True	https://equsto.com/en/login.html?next=/en/shop/tezgah/7911-14060-21a	2026-08-28
P0_RECOVER_PRODUCT	RECOVER_308	Bulunamadı (404)	login_next_to_product	308->/en/shop/pisirme/ino-zmd-9ke10s	high	en	shop_pdp	pisirme	ino-zmd-9ke10s	/en/shop/pisirme/ino-zmd-9ke10s	True	True	https://equsto.com/en/login.html?next=/en/shop/pisirme/ino-zmd-9ke10s	2026-08-28
P0_RECOVER_PRODUCT	RECOVER_308	Bulunamadı (404)	remap:wrong_brand_unique	308->/en/shop/tezgah/7911-12060-56	med	en	shop_pdp	tezgah	pimak-12060-56	/en/shop/tezgah/7911-12060-56	False	True	https://equsto.com/en/shop/tezgah/pimak-12060-56	2026-08-28
P0_RECOVER_PRODUCT	RECOVER_308	Bulunamadı (404)	login_next_to_product	308->/en/shop/tezgah/7911-10070-85	high	en	shop_pdp	tezgah	7911-10070-85	/en/shop/tezgah/7911-10070-85	True	True	https://equsto.com/en/login.html?next=/en/shop/tezgah/7911-10070-85	2026-08-28
P0_RECOVER_PRODUCT	RECOVER_308	Bulunamadı (404)	login_next_to_product	308->/en/shop/yikama/504293	high	en	shop_pdp	yikama	504293	/en/shop/yikama/504293	True	True	https://equsto.com/en/login.html?next=/en/shop/yikama/504293	2026-08-27
P0_RECOVER_PRODUCT	RECOVER_308	Bulunamadı (404)	login_next_to_product	308->/en/shop/set-ustu-mutfak/0420-03625-01	high	en	shop_pdp	set-ustu-mutfak	0420-03625-01	/en/shop/set-ustu-mutfak/0420-03625-01	True	True	https://equsto.com/en/login.html?next=/en/shop/set-ustu-mutfak/0420-03625-01	2026-08-27
P0_RECOVER_PRODUCT	RECOVER_308	Bulunamadı (404)	login_next_to_product	308->/en/shop/pisirme/9890-xbc01-eu	high	en	shop_pdp	pisirme	9890-xbc01-eu	/en/shop/pisirme/9890-xbc01-eu	True	True	https://equsto.com/en/login.html?next=/en/shop/pisirme/9890-xbc01-eu	2026-08-27
P0_RECOVER_PRODUCT	RECOVER_308	Bulunamadı (404)	remap:wrong_brand_unique	308->/en/shop/davlumbaz/7885-25105-01	med	en	shop_pdp	davlumbaz	pimak-25105-01	/en/shop/davlumbaz/7885-25105-01	False	True	https://equsto.com/en/shop/davlumbaz/pimak-25105-01	2026-08-27
P0_RECOVER_PRODUCT	RECOVER_308	Bulunamadı (404)	login_next_to_product	308->/en/shop/market-reyonlari/eq-kangaroo-eq1	high	en	shop_pdp	market-reyonlari	eq-kangaroo-eq1	/en/shop/market-reyonlari/eq-kangaroo-eq1	True	True	https://equsto.com/en/login.html?next=/en/shop/market-reyonlari/eq-kangaroo-eq1	2026-08-27
P0_RECOVER_PRODUCT	RECOVER_308	Bulunamadı (404)	login_next_to_product	308->/en/shop/sogutma/118-wf377	high	en	shop_pdp	sogutma	118-wf377	/en/shop/sogutma/118-wf377	True	True	https://equsto.com/en/login.html?next=/en/shop/sogutma/118-wf377	2026-08-27
P0_RECOVER_PRODUCT	RECOVER_308	Bulunamadı (404)	login_next_to_product	308->/en/shop/tezgah/7911-19080-22	high	en	shop_pdp	tezgah	7911-19080-22	/en/shop/tezgah/7911-19080-22	True	True	https://equsto.com/en/login.html?next=/en/shop/tezgah/7911-19080-22	2026-08-27
P0_RECOVER_PRODUCT	RECOVER_308	Bulunamadı (404)	login_next_to_product	308->/en/shop/davlumbaz/7885-15125-01	high	en	shop_pdp	davlumbaz	7885-15125-01	/en/shop/davlumbaz/7885-15125-01	True	True	https://equsto.com/en/login.html?next=/en/shop/davlumbaz/7885-15125-01	2026-08-27
P0_RECOVER_PRODUCT	RECOVER_308	Bulunamadı (404)	login_next_to_product	308->/en/shop/icecek/251-1280k	high	en	shop_pdp	icecek	251-1280k	/en/shop/icecek/251-1280k	True	True	https://equsto.com/en/login.html?next=/en/shop/icecek/251-1280k	2026-08-27
P0_RECOVER_PRODUCT	RECOVER_308	Bulunamadı (404)	login_next_to_product	308->/en/shop/sogutma/725109	high	en	shop_pdp	sogutma	725109	/en/shop/sogutma/725109	True	True	https://equsto.com/en/login.html?next=/en/shop/sogutma/725109	2026-08-27
P0_RECOVER_PRODUCT	RECOVER_308	Bulunamadı (404)	login_next_to_product	308->/en/shop/yikama/7961-02929-7o1	high	en	shop_pdp	pisirme	7961-02929-7o1	/en/shop/yikama/7961-02929-7o1	True	True	https://equsto.com/en/login.html?next=/en/shop/pisirme/7961-02929-7o1	2026-08-27
P0_RECOVER_PRODUCT	RECOVER_308	Bulunamadı (404)	login_next_to_product	308->/en/shop/kahve/vkd-p25s	high	en	shop_pdp	kahve	vkd-p25s	/en/shop/kahve/vkd-p25s	True	True	https://equsto.com/en/login.html?next=/en/shop/kahve/vkd-p25s	2026-08-27
P0_RECOVER_PRODUCT	RECOVER_308	Bulunamadı (404)	login_next_to_product	308->/en/shop/pisirme/npicco26-2	high	en	shop_pdp	pisirme	npicco26-2	/en/shop/pisirme/npicco26-2	True	True	https://equsto.com/en/login.html?next=/en/shop/pisirme/npicco26-2	2026-08-27
P0_RECOVER_PRODUCT	RECOVER_308	Bulunamadı (404)	login_next_to_product	308->/en/shop/pisirme/aba-62-1	high	en	shop_pdp	pisirme	aba-62-1	/en/shop/pisirme/aba-62-1	True	True	https://equsto.com/en/login.html?next=/en/shop/pisirme/aba-62-1	2026-08-27
P0_RECOVER_PRODUCT	RECOVER_308	Bulunamadı (404)	login_next_to_product	308->/en/shop/tezgah/7911-14060-20	high	en	shop_pdp	tezgah	7911-14060-20	/en/shop/tezgah/7911-14060-20	True	True	https://equsto.com/en/login.html?next=/en/shop/tezgah/7911-14060-20	2026-08-27
P0_RECOVER_PRODUCT	RECOVER_308	Bulunamadı (404)	login_next_to_product	308->/en/shop/pisirme/9890-xbc06-e1	high	en	shop_pdp	pisirme	9890-xbc06-e1	/en/shop/pisirme/9890-xbc06-e1	True	True	https://equsto.com/en/login.html?next=/en/shop/pisirme/9890-xbc06-e1	2026-08-27
P0_RECOVER_PRODUCT	RECOVER_308	Bulunamadı (404)	login_next_to_product	308->/en/shop/set-ustu-mutfak/0211-40508-12	high	en	shop_pdp	set-ustu-mutfak	0211-40508-12	/en/shop/set-ustu-mutfak/0211-40508-12	True	True	https://equsto.com/en/login.html?next=/en/shop/set-ustu-mutfak/0211-40508-12	2026-08-27
P0_RECOVER_PRODUCT	RECOVER_308	Bulunamadı (404)	login_next_to_product	308->/en/shop/set-ustu-mutfak/8310-0pp13-100	high	en	shop_pdp	set-ustu-mutfak	8310-0pp13-100	/en/shop/set-ustu-mutfak/8310-0pp13-100	True	True	https://equsto.com/en/login.html?next=/en/shop/set-ustu-mutfak/8310-0pp13-100	2026-08-27
P0_RECOVER_PRODUCT	RECOVER_308	Bulunamadı (404)	remap:wrong_brand_unique	308->/en/shop/davlumbaz/7885-20105-01	med	en	shop_pdp	davlumbaz	pimak-20105-01	/en/shop/davlumbaz/7885-20105-01	False	True	https://equsto.com/en/shop/davlumbaz/pimak-20105-01	2026-08-27
P0_RECOVER_PRODUCT	RECOVER_308	Bulunamadı (404)	login_next_to_product	308->/en/shop/pisirme/npicco72-1	high	en	shop_pdp	pisirme	npicco72-1	/en/shop/pisirme/npicco72-1	True	True	https://equsto.com/en/login.html?next=/en/shop/pisirme/npicco72-1	2026-08-27
P0_RECOVER_PRODUCT	RECOVER_308	Bulunamadı (404)	login_next_to_product	308->/en/shop/market-reyonlari/eq-falcon-eq9	high	en	shop_pdp	market-reyonlari	eq-falcon-eq9	/en/shop/market-reyonlari/eq-falcon-eq9	True	True	https://equsto.com/en/login.html?next=/en/shop/market-reyonlari/eq-falcon-eq9	2026-08-27
P0_RECOVER_PRODUCT	RECOVER_308	Bulunamadı (404)	remap:wrong_brand_unique	308->/shop/tezgah/7911-19060-52	med	tr	shop_pdp	tezgah	pimak-19060-52	/shop/tezgah/7911-19060-52	False	True	https://equsto.com/shop/tezgah/pimak-19060-52	2026-08-27
P0_RECOVER_PRODUCT	RECOVER_308	Bulunamadı (404)	login_next_to_product	308->/en/shop/yikama/7961-04929-7y2	high	en	shop_pdp	pisirme	7961-04929-7y2	/en/shop/yikama/7961-04929-7y2	True	True	https://equsto.com/en/login.html?next=/en/shop/pisirme/7961-04929-7y2	2026-08-27
P0_RECOVER_PRODUCT	RECOVER_308	Bulunamadı (404)	login_next_to_product	308->/en/shop/tezgah/7911-12060-31p	high	en	shop_pdp	tezgah	7911-12060-31p	/en/shop/tezgah/7911-12060-31p	True	True	https://equsto.com/en/login.html?next=/en/shop/tezgah/7911-12060-31p	2026-08-27
P0_RECOVER_PRODUCT	RECOVER_308	Bulunamadı (404)	remap:wrong_brand_unique	308->/shop/tezgah/7911-12070-08	med	tr	shop_pdp	tezgah	equsto-12070-08	/shop/tezgah/7911-12070-08	False	True	https://equsto.com/shop/tezgah/equsto-12070-08	2026-08-27
P0_RECOVER_PRODUCT	RECOVER_308	Bulunamadı (404)	login_next_to_product	308->/en/shop/tezgah/ino-krn240c	high	en	shop_pdp	tezgah	ino-krn240c	/en/shop/tezgah/ino-krn240c	True	True	https://equsto.com/en/login.html?next=/en/shop/tezgah/ino-krn240c	2026-08-27
P0_RECOVER_PRODUCT	RECOVER_308	Bulunamadı (404)	remap:wrong_brand_unique	308->/en/shop/davlumbaz/7885-35255-10	med	en	shop_pdp	davlumbaz	equsto-35255-10	/en/shop/davlumbaz/7885-35255-10	False	True	https://equsto.com/en/shop/davlumbaz/equsto-35255-10	2026-08-27
P0_RECOVER_PRODUCT	RECOVER_308	Bulunamadı (404)	login_next_to_product	308->/en/shop/sogutma/asbhk-2n70	high	en	shop_pdp	sogutma	asbhk-2n70	/en/shop/sogutma/asbhk-2n70	True	True	https://equsto.com/en/login.html?next=/en/shop/sogutma/asbhk-2n70	2026-08-27
P0_RECOVER_PRODUCT	RECOVER_308	Bulunamadı (404)	login_next_to_product	308->/en/shop/sogutma/118-wn385	high	en	shop_pdp	sogutma	118-wn385	/en/shop/sogutma/118-wn385	True	True	https://equsto.com/en/login.html?next=/en/shop/sogutma/118-wn385	2026-08-27
P0_RECOVER_PRODUCT	RECOVER_308	Bulunamadı (404)	login_next_to_product	308->/en/shop/sogutma/9805-ofb10-0a	high	en	shop_pdp	sogutma	9805-ofb10-0a	/en/shop/sogutma/9805-ofb10-0a	True	True	https://equsto.com/en/login.html?next=/en/shop/sogutma/9805-ofb10-0a	2026-08-27
P0_RECOVER_PRODUCT	RECOVER_308	Bulunamadı (404)	login_next_to_product	308->/en/shop/pisirme/ino-zmd-9fe10s-s	high	en	shop_pdp	pisirme	ino-zmd-9fe10s-s	/en/shop/pisirme/ino-zmd-9fe10s-s	True	True	https://equsto.com/en/login.html?next=/en/shop/pisirme/ino-zmd-9fe10s-s	2026-08-27
P0_RECOVER_PRODUCT	RECOVER_308	Bulunamadı (404)	login_next_to_product	308->/en/shop/set-ustu-mutfak/vwg-6t	high	en	shop_pdp	set-ustu-mutfak	vwg-6t	/en/shop/set-ustu-mutfak/vwg-6t	True	True	https://equsto.com/en/login.html?next=/en/shop/set-ustu-mutfak/vwg-6t	2026-08-27
P0_RECOVER_PRODUCT	RECOVER_308	Bulunamadı (404)	login_next_to_product	308->/en/shop/sogutma/9805-im240x-nhc	high	en	shop_pdp	sogutma	9805-im240x-nhc	/en/shop/sogutma/9805-im240x-nhc	True	True	https://equsto.com/en/login.html?next=/en/shop/sogutma/9805-im240x-nhc	2026-08-27
P0_RECOVER_PRODUCT	RECOVER_308	Bulunamadı (404)	login_next_to_product	308->/en/shop/yikama/7961-07429-5y4	high	en	shop_pdp	pisirme	7961-07429-5y4	/en/shop/yikama/7961-07429-5y4	True	True	https://equsto.com/en/login.html?next=/en/shop/pisirme/7961-07429-5y4	2026-08-27
P0_RECOVER_PRODUCT	RECOVER_308	Bulunamadı (404)	login_next_to_product	308->/en/shop/market-reyonlari/eq-falcon-eq14	high	en	shop_pdp	market-reyonlari	eq-falcon-eq14	/en/shop/market-reyonlari/eq-falcon-eq14	True	True	https://equsto.com/en/login.html?next=/en/shop/market-reyonlari/eq-falcon-eq14	2026-08-27
P0_RECOVER_PRODUCT	RECOVER_308	Bulunamadı (404)	login_next_to_product	308->/en/shop/pisirme/ino-7tn20	high	en	shop_pdp	pisirme	ino-7tn20	/en/shop/pisirme/ino-7tn20	True	True	https://equsto.com/en/login.html?next=/en/shop/pisirme/ino-7tn20	2026-08-27
P0_RECOVER_PRODUCT	RECOVER_308	Bulunamadı (404)	login_next_to_product	308->/en/shop/pisirme/8890-md800-02	high	en	shop_pdp	pisirme	8890-md800-02	/en/shop/pisirme/8890-md800-02	True	True	https://equsto.com/en/login.html?next=/en/shop/pisirme/8890-md800-02	2026-08-27
P0_RECOVER_PRODUCT	RECOVER_308	Bulunamadı (404)	remap:wrong_brand_unique	308->/shop/davlumbaz/7885-10105-01	med	tr	shop_pdp	davlumbaz	pimak-10105-01	/shop/davlumbaz/7885-10105-01	False	True	https://equsto.com/shop/davlumbaz/pimak-10105-01	2026-08-27
P0_RECOVER_PRODUCT	RECOVER_308	Bulunamadı (404)	login_next_to_product	308->/en/shop/tezgah/7754-196e5-35	high	en	shop_pdp	tezgah	7754-196e5-35	/en/shop/tezgah/7754-196e5-35	True	True	https://equsto.com/en/login.html?next=/en/shop/tezgah/7754-196e5-35	2026-08-27
