plan_bucket	decision	gsc_reason	why	action	confidence	lang	kind	dept	slug	target	was_login	product_hit	url	last_crawl
P0_RECOVER_PRODUCT	COMMERCE_LEAK_ROBOTS_LOGIN	Robots.txt tarafından engellendi	login_blocked_but_hides_product	308_login_next_to_product	high	en	shop_pdp	pisirme	7961-11829-5o1	/en/shop/yikama/7961-11829-5o1	True	True	https://equsto.com/en/login.html?next=/en/shop/pisirme/7961-11829-5o1	2026-09-16
P0_RECOVER_PRODUCT	COMMERCE_LEAK_ROBOTS_LOGIN	Robots.txt tarafından engellendi	login_blocked_but_hides_product	308_login_next_to_product	high	en	shop_pdp	set-ustu-mutfak	7490-00003-00	/en/shop/set-ustu-mutfak/7490-00003-00	True	True	https://equsto.com/en/login?mode=register&next=/en/shop/set-ustu-mutfak/7490-00003-00	2026-09-16
P0_RECOVER_PRODUCT	COMMERCE_LEAK_ROBOTS_LOGIN	Robots.txt tarafından engellendi	login_blocked_but_hides_product	308_login_next_to_product	high	en	shop_pdp	yikama	0753-00023-09	/en/shop/yikama/0753-00023-09	True	True	https://equsto.com/en/login?mode=register&next=/en/shop/yikama/0753-00023-09	2026-09-16
P0_RECOVER_PRODUCT	COMMERCE_LEAK_ROBOTS_LOGIN	Robots.txt tarafından engellendi	login_blocked_but_hides_product	308_login_next_to_product	high	en	shop_pdp	pisirme	adg-10a	/en/shop/pisirme/adg-10a	True	True	https://equsto.com/en/login.html?next=/en/shop/pisirme/adg-10a	2026-09-16
P0_RECOVER_PRODUCT	COMMERCE_LEAK_ROBOTS_LOGIN	Robots.txt tarafından engellendi	login_blocked_but_hides_product	308_login_next_to_product	high	en	shop_pdp	set-ustu-mutfak	0311-21200-21	/en/shop/set-ustu-mutfak/0311-21200-21	True	True	https://equsto.com/en/login.html?next=/en/shop/set-ustu-mutfak/0311-21200-21	2026-09-16
P0_RECOVER_PRODUCT	COMMERCE_LEAK_ROBOTS_LOGIN	Robots.txt tarafından engellendi	login_blocked_but_hides_product	308_login_next_to_product	high	en	shop_pdp	tezgah	eq-kdct01-16070	/en/shop/tezgah/eq-kdct01-16070	True	True	https://equsto.com/en/login.html?next=/en/shop/tezgah/eq-kdct01-16070	2026-09-16
P0_RECOVER_PRODUCT	COMMERCE_LEAK_ROBOTS_LOGIN	Robots.txt tarafından engellendi	login_blocked_but_hides_product	308_login_next_to_product	high	en	shop_pdp	market-reyonlari	eq-lion-tgd-eq34	/en/shop/market-reyonlari/eq-lion-tgd-eq34	True	True	https://equsto.com/en/login.html?next=/en/shop/market-reyonlari/eq-lion-tgd-eq34	2026-09-16
P0_RECOVER_PRODUCT	COMMERCE_LEAK_ROBOTS_LOGIN	Robots.txt tarafından engellendi	login_blocked_but_hides_product	308_login_next_to_product	high	en	shop_pdp	hazirlik	208-653773-j2x	/en/shop/hazirlik/208-653773-j2x	True	True	https://equsto.com/en/login?mode=register&next=/en/shop/hazirlik/208-653773-j2x	2026-09-16
P0_RECOVER_PRODUCT	COMMERCE_LEAK_ROBOTS_LOGIN	Robots.txt tarafından engellendi	login_blocked_but_hides_product	308_login_next_to_product	high	en	shop_pdp	sogutma	sbt-4n70	/en/shop/sogutma/sbt-4n70	True	True	https://equsto.com/en/login.html?next=/en/shop/sogutma/sbt-4n70	2026-09-16
P0_RECOVER_PRODUCT	COMMERCE_LEAK_ROBOTS_LOGIN	Robots.txt tarafından engellendi	login_blocked_but_hides_product	308_login_next_to_product		en	shop_pdp	market-reyonlari	eq-hercai-mr-eq5		True	False	https://equsto.com/en/login?mode=register&next=/en/shop/market-reyonlari/eq-hercai-mr-eq5	2026-09-16
P0_RECOVER_PRODUCT	COMMERCE_LEAK_ROBOTS_LOGIN	Robots.txt tarafından engellendi	login_blocked_but_hides_product	308_login_next_to_product		en	shop_pdp	market-reyonlari	eq-lotus-lb-eq27		True	False	https://equsto.com/en/login.html?next=/en/shop/market-reyonlari/eq-lotus-lb-eq27	2026-09-16
P0_RECOVER_PRODUCT	COMMERCE_LEAK_ROBOTS_LOGIN	Robots.txt tarafından engellendi	login_blocked_but_hides_product	308_login_next_to_product		en	shop_pdp	market-reyonlari	eq-papatya-nv-eq3		True	False	https://equsto.com/en/login?mode=register&next=/en/shop/market-reyonlari/eq-papatya-nv-eq3	2026-09-16
P0_RECOVER_PRODUCT	COMMERCE_LEAK_ROBOTS_LOGIN	Robots.txt tarafından engellendi	login_blocked_but_hides_product	308_login_next_to_product		en	shop_pdp	market-reyonlari	eq-fulya-hf-fg-eq21		True	False	https://equsto.com/en/login?mode=register&next=/en/shop/market-reyonlari/eq-fulya-hf-fg-eq21	2026-09-16
P0_RECOVER_PRODUCT	COMMERCE_LEAK_ROBOTS_LOGIN	Robots.txt tarafından engellendi	login_blocked_but_hides_product	308_login_next_to_product	high	en	shop_pdp	set-ustu-mutfak	0356-31144-01	/en/shop/set-ustu-mutfak/0356-31144-01	True	True	https://equsto.com/en/login.html?next=/en/shop/set-ustu-mutfak/0356-31144-01	2026-09-16
P0_RECOVER_PRODUCT	COMMERCE_LEAK_ROBOTS_LOGIN	Robots.txt tarafından engellendi	login_blocked_but_hides_product	308_login_next_to_product		en	shop_pdp	market-reyonlari	eq-fulya-nv-fg-eq24		True	False	https://equsto.com/en/login?mode=register&next=/en/shop/market-reyonlari/eq-fulya-nv-fg-eq24	2026-09-16
P0_RECOVER_PRODUCT	COMMERCE_LEAK_ROBOTS_LOGIN	Robots.txt tarafından engellendi	login_blocked_but_hides_product	308_login_next_to_product	high	en	shop_pdp	set-ustu-mutfak	8310-13100-00	/en/shop/set-ustu-mutfak/8310-13100-00	True	True	https://equsto.com/en/login.html?next=/en/shop/set-ustu-mutfak/8310-13100-00	2026-09-16
P0_RECOVER_PRODUCT	COMMERCE_LEAK_ROBOTS_LOGIN	Robots.txt tarafından engellendi	login_blocked_but_hides_product	308_login_next_to_product	high	en	shop_pdp	pisirme	aei-870-nd	/en/shop/pisirme/aei-870-nd	True	True	https://equsto.com/en/login.html?next=/en/shop/pisirme/aei-870-nd	2026-09-16
P0_RECOVER_PRODUCT	COMMERCE_LEAK_ROBOTS_LOGIN	Robots.txt tarafından engellendi	login_blocked_but_hides_product	308_login_next_to_product	high	en	shop_pdp	dolap	7911-16070-23	/en/shop/tezgah/7911-16070-23	True	True	https://equsto.com/en/login.html?next=/en/shop/dolap/7911-16070-23	2026-09-16
P0_RECOVER_PRODUCT	COMMERCE_LEAK_ROBOTS_LOGIN	Robots.txt tarafından engellendi	login_blocked_but_hides_product	308_login_next_to_product	high	en	shop_pdp	set-ustu-mutfak	0311-14100-10	/en/shop/set-ustu-mutfak/0311-14100-10	True	True	https://equsto.com/en/login.html?next=/en/shop/set-ustu-mutfak/0311-14100-10	2026-09-16
P0_RECOVER_PRODUCT	COMMERCE_LEAK_ROBOTS_LOGIN	Robots.txt tarafından engellendi	login_blocked_but_hides_product	308_login_next_to_product	high	en	shop_pdp	araba	mt196g	/en/shop/araba/mt196g	True	True	https://equsto.com/en/login.html?next=/en/shop/araba/mt196g	2026-09-16
P0_RECOVER_PRODUCT	COMMERCE_LEAK_ROBOTS_LOGIN	Robots.txt tarafından engellendi	login_blocked_but_hides_product	308_login_next_to_product	high	en	shop_pdp	set-ustu-mutfak	0210-45608-12	/en/shop/set-ustu-mutfak/0210-45608-12	True	True	https://equsto.com/en/login?mode=register&next=/en/shop/set-ustu-mutfak/0210-45608-12	2026-09-16
P0_RECOVER_PRODUCT	COMMERCE_LEAK_ROBOTS_LOGIN	Robots.txt tarafından engellendi	login_blocked_but_hides_product	308_login_next_to_product		en	other		/en/industrial-kitchen-equipment-turkey		True	False	https://equsto.com/en/login.html?next=/en/industrial-kitchen-equipment-turkey	2026-09-16
P0_RECOVER_PRODUCT	COMMERCE_LEAK_ROBOTS_LOGIN	Robots.txt tarafından engellendi	login_blocked_but_hides_product	308_login_next_to_product	high	en	shop_pdp	pisirme	ino-zmd-7ig30s	/en/shop/pisirme/ino-zmd-7ig30s	True	True	https://equsto.com/en/login?mode=register&next=/en/shop/pisirme/ino-zmd-7ig30s	2026-09-16
P0_RECOVER_PRODUCT	COMMERCE_LEAK_ROBOTS_LOGIN	Robots.txt tarafından engellendi	login_blocked_but_hides_product	308_login_next_to_product	high	en	shop_pdp	istif	tm3080123	/en/shop/istif/tm3080123	True	False	https://equsto.com/en/login.html?next=/en/shop/istif/tm3080123	2026-09-16
P0_RECOVER_PRODUCT	COMMERCE_LEAK_ROBOTS_LOGIN	Robots.txt tarafından engellendi	login_blocked_but_hides_product	308_login_next_to_product	high	en	shop_pdp	hazirlik	vsc-616de	/en/shop/hazirlik/vsc-616de	True	True	https://equsto.com/en/login.html?next=/en/shop/hazirlik/vsc-616de	2026-09-16
P0_RECOVER_PRODUCT	COMMERCE_LEAK_ROBOTS_LOGIN	Robots.txt tarafından engellendi	login_blocked_but_hides_product	308_login_next_to_product	high	en	shop_pdp	tezgah	7911-12070-00	/en/shop/tezgah/7911-12070-00	True	True	https://equsto.com/en/login.html?next=/en/shop/tezgah/7911-12070-00	2026-09-16
P0_RECOVER_PRODUCT	COMMERCE_LEAK_ROBOTS_LOGIN	Robots.txt tarafından engellendi	login_blocked_but_hides_product	308_login_next_to_product	high	en	shop_pdp	sogutma	asbhdg-4n70e	/en/shop/sogutma/asbhdg-4n70e	True	True	https://equsto.com/en/login?mode=register&next=/en/shop/sogutma/asbhdg-4n70e	2026-09-16
P0_RECOVER_PRODUCT	COMMERCE_LEAK_ROBOTS_LOGIN	Robots.txt tarafından engellendi	login_blocked_but_hides_product	308_login_next_to_product	high	en	shop_pdp	market-reyonlari	eq-falcon-eq138	/en/shop/market-reyonlari/eq-falcon-eq138	True	True	https://equsto.com/en/login.html?next=/en/shop/market-reyonlari/eq-falcon-eq138	2026-09-16
P0_RECOVER_PRODUCT	COMMERCE_LEAK_ROBOTS_LOGIN	Robots.txt tarafından engellendi	login_blocked_but_hides_product	308_login_next_to_product	high	en	shop_pdp	tezgah	7911-09060-08	/en/shop/tezgah/7911-09060-08	True	True	https://equsto.com/en/login.html?next=/en/shop/tezgah/7911-09060-08	2026-09-16
P0_RECOVER_PRODUCT	COMMERCE_LEAK_ROBOTS_LOGIN	Robots.txt tarafından engellendi	login_blocked_but_hides_product	308_login_next_to_product	high	en	shop_pdp	tezgah	eq-kmertt01-14070	/en/shop/tezgah/eq-kmertt01-14070	True	True	https://equsto.com/en/login.html?next=/en/shop/tezgah/eq-kmertt01-14070	2026-09-16
P0_RECOVER_PRODUCT	COMMERCE_LEAK_ROBOTS_LOGIN	Robots.txt tarafından engellendi	login_blocked_but_hides_product	308_login_next_to_product	high	en	shop_pdp	pisirme	akm-4002	/en/shop/pisirme/akm-4002	True	True	https://equsto.com/en/login.html?next=/en/shop/pisirme/akm-4002	2026-09-16
P0_RECOVER_PRODUCT	COMMERCE_LEAK_ROBOTS_LOGIN	Robots.txt tarafından engellendi	login_blocked_but_hides_product	308_login_next_to_product	high	en	shop_pdp	market-reyonlari	eq-whale-eq3	/en/shop/market-reyonlari/eq-whale-eq3	True	True	https://equsto.com/en/login?mode=register&next=/en/shop/market-reyonlari/eq-whale-eq3	2026-09-16
P0_RECOVER_PRODUCT	COMMERCE_LEAK_ROBOTS_LOGIN	Robots.txt tarafından engellendi	login_blocked_but_hides_product	308_login_next_to_product	high	en	shop_pdp	pisirme	9890-x2021-eg	/en/shop/pisirme/9890-x2021-eg	True	True	https://equsto.com/en/login?mode=register&next=/en/shop/pisirme/9890-x2021-eg	2026-09-16
P0_RECOVER_PRODUCT	COMMERCE_LEAK_ROBOTS_LOGIN	Robots.txt tarafından engellendi	login_blocked_but_hides_product	308_login_next_to_product	high	en	shop_pdp	set-ustu-mutfak	0311-23040-21	/en/shop/set-ustu-mutfak/0311-23040-21	True	True	https://equsto.com/en/login.html?next=/en/shop/set-ustu-mutfak/0311-23040-21	2026-09-16
P0_RECOVER_PRODUCT	COMMERCE_LEAK_ROBOTS_LOGIN	Robots.txt tarafından engellendi	login_blocked_but_hides_product	308_login_next_to_product	high	en	shop_pdp	set-ustu-mutfak	0314-24020-01	/en/shop/set-ustu-mutfak/0314-24020-01	True	True	https://equsto.com/en/login.html?next=/en/shop/set-ustu-mutfak/0314-24020-01	2026-09-16
P0_RECOVER_PRODUCT	COMMERCE_LEAK_ROBOTS_LOGIN	Robots.txt tarafından engellendi	login_blocked_but_hides_product	308_login_next_to_product	high	en	shop_pdp	hazirlik	9810-mp350-u0	/en/shop/hazirlik/9810-mp350-u0	True	True	https://equsto.com/en/login.html?next=/en/shop/hazirlik/9810-mp350-u0	2026-09-16
P0_RECOVER_PRODUCT	COMMERCE_LEAK_ROBOTS_LOGIN	Robots.txt tarafından engellendi	login_blocked_but_hides_product	308_login_next_to_product	high	en	shop_pdp	tezgah	ino-kdv4	/en/shop/tezgah/ino-kdv4	True	True	https://equsto.com/en/login?mode=register&next=/en/shop/tezgah/ino-kdv4	2026-09-16
P0_RECOVER_PRODUCT	COMMERCE_LEAK_ROBOTS_LOGIN	Robots.txt tarafından engellendi	login_blocked_but_hides_product	308_login_next_to_product	high	en	shop_pdp	tezgah	eq-kptt05-12070	/en/shop/tezgah/eq-kptt05-12070	True	True	https://equsto.com/en/login.html?next=/en/shop/tezgah/eq-kptt05-12070	2026-09-16
P0_RECOVER_PRODUCT	COMMERCE_LEAK_ROBOTS_LOGIN	Robots.txt tarafından engellendi	login_blocked_but_hides_product	308_login_next_to_product		en	shop_pdp	market-reyonlari	eq-papatya-hf-eq8		True	False	https://equsto.com/en/login.html?next=/en/shop/market-reyonlari/eq-papatya-hf-eq8	2026-09-16
P0_RECOVER_PRODUCT	COMMERCE_LEAK_ROBOTS_LOGIN	Robots.txt tarafından engellendi	login_blocked_but_hides_product	308_login_next_to_product		en	shop_pdp	market-reyonlari	eq-fulya-hf-pn-eq15		True	False	https://equsto.com/en/login.html?next=/en/shop/market-reyonlari/eq-fulya-hf-pn-eq15	2026-09-16
P0_RECOVER_PRODUCT	COMMERCE_LEAK_ROBOTS_LOGIN	Robots.txt tarafından engellendi	login_blocked_but_hides_product	308_login_next_to_product	high	en	shop_pdp	tezgah	7919-36ntv-c2	/en/shop/tezgah/7919-36ntv-c2	True	True	https://equsto.com/en/login?mode=register&next=/en/shop/tezgah/7919-36ntv-c2	2026-09-16
P0_RECOVER_PRODUCT	COMMERCE_LEAK_ROBOTS_LOGIN	Robots.txt tarafından engellendi	login_blocked_but_hides_product	308_login_next_to_product	high	en	shop_pdp	tezgah	7911-10070-95	/en/shop/tezgah/7911-10070-95	True	True	https://equsto.com/en/login?mode=register&next=/en/shop/tezgah/7911-10070-95	2026-09-16
P0_RECOVER_PRODUCT	COMMERCE_LEAK_ROBOTS_LOGIN	Robots.txt tarafından engellendi	login_blocked_but_hides_product	308_login_next_to_product	high	en	shop_pdp	sogutma	710049	/en/shop/sogutma/710049	True	True	https://equsto.com/en/login.html?next=/en/shop/sogutma/710049	2026-09-16
P0_RECOVER_PRODUCT	COMMERCE_LEAK_ROBOTS_LOGIN	Robots.txt tarafından engellendi	login_blocked_but_hides_product	308_login_next_to_product	high	en	shop_pdp	davlumbaz	7885-25125-12	/en/shop/davlumbaz/7885-25125-12	True	True	https://equsto.com/en/login?mode=register&next=/en/shop/davlumbaz/7885-25125-12	2026-09-16
P0_RECOVER_PRODUCT	COMMERCE_LEAK_ROBOTS_LOGIN	Robots.txt tarafından engellendi	login_blocked_but_hides_product	308_login_next_to_product	high	en	shop_pdp	market-reyonlari	eq-falcon-eq19	/en/shop/market-reyonlari/eq-falcon-eq19	True	True	https://equsto.com/en/login.html?next=/en/shop/market-reyonlari/eq-falcon-eq19	2026-09-16
P0_RECOVER_PRODUCT	COMMERCE_LEAK_ROBOTS_LOGIN	Robots.txt tarafından engellendi	login_blocked_but_hides_product	308_login_next_to_product	high	en	shop_pdp	pisirme	7864-n1-60603-70	/en/shop/pisirme/7864-n1-60603-70	True	True	https://equsto.com/en/login?next=/en/shop/pisirme/7864-n1-60603-70	2026-09-16
P0_RECOVER_PRODUCT	COMMERCE_LEAK_ROBOTS_LOGIN	Robots.txt tarafından engellendi	login_blocked_but_hides_product	308_login_next_to_product	high	en	shop_pdp	hazirlik	9860-mp450-c0	/en/shop/hazirlik/9860-mp450-c0	True	True	https://equsto.com/en/login?mode=register&next=/en/shop/hazirlik/9860-mp450-c0	2026-09-15
P0_RECOVER_PRODUCT	COMMERCE_LEAK_ROBOTS_LOGIN	Robots.txt tarafından engellendi	login_blocked_but_hides_product	308_login_next_to_product	high	en	shop_pdp	pisirme	spr73-1	/en/shop/pisirme/spr73-1	True	True	https://equsto.com/en/login.html?next=/en/shop/pisirme/spr73-1	2026-09-15
P0_RECOVER_PRODUCT	COMMERCE_LEAK_ROBOTS_LOGIN	Robots.txt tarafından engellendi	login_blocked_but_hides_product	308_login_next_to_product	high	en	shop_pdp	pisirme	npicco22-8	/en/shop/pisirme/npicco22-8	True	True	https://equsto.com/en/login?mode=register&next=/en/shop/pisirme/npicco22-8	2026-09-15
P0_RECOVER_PRODUCT	COMMERCE_LEAK_ROBOTS_LOGIN	Robots.txt tarafından engellendi	login_blocked_but_hides_product	308_login_next_to_product		en	shop_pdp	market-reyonlari	eq-fulya-nv-fg-sky-eq13		True	False	https://equsto.com/en/login?mode=register&next=/en/shop/market-reyonlari/eq-fulya-nv-fg-sky-eq13	2026-09-15
P0_RECOVER_PRODUCT	COMMERCE_LEAK_ROBOTS_LOGIN	Robots.txt tarafından engellendi	login_blocked_but_hides_product	308_login_next_to_product	high	en	shop_pdp	pisirme	aat-890s	/en/shop/pisirme/aat-890s	True	True	https://equsto.com/en/login.html?next=/en/shop/pisirme/aat-890s	2026-09-15
P0_RECOVER_PRODUCT	COMMERCE_LEAK_ROBOTS_LOGIN	Robots.txt tarafından engellendi	login_blocked_but_hides_product	308_login_next_to_product	high	en	shop_pdp	pisirme	ino-zmd-7tn10	/en/shop/pisirme/ino-zmd-7tn10	True	True	https://equsto.com/en/login.html?next=/en/shop/pisirme/ino-zmd-7tn10	2026-09-15
P0_RECOVER_PRODUCT	COMMERCE_LEAK_ROBOTS_LOGIN	Robots.txt tarafından engellendi	login_blocked_but_hides_product	308_login_next_to_product	high	en	shop_pdp	tezgah	7754-187c8-25	/en/shop/tezgah/7754-187c8-25	True	True	https://equsto.com/en/login.html?next=/en/shop/tezgah/7754-187c8-25	2026-09-15
P0_RECOVER_PRODUCT	COMMERCE_LEAK_ROBOTS_LOGIN	Robots.txt tarafından engellendi	login_blocked_but_hides_product	308_login_next_to_product	high	en	shop_pdp	tezgah	7754-196e5-25	/en/shop/tezgah/7754-196e5-25	True	True	https://equsto.com/en/login?mode=register&next=/en/shop/tezgah/7754-196e5-25	2026-09-15
P0_RECOVER_PRODUCT	COMMERCE_LEAK_ROBOTS_LOGIN	Robots.txt tarafından engellendi	login_blocked_but_hides_product	308_login_next_to_product	high	en	shop_pdp	tezgah	7758-187c8-35	/en/shop/tezgah/7758-187c8-35	True	True	https://equsto.com/en/login?mode=register&next=/en/shop/tezgah/7758-187c8-35	2026-09-15
P0_RECOVER_PRODUCT	COMMERCE_LEAK_ROBOTS_LOGIN	Robots.txt tarafından engellendi	login_blocked_but_hides_product	308_login_next_to_product	high	en	shop_pdp	pisirme	ino-9fe20s-s	/en/shop/pisirme/ino-9fe20s-s	True	True	https://equsto.com/en/login.html?next=/en/shop/pisirme/ino-9fe20s-s	2026-09-15
P0_RECOVER_PRODUCT	COMMERCE_LEAK_ROBOTS_LOGIN	Robots.txt tarafından engellendi	login_blocked_but_hides_product	308_login_next_to_product	high	en	shop_pdp	set-ustu-mutfak	9563-hbh65-00	/en/shop/set-ustu-mutfak/9563-hbh65-00	True	True	https://equsto.com/en/login.html?next=/en/shop/set-ustu-mutfak/9563-hbh65-00	2026-09-15
P0_RECOVER_PRODUCT	COMMERCE_LEAK_ROBOTS_LOGIN	Robots.txt tarafından engellendi	login_blocked_but_hides_product	308_login_next_to_product	high	en	shop_pdp	set-ustu-mutfak	9853-60165-00	/en/shop/set-ustu-mutfak/9853-60165-00	True	True	https://equsto.com/en/login?mode=register&next=/en/shop/set-ustu-mutfak/9853-60165-00	2026-09-15
P0_RECOVER_PRODUCT	COMMERCE_LEAK_ROBOTS_LOGIN	Robots.txt tarafından engellendi	login_blocked_but_hides_product	308_login_next_to_product	high	en	shop_pdp	pisirme	aba-102-1	/en/shop/pisirme/aba-102-1	True	True	https://equsto.com/en/login.html?next=/en/shop/pisirme/aba-102-1	2026-09-15
P0_RECOVER_PRODUCT	COMMERCE_LEAK_ROBOTS_LOGIN	Robots.txt tarafından engellendi	login_blocked_but_hides_product	308_login_next_to_product	high	tr	shop_pdp	pisirme	ino-zco-9ie20	/shop/pisirme/ino-zco-9ie20	True	True	https://equsto.com/en/login?next=/shop/pisirme/ino-zco-9ie20	2026-09-15
P0_RECOVER_PRODUCT	COMMERCE_LEAK_ROBOTS_LOGIN	Robots.txt tarafından engellendi	login_blocked_but_hides_product	308_login_next_to_product	high	en	shop_pdp	market-reyonlari	eq-falcon-eq180	/en/shop/market-reyonlari/eq-falcon-eq180	True	True	https://equsto.com/en/login?mode=register&next=/en/shop/market-reyonlari/eq-falcon-eq180	2026-09-15
P0_RECOVER_PRODUCT	COMMERCE_LEAK_ROBOTS_LOGIN	Robots.txt tarafından engellendi	login_blocked_but_hides_product	308_login_next_to_product	high	en	shop_pdp	pisirme	npicco22-1	/en/shop/pisirme/npicco22-1	True	True	https://equsto.com/en/login?mode=register&next=/en/shop/pisirme/npicco22-1	2026-09-15
P0_RECOVER_PRODUCT	COMMERCE_LEAK_ROBOTS_LOGIN	Robots.txt tarafından engellendi	login_blocked_but_hides_product	308_login_next_to_product	med	en	shop_pdp	davlumbaz	pimak-25255-10	/en/shop/davlumbaz/7885-25255-10	True	True	https://equsto.com/en/login.html?next=/en/shop/davlumbaz/pimak-25255-10	2026-09-15
P0_RECOVER_PRODUCT	COMMERCE_LEAK_ROBOTS_LOGIN	Robots.txt tarafından engellendi	login_blocked_but_hides_product	308_login_next_to_product		en	shop_pdp	market-reyonlari	eq-lale-eq17		True	False	https://equsto.com/en/login.html?next=/en/shop/market-reyonlari/eq-lale-eq17	2026-09-15
P0_RECOVER_PRODUCT	COMMERCE_LEAK_ROBOTS_LOGIN	Robots.txt tarafından engellendi	login_blocked_but_hides_product	308_login_next_to_product	high	en	shop_pdp	market-reyonlari	eq-lion-tgd-eq45	/en/shop/market-reyonlari/eq-lion-tgd-eq45	True	True	https://equsto.com/en/login?mode=register&next=/en/shop/market-reyonlari/eq-lion-tgd-eq45	2026-09-15
P0_RECOVER_PRODUCT	COMMERCE_LEAK_ROBOTS_LOGIN	Robots.txt tarafından engellendi	login_blocked_but_hides_product	308_login_next_to_product	high	en	shop_pdp	set-ustu-mutfak	9563-hbb25-00	/en/shop/set-ustu-mutfak/9563-hbb25-00	True	True	https://equsto.com/en/login.html?next=/en/shop/set-ustu-mutfak/9563-hbb25-00	2026-09-15
P0_RECOVER_PRODUCT	COMMERCE_LEAK_ROBOTS_LOGIN	Robots.txt tarafından engellendi	login_blocked_but_hides_product	308_login_next_to_product	high	en	shop_pdp	tezgah	7919-37ntv-c1	/en/shop/tezgah/7919-37ntv-c1	True	True	https://equsto.com/en/login?mode=register&next=/en/shop/tezgah/7919-37ntv-c1	2026-09-15
P0_RECOVER_PRODUCT	COMMERCE_LEAK_ROBOTS_LOGIN	Robots.txt tarafından engellendi	login_blocked_but_hides_product	308_login_next_to_product	high	en	shop_pdp	pisirme	spr16-2	/en/shop/pisirme/spr16-2	True	True	https://equsto.com/en/login.html?next=/en/shop/pisirme/spr16-2	2026-09-15
P0_RECOVER_PRODUCT	COMMERCE_LEAK_ROBOTS_LOGIN	Robots.txt tarafından engellendi	login_blocked_but_hides_product	308_login_next_to_product		en	shop_pdp	hazirlik	rc-22382		True	False	https://equsto.com/en/login.html?next=/en/shop/hazirlik/rc-22382	2026-09-15
P0_RECOVER_PRODUCT	COMMERCE_LEAK_ROBOTS_LOGIN	Robots.txt tarafından engellendi	login_blocked_but_hides_product	308_login_next_to_product		en	shop_pdp	market-reyonlari	eq-lale-eq6		True	False	https://equsto.com/en/login.html?next=/en/shop/market-reyonlari/eq-lale-eq6	2026-09-15
P0_RECOVER_PRODUCT	COMMERCE_LEAK_ROBOTS_LOGIN	Robots.txt tarafından engellendi	login_blocked_but_hides_product	308_login_next_to_product	high	en	shop_pdp	tezgah	ino-krc170	/en/shop/tezgah/ino-krc170	True	True	https://equsto.com/en/login?mode=register&next=/en/shop/tezgah/ino-krc170	2026-09-15
P0_RECOVER_PRODUCT	COMMERCE_LEAK_ROBOTS_LOGIN	Robots.txt tarafından engellendi	login_blocked_but_hides_product	308_login_next_to_product	high	en	shop_pdp	tezgah	eq-kct04-16070	/en/shop/tezgah/eq-kct04-16070	True	True	https://equsto.com/en/login.html?next=/en/shop/tezgah/eq-kct04-16070	2026-09-15
P0_RECOVER_PRODUCT	COMMERCE_LEAK_ROBOTS_LOGIN	Robots.txt tarafından engellendi	login_blocked_but_hides_product	308_login_next_to_product	high	en	shop_pdp	hazirlik	vsc-mt58-pt	/en/shop/hazirlik/vsc-mt58-pt	True	True	https://equsto.com/en/login?mode=register&next=/en/shop/hazirlik/vsc-mt58-pt	2026-09-15
P0_RECOVER_PRODUCT	COMMERCE_LEAK_ROBOTS_LOGIN	Robots.txt tarafından engellendi	login_blocked_but_hides_product	308_login_next_to_product		en	shop_pdp	market-reyonlari	eq-nergis-fg-eq57		True	False	https://equsto.com/en/login?next=/en/shop/market-reyonlari/eq-nergis-fg-eq57	2026-09-15
P0_RECOVER_PRODUCT	COMMERCE_LEAK_ROBOTS_LOGIN	Robots.txt tarafından engellendi	login_blocked_but_hides_product	308_login_next_to_product		en	shop_pdp	market-reyonlari	eq-fulya-nv-lm-eq24		True	False	https://equsto.com/en/login.html?next=/en/shop/market-reyonlari/eq-fulya-nv-lm-eq24	2026-09-15
P0_RECOVER_PRODUCT	COMMERCE_LEAK_ROBOTS_LOGIN	Robots.txt tarafından engellendi	login_blocked_but_hides_product	308_login_next_to_product	high	en	shop_pdp	set-ustu-mutfak	0311-12200-10	/en/shop/set-ustu-mutfak/0311-12200-10	True	True	https://equsto.com/en/login.html?next=/en/shop/set-ustu-mutfak/0311-12200-10	2026-09-15
P0_RECOVER_PRODUCT	COMMERCE_LEAK_ROBOTS_LOGIN	Robots.txt tarafından engellendi	login_blocked_but_hides_product	308_login_next_to_product	high	en	shop_pdp	yikama	ino-bym100-k	/en/shop/yikama/ino-bym100-k	True	True	https://equsto.com/en/login?mode=register&next=/en/shop/yikama/ino-bym100-k	2026-09-15
P0_RECOVER_PRODUCT	COMMERCE_LEAK_ROBOTS_LOGIN	Robots.txt tarafından engellendi	login_blocked_but_hides_product	308_login_next_to_product	high	en	shop_pdp	market-reyonlari	eq-falcon-eq103	/en/shop/market-reyonlari/eq-falcon-eq103	True	True	https://equsto.com/en/login.html?next=/en/shop/market-reyonlari/eq-falcon-eq103	2026-09-15
P0_RECOVER_PRODUCT	COMMERCE_LEAK_ROBOTS_LOGIN	Robots.txt tarafından engellendi	login_blocked_but_hides_product	308_login_next_to_product	high	en	shop_pdp	set-ustu-mutfak	0311-12020-30	/en/shop/set-ustu-mutfak/0311-12020-30	True	True	https://equsto.com/en/login?mode=register&next=/en/shop/set-ustu-mutfak/0311-12020-30	2026-09-15
P0_RECOVER_PRODUCT	COMMERCE_LEAK_ROBOTS_LOGIN	Robots.txt tarafından engellendi	login_blocked_but_hides_product	308_login_next_to_product	high	en	shop_pdp	pisirme	8890-p9262-02	/en/shop/pisirme/8890-p9262-02	True	True	https://equsto.com/en/login.html?next=/en/shop/pisirme/8890-p9262-02	2026-09-15
P0_RECOVER_PRODUCT	COMMERCE_LEAK_ROBOTS_LOGIN	Robots.txt tarafından engellendi	login_blocked_but_hides_product	308_login_next_to_product		en	shop_hub	market-reyonlari			True	False	https://equsto.com/en/login.html?next=/en/shop/market-reyonlari?tip%3Dproso-sogutma-sistemleri	2026-09-15
P0_RECOVER_PRODUCT	COMMERCE_LEAK_ROBOTS_LOGIN	Robots.txt tarafından engellendi	login_blocked_but_hides_product	308_login_next_to_product		en	other		/en		True	False	https://equsto.com/en/login?mode=register&next=/en?k%3Dhazirlik	2026-09-15
P0_RECOVER_PRODUCT	COMMERCE_LEAK_ROBOTS_LOGIN	Robots.txt tarafından engellendi	login_blocked_but_hides_product	308_login_next_to_product	high	en	shop_pdp	set-ustu-mutfak	8325-b5060-4050	/en/shop/set-ustu-mutfak/8325-b5060-4050	True	True	https://equsto.com/en/login.html?next=/en/shop/set-ustu-mutfak/8325-b5060-4050	2026-09-15
P0_RECOVER_PRODUCT	COMMERCE_LEAK_ROBOTS_LOGIN	Robots.txt tarafından engellendi	login_blocked_but_hides_product	308_login_next_to_product	high	en	shop_pdp	tezgah	7758-126a8-13	/en/shop/tezgah/7758-126a8-13	True	True	https://equsto.com/en/login.html?next=/en/shop/tezgah/7758-126a8-13	2026-09-15
P0_RECOVER_PRODUCT	COMMERCE_LEAK_ROBOTS_LOGIN	Robots.txt tarafından engellendi	login_blocked_but_hides_product	308_login_next_to_product	high	en	shop_pdp	pisirme	eaeo-1060	/en/shop/pisirme/eaeo-1060	True	True	https://equsto.com/en/login?mode=register&next=/en/shop/pisirme/eaeo-1060	2026-09-15
P0_RECOVER_PRODUCT	COMMERCE_LEAK_ROBOTS_LOGIN	Robots.txt tarafından engellendi	login_blocked_but_hides_product	308_login_next_to_product	high	en	shop_pdp	market-reyonlari	eq-falcon-eq38	/en/shop/market-reyonlari/eq-falcon-eq38	True	True	https://equsto.com/en/login?mode=register&next=/en/shop/market-reyonlari/eq-falcon-eq38	2026-09-15
P0_RECOVER_PRODUCT	COMMERCE_LEAK_ROBOTS_LOGIN	Robots.txt tarafından engellendi	login_blocked_but_hides_product	308_login_next_to_product	high	en	shop_pdp	sogutma	7919-cr1517-00	/en/shop/sogutma/7919-cr1517-00	True	True	https://equsto.com/en/login?mode=register&next=/en/shop/sogutma/7919-cr1517-00	2026-09-15
P0_RECOVER_PRODUCT	COMMERCE_LEAK_ROBOTS_LOGIN	Robots.txt tarafından engellendi	login_blocked_but_hides_product	308_login_next_to_product	high	en	shop_pdp	pisirme	npicco27-4	/en/shop/pisirme/npicco27-4	True	True	https://equsto.com/en/login?mode=register&next=/en/shop/pisirme/npicco27-4	2026-09-15
P0_RECOVER_PRODUCT	COMMERCE_LEAK_ROBOTS_LOGIN	Robots.txt tarafından engellendi	login_blocked_but_hides_product	308_login_next_to_product	high	en	shop_pdp	pisirme	ino-9re25	/en/shop/pisirme/ino-9re25	True	True	https://equsto.com/en/login?mode=register&next=/en/shop/pisirme/ino-9re25	2026-09-15
P0_RECOVER_PRODUCT	COMMERCE_LEAK_ROBOTS_LOGIN	Robots.txt tarafından engellendi	login_blocked_but_hides_product	308_login_next_to_product	high	en	shop_pdp	set-ustu-mutfak	8310-0pp12-65	/en/shop/set-ustu-mutfak/8310-0pp12-65	True	True	https://equsto.com/en/login?mode=register&next=/en/shop/set-ustu-mutfak/8310-0pp12-65	2026-09-15
P0_RECOVER_PRODUCT	COMMERCE_LEAK_ROBOTS_LOGIN	Robots.txt tarafından engellendi	login_blocked_but_hides_product	308_login_next_to_product	high	en	shop_pdp	pisirme	391095	/en/shop/pisirme/391095	True	True	https://equsto.com/en/login.html?next=/en/shop/pisirme/391095	2026-09-15
P0_RECOVER_PRODUCT	COMMERCE_LEAK_ROBOTS_LOGIN	Robots.txt tarafından engellendi	login_blocked_but_hides_product	308_login_next_to_product	high	en	shop_pdp	icecek	8573-cde2s	/en/shop/icecek/8573-cde2s	True	True	https://equsto.com/en/login.html?next=/en/shop/icecek/8573-cde2s	2026-09-15
P0_RECOVER_PRODUCT	COMMERCE_LEAK_ROBOTS_LOGIN	Robots.txt tarafından engellendi	login_blocked_but_hides_product	308_login_next_to_product	high	en	shop_pdp	dolap	7754-207c5-25	/en/shop/tezgah/7754-207c5-25	True	True	https://equsto.com/en/login?mode=register&next=/en/shop/dolap/7754-207c5-25	2026-09-15
P0_RECOVER_PRODUCT	COMMERCE_LEAK_ROBOTS_LOGIN	Robots.txt tarafından engellendi	login_blocked_but_hides_product	308_login_next_to_product	high	en	shop_pdp	hazirlik	118-bl40l60c	/en/shop/hazirlik/118-bl40l60c	True	True	https://equsto.com/en/login.html?next=/en/shop/hazirlik/118-bl40l60c	2026-09-15
P0_RECOVER_PRODUCT	COMMERCE_LEAK_ROBOTS_LOGIN	Robots.txt tarafından engellendi	login_blocked_but_hides_product	308_login_next_to_product	high	en	shop_pdp	pisirme	ino-pdg303	/en/shop/pisirme/ino-pdg303	True	True	https://equsto.com/en/login?mode=register&next=/en/shop/pisirme/ino-pdg303	2026-09-15
P0_RECOVER_PRODUCT	COMMERCE_LEAK_ROBOTS_LOGIN	Robots.txt tarafından engellendi	login_blocked_but_hides_product	308_login_next_to_product	high	en	shop_pdp	tezgah	eq-khct04-12070	/en/shop/tezgah/eq-khct04-12070	True	True	https://equsto.com/en/login?mode=register&next=/en/shop/tezgah/eq-khct04-12070	2026-09-14
P0_RECOVER_PRODUCT	COMMERCE_LEAK_ROBOTS_LOGIN	Robots.txt tarafından engellendi	login_blocked_but_hides_product	308_login_next_to_product	high	en	shop_pdp	sogutma	9805-spn40-50	/en/shop/sogutma/9805-spn40-50	True	True	https://equsto.com/en/login?mode=register&next=/en/shop/sogutma/9805-spn40-50	2026-09-14
P0_RECOVER_PRODUCT	COMMERCE_LEAK_ROBOTS_LOGIN	Robots.txt tarafından engellendi	login_blocked_but_hides_product	308_login_next_to_product	high	en	shop_pdp	sogutma	ttr-4n60	/en/shop/sogutma/ttr-4n60	True	True	https://equsto.com/en/login?mode=register&next=/en/shop/sogutma/ttr-4n60	2026-09-14
P0_RECOVER_PRODUCT	COMMERCE_LEAK_ROBOTS_LOGIN	Robots.txt tarafından engellendi	login_blocked_but_hides_product	308_login_next_to_product	high	en	shop_pdp	pisirme	ino-zco-7ke20	/en/shop/pisirme/ino-zco-7ke20	True	True	https://equsto.com/en/login.html?next=/en/shop/pisirme/ino-zco-7ke20	2026-09-14
P0_RECOVER_PRODUCT	COMMERCE_LEAK_ROBOTS_LOGIN	Robots.txt tarafından engellendi	login_blocked_but_hides_product	308_login_next_to_product	high	en	shop_pdp	tezgah	7911-12080-22	/en/shop/tezgah/7911-12080-22	True	True	https://equsto.com/en/login.html?next=/en/shop/tezgah/7911-12080-22	2026-09-14
P0_RECOVER_PRODUCT	COMMERCE_LEAK_ROBOTS_LOGIN	Robots.txt tarafından engellendi	login_blocked_but_hides_product	308_login_next_to_product	high	en	shop_pdp	hazirlik	7758-19070-08	/en/shop/hazirlik/7758-19070-08	True	True	https://equsto.com/en/login.html?next=/en/shop/hazirlik/7758-19070-08	2026-09-14
P0_RECOVER_PRODUCT	COMMERCE_LEAK_ROBOTS_LOGIN	Robots.txt tarafından engellendi	login_blocked_but_hides_product	308_login_next_to_product	high	en	shop_pdp	set-ustu-mutfak	0210-50705-13	/en/shop/set-ustu-mutfak/0210-50705-13	True	True	https://equsto.com/en/login?mode=register&next=/en/shop/set-ustu-mutfak/0210-50705-13	2026-09-14
P0_RECOVER_PRODUCT	COMMERCE_LEAK_ROBOTS_LOGIN	Robots.txt tarafından engellendi	login_blocked_but_hides_product	308_login_next_to_product	high	en	shop_pdp	set-ustu-mutfak	8325-acsh7-w15	/en/shop/set-ustu-mutfak/8325-acsh7-w15	True	True	https://equsto.com/en/login?mode=register&next=/en/shop/set-ustu-mutfak/8325-acsh7-w15	2026-09-14
P0_RECOVER_PRODUCT	COMMERCE_LEAK_ROBOTS_LOGIN	Robots.txt tarafından engellendi	login_blocked_but_hides_product	308_login_next_to_product	high	en	shop_pdp	sogutma	710012	/en/shop/sogutma/710012	True	False	https://equsto.com/en/login.html?next=/en/shop/sogutma/710012	2026-09-14
P0_RECOVER_PRODUCT	COMMERCE_LEAK_ROBOTS_LOGIN	Robots.txt tarafından engellendi	login_blocked_but_hides_product	308_login_next_to_product	high	en	shop_pdp	tezgah	7919-15lts-00	/en/shop/tezgah/7919-15lts-00	True	True	https://equsto.com/en/login.html?next=/en/shop/tezgah/7919-15lts-00	2026-09-14
P0_RECOVER_PRODUCT	COMMERCE_LEAK_ROBOTS_LOGIN	Robots.txt tarafından engellendi	login_blocked_but_hides_product	308_login_next_to_product	high	en	shop_pdp	market-reyonlari	eq-falcon-eq162	/en/shop/market-reyonlari/eq-falcon-eq162	True	True	https://equsto.com/en/login.html?next=/en/shop/market-reyonlari/eq-falcon-eq162	2026-09-14
P0_RECOVER_PRODUCT	COMMERCE_LEAK_ROBOTS_LOGIN	Robots.txt tarafından engellendi	login_blocked_but_hides_product	308_login_next_to_product	high	en	shop_pdp	davlumbaz	eq-kdavot01-200100	/en/shop/davlumbaz/eq-kdavot01-200100	True	True	https://equsto.com/en/login.html?next=/en/shop/davlumbaz/eq-kdavot01-200100	2026-09-14
P0_RECOVER_PRODUCT	COMMERCE_LEAK_ROBOTS_LOGIN	Robots.txt tarafından engellendi	login_blocked_but_hides_product	308_login_next_to_product	high	en	shop_pdp	pisirme	ino-7kg20	/en/shop/pisirme/ino-7kg20	True	True	https://equsto.com/en/login?mode=register&next=/en/shop/pisirme/ino-7kg20	2026-09-14
P0_RECOVER_PRODUCT	COMMERCE_LEAK_ROBOTS_LOGIN	Robots.txt tarafından engellendi	login_blocked_but_hides_product	308_login_next_to_product	high	en	shop_pdp	market-reyonlari	eq-falcon-eq63	/en/shop/market-reyonlari/eq-falcon-eq63	True	True	https://equsto.com/en/login.html?next=/en/shop/market-reyonlari/eq-falcon-eq63	2026-09-14
P0_RECOVER_PRODUCT	COMMERCE_LEAK_ROBOTS_LOGIN	Robots.txt tarafından engellendi	login_blocked_but_hides_product	308_login_next_to_product	high	en	shop_pdp	market-reyonlari	eq-falcon-eq49	/en/shop/market-reyonlari/eq-falcon-eq49	True	True	https://equsto.com/en/login.html?next=/en/shop/market-reyonlari/eq-falcon-eq49	2026-09-14
P0_RECOVER_PRODUCT	COMMERCE_LEAK_ROBOTS_LOGIN	Robots.txt tarafından engellendi	login_blocked_but_hides_product	308_login_next_to_product	high	en	shop_pdp	pisirme	npicco32-1	/en/shop/pisirme/npicco32-1	True	True	https://equsto.com/en/login?mode=register&next=/en/shop/pisirme/npicco32-1	2026-09-14
P0_RECOVER_PRODUCT	COMMERCE_LEAK_ROBOTS_LOGIN	Robots.txt tarafından engellendi	login_blocked_but_hides_product	308_login_next_to_product	high	en	shop_pdp	sogutma	79e3-pzc72-l0	/en/shop/sogutma/79e3-pzc72-l0	True	True	https://equsto.com/en/login?mode=register&next=/en/shop/sogutma/79e3-pzc72-l0	2026-09-14
P0_RECOVER_PRODUCT	COMMERCE_LEAK_ROBOTS_LOGIN	Robots.txt tarafından engellendi	login_blocked_but_hides_product	308_login_next_to_product	high	en	shop_pdp	set-ustu-mutfak	0311-23100-21	/en/shop/set-ustu-mutfak/0311-23100-21	True	True	https://equsto.com/en/login.html?next=/en/shop/set-ustu-mutfak/0311-23100-21	2026-09-14
P0_RECOVER_PRODUCT	COMMERCE_LEAK_ROBOTS_LOGIN	Robots.txt tarafından engellendi	login_blocked_but_hides_product	308_login_next_to_product	high	en	shop_pdp	tezgah	ino-krn160c	/en/shop/tezgah/ino-krn160c	True	True	https://equsto.com/en/login.html?next=/en/shop/tezgah/ino-krn160c	2026-09-14
P0_RECOVER_PRODUCT	COMMERCE_LEAK_ROBOTS_LOGIN	Robots.txt tarafından engellendi	login_blocked_but_hides_product	308_login_next_to_product	high	en	shop_pdp	sogutma	sbb-2n70e	/en/shop/sogutma/sbb-2n70e	True	True	https://equsto.com/en/login?mode=register&next=/en/shop/sogutma/sbb-2n70e	2026-09-14
P0_RECOVER_PRODUCT	COMMERCE_LEAK_ROBOTS_LOGIN	Robots.txt tarafından engellendi	login_blocked_but_hides_product	308_login_next_to_product	high	en	shop_pdp	tasima	7999-08015-80	/en/shop/tasima/7999-08015-80	True	True	https://equsto.com/en/login.html?next=/en/shop/tasima/7999-08015-80	2026-09-14
P0_RECOVER_PRODUCT	COMMERCE_LEAK_ROBOTS_LOGIN	Robots.txt tarafından engellendi	login_blocked_but_hides_product	308_login_next_to_product		en	shop_pdp	market-reyonlari	eq-nergis-lb-fg-sky-eq11		True	False	https://equsto.com/en/login?mode=register&next=/en/shop/market-reyonlari/eq-nergis-lb-fg-sky-eq11	2026-09-14
P0_RECOVER_PRODUCT	COMMERCE_LEAK_ROBOTS_LOGIN	Robots.txt tarafından engellendi	login_blocked_but_hides_product	308_login_next_to_product		en	shop_pdp	sogutma	portabianco-pizza-buzdolabi-uc-kapili		True	False	https://equsto.com/en/login?mode=register&next=/en/shop/sogutma/portabianco-pizza-buzdolabi-uc-kapili	2026-09-14
P0_RECOVER_PRODUCT	COMMERCE_LEAK_ROBOTS_LOGIN	Robots.txt tarafından engellendi	login_blocked_but_hides_product	308_login_next_to_product	high	en	shop_pdp	hazirlik	vkm-ng3r	/en/shop/hazirlik/vkm-ng3r	True	True	https://equsto.com/en/login.html?next=/en/shop/hazirlik/vkm-ng3r	2026-09-14
P0_RECOVER_PRODUCT	COMMERCE_LEAK_ROBOTS_LOGIN	Robots.txt tarafından engellendi	login_blocked_but_hides_product	308_login_next_to_product	high	en	shop_pdp	set-ustu-mutfak	0311-23020-10	/en/shop/set-ustu-mutfak/0311-23020-10	True	True	https://equsto.com/en/login?mode=register&next=/en/shop/set-ustu-mutfak/0311-23020-10	2026-09-14
P0_RECOVER_PRODUCT	COMMERCE_LEAK_ROBOTS_LOGIN	Robots.txt tarafından engellendi	login_blocked_but_hides_product	308_login_next_to_product	high	en	shop_pdp	istif	8897-20ip4-073	/en/shop/istif/8897-20ip4-073	True	True	https://equsto.com/en/login.html?next=/en/shop/istif/8897-20ip4-073	2026-09-14
P0_RECOVER_PRODUCT	COMMERCE_LEAK_ROBOTS_LOGIN	Robots.txt tarafından engellendi	login_blocked_but_hides_product	308_login_next_to_product	high	en	shop_pdp	davlumbaz	7960-53347-02	/en/shop/davlumbaz/7960-53347-02	True	True	https://equsto.com/en/login?mode=register&next=/en/shop/davlumbaz/7960-53347-02	2026-09-14
P0_RECOVER_PRODUCT	COMMERCE_LEAK_ROBOTS_LOGIN	Robots.txt tarafından engellendi	login_blocked_but_hides_product	308_login_next_to_product	high	en	shop_pdp	hazirlik	2810-00060-14	/en/shop/hazirlik/2810-00060-14	True	True	https://equsto.com/en/login.html?next=/en/shop/hazirlik/2810-00060-14	2026-09-14
P0_RECOVER_PRODUCT	COMMERCE_LEAK_ROBOTS_LOGIN	Robots.txt tarafından engellendi	login_blocked_but_hides_product	308_login_next_to_product	high	en	shop_pdp	dolap	7911-06060-81	/en/shop/tezgah/7911-06060-81	True	True	https://equsto.com/en/login?mode=register&next=/en/shop/dolap/7911-06060-81	2026-09-14
P0_RECOVER_PRODUCT	COMMERCE_LEAK_ROBOTS_LOGIN	Robots.txt tarafından engellendi	login_blocked_but_hides_product	308_login_next_to_product	high	en	shop_pdp	istif	7897-12050-04	/en/shop/istif/7897-12050-04	True	True	https://equsto.com/en/login?mode=register&next=/en/shop/istif/7897-12050-04	2026-09-14
P0_RECOVER_PRODUCT	COMMERCE_LEAK_ROBOTS_LOGIN	Robots.txt tarafından engellendi	login_blocked_but_hides_product	308_login_next_to_product	high	en	shop_pdp	pisirme	9890-iccls10-1e	/en/shop/pisirme/9890-iccls10-1e	True	True	https://equsto.com/en/login?mode=register&next=/en/shop/pisirme/9890-iccls10-1e	2026-09-14
P0_RECOVER_PRODUCT	COMMERCE_LEAK_ROBOTS_LOGIN	Robots.txt tarafından engellendi	login_blocked_but_hides_product	308_login_next_to_product	high	en	shop_pdp	tasima	7999-08015-80	/en/shop/tasima/7999-08015-80	True	True	https://equsto.com/en/login?mode=register&next=/en/shop/tasima/7999-08015-80	2026-09-14
P0_RECOVER_PRODUCT	COMMERCE_LEAK_ROBOTS_LOGIN	Robots.txt tarafından engellendi	login_blocked_but_hides_product	308_login_next_to_product	high	en	shop_pdp	pisirme	npicco24-3	/en/shop/pisirme/npicco24-3	True	True	https://equsto.com/en/login.html?next=/en/shop/pisirme/npicco24-3	2026-09-14
P0_RECOVER_PRODUCT	COMMERCE_LEAK_ROBOTS_LOGIN	Robots.txt tarafından engellendi	login_blocked_but_hides_product	308_login_next_to_product	high	en	shop_pdp	tezgah	eq-kct02-12070	/en/shop/tezgah/eq-kct02-12070	True	True	https://equsto.com/en/login?mode=register&next=/en/shop/tezgah/eq-kct02-12070	2026-09-14
P0_RECOVER_PRODUCT	COMMERCE_LEAK_ROBOTS_LOGIN	Robots.txt tarafından engellendi	login_blocked_but_hides_product	308_login_next_to_product	high	en	shop_pdp	tasima	8999-00927-00	/en/shop/tasima/8999-00927-00	True	True	https://equsto.com/en/login.html?next=/en/shop/tasima/8999-00927-00	2026-09-14
P0_RECOVER_PRODUCT	COMMERCE_LEAK_ROBOTS_LOGIN	Robots.txt tarafından engellendi	login_blocked_but_hides_product	308_login_next_to_product		en	shop_pdp	market-reyonlari	eq-nergis-lm-eq8		True	False	https://equsto.com/en/login.html?next=/en/shop/market-reyonlari/eq-nergis-lm-eq8	2026-09-14
P0_RECOVER_PRODUCT	COMMERCE_LEAK_ROBOTS_LOGIN	Robots.txt tarafından engellendi	login_blocked_but_hides_product	308_login_next_to_product	high	en	shop_pdp	dolap	7911-09060-04	/en/shop/tezgah/7911-09060-04	True	True	https://equsto.com/en/login.html?next=/en/shop/dolap/7911-09060-04	2026-09-14
P0_RECOVER_PRODUCT	COMMERCE_LEAK_ROBOTS_LOGIN	Robots.txt tarafından engellendi	login_blocked_but_hides_product	308_login_next_to_product	high	en	shop_pdp	pisirme	aaig-670	/en/shop/pisirme/aaig-670	True	True	https://equsto.com/en/login?mode=register&next=/en/shop/pisirme/aaig-670	2026-09-14
P0_RECOVER_PRODUCT	COMMERCE_LEAK_ROBOTS_LOGIN	Robots.txt tarafından engellendi	login_blocked_but_hides_product	308_login_next_to_product	high	en	shop_pdp	tezgah	7911-16070-04a	/en/shop/tezgah/7911-16070-04a	True	True	https://equsto.com/en/login.html?next=/en/shop/tezgah/7911-16070-04a	2026-09-14
P0_RECOVER_PRODUCT	COMMERCE_LEAK_ROBOTS_LOGIN	Robots.txt tarafından engellendi	login_blocked_but_hides_product	308_login_next_to_product	high	en	shop_pdp	araba	g-st-150-d-4	/en/shop/araba/g-st-150-d-4	True	True	https://equsto.com/en/login?mode=register&next=/en/shop/araba/g-st-150-d-4	2026-09-14
P0_RECOVER_PRODUCT	COMMERCE_LEAK_ROBOTS_LOGIN	Robots.txt tarafından engellendi	login_blocked_but_hides_product	308_login_next_to_product	high	en	shop_pdp	set-ustu-mutfak	0449-00080-01	/en/shop/set-ustu-mutfak/0449-00080-01	True	True	https://equsto.com/en/login?mode=register&next=/en/shop/set-ustu-mutfak/0449-00080-01	2026-09-14
P0_RECOVER_PRODUCT	COMMERCE_LEAK_ROBOTS_LOGIN	Robots.txt tarafından engellendi	login_blocked_but_hides_product	308_login_next_to_product	high	en	shop_pdp	sogutma	7919-df4030-00	/en/shop/sogutma/7919-df4030-00	True	True	https://equsto.com/en/login.html?next=/en/shop/sogutma/7919-df4030-00	2026-09-14
P0_RECOVER_PRODUCT	COMMERCE_LEAK_ROBOTS_LOGIN	Robots.txt tarafından engellendi	login_blocked_but_hides_product	308_login_next_to_product	high	en	shop_pdp	pisirme	ino-zco-9tn20s	/en/shop/pisirme/ino-zco-9tn20s	True	True	https://equsto.com/en/login.html?next=/en/shop/pisirme/ino-zco-9tn20s	2026-09-14
P0_RECOVER_PRODUCT	COMMERCE_LEAK_ROBOTS_LOGIN	Robots.txt tarafından engellendi	login_blocked_but_hides_product	308_login_next_to_product	high	en	shop_pdp	tezgah	7758-216e5-31	/en/shop/tezgah/7758-216e5-31	True	True	https://equsto.com/en/login.html?next=/en/shop/tezgah/7758-216e5-31	2026-09-14
P0_RECOVER_PRODUCT	COMMERCE_LEAK_ROBOTS_LOGIN	Robots.txt tarafından engellendi	login_blocked_but_hides_product	308_login_next_to_product	high	en	shop_pdp	dolap	7754-146e8-15	/en/shop/tezgah/7754-146e8-15	True	True	https://equsto.com/en/login.html?next=/en/shop/dolap/7754-146e8-15	2026-09-14
P0_RECOVER_PRODUCT	COMMERCE_LEAK_ROBOTS_LOGIN	Robots.txt tarafından engellendi	login_blocked_but_hides_product	308_login_next_to_product	high	en	shop_pdp	set-ustu-mutfak	045m-2429g-21	/en/shop/set-ustu-mutfak/045m-2429g-21	True	True	https://equsto.com/en/login.html?next=/en/shop/set-ustu-mutfak/045m-2429g-21	2026-09-13
P0_RECOVER_PRODUCT	COMMERCE_LEAK_ROBOTS_LOGIN	Robots.txt tarafından engellendi	login_blocked_but_hides_product	308_login_next_to_product	high	en	shop_pdp	sogutma	bre-tb852ahc	/en/shop/sogutma/bre-tb852ahc	True	True	https://equsto.com/en/login.html?next=/en/shop/sogutma/bre-tb852ahc	2026-09-13
P0_RECOVER_PRODUCT	COMMERCE_LEAK_ROBOTS_LOGIN	Robots.txt tarafından engellendi	login_blocked_but_hides_product	308_login_next_to_product	high	en	shop_pdp	sogutma	725385	/en/shop/sogutma/725385	True	True	https://equsto.com/en/login.html?next=/en/shop/sogutma/725385	2026-09-13
P0_RECOVER_PRODUCT	COMMERCE_LEAK_ROBOTS_LOGIN	Robots.txt tarafından engellendi	login_blocked_but_hides_product	308_login_next_to_product		en	shop_pdp	market-reyonlari	eq-fulya-hf-tp-eq6		True	False	https://equsto.com/en/login?mode=register&next=/en/shop/market-reyonlari/eq-fulya-hf-tp-eq6	2026-09-13
P0_RECOVER_PRODUCT	COMMERCE_LEAK_ROBOTS_LOGIN	Robots.txt tarafından engellendi	login_blocked_but_hides_product	308_login_next_to_product	high	en	shop_pdp	market-reyonlari	eq-falcon-eq6	/en/shop/market-reyonlari/eq-falcon-eq6	True	True	https://equsto.com/en/login?mode=register&next=/en/shop/market-reyonlari/eq-falcon-eq6	2026-09-13
P0_RECOVER_PRODUCT	COMMERCE_LEAK_ROBOTS_LOGIN	Robots.txt tarafından engellendi	login_blocked_but_hides_product	308_login_next_to_product	high	en	shop_pdp	hazirlik	vdd-110	/en/shop/hazirlik/vdd-110	True	True	https://equsto.com/en/login.html?next=/en/shop/hazirlik/vdd-110	2026-09-13
P0_RECOVER_PRODUCT	COMMERCE_LEAK_ROBOTS_LOGIN	Robots.txt tarafından engellendi	login_blocked_but_hides_product	308_login_next_to_product	high	en	shop_pdp	yikama	0753-50602-10	/en/shop/yikama/0753-50602-10	True	True	https://equsto.com/en/login?mode=register&next=/en/shop/yikama/0753-50602-10	2026-09-13
P0_RECOVER_PRODUCT	COMMERCE_LEAK_ROBOTS_LOGIN	Robots.txt tarafından engellendi	login_blocked_but_hides_product	308_login_next_to_product	high	en	shop_pdp	istif	7897-16080-14	/en/shop/istif/7897-16080-14	True	True	https://equsto.com/en/login.html?next=/en/shop/istif/7897-16080-14	2026-09-13
P0_RECOVER_PRODUCT	COMMERCE_LEAK_ROBOTS_LOGIN	Robots.txt tarafından engellendi	login_blocked_but_hides_product	308_login_next_to_product	high	en	shop_pdp	set-ustu-mutfak	0211-45605-13	/en/shop/set-ustu-mutfak/0211-45605-13	True	True	https://equsto.com/en/login?mode=register&next=/en/shop/set-ustu-mutfak/0211-45605-13	2026-09-13
P0_RECOVER_PRODUCT	COMMERCE_LEAK_ROBOTS_LOGIN	Robots.txt tarafından engellendi	login_blocked_but_hides_product	308_login_next_to_product	high	en	shop_pdp	tezgah	eq-khct01-09070	/en/shop/tezgah/eq-khct01-09070	True	True	https://equsto.com/en/login.html?next=/en/shop/tezgah/eq-khct01-09070	2026-09-13
P0_RECOVER_PRODUCT	COMMERCE_LEAK_ROBOTS_LOGIN	Robots.txt tarafından engellendi	login_blocked_but_hides_product	308_login_next_to_product	high	en	shop_pdp	pisirme	npicco22-5	/en/shop/pisirme/npicco22-5	True	True	https://equsto.com/en/login?mode=register&next=/en/shop/pisirme/npicco22-5	2026-09-13
P0_RECOVER_PRODUCT	COMMERCE_LEAK_ROBOTS_LOGIN	Robots.txt tarafından engellendi	login_blocked_but_hides_product	308_login_next_to_product	high	en	shop_pdp	set-ustu-mutfak	0335-36165-17	/en/shop/set-ustu-mutfak/0335-36165-17	True	True	https://equsto.com/en/login?mode=register&next=/en/shop/set-ustu-mutfak/0335-36165-17	2026-09-13
P0_RECOVER_PRODUCT	COMMERCE_LEAK_ROBOTS_LOGIN	Robots.txt tarafından engellendi	login_blocked_but_hides_product	308_login_next_to_product		en	shop_pdp	market-reyonlari	eq-nergis-tp-eq35		True	False	https://equsto.com/en/login?mode=register&next=/en/shop/market-reyonlari/eq-nergis-tp-eq35	2026-09-13
P0_RECOVER_PRODUCT	COMMERCE_LEAK_ROBOTS_LOGIN	Robots.txt tarafından engellendi	login_blocked_but_hides_product	308_login_next_to_product	high	en	shop_pdp	sogutma	bre-g160ahc	/en/shop/sogutma/bre-g160ahc	True	True	https://equsto.com/en/login.html?next=/en/shop/sogutma/bre-g160ahc	2026-09-13
P0_RECOVER_PRODUCT	COMMERCE_LEAK_ROBOTS_LOGIN	Robots.txt tarafından engellendi	login_blocked_but_hides_product	308_login_next_to_product	high	en	shop_pdp	hazirlik	5ksm2fpa	/en/shop/hazirlik/5ksm2fpa	True	True	https://equsto.com/en/login.html?next=/en/shop/hazirlik/5ksm2fpa	2026-09-13
P0_RECOVER_PRODUCT	COMMERCE_LEAK_ROBOTS_LOGIN	Robots.txt tarafından engellendi	login_blocked_but_hides_product	308_login_next_to_product	high	en	shop_pdp	pisirme	7864-n1-60603-17	/en/shop/pisirme/7864-n1-60603-17	True	True	https://equsto.com/en/login?mode=register&next=/en/shop/pisirme/7864-n1-60603-17	2026-09-13
P0_RECOVER_PRODUCT	COMMERCE_LEAK_ROBOTS_LOGIN	Robots.txt tarafından engellendi	login_blocked_but_hides_product	308_login_next_to_product	high	en	shop_pdp	tezgah	ino-kkr063	/en/shop/tezgah/ino-kkr063	True	True	https://equsto.com/en/login.html?next=/en/shop/tezgah/ino-kkr063	2026-09-13
P0_RECOVER_PRODUCT	COMMERCE_LEAK_ROBOTS_LOGIN	Robots.txt tarafından engellendi	login_blocked_but_hides_product	308_login_next_to_product	high	en	shop_pdp	pisirme	ino-9he10	/en/shop/pisirme/ino-9he10	True	True	https://equsto.com/en/login?mode=register&next=/en/shop/pisirme/ino-9he10	2026-09-13
P0_RECOVER_PRODUCT	COMMERCE_LEAK_ROBOTS_LOGIN	Robots.txt tarafından engellendi	login_blocked_but_hides_product	308_login_next_to_product	high	en	shop_pdp	tezgah	7911-14070-24	/en/shop/tezgah/7911-14070-24	True	True	https://equsto.com/en/login?mode=register&next=/en/shop/tezgah/7911-14070-24	2026-09-13
P0_RECOVER_PRODUCT	COMMERCE_LEAK_ROBOTS_LOGIN	Robots.txt tarafından engellendi	login_blocked_but_hides_product	308_login_next_to_product	high	en	shop_pdp	sogutma	asbhkg-4n7	/en/shop/sogutma/asbhkg-4n7	True	True	https://equsto.com/en/login.html?next=/en/shop/sogutma/asbhkg-4n7	2026-09-13
P0_RECOVER_PRODUCT	COMMERCE_LEAK_ROBOTS_LOGIN	Robots.txt tarafından engellendi	login_blocked_but_hides_product	308_login_next_to_product	high	en	shop_pdp	pisirme	7961-20629-1o3	/en/shop/yikama/7961-20629-1o3	True	True	https://equsto.com/en/login.html?next=/en/shop/pisirme/7961-20629-1o3	2026-09-13
P0_RECOVER_PRODUCT	COMMERCE_LEAK_ROBOTS_LOGIN	Robots.txt tarafından engellendi	login_blocked_but_hides_product	308_login_next_to_product	high	en	shop_pdp	tezgah	7911-19070-04	/en/shop/tezgah/7911-19070-04	True	True	https://equsto.com/en/login?mode=register&next=/en/shop/tezgah/7911-19070-04	2026-09-13
P0_RECOVER_PRODUCT	COMMERCE_LEAK_ROBOTS_LOGIN	Robots.txt tarafından engellendi	login_blocked_but_hides_product	308_login_next_to_product	high	en	shop_pdp	tezgah	7911-16060-15	/en/shop/tezgah/7911-16060-15	True	True	https://equsto.com/en/login?mode=register&next=/en/shop/tezgah/7911-16060-15	2026-09-12
P0_RECOVER_PRODUCT	COMMERCE_LEAK_ROBOTS_LOGIN	Robots.txt tarafından engellendi	login_blocked_but_hides_product	308_login_next_to_product	high	en	shop_pdp	set-ustu-mutfak	0210-45601-37	/en/shop/set-ustu-mutfak/0210-45601-37	True	True	https://equsto.com/en/login.html?next=/en/shop/set-ustu-mutfak/0210-45601-37	2026-09-12
P0_RECOVER_PRODUCT	COMMERCE_LEAK_ROBOTS_LOGIN	Robots.txt tarafından engellendi	login_blocked_but_hides_product	308_login_next_to_product		en	shop_pdp	market-reyonlari	eq-sardunya-lm-eq14		True	False	https://equsto.com/en/login?mode=register&next=/en/shop/market-reyonlari/eq-sardunya-lm-eq14	2026-09-12
P0_RECOVER_PRODUCT	COMMERCE_LEAK_ROBOTS_LOGIN	Robots.txt tarafından engellendi	login_blocked_but_hides_product	308_login_next_to_product	high	en	shop_pdp	set-ustu-mutfak	8893-up222w-00	/en/shop/set-ustu-mutfak/8893-up222w-00	True	False	https://equsto.com/en/login?mode=register&next=/en/shop/set-ustu-mutfak/8893-up222w-00	2026-09-12
P0_RECOVER_PRODUCT	COMMERCE_LEAK_ROBOTS_LOGIN	Robots.txt tarafından engellendi	login_blocked_but_hides_product	308_login_next_to_product		en	shop_pdp	market-reyonlari	eq-fulya-nv-tp-eq5		True	False	https://equsto.com/en/login?mode=register&next=/en/shop/market-reyonlari/eq-fulya-nv-tp-eq5	2026-09-12
P0_RECOVER_PRODUCT	COMMERCE_LEAK_ROBOTS_LOGIN	Robots.txt tarafından engellendi	login_blocked_but_hides_product	308_login_next_to_product	high	en	shop_pdp	sogutma	7919-38ntv-pj	/en/shop/sogutma/7919-38ntv-pj	True	True	https://equsto.com/en/login?mode=register&next=/en/shop/sogutma/7919-38ntv-pj	2026-09-12
P0_RECOVER_PRODUCT	COMMERCE_LEAK_ROBOTS_LOGIN	Robots.txt tarafından engellendi	login_blocked_but_hides_product	308_login_next_to_product	high	en	shop_pdp	tezgah	7754-147c8-11	/en/shop/tezgah/7754-147c8-11	True	True	https://equsto.com/en/login.html?next=/en/shop/tezgah/7754-147c8-11	2026-09-12
P0_RECOVER_PRODUCT	COMMERCE_LEAK_ROBOTS_LOGIN	Robots.txt tarafından engellendi	login_blocked_but_hides_product	308_login_next_to_product	high	en	shop_pdp	yikama	502722	/en/shop/yikama/502722	True	True	https://equsto.com/en/login?mode=register&next=/en/shop/yikama/502722	2026-09-12
P0_RECOVER_PRODUCT	COMMERCE_LEAK_ROBOTS_LOGIN	Robots.txt tarafından engellendi	login_blocked_but_hides_product	308_login_next_to_product	high	en	shop_pdp	pisirme	8890-okf20-00	/en/shop/pisirme/8890-okf20-00	True	True	https://equsto.com/en/login?mode=register&next=/en/shop/pisirme/8890-okf20-00	2026-09-12
P0_RECOVER_PRODUCT	COMMERCE_LEAK_ROBOTS_LOGIN	Robots.txt tarafından engellendi	login_blocked_but_hides_product	308_login_next_to_product	high	en	shop_pdp	hazirlik	tm34880l	/en/shop/hazirlik/tm34880l	True	True	https://equsto.com/en/login?mode=register&next=/en/shop/hazirlik/tm34880l	2026-09-12
P0_RECOVER_PRODUCT	COMMERCE_LEAK_ROBOTS_LOGIN	Robots.txt tarafından engellendi	login_blocked_but_hides_product	308_login_next_to_product	high	en	shop_pdp	set-ustu-mutfak	0311-14100-30	/en/shop/set-ustu-mutfak/0311-14100-30	True	True	https://equsto.com/en/login.html?next=/en/shop/set-ustu-mutfak/0311-14100-30	2026-09-12
P0_RECOVER_PRODUCT	COMMERCE_LEAK_ROBOTS_LOGIN	Robots.txt tarafından engellendi	login_blocked_but_hides_product	308_login_next_to_product	high	en	shop_pdp	pisirme	npicco712-3	/en/shop/pisirme/npicco712-3	True	True	https://equsto.com/en/login?mode=register&next=/en/shop/pisirme/npicco712-3	2026-09-12
P0_RECOVER_PRODUCT	COMMERCE_LEAK_ROBOTS_LOGIN	Robots.txt tarafından engellendi	login_blocked_but_hides_product	308_login_next_to_product	high	en	shop_pdp	pisirme	7960-07429-7y1	/en/shop/yikama/7960-07429-7y1	True	True	https://equsto.com/en/login?mode=register&next=/en/shop/pisirme/7960-07429-7y1	2026-09-12
P0_RECOVER_PRODUCT	COMMERCE_LEAK_ROBOTS_LOGIN	Robots.txt tarafından engellendi	login_blocked_but_hides_product	308_login_next_to_product	high	en	shop_pdp	set-ustu-mutfak	9520-0jwl6-00	/en/shop/set-ustu-mutfak/9520-0jwl6-00	True	True	https://equsto.com/en/login?mode=register&next=/en/shop/set-ustu-mutfak/9520-0jwl6-00	2026-09-12
P0_RECOVER_PRODUCT	COMMERCE_LEAK_ROBOTS_LOGIN	Robots.txt tarafından engellendi	login_blocked_but_hides_product	308_login_next_to_product	high	en	shop_pdp	sogutma	118-dp-66	/en/shop/sogutma/118-dp-66	True	True	https://equsto.com/en/login?mode=register&next=/en/shop/sogutma/118-dp-66	2026-09-12
P0_RECOVER_PRODUCT	COMMERCE_LEAK_ROBOTS_LOGIN	Robots.txt tarafından engellendi	login_blocked_but_hides_product	308_login_next_to_product	high	en	shop_pdp	pisirme	7864-n1-80703-20	/en/shop/pisirme/7864-n1-80703-20	True	True	https://equsto.com/en/login.html?next=/en/shop/pisirme/7864-n1-80703-20	2026-09-12
P0_RECOVER_PRODUCT	COMMERCE_LEAK_ROBOTS_LOGIN	Robots.txt tarafından engellendi	login_blocked_but_hides_product	308_login_next_to_product	high	en	shop_pdp	pisirme	8890-10570-m3	/en/shop/pisirme/8890-10570-m3	True	True	https://equsto.com/en/login?mode=register&next=/en/shop/pisirme/8890-10570-m3	2026-09-12
P0_RECOVER_PRODUCT	COMMERCE_LEAK_ROBOTS_LOGIN	Robots.txt tarafından engellendi	login_blocked_but_hides_product	308_login_next_to_product	high	en	shop_pdp	market-reyonlari	eq-orca-eq1	/en/shop/market-reyonlari/eq-orca-eq1	True	False	https://equsto.com/en/login.html?next=/en/shop/market-reyonlari/eq-orca-eq1	2026-09-12
P0_RECOVER_PRODUCT	COMMERCE_LEAK_ROBOTS_LOGIN	Robots.txt tarafından engellendi	login_blocked_but_hides_product	308_login_next_to_product		en	shop_pdp	tezgah	mr38-1-1604060-10		True	False	https://equsto.com/en/login.html?next=/en/shop/tezgah/mr38-1-1604060-10	2026-09-12
P0_RECOVER_PRODUCT	COMMERCE_LEAK_ROBOTS_LOGIN	Robots.txt tarafından engellendi	login_blocked_but_hides_product	308_login_next_to_product	high	en	shop_pdp	set-ustu-mutfak	0311-21200-41	/en/shop/set-ustu-mutfak/0311-21200-41	True	True	https://equsto.com/en/login.html?next=/en/shop/set-ustu-mutfak/0311-21200-41	2026-09-12
P0_RECOVER_PRODUCT	COMMERCE_LEAK_ROBOTS_LOGIN	Robots.txt tarafından engellendi	login_blocked_but_hides_product	308_login_next_to_product	high	en	shop_pdp	pisirme	ago-470	/en/shop/pisirme/ago-470	True	True	https://equsto.com/en/login?mode=register&next=/en/shop/pisirme/ago-470	2026-09-12
P0_RECOVER_PRODUCT	COMMERCE_LEAK_ROBOTS_LOGIN	Robots.txt tarafından engellendi	login_blocked_but_hides_product	308_login_next_to_product	high	en	shop_pdp	pisirme	ino-zmd-9tn10	/en/shop/pisirme/ino-zmd-9tn10	True	True	https://equsto.com/en/login?mode=register&next=/en/shop/pisirme/ino-zmd-9tn10	2026-09-12
P0_RECOVER_PRODUCT	COMMERCE_LEAK_ROBOTS_LOGIN	Robots.txt tarafından engellendi	login_blocked_but_hides_product	308_login_next_to_product	high	en	shop_pdp	tezgah	7754-167c5-21	/en/shop/tezgah/7754-167c5-21	True	True	https://equsto.com/en/login.html?next=/en/shop/tezgah/7754-167c5-21	2026-09-12
P0_RECOVER_PRODUCT	COMMERCE_LEAK_ROBOTS_LOGIN	Robots.txt tarafından engellendi	login_blocked_but_hides_product	308_login_next_to_product		en	shop_pdp	sogutma	portabianco-dik-tip-iki-kapili-eko-buzdolabi		True	False	https://equsto.com/en/login?mode=register&next=/en/shop/sogutma/portabianco-dik-tip-iki-kapili-eko-buzdolabi	2026-09-12
P0_RECOVER_PRODUCT	COMMERCE_LEAK_ROBOTS_LOGIN	Robots.txt tarafından engellendi	login_blocked_but_hides_product	308_login_next_to_product	high	en	shop_pdp	sogutma	118-set-e-90c	/en/shop/sogutma/118-set-e-90c	True	True	https://equsto.com/en/login?mode=register&next=/en/shop/sogutma/118-set-e-90c	2026-09-12
P0_RECOVER_PRODUCT	COMMERCE_LEAK_ROBOTS_LOGIN	Robots.txt tarafından engellendi	login_blocked_but_hides_product	308_login_next_to_product	high	en	shop_pdp	hazirlik	5k45ssewh	/en/shop/hazirlik/5k45ssewh	True	True	https://equsto.com/en/login?mode=register&next=/en/shop/hazirlik/5k45ssewh	2026-09-12
P0_RECOVER_PRODUCT	COMMERCE_LEAK_ROBOTS_LOGIN	Robots.txt tarafından engellendi	login_blocked_but_hides_product	308_login_next_to_product	high	en	shop_pdp	sogutma	710067	/en/shop/sogutma/710067	True	True	https://equsto.com/en/login.html?next=/en/shop/sogutma/710067	2026-09-12
P0_RECOVER_PRODUCT	COMMERCE_LEAK_ROBOTS_LOGIN	Robots.txt tarafından engellendi	login_blocked_but_hides_product	308_login_next_to_product	high	en	shop_pdp	sogutma	118-koe-180t	/en/shop/sogutma/118-koe-180t	True	True	https://equsto.com/en/login.html?next=/en/shop/sogutma/118-koe-180t	2026-09-12
P0_RECOVER_PRODUCT	COMMERCE_LEAK_ROBOTS_LOGIN	Robots.txt tarafından engellendi	login_blocked_but_hides_product	308_login_next_to_product		en	shop_pdp	market-reyonlari	eq-nergis-lb-tp-eq48		True	False	https://equsto.com/en/login.html?next=/en/shop/market-reyonlari/eq-nergis-lb-tp-eq48	2026-09-12
P0_RECOVER_PRODUCT	COMMERCE_LEAK_ROBOTS_LOGIN	Robots.txt tarafından engellendi	login_blocked_but_hides_product	308_login_next_to_product	high	en	shop_pdp	market-reyonlari	eq-falcon-eq16	/en/shop/market-reyonlari/eq-falcon-eq16	True	True	https://equsto.com/en/login.html?next=/en/shop/market-reyonlari/eq-falcon-eq16	2026-09-12
P0_RECOVER_PRODUCT	COMMERCE_LEAK_ROBOTS_LOGIN	Robots.txt tarafından engellendi	login_blocked_but_hides_product	308_login_next_to_product		en	shop_pdp	market-reyonlari	eq-nergis-fg-eq52		True	False	https://equsto.com/en/login?mode=register&next=/en/shop/market-reyonlari/eq-nergis-fg-eq52	2026-09-11
P0_RECOVER_PRODUCT	COMMERCE_LEAK_ROBOTS_LOGIN	Robots.txt tarafından engellendi	login_blocked_but_hides_product	308_login_next_to_product	high	en	shop_pdp	pisirme	371078	/en/shop/pisirme/371078	True	True	https://equsto.com/en/login?mode=register&next=/en/shop/pisirme/371078	2026-09-11
P0_RECOVER_PRODUCT	COMMERCE_LEAK_ROBOTS_LOGIN	Robots.txt tarafından engellendi	login_blocked_but_hides_product	308_login_next_to_product	high	en	shop_pdp	sogutma	7919-cr6055-00	/en/shop/sogutma/7919-cr6055-00	True	True	https://equsto.com/en/login?mode=register&next=/en/shop/sogutma/7919-cr6055-00	2026-09-11
P0_RECOVER_PRODUCT	COMMERCE_LEAK_ROBOTS_LOGIN	Robots.txt tarafından engellendi	login_blocked_but_hides_product	308_login_next_to_product		en	shop_pdp	market-reyonlari	eq-nergis-lb-tp-sky-eq11		True	False	https://equsto.com/en/login.html?next=/en/shop/market-reyonlari/eq-nergis-lb-tp-sky-eq11	2026-09-11
P0_RECOVER_PRODUCT	COMMERCE_LEAK_ROBOTS_LOGIN	Robots.txt tarafından engellendi	login_blocked_but_hides_product	308_login_next_to_product		en	shop_pdp	market-reyonlari	eq-nergis-tp-sky-eq15		True	False	https://equsto.com/en/login?mode=register&next=/en/shop/market-reyonlari/eq-nergis-tp-sky-eq15	2026-09-11
P0_RECOVER_PRODUCT	COMMERCE_LEAK_ROBOTS_LOGIN	Robots.txt tarafından engellendi	login_blocked_but_hides_product	308_login_next_to_product	high	en	shop_pdp	tezgah	7754-197cb-21	/en/shop/tezgah/7754-197cb-21	True	True	https://equsto.com/en/login?mode=register&next=/en/shop/tezgah/7754-197cb-21	2026-09-11
P0_RECOVER_PRODUCT	COMMERCE_LEAK_ROBOTS_LOGIN	Robots.txt tarafından engellendi	login_blocked_but_hides_product	308_login_next_to_product	high	en	shop_pdp	icecek	118-lt-16	/en/shop/icecek/118-lt-16	True	True	https://equsto.com/en/login?mode=register&next=/en/shop/icecek/118-lt-16	2026-09-11
P0_RECOVER_PRODUCT	COMMERCE_LEAK_ROBOTS_LOGIN	Robots.txt tarafından engellendi	login_blocked_but_hides_product	308_login_next_to_product	high	en	shop_pdp	market-reyonlari	e-ss37-8	/en/shop/market-reyonlari/e-ss37-8	True	True	https://equsto.com/en/login?mode=register&next=/en/shop/market-reyonlari/e-ss37-8	2026-09-11
P0_RECOVER_PRODUCT	COMMERCE_LEAK_ROBOTS_LOGIN	Robots.txt tarafından engellendi	login_blocked_but_hides_product	308_login_next_to_product	high	en	shop_pdp	tezgah	eq-kptt01-14070	/en/shop/tezgah/eq-kptt01-14070	True	True	https://equsto.com/en/login.html?next=/en/shop/tezgah/eq-kptt01-14070	2026-09-11
P0_RECOVER_PRODUCT	COMMERCE_LEAK_ROBOTS_LOGIN	Robots.txt tarafından engellendi	login_blocked_but_hides_product	308_login_next_to_product	high	en	shop_pdp	araba	c122x	/en/shop/araba/c122x	True	True	https://equsto.com/en/login.html?next=/en/shop/araba/c122x	2026-09-11
P0_RECOVER_PRODUCT	COMMERCE_LEAK_ROBOTS_LOGIN	Robots.txt tarafından engellendi	login_blocked_but_hides_product	308_login_next_to_product	high	en	shop_pdp	sogutma	tt-1d70	/en/shop/sogutma/tt-1d70	True	True	https://equsto.com/en/login?mode=register&next=/en/shop/sogutma/tt-1d70	2026-09-11
P0_RECOVER_PRODUCT	COMMERCE_LEAK_ROBOTS_LOGIN	Robots.txt tarafından engellendi	login_blocked_but_hides_product	308_login_next_to_product	high	en	shop_pdp	tezgah	7911-12070-82	/en/shop/tezgah/7911-12070-82	True	True	https://equsto.com/en/login.html?next=/en/shop/tezgah/7911-12070-82	2026-09-11
P0_RECOVER_PRODUCT	COMMERCE_LEAK_ROBOTS_LOGIN	Robots.txt tarafından engellendi	login_blocked_but_hides_product	308_login_next_to_product	high	en	shop_pdp	pisirme	gn2-1	/en/shop/pisirme/gn2-1	True	True	https://equsto.com/en/login?mode=register&next=/en/shop/pisirme/gn2-1	2026-09-11
P0_RECOVER_PRODUCT	COMMERCE_LEAK_ROBOTS_LOGIN	Robots.txt tarafından engellendi	login_blocked_but_hides_product	308_login_next_to_product	high	en	shop_pdp	hazirlik	2810-00010-08	/en/shop/hazirlik/2810-00010-08	True	True	https://equsto.com/en/login.html?next=/en/shop/hazirlik/2810-00010-08	2026-09-11
P0_RECOVER_PRODUCT	COMMERCE_LEAK_ROBOTS_LOGIN	Robots.txt tarafından engellendi	login_blocked_but_hides_product	308_login_next_to_product	high	en	shop_pdp	pisirme	ino-7ie20s	/en/shop/pisirme/ino-7ie20s	True	True	https://equsto.com/en/login.html?next=/en/shop/pisirme/ino-7ie20s	2026-09-11
P0_RECOVER_PRODUCT	COMMERCE_LEAK_ROBOTS_LOGIN	Robots.txt tarafından engellendi	login_blocked_but_hides_product	308_login_next_to_product	high	en	shop_pdp	pisirme	spr6-1	/en/shop/pisirme/spr6-1	True	True	https://equsto.com/en/login.html?next=/en/shop/pisirme/spr6-1	2026-09-11
P0_RECOVER_PRODUCT	COMMERCE_LEAK_ROBOTS_LOGIN	Robots.txt tarafından engellendi	login_blocked_but_hides_product	308_login_next_to_product	high	en	shop_pdp	sogutma	bre-cb416ahcbqube	/en/shop/sogutma/bre-cb416ahcbqube	True	True	https://equsto.com/en/login?mode=register&next=/en/shop/sogutma/bre-cb416ahcbqube	2026-09-11
P0_RECOVER_PRODUCT	COMMERCE_LEAK_ROBOTS_LOGIN	Robots.txt tarafından engellendi	login_blocked_but_hides_product	308_login_next_to_product	high	en	shop_pdp	yikama	502704	/en/shop/yikama/502704	True	True	https://equsto.com/en/login?mode=register&next=/en/shop/yikama/502704	2026-09-11
P0_RECOVER_PRODUCT	COMMERCE_LEAK_ROBOTS_LOGIN	Robots.txt tarafından engellendi	login_blocked_but_hides_product	308_login_next_to_product	high	en	shop_pdp	tezgah	7911-16060-14	/en/shop/tezgah/7911-16060-14	True	True	https://equsto.com/en/login?mode=register&next=/en/shop/tezgah/7911-16060-14	2026-09-11
P0_RECOVER_PRODUCT	COMMERCE_LEAK_ROBOTS_LOGIN	Robots.txt tarafından engellendi	login_blocked_but_hides_product	308_login_next_to_product	high	en	shop_pdp	tezgah	7758-246e5-31	/en/shop/tezgah/7758-246e5-31	True	True	https://equsto.com/en/login?mode=register&next=/en/shop/tezgah/7758-246e5-31	2026-09-11
P0_RECOVER_PRODUCT	COMMERCE_LEAK_ROBOTS_LOGIN	Robots.txt tarafından engellendi	login_blocked_but_hides_product	308_login_next_to_product	high	en	shop_pdp	pisirme	ino-zmd-9ie10s	/en/shop/pisirme/ino-zmd-9ie10s	True	True	https://equsto.com/en/login?mode=register&next=/en/shop/pisirme/ino-zmd-9ie10s	2026-09-11
P0_RECOVER_PRODUCT	COMMERCE_LEAK_ROBOTS_LOGIN	Robots.txt tarafından engellendi	login_blocked_but_hides_product	308_login_next_to_product	high	en	shop_pdp	istif	s-kanca-plastik-raf-icin	/en/shop/istif/s-kanca-plastik-raf-icin	True	False	https://equsto.com/en/login.html?next=/en/shop/istif/s-kanca-plastik-raf-icin	2026-09-11
P0_RECOVER_PRODUCT	COMMERCE_LEAK_ROBOTS_LOGIN	Robots.txt tarafından engellendi	login_blocked_but_hides_product	308_login_next_to_product	high	en	shop_pdp	tezgah	7911-19060-84	/en/shop/tezgah/7911-19060-84	True	True	https://equsto.com/en/login.html?next=/en/shop/tezgah/7911-19060-84	2026-09-11
P0_RECOVER_PRODUCT	COMMERCE_LEAK_ROBOTS_LOGIN	Robots.txt tarafından engellendi	login_blocked_but_hides_product	308_login_next_to_product		en	shop_pdp	hazirlik	rc-28170		True	False	https://equsto.com/en/login.html?next=/en/shop/hazirlik/rc-28170	2026-09-11
P0_RECOVER_PRODUCT	COMMERCE_LEAK_ROBOTS_LOGIN	Robots.txt tarafından engellendi	login_blocked_but_hides_product	308_login_next_to_product	med	en	shop_pdp	davlumbaz	pimak-55255-10	/en/shop/davlumbaz/7885-55255-10	True	True	https://equsto.com/en/login.html?next=/en/shop/davlumbaz/pimak-55255-10	2026-09-11
P0_RECOVER_PRODUCT	COMMERCE_LEAK_ROBOTS_LOGIN	Robots.txt tarafından engellendi	login_blocked_but_hides_product	308_login_next_to_product	high	en	shop_pdp	pisirme	adgc-4a	/en/shop/pisirme/adgc-4a	True	True	https://equsto.com/en/login?next=/en/shop/pisirme/adgc-4a	2026-09-11
P0_RECOVER_PRODUCT	COMMERCE_LEAK_ROBOTS_LOGIN	Robots.txt tarafından engellendi	login_blocked_but_hides_product	308_login_next_to_product	high	en	shop_pdp	tezgah	eq-khct02-12070	/en/shop/tezgah/eq-khct02-12070	True	True	https://equsto.com/en/login?mode=register&next=/en/shop/tezgah/eq-khct02-12070	2026-09-11
P0_RECOVER_PRODUCT	COMMERCE_LEAK_ROBOTS_LOGIN	Robots.txt tarafından engellendi	login_blocked_but_hides_product	308_login_next_to_product	high	en	shop_pdp	tezgah	7911-19060-79	/en/shop/tezgah/7911-19060-79	True	True	https://equsto.com/en/login?mode=register&next=/en/shop/tezgah/7911-19060-79	2026-09-11
P0_RECOVER_PRODUCT	COMMERCE_LEAK_ROBOTS_LOGIN	Robots.txt tarafından engellendi	login_blocked_but_hides_product	308_login_next_to_product	high	en	shop_pdp	set-ustu-mutfak	8310-0pp12-100	/en/shop/set-ustu-mutfak/8310-0pp12-100	True	True	https://equsto.com/en/login?mode=register&next=/en/shop/set-ustu-mutfak/8310-0pp12-100	2026-09-11
P0_RECOVER_PRODUCT	COMMERCE_LEAK_ROBOTS_LOGIN	Robots.txt tarafından engellendi	login_blocked_but_hides_product	308_login_next_to_product	high	en	shop_pdp	davlumbaz	eq-kdavot01-275150	/en/shop/davlumbaz/eq-kdavot01-275150	True	True	https://equsto.com/en/login.html?next=/en/shop/davlumbaz/eq-kdavot01-275150	2026-09-11
P0_RECOVER_PRODUCT	COMMERCE_LEAK_ROBOTS_LOGIN	Robots.txt tarafından engellendi	login_blocked_but_hides_product	308_login_next_to_product	high	en	shop_pdp	araba	g-md-100-25-d	/en/shop/araba/g-md-100-25-d	True	True	https://equsto.com/en/login.html?next=/en/shop/araba/g-md-100-25-d	2026-09-11
P0_RECOVER_PRODUCT	COMMERCE_LEAK_ROBOTS_LOGIN	Robots.txt tarafından engellendi	login_blocked_but_hides_product	308_login_next_to_product	high	en	shop_pdp	tezgah	7911-16070-84	/en/shop/tezgah/7911-16070-84	True	True	https://equsto.com/en/login.html?next=/en/shop/tezgah/7911-16070-84	2026-09-11
P0_RECOVER_PRODUCT	COMMERCE_LEAK_ROBOTS_LOGIN	Robots.txt tarafından engellendi	login_blocked_but_hides_product	308_login_next_to_product	high	en	shop_pdp	pisirme	npicco60-2	/en/shop/pisirme/npicco60-2	True	True	https://equsto.com/en/login.html?next=/en/shop/pisirme/npicco60-2	2026-09-11
P0_RECOVER_PRODUCT	COMMERCE_LEAK_ROBOTS_LOGIN	Robots.txt tarafından engellendi	login_blocked_but_hides_product	308_login_next_to_product		en	shop_pdp	market-reyonlari	eq-sardunya-gl-eq8		True	False	https://equsto.com/en/login?mode=register&next=/en/shop/market-reyonlari/eq-sardunya-gl-eq8	2026-09-11
P0_RECOVER_PRODUCT	COMMERCE_LEAK_ROBOTS_LOGIN	Robots.txt tarafından engellendi	login_blocked_but_hides_product	308_login_next_to_product	high	en	shop_pdp	tezgah	7911-10060-83	/en/shop/tezgah/7911-10060-83	True	True	https://equsto.com/en/login.html?next=/en/shop/tezgah/7911-10060-83	2026-09-11
P0_RECOVER_PRODUCT	COMMERCE_LEAK_ROBOTS_LOGIN	Robots.txt tarafından engellendi	login_blocked_but_hides_product	308_login_next_to_product	high	en	shop_pdp	set-ustu-mutfak	vwg-5t	/en/shop/set-ustu-mutfak/vwg-5t	True	True	https://equsto.com/en/login?mode=register&next=/en/shop/set-ustu-mutfak/vwg-5t	2026-09-11
P0_RECOVER_PRODUCT	COMMERCE_LEAK_ROBOTS_LOGIN	Robots.txt tarafından engellendi	login_blocked_but_hides_product	308_login_next_to_product	high	en	shop_pdp	sogutma	bre-vm1700a	/en/shop/sogutma/bre-vm1700a	True	True	https://equsto.com/en/login.html?next=/en/shop/sogutma/bre-vm1700a	2026-09-11
P0_RECOVER_PRODUCT	COMMERCE_LEAK_ROBOTS_LOGIN	Robots.txt tarafından engellendi	login_blocked_but_hides_product	308_login_next_to_product	high	en	shop_pdp	pisirme	ino-zco-9dg08	/en/shop/pisirme/ino-zco-9dg08	True	True	https://equsto.com/en/login?mode=register&next=/en/shop/pisirme/ino-zco-9dg08	2026-09-11
P0_RECOVER_PRODUCT	COMMERCE_LEAK_ROBOTS_LOGIN	Robots.txt tarafından engellendi	login_blocked_but_hides_product	308_login_next_to_product	high	en	shop_pdp	set-ustu-mutfak	0840-00010-11	/en/shop/set-ustu-mutfak/0840-00010-11	True	True	https://equsto.com/en/login?mode=register&next=/en/shop/set-ustu-mutfak/0840-00010-11	2026-09-11
P0_RECOVER_PRODUCT	COMMERCE_LEAK_ROBOTS_LOGIN	Robots.txt tarafından engellendi	login_blocked_but_hides_product	308_login_next_to_product	high	en	shop_pdp	market-reyonlari	eq-lion-sld-eq8	/en/shop/market-reyonlari/eq-lion-sld-eq8	True	True	https://equsto.com/en/login?mode=register&next=/en/shop/market-reyonlari/eq-lion-sld-eq8	2026-09-11
P0_RECOVER_PRODUCT	COMMERCE_LEAK_ROBOTS_LOGIN	Robots.txt tarafından engellendi	login_blocked_but_hides_product	308_login_next_to_product	high	en	shop_pdp	market-reyonlari	eq-tiger-wfg-eq7	/en/shop/market-reyonlari/eq-tiger-wfg-eq7	True	True	https://equsto.com/en/login.html?next=/en/shop/market-reyonlari/eq-tiger-wfg-eq7	2026-09-11
P0_RECOVER_PRODUCT	COMMERCE_LEAK_ROBOTS_LOGIN	Robots.txt tarafından engellendi	login_blocked_but_hides_product	308_login_next_to_product	high	en	shop_pdp	tezgah	ino-kkr063	/en/shop/tezgah/ino-kkr063	True	True	https://equsto.com/en/login?mode=register&next=/en/shop/tezgah/ino-kkr063	2026-09-11
P0_RECOVER_PRODUCT	COMMERCE_LEAK_ROBOTS_LOGIN	Robots.txt tarafından engellendi	login_blocked_but_hides_product	308_login_next_to_product		en	shop_pdp	market-reyonlari	eq-nergis-lb-fg-eq10		True	False	https://equsto.com/en/login.html?next=/en/shop/market-reyonlari/eq-nergis-lb-fg-eq10	2026-09-11
P0_RECOVER_PRODUCT	COMMERCE_LEAK_ROBOTS_LOGIN	Robots.txt tarafından engellendi	login_blocked_but_hides_product	308_login_next_to_product		en	shop_pdp	market-reyonlari	eq-nergis-lb-tp-sky-eq1		True	False	https://equsto.com/en/login.html?next=/en/shop/market-reyonlari/eq-nergis-lb-tp-sky-eq1	2026-09-11
P0_RECOVER_PRODUCT	COMMERCE_LEAK_ROBOTS_LOGIN	Robots.txt tarafından engellendi	login_blocked_but_hides_product	308_login_next_to_product	high	en	shop_pdp	market-reyonlari	eq-panther-dgd-sld-eq1	/en/shop/market-reyonlari/eq-panther-dgd-sld-eq1	True	True	https://equsto.com/en/login?mode=register&next=/en/shop/market-reyonlari/eq-panther-dgd-sld-eq1	2026-09-11
P0_RECOVER_PRODUCT	COMMERCE_LEAK_ROBOTS_LOGIN	Robots.txt tarafından engellendi	login_blocked_but_hides_product	308_login_next_to_product	high	en	shop_pdp	tezgah	7754-186eb-21	/en/shop/tezgah/7754-186eb-21	True	True	https://equsto.com/en/login?mode=register&next=/en/shop/tezgah/7754-186eb-21	2026-09-11
P0_RECOVER_PRODUCT	COMMERCE_LEAK_ROBOTS_LOGIN	Robots.txt tarafından engellendi	login_blocked_but_hides_product	308_login_next_to_product	high	en	shop_pdp	pisirme	npicco27-7	/en/shop/pisirme/npicco27-7	True	True	https://equsto.com/en/login?mode=register&next=/en/shop/pisirme/npicco27-7	2026-09-11
P0_RECOVER_PRODUCT	COMMERCE_LEAK_ROBOTS_LOGIN	Robots.txt tarafından engellendi	login_blocked_but_hides_product	308_login_next_to_product	high	en	shop_pdp	pisirme	7855-00300-02	/en/shop/pisirme/7855-00300-02	True	True	https://equsto.com/en/login?mode=register&next=/en/shop/pisirme/7855-00300-02	2026-09-11
P0_RECOVER_PRODUCT	COMMERCE_LEAK_ROBOTS_LOGIN	Robots.txt tarafından engellendi	login_blocked_but_hides_product	308_login_next_to_product	high	en	shop_pdp	set-ustu-mutfak	0311-12040-41	/en/shop/set-ustu-mutfak/0311-12040-41	True	True	https://equsto.com/en/login.html?next=/en/shop/set-ustu-mutfak/0311-12040-41	2026-09-11
P0_RECOVER_PRODUCT	COMMERCE_LEAK_ROBOTS_LOGIN	Robots.txt tarafından engellendi	login_blocked_but_hides_product	308_login_next_to_product	high	en	shop_pdp	dolap	7911-16070-56	/en/shop/tezgah/7911-16070-56	True	True	https://equsto.com/en/login?mode=register&next=/en/shop/dolap/7911-16070-56	2026-09-11
P0_RECOVER_PRODUCT	COMMERCE_LEAK_ROBOTS_LOGIN	Robots.txt tarafından engellendi	login_blocked_but_hides_product	308_login_next_to_product	high	en	shop_pdp	pisirme	npicco248-1	/en/shop/pisirme/npicco248-1	True	True	https://equsto.com/en/login?mode=register&next=/en/shop/pisirme/npicco248-1	2026-09-11
P0_RECOVER_PRODUCT	COMMERCE_LEAK_ROBOTS_LOGIN	Robots.txt tarafından engellendi	login_blocked_but_hides_product	308_login_next_to_product	high	en	shop_pdp	yikama	074m-00000-ad	/en/shop/yikama/074m-00000-ad	True	True	https://equsto.com/en/login.html?next=/en/shop/yikama/074m-00000-ad	2026-09-11
P0_RECOVER_PRODUCT	COMMERCE_LEAK_ROBOTS_LOGIN	Robots.txt tarafından engellendi	login_blocked_but_hides_product	308_login_next_to_product	high	en	shop_pdp	tezgah	7754-166ab-21	/en/shop/tezgah/7754-166ab-21	True	True	https://equsto.com/en/login.html?next=/en/shop/tezgah/7754-166ab-21	2026-09-11
P0_RECOVER_PRODUCT	COMMERCE_LEAK_ROBOTS_LOGIN	Robots.txt tarafından engellendi	login_blocked_but_hides_product	308_login_next_to_product	high	en	shop_pdp	tezgah	133062	/en/shop/tezgah/133062	True	True	https://equsto.com/en/login?mode=register&next=/en/shop/tezgah/133062	2026-09-11
P0_RECOVER_PRODUCT	COMMERCE_LEAK_ROBOTS_LOGIN	Robots.txt tarafından engellendi	login_blocked_but_hides_product	308_login_next_to_product		en	shop_pdp	market-reyonlari	eq-fulya-hf-fg-eq2		True	False	https://equsto.com/en/login.html?next=/en/shop/market-reyonlari/eq-fulya-hf-fg-eq2	2026-09-11
P0_RECOVER_PRODUCT	COMMERCE_LEAK_ROBOTS_LOGIN	Robots.txt tarafından engellendi	login_blocked_but_hides_product	308_login_next_to_product	high	en	shop_pdp	dolap	7758-186e5-35	/en/shop/tezgah/7758-186e5-35	True	True	https://equsto.com/en/login?mode=register&next=/en/shop/dolap/7758-186e5-35	2026-09-11
P0_RECOVER_PRODUCT	COMMERCE_LEAK_ROBOTS_LOGIN	Robots.txt tarafından engellendi	login_blocked_but_hides_product	308_login_next_to_product	high	en	shop_pdp	tezgah	ino-klg130	/en/shop/tezgah/ino-klg130	True	True	https://equsto.com/en/login.html?next=/en/shop/tezgah/ino-klg130	2026-09-11
P0_RECOVER_PRODUCT	COMMERCE_LEAK_ROBOTS_LOGIN	Robots.txt tarafından engellendi	login_blocked_but_hides_product	308_login_next_to_product	high	en	shop_pdp	sogutma	sbtm-4n70e	/en/shop/sogutma/sbtm-4n70e	True	True	https://equsto.com/en/login?mode=register&next=/en/shop/sogutma/sbtm-4n70e	2026-09-11
P0_RECOVER_PRODUCT	COMMERCE_LEAK_ROBOTS_LOGIN	Robots.txt tarafından engellendi	login_blocked_but_hides_product	308_login_next_to_product	high	en	shop_pdp	tezgah	7897-15030-07	/en/shop/tezgah/7897-15030-07	True	True	https://equsto.com/en/login?mode=register&next=/en/shop/tezgah/7897-15030-07	2026-09-11
P0_RECOVER_PRODUCT	COMMERCE_LEAK_ROBOTS_LOGIN	Robots.txt tarafından engellendi	login_blocked_but_hides_product	308_login_next_to_product	high	en	shop_pdp	tezgah	7911-14060-04	/en/shop/tezgah/7911-14060-04	True	True	https://equsto.com/en/login?mode=register&next=/en/shop/tezgah/7911-14060-04	2026-09-11
P0_RECOVER_PRODUCT	COMMERCE_LEAK_ROBOTS_LOGIN	Robots.txt tarafından engellendi	login_blocked_but_hides_product	308_login_next_to_product		en	shop_pdp	market-reyonlari	eq-orkide-eq13		True	False	https://equsto.com/en/login?mode=register&next=/en/shop/market-reyonlari/eq-orkide-eq13	2026-09-11
P0_RECOVER_PRODUCT	COMMERCE_LEAK_ROBOTS_LOGIN	Robots.txt tarafından engellendi	login_blocked_but_hides_product	308_login_next_to_product	high	en	shop_pdp	pisirme	371016	/en/shop/pisirme/371016	True	True	https://equsto.com/en/login?mode=register&next=/en/shop/pisirme/371016	2026-09-11
P0_RECOVER_PRODUCT	COMMERCE_LEAK_ROBOTS_LOGIN	Robots.txt tarafından engellendi	login_blocked_but_hides_product	308_login_next_to_product	high	en	shop_pdp	tezgah	7897-10030-30	/en/shop/tezgah/7897-10030-30	True	True	https://equsto.com/en/login.html?next=/en/shop/tezgah/7897-10030-30	2026-09-11
P0_RECOVER_PRODUCT	COMMERCE_LEAK_ROBOTS_LOGIN	Robots.txt tarafından engellendi	login_blocked_but_hides_product	308_login_next_to_product	high	en	shop_pdp	sogutma	118-sds-710-dc	/en/shop/sogutma/118-sds-710-dc	True	True	https://equsto.com/en/login?mode=register&next=/en/shop/sogutma/118-sds-710-dc	2026-09-11
P0_RECOVER_PRODUCT	COMMERCE_LEAK_ROBOTS_LOGIN	Robots.txt tarafından engellendi	login_blocked_but_hides_product	308_login_next_to_product	high	en	shop_pdp	pisirme	7865-n1-80708-02g	/en/shop/pisirme/7865-n1-80708-02g	True	True	https://equsto.com/en/login.html?next=/en/shop/pisirme/7865-n1-80708-02g	2026-09-11
P0_RECOVER_PRODUCT	COMMERCE_LEAK_ROBOTS_LOGIN	Robots.txt tarafından engellendi	login_blocked_but_hides_product	308_login_next_to_product	high	en	shop_pdp	pisirme	agi-490-ncr	/en/shop/pisirme/agi-490-ncr	True	True	https://equsto.com/en/login?mode=register&next=/en/shop/pisirme/agi-490-ncr	2026-09-11
P0_RECOVER_PRODUCT	COMMERCE_LEAK_ROBOTS_LOGIN	Robots.txt tarafından engellendi	login_blocked_but_hides_product	308_login_next_to_product	high	en	shop_pdp	sogutma	118-set-p-90s	/en/shop/sogutma/118-set-p-90s	True	True	https://equsto.com/en/login.html?next=/en/shop/sogutma/118-set-p-90s	2026-09-11
P0_RECOVER_PRODUCT	COMMERCE_LEAK_ROBOTS_LOGIN	Robots.txt tarafından engellendi	login_blocked_but_hides_product	308_login_next_to_product	high	en	shop_pdp	pisirme	aeo-1270	/en/shop/pisirme/aeo-1270	True	True	https://equsto.com/en/login?mode=register&next=/en/shop/pisirme/aeo-1270	2026-09-11
P0_RECOVER_PRODUCT	COMMERCE_LEAK_ROBOTS_LOGIN	Robots.txt tarafından engellendi	login_blocked_but_hides_product	308_login_next_to_product	high	en	shop_pdp	sogutma	tt-3n70-e	/en/shop/sogutma/tt-3n70-e	True	True	https://equsto.com/en/login?mode=register&next=/en/shop/sogutma/tt-3n70-e	2026-09-11
P0_RECOVER_PRODUCT	COMMERCE_LEAK_ROBOTS_LOGIN	Robots.txt tarafından engellendi	login_blocked_but_hides_product	308_login_next_to_product	high	en	shop_pdp	dolap	7758-246e8-23	/en/shop/tezgah/7758-246e8-23	True	True	https://equsto.com/en/login.html?next=/en/shop/dolap/7758-246e8-23	2026-09-11
P0_RECOVER_PRODUCT	COMMERCE_LEAK_ROBOTS_LOGIN	Robots.txt tarafından engellendi	login_blocked_but_hides_product	308_login_next_to_product	high	en	shop_pdp	set-ustu-mutfak	045m-0307g-06	/en/shop/set-ustu-mutfak/045m-0307g-06	True	True	https://equsto.com/en/login?mode=register&next=/en/shop/set-ustu-mutfak/045m-0307g-06	2026-09-11
P0_RECOVER_PRODUCT	COMMERCE_LEAK_ROBOTS_LOGIN	Robots.txt tarafından engellendi	login_blocked_but_hides_product	308_login_next_to_product	high	en	shop_pdp	tezgah	eq-kdct01-16070	/en/shop/tezgah/eq-kdct01-16070	True	True	https://equsto.com/en/login?mode=register&next=/en/shop/tezgah/eq-kdct01-16070	2026-09-11
P0_RECOVER_PRODUCT	COMMERCE_LEAK_ROBOTS_LOGIN	Robots.txt tarafından engellendi	login_blocked_but_hides_product	308_login_next_to_product	high	en	shop_pdp	yikama	074m-00000-ad	/en/shop/yikama/074m-00000-ad	True	True	https://equsto.com/en/login?mode=register&next=/en/shop/yikama/074m-00000-ad	2026-09-11
P0_RECOVER_PRODUCT	COMMERCE_LEAK_ROBOTS_LOGIN	Robots.txt tarafından engellendi	login_blocked_but_hides_product	308_login_next_to_product	high	en	shop_pdp	pisirme	npicco27-5	/en/shop/pisirme/npicco27-5	True	True	https://equsto.com/en/login?mode=register&next=/en/shop/pisirme/npicco27-5	2026-09-11
P0_RECOVER_PRODUCT	COMMERCE_LEAK_ROBOTS_LOGIN	Robots.txt tarafından engellendi	login_blocked_but_hides_product	308_login_next_to_product	high	en	shop_pdp	pisirme	adg-3a	/en/shop/pisirme/adg-3a	True	True	https://equsto.com/en/login.html?next=/en/shop/pisirme/adg-3a	2026-09-11
P0_RECOVER_PRODUCT	COMMERCE_LEAK_ROBOTS_LOGIN	Robots.txt tarafından engellendi	login_blocked_but_hides_product	308_login_next_to_product	high	en	shop_pdp	dolap	7911-14060-31p	/en/shop/tezgah/7911-14060-31p	True	True	https://equsto.com/en/login?mode=register&next=/en/shop/dolap/7911-14060-31p	2026-09-11
P0_RECOVER_PRODUCT	COMMERCE_LEAK_ROBOTS_LOGIN	Robots.txt tarafından engellendi	login_blocked_but_hides_product	308_login_next_to_product	high	en	shop_pdp	set-ustu-mutfak	0311-23065-31	/en/shop/set-ustu-mutfak/0311-23065-31	True	True	https://equsto.com/en/login?mode=register&next=/en/shop/set-ustu-mutfak/0311-23065-31	2026-09-11
P0_RECOVER_PRODUCT	COMMERCE_LEAK_ROBOTS_LOGIN	Robots.txt tarafından engellendi	login_blocked_but_hides_product	308_login_next_to_product		en	shop_pdp	market-reyonlari	eq-nergis-fg-eq58		True	False	https://equsto.com/en/login.html?next=/en/shop/market-reyonlari/eq-nergis-fg-eq58	2026-09-11
P0_RECOVER_PRODUCT	COMMERCE_LEAK_ROBOTS_LOGIN	Robots.txt tarafından engellendi	login_blocked_but_hides_product	308_login_next_to_product		en	shop_pdp	market-reyonlari	eq-lotus-eq56		True	False	https://equsto.com/en/login?mode=register&next=/en/shop/market-reyonlari/eq-lotus-eq56	2026-09-11
P0_RECOVER_PRODUCT	COMMERCE_LEAK_ROBOTS_LOGIN	Robots.txt tarafından engellendi	login_blocked_but_hides_product	308_login_next_to_product	high	en	shop_pdp	pisirme	371009	/en/shop/pisirme/371009	True	True	https://equsto.com/en/login.html?next=/en/shop/pisirme/371009	2026-09-11
P0_RECOVER_PRODUCT	COMMERCE_LEAK_ROBOTS_LOGIN	Robots.txt tarafından engellendi	login_blocked_but_hides_product	308_login_next_to_product	high	en	shop_pdp	pisirme	eaeo-360	/en/shop/pisirme/eaeo-360	True	True	https://equsto.com/en/login.html?next=/en/shop/pisirme/eaeo-360	2026-09-11
P0_RECOVER_PRODUCT	COMMERCE_LEAK_ROBOTS_LOGIN	Robots.txt tarafından engellendi	login_blocked_but_hides_product	308_login_next_to_product	high	en	shop_pdp	pisirme	7960-11829-7o3	/en/shop/yikama/7960-11829-7o3	True	True	https://equsto.com/en/login?mode=register&next=/en/shop/pisirme/7960-11829-7o3	2026-09-11
P0_RECOVER_PRODUCT	COMMERCE_LEAK_ROBOTS_LOGIN	Robots.txt tarafından engellendi	login_blocked_but_hides_product	308_login_next_to_product	high	en	shop_pdp	set-ustu-mutfak	m079-2e	/en/shop/set-ustu-mutfak/m079-2e	True	True	https://equsto.com/en/login?mode=register&next=/en/shop/set-ustu-mutfak/m079-2e	2026-09-11
P0_RECOVER_PRODUCT	COMMERCE_LEAK_ROBOTS_LOGIN	Robots.txt tarafından engellendi	login_blocked_but_hides_product	308_login_next_to_product		en	shop_pdp	market-reyonlari	eq-fulya-hf-fg-sky-eq13		True	False	https://equsto.com/en/login?mode=register&next=/en/shop/market-reyonlari/eq-fulya-hf-fg-sky-eq13	2026-09-11
P0_RECOVER_PRODUCT	COMMERCE_LEAK_ROBOTS_LOGIN	Robots.txt tarafından engellendi	login_blocked_but_hides_product	308_login_next_to_product	high	en	shop_pdp	icecek	118-srb20	/en/shop/icecek/118-srb20	True	True	https://equsto.com/en/login.html?next=/en/shop/icecek/118-srb20	2026-09-11
P0_RECOVER_PRODUCT	COMMERCE_LEAK_ROBOTS_LOGIN	Robots.txt tarafından engellendi	login_blocked_but_hides_product	308_login_next_to_product	high	en	shop_pdp	tezgah	eq-kptt03-09070	/en/shop/tezgah/eq-kptt03-09070	True	True	https://equsto.com/en/login.html?next=/en/shop/tezgah/eq-kptt03-09070	2026-09-11
P0_RECOVER_PRODUCT	COMMERCE_LEAK_ROBOTS_LOGIN	Robots.txt tarafından engellendi	login_blocked_but_hides_product	308_login_next_to_product	high	en	shop_pdp	pisirme	7960-04929-5y1	/en/shop/yikama/7960-04929-5y1	True	True	https://equsto.com/en/login.html?next=/en/shop/pisirme/7960-04929-5y1	2026-09-11
P0_RECOVER_PRODUCT	COMMERCE_LEAK_ROBOTS_LOGIN	Robots.txt tarafından engellendi	login_blocked_but_hides_product	308_login_next_to_product	high	en	shop_pdp	yikama	402202	/en/shop/yikama/402202	True	True	https://equsto.com/en/login.html?next=/en/shop/yikama/402202	2026-09-11
P0_RECOVER_PRODUCT	COMMERCE_LEAK_ROBOTS_LOGIN	Robots.txt tarafından engellendi	login_blocked_but_hides_product	308_login_next_to_product	high	en	shop_pdp	sogutma	710068	/en/shop/sogutma/710068	True	True	https://equsto.com/en/login.html?next=/en/shop/sogutma/710068	2026-09-11
P0_RECOVER_PRODUCT	COMMERCE_LEAK_ROBOTS_LOGIN	Robots.txt tarafından engellendi	login_blocked_but_hides_product	308_login_next_to_product	high	en	shop_pdp	dolap	7911-19060-96	/en/shop/tezgah/7911-19060-96	True	True	https://equsto.com/en/login.html?next=/en/shop/dolap/7911-19060-96	2026-09-11
P0_RECOVER_PRODUCT	COMMERCE_LEAK_ROBOTS_LOGIN	Robots.txt tarafından engellendi	login_blocked_but_hides_product	308_login_next_to_product	high	en	shop_pdp	sogutma	118-dp-600	/en/shop/sogutma/118-dp-600	True	True	https://equsto.com/en/login?mode=register&next=/en/shop/sogutma/118-dp-600	2026-09-11
P0_RECOVER_PRODUCT	COMMERCE_LEAK_ROBOTS_LOGIN	Robots.txt tarafından engellendi	login_blocked_but_hides_product	308_login_next_to_product		en	shop_pdp	market-reyonlari	eq-fulya-hf-lm-eq4		True	False	https://equsto.com/en/login.html?next=/en/shop/market-reyonlari/eq-fulya-hf-lm-eq4	2026-09-11
P0_RECOVER_PRODUCT	COMMERCE_LEAK_ROBOTS_LOGIN	Robots.txt tarafından engellendi	login_blocked_but_hides_product	308_login_next_to_product	high	en	shop_pdp	market-reyonlari	eq-falcon-sld-eq34	/en/shop/market-reyonlari/eq-falcon-sld-eq34	True	True	https://equsto.com/en/login?next=/en/shop/market-reyonlari/eq-falcon-sld-eq34	2026-09-11
P0_RECOVER_PRODUCT	COMMERCE_LEAK_ROBOTS_LOGIN	Robots.txt tarafından engellendi	login_blocked_but_hides_product	308_login_next_to_product		en	shop_pdp	market-reyonlari	eq-fulya-hf-lm-eq24		True	False	https://equsto.com/en/login?mode=register&next=/en/shop/market-reyonlari/eq-fulya-hf-lm-eq24	2026-09-11
P0_RECOVER_PRODUCT	COMMERCE_LEAK_ROBOTS_LOGIN	Robots.txt tarafından engellendi	login_blocked_but_hides_product	308_login_next_to_product		en	shop_pdp	market-reyonlari	eq-nergis-lb-lm-eq19		True	False	https://equsto.com/en/login.html?next=/en/shop/market-reyonlari/eq-nergis-lb-lm-eq19	2026-09-11
P0_RECOVER_PRODUCT	COMMERCE_LEAK_ROBOTS_LOGIN	Robots.txt tarafından engellendi	login_blocked_but_hides_product	308_login_next_to_product	high	en	shop_pdp	tezgah	7911-10060-00	/en/shop/tezgah/7911-10060-00	True	True	https://equsto.com/en/login?mode=register&next=/en/shop/tezgah/7911-10060-00	2026-09-11
P0_RECOVER_PRODUCT	COMMERCE_LEAK_ROBOTS_LOGIN	Robots.txt tarafından engellendi	login_blocked_but_hides_product	308_login_next_to_product	high	en	shop_pdp	pisirme	npicco88-8	/en/shop/pisirme/npicco88-8	True	True	https://equsto.com/en/login?mode=register&next=/en/shop/pisirme/npicco88-8	2026-09-11
P0_RECOVER_PRODUCT	COMMERCE_LEAK_ROBOTS_LOGIN	Robots.txt tarafından engellendi	login_blocked_but_hides_product	308_login_next_to_product	high	en	shop_pdp	pisirme	spr73-4	/en/shop/pisirme/spr73-4	True	True	https://equsto.com/en/login?mode=register&next=/en/shop/pisirme/spr73-4	2026-09-11
P0_RECOVER_PRODUCT	COMMERCE_LEAK_ROBOTS_LOGIN	Robots.txt tarafından engellendi	login_blocked_but_hides_product	308_login_next_to_product	high	en	shop_pdp	pisirme	adg-5u	/en/shop/pisirme/adg-5u	True	True	https://equsto.com/en/login?mode=register&next=/en/shop/pisirme/adg-5u	2026-09-11
P0_RECOVER_PRODUCT	COMMERCE_LEAK_ROBOTS_LOGIN	Robots.txt tarafından engellendi	login_blocked_but_hides_product	308_login_next_to_product	high	en	shop_pdp	market-reyonlari	eq-lion-sld-eq2	/en/shop/market-reyonlari/eq-lion-sld-eq2	True	True	https://equsto.com/en/login?mode=register&next=/en/shop/market-reyonlari/eq-lion-sld-eq2	2026-09-11
P0_RECOVER_PRODUCT	COMMERCE_LEAK_ROBOTS_LOGIN	Robots.txt tarafından engellendi	login_blocked_but_hides_product	308_login_next_to_product	high	en	shop_pdp	tasima	100375	/en/shop/tasima/100375	True	True	https://equsto.com/en/login?mode=register&next=/en/shop/tasima/100375	2026-09-11
P0_RECOVER_PRODUCT	COMMERCE_LEAK_ROBOTS_LOGIN	Robots.txt tarafından engellendi	login_blocked_but_hides_product	308_login_next_to_product		en	shop_pdp	market-reyonlari	eq-fulya-hf-fl-eq6		True	False	https://equsto.com/en/login.html?next=/en/shop/market-reyonlari/eq-fulya-hf-fl-eq6	2026-09-11
P0_RECOVER_PRODUCT	COMMERCE_LEAK_ROBOTS_LOGIN	Robots.txt tarafından engellendi	login_blocked_but_hides_product	308_login_next_to_product	high	en	shop_pdp	set-ustu-mutfak	0311-13200-21	/en/shop/set-ustu-mutfak/0311-13200-21	True	True	https://equsto.com/en/login?mode=register&next=/en/shop/set-ustu-mutfak/0311-13200-21	2026-09-11
P0_RECOVER_PRODUCT	COMMERCE_LEAK_ROBOTS_LOGIN	Robots.txt tarafından engellendi	login_blocked_but_hides_product	308_login_next_to_product	high	en	shop_pdp	sogutma	bre-cb640ahc	/en/shop/sogutma/bre-cb640ahc	True	True	https://equsto.com/en/login.html?next=/en/shop/sogutma/bre-cb640ahc	2026-09-11
P0_RECOVER_PRODUCT	COMMERCE_LEAK_ROBOTS_LOGIN	Robots.txt tarafından engellendi	login_blocked_but_hides_product	308_login_next_to_product	high	en	shop_pdp	tezgah	7754-216e5-31	/en/shop/tezgah/7754-216e5-31	True	True	https://equsto.com/en/login?mode=register&next=/en/shop/tezgah/7754-216e5-31	2026-09-11
P0_RECOVER_PRODUCT	COMMERCE_LEAK_ROBOTS_LOGIN	Robots.txt tarafından engellendi	login_blocked_but_hides_product	308_login_next_to_product	high	en	shop_pdp	set-ustu-mutfak	vwjg-5p	/en/shop/set-ustu-mutfak/vwjg-5p	True	True	https://equsto.com/en/login?mode=register&next=/en/shop/set-ustu-mutfak/vwjg-5p	2026-09-11
P0_RECOVER_PRODUCT	COMMERCE_LEAK_ROBOTS_LOGIN	Robots.txt tarafından engellendi	login_blocked_but_hides_product	308_login_next_to_product	high	en	shop_pdp	set-ustu-mutfak	8356-53325-20	/en/shop/set-ustu-mutfak/8356-53325-20	True	True	https://equsto.com/en/login.html?next=/en/shop/set-ustu-mutfak/8356-53325-20	2026-09-11
P0_RECOVER_PRODUCT	COMMERCE_LEAK_ROBOTS_LOGIN	Robots.txt tarafından engellendi	login_blocked_but_hides_product	308_login_next_to_product	high	en	shop_pdp	davlumbaz	7885-40155-01	/en/shop/davlumbaz/7885-40155-01	True	True	https://equsto.com/en/login?mode=register&next=/en/shop/davlumbaz/7885-40155-01	2026-09-11
P0_RECOVER_PRODUCT	COMMERCE_LEAK_ROBOTS_LOGIN	Robots.txt tarafından engellendi	login_blocked_but_hides_product	308_login_next_to_product	high	en	shop_pdp	pisirme	ino-fga100	/en/shop/pisirme/ino-fga100	True	True	https://equsto.com/en/login?mode=register&next=/en/shop/pisirme/ino-fga100	2026-09-11
P0_RECOVER_PRODUCT	COMMERCE_LEAK_ROBOTS_LOGIN	Robots.txt tarafından engellendi	login_blocked_but_hides_product	308_login_next_to_product	high	en	shop_pdp	tezgah	ino-kvb190	/en/shop/tezgah/ino-kvb190	True	True	https://equsto.com/en/login?mode=register&next=/en/shop/tezgah/ino-kvb190	2026-09-11
P0_RECOVER_PRODUCT	COMMERCE_LEAK_ROBOTS_LOGIN	Robots.txt tarafından engellendi	login_blocked_but_hides_product	308_login_next_to_product	high	en	shop_pdp	sogutma	sbhk-4n70e	/en/shop/sogutma/sbhk-4n70e	True	True	https://equsto.com/en/login.html?next=/en/shop/sogutma/sbhk-4n70e	2026-09-11
P0_RECOVER_PRODUCT	COMMERCE_LEAK_ROBOTS_LOGIN	Robots.txt tarafından engellendi	login_blocked_but_hides_product	308_login_next_to_product	high	en	shop_pdp	pisirme	spr5-3	/en/shop/pisirme/spr5-3	True	True	https://equsto.com/en/login?mode=register&next=/en/shop/pisirme/spr5-3	2026-09-11
P0_RECOVER_PRODUCT	COMMERCE_LEAK_ROBOTS_LOGIN	Robots.txt tarafından engellendi	login_blocked_but_hides_product	308_login_next_to_product	high	tr	shop_pdp	hazirlik	208-603512	/shop/hazirlik/208-603512	True	True	https://equsto.com/login?mode=register&next=/shop/hazirlik/208-603512	2026-09-11
P0_RECOVER_PRODUCT	COMMERCE_LEAK_ROBOTS_LOGIN	Robots.txt tarafından engellendi	login_blocked_but_hides_product	308_login_next_to_product	high	en	shop_pdp	kahve	602627	/en/shop/kahve/602627	True	True	https://equsto.com/en/login?mode=register&next=/en/shop/kahve/602627	2026-09-11
P0_RECOVER_PRODUCT	COMMERCE_LEAK_ROBOTS_LOGIN	Robots.txt tarafından engellendi	login_blocked_but_hides_product	308_login_next_to_product		en	shop_pdp	market-reyonlari	eq-nergis-lb-tp-eq43		True	False	https://equsto.com/en/login.html?next=/en/shop/market-reyonlari/eq-nergis-lb-tp-eq43	2026-09-11
P0_RECOVER_PRODUCT	COMMERCE_LEAK_ROBOTS_LOGIN	Robots.txt tarafından engellendi	login_blocked_but_hides_product	308_login_next_to_product	high	en	shop_pdp	pisirme	spr5-4	/en/shop/pisirme/spr5-4	True	True	https://equsto.com/en/login?mode=register&next=/en/shop/pisirme/spr5-4	2026-09-11
P0_RECOVER_PRODUCT	COMMERCE_LEAK_ROBOTS_LOGIN	Robots.txt tarafından engellendi	login_blocked_but_hides_product	308_login_next_to_product	high	en	shop_pdp	pisirme	ino-fke042	/en/shop/pisirme/ino-fke042	True	True	https://equsto.com/en/login.html?next=/en/shop/pisirme/ino-fke042	2026-09-11
P0_RECOVER_PRODUCT	COMMERCE_LEAK_ROBOTS_LOGIN	Robots.txt tarafından engellendi	login_blocked_but_hides_product	308_login_next_to_product	high	en	shop_pdp	tezgah	7758-166a8-25	/en/shop/tezgah/7758-166a8-25	True	True	https://equsto.com/en/login.html?next=/en/shop/tezgah/7758-166a8-25	2026-09-11
P0_RECOVER_PRODUCT	COMMERCE_LEAK_ROBOTS_LOGIN	Robots.txt tarafından engellendi	login_blocked_but_hides_product	308_login_next_to_product	high	en	shop_pdp	hazirlik	208-650108	/en/shop/hazirlik/208-650108	True	True	https://equsto.com/en/login.html?next=/en/shop/hazirlik/208-650108	2026-09-11
P0_RECOVER_PRODUCT	COMMERCE_LEAK_ROBOTS_LOGIN	Robots.txt tarafından engellendi	login_blocked_but_hides_product	308_login_next_to_product	high	en	shop_pdp	set-ustu-mutfak	8850-wf25e-00	/en/shop/set-ustu-mutfak/8850-wf25e-00	True	True	https://equsto.com/en/login?mode=register&next=/en/shop/set-ustu-mutfak/8850-wf25e-00	2026-09-11
P0_RECOVER_PRODUCT	COMMERCE_LEAK_ROBOTS_LOGIN	Robots.txt tarafından engellendi	login_blocked_but_hides_product	308_login_next_to_product	high	en	shop_pdp	sogutma	7919-df6040-00	/en/shop/sogutma/7919-df6040-00	True	True	https://equsto.com/en/login?mode=register&next=/en/shop/sogutma/7919-df6040-00	2026-09-11
P0_RECOVER_PRODUCT	COMMERCE_LEAK_ROBOTS_LOGIN	Robots.txt tarafından engellendi	login_blocked_but_hides_product	308_login_next_to_product	high	en	shop_pdp	sogutma	7919-df4025-00	/en/shop/sogutma/7919-df4025-00	True	True	https://equsto.com/en/login.html?next=/en/shop/sogutma/7919-df4025-00	2026-09-11
P0_RECOVER_PRODUCT	COMMERCE_LEAK_ROBOTS_LOGIN	Robots.txt tarafından engellendi	login_blocked_but_hides_product	308_login_next_to_product	high	en	shop_pdp	sogutma	bre-gb1540ahc	/en/shop/sogutma/bre-gb1540ahc	True	True	https://equsto.com/en/login?mode=register&next=/en/shop/sogutma/bre-gb1540ahc	2026-09-11
P0_RECOVER_PRODUCT	COMMERCE_LEAK_ROBOTS_LOGIN	Robots.txt tarafından engellendi	login_blocked_but_hides_product	308_login_next_to_product	high	en	shop_pdp	pisirme	m004-de	/en/shop/pisirme/m004-de	True	True	https://equsto.com/en/login?mode=register&next=/en/shop/pisirme/m004-de	2026-09-11
P0_RECOVER_PRODUCT	COMMERCE_LEAK_ROBOTS_LOGIN	Robots.txt tarafından engellendi	login_blocked_but_hides_product	308_login_next_to_product	high	en	shop_pdp	tezgah	7911-06060-91	/en/shop/tezgah/7911-06060-91	True	True	https://equsto.com/en/login?mode=register&next=/en/shop/tezgah/7911-06060-91	2026-09-11
P0_RECOVER_PRODUCT	COMMERCE_LEAK_ROBOTS_LOGIN	Robots.txt tarafından engellendi	login_blocked_but_hides_product	308_login_next_to_product	med	en	shop_pdp	davlumbaz	pimak-10105-01	/en/shop/davlumbaz/7885-10105-01	True	True	https://equsto.com/en/login?mode=register&next=/en/shop/davlumbaz/pimak-10105-01	2026-09-11
P0_RECOVER_PRODUCT	COMMERCE_LEAK_ROBOTS_LOGIN	Robots.txt tarafından engellendi	login_blocked_but_hides_product	308_login_next_to_product	high	en	shop_pdp	istif	7897-14060-04	/en/shop/istif/7897-14060-04	True	True	https://equsto.com/en/login.html?next=/en/shop/istif/7897-14060-04	2026-09-11
P0_RECOVER_PRODUCT	COMMERCE_LEAK_ROBOTS_LOGIN	Robots.txt tarafından engellendi	login_blocked_but_hides_product	308_login_next_to_product	high	en	shop_pdp	market-reyonlari	eq-falcon-eq97	/en/shop/market-reyonlari/eq-falcon-eq97	True	True	https://equsto.com/en/login.html?next=/en/shop/market-reyonlari/eq-falcon-eq97	2026-09-11
P0_RECOVER_PRODUCT	COMMERCE_LEAK_ROBOTS_LOGIN	Robots.txt tarafından engellendi	login_blocked_but_hides_product	308_login_next_to_product	high	en	shop_pdp	hazirlik	0820-00050-11	/en/shop/hazirlik/0820-00050-11	True	True	https://equsto.com/en/login.html?next=/en/shop/hazirlik/0820-00050-11	2026-09-11
P0_RECOVER_PRODUCT	COMMERCE_LEAK_ROBOTS_LOGIN	Robots.txt tarafından engellendi	login_blocked_but_hides_product	308_login_next_to_product	high	en	shop_pdp	pisirme	npicco58-1	/en/shop/pisirme/npicco58-1	True	True	https://equsto.com/en/login?mode=register&next=/en/shop/pisirme/npicco58-1	2026-09-11
P0_RECOVER_PRODUCT	COMMERCE_LEAK_ROBOTS_LOGIN	Robots.txt tarafından engellendi	login_blocked_but_hides_product	308_login_next_to_product	high	en	shop_pdp	tezgah	79k3-06lmv-00	/en/shop/tezgah/79k3-06lmv-00	True	True	https://equsto.com/en/login.html?next=/en/shop/tezgah/79k3-06lmv-00	2026-09-11
P0_RECOVER_PRODUCT	COMMERCE_LEAK_ROBOTS_LOGIN	Robots.txt tarafından engellendi	login_blocked_but_hides_product	308_login_next_to_product	high	en	shop_pdp	tezgah	7754-166e8-21	/en/shop/tezgah/7754-166e8-21	True	True	https://equsto.com/en/login?mode=register&next=/en/shop/tezgah/7754-166e8-21	2026-09-11
P0_RECOVER_PRODUCT	COMMERCE_LEAK_ROBOTS_LOGIN	Robots.txt tarafından engellendi	login_blocked_but_hides_product	308_login_next_to_product	high	en	shop_pdp	pisirme	adr-5e-gk	/en/shop/pisirme/adr-5e-gk	True	True	https://equsto.com/en/login?mode=register&next=/en/shop/pisirme/adr-5e-gk	2026-09-11
P0_RECOVER_PRODUCT	COMMERCE_LEAK_ROBOTS_LOGIN	Robots.txt tarafından engellendi	login_blocked_but_hides_product	308_login_next_to_product	high	en	shop_pdp	pisirme	7960-16229-1y3	/en/shop/yikama/7960-16229-1y3	True	True	https://equsto.com/en/login.html?next=/en/shop/pisirme/7960-16229-1y3	2026-09-11
P0_RECOVER_PRODUCT	COMMERCE_LEAK_ROBOTS_LOGIN	Robots.txt tarafından engellendi	login_blocked_but_hides_product	308_login_next_to_product	high	en	shop_pdp	set-ustu-mutfak	0311-16100-30	/en/shop/set-ustu-mutfak/0311-16100-30	True	True	https://equsto.com/en/login?mode=register&next=/en/shop/set-ustu-mutfak/0311-16100-30	2026-09-11
P0_RECOVER_PRODUCT	COMMERCE_LEAK_ROBOTS_LOGIN	Robots.txt tarafından engellendi	login_blocked_but_hides_product	308_login_next_to_product	high	en	shop_pdp	istif	8897-46100-p0	/en/shop/istif/8897-46100-p0	True	True	https://equsto.com/en/login?next=/en/shop/istif/8897-46100-p0	2026-09-11
P0_RECOVER_PRODUCT	COMMERCE_LEAK_ROBOTS_LOGIN	Robots.txt tarafından engellendi	login_blocked_but_hides_product	308_login_next_to_product	high	en	shop_pdp	dolap	7758-166a8-21	/en/shop/tezgah/7758-166a8-21	True	True	https://equsto.com/en/login?mode=register&next=/en/shop/dolap/7758-166a8-21	2026-09-11
P0_RECOVER_PRODUCT	COMMERCE_LEAK_ROBOTS_LOGIN	Robots.txt tarafından engellendi	login_blocked_but_hides_product	308_login_next_to_product		en	shop_pdp	market-reyonlari	eq-lotus-eq90		True	False	https://equsto.com/en/login?mode=register&next=/en/shop/market-reyonlari/eq-lotus-eq90	2026-09-11
P0_RECOVER_PRODUCT	COMMERCE_LEAK_ROBOTS_LOGIN	Robots.txt tarafından engellendi	login_blocked_but_hides_product	308_login_next_to_product		en	other		/en/restaurant-kitchen-quote		True	False	https://equsto.com/en/login.html?next=/en/restaurant-kitchen-quote	2026-09-11
P0_RECOVER_PRODUCT	COMMERCE_LEAK_ROBOTS_LOGIN	Robots.txt tarafından engellendi	login_blocked_but_hides_product	308_login_next_to_product		en	shop_pdp	tezgah	tb04-703030-00		True	False	https://equsto.com/en/login?mode=register&next=/en/shop/tezgah/tb04-703030-00	2026-09-11
P0_RECOVER_PRODUCT	COMMERCE_LEAK_ROBOTS_LOGIN	Robots.txt tarafından engellendi	login_blocked_but_hides_product	308_login_next_to_product	high	en	shop_pdp	market-reyonlari	eq-falcon-eq182	/en/shop/market-reyonlari/eq-falcon-eq182	True	True	https://equsto.com/en/login.html?next=/en/shop/market-reyonlari/eq-falcon-eq182	2026-09-11
P0_RECOVER_PRODUCT	COMMERCE_LEAK_ROBOTS_LOGIN	Robots.txt tarafından engellendi	login_blocked_but_hides_product	308_login_next_to_product	high	en	shop_pdp	tezgah	7911-10070-94	/en/shop/tezgah/7911-10070-94	True	True	https://equsto.com/en/login?mode=register&next=/en/shop/tezgah/7911-10070-94	2026-09-11
P0_RECOVER_PRODUCT	COMMERCE_LEAK_ROBOTS_LOGIN	Robots.txt tarafından engellendi	login_blocked_but_hides_product	308_login_next_to_product	high	en	shop_pdp	set-ustu-mutfak	0314-21065-01	/en/shop/set-ustu-mutfak/0314-21065-01	True	True	https://equsto.com/en/login.html?next=/en/shop/set-ustu-mutfak/0314-21065-01	2026-09-11
P0_RECOVER_PRODUCT	COMMERCE_LEAK_ROBOTS_LOGIN	Robots.txt tarafından engellendi	login_blocked_but_hides_product	308_login_next_to_product	high	en	shop_pdp	istif	8897-16ip4-07	/en/shop/istif/8897-16ip4-07	True	True	https://equsto.com/en/login?mode=register&next=/en/shop/istif/8897-16ip4-07	2026-09-11
P0_RECOVER_PRODUCT	COMMERCE_LEAK_ROBOTS_LOGIN	Robots.txt tarafından engellendi	login_blocked_but_hides_product	308_login_next_to_product	high	en	shop_pdp	set-ustu-mutfak	9450-gw411-bgl	/en/shop/set-ustu-mutfak/9450-gw411-bgl	True	True	https://equsto.com/en/login?mode=register&next=/en/shop/set-ustu-mutfak/9450-gw411-bgl	2026-09-11
P0_RECOVER_PRODUCT	COMMERCE_LEAK_ROBOTS_LOGIN	Robots.txt tarafından engellendi	login_blocked_but_hides_product	308_login_next_to_product	high	en	shop_pdp	market-reyonlari	be-m037-3k	/en/shop/market-reyonlari/be-m037-3k	True	True	https://equsto.com/en/login?mode=register&next=/en/shop/market-reyonlari/be-m037-3k	2026-09-11
P0_RECOVER_PRODUCT	COMMERCE_LEAK_ROBOTS_LOGIN	Robots.txt tarafından engellendi	login_blocked_but_hides_product	308_login_next_to_product	high	en	shop_pdp	set-ustu-mutfak	0311-24065-10	/en/shop/set-ustu-mutfak/0311-24065-10	True	True	https://equsto.com/en/login?mode=register&next=/en/shop/set-ustu-mutfak/0311-24065-10	2026-09-11
P0_RECOVER_PRODUCT	COMMERCE_LEAK_ROBOTS_LOGIN	Robots.txt tarafından engellendi	login_blocked_but_hides_product	308_login_next_to_product		en	shop_pdp	market-reyonlari	eq-gardenya-eq10		True	False	https://equsto.com/en/login?mode=register&next=/en/shop/market-reyonlari/eq-gardenya-eq10	2026-09-11
P0_RECOVER_PRODUCT	COMMERCE_LEAK_ROBOTS_LOGIN	Robots.txt tarafından engellendi	login_blocked_but_hides_product	308_login_next_to_product	high	en	shop_pdp	tezgah	7911-06070-08	/en/shop/tezgah/7911-06070-08	True	True	https://equsto.com/en/login.html?next=/en/shop/tezgah/7911-06070-08	2026-09-11
P0_RECOVER_PRODUCT	COMMERCE_LEAK_ROBOTS_LOGIN	Robots.txt tarafından engellendi	login_blocked_but_hides_product	308_login_next_to_product	high	en	shop_pdp	dolap	7911-09070-04	/en/shop/tezgah/7911-09070-04	True	True	https://equsto.com/en/login?mode=register&next=/en/shop/dolap/7911-09070-04	2026-09-11
P0_RECOVER_PRODUCT	COMMERCE_LEAK_ROBOTS_LOGIN	Robots.txt tarafından engellendi	login_blocked_but_hides_product	308_login_next_to_product	high	en	shop_pdp	market-reyonlari	eq-falcon-eq68	/en/shop/market-reyonlari/eq-falcon-eq68	True	True	https://equsto.com/en/login?mode=register&next=/en/shop/market-reyonlari/eq-falcon-eq68	2026-09-11
P0_RECOVER_PRODUCT	COMMERCE_LEAK_ROBOTS_LOGIN	Robots.txt tarafından engellendi	login_blocked_but_hides_product	308_login_next_to_product	high	en	shop_pdp	sogutma	710008	/en/shop/sogutma/710008	True	False	https://equsto.com/en/login?mode=register&next=/en/shop/sogutma/710008	2026-09-11
P0_RECOVER_PRODUCT	COMMERCE_LEAK_ROBOTS_LOGIN	Robots.txt tarafından engellendi	login_blocked_but_hides_product	308_login_next_to_product		en	shop_pdp	market-reyonlari	eq-nergis-fg-eq53		True	False	https://equsto.com/en/login.html?next=/en/shop/market-reyonlari/eq-nergis-fg-eq53	2026-09-11
P0_RECOVER_PRODUCT	COMMERCE_LEAK_ROBOTS_LOGIN	Robots.txt tarafından engellendi	login_blocked_but_hides_product	308_login_next_to_product	high	en	shop_pdp	pisirme	npicco70-1	/en/shop/pisirme/npicco70-1	True	True	https://equsto.com/en/login?mode=register&next=/en/shop/pisirme/npicco70-1	2026-09-11
P0_RECOVER_PRODUCT	COMMERCE_LEAK_ROBOTS_LOGIN	Robots.txt tarafından engellendi	login_blocked_but_hides_product	308_login_next_to_product		en	shop_pdp	market-reyonlari	eq-nergis-tp-sky-eq29		True	False	https://equsto.com/en/login.html?next=/en/shop/market-reyonlari/eq-nergis-tp-sky-eq29	2026-09-11
P0_RECOVER_PRODUCT	COMMERCE_LEAK_ROBOTS_LOGIN	Robots.txt tarafından engellendi	login_blocked_but_hides_product	308_login_next_to_product	high	en	shop_pdp	pisirme	9890-iccls20-1e	/en/shop/pisirme/9890-iccls20-1e	True	True	https://equsto.com/en/login?mode=register&next=/en/shop/pisirme/9890-iccls20-1e	2026-09-11
P0_RECOVER_PRODUCT	COMMERCE_LEAK_ROBOTS_LOGIN	Robots.txt tarafından engellendi	login_blocked_but_hides_product	308_login_next_to_product		en	shop_pdp	market-reyonlari	eq-nergis-lb-fg-sky-eq4		True	False	https://equsto.com/en/login.html?next=/en/shop/market-reyonlari/eq-nergis-lb-fg-sky-eq4	2026-09-11
P0_RECOVER_PRODUCT	COMMERCE_LEAK_ROBOTS_LOGIN	Robots.txt tarafından engellendi	login_blocked_but_hides_product	308_login_next_to_product		en	shop_pdp	market-reyonlari	eq-nergis-lb-lm-eq39		True	False	https://equsto.com/en/login?mode=register&next=/en/shop/market-reyonlari/eq-nergis-lb-lm-eq39	2026-09-11
P0_RECOVER_PRODUCT	COMMERCE_LEAK_ROBOTS_LOGIN	Robots.txt tarafından engellendi	login_blocked_but_hides_product	308_login_next_to_product	high	en	shop_pdp	tezgah	ino-ktn160	/en/shop/tezgah/ino-ktn160	True	True	https://equsto.com/en/login?mode=register&next=/en/shop/tezgah/ino-ktn160	2026-09-11
P0_RECOVER_PRODUCT	COMMERCE_LEAK_ROBOTS_LOGIN	Robots.txt tarafından engellendi	login_blocked_but_hides_product	308_login_next_to_product	high	en	shop_pdp	yikama	0753-45452-10	/en/shop/yikama/0753-45452-10	True	True	https://equsto.com/en/login?mode=register&next=/en/shop/yikama/0753-45452-10	2026-09-11
P0_RECOVER_PRODUCT	COMMERCE_LEAK_ROBOTS_LOGIN	Robots.txt tarafından engellendi	login_blocked_but_hides_product	308_login_next_to_product	high	en	shop_pdp	market-reyonlari	eq-lion-eq26	/en/shop/market-reyonlari/eq-lion-eq26	True	True	https://equsto.com/en/login.html?next=/en/shop/market-reyonlari/eq-lion-eq26	2026-09-11
P0_RECOVER_PRODUCT	COMMERCE_LEAK_ROBOTS_LOGIN	Robots.txt tarafından engellendi	login_blocked_but_hides_product	308_login_next_to_product	high	en	shop_pdp	sogutma	118-sbcs-250	/en/shop/sogutma/118-sbcs-250	True	True	https://equsto.com/en/login?mode=register&next=/en/shop/sogutma/118-sbcs-250	2026-09-11
P0_RECOVER_PRODUCT	COMMERCE_LEAK_ROBOTS_LOGIN	Robots.txt tarafından engellendi	login_blocked_but_hides_product	308_login_next_to_product		en	shop_pdp	market-reyonlari	eq-nergis-fg-eq8		True	False	https://equsto.com/en/login.html?next=/en/shop/market-reyonlari/eq-nergis-fg-eq8	2026-09-11
P0_RECOVER_PRODUCT	COMMERCE_LEAK_ROBOTS_LOGIN	Robots.txt tarafından engellendi	login_blocked_but_hides_product	308_login_next_to_product	high	en	shop_pdp	dolap	7758-106a8-11	/en/shop/tezgah/7758-106a8-11	True	True	https://equsto.com/en/login?mode=register&next=/en/shop/dolap/7758-106a8-11	2026-09-11
P0_RECOVER_PRODUCT	COMMERCE_LEAK_ROBOTS_LOGIN	Robots.txt tarafından engellendi	login_blocked_but_hides_product	308_login_next_to_product	high	en	shop_pdp	sogutma	bre-cb840ahc	/en/shop/sogutma/bre-cb840ahc	True	True	https://equsto.com/en/login.html?next=/en/shop/sogutma/bre-cb840ahc	2026-09-11
P0_RECOVER_PRODUCT	COMMERCE_LEAK_ROBOTS_LOGIN	Robots.txt tarafından engellendi	login_blocked_but_hides_product	308_login_next_to_product		en	shop_pdp	market-reyonlari	eq-lotus-lb-eq12		True	False	https://equsto.com/en/login.html?next=/en/shop/market-reyonlari/eq-lotus-lb-eq12	2026-09-11
P0_RECOVER_PRODUCT	COMMERCE_LEAK_ROBOTS_LOGIN	Robots.txt tarafından engellendi	login_blocked_but_hides_product	308_login_next_to_product	high	en	shop_pdp	pisirme	7961-20629-1y2	/en/shop/yikama/7961-20629-1y2	True	True	https://equsto.com/en/login?mode=register&next=/en/shop/pisirme/7961-20629-1y2	2026-09-11
P0_RECOVER_PRODUCT	COMMERCE_LEAK_ROBOTS_LOGIN	Robots.txt tarafından engellendi	login_blocked_but_hides_product	308_login_next_to_product	high	en	shop_pdp	tezgah	eq-khct04-14070	/en/shop/tezgah/eq-khct04-14070	True	True	https://equsto.com/en/login.html?next=/en/shop/tezgah/eq-khct04-14070	2026-09-11
P0_RECOVER_PRODUCT	COMMERCE_LEAK_ROBOTS_LOGIN	Robots.txt tarafından engellendi	login_blocked_but_hides_product	308_login_next_to_product	high	en	shop_pdp	tezgah	7754-146a5-25	/en/shop/tezgah/7754-146a5-25	True	True	https://equsto.com/en/login?mode=register&next=/en/shop/tezgah/7754-146a5-25	2026-09-11
P0_RECOVER_PRODUCT	COMMERCE_LEAK_ROBOTS_LOGIN	Robots.txt tarafından engellendi	login_blocked_but_hides_product	308_login_next_to_product	high	en	shop_pdp	market-reyonlari	eq-falcon-sld-eq44	/en/shop/market-reyonlari/eq-falcon-sld-eq44	True	True	https://equsto.com/en/login?mode=register&next=/en/shop/market-reyonlari/eq-falcon-sld-eq44	2026-09-10
P0_RECOVER_PRODUCT	COMMERCE_LEAK_ROBOTS_LOGIN	Robots.txt tarafından engellendi	login_blocked_but_hides_product	308_login_next_to_product	high	en	shop_pdp	yikama	ino-byk270l-k70	/en/shop/yikama/ino-byk270l-k70	True	True	https://equsto.com/en/login?mode=register&next=/en/shop/yikama/ino-byk270l-k70	2026-09-10
P0_RECOVER_PRODUCT	COMMERCE_LEAK_ROBOTS_LOGIN	Robots.txt tarafından engellendi	login_blocked_but_hides_product	308_login_next_to_product	high	en	shop_pdp	icecek	8573-cdge5	/en/shop/icecek/8573-cdge5	True	True	https://equsto.com/en/login?mode=register&next=/en/shop/icecek/8573-cdge5	2026-09-10
P0_RECOVER_PRODUCT	COMMERCE_LEAK_ROBOTS_LOGIN	Robots.txt tarafından engellendi	login_blocked_but_hides_product	308_login_next_to_product	high	tr	shop_pdp	sogutma	730319	/shop/sogutma/730319	True	True	https://equsto.com/en/login?mode=register&next=/shop/sogutma/730319	2026-09-10
P0_RECOVER_PRODUCT	COMMERCE_LEAK_ROBOTS_LOGIN	Robots.txt tarafından engellendi	login_blocked_but_hides_product	308_login_next_to_product	high	en	shop_pdp	tasima	7895-40550-00	/en/shop/tasima/7895-40550-00	True	True	https://equsto.com/en/login.html?next=/en/shop/tasima/7895-40550-00	2026-09-10
P0_RECOVER_PRODUCT	COMMERCE_LEAK_ROBOTS_LOGIN	Robots.txt tarafından engellendi	login_blocked_but_hides_product	308_login_next_to_product		en	shop_pdp	icecek	rc-56200b		True	False	https://equsto.com/en/login?mode=register&next=/en/shop/icecek/rc-56200b	2026-09-10
P0_RECOVER_PRODUCT	COMMERCE_LEAK_ROBOTS_LOGIN	Robots.txt tarafından engellendi	login_blocked_but_hides_product	308_login_next_to_product	high	en	shop_pdp	sogutma	bre-cb249ahcbqube	/en/shop/sogutma/bre-cb249ahcbqube	True	True	https://equsto.com/en/login?mode=register&next=/en/shop/sogutma/bre-cb249ahcbqube	2026-09-10
P0_RECOVER_PRODUCT	COMMERCE_LEAK_ROBOTS_LOGIN	Robots.txt tarafından engellendi	login_blocked_but_hides_product	308_login_next_to_product	high	en	shop_pdp	set-ustu-mutfak	2864-q3028-99	/en/shop/set-ustu-mutfak/2864-q3028-99	True	True	https://equsto.com/en/login?mode=register&next=/en/shop/set-ustu-mutfak/2864-q3028-99	2026-09-10
P0_RECOVER_PRODUCT	COMMERCE_LEAK_ROBOTS_LOGIN	Robots.txt tarafından engellendi	login_blocked_but_hides_product	308_login_next_to_product	high	en	shop_pdp	pisirme	9868-bt350-t0	/en/shop/pisirme/9868-bt350-t0	True	True	https://equsto.com/en/login?mode=register&next=/en/shop/pisirme/9868-bt350-t0	2026-09-10
P0_RECOVER_PRODUCT	COMMERCE_LEAK_ROBOTS_LOGIN	Robots.txt tarafından engellendi	login_blocked_but_hides_product	308_login_next_to_product		en	shop_pdp	market-reyonlari	eq-fulya-nv-lm-eq12		True	False	https://equsto.com/en/login.html?next=/en/shop/market-reyonlari/eq-fulya-nv-lm-eq12	2026-09-10
P0_RECOVER_PRODUCT	COMMERCE_LEAK_ROBOTS_LOGIN	Robots.txt tarafından engellendi	login_blocked_but_hides_product	308_login_next_to_product	high	en	shop_pdp	tezgah	7754-187c8-21	/en/shop/tezgah/7754-187c8-21	True	True	https://equsto.com/en/login?mode=register&next=/en/shop/tezgah/7754-187c8-21	2026-09-10
P0_RECOVER_PRODUCT	COMMERCE_LEAK_ROBOTS_LOGIN	Robots.txt tarafından engellendi	login_blocked_but_hides_product	308_login_next_to_product	high	en	shop_pdp	market-reyonlari	eq-leopard-eq5	/en/shop/market-reyonlari/eq-leopard-eq5	True	True	https://equsto.com/en/login?mode=register&next=/en/shop/market-reyonlari/eq-leopard-eq5	2026-09-10
P0_RECOVER_PRODUCT	COMMERCE_LEAK_ROBOTS_LOGIN	Robots.txt tarafından engellendi	login_blocked_but_hides_product	308_login_next_to_product		en	shop_pdp	market-reyonlari	eq-sardunya-gl-eq21		True	False	https://equsto.com/en/login?mode=register&next=/en/shop/market-reyonlari/eq-sardunya-gl-eq21	2026-09-10
P0_RECOVER_PRODUCT	COMMERCE_LEAK_ROBOTS_LOGIN	Robots.txt tarafından engellendi	login_blocked_but_hides_product	308_login_next_to_product		en	shop_pdp	market-reyonlari	eq-sardunya-gl-eq4		True	False	https://equsto.com/en/login.html?next=/en/shop/market-reyonlari/eq-sardunya-gl-eq4	2026-09-10
P0_RECOVER_PRODUCT	COMMERCE_LEAK_ROBOTS_LOGIN	Robots.txt tarafından engellendi	login_blocked_but_hides_product	308_login_next_to_product		en	shop_pdp	market-reyonlari	eq-nergis-lb-tp-sky-eq9		True	False	https://equsto.com/en/login?mode=register&next=/en/shop/market-reyonlari/eq-nergis-lb-tp-sky-eq9	2026-09-10
P0_RECOVER_PRODUCT	COMMERCE_LEAK_ROBOTS_LOGIN	Robots.txt tarafından engellendi	login_blocked_but_hides_product	308_login_next_to_product	high	en	shop_pdp	dolap	7911-12080-30m	/en/shop/tezgah/7911-12080-30m	True	True	https://equsto.com/en/login?mode=register&next=/en/shop/dolap/7911-12080-30m	2026-09-10
P0_RECOVER_PRODUCT	COMMERCE_LEAK_ROBOTS_LOGIN	Robots.txt tarafından engellendi	login_blocked_but_hides_product	308_login_next_to_product	high	en	shop_pdp	kahve	9580-1500s-pb2	/en/shop/kahve/9580-1500s-pb2	True	True	https://equsto.com/en/login.html?next=/en/shop/kahve/9580-1500s-pb2	2026-09-10
P0_RECOVER_PRODUCT	COMMERCE_LEAK_ROBOTS_LOGIN	Robots.txt tarafından engellendi	login_blocked_but_hides_product	308_login_next_to_product	high	en	shop_pdp	sogutma	710020	/en/shop/sogutma/710020	True	False	https://equsto.com/en/login.html?next=/en/shop/sogutma/710020	2026-09-10
P0_RECOVER_PRODUCT	COMMERCE_LEAK_ROBOTS_LOGIN	Robots.txt tarafından engellendi	login_blocked_but_hides_product	308_login_next_to_product	high	en	shop_pdp	pisirme	8890-g1702-00	/en/shop/pisirme/8890-g1702-00	True	True	https://equsto.com/en/login?mode=register&next=/en/shop/pisirme/8890-g1702-00	2026-09-10
P0_RECOVER_PRODUCT	COMMERCE_LEAK_ROBOTS_LOGIN	Robots.txt tarafından engellendi	login_blocked_but_hides_product	308_login_next_to_product		en	shop_pdp	market-reyonlari	eq-lotus-lb-eq22		True	False	https://equsto.com/en/login.html?next=/en/shop/market-reyonlari/eq-lotus-lb-eq22	2026-09-10
P0_RECOVER_PRODUCT	COMMERCE_LEAK_ROBOTS_LOGIN	Robots.txt tarafından engellendi	login_blocked_but_hides_product	308_login_next_to_product	high	en	shop_pdp	set-ustu-mutfak	8310-0pp12-150	/en/shop/set-ustu-mutfak/8310-0pp12-150	True	True	https://equsto.com/en/login?mode=register&next=/en/shop/set-ustu-mutfak/8310-0pp12-150	2026-09-10
P0_RECOVER_PRODUCT	COMMERCE_LEAK_ROBOTS_LOGIN	Robots.txt tarafından engellendi	login_blocked_but_hides_product	308_login_next_to_product	high	en	shop_pdp	araba	c122x	/en/shop/araba/c122x	True	True	https://equsto.com/en/login?mode=register&next=/en/shop/araba/c122x	2026-09-10
P0_RECOVER_PRODUCT	COMMERCE_LEAK_ROBOTS_LOGIN	Robots.txt tarafından engellendi	login_blocked_but_hides_product	308_login_next_to_product	high	en	shop_pdp	hazirlik	208-600145	/en/shop/hazirlik/208-600145	True	True	https://equsto.com/en/login?next=/en/shop/hazirlik/208-600145	2026-09-10
P0_RECOVER_PRODUCT	COMMERCE_LEAK_ROBOTS_LOGIN	Robots.txt tarafından engellendi	login_blocked_but_hides_product	308_login_next_to_product		en	shop_pdp	market-reyonlari	eq-lotus-eq5		True	False	https://equsto.com/en/login?mode=register&next=/en/shop/market-reyonlari/eq-lotus-eq5	2026-09-10
P0_RECOVER_PRODUCT	COMMERCE_LEAK_ROBOTS_LOGIN	Robots.txt tarafından engellendi	login_blocked_but_hides_product	308_login_next_to_product	high	en	shop_pdp	sogutma	79e4-47nmv-02	/en/shop/sogutma/79e4-47nmv-02	True	True	https://equsto.com/en/login.html?next=/en/shop/sogutma/79e4-47nmv-02	2026-09-10
P0_RECOVER_PRODUCT	COMMERCE_LEAK_ROBOTS_LOGIN	Robots.txt tarafından engellendi	login_blocked_but_hides_product	308_login_next_to_product	high	en	shop_pdp	tezgah	7911-n1-40603-00	/en/shop/tezgah/7911-n1-40603-00	True	True	https://equsto.com/en/login?mode=register&next=/en/shop/tezgah/7911-n1-40603-00	2026-09-10
P0_RECOVER_PRODUCT	COMMERCE_LEAK_ROBOTS_LOGIN	Robots.txt tarafından engellendi	login_blocked_but_hides_product	308_login_next_to_product	high	en	shop_pdp	dolap	7911-16060-23	/en/shop/tezgah/7911-16060-23	True	True	https://equsto.com/en/login?mode=register&next=/en/shop/dolap/7911-16060-23	2026-09-10
P0_RECOVER_PRODUCT	COMMERCE_LEAK_ROBOTS_LOGIN	Robots.txt tarafından engellendi	login_blocked_but_hides_product	308_login_next_to_product	high	en	shop_pdp	hazirlik	208-650166-as2xx	/en/shop/hazirlik/208-650166-as2xx	True	True	https://equsto.com/en/login.html?next=/en/shop/hazirlik/208-650166-as2xx	2026-09-10
P0_RECOVER_PRODUCT	COMMERCE_LEAK_ROBOTS_LOGIN	Robots.txt tarafından engellendi	login_blocked_but_hides_product	308_login_next_to_product	high	en	shop_pdp	set-ustu-mutfak	8893-up201-00	/en/shop/set-ustu-mutfak/8893-up201-00	True	True	https://equsto.com/en/login?mode=register&next=/en/shop/set-ustu-mutfak/8893-up201-00	2026-09-10
P0_RECOVER_PRODUCT	COMMERCE_LEAK_ROBOTS_LOGIN	Robots.txt tarafından engellendi	login_blocked_but_hides_product	308_login_next_to_product	high	en	shop_pdp	tezgah	7911-14070-22m	/en/shop/tezgah/7911-14070-22m	True	True	https://equsto.com/en/login.html?next=/en/shop/tezgah/7911-14070-22m	2026-09-10
P0_RECOVER_PRODUCT	COMMERCE_LEAK_ROBOTS_LOGIN	Robots.txt tarafından engellendi	login_blocked_but_hides_product	308_login_next_to_product	high	en	shop_pdp	pisirme	dkfe20	/en/shop/pisirme/dkfe20	True	False	https://equsto.com/en/login.html?next=/en/shop/pisirme/dkfe20	2026-09-10
P0_RECOVER_PRODUCT	COMMERCE_LEAK_ROBOTS_LOGIN	Robots.txt tarafından engellendi	login_blocked_but_hides_product	308_login_next_to_product	high	en	shop_pdp	tezgah	7911-19070-95	/en/shop/tezgah/7911-19070-95	True	True	https://equsto.com/en/login.html?next=/en/shop/tezgah/7911-19070-95	2026-09-10
P0_RECOVER_PRODUCT	COMMERCE_LEAK_ROBOTS_LOGIN	Robots.txt tarafından engellendi	login_blocked_but_hides_product	308_login_next_to_product	high	en	shop_pdp	pisirme	7960-11829-7o2	/en/shop/yikama/7960-11829-7o2	True	True	https://equsto.com/en/login?mode=register&next=/en/shop/pisirme/7960-11829-7o2	2026-09-10
P0_RECOVER_PRODUCT	COMMERCE_LEAK_ROBOTS_LOGIN	Robots.txt tarafından engellendi	login_blocked_but_hides_product	308_login_next_to_product	high	en	shop_pdp	sogutma	bre-bin240pe	/en/shop/sogutma/bre-bin240pe	True	True	https://equsto.com/en/login.html?next=/en/shop/sogutma/bre-bin240pe	2026-09-10
P0_RECOVER_PRODUCT	COMMERCE_LEAK_ROBOTS_LOGIN	Robots.txt tarafından engellendi	login_blocked_but_hides_product	308_login_next_to_product	high	en	shop_pdp	market-reyonlari	eq-dolphin-is-eq1	/en/shop/market-reyonlari/eq-dolphin-is-eq1	True	True	https://equsto.com/en/login?mode=register&next=/en/shop/market-reyonlari/eq-dolphin-is-eq1	2026-09-10
P0_RECOVER_PRODUCT	COMMERCE_LEAK_ROBOTS_LOGIN	Robots.txt tarafından engellendi	login_blocked_but_hides_product	308_login_next_to_product	high	en	shop_pdp	yikama	510504	/en/shop/yikama/510504	True	False	https://equsto.com/en/login.html?next=/en/shop/yikama/510504	2026-09-10
P0_RECOVER_PRODUCT	COMMERCE_LEAK_ROBOTS_LOGIN	Robots.txt tarafından engellendi	login_blocked_but_hides_product	308_login_next_to_product		en	shop_pdp	market-reyonlari	eq-nergis-lb-lm-eq20		True	False	https://equsto.com/en/login?mode=register&next=/en/shop/market-reyonlari/eq-nergis-lb-lm-eq20	2026-09-10
P0_RECOVER_PRODUCT	COMMERCE_LEAK_ROBOTS_LOGIN	Robots.txt tarafından engellendi	login_blocked_but_hides_product	308_login_next_to_product		en	shop_pdp	market-reyonlari	eq-acelya-eq11		True	False	https://equsto.com/en/login.html?next=/en/shop/market-reyonlari/eq-acelya-eq11	2026-09-10
P0_RECOVER_PRODUCT	COMMERCE_LEAK_ROBOTS_LOGIN	Robots.txt tarafından engellendi	login_blocked_but_hides_product	308_login_next_to_product		tr	shop_pdp	market-reyonlari	eq-lotus-eq49		True	False	https://equsto.com/en/login?next=/shop/market-reyonlari/eq-lotus-eq49	2026-09-10
P0_RECOVER_PRODUCT	COMMERCE_LEAK_ROBOTS_LOGIN	Robots.txt tarafından engellendi	login_blocked_but_hides_product	308_login_next_to_product	high	en	shop_pdp	pisirme	7960-09429-7y3	/en/shop/yikama/7960-09429-7y3	True	True	https://equsto.com/en/login?mode=register&next=/en/shop/pisirme/7960-09429-7y3	2026-09-10
P0_RECOVER_PRODUCT	COMMERCE_LEAK_ROBOTS_LOGIN	Robots.txt tarafından engellendi	login_blocked_but_hides_product	308_login_next_to_product	high	en	shop_pdp	davlumbaz	7885-60155-01	/en/shop/davlumbaz/7885-60155-01	True	True	https://equsto.com/en/login?mode=register&next=/en/shop/davlumbaz/7885-60155-01	2026-09-10
P0_RECOVER_PRODUCT	COMMERCE_LEAK_ROBOTS_LOGIN	Robots.txt tarafından engellendi	login_blocked_but_hides_product	308_login_next_to_product	high	en	shop_pdp	dolap	7911-19060-83	/en/shop/tezgah/7911-19060-83	True	True	https://equsto.com/en/login?mode=register&next=/en/shop/dolap/7911-19060-83	2026-09-10
P0_RECOVER_PRODUCT	COMMERCE_LEAK_ROBOTS_LOGIN	Robots.txt tarafından engellendi	login_blocked_but_hides_product	308_login_next_to_product	high	en	shop_pdp	pisirme	spr73-1	/en/shop/pisirme/spr73-1	True	True	https://equsto.com/en/login?mode=register&next=/en/shop/pisirme/spr73-1	2026-09-10
P0_RECOVER_PRODUCT	COMMERCE_LEAK_ROBOTS_LOGIN	Robots.txt tarafından engellendi	login_blocked_but_hides_product	308_login_next_to_product	high	en	shop_pdp	tezgah	7911-06060-04	/en/shop/tezgah/7911-06060-04	True	True	https://equsto.com/en/login?mode=register&next=/en/shop/tezgah/7911-06060-04	2026-09-10
P0_RECOVER_PRODUCT	COMMERCE_LEAK_ROBOTS_LOGIN	Robots.txt tarafından engellendi	login_blocked_but_hides_product	308_login_next_to_product	high	en	shop_pdp	tezgah	7754-246e8-23	/en/shop/tezgah/7754-246e8-23	True	True	https://equsto.com/en/login.html?next=/en/shop/tezgah/7754-246e8-23	2026-09-10
P0_RECOVER_PRODUCT	COMMERCE_LEAK_ROBOTS_LOGIN	Robots.txt tarafından engellendi	login_blocked_but_hides_product	308_login_next_to_product	high	en	shop_pdp	icecek	8477-0000a-01	/en/shop/icecek/8477-0000a-01	True	True	https://equsto.com/en/login?mode=register&next=/en/shop/icecek/8477-0000a-01	2026-09-10
P0_RECOVER_PRODUCT	COMMERCE_LEAK_ROBOTS_LOGIN	Robots.txt tarafından engellendi	login_blocked_but_hides_product	308_login_next_to_product	high	en	shop_pdp	kahve	197-e61-a1-ww	/en/shop/kahve/197-e61-a1-ww	True	True	https://equsto.com/en/login.html?next=/en/shop/kahve/197-e61-a1-ww	2026-09-10
P0_RECOVER_PRODUCT	COMMERCE_LEAK_ROBOTS_LOGIN	Robots.txt tarafından engellendi	login_blocked_but_hides_product	308_login_next_to_product	high	en	shop_pdp	sogutma	118-sds385-dcpf	/en/shop/sogutma/118-sds385-dcpf	True	True	https://equsto.com/en/login.html?next=/en/shop/sogutma/118-sds385-dcpf	2026-09-10
P0_RECOVER_PRODUCT	COMMERCE_LEAK_ROBOTS_LOGIN	Robots.txt tarafından engellendi	login_blocked_but_hides_product	308_login_next_to_product		en	shop_pdp	market-reyonlari	eq-acelya-eq5		True	False	https://equsto.com/en/login?mode=register&next=/en/shop/market-reyonlari/eq-acelya-eq5	2026-09-10
P0_RECOVER_PRODUCT	COMMERCE_LEAK_ROBOTS_LOGIN	Robots.txt tarafından engellendi	login_blocked_but_hides_product	308_login_next_to_product	high	en	shop_pdp	pisirme	agi-873-ncr	/en/shop/pisirme/agi-873-ncr	True	True	https://equsto.com/en/login?next=/en/shop/pisirme/agi-873-ncr	2026-09-10
P0_RECOVER_PRODUCT	COMMERCE_LEAK_ROBOTS_LOGIN	Robots.txt tarafından engellendi	login_blocked_but_hides_product	308_login_next_to_product		en	shop_pdp	market-reyonlari	eq-gardenya-eq17		True	False	https://equsto.com/en/login?mode=register&next=/en/shop/market-reyonlari/eq-gardenya-eq17	2026-09-10
P0_RECOVER_PRODUCT	COMMERCE_LEAK_ROBOTS_LOGIN	Robots.txt tarafından engellendi	login_blocked_but_hides_product	308_login_next_to_product		en	shop_pdp	market-reyonlari	eq-fulya-hf-lm-eq4		True	False	https://equsto.com/en/login?mode=register&next=/en/shop/market-reyonlari/eq-fulya-hf-lm-eq4	2026-09-10
P0_RECOVER_PRODUCT	COMMERCE_LEAK_ROBOTS_LOGIN	Robots.txt tarafından engellendi	login_blocked_but_hides_product	308_login_next_to_product	high	en	shop_pdp	pisirme	7864-n1-80703-17	/en/shop/pisirme/7864-n1-80703-17	True	True	https://equsto.com/en/login.html?next=/en/shop/pisirme/7864-n1-80703-17	2026-09-10
P0_RECOVER_PRODUCT	COMMERCE_LEAK_ROBOTS_LOGIN	Robots.txt tarafından engellendi	login_blocked_but_hides_product	308_login_next_to_product	high	en	shop_pdp	tezgah	ino-krn060c	/en/shop/tezgah/ino-krn060c	True	True	https://equsto.com/en/login.html?next=/en/shop/tezgah/ino-krn060c	2026-09-10
P0_RECOVER_PRODUCT	COMMERCE_LEAK_ROBOTS_LOGIN	Robots.txt tarafından engellendi	login_blocked_but_hides_product	308_login_next_to_product	high	en	shop_pdp	sogutma	bre-cb416ahc	/en/shop/sogutma/bre-cb416ahc	True	True	https://equsto.com/en/login?mode=register&next=/en/shop/sogutma/bre-cb416ahc	2026-09-10
P0_RECOVER_PRODUCT	COMMERCE_LEAK_ROBOTS_LOGIN	Robots.txt tarafından engellendi	login_blocked_but_hides_product	308_login_next_to_product	high	en	shop_pdp	tezgah	eq-kmertt02-16070	/en/shop/tezgah/eq-kmertt02-16070	True	True	https://equsto.com/en/login.html?next=/en/shop/tezgah/eq-kmertt02-16070	2026-09-10
P0_RECOVER_PRODUCT	COMMERCE_LEAK_ROBOTS_LOGIN	Robots.txt tarafından engellendi	login_blocked_but_hides_product	308_login_next_to_product	high	en	shop_pdp	set-ustu-mutfak	0213-11065-01	/en/shop/set-ustu-mutfak/0213-11065-01	True	True	https://equsto.com/en/login?mode=register&next=/en/shop/set-ustu-mutfak/0213-11065-01	2026-09-10
P0_RECOVER_PRODUCT	COMMERCE_LEAK_ROBOTS_LOGIN	Robots.txt tarafından engellendi	login_blocked_but_hides_product	308_login_next_to_product		en	shop_pdp	market-reyonlari	eq-nergis-lb-fg-sky-eq38		True	False	https://equsto.com/en/login?mode=register&next=/en/shop/market-reyonlari/eq-nergis-lb-fg-sky-eq38	2026-09-10
P0_RECOVER_PRODUCT	COMMERCE_LEAK_ROBOTS_LOGIN	Robots.txt tarafından engellendi	login_blocked_but_hides_product	308_login_next_to_product	high	en	shop_pdp	araba	g-gn-75-d-1	/en/shop/araba/g-gn-75-d-1	True	True	https://equsto.com/en/login?mode=register&next=/en/shop/araba/g-gn-75-d-1	2026-09-10
P0_RECOVER_PRODUCT	COMMERCE_LEAK_ROBOTS_LOGIN	Robots.txt tarafından engellendi	login_blocked_but_hides_product	308_login_next_to_product	high	en	shop_pdp	pisirme	gn1-2150	/en/shop/pisirme/gn1-2150	True	True	https://equsto.com/en/login?mode=register&next=/en/shop/pisirme/gn1-2150	2026-09-10
P0_RECOVER_PRODUCT	COMMERCE_LEAK_ROBOTS_LOGIN	Robots.txt tarafından engellendi	login_blocked_but_hides_product	308_login_next_to_product	high	en	shop_pdp	market-reyonlari	eq-falcon-sld-eq94	/en/shop/market-reyonlari/eq-falcon-sld-eq94	True	True	https://equsto.com/en/login?mode=register&next=/en/shop/market-reyonlari/eq-falcon-sld-eq94	2026-09-10
P0_RECOVER_PRODUCT	COMMERCE_LEAK_ROBOTS_LOGIN	Robots.txt tarafından engellendi	login_blocked_but_hides_product	308_login_next_to_product	high	en	shop_pdp	market-reyonlari	eq-falcon-sld-eq81	/en/shop/market-reyonlari/eq-falcon-sld-eq81	True	True	https://equsto.com/en/login?mode=register&next=/en/shop/market-reyonlari/eq-falcon-sld-eq81	2026-09-10
P0_RECOVER_PRODUCT	COMMERCE_LEAK_ROBOTS_LOGIN	Robots.txt tarafından engellendi	login_blocked_but_hides_product	308_login_next_to_product		en	shop_pdp	market-reyonlari	eq-lotus-eq2		True	False	https://equsto.com/en/login.html?next=/en/shop/market-reyonlari/eq-lotus-eq2	2026-09-10
P0_RECOVER_PRODUCT	COMMERCE_LEAK_ROBOTS_LOGIN	Robots.txt tarafından engellendi	login_blocked_but_hides_product	308_login_next_to_product	high	en	shop_pdp	pisirme	9890-xeft06-eu	/en/shop/pisirme/9890-xeft06-eu	True	True	https://equsto.com/en/login?mode=register&next=/en/shop/pisirme/9890-xeft06-eu	2026-09-10
P0_RECOVER_PRODUCT	COMMERCE_LEAK_ROBOTS_LOGIN	Robots.txt tarafından engellendi	login_blocked_but_hides_product	308_login_next_to_product	high	en	shop_pdp	istif	8897-12ip4-073	/en/shop/istif/8897-12ip4-073	True	True	https://equsto.com/en/login?mode=register&next=/en/shop/istif/8897-12ip4-073	2026-09-10
P0_RECOVER_PRODUCT	COMMERCE_LEAK_ROBOTS_LOGIN	Robots.txt tarafından engellendi	login_blocked_but_hides_product	308_login_next_to_product	high	en	shop_pdp	hazirlik	208-653773-j2x	/en/shop/hazirlik/208-653773-j2x	True	True	https://equsto.com/en/login.html?next=/en/shop/hazirlik/208-653773-j2x	2026-09-10
P0_RECOVER_PRODUCT	COMMERCE_LEAK_ROBOTS_LOGIN	Robots.txt tarafından engellendi	login_blocked_but_hides_product	308_login_next_to_product	high	en	shop_pdp	pisirme	adr-c1-8g-gk	/en/shop/pisirme/adr-c1-8g-gk	True	True	https://equsto.com/en/login?mode=register&next=/en/shop/pisirme/adr-c1-8g-gk	2026-09-10
P0_RECOVER_PRODUCT	COMMERCE_LEAK_ROBOTS_LOGIN	Robots.txt tarafından engellendi	login_blocked_but_hides_product	308_login_next_to_product	high	en	shop_pdp	tezgah	7911-10060-81	/en/shop/tezgah/7911-10060-81	True	True	https://equsto.com/en/login.html?next=/en/shop/tezgah/7911-10060-81	2026-09-10
P0_RECOVER_PRODUCT	COMMERCE_LEAK_ROBOTS_LOGIN	Robots.txt tarafından engellendi	login_blocked_but_hides_product	308_login_next_to_product	high	en	shop_pdp	set-ustu-mutfak	0311-13065-11	/en/shop/set-ustu-mutfak/0311-13065-11	True	True	https://equsto.com/en/login.html?next=/en/shop/set-ustu-mutfak/0311-13065-11	2026-09-10
P0_RECOVER_PRODUCT	COMMERCE_LEAK_ROBOTS_LOGIN	Robots.txt tarafından engellendi	login_blocked_but_hides_product	308_login_next_to_product	high	en	shop_pdp	pisirme	ino-zco-9fe20-s	/en/shop/pisirme/ino-zco-9fe20-s	True	True	https://equsto.com/en/login?mode=register&next=/en/shop/pisirme/ino-zco-9fe20-s	2026-09-10
P0_RECOVER_PRODUCT	COMMERCE_LEAK_ROBOTS_LOGIN	Robots.txt tarafından engellendi	login_blocked_but_hides_product	308_login_next_to_product	high	en	shop_pdp	pisirme	7876-n1-40905-10	/en/shop/pisirme/7876-n1-40905-10	True	True	https://equsto.com/en/login?mode=register&next=/en/shop/pisirme/7876-n1-40905-10	2026-09-10
P0_RECOVER_PRODUCT	COMMERCE_LEAK_ROBOTS_LOGIN	Robots.txt tarafından engellendi	login_blocked_but_hides_product	308_login_next_to_product	high	en	shop_pdp	set-ustu-mutfak	9830-rl220-rd	/en/shop/set-ustu-mutfak/9830-rl220-rd	True	True	https://equsto.com/en/login?mode=register&next=/en/shop/set-ustu-mutfak/9830-rl220-rd	2026-09-10
P0_RECOVER_PRODUCT	COMMERCE_LEAK_ROBOTS_LOGIN	Robots.txt tarafından engellendi	login_blocked_but_hides_product	308_login_next_to_product	high	en	shop_pdp	pisirme	7876-n1-40905-10	/en/shop/pisirme/7876-n1-40905-10	True	True	https://equsto.com/en/login.html?next=/en/shop/pisirme/7876-n1-40905-10	2026-09-10
P0_RECOVER_PRODUCT	COMMERCE_LEAK_ROBOTS_LOGIN	Robots.txt tarafından engellendi	login_blocked_but_hides_product	308_login_next_to_product	high	en	shop_pdp	tezgah	7758-217d8-25	/en/shop/tezgah/7758-217d8-25	True	True	https://equsto.com/en/login?mode=register&next=/en/shop/tezgah/7758-217d8-25	2026-09-10
P0_RECOVER_PRODUCT	COMMERCE_LEAK_ROBOTS_LOGIN	Robots.txt tarafından engellendi	login_blocked_but_hides_product	308_login_next_to_product		en	shop_pdp	market-reyonlari	eq-fulya-hf-tp-sky-eq1		True	False	https://equsto.com/en/login.html?next=/en/shop/market-reyonlari/eq-fulya-hf-tp-sky-eq1	2026-09-10
P0_RECOVER_PRODUCT	COMMERCE_LEAK_ROBOTS_LOGIN	Robots.txt tarafından engellendi	login_blocked_but_hides_product	308_login_next_to_product	high	en	shop_pdp	sogutma	sbhg-2n70	/en/shop/sogutma/sbhg-2n70	True	True	https://equsto.com/en/login?mode=register&next=/en/shop/sogutma/sbhg-2n70	2026-09-10
P0_RECOVER_PRODUCT	COMMERCE_LEAK_ROBOTS_LOGIN	Robots.txt tarafından engellendi	login_blocked_but_hides_product	308_login_next_to_product	high	en	shop_pdp	tezgah	7919-06lmv-10	/en/shop/tezgah/7919-06lmv-10	True	True	https://equsto.com/en/login?mode=register&next=/en/shop/tezgah/7919-06lmv-10	2026-09-10
P0_RECOVER_PRODUCT	COMMERCE_LEAK_ROBOTS_LOGIN	Robots.txt tarafından engellendi	login_blocked_but_hides_product	308_login_next_to_product	high	en	shop_pdp	dolap	7911-19060-83	/en/shop/tezgah/7911-19060-83	True	True	https://equsto.com/en/login.html?next=/en/shop/dolap/7911-19060-83	2026-09-10
P0_RECOVER_PRODUCT	COMMERCE_LEAK_ROBOTS_LOGIN	Robots.txt tarafından engellendi	login_blocked_but_hides_product	308_login_next_to_product	high	en	shop_pdp	davlumbaz	eq-kdavot01-175250	/en/shop/davlumbaz/eq-kdavot01-175250	True	True	https://equsto.com/en/login?mode=register&next=/en/shop/davlumbaz/eq-kdavot01-175250	2026-09-10
P0_RECOVER_PRODUCT	COMMERCE_LEAK_ROBOTS_LOGIN	Robots.txt tarafından engellendi	login_blocked_but_hides_product	308_login_next_to_product	high	en	shop_pdp	tezgah	7911-09070-81	/en/shop/tezgah/7911-09070-81	True	True	https://equsto.com/en/login.html?next=/en/shop/tezgah/7911-09070-81	2026-09-10
P0_RECOVER_PRODUCT	COMMERCE_LEAK_ROBOTS_LOGIN	Robots.txt tarafından engellendi	login_blocked_but_hides_product	308_login_next_to_product	high	en	shop_pdp	sogutma	7919-cr4525-00	/en/shop/sogutma/7919-cr4525-00	True	True	https://equsto.com/en/login?mode=register&next=/en/shop/sogutma/7919-cr4525-00	2026-09-10
P0_RECOVER_PRODUCT	COMMERCE_LEAK_ROBOTS_LOGIN	Robots.txt tarafından engellendi	login_blocked_but_hides_product	308_login_next_to_product	high	en	shop_pdp	sogutma	118-wn-150	/en/shop/sogutma/118-wn-150	True	True	https://equsto.com/en/login.html?next=/en/shop/sogutma/118-wn-150	2026-09-10
P0_RECOVER_PRODUCT	COMMERCE_LEAK_ROBOTS_LOGIN	Robots.txt tarafından engellendi	login_blocked_but_hides_product	308_login_next_to_product		en	shop_pdp	market-reyonlari	eq-lotus-lb-eq52		True	False	https://equsto.com/en/login?mode=register&next=/en/shop/market-reyonlari/eq-lotus-lb-eq52	2026-09-10
P0_RECOVER_PRODUCT	COMMERCE_LEAK_ROBOTS_LOGIN	Robots.txt tarafından engellendi	login_blocked_but_hides_product	308_login_next_to_product	high	en	shop_pdp	tezgah	7758-246e5-31	/en/shop/tezgah/7758-246e5-31	True	True	https://equsto.com/en/login.html?next=/en/shop/tezgah/7758-246e5-31	2026-09-10
P0_RECOVER_PRODUCT	COMMERCE_LEAK_ROBOTS_LOGIN	Robots.txt tarafından engellendi	login_blocked_but_hides_product	308_login_next_to_product		en	shop_pdp	market-reyonlari	eq-lotus-lb-eq30		True	False	https://equsto.com/en/login.html?next=/en/shop/market-reyonlari/eq-lotus-lb-eq30	2026-09-10
P0_RECOVER_PRODUCT	COMMERCE_LEAK_ROBOTS_LOGIN	Robots.txt tarafından engellendi	login_blocked_but_hides_product	308_login_next_to_product	high	en	shop_pdp	hazirlik	bkm-32e-eco	/en/shop/hazirlik/bkm-32e-eco	True	True	https://equsto.com/en/login.html?next=/en/shop/hazirlik/bkm-32e-eco	2026-09-10
P0_RECOVER_PRODUCT	COMMERCE_LEAK_ROBOTS_LOGIN	Robots.txt tarafından engellendi	login_blocked_but_hides_product	308_login_next_to_product	high	en	shop_pdp	tezgah	7754-187c5-23	/en/shop/tezgah/7754-187c5-23	True	True	https://equsto.com/en/login?mode=register&next=/en/shop/tezgah/7754-187c5-23	2026-09-10
P0_RECOVER_PRODUCT	COMMERCE_LEAK_ROBOTS_LOGIN	Robots.txt tarafından engellendi	login_blocked_but_hides_product	308_login_next_to_product		en	shop_pdp	market-reyonlari	eq-nergis-lm-eq47		True	False	https://equsto.com/en/login.html?next=/en/shop/market-reyonlari/eq-nergis-lm-eq47	2026-09-10
P0_RECOVER_PRODUCT	COMMERCE_LEAK_ROBOTS_LOGIN	Robots.txt tarafından engellendi	login_blocked_but_hides_product	308_login_next_to_product	high	en	shop_pdp	tezgah	7754-166a8-25	/en/shop/tezgah/7754-166a8-25	True	True	https://equsto.com/en/login.html?next=/en/shop/tezgah/7754-166a8-25	2026-09-10
P0_RECOVER_PRODUCT	COMMERCE_LEAK_ROBOTS_LOGIN	Robots.txt tarafından engellendi	login_blocked_but_hides_product	308_login_next_to_product	high	en	shop_pdp	pisirme	7890-20g21-03	/en/shop/pisirme/7890-20g21-03	True	True	https://equsto.com/en/login?mode=register&next=/en/shop/pisirme/7890-20g21-03	2026-09-10
P0_RECOVER_PRODUCT	COMMERCE_LEAK_ROBOTS_LOGIN	Robots.txt tarafından engellendi	login_blocked_but_hides_product	308_login_next_to_product	high	en	shop_pdp	pisirme	agi-890cr	/en/shop/pisirme/agi-890cr	True	True	https://equsto.com/en/login?mode=register&next=/en/shop/pisirme/agi-890cr	2026-09-10
P0_RECOVER_PRODUCT	COMMERCE_LEAK_ROBOTS_LOGIN	Robots.txt tarafından engellendi	login_blocked_but_hides_product	308_login_next_to_product	high	en	shop_pdp	set-ustu-mutfak	0312-00012-11	/en/shop/set-ustu-mutfak/0312-00012-11	True	True	https://equsto.com/en/login?mode=register&next=/en/shop/set-ustu-mutfak/0312-00012-11	2026-09-10
P0_RECOVER_PRODUCT	COMMERCE_LEAK_ROBOTS_LOGIN	Robots.txt tarafından engellendi	login_blocked_but_hides_product	308_login_next_to_product	high	en	shop_pdp	hazirlik	208-600967	/en/shop/hazirlik/208-600967	True	True	https://equsto.com/en/login?mode=register&next=/en/shop/hazirlik/208-600967	2026-09-10
P0_RECOVER_PRODUCT	COMMERCE_LEAK_ROBOTS_LOGIN	Robots.txt tarafından engellendi	login_blocked_but_hides_product	308_login_next_to_product		en	shop_pdp	market-reyonlari	eq-orkide-eq4		True	False	https://equsto.com/en/login.html?next=/en/shop/market-reyonlari/eq-orkide-eq4	2026-09-10
P0_RECOVER_PRODUCT	COMMERCE_LEAK_ROBOTS_LOGIN	Robots.txt tarafından engellendi	login_blocked_but_hides_product	308_login_next_to_product	high	en	shop_pdp	pisirme	npicco60-1	/en/shop/pisirme/npicco60-1	True	True	https://equsto.com/en/login?mode=register&next=/en/shop/pisirme/npicco60-1	2026-09-10
P0_RECOVER_PRODUCT	COMMERCE_LEAK_ROBOTS_LOGIN	Robots.txt tarafından engellendi	login_blocked_but_hides_product	308_login_next_to_product	high	en	shop_pdp	tezgah	7754-067c8-01	/en/shop/tezgah/7754-067c8-01	True	True	https://equsto.com/en/login?mode=register&next=/en/shop/tezgah/7754-067c8-01	2026-09-10
P0_RECOVER_PRODUCT	COMMERCE_LEAK_ROBOTS_LOGIN	Robots.txt tarafından engellendi	login_blocked_but_hides_product	308_login_next_to_product	high	en	shop_pdp	pisirme	npicco39-1	/en/shop/pisirme/npicco39-1	True	True	https://equsto.com/en/login?mode=register&next=/en/shop/pisirme/npicco39-1	2026-09-10
P0_RECOVER_PRODUCT	COMMERCE_LEAK_ROBOTS_LOGIN	Robots.txt tarafından engellendi	login_blocked_but_hides_product	308_login_next_to_product	high	en	shop_pdp	market-reyonlari	eq-rabbit-eq3	/en/shop/market-reyonlari/eq-rabbit-eq3	True	True	https://equsto.com/en/login?mode=register&next=/en/shop/market-reyonlari/eq-rabbit-eq3	2026-09-10
P0_RECOVER_PRODUCT	COMMERCE_LEAK_ROBOTS_LOGIN	Robots.txt tarafından engellendi	login_blocked_but_hides_product	308_login_next_to_product	high	en	shop_pdp	hazirlik	8823-0ha55-00	/en/shop/hazirlik/8823-0ha55-00	True	True	https://equsto.com/en/login?mode=register&next=/en/shop/hazirlik/8823-0ha55-00	2026-09-10
P0_RECOVER_PRODUCT	COMMERCE_LEAK_ROBOTS_LOGIN	Robots.txt tarafından engellendi	login_blocked_but_hides_product	308_login_next_to_product		en	shop_pdp	market-reyonlari	eq-nergis-fg-sky-eq23		True	False	https://equsto.com/en/login.html?next=/en/shop/market-reyonlari/eq-nergis-fg-sky-eq23	2026-09-10
P0_RECOVER_PRODUCT	COMMERCE_LEAK_ROBOTS_LOGIN	Robots.txt tarafından engellendi	login_blocked_but_hides_product	308_login_next_to_product	high	en	shop_pdp	set-ustu-mutfak	8310-0pp13-150	/en/shop/set-ustu-mutfak/8310-0pp13-150	True	True	https://equsto.com/en/login?mode=register&next=/en/shop/set-ustu-mutfak/8310-0pp13-150	2026-09-10
P0_RECOVER_PRODUCT	COMMERCE_LEAK_ROBOTS_LOGIN	Robots.txt tarafından engellendi	login_blocked_but_hides_product	308_login_next_to_product	high	en	shop_pdp	dolap	7911-16070-04	/en/shop/tezgah/7911-16070-04	True	True	https://equsto.com/en/login?mode=register&next=/en/shop/dolap/7911-16070-04	2026-09-10
P0_RECOVER_PRODUCT	COMMERCE_LEAK_ROBOTS_LOGIN	Robots.txt tarafından engellendi	login_blocked_but_hides_product	308_login_next_to_product	high	en	shop_pdp	tezgah	7911-19060-08	/en/shop/tezgah/7911-19060-08	True	True	https://equsto.com/en/login.html?next=/en/shop/tezgah/7911-19060-08	2026-09-10
P0_RECOVER_PRODUCT	COMMERCE_LEAK_ROBOTS_LOGIN	Robots.txt tarafından engellendi	login_blocked_but_hides_product	308_login_next_to_product	high	en	shop_pdp	set-ustu-mutfak	8310-19150-00	/en/shop/set-ustu-mutfak/8310-19150-00	True	True	https://equsto.com/en/login?next=/en/shop/set-ustu-mutfak/8310-19150-00	2026-09-10
P0_RECOVER_PRODUCT	COMMERCE_LEAK_ROBOTS_LOGIN	Robots.txt tarafından engellendi	login_blocked_but_hides_product	308_login_next_to_product	high	en	shop_pdp	dolap	7911-06060-00	/en/shop/tezgah/7911-06060-00	True	True	https://equsto.com/en/login?mode=register&next=/en/shop/dolap/7911-06060-00	2026-09-10
P0_RECOVER_PRODUCT	COMMERCE_LEAK_ROBOTS_LOGIN	Robots.txt tarafından engellendi	login_blocked_but_hides_product	308_login_next_to_product	high	en	shop_pdp	icecek	8574-cm160-00	/en/shop/icecek/8574-cm160-00	True	True	https://equsto.com/en/login.html?next=/en/shop/icecek/8574-cm160-00	2026-09-10
P0_RECOVER_PRODUCT	COMMERCE_LEAK_ROBOTS_LOGIN	Robots.txt tarafından engellendi	login_blocked_but_hides_product	308_login_next_to_product	high	en	shop_pdp	icecek	9868-fg10i-dgt	/en/shop/icecek/9868-fg10i-dgt	True	True	https://equsto.com/en/login?mode=register&next=/en/shop/icecek/9868-fg10i-dgt	2026-09-10
P0_RECOVER_PRODUCT	COMMERCE_LEAK_ROBOTS_LOGIN	Robots.txt tarafından engellendi	login_blocked_but_hides_product	308_login_next_to_product	high	en	shop_pdp	sogutma	pzag-180	/en/shop/sogutma/pzag-180	True	True	https://equsto.com/en/login.html?next=/en/shop/sogutma/pzag-180	2026-09-10
P0_RECOVER_PRODUCT	COMMERCE_LEAK_ROBOTS_LOGIN	Robots.txt tarafından engellendi	login_blocked_but_hides_product	308_login_next_to_product	high	en	shop_pdp	pisirme	gn1-2150	/en/shop/pisirme/gn1-2150	True	True	https://equsto.com/en/login.html?next=/en/shop/pisirme/gn1-2150	2026-09-10
P0_RECOVER_PRODUCT	COMMERCE_LEAK_ROBOTS_LOGIN	Robots.txt tarafından engellendi	login_blocked_but_hides_product	308_login_next_to_product	high	en	shop_pdp	hazirlik	bhy-50	/en/shop/hazirlik/bhy-50	True	True	https://equsto.com/en/login?mode=register&next=/en/shop/hazirlik/bhy-50	2026-09-10
P0_RECOVER_PRODUCT	COMMERCE_LEAK_ROBOTS_LOGIN	Robots.txt tarafından engellendi	login_blocked_but_hides_product	308_login_next_to_product	high	en	shop_pdp	pisirme	7961-11829-5o2	/en/shop/yikama/7961-11829-5o2	True	True	https://equsto.com/en/login.html?next=/en/shop/pisirme/7961-11829-5o2	2026-09-10
P0_RECOVER_PRODUCT	COMMERCE_LEAK_ROBOTS_LOGIN	Robots.txt tarafından engellendi	login_blocked_but_hides_product	308_login_next_to_product	high	en	shop_pdp	yikama	118-ht-15	/en/shop/yikama/118-ht-15	True	True	https://equsto.com/en/login?mode=register&next=/en/shop/yikama/118-ht-15	2026-09-10
P0_RECOVER_PRODUCT	COMMERCE_LEAK_ROBOTS_LOGIN	Robots.txt tarafından engellendi	login_blocked_but_hides_product	308_login_next_to_product	high	en	shop_pdp	set-ustu-mutfak	6262-00033-33	/en/shop/set-ustu-mutfak/6262-00033-33	True	False	https://equsto.com/en/login.html?next=/en/shop/set-ustu-mutfak/6262-00033-33	2026-09-10
P0_RECOVER_PRODUCT	COMMERCE_LEAK_ROBOTS_LOGIN	Robots.txt tarafından engellendi	login_blocked_but_hides_product	308_login_next_to_product	high	en	shop_pdp	davlumbaz	7885-45255-10	/en/shop/davlumbaz/7885-45255-10	True	True	https://equsto.com/en/login?mode=register&next=/en/shop/davlumbaz/7885-45255-10	2026-09-10
P0_RECOVER_PRODUCT	COMMERCE_LEAK_ROBOTS_LOGIN	Robots.txt tarafından engellendi	login_blocked_but_hides_product	308_login_next_to_product	high	en	shop_pdp	market-reyonlari	eq-lion-eq13	/en/shop/market-reyonlari/eq-lion-eq13	True	True	https://equsto.com/en/login.html?next=/en/shop/market-reyonlari/eq-lion-eq13	2026-09-10
P0_RECOVER_PRODUCT	COMMERCE_LEAK_ROBOTS_LOGIN	Robots.txt tarafından engellendi	login_blocked_but_hides_product	308_login_next_to_product	high	en	shop_pdp	set-ustu-mutfak	9563-hbh75-00	/en/shop/set-ustu-mutfak/9563-hbh75-00	True	True	https://equsto.com/en/login.html?next=/en/shop/set-ustu-mutfak/9563-hbh75-00	2026-09-10
P0_RECOVER_PRODUCT	COMMERCE_LEAK_ROBOTS_LOGIN	Robots.txt tarafından engellendi	login_blocked_but_hides_product	308_login_next_to_product	high	en	shop_pdp	hazirlik	2810-60040-01	/en/shop/hazirlik/2810-60040-01	True	True	https://equsto.com/en/login?mode=register&next=/en/shop/hazirlik/2810-60040-01	2026-09-10
P0_RECOVER_PRODUCT	COMMERCE_LEAK_ROBOTS_LOGIN	Robots.txt tarafından engellendi	login_blocked_but_hides_product	308_login_next_to_product	high	en	shop_pdp	tezgah	7758-167b8-21	/en/shop/tezgah/7758-167b8-21	True	True	https://equsto.com/en/login.html?next=/en/shop/tezgah/7758-167b8-21	2026-09-10
P0_RECOVER_PRODUCT	COMMERCE_LEAK_ROBOTS_LOGIN	Robots.txt tarafından engellendi	login_blocked_but_hides_product	308_login_next_to_product	high	en	shop_pdp	yikama	7759-50709-10	/en/shop/yikama/7759-50709-10	True	True	https://equsto.com/en/login?mode=register&next=/en/shop/yikama/7759-50709-10	2026-09-10
P0_RECOVER_PRODUCT	COMMERCE_LEAK_ROBOTS_LOGIN	Robots.txt tarafından engellendi	login_blocked_but_hides_product	308_login_next_to_product	high	en	shop_pdp	yikama	118-ht-15	/en/shop/yikama/118-ht-15	True	True	https://equsto.com/en/login.html?next=/en/shop/yikama/118-ht-15	2026-09-10
P0_RECOVER_PRODUCT	COMMERCE_LEAK_ROBOTS_LOGIN	Robots.txt tarafından engellendi	login_blocked_but_hides_product	308_login_next_to_product	high	en	shop_pdp	market-reyonlari	eq-lion-tgd-eq62	/en/shop/market-reyonlari/eq-lion-tgd-eq62	True	True	https://equsto.com/en/login?mode=register&next=/en/shop/market-reyonlari/eq-lion-tgd-eq62	2026-09-10
P0_RECOVER_PRODUCT	COMMERCE_LEAK_ROBOTS_LOGIN	Robots.txt tarafından engellendi	login_blocked_but_hides_product	308_login_next_to_product	high	en	shop_pdp	tezgah	7897-19030-04	/en/shop/tezgah/7897-19030-04	True	True	https://equsto.com/en/login?next=/en/shop/tezgah/7897-19030-04	2026-09-10
P0_RECOVER_PRODUCT	COMMERCE_LEAK_ROBOTS_LOGIN	Robots.txt tarafından engellendi	login_blocked_but_hides_product	308_login_next_to_product		en	shop_pdp	market-reyonlari	eq-fulya-hf-fg-eq17		True	False	https://equsto.com/en/login?mode=register&next=/en/shop/market-reyonlari/eq-fulya-hf-fg-eq17	2026-09-10
P0_RECOVER_PRODUCT	COMMERCE_LEAK_ROBOTS_LOGIN	Robots.txt tarafından engellendi	login_blocked_but_hides_product	308_login_next_to_product	high	en	shop_pdp	sogutma	730303	/en/shop/sogutma/730303	True	True	https://equsto.com/en/login?next=/en/shop/sogutma/730303	2026-09-10
P0_RECOVER_PRODUCT	COMMERCE_LEAK_ROBOTS_LOGIN	Robots.txt tarafından engellendi	login_blocked_but_hides_product	308_login_next_to_product	high	en	shop_pdp	pisirme	asbm-04	/en/shop/pisirme/asbm-04	True	True	https://equsto.com/en/login.html?next=/en/shop/pisirme/asbm-04	2026-09-10
P0_RECOVER_PRODUCT	COMMERCE_LEAK_ROBOTS_LOGIN	Robots.txt tarafından engellendi	login_blocked_but_hides_product	308_login_next_to_product	high	en	shop_pdp	set-ustu-mutfak	0312-00011-13	/en/shop/set-ustu-mutfak/0312-00011-13	True	True	https://equsto.com/en/login?mode=register&next=/en/shop/set-ustu-mutfak/0312-00011-13	2026-09-10
P0_RECOVER_PRODUCT	COMMERCE_LEAK_ROBOTS_LOGIN	Robots.txt tarafından engellendi	login_blocked_but_hides_product	308_login_next_to_product		en	shop_pdp	market-reyonlari	eq-nergis-tp-sky-eq27		True	False	https://equsto.com/en/login?mode=register&next=/en/shop/market-reyonlari/eq-nergis-tp-sky-eq27	2026-09-10
P0_RECOVER_PRODUCT	COMMERCE_LEAK_ROBOTS_LOGIN	Robots.txt tarafından engellendi	login_blocked_but_hides_product	308_login_next_to_product	high	en	shop_pdp	set-ustu-mutfak	8310-13150-00	/en/shop/set-ustu-mutfak/8310-13150-00	True	True	https://equsto.com/en/login?mode=register&next=/en/shop/set-ustu-mutfak/8310-13150-00	2026-09-10
P0_RECOVER_PRODUCT	COMMERCE_LEAK_ROBOTS_LOGIN	Robots.txt tarafından engellendi	login_blocked_but_hides_product	308_login_next_to_product	high	en	shop_pdp	pisirme	7960-04929-1y1	/en/shop/yikama/7960-04929-1y1	True	True	https://equsto.com/en/login.html?next=/en/shop/pisirme/7960-04929-1y1	2026-09-10
P0_RECOVER_PRODUCT	COMMERCE_LEAK_ROBOTS_LOGIN	Robots.txt tarafından engellendi	login_blocked_but_hides_product	308_login_next_to_product		tr	shop_pdp	sogutma	portabianco-cihaz-alti-kisa-tek-kapili-buzdolabi		True	False	https://equsto.com/en/login?next=/shop/sogutma/portabianco-cihaz-alti-kisa-tek-kapili-buzdolabi	2026-09-10
P0_RECOVER_PRODUCT	COMMERCE_LEAK_ROBOTS_LOGIN	Robots.txt tarafından engellendi	login_blocked_but_hides_product	308_login_next_to_product	high	en	shop_pdp	market-reyonlari	eq-lion-eq60	/en/shop/market-reyonlari/eq-lion-eq60	True	True	https://equsto.com/en/login?mode=register&next=/en/shop/market-reyonlari/eq-lion-eq60	2026-09-10
P0_RECOVER_PRODUCT	COMMERCE_LEAK_ROBOTS_LOGIN	Robots.txt tarafından engellendi	login_blocked_but_hides_product	308_login_next_to_product	high	en	shop_pdp	yikama	502704	/en/shop/yikama/502704	True	True	https://equsto.com/en/login.html?next=/en/shop/yikama/502704	2026-09-10
P0_RECOVER_PRODUCT	COMMERCE_LEAK_ROBOTS_LOGIN	Robots.txt tarafından engellendi	login_blocked_but_hides_product	308_login_next_to_product	high	en	shop_pdp	market-reyonlari	eq-lion-eq60	/en/shop/market-reyonlari/eq-lion-eq60	True	True	https://equsto.com/en/login.html?next=/en/shop/market-reyonlari/eq-lion-eq60	2026-09-10
P0_RECOVER_PRODUCT	COMMERCE_LEAK_ROBOTS_LOGIN	Robots.txt tarafından engellendi	login_blocked_but_hides_product	308_login_next_to_product	high	en	shop_pdp	sogutma	sbhkg-2n70	/en/shop/sogutma/sbhkg-2n70	True	True	https://equsto.com/en/login?mode=register&next=/en/shop/sogutma/sbhkg-2n70	2026-09-10
P0_RECOVER_PRODUCT	COMMERCE_LEAK_ROBOTS_LOGIN	Robots.txt tarafından engellendi	login_blocked_but_hides_product	308_login_next_to_product		en	shop_hub	pisirme			True	False	https://equsto.com/en/login.html?next=/en/shop/pisirme?tip%3Dsanayi-tipi-zgaralar	2026-09-10
P0_RECOVER_PRODUCT	COMMERCE_LEAK_ROBOTS_LOGIN	Robots.txt tarafından engellendi	login_blocked_but_hides_product	308_login_next_to_product	high	en	shop_pdp	pisirme	7960-20629-1y3	/en/shop/yikama/7960-20629-1y3	True	True	https://equsto.com/en/login.html?next=/en/shop/pisirme/7960-20629-1y3	2026-09-10
P0_RECOVER_PRODUCT	COMMERCE_LEAK_ROBOTS_LOGIN	Robots.txt tarafından engellendi	login_blocked_but_hides_product	308_login_next_to_product	high	en	shop_pdp	pisirme	npicco76-1	/en/shop/pisirme/npicco76-1	True	True	https://equsto.com/en/login?mode=register&next=/en/shop/pisirme/npicco76-1	2026-09-10
P0_RECOVER_PRODUCT	COMMERCE_LEAK_ROBOTS_LOGIN	Robots.txt tarafından engellendi	login_blocked_but_hides_product	308_login_next_to_product	high	tr	shop_pdp	yikama	ino-byk360l-k90	/shop/yikama/ino-byk360l-k90	True	True	https://equsto.com/en/login?next=/shop/yikama/ino-byk360l-k90	2026-09-10
P0_RECOVER_PRODUCT	COMMERCE_LEAK_ROBOTS_LOGIN	Robots.txt tarafından engellendi	login_blocked_but_hides_product	308_login_next_to_product	high	en	shop_pdp	pisirme	ino-9fg20	/en/shop/pisirme/ino-9fg20	True	True	https://equsto.com/en/login?mode=register&next=/en/shop/pisirme/ino-9fg20	2026-09-10
P0_RECOVER_PRODUCT	COMMERCE_LEAK_ROBOTS_LOGIN	Robots.txt tarafından engellendi	login_blocked_but_hides_product	308_login_next_to_product	high	en	shop_pdp	pisirme	pi6-m16kb	/en/shop/pisirme/pi6-m16kb	True	True	https://equsto.com/en/login.html?next=/en/shop/pisirme/pi6-m16kb	2026-09-10
P0_RECOVER_PRODUCT	COMMERCE_LEAK_ROBOTS_LOGIN	Robots.txt tarafından engellendi	login_blocked_but_hides_product	308_login_next_to_product		en	shop_hub	pisirme			True	False	https://equsto.com/en/login?mode=register&next=/en/shop/pisirme?tip%3Dsanayi-tipi-zgaralar	2026-09-10
P0_RECOVER_PRODUCT	COMMERCE_LEAK_ROBOTS_LOGIN	Robots.txt tarafından engellendi	login_blocked_but_hides_product	308_login_next_to_product	high	en	shop_pdp	davlumbaz	eq-kdavot01-250200	/en/shop/davlumbaz/eq-kdavot01-250200	True	True	https://equsto.com/en/login.html?next=/en/shop/davlumbaz/eq-kdavot01-250200	2026-09-10
P0_RECOVER_PRODUCT	COMMERCE_LEAK_ROBOTS_LOGIN	Robots.txt tarafından engellendi	login_blocked_but_hides_product	308_login_next_to_product	high	en	shop_pdp	pisirme	9868-bt350-t0	/en/shop/pisirme/9868-bt350-t0	True	True	https://equsto.com/en/login.html?next=/en/shop/pisirme/9868-bt350-t0	2026-09-10
P0_RECOVER_PRODUCT	COMMERCE_LEAK_ROBOTS_LOGIN	Robots.txt tarafından engellendi	login_blocked_but_hides_product	308_login_next_to_product	high	en	shop_pdp	dolap	7911-19060-82	/en/shop/tezgah/7911-19060-82	True	True	https://equsto.com/en/login?mode=register&next=/en/shop/dolap/7911-19060-82	2026-09-10
P0_RECOVER_PRODUCT	COMMERCE_LEAK_ROBOTS_LOGIN	Robots.txt tarafından engellendi	login_blocked_but_hides_product	308_login_next_to_product	high	en	shop_pdp	market-reyonlari	eq-falcon-eq2	/en/shop/market-reyonlari/eq-falcon-eq2	True	True	https://equsto.com/en/login?next=/en/shop/market-reyonlari/eq-falcon-eq2	2026-09-10
P0_RECOVER_PRODUCT	COMMERCE_LEAK_ROBOTS_LOGIN	Robots.txt tarafından engellendi	login_blocked_but_hides_product	308_login_next_to_product	high	en	shop_pdp	tezgah	7919-47ntv-c1	/en/shop/tezgah/7919-47ntv-c1	True	True	https://equsto.com/en/login?mode=register&next=/en/shop/tezgah/7919-47ntv-c1	2026-09-10
P0_RECOVER_PRODUCT	COMMERCE_LEAK_ROBOTS_LOGIN	Robots.txt tarafından engellendi	login_blocked_but_hides_product	308_login_next_to_product	high	en	shop_pdp	yikama	0753-00029-09	/en/shop/yikama/0753-00029-09	True	True	https://equsto.com/en/login.html?next=/en/shop/yikama/0753-00029-09	2026-09-10
P0_RECOVER_PRODUCT	COMMERCE_LEAK_ROBOTS_LOGIN	Robots.txt tarafından engellendi	login_blocked_but_hides_product	308_login_next_to_product	high	en	shop_pdp	sogutma	710073	/en/shop/sogutma/710073	True	False	https://equsto.com/en/login?mode=register&next=/en/shop/sogutma/710073	2026-09-10
P0_RECOVER_PRODUCT	COMMERCE_LEAK_ROBOTS_LOGIN	Robots.txt tarafından engellendi	login_blocked_but_hides_product	308_login_next_to_product	high	en	shop_pdp	set-ustu-mutfak	0752-01510-16	/en/shop/set-ustu-mutfak/0752-01510-16	True	True	https://equsto.com/en/login?mode=register&next=/en/shop/set-ustu-mutfak/0752-01510-16	2026-09-10
P0_RECOVER_PRODUCT	COMMERCE_LEAK_ROBOTS_LOGIN	Robots.txt tarafından engellendi	login_blocked_but_hides_product	308_login_next_to_product	high	en	shop_pdp	istif	53-x-122-x-183	/en/shop/istif/53-x-122-x-183	True	True	https://equsto.com/en/login.html?next=/en/shop/istif/53-x-122-x-183	2026-09-10
P0_RECOVER_PRODUCT	COMMERCE_LEAK_ROBOTS_LOGIN	Robots.txt tarafından engellendi	login_blocked_but_hides_product	308_login_next_to_product	high	en	shop_pdp	market-reyonlari	eq-falcon-sld-eq28	/en/shop/market-reyonlari/eq-falcon-sld-eq28	True	True	https://equsto.com/en/login?mode=register&next=/en/shop/market-reyonlari/eq-falcon-sld-eq28	2026-09-10
P0_RECOVER_PRODUCT	COMMERCE_LEAK_ROBOTS_LOGIN	Robots.txt tarafından engellendi	login_blocked_but_hides_product	308_login_next_to_product	high	tr	shop_pdp	set-ustu-mutfak	0314-12020-01	/shop/set-ustu-mutfak/0314-12020-01	True	True	https://equsto.com/en/login?next=/shop/set-ustu-mutfak/0314-12020-01	2026-09-10
P0_RECOVER_PRODUCT	COMMERCE_LEAK_ROBOTS_LOGIN	Robots.txt tarafından engellendi	login_blocked_but_hides_product	308_login_next_to_product	high	en	shop_pdp	kahve	9580-1500s-pbp	/en/shop/kahve/9580-1500s-pbp	True	True	https://equsto.com/en/login?mode=register&next=/en/shop/kahve/9580-1500s-pbp	2026-09-10
P0_RECOVER_PRODUCT	COMMERCE_LEAK_ROBOTS_LOGIN	Robots.txt tarafından engellendi	login_blocked_but_hides_product	308_login_next_to_product	high	en	shop_pdp	pisirme	ino-pde403e	/en/shop/pisirme/ino-pde403e	True	True	https://equsto.com/en/login.html?next=/en/shop/pisirme/ino-pde403e	2026-09-10
P0_RECOVER_PRODUCT	COMMERCE_LEAK_ROBOTS_LOGIN	Robots.txt tarafından engellendi	login_blocked_but_hides_product	308_login_next_to_product	high	en	shop_pdp	tezgah	7919-47ntv-c1	/en/shop/tezgah/7919-47ntv-c1	True	True	https://equsto.com/en/login.html?next=/en/shop/tezgah/7919-47ntv-c1	2026-09-10
P0_RECOVER_PRODUCT	COMMERCE_LEAK_ROBOTS_LOGIN	Robots.txt tarafından engellendi	login_blocked_but_hides_product	308_login_next_to_product	med	en	shop_pdp	tezgah	pimak-16070-56	/en/shop/tezgah/7911-16070-56	True	True	https://equsto.com/en/login?mode=register&next=/en/shop/tezgah/pimak-16070-56	2026-09-10
P0_RECOVER_PRODUCT	COMMERCE_LEAK_ROBOTS_LOGIN	Robots.txt tarafından engellendi	login_blocked_but_hides_product	308_login_next_to_product	high	en	shop_pdp	set-ustu-mutfak	8880-00200-02	/en/shop/set-ustu-mutfak/8880-00200-02	True	True	https://equsto.com/en/login.html?next=/en/shop/set-ustu-mutfak/8880-00200-02	2026-09-10
P0_RECOVER_PRODUCT	COMMERCE_LEAK_ROBOTS_LOGIN	Robots.txt tarafından engellendi	login_blocked_but_hides_product	308_login_next_to_product	high	en	shop_pdp	dolap	7911-09070-95	/en/shop/tezgah/7911-09070-95	True	True	https://equsto.com/en/login?mode=register&next=/en/shop/dolap/7911-09070-95	2026-09-10
P0_RECOVER_PRODUCT	COMMERCE_LEAK_ROBOTS_LOGIN	Robots.txt tarafından engellendi	login_blocked_but_hides_product	308_login_next_to_product		en	shop_pdp	market-reyonlari	eq-fulya-nv-lm-eq1		True	False	https://equsto.com/en/login?mode=register&next=/en/shop/market-reyonlari/eq-fulya-nv-lm-eq1	2026-09-10
P0_RECOVER_PRODUCT	COMMERCE_LEAK_ROBOTS_LOGIN	Robots.txt tarafından engellendi	login_blocked_but_hides_product	308_login_next_to_product	high	en	shop_pdp	tezgah	7911-14070-48	/en/shop/tezgah/7911-14070-48	True	True	https://equsto.com/en/login.html?next=/en/shop/tezgah/7911-14070-48	2026-09-10
P0_RECOVER_PRODUCT	COMMERCE_LEAK_ROBOTS_LOGIN	Robots.txt tarafından engellendi	login_blocked_but_hides_product	308_login_next_to_product	high	en	shop_pdp	tezgah	7911-14070-48	/en/shop/tezgah/7911-14070-48	True	True	https://equsto.com/en/login?mode=register&next=/en/shop/tezgah/7911-14070-48	2026-09-10
P0_RECOVER_PRODUCT	COMMERCE_LEAK_ROBOTS_LOGIN	Robots.txt tarafından engellendi	login_blocked_but_hides_product	308_login_next_to_product		en	shop_hub	icecek			True	False	https://equsto.com/en/login?mode=register&next=/en/shop/icecek?tip%3Dicecek-otomat	2026-09-10
P0_RECOVER_PRODUCT	COMMERCE_LEAK_ROBOTS_LOGIN	Robots.txt tarafından engellendi	login_blocked_but_hides_product	308_login_next_to_product		en	shop_pdp	market-reyonlari	eq-nergis-lb-lm-eq37		True	False	https://equsto.com/en/login.html?next=/en/shop/market-reyonlari/eq-nergis-lb-lm-eq37	2026-09-10
P0_RECOVER_PRODUCT	COMMERCE_LEAK_ROBOTS_LOGIN	Robots.txt tarafından engellendi	login_blocked_but_hides_product	308_login_next_to_product	high	en	shop_pdp	market-reyonlari	mx037-2	/en/shop/market-reyonlari/mx037-2	True	True	https://equsto.com/en/login.html?next=/en/shop/market-reyonlari/mx037-2	2026-09-10
P0_RECOVER_PRODUCT	COMMERCE_LEAK_ROBOTS_LOGIN	Robots.txt tarafından engellendi	login_blocked_but_hides_product	308_login_next_to_product	high	en	shop_pdp	sogutma	bre-c150ahc	/en/shop/sogutma/bre-c150ahc	True	True	https://equsto.com/en/login?mode=register&next=/en/shop/sogutma/bre-c150ahc	2026-09-10
P0_RECOVER_PRODUCT	COMMERCE_LEAK_ROBOTS_LOGIN	Robots.txt tarafından engellendi	login_blocked_but_hides_product	308_login_next_to_product	high	en	shop_pdp	davlumbaz	eq-kdavot01-125150	/en/shop/davlumbaz/eq-kdavot01-125150	True	True	https://equsto.com/en/login?next=/en/shop/davlumbaz/eq-kdavot01-125150	2026-09-10
P0_RECOVER_PRODUCT	COMMERCE_LEAK_ROBOTS_LOGIN	Robots.txt tarafından engellendi	login_blocked_but_hides_product	308_login_next_to_product		en	shop_pdp	marka	vosco		True	False	https://equsto.com/en/login?mode=register&next=/en/shop/marka/vosco	2026-09-10
P0_RECOVER_PRODUCT	COMMERCE_LEAK_ROBOTS_LOGIN	Robots.txt tarafından engellendi	login_blocked_but_hides_product	308_login_next_to_product	high	en	shop_pdp	kahve	va-80b	/en/shop/kahve/va-80b	True	True	https://equsto.com/en/login?next=/en/shop/kahve/va-80b	2026-09-10
P0_RECOVER_PRODUCT	COMMERCE_LEAK_ROBOTS_LOGIN	Robots.txt tarafından engellendi	login_blocked_but_hides_product	308_login_next_to_product	high	en	shop_pdp	hazirlik	5ksm2fpa	/en/shop/hazirlik/5ksm2fpa	True	True	https://equsto.com/en/login?mode=register&next=/en/shop/hazirlik/5ksm2fpa	2026-09-10
P0_RECOVER_PRODUCT	COMMERCE_LEAK_ROBOTS_LOGIN	Robots.txt tarafından engellendi	login_blocked_but_hides_product	308_login_next_to_product	high	en	shop_pdp	market-reyonlari	be-m037-4s	/en/shop/market-reyonlari/be-m037-4s	True	True	https://equsto.com/en/login.html?next=/en/shop/market-reyonlari/be-m037-4s	2026-09-10
P0_RECOVER_PRODUCT	COMMERCE_LEAK_ROBOTS_LOGIN	Robots.txt tarafından engellendi	login_blocked_but_hides_product	308_login_next_to_product	high	en	shop_pdp	pisirme	ino-zmd-7oe10is	/en/shop/pisirme/ino-zmd-7oe10is	True	True	https://equsto.com/en/login?mode=register&next=/en/shop/pisirme/ino-zmd-7oe10is	2026-09-10
P0_RECOVER_PRODUCT	COMMERCE_LEAK_ROBOTS_LOGIN	Robots.txt tarafından engellendi	login_blocked_but_hides_product	308_login_next_to_product	high	en	shop_pdp	tezgah	7911-16070-08	/en/shop/tezgah/7911-16070-08	True	True	https://equsto.com/en/login?mode=register&next=/en/shop/tezgah/7911-16070-08	2026-09-10
P0_RECOVER_PRODUCT	COMMERCE_LEAK_ROBOTS_LOGIN	Robots.txt tarafından engellendi	login_blocked_but_hides_product	308_login_next_to_product	high	en	shop_pdp	pisirme	aei-490-ncr	/en/shop/pisirme/aei-490-ncr	True	True	https://equsto.com/en/login.html?next=/en/shop/pisirme/aei-490-ncr	2026-09-10
P0_RECOVER_PRODUCT	COMMERCE_LEAK_ROBOTS_LOGIN	Robots.txt tarafından engellendi	login_blocked_but_hides_product	308_login_next_to_product	high	en	shop_pdp	pisirme	npicco77-3	/en/shop/pisirme/npicco77-3	True	True	https://equsto.com/en/login?mode=register&next=/en/shop/pisirme/npicco77-3	2026-09-10
P0_RECOVER_PRODUCT	COMMERCE_LEAK_ROBOTS_LOGIN	Robots.txt tarafından engellendi	login_blocked_but_hides_product	308_login_next_to_product	high	en	shop_pdp	yikama	9710-cnae0-00	/en/shop/yikama/9710-cnae0-00	True	False	https://equsto.com/en/login?mode=register&next=/en/shop/yikama/9710-cnae0-00	2026-09-10
P0_RECOVER_PRODUCT	COMMERCE_LEAK_ROBOTS_LOGIN	Robots.txt tarafından engellendi	login_blocked_but_hides_product	308_login_next_to_product	high	en	shop_pdp	kahve	118-titan-ll	/en/shop/kahve/118-titan-ll	True	True	https://equsto.com/en/login?mode=register&next=/en/shop/kahve/118-titan-ll	2026-09-10
P0_RECOVER_PRODUCT	COMMERCE_LEAK_ROBOTS_LOGIN	Robots.txt tarafından engellendi	login_blocked_but_hides_product	308_login_next_to_product	high	en	shop_pdp	pisirme	ino-zmd-9sg15	/en/shop/pisirme/ino-zmd-9sg15	True	True	https://equsto.com/en/login.html?next=/en/shop/pisirme/ino-zmd-9sg15	2026-09-10
P0_RECOVER_PRODUCT	COMMERCE_LEAK_ROBOTS_LOGIN	Robots.txt tarafından engellendi	login_blocked_but_hides_product	308_login_next_to_product	high	en	shop_pdp	market-reyonlari	eq-falcon-sld-eq52	/en/shop/market-reyonlari/eq-falcon-sld-eq52	True	True	https://equsto.com/en/login?mode=register&next=/en/shop/market-reyonlari/eq-falcon-sld-eq52	2026-09-10
P0_RECOVER_PRODUCT	COMMERCE_LEAK_ROBOTS_LOGIN	Robots.txt tarafından engellendi	login_blocked_but_hides_product	308_login_next_to_product	high	en	shop_pdp	market-reyonlari	eq-dolphin-is-eq3	/en/shop/market-reyonlari/eq-dolphin-is-eq3	True	True	https://equsto.com/en/login?next=/en/shop/market-reyonlari/eq-dolphin-is-eq3	2026-09-10
P0_RECOVER_PRODUCT	COMMERCE_LEAK_ROBOTS_LOGIN	Robots.txt tarafından engellendi	login_blocked_but_hides_product	308_login_next_to_product	high	en	shop_pdp	istif	53-x-137-x-183-304l	/en/shop/istif/53-x-137-x-183-304l	True	True	https://equsto.com/en/login.html?next=/en/shop/istif/53-x-137-x-183-304l	2026-09-10
P0_RECOVER_PRODUCT	COMMERCE_LEAK_ROBOTS_LOGIN	Robots.txt tarafından engellendi	login_blocked_but_hides_product	308_login_next_to_product	high	en	shop_pdp	pisirme	ino-9sg15	/en/shop/pisirme/ino-9sg15	True	True	https://equsto.com/en/login?next=/en/shop/pisirme/ino-9sg15	2026-09-10
P0_RECOVER_PRODUCT	COMMERCE_LEAK_ROBOTS_LOGIN	Robots.txt tarafından engellendi	login_blocked_but_hides_product	308_login_next_to_product	high	en	shop_pdp	market-reyonlari	eq-falcon-sld-eq106	/en/shop/market-reyonlari/eq-falcon-sld-eq106	True	True	https://equsto.com/en/login?mode=register&next=/en/shop/market-reyonlari/eq-falcon-sld-eq106	2026-09-10
P0_RECOVER_PRODUCT	COMMERCE_LEAK_ROBOTS_LOGIN	Robots.txt tarafından engellendi	login_blocked_but_hides_product	308_login_next_to_product	high	en	shop_pdp	market-reyonlari	eq-lion-eq5	/en/shop/market-reyonlari/eq-lion-eq5	True	True	https://equsto.com/en/login?mode=register&next=/en/shop/market-reyonlari/eq-lion-eq5	2026-09-10
P0_RECOVER_PRODUCT	COMMERCE_LEAK_ROBOTS_LOGIN	Robots.txt tarafından engellendi	login_blocked_but_hides_product	308_login_next_to_product	high	en	shop_pdp	tezgah	7911-14060-24	/en/shop/tezgah/7911-14060-24	True	True	https://equsto.com/en/login?mode=register&next=/en/shop/tezgah/7911-14060-24	2026-09-10
P0_RECOVER_PRODUCT	COMMERCE_LEAK_ROBOTS_LOGIN	Robots.txt tarafından engellendi	login_blocked_but_hides_product	308_login_next_to_product	high	en	shop_pdp	dolap	7758-217d8-21	/en/shop/tezgah/7758-217d8-21	True	True	https://equsto.com/en/login.html?next=/en/shop/dolap/7758-217d8-21	2026-09-10
P0_RECOVER_PRODUCT	COMMERCE_LEAK_ROBOTS_LOGIN	Robots.txt tarafından engellendi	login_blocked_but_hides_product	308_login_next_to_product	high	en	shop_pdp	pisirme	371080	/en/shop/pisirme/371080	True	True	https://equsto.com/en/login?mode=register&next=/en/shop/pisirme/371080	2026-09-10
P0_RECOVER_PRODUCT	COMMERCE_LEAK_ROBOTS_LOGIN	Robots.txt tarafından engellendi	login_blocked_but_hides_product	308_login_next_to_product	high	en	shop_pdp	yikama	07er-0010k-bf	/en/shop/yikama/07er-0010k-bf	True	True	https://equsto.com/en/login?mode=register&next=/en/shop/yikama/07er-0010k-bf	2026-09-10
P0_RECOVER_PRODUCT	COMMERCE_LEAK_ROBOTS_LOGIN	Robots.txt tarafından engellendi	login_blocked_but_hides_product	308_login_next_to_product	high	en	shop_pdp	tezgah	eq-kct07-16070	/en/shop/tezgah/eq-kct07-16070	True	True	https://equsto.com/en/login?mode=register&next=/en/shop/tezgah/eq-kct07-16070	2026-09-10
P0_RECOVER_PRODUCT	COMMERCE_LEAK_ROBOTS_LOGIN	Robots.txt tarafından engellendi	login_blocked_but_hides_product	308_login_next_to_product	high	en	shop_pdp	tezgah	7911-19070-56	/en/shop/tezgah/7911-19070-56	True	True	https://equsto.com/en/login.html?next=/en/shop/tezgah/7911-19070-56	2026-09-10
P0_RECOVER_PRODUCT	COMMERCE_LEAK_ROBOTS_LOGIN	Robots.txt tarafından engellendi	login_blocked_but_hides_product	308_login_next_to_product	high	en	shop_pdp	tezgah	7911-19070-56	/en/shop/tezgah/7911-19070-56	True	True	https://equsto.com/en/login?mode=register&next=/en/shop/tezgah/7911-19070-56	2026-09-10
P0_RECOVER_PRODUCT	COMMERCE_LEAK_ROBOTS_LOGIN	Robots.txt tarafından engellendi	login_blocked_but_hides_product	308_login_next_to_product	high	en	shop_pdp	tezgah	7758-157b5-21	/en/shop/tezgah/7758-157b5-21	True	True	https://equsto.com/en/login.html?next=/en/shop/tezgah/7758-157b5-21	2026-09-10
P0_RECOVER_PRODUCT	COMMERCE_LEAK_ROBOTS_LOGIN	Robots.txt tarafından engellendi	login_blocked_but_hides_product	308_login_next_to_product	high	en	shop_pdp	pisirme	7961-16229-5y1	/en/shop/yikama/7961-16229-5y1	True	True	https://equsto.com/en/login?mode=register&next=/en/shop/pisirme/7961-16229-5y1	2026-09-10
P0_RECOVER_PRODUCT	COMMERCE_LEAK_ROBOTS_LOGIN	Robots.txt tarafından engellendi	login_blocked_but_hides_product	308_login_next_to_product	high	en	shop_pdp	tezgah	7911-19070-44	/en/shop/tezgah/7911-19070-44	True	True	https://equsto.com/en/login.html?next=/en/shop/tezgah/7911-19070-44	2026-09-10
P0_RECOVER_PRODUCT	COMMERCE_LEAK_ROBOTS_LOGIN	Robots.txt tarafından engellendi	login_blocked_but_hides_product	308_login_next_to_product	high	en	shop_pdp	tasima	7912-12070-a0	/en/shop/tasima/7912-12070-a0	True	True	https://equsto.com/en/login?mode=register&next=/en/shop/tasima/7912-12070-a0	2026-09-10
P0_RECOVER_PRODUCT	COMMERCE_LEAK_ROBOTS_LOGIN	Robots.txt tarafından engellendi	login_blocked_but_hides_product	308_login_next_to_product	high	en	shop_pdp	pisirme	ino-pdg303	/en/shop/pisirme/ino-pdg303	True	True	https://equsto.com/en/login.html?next=/en/shop/pisirme/ino-pdg303	2026-09-10
P0_RECOVER_PRODUCT	COMMERCE_LEAK_ROBOTS_LOGIN	Robots.txt tarafından engellendi	login_blocked_but_hides_product	308_login_next_to_product	high	en	shop_pdp	hazirlik	208-600522	/en/shop/hazirlik/208-600522	True	True	https://equsto.com/en/login?mode=register&next=/en/shop/hazirlik/208-600522	2026-09-10
P0_RECOVER_PRODUCT	COMMERCE_LEAK_ROBOTS_LOGIN	Robots.txt tarafından engellendi	login_blocked_but_hides_product	308_login_next_to_product	high	en	shop_pdp	sogutma	710098	/en/shop/sogutma/710098	True	True	https://equsto.com/en/login.html?next=/en/shop/sogutma/710098	2026-09-10
P0_RECOVER_PRODUCT	COMMERCE_LEAK_ROBOTS_LOGIN	Robots.txt tarafından engellendi	login_blocked_but_hides_product	308_login_next_to_product	high	en	shop_pdp	hazirlik	tm24465	/en/shop/hazirlik/tm24465	True	True	https://equsto.com/en/login?mode=register&next=/en/shop/hazirlik/tm24465	2026-09-10
P0_RECOVER_PRODUCT	COMMERCE_LEAK_ROBOTS_LOGIN	Robots.txt tarafından engellendi	login_blocked_but_hides_product	308_login_next_to_product		en	shop_pdp	sogutma	9805-im100-hc		True	False	https://equsto.com/en/login?mode=register&next=/en/shop/sogutma/9805-im100-hc	2026-09-10
P0_RECOVER_PRODUCT	COMMERCE_LEAK_ROBOTS_LOGIN	Robots.txt tarafından engellendi	login_blocked_but_hides_product	308_login_next_to_product	high	en	shop_pdp	davlumbaz	eq-kdavdtf02-30090	/en/shop/davlumbaz/eq-kdavdtf02-30090	True	True	https://equsto.com/en/login.html?next=/en/shop/davlumbaz/eq-kdavdtf02-30090	2026-09-10
P0_RECOVER_PRODUCT	COMMERCE_LEAK_ROBOTS_LOGIN	Robots.txt tarafından engellendi	login_blocked_but_hides_product	308_login_next_to_product	high	en	shop_pdp	market-reyonlari	eq-falcon-sld-eq84	/en/shop/market-reyonlari/eq-falcon-sld-eq84	True	True	https://equsto.com/en/login?mode=register&next=/en/shop/market-reyonlari/eq-falcon-sld-eq84	2026-09-10
P0_RECOVER_PRODUCT	COMMERCE_LEAK_ROBOTS_LOGIN	Robots.txt tarafından engellendi	login_blocked_but_hides_product	308_login_next_to_product	high	en	shop_pdp	pisirme	aei-670	/en/shop/pisirme/aei-670	True	True	https://equsto.com/en/login?mode=register&next=/en/shop/pisirme/aei-670	2026-09-10
P0_RECOVER_PRODUCT	COMMERCE_LEAK_ROBOTS_LOGIN	Robots.txt tarafından engellendi	login_blocked_but_hides_product	308_login_next_to_product	high	en	shop_pdp	tezgah	eq-kdct02-14070	/en/shop/tezgah/eq-kdct02-14070	True	True	https://equsto.com/en/login.html?next=/en/shop/tezgah/eq-kdct02-14070	2026-09-10
P0_RECOVER_PRODUCT	COMMERCE_LEAK_ROBOTS_LOGIN	Robots.txt tarafından engellendi	login_blocked_but_hides_product	308_login_next_to_product	high	en	shop_pdp	tezgah	133116	/en/shop/tezgah/133116	True	True	https://equsto.com/en/login?mode=register&next=/en/shop/tezgah/133116	2026-09-10
P0_RECOVER_PRODUCT	COMMERCE_LEAK_ROBOTS_LOGIN	Robots.txt tarafından engellendi	login_blocked_but_hides_product	308_login_next_to_product	high	en	shop_pdp	set-ustu-mutfak	7490-00004-00	/en/shop/set-ustu-mutfak/7490-00004-00	True	True	https://equsto.com/en/login?mode=register&next=/en/shop/set-ustu-mutfak/7490-00004-00	2026-09-10
P0_RECOVER_PRODUCT	COMMERCE_LEAK_ROBOTS_LOGIN	Robots.txt tarafından engellendi	login_blocked_but_hides_product	308_login_next_to_product		en	shop_pdp	hazirlik	rc-28207		True	False	https://equsto.com/en/login?mode=register&next=/en/shop/hazirlik/rc-28207	2026-09-10
P0_RECOVER_PRODUCT	COMMERCE_LEAK_ROBOTS_LOGIN	Robots.txt tarafından engellendi	login_blocked_but_hides_product	308_login_next_to_product	high	en	shop_pdp	sogutma	bre-drb500	/en/shop/sogutma/bre-drb500	True	True	https://equsto.com/en/login.html?next=/en/shop/sogutma/bre-drb500	2026-09-10
P0_RECOVER_PRODUCT	COMMERCE_LEAK_ROBOTS_LOGIN	Robots.txt tarafından engellendi	login_blocked_but_hides_product	308_login_next_to_product	high	en	shop_pdp	tezgah	7911-12070-23	/en/shop/tezgah/7911-12070-23	True	True	https://equsto.com/en/login?mode=register&next=/en/shop/tezgah/7911-12070-23	2026-09-10
P0_RECOVER_PRODUCT	COMMERCE_LEAK_ROBOTS_LOGIN	Robots.txt tarafından engellendi	login_blocked_but_hides_product	308_login_next_to_product	high	en	shop_pdp	hazirlik	5ksm7591xeer	/en/shop/hazirlik/5ksm7591xeer	True	True	https://equsto.com/en/login?mode=register&next=/en/shop/hazirlik/5ksm7591xeer	2026-09-10
P0_RECOVER_PRODUCT	COMMERCE_LEAK_ROBOTS_LOGIN	Robots.txt tarafından engellendi	login_blocked_but_hides_product	308_login_next_to_product	high	en	shop_pdp	pisirme	7864-n1-80703-70	/en/shop/pisirme/7864-n1-80703-70	True	True	https://equsto.com/en/login?mode=register&next=/en/shop/pisirme/7864-n1-80703-70	2026-09-10
P0_RECOVER_PRODUCT	COMMERCE_LEAK_ROBOTS_LOGIN	Robots.txt tarafından engellendi	login_blocked_but_hides_product	308_login_next_to_product	high	en	shop_pdp	set-ustu-mutfak	8850-wkm25-02	/en/shop/set-ustu-mutfak/8850-wkm25-02	True	True	https://equsto.com/en/login.html?next=/en/shop/set-ustu-mutfak/8850-wkm25-02	2026-09-10
P0_RECOVER_PRODUCT	COMMERCE_LEAK_ROBOTS_LOGIN	Robots.txt tarafından engellendi	login_blocked_but_hides_product	308_login_next_to_product	high	en	shop_pdp	sogutma	118-set-e-90c	/en/shop/sogutma/118-set-e-90c	True	True	https://equsto.com/en/login.html?next=/en/shop/sogutma/118-set-e-90c	2026-09-10
P0_RECOVER_PRODUCT	COMMERCE_LEAK_ROBOTS_LOGIN	Robots.txt tarafından engellendi	login_blocked_but_hides_product	308_login_next_to_product	high	en	shop_pdp	sogutma	bre-vm900a	/en/shop/sogutma/bre-vm900a	True	True	https://equsto.com/en/login?mode=register&next=/en/shop/sogutma/bre-vm900a	2026-09-10
P0_RECOVER_PRODUCT	COMMERCE_LEAK_ROBOTS_LOGIN	Robots.txt tarafından engellendi	login_blocked_but_hides_product	308_login_next_to_product	high	en	shop_pdp	araba	g-md-100-25-s	/en/shop/araba/g-md-100-25-s	True	True	https://equsto.com/en/login?mode=register&next=/en/shop/araba/g-md-100-25-s	2026-09-10
P0_RECOVER_PRODUCT	COMMERCE_LEAK_ROBOTS_LOGIN	Robots.txt tarafından engellendi	login_blocked_but_hides_product	308_login_next_to_product	high	en	shop_pdp	pisirme	eaei-1060-nd	/en/shop/pisirme/eaei-1060-nd	True	True	https://equsto.com/en/login.html?next=/en/shop/pisirme/eaei-1060-nd	2026-09-10
P0_RECOVER_PRODUCT	COMMERCE_LEAK_ROBOTS_LOGIN	Robots.txt tarafından engellendi	login_blocked_but_hides_product	308_login_next_to_product	high	en	shop_pdp	pisirme	npicco46-1	/en/shop/pisirme/npicco46-1	True	True	https://equsto.com/en/login?mode=register&next=/en/shop/pisirme/npicco46-1	2026-09-10
P0_RECOVER_PRODUCT	COMMERCE_LEAK_ROBOTS_LOGIN	Robots.txt tarafından engellendi	login_blocked_but_hides_product	308_login_next_to_product	high	en	shop_pdp	hazirlik	9840-cl52d-00	/en/shop/hazirlik/9840-cl52d-00	True	True	https://equsto.com/en/login?mode=register&next=/en/shop/hazirlik/9840-cl52d-00	2026-09-09
P0_RECOVER_PRODUCT	COMMERCE_LEAK_ROBOTS_LOGIN	Robots.txt tarafından engellendi	login_blocked_but_hides_product	308_login_next_to_product		en	shop_pdp	market-reyonlari	eq-nergis-lb-fg-sky-eq39		True	False	https://equsto.com/en/login?mode=register&next=/en/shop/market-reyonlari/eq-nergis-lb-fg-sky-eq39	2026-09-09
P0_RECOVER_PRODUCT	COMMERCE_LEAK_ROBOTS_LOGIN	Robots.txt tarafından engellendi	login_blocked_but_hides_product	308_login_next_to_product	high	tr	shop_pdp	market-reyonlari	eq-falcon-eq39	/shop/market-reyonlari/eq-falcon-eq39	True	True	https://equsto.com/en/login?next=/shop/market-reyonlari/eq-falcon-eq39	2026-09-09
P0_RECOVER_PRODUCT	COMMERCE_LEAK_ROBOTS_LOGIN	Robots.txt tarafından engellendi	login_blocked_but_hides_product	308_login_next_to_product	high	en	shop_pdp	set-ustu-mutfak	0840-00010-11	/en/shop/set-ustu-mutfak/0840-00010-11	True	True	https://equsto.com/en/login.html?next=/en/shop/set-ustu-mutfak/0840-00010-11	2026-09-09
P0_RECOVER_PRODUCT	COMMERCE_LEAK_ROBOTS_LOGIN	Robots.txt tarafından engellendi	login_blocked_but_hides_product	308_login_next_to_product	high	en	shop_pdp	tezgah	7911-14070-04	/en/shop/tezgah/7911-14070-04	True	True	https://equsto.com/en/login?mode=register&next=/en/shop/tezgah/7911-14070-04	2026-09-09
P0_RECOVER_PRODUCT	COMMERCE_LEAK_ROBOTS_LOGIN	Robots.txt tarafından engellendi	login_blocked_but_hides_product	308_login_next_to_product		en	shop_pdp	market-reyonlari	eq-lotus-lb-eq27		True	False	https://equsto.com/en/login?mode=register&next=/en/shop/market-reyonlari/eq-lotus-lb-eq27	2026-09-09
P0_RECOVER_PRODUCT	COMMERCE_LEAK_ROBOTS_LOGIN	Robots.txt tarafından engellendi	login_blocked_but_hides_product	308_login_next_to_product		en	shop_pdp	sogutma	portabianco-tezgah-tip-kisa-iki-kapili-buzdolabi		True	False	https://equsto.com/en/login?mode=register&next=/en/shop/sogutma/portabianco-tezgah-tip-kisa-iki-kapili-buzdolabi	2026-09-09
P0_RECOVER_PRODUCT	COMMERCE_LEAK_ROBOTS_LOGIN	Robots.txt tarafından engellendi	login_blocked_but_hides_product	308_login_next_to_product	high	en	shop_pdp	set-ustu-mutfak	0311-14065-11	/en/shop/set-ustu-mutfak/0311-14065-11	True	True	https://equsto.com/en/login.html?next=/en/shop/set-ustu-mutfak/0311-14065-11	2026-09-09
P0_RECOVER_PRODUCT	COMMERCE_LEAK_ROBOTS_LOGIN	Robots.txt tarafından engellendi	login_blocked_but_hides_product	308_login_next_to_product	high	en	shop_pdp	tezgah	7754-166a5-13	/en/shop/tezgah/7754-166a5-13	True	True	https://equsto.com/en/login?mode=register&next=/en/shop/tezgah/7754-166a5-13	2026-09-09
P0_RECOVER_PRODUCT	COMMERCE_LEAK_ROBOTS_LOGIN	Robots.txt tarafından engellendi	login_blocked_but_hides_product	308_login_next_to_product	high	en	shop_pdp	pisirme	east-126	/en/shop/pisirme/east-126	True	True	https://equsto.com/en/login?mode=register&next=/en/shop/pisirme/east-126	2026-09-09
P0_RECOVER_PRODUCT	COMMERCE_LEAK_ROBOTS_LOGIN	Robots.txt tarafından engellendi	login_blocked_but_hides_product	308_login_next_to_product	high	en	shop_pdp	tezgah	ino-krn170	/en/shop/tezgah/ino-krn170	True	True	https://equsto.com/en/login.html?next=/en/shop/tezgah/ino-krn170	2026-09-09
P0_RECOVER_PRODUCT	COMMERCE_LEAK_ROBOTS_LOGIN	Robots.txt tarafından engellendi	login_blocked_but_hides_product	308_login_next_to_product	high	en	shop_pdp	sogutma	asbhdg-2n70e	/en/shop/sogutma/asbhdg-2n70e	True	True	https://equsto.com/en/login?mode=register&next=/en/shop/sogutma/asbhdg-2n70e	2026-09-09
P0_RECOVER_PRODUCT	COMMERCE_LEAK_ROBOTS_LOGIN	Robots.txt tarafından engellendi	login_blocked_but_hides_product	308_login_next_to_product	high	en	shop_pdp	hazirlik	2810-00020-50	/en/shop/hazirlik/2810-00020-50	True	True	https://equsto.com/en/login?mode=register&next=/en/shop/hazirlik/2810-00020-50	2026-09-09
P0_RECOVER_PRODUCT	COMMERCE_LEAK_ROBOTS_LOGIN	Robots.txt tarafından engellendi	login_blocked_but_hides_product	308_login_next_to_product	high	en	shop_pdp	pisirme	eaei-1060-nd	/en/shop/pisirme/eaei-1060-nd	True	True	https://equsto.com/en/login?mode=register&next=/en/shop/pisirme/eaei-1060-nd	2026-09-09
P0_RECOVER_PRODUCT	COMMERCE_LEAK_ROBOTS_LOGIN	Robots.txt tarafından engellendi	login_blocked_but_hides_product	308_login_next_to_product	high	en	shop_pdp	sogutma	sbtp-2n70e	/en/shop/sogutma/sbtp-2n70e	True	True	https://equsto.com/en/login.html?next=/en/shop/sogutma/sbtp-2n70e	2026-09-09
P0_RECOVER_PRODUCT	COMMERCE_LEAK_ROBOTS_LOGIN	Robots.txt tarafından engellendi	login_blocked_but_hides_product	308_login_next_to_product	high	en	shop_pdp	pisirme	pts09-dijital	/en/shop/pisirme/pts09-dijital	True	True	https://equsto.com/en/login?mode=register&next=/en/shop/pisirme/pts09-dijital	2026-09-09
P0_RECOVER_PRODUCT	COMMERCE_LEAK_ROBOTS_LOGIN	Robots.txt tarafından engellendi	login_blocked_but_hides_product	308_login_next_to_product	high	en	shop_pdp	pisirme	npicco915	/en/shop/pisirme/npicco915	True	True	https://equsto.com/en/login?mode=register&next=/en/shop/pisirme/npicco915	2026-09-09
P0_RECOVER_PRODUCT	COMMERCE_LEAK_ROBOTS_LOGIN	Robots.txt tarafından engellendi	login_blocked_but_hides_product	308_login_next_to_product	high	en	shop_pdp	tezgah	eq-khct04-09070	/en/shop/tezgah/eq-khct04-09070	True	True	https://equsto.com/en/login?mode=register&next=/en/shop/tezgah/eq-khct04-09070	2026-09-09
P0_RECOVER_PRODUCT	COMMERCE_LEAK_ROBOTS_LOGIN	Robots.txt tarafından engellendi	login_blocked_but_hides_product	308_login_next_to_product	high	en	shop_pdp	pisirme	7961-20629-7y2	/en/shop/yikama/7961-20629-7y2	True	True	https://equsto.com/en/login.html?next=/en/shop/pisirme/7961-20629-7y2	2026-09-09
P0_RECOVER_PRODUCT	COMMERCE_LEAK_ROBOTS_LOGIN	Robots.txt tarafından engellendi	login_blocked_but_hides_product	308_login_next_to_product	high	en	shop_pdp	sogutma	bre-cb840ahc	/en/shop/sogutma/bre-cb840ahc	True	True	https://equsto.com/en/login?mode=register&next=/en/shop/sogutma/bre-cb840ahc	2026-09-09
P0_RECOVER_PRODUCT	COMMERCE_LEAK_ROBOTS_LOGIN	Robots.txt tarafından engellendi	login_blocked_but_hides_product	308_login_next_to_product	high	en	shop_pdp	sogutma	710020	/en/shop/sogutma/710020	True	False	https://equsto.com/en/login?mode=register&next=/en/shop/sogutma/710020	2026-09-09
P0_RECOVER_PRODUCT	COMMERCE_LEAK_ROBOTS_LOGIN	Robots.txt tarafından engellendi	login_blocked_but_hides_product	308_login_next_to_product	high	en	shop_pdp	sogutma	bre-tb852ahc	/en/shop/sogutma/bre-tb852ahc	True	True	https://equsto.com/en/login?mode=register&next=/en/shop/sogutma/bre-tb852ahc	2026-09-09
P0_RECOVER_PRODUCT	COMMERCE_LEAK_ROBOTS_LOGIN	Robots.txt tarafından engellendi	login_blocked_but_hides_product	308_login_next_to_product	high	en	shop_pdp	set-ustu-mutfak	8845-0crg8-00	/en/shop/set-ustu-mutfak/8845-0crg8-00	True	True	https://equsto.com/en/login.html?next=/en/shop/set-ustu-mutfak/8845-0crg8-00	2026-09-09
P0_RECOVER_PRODUCT	COMMERCE_LEAK_ROBOTS_LOGIN	Robots.txt tarafından engellendi	login_blocked_but_hides_product	308_login_next_to_product	high	en	shop_pdp	tezgah	eq-kct06-16070	/en/shop/tezgah/eq-kct06-16070	True	True	https://equsto.com/en/login?mode=register&next=/en/shop/tezgah/eq-kct06-16070	2026-09-09
P0_RECOVER_PRODUCT	COMMERCE_LEAK_ROBOTS_LOGIN	Robots.txt tarafından engellendi	login_blocked_but_hides_product	308_login_next_to_product	high	en	shop_pdp	sogutma	727313	/en/shop/sogutma/727313	True	True	https://equsto.com/en/login.html?next=/en/shop/sogutma/727313	2026-09-09
P0_RECOVER_PRODUCT	COMMERCE_LEAK_ROBOTS_LOGIN	Robots.txt tarafından engellendi	login_blocked_but_hides_product	308_login_next_to_product	high	en	shop_pdp	market-reyonlari	eq-lion-sld-eq61	/en/shop/market-reyonlari/eq-lion-sld-eq61	True	True	https://equsto.com/en/login?mode=register&next=/en/shop/market-reyonlari/eq-lion-sld-eq61	2026-09-09
P0_RECOVER_PRODUCT	COMMERCE_LEAK_ROBOTS_LOGIN	Robots.txt tarafından engellendi	login_blocked_but_hides_product	308_login_next_to_product		en	shop_pdp	market-reyonlari	eq-fulya-nv-lm-eq18		True	False	https://equsto.com/en/login?mode=register&next=/en/shop/market-reyonlari/eq-fulya-nv-lm-eq18	2026-09-09
P0_RECOVER_PRODUCT	COMMERCE_LEAK_ROBOTS_LOGIN	Robots.txt tarafından engellendi	login_blocked_but_hides_product	308_login_next_to_product	high	en	shop_pdp	tezgah	eq-kmertt05-14070	/en/shop/tezgah/eq-kmertt05-14070	True	True	https://equsto.com/en/login?mode=register&next=/en/shop/tezgah/eq-kmertt05-14070	2026-09-09
P0_RECOVER_PRODUCT	COMMERCE_LEAK_ROBOTS_LOGIN	Robots.txt tarafından engellendi	login_blocked_but_hides_product	308_login_next_to_product	high	en	shop_pdp	sogutma	118-mt-213	/en/shop/sogutma/118-mt-213	True	True	https://equsto.com/en/login?mode=register&next=/en/shop/sogutma/118-mt-213	2026-09-09
P0_RECOVER_PRODUCT	COMMERCE_LEAK_ROBOTS_LOGIN	Robots.txt tarafından engellendi	login_blocked_but_hides_product	308_login_next_to_product	high	en	shop_pdp	pisirme	ino-zmd-9ig10	/en/shop/pisirme/ino-zmd-9ig10	True	True	https://equsto.com/en/login?mode=register&next=/en/shop/pisirme/ino-zmd-9ig10	2026-09-09
P0_RECOVER_PRODUCT	COMMERCE_LEAK_ROBOTS_LOGIN	Robots.txt tarafından engellendi	login_blocked_but_hides_product	308_login_next_to_product	high	en	shop_pdp	hazirlik	2810-00040-06	/en/shop/hazirlik/2810-00040-06	True	True	https://equsto.com/en/login.html?next=/en/shop/hazirlik/2810-00040-06	2026-09-09
P0_RECOVER_PRODUCT	COMMERCE_LEAK_ROBOTS_LOGIN	Robots.txt tarafından engellendi	login_blocked_but_hides_product	308_login_next_to_product	high	en	shop_pdp	tezgah	7911-14070-14	/en/shop/tezgah/7911-14070-14	True	True	https://equsto.com/en/login?mode=register&next=/en/shop/tezgah/7911-14070-14	2026-09-09
P0_RECOVER_PRODUCT	COMMERCE_LEAK_ROBOTS_LOGIN	Robots.txt tarafından engellendi	login_blocked_but_hides_product	308_login_next_to_product	high	en	shop_pdp	pisirme	npicco910	/en/shop/pisirme/npicco910	True	True	https://equsto.com/en/login.html?next=/en/shop/pisirme/npicco910	2026-09-09
P0_RECOVER_PRODUCT	COMMERCE_LEAK_ROBOTS_LOGIN	Robots.txt tarafından engellendi	login_blocked_but_hides_product	308_login_next_to_product	high	en	shop_pdp	sogutma	9805-im45n-ehc	/en/shop/sogutma/9805-im45n-ehc	True	True	https://equsto.com/en/login?mode=register&next=/en/shop/sogutma/9805-im45n-ehc	2026-09-09
P0_RECOVER_PRODUCT	COMMERCE_LEAK_ROBOTS_LOGIN	Robots.txt tarafından engellendi	login_blocked_but_hides_product	308_login_next_to_product	high	en	shop_pdp	pisirme	7858-n1-40603-11	/en/shop/pisirme/7858-n1-40603-11	True	True	https://equsto.com/en/login?mode=register&next=/en/shop/pisirme/7858-n1-40603-11	2026-09-09
P0_RECOVER_PRODUCT	COMMERCE_LEAK_ROBOTS_LOGIN	Robots.txt tarafından engellendi	login_blocked_but_hides_product	308_login_next_to_product	high	en	shop_pdp	pisirme	asm-6g	/en/shop/pisirme/asm-6g	True	True	https://equsto.com/en/login?mode=register&next=/en/shop/pisirme/asm-6g	2026-09-09
P0_RECOVER_PRODUCT	COMMERCE_LEAK_ROBOTS_LOGIN	Robots.txt tarafından engellendi	login_blocked_but_hides_product	308_login_next_to_product	high	en	shop_pdp	set-ustu-mutfak	vbl-813	/en/shop/set-ustu-mutfak/vbl-813	True	True	https://equsto.com/en/login?mode=register&next=/en/shop/set-ustu-mutfak/vbl-813	2026-09-09
P0_RECOVER_PRODUCT	COMMERCE_LEAK_ROBOTS_LOGIN	Robots.txt tarafından engellendi	login_blocked_but_hides_product	308_login_next_to_product	high	en	shop_pdp	pisirme	npicco913	/en/shop/pisirme/npicco913	True	True	https://equsto.com/en/login?mode=register&next=/en/shop/pisirme/npicco913	2026-09-09
P0_RECOVER_PRODUCT	COMMERCE_LEAK_ROBOTS_LOGIN	Robots.txt tarafından engellendi	login_blocked_but_hides_product	308_login_next_to_product	high	en	shop_pdp	tezgah	7911-19070-23p	/en/shop/tezgah/7911-19070-23p	True	True	https://equsto.com/en/login?mode=register&next=/en/shop/tezgah/7911-19070-23p	2026-09-09
P0_RECOVER_PRODUCT	COMMERCE_LEAK_ROBOTS_LOGIN	Robots.txt tarafından engellendi	login_blocked_but_hides_product	308_login_next_to_product	high	en	shop_pdp	set-ustu-mutfak	0211-40508-12	/en/shop/set-ustu-mutfak/0211-40508-12	True	True	https://equsto.com/en/login?mode=register&next=/en/shop/set-ustu-mutfak/0211-40508-12	2026-09-09
P0_RECOVER_PRODUCT	COMMERCE_LEAK_ROBOTS_LOGIN	Robots.txt tarafından engellendi	login_blocked_but_hides_product	308_login_next_to_product	high	en	shop_pdp	sogutma	118-ckm-180t	/en/shop/sogutma/118-ckm-180t	True	True	https://equsto.com/en/login.html?next=/en/shop/sogutma/118-ckm-180t	2026-09-09
P0_RECOVER_PRODUCT	COMMERCE_LEAK_ROBOTS_LOGIN	Robots.txt tarafından engellendi	login_blocked_but_hides_product	308_login_next_to_product	high	en	shop_pdp	sogutma	bre-c300a	/en/shop/sogutma/bre-c300a	True	True	https://equsto.com/en/login.html?next=/en/shop/sogutma/bre-c300a	2026-09-09
P0_RECOVER_PRODUCT	COMMERCE_LEAK_ROBOTS_LOGIN	Robots.txt tarafından engellendi	login_blocked_but_hides_product	308_login_next_to_product	high	en	shop_pdp	pisirme	7960-20629-1o2	/en/shop/yikama/7960-20629-1o2	True	True	https://equsto.com/en/login?mode=register&next=/en/shop/pisirme/7960-20629-1o2	2026-09-09
P0_RECOVER_PRODUCT	COMMERCE_LEAK_ROBOTS_LOGIN	Robots.txt tarafından engellendi	login_blocked_but_hides_product	308_login_next_to_product	high	en	shop_pdp	sogutma	9805-im45n-ehc	/en/shop/sogutma/9805-im45n-ehc	True	True	https://equsto.com/en/login.html?next=/en/shop/sogutma/9805-im45n-ehc	2026-09-09
P0_RECOVER_PRODUCT	COMMERCE_LEAK_ROBOTS_LOGIN	Robots.txt tarafından engellendi	login_blocked_but_hides_product	308_login_next_to_product	high	en	shop_pdp	icecek	vljh-20	/en/shop/icecek/vljh-20	True	True	https://equsto.com/en/login?next=/en/shop/icecek/vljh-20	2026-09-09
P0_RECOVER_PRODUCT	COMMERCE_LEAK_ROBOTS_LOGIN	Robots.txt tarafından engellendi	login_blocked_but_hides_product	308_login_next_to_product	high	en	shop_pdp	tasima	avatherm-prestige-tepsi	/en/shop/tasima/avatherm-prestige-tepsi	True	True	https://equsto.com/en/login?mode=register&next=/en/shop/tasima/avatherm-prestige-tepsi	2026-09-09
P0_RECOVER_PRODUCT	COMMERCE_LEAK_ROBOTS_LOGIN	Robots.txt tarafından engellendi	login_blocked_but_hides_product	308_login_next_to_product	high	en	shop_pdp	pisirme	npicco79-1	/en/shop/pisirme/npicco79-1	True	True	https://equsto.com/en/login?mode=register&next=/en/shop/pisirme/npicco79-1	2026-09-09
P0_RECOVER_PRODUCT	COMMERCE_LEAK_ROBOTS_LOGIN	Robots.txt tarafından engellendi	login_blocked_but_hides_product	308_login_next_to_product	high	en	shop_pdp	market-reyonlari	eq-lion-sld-eq6	/en/shop/market-reyonlari/eq-lion-sld-eq6	True	True	https://equsto.com/en/login.html?next=/en/shop/market-reyonlari/eq-lion-sld-eq6	2026-09-09
P0_RECOVER_PRODUCT	COMMERCE_LEAK_ROBOTS_LOGIN	Robots.txt tarafından engellendi	login_blocked_but_hides_product	308_login_next_to_product	high	en	shop_pdp	tezgah	7911-16070-24	/en/shop/tezgah/7911-16070-24	True	True	https://equsto.com/en/login.html?next=/en/shop/tezgah/7911-16070-24	2026-09-09
P0_RECOVER_PRODUCT	COMMERCE_LEAK_ROBOTS_LOGIN	Robots.txt tarafından engellendi	login_blocked_but_hides_product	308_login_next_to_product	high	en	shop_pdp	pisirme	391267	/en/shop/pisirme/391267	True	True	https://equsto.com/en/login?mode=register&next=/en/shop/pisirme/391267	2026-09-09
P0_RECOVER_PRODUCT	COMMERCE_LEAK_ROBOTS_LOGIN	Robots.txt tarafından engellendi	login_blocked_but_hides_product	308_login_next_to_product	high	en	shop_pdp	tezgah	7754-166e5-21	/en/shop/tezgah/7754-166e5-21	True	True	https://equsto.com/en/login?mode=register&next=/en/shop/tezgah/7754-166e5-21	2026-09-09
P0_RECOVER_PRODUCT	COMMERCE_LEAK_ROBOTS_LOGIN	Robots.txt tarafından engellendi	login_blocked_but_hides_product	308_login_next_to_product	high	en	shop_pdp	market-reyonlari	eq-falcon-sld-eq17	/en/shop/market-reyonlari/eq-falcon-sld-eq17	True	True	https://equsto.com/en/login?next=/en/shop/market-reyonlari/eq-falcon-sld-eq17	2026-09-09
P0_RECOVER_PRODUCT	COMMERCE_LEAK_ROBOTS_LOGIN	Robots.txt tarafından engellendi	login_blocked_but_hides_product	308_login_next_to_product	high	en	shop_pdp	pisirme	7961-16229-1o3	/en/shop/yikama/7961-16229-1o3	True	True	https://equsto.com/en/login.html?next=/en/shop/pisirme/7961-16229-1o3	2026-09-09
P0_RECOVER_PRODUCT	COMMERCE_LEAK_ROBOTS_LOGIN	Robots.txt tarafından engellendi	login_blocked_but_hides_product	308_login_next_to_product	high	en	shop_pdp	sogutma	118-bbcs-250	/en/shop/sogutma/118-bbcs-250	True	True	https://equsto.com/en/login?mode=register&next=/en/shop/sogutma/118-bbcs-250	2026-09-09
P0_RECOVER_PRODUCT	COMMERCE_LEAK_ROBOTS_LOGIN	Robots.txt tarafından engellendi	login_blocked_but_hides_product	308_login_next_to_product	high	en	shop_pdp	set-ustu-mutfak	8310-0pp12-100	/en/shop/set-ustu-mutfak/8310-0pp12-100	True	True	https://equsto.com/en/login.html?next=/en/shop/set-ustu-mutfak/8310-0pp12-100	2026-09-09
P0_RECOVER_PRODUCT	COMMERCE_LEAK_ROBOTS_LOGIN	Robots.txt tarafından engellendi	login_blocked_but_hides_product	308_login_next_to_product	high	en	shop_pdp	hazirlik	208-650164-c10wx	/en/shop/hazirlik/208-650164-c10wx	True	True	https://equsto.com/en/login.html?next=/en/shop/hazirlik/208-650164-c10wx	2026-09-09
P0_RECOVER_PRODUCT	COMMERCE_LEAK_ROBOTS_LOGIN	Robots.txt tarafından engellendi	login_blocked_but_hides_product	308_login_next_to_product	high	en	shop_pdp	pisirme	7960-07429-7y4	/en/shop/yikama/7960-07429-7y4	True	True	https://equsto.com/en/login?mode=register&next=/en/shop/pisirme/7960-07429-7y4	2026-09-09
P0_RECOVER_PRODUCT	COMMERCE_LEAK_ROBOTS_LOGIN	Robots.txt tarafından engellendi	login_blocked_but_hides_product	308_login_next_to_product	high	tr	shop_pdp	market-reyonlari	eq-quokka-eq6	/shop/market-reyonlari/eq-quokka-eq6	True	True	https://equsto.com/en/login?mode=register&next=/shop/market-reyonlari/eq-quokka-eq6	2026-09-09
P0_RECOVER_PRODUCT	COMMERCE_LEAK_ROBOTS_LOGIN	Robots.txt tarafından engellendi	login_blocked_but_hides_product	308_login_next_to_product	high	en	shop_pdp	pisirme	eaei-660	/en/shop/pisirme/eaei-660	True	True	https://equsto.com/en/login?mode=register&next=/en/shop/pisirme/eaei-660	2026-09-09
P0_RECOVER_PRODUCT	COMMERCE_LEAK_ROBOTS_LOGIN	Robots.txt tarafından engellendi	login_blocked_but_hides_product	308_login_next_to_product	high	en	shop_pdp	pisirme	ino-zco-7tn10	/en/shop/pisirme/ino-zco-7tn10	True	True	https://equsto.com/en/login?mode=register&next=/en/shop/pisirme/ino-zco-7tn10	2026-09-09
P0_RECOVER_PRODUCT	COMMERCE_LEAK_ROBOTS_LOGIN	Robots.txt tarafından engellendi	login_blocked_but_hides_product	308_login_next_to_product	high	en	shop_pdp	tezgah	7911-16060-28	/en/shop/tezgah/7911-16060-28	True	True	https://equsto.com/en/login?mode=register&next=/en/shop/tezgah/7911-16060-28	2026-09-09
P0_RECOVER_PRODUCT	COMMERCE_LEAK_ROBOTS_LOGIN	Robots.txt tarafından engellendi	login_blocked_but_hides_product	308_login_next_to_product	high	en	shop_pdp	set-ustu-mutfak	0314-14100-01	/en/shop/set-ustu-mutfak/0314-14100-01	True	True	https://equsto.com/en/login.html?next=/en/shop/set-ustu-mutfak/0314-14100-01	2026-09-09
P0_RECOVER_PRODUCT	COMMERCE_LEAK_ROBOTS_LOGIN	Robots.txt tarafından engellendi	login_blocked_but_hides_product	308_login_next_to_product	high	en	shop_pdp	dolap	7911-19070-81	/en/shop/tezgah/7911-19070-81	True	True	https://equsto.com/en/login?mode=register&next=/en/shop/dolap/7911-19070-81	2026-09-09
P0_RECOVER_PRODUCT	COMMERCE_LEAK_ROBOTS_LOGIN	Robots.txt tarafından engellendi	login_blocked_but_hides_product	308_login_next_to_product	high	en	shop_pdp	hazirlik	208-600141	/en/shop/hazirlik/208-600141	True	True	https://equsto.com/en/login.html?next=/en/shop/hazirlik/208-600141	2026-09-09
P0_RECOVER_PRODUCT	COMMERCE_LEAK_ROBOTS_LOGIN	Robots.txt tarafından engellendi	login_blocked_but_hides_product	308_login_next_to_product		en	shop_pdp	market-reyonlari	eq-fulya-hf-pn-eq2		True	False	https://equsto.com/en/login?mode=register&next=/en/shop/market-reyonlari/eq-fulya-hf-pn-eq2	2026-09-09
P0_RECOVER_PRODUCT	COMMERCE_LEAK_ROBOTS_LOGIN	Robots.txt tarafından engellendi	login_blocked_but_hides_product	308_login_next_to_product	high	en	shop_pdp	tezgah	7754-186e8-35	/en/shop/tezgah/7754-186e8-35	True	True	https://equsto.com/en/login.html?next=/en/shop/tezgah/7754-186e8-35	2026-09-09
P0_RECOVER_PRODUCT	COMMERCE_LEAK_ROBOTS_LOGIN	Robots.txt tarafından engellendi	login_blocked_but_hides_product	308_login_next_to_product	high	en	shop_pdp	market-reyonlari	eq-lion-eq30	/en/shop/market-reyonlari/eq-lion-eq30	True	True	https://equsto.com/en/login?mode=register&next=/en/shop/market-reyonlari/eq-lion-eq30	2026-09-09
P0_RECOVER_PRODUCT	COMMERCE_LEAK_ROBOTS_LOGIN	Robots.txt tarafından engellendi	login_blocked_but_hides_product	308_login_next_to_product	high	en	shop_pdp	tezgah	7758-147d8-27	/en/shop/tezgah/7758-147d8-27	True	True	https://equsto.com/en/login.html?next=/en/shop/tezgah/7758-147d8-27	2026-09-09
P0_RECOVER_PRODUCT	COMMERCE_LEAK_ROBOTS_LOGIN	Robots.txt tarafından engellendi	login_blocked_but_hides_product	308_login_next_to_product	high	en	shop_pdp	pisirme	7961-09429-7y4	/en/shop/yikama/7961-09429-7y4	True	True	https://equsto.com/en/login.html?next=/en/shop/pisirme/7961-09429-7y4	2026-09-09
P0_RECOVER_PRODUCT	COMMERCE_LEAK_ROBOTS_LOGIN	Robots.txt tarafından engellendi	login_blocked_but_hides_product	308_login_next_to_product	high	en	shop_pdp	tezgah	7758-197c8-23	/en/shop/tezgah/7758-197c8-23	True	True	https://equsto.com/en/login?mode=register&next=/en/shop/tezgah/7758-197c8-23	2026-09-09
P0_RECOVER_PRODUCT	COMMERCE_LEAK_ROBOTS_LOGIN	Robots.txt tarafından engellendi	login_blocked_but_hides_product	308_login_next_to_product	high	en	shop_pdp	sogutma	tt-4d70-e	/en/shop/sogutma/tt-4d70-e	True	True	https://equsto.com/en/login.html?next=/en/shop/sogutma/tt-4d70-e	2026-09-09
P0_RECOVER_PRODUCT	COMMERCE_LEAK_ROBOTS_LOGIN	Robots.txt tarafından engellendi	login_blocked_but_hides_product	308_login_next_to_product	high	en	shop_pdp	pisirme	371237	/en/shop/pisirme/371237	True	True	https://equsto.com/en/login?mode=register&next=/en/shop/pisirme/371237	2026-09-09
P0_RECOVER_PRODUCT	COMMERCE_LEAK_ROBOTS_LOGIN	Robots.txt tarafından engellendi	login_blocked_but_hides_product	308_login_next_to_product	high	en	shop_pdp	sogutma	118-set-e-75s	/en/shop/sogutma/118-set-e-75s	True	True	https://equsto.com/en/login.html?next=/en/shop/sogutma/118-set-e-75s	2026-09-09
P0_RECOVER_PRODUCT	COMMERCE_LEAK_ROBOTS_LOGIN	Robots.txt tarafından engellendi	login_blocked_but_hides_product	308_login_next_to_product		en	shop_pdp	market-reyonlari	eq-fulya-hf-tp-eq7		True	False	https://equsto.com/en/login?mode=register&next=/en/shop/market-reyonlari/eq-fulya-hf-tp-eq7	2026-09-09
P0_RECOVER_PRODUCT	COMMERCE_LEAK_ROBOTS_LOGIN	Robots.txt tarafından engellendi	login_blocked_but_hides_product	308_login_next_to_product	high	en	shop_pdp	pisirme	spr110-2	/en/shop/pisirme/spr110-2	True	True	https://equsto.com/en/login?mode=register&next=/en/shop/pisirme/spr110-2	2026-09-09
P0_RECOVER_PRODUCT	COMMERCE_LEAK_ROBOTS_LOGIN	Robots.txt tarafından engellendi	login_blocked_but_hides_product	308_login_next_to_product		en	shop_pdp	market-reyonlari	eq-lotus-eq4		True	False	https://equsto.com/en/login?mode=register&next=/en/shop/market-reyonlari/eq-lotus-eq4	2026-09-09
P0_RECOVER_PRODUCT	COMMERCE_LEAK_ROBOTS_LOGIN	Robots.txt tarafından engellendi	login_blocked_but_hides_product	308_login_next_to_product	high	en	shop_pdp	set-ustu-mutfak	8894-05500-00	/en/shop/set-ustu-mutfak/8894-05500-00	True	True	https://equsto.com/en/login?mode=register&next=/en/shop/set-ustu-mutfak/8894-05500-00	2026-09-09
P0_RECOVER_PRODUCT	COMMERCE_LEAK_ROBOTS_LOGIN	Robots.txt tarafından engellendi	login_blocked_but_hides_product	308_login_next_to_product		en	shop_pdp	market-reyonlari	eq-lale-eq34		True	False	https://equsto.com/en/login.html?next=/en/shop/market-reyonlari/eq-lale-eq34	2026-09-09
P0_RECOVER_PRODUCT	COMMERCE_LEAK_ROBOTS_LOGIN	Robots.txt tarafından engellendi	login_blocked_but_hides_product	308_login_next_to_product	high	en	shop_pdp	tezgah	7911-14070-14	/en/shop/tezgah/7911-14070-14	True	True	https://equsto.com/en/login.html?next=/en/shop/tezgah/7911-14070-14	2026-09-09
P0_RECOVER_PRODUCT	COMMERCE_LEAK_ROBOTS_LOGIN	Robots.txt tarafından engellendi	login_blocked_but_hides_product	308_login_next_to_product	high	en	shop_pdp	hazirlik	208-603464	/en/shop/hazirlik/208-603464	True	True	https://equsto.com/en/login?next=/en/shop/hazirlik/208-603464	2026-09-09
P0_RECOVER_PRODUCT	COMMERCE_LEAK_ROBOTS_LOGIN	Robots.txt tarafından engellendi	login_blocked_but_hides_product	308_login_next_to_product	high	en	shop_pdp	tezgah	ino-krn190	/en/shop/tezgah/ino-krn190	True	True	https://equsto.com/en/login.html?next=/en/shop/tezgah/ino-krn190	2026-09-09
P0_RECOVER_PRODUCT	COMMERCE_LEAK_ROBOTS_LOGIN	Robots.txt tarafından engellendi	login_blocked_but_hides_product	308_login_next_to_product	high	en	shop_pdp	dolap	7911-19070-48	/en/shop/tezgah/7911-19070-48	True	True	https://equsto.com/en/login.html?next=/en/shop/dolap/7911-19070-48	2026-09-09
P0_RECOVER_PRODUCT	COMMERCE_LEAK_ROBOTS_LOGIN	Robots.txt tarafından engellendi	login_blocked_but_hides_product	308_login_next_to_product	high	en	shop_pdp	market-reyonlari	eq-lion-retrobanco-eq3	/en/shop/market-reyonlari/eq-lion-retrobanco-eq3	True	False	https://equsto.com/en/login?mode=register&next=/en/shop/market-reyonlari/eq-lion-retrobanco-eq3	2026-09-09
P0_RECOVER_PRODUCT	COMMERCE_LEAK_ROBOTS_LOGIN	Robots.txt tarafından engellendi	login_blocked_but_hides_product	308_login_next_to_product	high	en	shop_pdp	pisirme	7961-04929-5o1	/en/shop/yikama/7961-04929-5o1	True	True	https://equsto.com/en/login.html?next=/en/shop/pisirme/7961-04929-5o1	2026-09-09
P0_RECOVER_PRODUCT	COMMERCE_LEAK_ROBOTS_LOGIN	Robots.txt tarafından engellendi	login_blocked_but_hides_product	308_login_next_to_product	high	en	shop_pdp	tezgah	eq-kptt01-16070	/en/shop/tezgah/eq-kptt01-16070	True	True	https://equsto.com/en/login.html?next=/en/shop/tezgah/eq-kptt01-16070	2026-09-09
P0_RECOVER_PRODUCT	COMMERCE_LEAK_ROBOTS_LOGIN	Robots.txt tarafından engellendi	login_blocked_but_hides_product	308_login_next_to_product	high	en	shop_pdp	tezgah	7911-12060-09	/en/shop/tezgah/7911-12060-09	True	True	https://equsto.com/en/login.html?next=/en/shop/tezgah/7911-12060-09	2026-09-09
P0_RECOVER_PRODUCT	COMMERCE_LEAK_ROBOTS_LOGIN	Robots.txt tarafından engellendi	login_blocked_but_hides_product	308_login_next_to_product	high	en	shop_pdp	set-ustu-mutfak	vbl-813e	/en/shop/set-ustu-mutfak/vbl-813e	True	True	https://equsto.com/en/login?mode=register&next=/en/shop/set-ustu-mutfak/vbl-813e	2026-09-09
P0_RECOVER_PRODUCT	COMMERCE_LEAK_ROBOTS_LOGIN	Robots.txt tarafından engellendi	login_blocked_but_hides_product	308_login_next_to_product	high	en	shop_pdp	tezgah	eq-khct02-16070	/en/shop/tezgah/eq-khct02-16070	True	True	https://equsto.com/en/login?mode=register&next=/en/shop/tezgah/eq-khct02-16070	2026-09-09
P0_RECOVER_PRODUCT	COMMERCE_LEAK_ROBOTS_LOGIN	Robots.txt tarafından engellendi	login_blocked_but_hides_product	308_login_next_to_product	high	en	shop_pdp	sogutma	bre-cb640ahc	/en/shop/sogutma/bre-cb640ahc	True	True	https://equsto.com/en/login?mode=register&next=/en/shop/sogutma/bre-cb640ahc	2026-09-09
P0_RECOVER_PRODUCT	COMMERCE_LEAK_ROBOTS_LOGIN	Robots.txt tarafından engellendi	login_blocked_but_hides_product	308_login_next_to_product		en	shop_pdp	marka	unox		True	False	https://equsto.com/en/login?mode=register&next=/en/shop/marka/unox	2026-09-09
P0_RECOVER_PRODUCT	COMMERCE_LEAK_ROBOTS_LOGIN	Robots.txt tarafından engellendi	login_blocked_but_hides_product	308_login_next_to_product	high	en	shop_pdp	tezgah	7911-16060-35	/en/shop/tezgah/7911-16060-35	True	True	https://equsto.com/en/login.html?next=/en/shop/tezgah/7911-16060-35	2026-09-09
P0_RECOVER_PRODUCT	COMMERCE_LEAK_ROBOTS_LOGIN	Robots.txt tarafından engellendi	login_blocked_but_hides_product	308_login_next_to_product	high	en	shop_pdp	pisirme	9890-icpro10-1e	/en/shop/pisirme/9890-icpro10-1e	True	True	https://equsto.com/en/login.html?next=/en/shop/pisirme/9890-icpro10-1e	2026-09-09
P0_RECOVER_PRODUCT	COMMERCE_LEAK_ROBOTS_LOGIN	Robots.txt tarafından engellendi	login_blocked_but_hides_product	308_login_next_to_product	high	en	shop_pdp	set-ustu-mutfak	0213-11010-01	/en/shop/set-ustu-mutfak/0213-11010-01	True	True	https://equsto.com/en/login?mode=register&next=/en/shop/set-ustu-mutfak/0213-11010-01	2026-09-09
P0_RECOVER_PRODUCT	COMMERCE_LEAK_ROBOTS_LOGIN	Robots.txt tarafından engellendi	login_blocked_but_hides_product	308_login_next_to_product	high	en	shop_pdp	pisirme	pi6-m17kb	/en/shop/pisirme/pi6-m17kb	True	True	https://equsto.com/en/login.html?next=/en/shop/pisirme/pi6-m17kb	2026-09-09
P0_RECOVER_PRODUCT	COMMERCE_LEAK_ROBOTS_LOGIN	Robots.txt tarafından engellendi	login_blocked_but_hides_product	308_login_next_to_product		tr	shop_pdp	market-reyonlari	eq-lale-eq30		True	False	https://equsto.com/en/login?next=/shop/market-reyonlari/eq-lale-eq30	2026-09-09
P0_RECOVER_PRODUCT	COMMERCE_LEAK_ROBOTS_LOGIN	Robots.txt tarafından engellendi	login_blocked_but_hides_product	308_login_next_to_product	high	en	shop_pdp	tezgah	7911-12070-20	/en/shop/tezgah/7911-12070-20	True	True	https://equsto.com/en/login.html?next=/en/shop/tezgah/7911-12070-20	2026-09-09
P0_RECOVER_PRODUCT	COMMERCE_LEAK_ROBOTS_LOGIN	Robots.txt tarafından engellendi	login_blocked_but_hides_product	308_login_next_to_product	high	en	shop_pdp	pisirme	aeo-473-2k	/en/shop/pisirme/aeo-473-2k	True	True	https://equsto.com/en/login.html?next=/en/shop/pisirme/aeo-473-2k	2026-09-09
P0_RECOVER_PRODUCT	COMMERCE_LEAK_ROBOTS_LOGIN	Robots.txt tarafından engellendi	login_blocked_but_hides_product	308_login_next_to_product	high	en	shop_pdp	market-reyonlari	eq-falcon-eq171	/en/shop/market-reyonlari/eq-falcon-eq171	True	True	https://equsto.com/en/login?mode=register&next=/en/shop/market-reyonlari/eq-falcon-eq171	2026-09-09
P0_RECOVER_PRODUCT	COMMERCE_LEAK_ROBOTS_LOGIN	Robots.txt tarafından engellendi	login_blocked_but_hides_product	308_login_next_to_product		en	shop_pdp	market-reyonlari	eq-lale-eq22		True	False	https://equsto.com/en/login?mode=register&next=/en/shop/market-reyonlari/eq-lale-eq22	2026-09-09
P0_RECOVER_PRODUCT	COMMERCE_LEAK_ROBOTS_LOGIN	Robots.txt tarafından engellendi	login_blocked_but_hides_product	308_login_next_to_product	high	en	shop_pdp	tezgah	7911-16070-48	/en/shop/tezgah/7911-16070-48	True	True	https://equsto.com/en/login.html?next=/en/shop/tezgah/7911-16070-48	2026-09-09
P0_RECOVER_PRODUCT	COMMERCE_LEAK_ROBOTS_LOGIN	Robots.txt tarafından engellendi	login_blocked_but_hides_product	308_login_next_to_product		en	shop_pdp	market-reyonlari	eq-nergis-tp-eq38		True	False	https://equsto.com/en/login.html?next=/en/shop/market-reyonlari/eq-nergis-tp-eq38	2026-09-09
P0_RECOVER_PRODUCT	COMMERCE_LEAK_ROBOTS_LOGIN	Robots.txt tarafından engellendi	login_blocked_but_hides_product	308_login_next_to_product	high	en	shop_pdp	pisirme	pts04-manuel	/en/shop/pisirme/pts04-manuel	True	True	https://equsto.com/en/login?mode=register&next=/en/shop/pisirme/pts04-manuel	2026-09-09
P0_RECOVER_PRODUCT	COMMERCE_LEAK_ROBOTS_LOGIN	Robots.txt tarafından engellendi	login_blocked_but_hides_product	308_login_next_to_product		tr	shop_pdp	market-reyonlari	eq-fulya-hf-tp-eq3		True	False	https://equsto.com/en/login?next=/shop/market-reyonlari/eq-fulya-hf-tp-eq3	2026-09-09
P0_RECOVER_PRODUCT	COMMERCE_LEAK_ROBOTS_LOGIN	Robots.txt tarafından engellendi	login_blocked_but_hides_product	308_login_next_to_product	high	en	shop_pdp	market-reyonlari	eq-lion-tgd-eq7	/en/shop/market-reyonlari/eq-lion-tgd-eq7	True	True	https://equsto.com/en/login?mode=register&next=/en/shop/market-reyonlari/eq-lion-tgd-eq7	2026-09-09
P0_RECOVER_PRODUCT	COMMERCE_LEAK_ROBOTS_LOGIN	Robots.txt tarafından engellendi	login_blocked_but_hides_product	308_login_next_to_product	high	en	shop_pdp	pisirme	ino-zmd-7fe10s-s	/en/shop/pisirme/ino-zmd-7fe10s-s	True	True	https://equsto.com/en/login?mode=register&next=/en/shop/pisirme/ino-zmd-7fe10s-s	2026-09-09
P0_RECOVER_PRODUCT	COMMERCE_LEAK_ROBOTS_LOGIN	Robots.txt tarafından engellendi	login_blocked_but_hides_product	308_login_next_to_product	high	en	shop_pdp	pisirme	eagi-460-n	/en/shop/pisirme/eagi-460-n	True	True	https://equsto.com/en/login.html?next=/en/shop/pisirme/eagi-460-n	2026-09-09
P0_RECOVER_PRODUCT	COMMERCE_LEAK_ROBOTS_LOGIN	Robots.txt tarafından engellendi	login_blocked_but_hides_product	308_login_next_to_product	high	en	shop_pdp	pisirme	ino-pdg400	/en/shop/pisirme/ino-pdg400	True	True	https://equsto.com/en/login?mode=register&next=/en/shop/pisirme/ino-pdg400	2026-09-09
P0_RECOVER_PRODUCT	COMMERCE_LEAK_ROBOTS_LOGIN	Robots.txt tarafından engellendi	login_blocked_but_hides_product	308_login_next_to_product	high	en	shop_pdp	pisirme	npicco222-1	/en/shop/pisirme/npicco222-1	True	True	https://equsto.com/en/login?mode=register&next=/en/shop/pisirme/npicco222-1	2026-09-09
P0_RECOVER_PRODUCT	COMMERCE_LEAK_ROBOTS_LOGIN	Robots.txt tarafından engellendi	login_blocked_but_hides_product	308_login_next_to_product	high	en	shop_pdp	sogutma	79e4-27lmv-02	/en/shop/sogutma/79e4-27lmv-02	True	True	https://equsto.com/en/login.html?next=/en/shop/sogutma/79e4-27lmv-02	2026-09-09
P0_RECOVER_PRODUCT	COMMERCE_LEAK_ROBOTS_LOGIN	Robots.txt tarafından engellendi	login_blocked_but_hides_product	308_login_next_to_product	high	en	shop_pdp	pisirme	spr56	/en/shop/pisirme/spr56	True	True	https://equsto.com/en/login?mode=register&next=/en/shop/pisirme/spr56	2026-09-09
P0_RECOVER_PRODUCT	COMMERCE_LEAK_ROBOTS_LOGIN	Robots.txt tarafından engellendi	login_blocked_but_hides_product	308_login_next_to_product	high	en	shop_pdp	tezgah	7712-14090-01	/en/shop/tezgah/7712-14090-01	True	True	https://equsto.com/en/login?mode=register&next=/en/shop/tezgah/7712-14090-01	2026-09-09
P0_RECOVER_PRODUCT	COMMERCE_LEAK_ROBOTS_LOGIN	Robots.txt tarafından engellendi	login_blocked_but_hides_product	308_login_next_to_product	high	en	shop_pdp	davlumbaz	7885-35125-11	/en/shop/davlumbaz/7885-35125-11	True	True	https://equsto.com/en/login.html?next=/en/shop/davlumbaz/7885-35125-11	2026-09-09
P0_RECOVER_PRODUCT	COMMERCE_LEAK_ROBOTS_LOGIN	Robots.txt tarafından engellendi	login_blocked_but_hides_product	308_login_next_to_product	high	en	shop_pdp	tezgah	7754-187cb-25	/en/shop/tezgah/7754-187cb-25	True	True	https://equsto.com/en/login.html?next=/en/shop/tezgah/7754-187cb-25	2026-09-09
P0_RECOVER_PRODUCT	COMMERCE_LEAK_ROBOTS_LOGIN	Robots.txt tarafından engellendi	login_blocked_but_hides_product	308_login_next_to_product		en	shop_pdp	market-reyonlari	eq-fulya-nv-fg-eq5		True	False	https://equsto.com/en/login.html?next=/en/shop/market-reyonlari/eq-fulya-nv-fg-eq5	2026-09-09
P0_RECOVER_PRODUCT	COMMERCE_LEAK_ROBOTS_LOGIN	Robots.txt tarafından engellendi	login_blocked_but_hides_product	308_login_next_to_product	high	en	shop_pdp	pisirme	7960-09429-5o3	/en/shop/yikama/7960-09429-5o3	True	True	https://equsto.com/en/login?mode=register&next=/en/shop/pisirme/7960-09429-5o3	2026-09-09
P0_RECOVER_PRODUCT	COMMERCE_LEAK_ROBOTS_LOGIN	Robots.txt tarafından engellendi	login_blocked_but_hides_product	308_login_next_to_product	high	en	shop_pdp	tezgah	7758-126e8-27	/en/shop/tezgah/7758-126e8-27	True	True	https://equsto.com/en/login?mode=register&next=/en/shop/tezgah/7758-126e8-27	2026-09-09
P0_RECOVER_PRODUCT	COMMERCE_LEAK_ROBOTS_LOGIN	Robots.txt tarafından engellendi	login_blocked_but_hides_product	308_login_next_to_product	high	en	shop_pdp	tezgah	7911-19070-22m	/en/shop/tezgah/7911-19070-22m	True	True	https://equsto.com/en/login?mode=register&next=/en/shop/tezgah/7911-19070-22m	2026-09-09
P0_RECOVER_PRODUCT	COMMERCE_LEAK_ROBOTS_LOGIN	Robots.txt tarafından engellendi	login_blocked_but_hides_product	308_login_next_to_product	high	en	shop_pdp	pisirme	pts06-manuel	/en/shop/pisirme/pts06-manuel	True	True	https://equsto.com/en/login?mode=register&next=/en/shop/pisirme/pts06-manuel	2026-09-09
P0_RECOVER_PRODUCT	COMMERCE_LEAK_ROBOTS_LOGIN	Robots.txt tarafından engellendi	login_blocked_but_hides_product	308_login_next_to_product	high	en	shop_pdp	tasima	av14-orta-boy-pizza-cantasi	/en/shop/tasima/av14-orta-boy-pizza-cantasi	True	True	https://equsto.com/en/login?mode=register&next=/en/shop/tasima/av14-orta-boy-pizza-cantasi	2026-09-09
P0_RECOVER_PRODUCT	COMMERCE_LEAK_ROBOTS_LOGIN	Robots.txt tarafından engellendi	login_blocked_but_hides_product	308_login_next_to_product	high	en	shop_pdp	tasima	av14-orta-boy-pizza-cantasi	/en/shop/tasima/av14-orta-boy-pizza-cantasi	True	True	https://equsto.com/en/login.html?next=/en/shop/tasima/av14-orta-boy-pizza-cantasi	2026-09-09
P0_RECOVER_PRODUCT	COMMERCE_LEAK_ROBOTS_LOGIN	Robots.txt tarafından engellendi	login_blocked_but_hides_product	308_login_next_to_product	high	en	shop_pdp	tezgah	ino-gt07	/en/shop/tezgah/ino-gt07	True	True	https://equsto.com/en/login?mode=register&next=/en/shop/tezgah/ino-gt07	2026-09-09
P0_RECOVER_PRODUCT	COMMERCE_LEAK_ROBOTS_LOGIN	Robots.txt tarafından engellendi	login_blocked_but_hides_product	308_login_next_to_product	high	en	shop_pdp	istif	53-x-152-x-183-304	/en/shop/istif/53-x-152-x-183-304	True	True	https://equsto.com/en/login.html?next=/en/shop/istif/53-x-152-x-183-304	2026-09-09
P0_RECOVER_PRODUCT	COMMERCE_LEAK_ROBOTS_LOGIN	Robots.txt tarafından engellendi	login_blocked_but_hides_product	308_login_next_to_product	high	en	shop_pdp	tezgah	ino-gt07	/en/shop/tezgah/ino-gt07	True	True	https://equsto.com/en/login.html?next=/en/shop/tezgah/ino-gt07	2026-09-09
P0_RECOVER_PRODUCT	COMMERCE_LEAK_ROBOTS_LOGIN	Robots.txt tarafından engellendi	login_blocked_but_hides_product	308_login_next_to_product		en	shop_pdp	market-reyonlari	eq-nergis-tp-eq2		True	False	https://equsto.com/en/login.html?next=/en/shop/market-reyonlari/eq-nergis-tp-eq2	2026-09-09
P0_RECOVER_PRODUCT	COMMERCE_LEAK_ROBOTS_LOGIN	Robots.txt tarafından engellendi	login_blocked_but_hides_product	308_login_next_to_product	high	en	shop_pdp	pisirme	9890-iccls62-g0	/en/shop/pisirme/9890-iccls62-g0	True	True	https://equsto.com/en/login?mode=register&next=/en/shop/pisirme/9890-iccls62-g0	2026-09-09
P0_RECOVER_PRODUCT	COMMERCE_LEAK_ROBOTS_LOGIN	Robots.txt tarafından engellendi	login_blocked_but_hides_product	308_login_next_to_product	high	en	shop_pdp	pisirme	ino-9mg20	/en/shop/pisirme/ino-9mg20	True	True	https://equsto.com/en/login.html?next=/en/shop/pisirme/ino-9mg20	2026-09-09
P0_RECOVER_PRODUCT	COMMERCE_LEAK_ROBOTS_LOGIN	Robots.txt tarafından engellendi	login_blocked_but_hides_product	308_login_next_to_product		en	shop_pdp	sogutma	portabianco-tezgah-tip-mix-dort-kapili-buzdolabi		True	False	https://equsto.com/en/login.html?next=/en/shop/sogutma/portabianco-tezgah-tip-mix-dort-kapili-buzdolabi	2026-09-09
P0_RECOVER_PRODUCT	COMMERCE_LEAK_ROBOTS_LOGIN	Robots.txt tarafından engellendi	login_blocked_but_hides_product	308_login_next_to_product	high	en	shop_pdp	tezgah	7911-16070-20	/en/shop/tezgah/7911-16070-20	True	True	https://equsto.com/en/login.html?next=/en/shop/tezgah/7911-16070-20	2026-09-09
P0_RECOVER_PRODUCT	COMMERCE_LEAK_ROBOTS_LOGIN	Robots.txt tarafından engellendi	login_blocked_but_hides_product	308_login_next_to_product		en	shop_pdp	market-reyonlari	eq-fulya-nv-fg-eq15		True	False	https://equsto.com/en/login.html?next=/en/shop/market-reyonlari/eq-fulya-nv-fg-eq15	2026-09-09
P0_RECOVER_PRODUCT	COMMERCE_LEAK_ROBOTS_LOGIN	Robots.txt tarafından engellendi	login_blocked_but_hides_product	308_login_next_to_product	high	en	shop_pdp	pisirme	spr16-1	/en/shop/pisirme/spr16-1	True	True	https://equsto.com/en/login?mode=register&next=/en/shop/pisirme/spr16-1	2026-09-09
P0_RECOVER_PRODUCT	COMMERCE_LEAK_ROBOTS_LOGIN	Robots.txt tarafından engellendi	login_blocked_but_hides_product	308_login_next_to_product	high	tr	shop_pdp	sogutma	sbhkg-3n70e	/shop/sogutma/sbhkg-3n70e	True	True	https://equsto.com/en/login?next=/shop/sogutma/sbhkg-3n70e	2026-09-09
P0_RECOVER_PRODUCT	COMMERCE_LEAK_ROBOTS_LOGIN	Robots.txt tarafından engellendi	login_blocked_but_hides_product	308_login_next_to_product		en	shop_pdp	market-reyonlari	eq-nergis-lb-fg-eq25		True	False	https://equsto.com/en/login?mode=register&next=/en/shop/market-reyonlari/eq-nergis-lb-fg-eq25	2026-09-09
P0_RECOVER_PRODUCT	COMMERCE_LEAK_ROBOTS_LOGIN	Robots.txt tarafından engellendi	login_blocked_but_hides_product	308_login_next_to_product		en	shop_pdp	market-reyonlari	eq-papatya-hf-eq3		True	False	https://equsto.com/en/login.html?next=/en/shop/market-reyonlari/eq-papatya-hf-eq3	2026-09-09
P0_RECOVER_PRODUCT	COMMERCE_LEAK_ROBOTS_LOGIN	Robots.txt tarafından engellendi	login_blocked_but_hides_product	308_login_next_to_product	high	en	shop_pdp	pisirme	7850-n1-58575-70	/en/shop/pisirme/7850-n1-58575-70	True	True	https://equsto.com/en/login.html?next=/en/shop/pisirme/7850-n1-58575-70	2026-09-09
P0_RECOVER_PRODUCT	COMMERCE_LEAK_ROBOTS_LOGIN	Robots.txt tarafından engellendi	login_blocked_but_hides_product	308_login_next_to_product	high	en	shop_pdp	tezgah	7758-107c8-15	/en/shop/tezgah/7758-107c8-15	True	True	https://equsto.com/en/login.html?next=/en/shop/tezgah/7758-107c8-15	2026-09-09
P0_RECOVER_PRODUCT	COMMERCE_LEAK_ROBOTS_LOGIN	Robots.txt tarafından engellendi	login_blocked_but_hides_product	308_login_next_to_product		en	shop_pdp	market-reyonlari	eq-nergis-tp-sky-eq6		True	False	https://equsto.com/en/login?mode=register&next=/en/shop/market-reyonlari/eq-nergis-tp-sky-eq6	2026-09-09
P0_RECOVER_PRODUCT	COMMERCE_LEAK_ROBOTS_LOGIN	Robots.txt tarafından engellendi	login_blocked_but_hides_product	308_login_next_to_product	high	en	shop_pdp	tezgah	7897-10030-30	/en/shop/tezgah/7897-10030-30	True	True	https://equsto.com/en/login?mode=register&next=/en/shop/tezgah/7897-10030-30	2026-09-09
P0_RECOVER_PRODUCT	COMMERCE_LEAK_ROBOTS_LOGIN	Robots.txt tarafından engellendi	login_blocked_but_hides_product	308_login_next_to_product	high	en	shop_pdp	pisirme	7864-n1-40703-03	/en/shop/pisirme/7864-n1-40703-03	True	True	https://equsto.com/en/login?mode=register&next=/en/shop/pisirme/7864-n1-40703-03	2026-09-09
P0_RECOVER_PRODUCT	COMMERCE_LEAK_ROBOTS_LOGIN	Robots.txt tarafından engellendi	login_blocked_but_hides_product	308_login_next_to_product	high	en	shop_pdp	istif	61-x-107-x-183-304	/en/shop/istif/61-x-107-x-183-304	True	True	https://equsto.com/en/login.html?next=/en/shop/istif/61-x-107-x-183-304	2026-09-09
P0_RECOVER_PRODUCT	COMMERCE_LEAK_ROBOTS_LOGIN	Robots.txt tarafından engellendi	login_blocked_but_hides_product	308_login_next_to_product	high	en	shop_pdp	tezgah	7758-166a5-25	/en/shop/tezgah/7758-166a5-25	True	True	https://equsto.com/en/login?mode=register&next=/en/shop/tezgah/7758-166a5-25	2026-09-09
P0_RECOVER_PRODUCT	COMMERCE_LEAK_ROBOTS_LOGIN	Robots.txt tarafından engellendi	login_blocked_but_hides_product	308_login_next_to_product	high	en	shop_pdp	sogutma	118-sds1010-dc2yf-s	/en/shop/sogutma/118-sds1010-dc2yf-s	True	True	https://equsto.com/en/login.html?next=/en/shop/sogutma/118-sds1010-dc2yf-s	2026-09-09
P0_RECOVER_PRODUCT	COMMERCE_LEAK_ROBOTS_LOGIN	Robots.txt tarafından engellendi	login_blocked_but_hides_product	308_login_next_to_product	high	en	shop_pdp	market-reyonlari	eq-falcon-eq80	/en/shop/market-reyonlari/eq-falcon-eq80	True	True	https://equsto.com/en/login?mode=register&next=/en/shop/market-reyonlari/eq-falcon-eq80	2026-09-09
P0_RECOVER_PRODUCT	COMMERCE_LEAK_ROBOTS_LOGIN	Robots.txt tarafından engellendi	login_blocked_but_hides_product	308_login_next_to_product	high	en	shop_pdp	tezgah	eq-kmertt04-09070	/en/shop/tezgah/eq-kmertt04-09070	True	True	https://equsto.com/en/login?mode=register&next=/en/shop/tezgah/eq-kmertt04-09070	2026-09-09
P0_RECOVER_PRODUCT	COMMERCE_LEAK_ROBOTS_LOGIN	Robots.txt tarafından engellendi	login_blocked_but_hides_product	308_login_next_to_product	high	en	shop_pdp	sogutma	bre-vb250ahc	/en/shop/sogutma/bre-vb250ahc	True	True	https://equsto.com/en/login.html?next=/en/shop/sogutma/bre-vb250ahc	2026-09-09
P0_RECOVER_PRODUCT	COMMERCE_LEAK_ROBOTS_LOGIN	Robots.txt tarafından engellendi	login_blocked_but_hides_product	308_login_next_to_product	high	en	shop_pdp	tezgah	7911-16060-23p	/en/shop/tezgah/7911-16060-23p	True	True	https://equsto.com/en/login?mode=register&next=/en/shop/tezgah/7911-16060-23p	2026-09-09
P0_RECOVER_PRODUCT	COMMERCE_LEAK_ROBOTS_LOGIN	Robots.txt tarafından engellendi	login_blocked_but_hides_product	308_login_next_to_product	high	en	shop_pdp	pisirme	7961-20629-1y4	/en/shop/yikama/7961-20629-1y4	True	True	https://equsto.com/en/login.html?next=/en/shop/pisirme/7961-20629-1y4	2026-09-09
P0_RECOVER_PRODUCT	COMMERCE_LEAK_ROBOTS_LOGIN	Robots.txt tarafından engellendi	login_blocked_but_hides_product	308_login_next_to_product	high	en	shop_pdp	tezgah	7758-186e5-23	/en/shop/tezgah/7758-186e5-23	True	True	https://equsto.com/en/login.html?next=/en/shop/tezgah/7758-186e5-23	2026-09-09
P0_RECOVER_PRODUCT	COMMERCE_LEAK_ROBOTS_LOGIN	Robots.txt tarafından engellendi	login_blocked_but_hides_product	308_login_next_to_product	high	en	shop_pdp	tezgah	7876-n1-40705-10	/en/shop/tezgah/7876-n1-40705-10	True	True	https://equsto.com/en/login?mode=register&next=/en/shop/tezgah/7876-n1-40705-10	2026-09-09
P0_RECOVER_PRODUCT	COMMERCE_LEAK_ROBOTS_LOGIN	Robots.txt tarafından engellendi	login_blocked_but_hides_product	308_login_next_to_product	high	en	shop_pdp	yikama	ino-byk360r-k70dhr	/en/shop/yikama/ino-byk360r-k70dhr	True	True	https://equsto.com/en/login?mode=register&next=/en/shop/yikama/ino-byk360r-k70dhr	2026-09-09
P0_RECOVER_PRODUCT	COMMERCE_LEAK_ROBOTS_LOGIN	Robots.txt tarafından engellendi	login_blocked_but_hides_product	308_login_next_to_product	high	en	shop_pdp	tezgah	7911-16060-31p	/en/shop/tezgah/7911-16060-31p	True	True	https://equsto.com/en/login.html?next=/en/shop/tezgah/7911-16060-31p	2026-09-09
P0_RECOVER_PRODUCT	COMMERCE_LEAK_ROBOTS_LOGIN	Robots.txt tarafından engellendi	login_blocked_but_hides_product	308_login_next_to_product	high	en	shop_pdp	tezgah	7876-n1-40705-00	/en/shop/tezgah/7876-n1-40705-00	True	True	https://equsto.com/en/login.html?next=/en/shop/tezgah/7876-n1-40705-00	2026-09-09
P0_RECOVER_PRODUCT	COMMERCE_LEAK_ROBOTS_LOGIN	Robots.txt tarafından engellendi	login_blocked_but_hides_product	308_login_next_to_product	high	en	shop_pdp	hazirlik	2810-60040-00	/en/shop/hazirlik/2810-60040-00	True	True	https://equsto.com/en/login?mode=register&next=/en/shop/hazirlik/2810-60040-00	2026-09-09
P0_RECOVER_PRODUCT	COMMERCE_LEAK_ROBOTS_LOGIN	Robots.txt tarafından engellendi	login_blocked_but_hides_product	308_login_next_to_product	high	en	shop_pdp	hazirlik	208-650165-c13sx	/en/shop/hazirlik/208-650165-c13sx	True	True	https://equsto.com/en/login?mode=register&next=/en/shop/hazirlik/208-650165-c13sx	2026-09-09
P0_RECOVER_PRODUCT	COMMERCE_LEAK_ROBOTS_LOGIN	Robots.txt tarafından engellendi	login_blocked_but_hides_product	308_login_next_to_product	high	en	shop_pdp	istif	53-x-137-x-183-304l	/en/shop/istif/53-x-137-x-183-304l	True	True	https://equsto.com/en/login?mode=register&next=/en/shop/istif/53-x-137-x-183-304l	2026-09-09
P0_RECOVER_PRODUCT	COMMERCE_LEAK_ROBOTS_LOGIN	Robots.txt tarafından engellendi	login_blocked_but_hides_product	308_login_next_to_product	high	en	shop_pdp	kahve	197-9580-e98a2-wh	/en/shop/kahve/197-9580-e98a2-wh	True	True	https://equsto.com/en/login?mode=register&next=/en/shop/kahve/197-9580-e98a2-wh	2026-09-09
P0_RECOVER_PRODUCT	COMMERCE_LEAK_ROBOTS_LOGIN	Robots.txt tarafından engellendi	login_blocked_but_hides_product	308_login_next_to_product	high	en	shop_pdp	market-reyonlari	eq-lion-sld-eq10	/en/shop/market-reyonlari/eq-lion-sld-eq10	True	True	https://equsto.com/en/login?mode=register&next=/en/shop/market-reyonlari/eq-lion-sld-eq10	2026-09-09
P0_RECOVER_PRODUCT	COMMERCE_LEAK_ROBOTS_LOGIN	Robots.txt tarafından engellendi	login_blocked_but_hides_product	308_login_next_to_product	high	en	shop_pdp	pisirme	eagi-460-n	/en/shop/pisirme/eagi-460-n	True	True	https://equsto.com/en/login?mode=register&next=/en/shop/pisirme/eagi-460-n	2026-09-09
P0_RECOVER_PRODUCT	COMMERCE_LEAK_ROBOTS_LOGIN	Robots.txt tarafından engellendi	login_blocked_but_hides_product	308_login_next_to_product	high	en	shop_pdp	sogutma	118-ssc-1500	/en/shop/sogutma/118-ssc-1500	True	True	https://equsto.com/en/login?mode=register&next=/en/shop/sogutma/118-ssc-1500	2026-09-09
P0_RECOVER_PRODUCT	COMMERCE_LEAK_ROBOTS_LOGIN	Robots.txt tarafından engellendi	login_blocked_but_hides_product	308_login_next_to_product	high	en	shop_pdp	icecek	118-lt-16	/en/shop/icecek/118-lt-16	True	True	https://equsto.com/en/login.html?next=/en/shop/icecek/118-lt-16	2026-09-09
P0_RECOVER_PRODUCT	COMMERCE_LEAK_ROBOTS_LOGIN	Robots.txt tarafından engellendi	login_blocked_but_hides_product	308_login_next_to_product	high	en	shop_pdp	tezgah	7754-247d8-23	/en/shop/tezgah/7754-247d8-23	True	True	https://equsto.com/en/login?mode=register&next=/en/shop/tezgah/7754-247d8-23	2026-09-09
P0_RECOVER_PRODUCT	COMMERCE_LEAK_ROBOTS_LOGIN	Robots.txt tarafından engellendi	login_blocked_but_hides_product	308_login_next_to_product	high	en	shop_pdp	tezgah	7758-246e8-41	/en/shop/tezgah/7758-246e8-41	True	True	https://equsto.com/en/login?mode=register&next=/en/shop/tezgah/7758-246e8-41	2026-09-09
P0_RECOVER_PRODUCT	COMMERCE_LEAK_ROBOTS_LOGIN	Robots.txt tarafından engellendi	login_blocked_but_hides_product	308_login_next_to_product	high	en	shop_pdp	tezgah	7897-14030-30	/en/shop/tezgah/7897-14030-30	True	True	https://equsto.com/en/login?mode=register&next=/en/shop/tezgah/7897-14030-30	2026-09-09
P0_RECOVER_PRODUCT	COMMERCE_LEAK_ROBOTS_LOGIN	Robots.txt tarafından engellendi	login_blocked_but_hides_product	308_login_next_to_product		en	shop_pdp	market-reyonlari	eq-orkide-eq4		True	False	https://equsto.com/en/login?mode=register&next=/en/shop/market-reyonlari/eq-orkide-eq4	2026-09-09
P0_RECOVER_PRODUCT	COMMERCE_LEAK_ROBOTS_LOGIN	Robots.txt tarafından engellendi	login_blocked_but_hides_product	308_login_next_to_product	high	en	shop_pdp	tezgah	7911-19060-21a	/en/shop/tezgah/7911-19060-21a	True	True	https://equsto.com/en/login?mode=register&next=/en/shop/tezgah/7911-19060-21a	2026-09-09
P0_RECOVER_PRODUCT	COMMERCE_LEAK_ROBOTS_LOGIN	Robots.txt tarafından engellendi	login_blocked_but_hides_product	308_login_next_to_product	high	en	shop_pdp	pisirme	aeo-873-2k	/en/shop/pisirme/aeo-873-2k	True	True	https://equsto.com/en/login?mode=register&next=/en/shop/pisirme/aeo-873-2k	2026-09-09
P0_RECOVER_PRODUCT	COMMERCE_LEAK_ROBOTS_LOGIN	Robots.txt tarafından engellendi	login_blocked_but_hides_product	308_login_next_to_product	high	en	shop_pdp	hazirlik	bkt	/en/shop/hazirlik/bkt	True	True	https://equsto.com/en/login.html?next=/en/shop/hazirlik/bkt	2026-09-09
P0_RECOVER_PRODUCT	COMMERCE_LEAK_ROBOTS_LOGIN	Robots.txt tarafından engellendi	login_blocked_but_hides_product	308_login_next_to_product	high	en	shop_pdp	pisirme	aeo-873-2k	/en/shop/pisirme/aeo-873-2k	True	True	https://equsto.com/en/login.html?next=/en/shop/pisirme/aeo-873-2k	2026-09-09
P0_RECOVER_PRODUCT	COMMERCE_LEAK_ROBOTS_LOGIN	Robots.txt tarafından engellendi	login_blocked_but_hides_product	308_login_next_to_product		en	shop_pdp	market-reyonlari	eq-fulya-hf-tp-sky-eq24		True	False	https://equsto.com/en/login.html?next=/en/shop/market-reyonlari/eq-fulya-hf-tp-sky-eq24	2026-09-09
P0_RECOVER_PRODUCT	COMMERCE_LEAK_ROBOTS_LOGIN	Robots.txt tarafından engellendi	login_blocked_but_hides_product	308_login_next_to_product	high	en	shop_pdp	pisirme	pi4-m011b	/en/shop/pisirme/pi4-m011b	True	True	https://equsto.com/en/login?mode=register&next=/en/shop/pisirme/pi4-m011b	2026-09-09
P0_RECOVER_PRODUCT	COMMERCE_LEAK_ROBOTS_LOGIN	Robots.txt tarafından engellendi	login_blocked_but_hides_product	308_login_next_to_product	high	en	shop_pdp	istif	ino-idp126	/en/shop/istif/ino-idp126	True	True	https://equsto.com/en/login.html?next=/en/shop/istif/ino-idp126	2026-09-09
P0_RECOVER_PRODUCT	COMMERCE_LEAK_ROBOTS_LOGIN	Robots.txt tarafından engellendi	login_blocked_but_hides_product	308_login_next_to_product	high	en	shop_pdp	pisirme	eaef-460	/en/shop/pisirme/eaef-460	True	True	https://equsto.com/en/login?mode=register&next=/en/shop/pisirme/eaef-460	2026-09-09
P0_RECOVER_PRODUCT	COMMERCE_LEAK_ROBOTS_LOGIN	Robots.txt tarafından engellendi	login_blocked_but_hides_product	308_login_next_to_product	high	en	shop_pdp	pisirme	7961-11829-5o3	/en/shop/yikama/7961-11829-5o3	True	True	https://equsto.com/en/login?mode=register&next=/en/shop/pisirme/7961-11829-5o3	2026-09-09
P0_RECOVER_PRODUCT	COMMERCE_LEAK_ROBOTS_LOGIN	Robots.txt tarafından engellendi	login_blocked_but_hides_product	308_login_next_to_product	high	en	shop_pdp	hazirlik	8820-uhm10-mn	/en/shop/hazirlik/8820-uhm10-mn	True	True	https://equsto.com/en/login.html?next=/en/shop/hazirlik/8820-uhm10-mn	2026-09-09
P0_RECOVER_PRODUCT	COMMERCE_LEAK_ROBOTS_LOGIN	Robots.txt tarafından engellendi	login_blocked_but_hides_product	308_login_next_to_product	high	en	shop_pdp	set-ustu-mutfak	0312-00023-10	/en/shop/set-ustu-mutfak/0312-00023-10	True	True	https://equsto.com/en/login.html?next=/en/shop/set-ustu-mutfak/0312-00023-10	2026-09-09
P0_RECOVER_PRODUCT	COMMERCE_LEAK_ROBOTS_LOGIN	Robots.txt tarafından engellendi	login_blocked_but_hides_product	308_login_next_to_product	high	en	shop_pdp	icecek	8574-cm120-00	/en/shop/icecek/8574-cm120-00	True	True	https://equsto.com/en/login?mode=register&next=/en/shop/icecek/8574-cm120-00	2026-09-09
P0_RECOVER_PRODUCT	COMMERCE_LEAK_ROBOTS_LOGIN	Robots.txt tarafından engellendi	login_blocked_but_hides_product	308_login_next_to_product	high	en	shop_pdp	sogutma	bre-tm450ahc	/en/shop/sogutma/bre-tm450ahc	True	True	https://equsto.com/en/login?mode=register&next=/en/shop/sogutma/bre-tm450ahc	2026-09-09
P0_RECOVER_PRODUCT	COMMERCE_LEAK_ROBOTS_LOGIN	Robots.txt tarafından engellendi	login_blocked_but_hides_product	308_login_next_to_product	high	en	shop_pdp	pisirme	7960-16229-5o3	/en/shop/yikama/7960-16229-5o3	True	True	https://equsto.com/en/login?mode=register&next=/en/shop/pisirme/7960-16229-5o3	2026-09-09
P0_RECOVER_PRODUCT	COMMERCE_LEAK_ROBOTS_LOGIN	Robots.txt tarafından engellendi	login_blocked_but_hides_product	308_login_next_to_product	high	en	shop_pdp	sogutma	pzag-280	/en/shop/sogutma/pzag-280	True	True	https://equsto.com/en/login?mode=register&next=/en/shop/sogutma/pzag-280	2026-09-09
P0_RECOVER_PRODUCT	COMMERCE_LEAK_ROBOTS_LOGIN	Robots.txt tarafından engellendi	login_blocked_but_hides_product	308_login_next_to_product	high	en	shop_pdp	market-reyonlari	eq-falcon-sld-eq21	/en/shop/market-reyonlari/eq-falcon-sld-eq21	True	True	https://equsto.com/en/login?mode=register&next=/en/shop/market-reyonlari/eq-falcon-sld-eq21	2026-09-09
P0_RECOVER_PRODUCT	COMMERCE_LEAK_ROBOTS_LOGIN	Robots.txt tarafından engellendi	login_blocked_but_hides_product	308_login_next_to_product	high	en	shop_pdp	tezgah	ino-krn070c	/en/shop/tezgah/ino-krn070c	True	True	https://equsto.com/en/login?mode=register&next=/en/shop/tezgah/ino-krn070c	2026-09-09
P0_RECOVER_PRODUCT	COMMERCE_LEAK_ROBOTS_LOGIN	Robots.txt tarafından engellendi	login_blocked_but_hides_product	308_login_next_to_product	high	en	shop_pdp	tasima	7911-07070-12k	/en/shop/tasima/7911-07070-12k	True	False	https://equsto.com/en/login?mode=register&next=/en/shop/tasima/7911-07070-12k	2026-09-09
P0_RECOVER_PRODUCT	COMMERCE_LEAK_ROBOTS_LOGIN	Robots.txt tarafından engellendi	login_blocked_but_hides_product	308_login_next_to_product	high	en	shop_pdp	yikama	7771-14080-00	/en/shop/yikama/7771-14080-00	True	True	https://equsto.com/en/login?mode=register&next=/en/shop/yikama/7771-14080-00	2026-09-09
P0_RECOVER_PRODUCT	COMMERCE_LEAK_ROBOTS_LOGIN	Robots.txt tarafından engellendi	login_blocked_but_hides_product	308_login_next_to_product	high	en	shop_pdp	pisirme	371091	/en/shop/pisirme/371091	True	True	https://equsto.com/en/login?mode=register&next=/en/shop/pisirme/371091	2026-09-09
P0_RECOVER_PRODUCT	COMMERCE_LEAK_ROBOTS_LOGIN	Robots.txt tarafından engellendi	login_blocked_but_hides_product	308_login_next_to_product	high	en	shop_pdp	pisirme	371291	/en/shop/pisirme/371291	True	True	https://equsto.com/en/login.html?next=/en/shop/pisirme/371291	2026-09-09
P0_RECOVER_PRODUCT	COMMERCE_LEAK_ROBOTS_LOGIN	Robots.txt tarafından engellendi	login_blocked_but_hides_product	308_login_next_to_product	high	en	shop_pdp	pisirme	371291	/en/shop/pisirme/371291	True	True	https://equsto.com/en/login?mode=register&next=/en/shop/pisirme/371291	2026-09-09
P0_RECOVER_PRODUCT	COMMERCE_LEAK_ROBOTS_LOGIN	Robots.txt tarafından engellendi	login_blocked_but_hides_product	308_login_next_to_product	high	en	shop_pdp	tasima	7912-19070-a1	/en/shop/tasima/7912-19070-a1	True	True	https://equsto.com/en/login.html?next=/en/shop/tasima/7912-19070-a1	2026-09-09
P0_RECOVER_PRODUCT	COMMERCE_LEAK_ROBOTS_LOGIN	Robots.txt tarafından engellendi	login_blocked_but_hides_product	308_login_next_to_product	high	en	shop_pdp	tezgah	7758-187cb-25	/en/shop/tezgah/7758-187cb-25	True	True	https://equsto.com/en/login.html?next=/en/shop/tezgah/7758-187cb-25	2026-09-09
P0_RECOVER_PRODUCT	COMMERCE_LEAK_ROBOTS_LOGIN	Robots.txt tarafından engellendi	login_blocked_but_hides_product	308_login_next_to_product	high	en	shop_pdp	istif	8897-15ip4-07	/en/shop/istif/8897-15ip4-07	True	True	https://equsto.com/en/login?mode=register&next=/en/shop/istif/8897-15ip4-07	2026-09-09
P0_RECOVER_PRODUCT	COMMERCE_LEAK_ROBOTS_LOGIN	Robots.txt tarafından engellendi	login_blocked_but_hides_product	308_login_next_to_product	high	en	shop_pdp	pisirme	spr110-2	/en/shop/pisirme/spr110-2	True	True	https://equsto.com/en/login.html?next=/en/shop/pisirme/spr110-2	2026-09-09
P0_RECOVER_PRODUCT	COMMERCE_LEAK_ROBOTS_LOGIN	Robots.txt tarafından engellendi	login_blocked_but_hides_product	308_login_next_to_product		en	shop_pdp	market-reyonlari	eq-yasemin-cl-eq1		True	False	https://equsto.com/en/login?mode=register&next=/en/shop/market-reyonlari/eq-yasemin-cl-eq1	2026-09-09
P0_RECOVER_PRODUCT	COMMERCE_LEAK_ROBOTS_LOGIN	Robots.txt tarafından engellendi	login_blocked_but_hides_product	308_login_next_to_product	high	en	shop_pdp	pisirme	7960-09429-1y5	/en/shop/yikama/7960-09429-1y5	True	True	https://equsto.com/en/login.html?next=/en/shop/pisirme/7960-09429-1y5	2026-09-09
P0_RECOVER_PRODUCT	COMMERCE_LEAK_ROBOTS_LOGIN	Robots.txt tarafından engellendi	login_blocked_but_hides_product	308_login_next_to_product	high	en	shop_pdp	pisirme	371296	/en/shop/pisirme/371296	True	True	https://equsto.com/en/login?mode=register&next=/en/shop/pisirme/371296	2026-09-09
P0_RECOVER_PRODUCT	COMMERCE_LEAK_ROBOTS_LOGIN	Robots.txt tarafından engellendi	login_blocked_but_hides_product	308_login_next_to_product	high	en	shop_pdp	tasima	7912-15078-30a	/en/shop/tasima/7912-15078-30a	True	True	https://equsto.com/en/login.html?next=/en/shop/tasima/7912-15078-30a	2026-09-09
P0_RECOVER_PRODUCT	COMMERCE_LEAK_ROBOTS_LOGIN	Robots.txt tarafından engellendi	login_blocked_but_hides_product	308_login_next_to_product	high	en	shop_pdp	set-ustu-mutfak	vkb-300	/en/shop/set-ustu-mutfak/vkb-300	True	True	https://equsto.com/en/login?mode=register&next=/en/shop/set-ustu-mutfak/vkb-300	2026-09-09
P0_RECOVER_PRODUCT	COMMERCE_LEAK_ROBOTS_LOGIN	Robots.txt tarafından engellendi	login_blocked_but_hides_product	308_login_next_to_product	high	en	shop_pdp	market-reyonlari	be1-m037-5s	/en/shop/market-reyonlari/be1-m037-5s	True	True	https://equsto.com/en/login.html?next=/en/shop/market-reyonlari/be1-m037-5s	2026-09-09
P0_RECOVER_PRODUCT	COMMERCE_LEAK_ROBOTS_LOGIN	Robots.txt tarafından engellendi	login_blocked_but_hides_product	308_login_next_to_product	high	en	shop_pdp	hazirlik	9810-mp800-ul	/en/shop/hazirlik/9810-mp800-ul	True	True	https://equsto.com/en/login?mode=register&next=/en/shop/hazirlik/9810-mp800-ul	2026-09-09
P0_RECOVER_PRODUCT	COMMERCE_LEAK_ROBOTS_LOGIN	Robots.txt tarafından engellendi	login_blocked_but_hides_product	308_login_next_to_product	high	en	shop_pdp	hazirlik	9810-mp800-ul	/en/shop/hazirlik/9810-mp800-ul	True	True	https://equsto.com/en/login.html?next=/en/shop/hazirlik/9810-mp800-ul	2026-09-09
P0_RECOVER_PRODUCT	COMMERCE_LEAK_ROBOTS_LOGIN	Robots.txt tarafından engellendi	login_blocked_but_hides_product	308_login_next_to_product	high	en	shop_pdp	pisirme	ino-zmd-7zg20s	/en/shop/pisirme/ino-zmd-7zg20s	True	True	https://equsto.com/en/login?mode=register&next=/en/shop/pisirme/ino-zmd-7zg20s	2026-09-09
P0_RECOVER_PRODUCT	COMMERCE_LEAK_ROBOTS_LOGIN	Robots.txt tarafından engellendi	login_blocked_but_hides_product	308_login_next_to_product	high	en	shop_pdp	hazirlik	208-600093	/en/shop/hazirlik/208-600093	True	True	https://equsto.com/en/login?mode=register&next=/en/shop/hazirlik/208-600093	2026-09-09
P0_RECOVER_PRODUCT	COMMERCE_LEAK_ROBOTS_LOGIN	Robots.txt tarafından engellendi	login_blocked_but_hides_product	308_login_next_to_product	high	en	shop_pdp	dolap	7911-09060-00	/en/shop/tezgah/7911-09060-00	True	True	https://equsto.com/en/login.html?next=/en/shop/dolap/7911-09060-00	2026-09-09
P0_RECOVER_PRODUCT	COMMERCE_LEAK_ROBOTS_LOGIN	Robots.txt tarafından engellendi	login_blocked_but_hides_product	308_login_next_to_product		en	shop_pdp	market-reyonlari	eq-lotus-lb-eq37		True	False	https://equsto.com/en/login?mode=register&next=/en/shop/market-reyonlari/eq-lotus-lb-eq37	2026-09-09
P0_RECOVER_PRODUCT	COMMERCE_LEAK_ROBOTS_LOGIN	Robots.txt tarafından engellendi	login_blocked_but_hides_product	308_login_next_to_product	high	en	shop_pdp	yikama	07cl-0010k-bf	/en/shop/yikama/07cl-0010k-bf	True	True	https://equsto.com/en/login.html?next=/en/shop/yikama/07cl-0010k-bf	2026-09-09
P0_RECOVER_PRODUCT	COMMERCE_LEAK_ROBOTS_LOGIN	Robots.txt tarafından engellendi	login_blocked_but_hides_product	308_login_next_to_product		en	shop_pdp	sogutma	portabianco-tezgah-tip-mix-iki-kapili-buzdolabi		True	False	https://equsto.com/en/login.html?next=/en/shop/sogutma/portabianco-tezgah-tip-mix-iki-kapili-buzdolabi	2026-09-09
P0_RECOVER_PRODUCT	COMMERCE_LEAK_ROBOTS_LOGIN	Robots.txt tarafından engellendi	login_blocked_but_hides_product	308_login_next_to_product	high	en	shop_pdp	set-ustu-mutfak	0312-00023-10	/en/shop/set-ustu-mutfak/0312-00023-10	True	True	https://equsto.com/en/login?mode=register&next=/en/shop/set-ustu-mutfak/0312-00023-10	2026-09-09
P0_RECOVER_PRODUCT	COMMERCE_LEAK_ROBOTS_LOGIN	Robots.txt tarafından engellendi	login_blocked_but_hides_product	308_login_next_to_product	high	en	shop_pdp	tezgah	7876-16060-00	/en/shop/tezgah/7876-16060-00	True	True	https://equsto.com/en/login?mode=register&next=/en/shop/tezgah/7876-16060-00	2026-09-09
P0_RECOVER_PRODUCT	COMMERCE_LEAK_ROBOTS_LOGIN	Robots.txt tarafından engellendi	login_blocked_but_hides_product	308_login_next_to_product	high	en	shop_pdp	set-ustu-mutfak	0314-14100-01	/en/shop/set-ustu-mutfak/0314-14100-01	True	True	https://equsto.com/en/login?mode=register&next=/en/shop/set-ustu-mutfak/0314-14100-01	2026-09-09
P0_RECOVER_PRODUCT	COMMERCE_LEAK_ROBOTS_LOGIN	Robots.txt tarafından engellendi	login_blocked_but_hides_product	308_login_next_to_product	high	en	shop_pdp	set-ustu-mutfak	0752-02424-01	/en/shop/set-ustu-mutfak/0752-02424-01	True	True	https://equsto.com/en/login?mode=register&next=/en/shop/set-ustu-mutfak/0752-02424-01	2026-09-09
P0_RECOVER_PRODUCT	COMMERCE_LEAK_ROBOTS_LOGIN	Robots.txt tarafından engellendi	login_blocked_but_hides_product	308_login_next_to_product	high	en	shop_pdp	tezgah	7911-12070-20	/en/shop/tezgah/7911-12070-20	True	True	https://equsto.com/en/login?mode=register&next=/en/shop/tezgah/7911-12070-20	2026-09-09
P0_RECOVER_PRODUCT	COMMERCE_LEAK_ROBOTS_LOGIN	Robots.txt tarafından engellendi	login_blocked_but_hides_product	308_login_next_to_product	high	en	shop_pdp	pisirme	spr16-3	/en/shop/pisirme/spr16-3	True	True	https://equsto.com/en/login.html?next=/en/shop/pisirme/spr16-3	2026-09-09
P0_RECOVER_PRODUCT	COMMERCE_LEAK_ROBOTS_LOGIN	Robots.txt tarafından engellendi	login_blocked_but_hides_product	308_login_next_to_product	high	en	shop_pdp	sogutma	118-dp-250	/en/shop/sogutma/118-dp-250	True	True	https://equsto.com/en/login.html?next=/en/shop/sogutma/118-dp-250	2026-09-09
P0_RECOVER_PRODUCT	COMMERCE_LEAK_ROBOTS_LOGIN	Robots.txt tarafından engellendi	login_blocked_but_hides_product	308_login_next_to_product	high	en	shop_pdp	set-ustu-mutfak	0311-14040-10	/en/shop/set-ustu-mutfak/0311-14040-10	True	True	https://equsto.com/en/login?mode=register&next=/en/shop/set-ustu-mutfak/0311-14040-10	2026-09-09
P0_RECOVER_PRODUCT	COMMERCE_LEAK_ROBOTS_LOGIN	Robots.txt tarafından engellendi	login_blocked_but_hides_product	308_login_next_to_product	high	en	shop_pdp	pisirme	eagi-1060	/en/shop/pisirme/eagi-1060	True	True	https://equsto.com/en/login?mode=register&next=/en/shop/pisirme/eagi-1060	2026-09-09
P0_RECOVER_PRODUCT	COMMERCE_LEAK_ROBOTS_LOGIN	Robots.txt tarafından engellendi	login_blocked_but_hides_product	308_login_next_to_product		en	shop_pdp	market-reyonlari	eq-fulya-hf-pn-eq10		True	False	https://equsto.com/en/login.html?next=/en/shop/market-reyonlari/eq-fulya-hf-pn-eq10	2026-09-09
P0_RECOVER_PRODUCT	COMMERCE_LEAK_ROBOTS_LOGIN	Robots.txt tarafından engellendi	login_blocked_but_hides_product	308_login_next_to_product	high	en	shop_pdp	set-ustu-mutfak	0311-12100-21	/en/shop/set-ustu-mutfak/0311-12100-21	True	True	https://equsto.com/en/login.html?next=/en/shop/set-ustu-mutfak/0311-12100-21	2026-09-09
P0_RECOVER_PRODUCT	COMMERCE_LEAK_ROBOTS_LOGIN	Robots.txt tarafından engellendi	login_blocked_but_hides_product	308_login_next_to_product	high	en	shop_pdp	tezgah	7758-187cb-25	/en/shop/tezgah/7758-187cb-25	True	True	https://equsto.com/en/login?mode=register&next=/en/shop/tezgah/7758-187cb-25	2026-09-09
P0_RECOVER_PRODUCT	COMMERCE_LEAK_ROBOTS_LOGIN	Robots.txt tarafından engellendi	login_blocked_but_hides_product	308_login_next_to_product		en	shop_pdp	market-reyonlari	eq-gardenya-eq15		True	False	https://equsto.com/en/login.html?next=/en/shop/market-reyonlari/eq-gardenya-eq15	2026-09-09
P0_RECOVER_PRODUCT	COMMERCE_LEAK_ROBOTS_LOGIN	Robots.txt tarafından engellendi	login_blocked_but_hides_product	308_login_next_to_product	high	en	shop_pdp	yikama	07cl-0010k-bf	/en/shop/yikama/07cl-0010k-bf	True	True	https://equsto.com/en/login?mode=register&next=/en/shop/yikama/07cl-0010k-bf	2026-09-09
P0_RECOVER_PRODUCT	COMMERCE_LEAK_ROBOTS_LOGIN	Robots.txt tarafından engellendi	login_blocked_but_hides_product	308_login_next_to_product		en	shop_pdp	market-reyonlari	eq-fulya-hf-pn-eq10		True	False	https://equsto.com/en/login?mode=register&next=/en/shop/market-reyonlari/eq-fulya-hf-pn-eq10	2026-09-09
P0_RECOVER_PRODUCT	COMMERCE_LEAK_ROBOTS_LOGIN	Robots.txt tarafından engellendi	login_blocked_but_hides_product	308_login_next_to_product	high	en	shop_pdp	tasima	7999-10015-80	/en/shop/tasima/7999-10015-80	True	True	https://equsto.com/en/login?mode=register&next=/en/shop/tasima/7999-10015-80	2026-09-09
P0_RECOVER_PRODUCT	COMMERCE_LEAK_ROBOTS_LOGIN	Robots.txt tarafından engellendi	login_blocked_but_hides_product	308_login_next_to_product	high	en	shop_pdp	tezgah	7911-12070-24	/en/shop/tezgah/7911-12070-24	True	True	https://equsto.com/en/login.html?next=/en/shop/tezgah/7911-12070-24	2026-09-09
P0_RECOVER_PRODUCT	COMMERCE_LEAK_ROBOTS_LOGIN	Robots.txt tarafından engellendi	login_blocked_but_hides_product	308_login_next_to_product	high	en	shop_pdp	pisirme	7960-09429-5o2	/en/shop/yikama/7960-09429-5o2	True	True	https://equsto.com/en/login?mode=register&next=/en/shop/pisirme/7960-09429-5o2	2026-09-09
P0_RECOVER_PRODUCT	COMMERCE_LEAK_ROBOTS_LOGIN	Robots.txt tarafından engellendi	login_blocked_but_hides_product	308_login_next_to_product	high	en	shop_pdp	pisirme	easfe-860f	/en/shop/pisirme/easfe-860f	True	True	https://equsto.com/en/login?mode=register&next=/en/shop/pisirme/easfe-860f	2026-09-09
P0_RECOVER_PRODUCT	COMMERCE_LEAK_ROBOTS_LOGIN	Robots.txt tarafından engellendi	login_blocked_but_hides_product	308_login_next_to_product	high	en	shop_pdp	tezgah	7919-26ntv-c1	/en/shop/tezgah/7919-26ntv-c1	True	True	https://equsto.com/en/login?mode=register&next=/en/shop/tezgah/7919-26ntv-c1	2026-09-09
P0_RECOVER_PRODUCT	COMMERCE_LEAK_ROBOTS_LOGIN	Robots.txt tarafından engellendi	login_blocked_but_hides_product	308_login_next_to_product	high	en	shop_pdp	pisirme	8864-07050-02	/en/shop/pisirme/8864-07050-02	True	True	https://equsto.com/en/login.html?next=/en/shop/pisirme/8864-07050-02	2026-09-09
P0_RECOVER_PRODUCT	COMMERCE_LEAK_ROBOTS_LOGIN	Robots.txt tarafından engellendi	login_blocked_but_hides_product	308_login_next_to_product	high	en	shop_pdp	tezgah	133166	/en/shop/tezgah/133166	True	True	https://equsto.com/en/login?mode=register&next=/en/shop/tezgah/133166	2026-09-09
P0_RECOVER_PRODUCT	COMMERCE_LEAK_ROBOTS_LOGIN	Robots.txt tarafından engellendi	login_blocked_but_hides_product	308_login_next_to_product	high	en	shop_pdp	tezgah	79k4-06lmv-10	/en/shop/tezgah/79k4-06lmv-10	True	True	https://equsto.com/en/login.html?next=/en/shop/tezgah/79k4-06lmv-10	2026-09-09
P0_RECOVER_PRODUCT	COMMERCE_LEAK_ROBOTS_LOGIN	Robots.txt tarafından engellendi	login_blocked_but_hides_product	308_login_next_to_product	high	en	shop_pdp	pisirme	spr20-4	/en/shop/pisirme/spr20-4	True	True	https://equsto.com/en/login?mode=register&next=/en/shop/pisirme/spr20-4	2026-09-09
P0_RECOVER_PRODUCT	COMMERCE_LEAK_ROBOTS_LOGIN	Robots.txt tarafından engellendi	login_blocked_but_hides_product	308_login_next_to_product	high	en	shop_pdp	tezgah	7754-057b8-01	/en/shop/tezgah/7754-057b8-01	True	True	https://equsto.com/en/login.html?next=/en/shop/tezgah/7754-057b8-01	2026-09-09
P0_RECOVER_PRODUCT	COMMERCE_LEAK_ROBOTS_LOGIN	Robots.txt tarafından engellendi	login_blocked_but_hides_product	308_login_next_to_product	high	en	shop_pdp	tezgah	7911-19070-30	/en/shop/tezgah/7911-19070-30	True	True	https://equsto.com/en/login.html?next=/en/shop/tezgah/7911-19070-30	2026-09-09
P0_RECOVER_PRODUCT	COMMERCE_LEAK_ROBOTS_LOGIN	Robots.txt tarafından engellendi	login_blocked_but_hides_product	308_login_next_to_product	high	en	shop_pdp	hazirlik	208-650083-c2sx	/en/shop/hazirlik/208-650083-c2sx	True	True	https://equsto.com/en/login?mode=register&next=/en/shop/hazirlik/208-650083-c2sx	2026-09-09
P0_RECOVER_PRODUCT	COMMERCE_LEAK_ROBOTS_LOGIN	Robots.txt tarafından engellendi	login_blocked_but_hides_product	308_login_next_to_product	high	en	shop_pdp	tezgah	7758-166a5-21	/en/shop/tezgah/7758-166a5-21	True	True	https://equsto.com/en/login?mode=register&next=/en/shop/tezgah/7758-166a5-21	2026-09-09
P0_RECOVER_PRODUCT	COMMERCE_LEAK_ROBOTS_LOGIN	Robots.txt tarafından engellendi	login_blocked_but_hides_product	308_login_next_to_product	high	en	shop_pdp	davlumbaz	7885-45155-12	/en/shop/davlumbaz/7885-45155-12	True	True	https://equsto.com/en/login.html?next=/en/shop/davlumbaz/7885-45155-12	2026-09-09
P0_RECOVER_PRODUCT	COMMERCE_LEAK_ROBOTS_LOGIN	Robots.txt tarafından engellendi	login_blocked_but_hides_product	308_login_next_to_product	high	en	shop_pdp	tezgah	7758-087d8-01	/en/shop/tezgah/7758-087d8-01	True	True	https://equsto.com/en/login.html?next=/en/shop/tezgah/7758-087d8-01	2026-09-09
P0_RECOVER_PRODUCT	COMMERCE_LEAK_ROBOTS_LOGIN	Robots.txt tarafından engellendi	login_blocked_but_hides_product	308_login_next_to_product	high	en	shop_pdp	hazirlik	bha-30	/en/shop/hazirlik/bha-30	True	True	https://equsto.com/en/login?mode=register&next=/en/shop/hazirlik/bha-30	2026-09-09
P0_RECOVER_PRODUCT	COMMERCE_LEAK_ROBOTS_LOGIN	Robots.txt tarafından engellendi	login_blocked_but_hides_product	308_login_next_to_product	high	en	shop_pdp	tezgah	7911-19060-21a	/en/shop/tezgah/7911-19060-21a	True	True	https://equsto.com/en/login.html?next=/en/shop/tezgah/7911-19060-21a	2026-09-09
P0_RECOVER_PRODUCT	COMMERCE_LEAK_ROBOTS_LOGIN	Robots.txt tarafından engellendi	login_blocked_but_hides_product	308_login_next_to_product	high	en	shop_pdp	pisirme	npicco711-1	/en/shop/pisirme/npicco711-1	True	True	https://equsto.com/en/login?mode=register&next=/en/shop/pisirme/npicco711-1	2026-09-09
P0_RECOVER_PRODUCT	COMMERCE_LEAK_ROBOTS_LOGIN	Robots.txt tarafından engellendi	login_blocked_but_hides_product	308_login_next_to_product		en	shop_pdp	market-reyonlari	eq-acelya-eq5		True	False	https://equsto.com/en/login.html?next=/en/shop/market-reyonlari/eq-acelya-eq5	2026-09-09
P0_RECOVER_PRODUCT	COMMERCE_LEAK_ROBOTS_LOGIN	Robots.txt tarafından engellendi	login_blocked_but_hides_product	308_login_next_to_product	high	en	shop_pdp	set-ustu-mutfak	8880-00200-02	/en/shop/set-ustu-mutfak/8880-00200-02	True	True	https://equsto.com/en/login?mode=register&next=/en/shop/set-ustu-mutfak/8880-00200-02	2026-09-09
P0_RECOVER_PRODUCT	COMMERCE_LEAK_ROBOTS_LOGIN	Robots.txt tarafından engellendi	login_blocked_but_hides_product	308_login_next_to_product	high	en	shop_pdp	pisirme	npicco22-3	/en/shop/pisirme/npicco22-3	True	True	https://equsto.com/en/login?mode=register&next=/en/shop/pisirme/npicco22-3	2026-09-09
P0_RECOVER_PRODUCT	COMMERCE_LEAK_ROBOTS_LOGIN	Robots.txt tarafından engellendi	login_blocked_but_hides_product	308_login_next_to_product	high	en	shop_pdp	sogutma	7919-15nts-00	/en/shop/sogutma/7919-15nts-00	True	True	https://equsto.com/en/login?mode=register&next=/en/shop/sogutma/7919-15nts-00	2026-09-09
P0_RECOVER_PRODUCT	COMMERCE_LEAK_ROBOTS_LOGIN	Robots.txt tarafından engellendi	login_blocked_but_hides_product	308_login_next_to_product	high	en	shop_pdp	tezgah	7911-19060-31p	/en/shop/tezgah/7911-19060-31p	True	True	https://equsto.com/en/login.html?next=/en/shop/tezgah/7911-19060-31p	2026-09-09
P0_RECOVER_PRODUCT	COMMERCE_LEAK_ROBOTS_LOGIN	Robots.txt tarafından engellendi	login_blocked_but_hides_product	308_login_next_to_product	high	en	shop_pdp	market-reyonlari	eq-quokka-eq8	/en/shop/market-reyonlari/eq-quokka-eq8	True	True	https://equsto.com/en/login.html?next=/en/shop/market-reyonlari/eq-quokka-eq8	2026-09-09
P0_RECOVER_PRODUCT	COMMERCE_LEAK_ROBOTS_LOGIN	Robots.txt tarafından engellendi	login_blocked_but_hides_product	308_login_next_to_product	high	en	shop_pdp	tezgah	7911-16060-15	/en/shop/tezgah/7911-16060-15	True	True	https://equsto.com/en/login.html?next=/en/shop/tezgah/7911-16060-15	2026-09-09
P0_RECOVER_PRODUCT	COMMERCE_LEAK_ROBOTS_LOGIN	Robots.txt tarafından engellendi	login_blocked_but_hides_product	308_login_next_to_product		en	shop_pdp	market-reyonlari	eq-nergis-lb-tp-sky-eq25		True	False	https://equsto.com/en/login?mode=register&next=/en/shop/market-reyonlari/eq-nergis-lb-tp-sky-eq25	2026-09-09
P0_RECOVER_PRODUCT	COMMERCE_LEAK_ROBOTS_LOGIN	Robots.txt tarafından engellendi	login_blocked_but_hides_product	308_login_next_to_product		en	shop_pdp	market-reyonlari	eq-acelya-eq14		True	False	https://equsto.com/en/login.html?next=/en/shop/market-reyonlari/eq-acelya-eq14	2026-09-09
P0_RECOVER_PRODUCT	COMMERCE_LEAK_ROBOTS_LOGIN	Robots.txt tarafından engellendi	login_blocked_but_hides_product	308_login_next_to_product	high	en	shop_pdp	set-ustu-mutfak	8315-00012-00	/en/shop/set-ustu-mutfak/8315-00012-00	True	True	https://equsto.com/en/login?next=/en/shop/set-ustu-mutfak/8315-00012-00	2026-09-09
P0_RECOVER_PRODUCT	COMMERCE_LEAK_ROBOTS_LOGIN	Robots.txt tarafından engellendi	login_blocked_but_hides_product	308_login_next_to_product	high	en	shop_pdp	pisirme	eagi-660-n	/en/shop/pisirme/eagi-660-n	True	True	https://equsto.com/en/login?mode=register&next=/en/shop/pisirme/eagi-660-n	2026-09-09
P0_RECOVER_PRODUCT	COMMERCE_LEAK_ROBOTS_LOGIN	Robots.txt tarafından engellendi	login_blocked_but_hides_product	308_login_next_to_product	high	en	shop_pdp	davlumbaz	7885-30155-14	/en/shop/davlumbaz/7885-30155-14	True	True	https://equsto.com/en/login.html?next=/en/shop/davlumbaz/7885-30155-14	2026-09-09
P0_RECOVER_PRODUCT	COMMERCE_LEAK_ROBOTS_LOGIN	Robots.txt tarafından engellendi	login_blocked_but_hides_product	308_login_next_to_product	high	en	shop_pdp	davlumbaz	7885-35125-01	/en/shop/davlumbaz/7885-35125-01	True	True	https://equsto.com/en/login?mode=register&next=/en/shop/davlumbaz/7885-35125-01	2026-09-09
P0_RECOVER_PRODUCT	COMMERCE_LEAK_ROBOTS_LOGIN	Robots.txt tarafından engellendi	login_blocked_but_hides_product	308_login_next_to_product	high	en	shop_pdp	pisirme	ino-zmd-7ie22s	/en/shop/pisirme/ino-zmd-7ie22s	True	True	https://equsto.com/en/login.html?next=/en/shop/pisirme/ino-zmd-7ie22s	2026-09-09
P0_RECOVER_PRODUCT	COMMERCE_LEAK_ROBOTS_LOGIN	Robots.txt tarafından engellendi	login_blocked_but_hides_product	308_login_next_to_product	high	en	shop_pdp	pisirme	7960-02929-7y3	/en/shop/yikama/7960-02929-7y3	True	False	https://equsto.com/en/login.html?next=/en/shop/pisirme/7960-02929-7y3	2026-09-09
P0_RECOVER_PRODUCT	COMMERCE_LEAK_ROBOTS_LOGIN	Robots.txt tarafından engellendi	login_blocked_but_hides_product	308_login_next_to_product	high	en	shop_pdp	tezgah	ino-krc210	/en/shop/tezgah/ino-krc210	True	True	https://equsto.com/en/login.html?next=/en/shop/tezgah/ino-krc210	2026-09-09
P0_RECOVER_PRODUCT	COMMERCE_LEAK_ROBOTS_LOGIN	Robots.txt tarafından engellendi	login_blocked_but_hides_product	308_login_next_to_product		en	shop_pdp	tezgah	mr38-1-1804060-10		True	False	https://equsto.com/en/login.html?next=/en/shop/tezgah/mr38-1-1804060-10	2026-09-09
P0_RECOVER_PRODUCT	COMMERCE_LEAK_ROBOTS_LOGIN	Robots.txt tarafından engellendi	login_blocked_but_hides_product	308_login_next_to_product	high	en	shop_pdp	pisirme	spr80-1	/en/shop/pisirme/spr80-1	True	True	https://equsto.com/en/login.html?next=/en/shop/pisirme/spr80-1	2026-09-09
P0_RECOVER_PRODUCT	COMMERCE_LEAK_ROBOTS_LOGIN	Robots.txt tarafından engellendi	login_blocked_but_hides_product	308_login_next_to_product	high	en	shop_pdp	set-ustu-mutfak	0311-23065-11	/en/shop/set-ustu-mutfak/0311-23065-11	True	True	https://equsto.com/en/login.html?next=/en/shop/set-ustu-mutfak/0311-23065-11	2026-09-09
P0_RECOVER_PRODUCT	COMMERCE_LEAK_ROBOTS_LOGIN	Robots.txt tarafından engellendi	login_blocked_but_hides_product	308_login_next_to_product	high	en	shop_pdp	pisirme	ino-7ig32s	/en/shop/pisirme/ino-7ig32s	True	True	https://equsto.com/en/login.html?next=/en/shop/pisirme/ino-7ig32s	2026-09-09
P0_RECOVER_PRODUCT	COMMERCE_LEAK_ROBOTS_LOGIN	Robots.txt tarafından engellendi	login_blocked_but_hides_product	308_login_next_to_product	high	en	shop_pdp	pisirme	adr-c1-5g-gk	/en/shop/pisirme/adr-c1-5g-gk	True	True	https://equsto.com/en/login.html?next=/en/shop/pisirme/adr-c1-5g-gk	2026-09-09
P0_RECOVER_PRODUCT	COMMERCE_LEAK_ROBOTS_LOGIN	Robots.txt tarafından engellendi	login_blocked_but_hides_product	308_login_next_to_product	high	en	shop_pdp	tezgah	7754-147c8-27	/en/shop/tezgah/7754-147c8-27	True	True	https://equsto.com/en/login.html?next=/en/shop/tezgah/7754-147c8-27	2026-09-09
P0_RECOVER_PRODUCT	COMMERCE_LEAK_ROBOTS_LOGIN	Robots.txt tarafından engellendi	login_blocked_but_hides_product	308_login_next_to_product	high	en	shop_pdp	pisirme	eaei-460-ncr	/en/shop/pisirme/eaei-460-ncr	True	True	https://equsto.com/en/login?mode=register&next=/en/shop/pisirme/eaei-460-ncr	2026-09-09
P0_RECOVER_PRODUCT	COMMERCE_LEAK_ROBOTS_LOGIN	Robots.txt tarafından engellendi	login_blocked_but_hides_product	308_login_next_to_product	high	en	shop_pdp	pisirme	7960-11829-7y1	/en/shop/yikama/7960-11829-7y1	True	True	https://equsto.com/en/login?mode=register&next=/en/shop/pisirme/7960-11829-7y1	2026-09-09
P0_RECOVER_PRODUCT	COMMERCE_LEAK_ROBOTS_LOGIN	Robots.txt tarafından engellendi	login_blocked_but_hides_product	308_login_next_to_product	high	en	shop_pdp	tezgah	9868-rtr12-0l	/en/shop/tezgah/9868-rtr12-0l	True	True	https://equsto.com/en/login.html?next=/en/shop/tezgah/9868-rtr12-0l	2026-09-09
P0_RECOVER_PRODUCT	COMMERCE_LEAK_ROBOTS_LOGIN	Robots.txt tarafından engellendi	login_blocked_but_hides_product	308_login_next_to_product	high	en	shop_pdp	hazirlik	208-600141	/en/shop/hazirlik/208-600141	True	True	https://equsto.com/en/login?mode=register&next=/en/shop/hazirlik/208-600141	2026-09-09
P0_RECOVER_PRODUCT	COMMERCE_LEAK_ROBOTS_LOGIN	Robots.txt tarafından engellendi	login_blocked_but_hides_product	308_login_next_to_product	high	en	shop_pdp	tezgah	7911-14060-04	/en/shop/tezgah/7911-14060-04	True	True	https://equsto.com/en/login.html?next=/en/shop/tezgah/7911-14060-04	2026-09-09
P0_RECOVER_PRODUCT	COMMERCE_LEAK_ROBOTS_LOGIN	Robots.txt tarafından engellendi	login_blocked_but_hides_product	308_login_next_to_product	high	en	shop_pdp	pisirme	akte-890	/en/shop/pisirme/akte-890	True	True	https://equsto.com/en/login?next=/en/shop/pisirme/akte-890	2026-09-09
P0_RECOVER_PRODUCT	COMMERCE_LEAK_ROBOTS_LOGIN	Robots.txt tarafından engellendi	login_blocked_but_hides_product	308_login_next_to_product		en	shop_pdp	market-reyonlari	eq-yasemin-nt-eq4		True	False	https://equsto.com/en/login?mode=register&next=/en/shop/market-reyonlari/eq-yasemin-nt-eq4	2026-09-09
P0_RECOVER_PRODUCT	COMMERCE_LEAK_ROBOTS_LOGIN	Robots.txt tarafından engellendi	login_blocked_but_hides_product	308_login_next_to_product	high	en	shop_pdp	tezgah	7911-14070-04	/en/shop/tezgah/7911-14070-04	True	True	https://equsto.com/en/login.html?next=/en/shop/tezgah/7911-14070-04	2026-09-09
P0_RECOVER_PRODUCT	COMMERCE_LEAK_ROBOTS_LOGIN	Robots.txt tarafından engellendi	login_blocked_but_hides_product	308_login_next_to_product	high	en	shop_pdp	tezgah	ino-krg140	/en/shop/tezgah/ino-krg140	True	True	https://equsto.com/en/login?next=/en/shop/tezgah/ino-krg140	2026-09-09
P0_RECOVER_PRODUCT	COMMERCE_LEAK_ROBOTS_LOGIN	Robots.txt tarafından engellendi	login_blocked_but_hides_product	308_login_next_to_product	high	en	shop_pdp	tezgah	7758-146a5-13	/en/shop/tezgah/7758-146a5-13	True	True	https://equsto.com/en/login.html?next=/en/shop/tezgah/7758-146a5-13	2026-09-09
P0_RECOVER_PRODUCT	COMMERCE_LEAK_ROBOTS_LOGIN	Robots.txt tarafından engellendi	login_blocked_but_hides_product	308_login_next_to_product	high	en	shop_pdp	dolap	7754-197d8-25	/en/shop/tezgah/7754-197d8-25	True	True	https://equsto.com/en/login?mode=register&next=/en/shop/dolap/7754-197d8-25	2026-09-09
P0_RECOVER_PRODUCT	COMMERCE_LEAK_ROBOTS_LOGIN	Robots.txt tarafından engellendi	login_blocked_but_hides_product	308_login_next_to_product		en	shop_pdp	market-reyonlari	eq-nergis-lb-tp-sky-eq47		True	False	https://equsto.com/en/login?mode=register&next=/en/shop/market-reyonlari/eq-nergis-lb-tp-sky-eq47	2026-09-09
P0_RECOVER_PRODUCT	COMMERCE_LEAK_ROBOTS_LOGIN	Robots.txt tarafından engellendi	login_blocked_but_hides_product	308_login_next_to_product	high	en	shop_pdp	set-ustu-mutfak	2919-04060-00	/en/shop/set-ustu-mutfak/2919-04060-00	True	True	https://equsto.com/en/login?mode=register&next=/en/shop/set-ustu-mutfak/2919-04060-00	2026-09-09
P0_RECOVER_PRODUCT	COMMERCE_LEAK_ROBOTS_LOGIN	Robots.txt tarafından engellendi	login_blocked_but_hides_product	308_login_next_to_product	high	en	shop_pdp	pisirme	371179	/en/shop/pisirme/371179	True	True	https://equsto.com/en/login?mode=register&next=/en/shop/pisirme/371179	2026-09-09
P0_RECOVER_PRODUCT	COMMERCE_LEAK_ROBOTS_LOGIN	Robots.txt tarafından engellendi	login_blocked_but_hides_product	308_login_next_to_product	high	en	shop_pdp	pisirme	371023	/en/shop/pisirme/371023	True	True	https://equsto.com/en/login?mode=register&next=/en/shop/pisirme/371023	2026-09-09
P0_RECOVER_PRODUCT	COMMERCE_LEAK_ROBOTS_LOGIN	Robots.txt tarafından engellendi	login_blocked_but_hides_product	308_login_next_to_product	high	en	shop_pdp	tezgah	7754-207cb-25	/en/shop/tezgah/7754-207cb-25	True	True	https://equsto.com/en/login?mode=register&next=/en/shop/tezgah/7754-207cb-25	2026-09-09
P0_RECOVER_PRODUCT	COMMERCE_LEAK_ROBOTS_LOGIN	Robots.txt tarafından engellendi	login_blocked_but_hides_product	308_login_next_to_product	high	en	shop_pdp	tezgah	7758-187c5-23	/en/shop/tezgah/7758-187c5-23	True	True	https://equsto.com/en/login.html?next=/en/shop/tezgah/7758-187c5-23	2026-09-09
P0_RECOVER_PRODUCT	COMMERCE_LEAK_ROBOTS_LOGIN	Robots.txt tarafından engellendi	login_blocked_but_hides_product	308_login_next_to_product		en	shop_pdp	market-reyonlari	eq-lotus-eq78		True	False	https://equsto.com/en/login?mode=register&next=/en/shop/market-reyonlari/eq-lotus-eq78	2026-09-09
P0_RECOVER_PRODUCT	COMMERCE_LEAK_ROBOTS_LOGIN	Robots.txt tarafından engellendi	login_blocked_but_hides_product	308_login_next_to_product	high	en	shop_pdp	sogutma	9805-okb88-a0	/en/shop/sogutma/9805-okb88-a0	True	True	https://equsto.com/en/login?mode=register&next=/en/shop/sogutma/9805-okb88-a0	2026-09-09
P0_RECOVER_PRODUCT	COMMERCE_LEAK_ROBOTS_LOGIN	Robots.txt tarafından engellendi	login_blocked_but_hides_product	308_login_next_to_product	high	en	shop_pdp	tezgah	7911-09060-95	/en/shop/tezgah/7911-09060-95	True	True	https://equsto.com/en/login?mode=register&next=/en/shop/tezgah/7911-09060-95	2026-09-09
P0_RECOVER_PRODUCT	COMMERCE_LEAK_ROBOTS_LOGIN	Robots.txt tarafından engellendi	login_blocked_but_hides_product	308_login_next_to_product		en	shop_pdp	market-reyonlari	eq-melisa-eq1		True	False	https://equsto.com/en/login?mode=register&next=/en/shop/market-reyonlari/eq-melisa-eq1	2026-09-09
P0_RECOVER_PRODUCT	COMMERCE_LEAK_ROBOTS_LOGIN	Robots.txt tarafından engellendi	login_blocked_but_hides_product	308_login_next_to_product	high	en	shop_pdp	tezgah	7911-16060-79	/en/shop/tezgah/7911-16060-79	True	True	https://equsto.com/en/login?mode=register&next=/en/shop/tezgah/7911-16060-79	2026-09-09
P0_RECOVER_PRODUCT	COMMERCE_LEAK_ROBOTS_LOGIN	Robots.txt tarafından engellendi	login_blocked_but_hides_product	308_login_next_to_product	high	en	shop_pdp	set-ustu-mutfak	8350-31043-0k	/en/shop/set-ustu-mutfak/8350-31043-0k	True	True	https://equsto.com/en/login?mode=register&next=/en/shop/set-ustu-mutfak/8350-31043-0k	2026-09-09
P0_RECOVER_PRODUCT	COMMERCE_LEAK_ROBOTS_LOGIN	Robots.txt tarafından engellendi	login_blocked_but_hides_product	308_login_next_to_product		en	other		/en/industrial-cooking-equipment		True	False	https://equsto.com/en/login.html?next=/en/industrial-cooking-equipment	2026-09-09
P0_RECOVER_PRODUCT	COMMERCE_LEAK_ROBOTS_LOGIN	Robots.txt tarafından engellendi	login_blocked_but_hides_product	308_login_next_to_product	high	en	shop_pdp	tezgah	7911-16060-94	/en/shop/tezgah/7911-16060-94	True	True	https://equsto.com/en/login.html?next=/en/shop/tezgah/7911-16060-94	2026-09-09
P0_RECOVER_PRODUCT	COMMERCE_LEAK_ROBOTS_LOGIN	Robots.txt tarafından engellendi	login_blocked_but_hides_product	308_login_next_to_product	high	en	shop_pdp	hazirlik	208-650167-as3xx	/en/shop/hazirlik/208-650167-as3xx	True	True	https://equsto.com/en/login.html?next=/en/shop/hazirlik/208-650167-as3xx	2026-09-09
P0_RECOVER_PRODUCT	COMMERCE_LEAK_ROBOTS_LOGIN	Robots.txt tarafından engellendi	login_blocked_but_hides_product	308_login_next_to_product	high	en	shop_pdp	sogutma	710100	/en/shop/sogutma/710100	True	True	https://equsto.com/en/login?mode=register&next=/en/shop/sogutma/710100	2026-09-09
P0_RECOVER_PRODUCT	COMMERCE_LEAK_ROBOTS_LOGIN	Robots.txt tarafından engellendi	login_blocked_but_hides_product	308_login_next_to_product		en	shop_pdp	market-reyonlari	eq-lotus-eq58		True	False	https://equsto.com/en/login.html?next=/en/shop/market-reyonlari/eq-lotus-eq58	2026-09-09
P0_RECOVER_PRODUCT	COMMERCE_LEAK_ROBOTS_LOGIN	Robots.txt tarafından engellendi	login_blocked_but_hides_product	308_login_next_to_product	high	en	shop_pdp	hazirlik	5kgm	/en/shop/hazirlik/5kgm	True	True	https://equsto.com/en/login.html?next=/en/shop/hazirlik/5kgm	2026-09-09
P0_RECOVER_PRODUCT	COMMERCE_LEAK_ROBOTS_LOGIN	Robots.txt tarafından engellendi	login_blocked_but_hides_product	308_login_next_to_product	high	en	shop_pdp	set-ustu-mutfak	0830-00010-00	/en/shop/set-ustu-mutfak/0830-00010-00	True	True	https://equsto.com/en/login?mode=register&next=/en/shop/set-ustu-mutfak/0830-00010-00	2026-09-09
P0_RECOVER_PRODUCT	COMMERCE_LEAK_ROBOTS_LOGIN	Robots.txt tarafından engellendi	login_blocked_but_hides_product	308_login_next_to_product		en	shop_pdp	market-reyonlari	eq-fulya-hf-tp-eq7		True	False	https://equsto.com/en/login.html?next=/en/shop/market-reyonlari/eq-fulya-hf-tp-eq7	2026-09-09
P0_RECOVER_PRODUCT	COMMERCE_LEAK_ROBOTS_LOGIN	Robots.txt tarafından engellendi	login_blocked_but_hides_product	308_login_next_to_product	high	en	shop_pdp	market-reyonlari	eq-lion-sld-eq37	/en/shop/market-reyonlari/eq-lion-sld-eq37	True	True	https://equsto.com/en/login?mode=register&next=/en/shop/market-reyonlari/eq-lion-sld-eq37	2026-09-09
P0_RECOVER_PRODUCT	COMMERCE_LEAK_ROBOTS_LOGIN	Robots.txt tarafından engellendi	login_blocked_but_hides_product	308_login_next_to_product		en	shop_pdp	market-reyonlari	eq-nergis-fg-eq63		True	False	https://equsto.com/en/login.html?next=/en/shop/market-reyonlari/eq-nergis-fg-eq63	2026-09-09
P0_RECOVER_PRODUCT	COMMERCE_LEAK_ROBOTS_LOGIN	Robots.txt tarafından engellendi	login_blocked_but_hides_product	308_login_next_to_product	high	en	shop_pdp	hazirlik	208-650164-c10wx	/en/shop/hazirlik/208-650164-c10wx	True	True	https://equsto.com/en/login?mode=register&next=/en/shop/hazirlik/208-650164-c10wx	2026-09-09
P0_RECOVER_PRODUCT	COMMERCE_LEAK_ROBOTS_LOGIN	Robots.txt tarafından engellendi	login_blocked_but_hides_product	308_login_next_to_product	high	en	shop_pdp	tezgah	7911-14070-85	/en/shop/tezgah/7911-14070-85	True	True	https://equsto.com/en/login.html?next=/en/shop/tezgah/7911-14070-85	2026-09-09
P0_RECOVER_PRODUCT	COMMERCE_LEAK_ROBOTS_LOGIN	Robots.txt tarafından engellendi	login_blocked_but_hides_product	308_login_next_to_product	high	en	shop_pdp	sogutma	bre-bin350	/en/shop/sogutma/bre-bin350	True	True	https://equsto.com/en/login?mode=register&next=/en/shop/sogutma/bre-bin350	2026-09-09
P0_RECOVER_PRODUCT	COMMERCE_LEAK_ROBOTS_LOGIN	Robots.txt tarafından engellendi	login_blocked_but_hides_product	308_login_next_to_product	high	en	shop_pdp	sogutma	pzag-280	/en/shop/sogutma/pzag-280	True	True	https://equsto.com/en/login.html?next=/en/shop/sogutma/pzag-280	2026-09-09
P0_RECOVER_PRODUCT	COMMERCE_LEAK_ROBOTS_LOGIN	Robots.txt tarafından engellendi	login_blocked_but_hides_product	308_login_next_to_product	high	en	shop_pdp	yikama	118-t-02	/en/shop/yikama/118-t-02	True	True	https://equsto.com/en/login?mode=register&next=/en/shop/yikama/118-t-02	2026-09-09
P0_RECOVER_PRODUCT	COMMERCE_LEAK_ROBOTS_LOGIN	Robots.txt tarafından engellendi	login_blocked_but_hides_product	308_login_next_to_product	high	en	shop_pdp	sogutma	118-ada-210t	/en/shop/sogutma/118-ada-210t	True	True	https://equsto.com/en/login?mode=register&next=/en/shop/sogutma/118-ada-210t	2026-09-09
P0_RECOVER_PRODUCT	COMMERCE_LEAK_ROBOTS_LOGIN	Robots.txt tarafından engellendi	login_blocked_but_hides_product	308_login_next_to_product		en	shop_pdp	market-reyonlari	eq-lotus-eq90		True	False	https://equsto.com/en/login.html?next=/en/shop/market-reyonlari/eq-lotus-eq90	2026-09-09
P0_RECOVER_PRODUCT	COMMERCE_LEAK_ROBOTS_LOGIN	Robots.txt tarafından engellendi	login_blocked_but_hides_product	308_login_next_to_product	high	en	shop_pdp	tezgah	7911-12060-79	/en/shop/tezgah/7911-12060-79	True	True	https://equsto.com/en/login?next=/en/shop/tezgah/7911-12060-79	2026-09-09
P0_RECOVER_PRODUCT	COMMERCE_LEAK_ROBOTS_LOGIN	Robots.txt tarafından engellendi	login_blocked_but_hides_product	308_login_next_to_product	high	en	shop_pdp	tezgah	133076	/en/shop/tezgah/133076	True	True	https://equsto.com/en/login?mode=register&next=/en/shop/tezgah/133076	2026-09-09
P0_RECOVER_PRODUCT	COMMERCE_LEAK_ROBOTS_LOGIN	Robots.txt tarafından engellendi	login_blocked_but_hides_product	308_login_next_to_product	high	en	shop_pdp	tezgah	133076	/en/shop/tezgah/133076	True	True	https://equsto.com/en/login.html?next=/en/shop/tezgah/133076	2026-09-09
P0_RECOVER_PRODUCT	COMMERCE_LEAK_ROBOTS_LOGIN	Robots.txt tarafından engellendi	login_blocked_but_hides_product	308_login_next_to_product	high	en	shop_pdp	sogutma	9805-ofb16-5a	/en/shop/sogutma/9805-ofb16-5a	True	True	https://equsto.com/en/login?mode=register&next=/en/shop/sogutma/9805-ofb16-5a	2026-09-09
P0_RECOVER_PRODUCT	COMMERCE_LEAK_ROBOTS_LOGIN	Robots.txt tarafından engellendi	login_blocked_but_hides_product	308_login_next_to_product	high	en	shop_pdp	hazirlik	2810-00060-14	/en/shop/hazirlik/2810-00060-14	True	True	https://equsto.com/en/login?mode=register&next=/en/shop/hazirlik/2810-00060-14	2026-09-09
P0_RECOVER_PRODUCT	COMMERCE_LEAK_ROBOTS_LOGIN	Robots.txt tarafından engellendi	login_blocked_but_hides_product	308_login_next_to_product		en	shop_pdp	market-reyonlari	eq-nergis-lb-lm-eq1		True	False	https://equsto.com/en/login?mode=register&next=/en/shop/market-reyonlari/eq-nergis-lb-lm-eq1	2026-09-09
P0_RECOVER_PRODUCT	COMMERCE_LEAK_ROBOTS_LOGIN	Robots.txt tarafından engellendi	login_blocked_but_hides_product	308_login_next_to_product	high	en	shop_pdp	tezgah	7876-14060-00	/en/shop/tezgah/7876-14060-00	True	True	https://equsto.com/en/login?mode=register&next=/en/shop/tezgah/7876-14060-00	2026-09-09
P0_RECOVER_PRODUCT	COMMERCE_LEAK_ROBOTS_LOGIN	Robots.txt tarafından engellendi	login_blocked_but_hides_product	308_login_next_to_product	high	en	shop_pdp	davlumbaz	7885-45155-12	/en/shop/davlumbaz/7885-45155-12	True	True	https://equsto.com/en/login?mode=register&next=/en/shop/davlumbaz/7885-45155-12	2026-09-09
P0_RECOVER_PRODUCT	COMMERCE_LEAK_ROBOTS_LOGIN	Robots.txt tarafından engellendi	login_blocked_but_hides_product	308_login_next_to_product	high	en	shop_pdp	tezgah	eq-kptt05-12070	/en/shop/tezgah/eq-kptt05-12070	True	True	https://equsto.com/en/login?mode=register&next=/en/shop/tezgah/eq-kptt05-12070	2026-09-09
P0_RECOVER_PRODUCT	COMMERCE_LEAK_ROBOTS_LOGIN	Robots.txt tarafından engellendi	login_blocked_but_hides_product	308_login_next_to_product	high	en	shop_pdp	davlumbaz	eq-kdavdtf02-22590	/en/shop/davlumbaz/eq-kdavdtf02-22590	True	True	https://equsto.com/en/login?mode=register&next=/en/shop/davlumbaz/eq-kdavdtf02-22590	2026-09-09
P0_RECOVER_PRODUCT	COMMERCE_LEAK_ROBOTS_LOGIN	Robots.txt tarafından engellendi	login_blocked_but_hides_product	308_login_next_to_product	high	en	shop_pdp	tezgah	7911-06060-94	/en/shop/tezgah/7911-06060-94	True	True	https://equsto.com/en/login.html?next=/en/shop/tezgah/7911-06060-94	2026-09-09
P0_RECOVER_PRODUCT	COMMERCE_LEAK_ROBOTS_LOGIN	Robots.txt tarafından engellendi	login_blocked_but_hides_product	308_login_next_to_product	high	en	shop_pdp	tasima	7370-50505-80	/en/shop/tasima/7370-50505-80	True	True	https://equsto.com/en/login?mode=register&next=/en/shop/tasima/7370-50505-80	2026-09-09
P0_RECOVER_PRODUCT	COMMERCE_LEAK_ROBOTS_LOGIN	Robots.txt tarafından engellendi	login_blocked_but_hides_product	308_login_next_to_product	high	en	shop_pdp	tezgah	7754-066e8-01	/en/shop/tezgah/7754-066e8-01	True	True	https://equsto.com/en/login.html?next=/en/shop/tezgah/7754-066e8-01	2026-09-09
P0_RECOVER_PRODUCT	COMMERCE_LEAK_ROBOTS_LOGIN	Robots.txt tarafından engellendi	login_blocked_but_hides_product	308_login_next_to_product	high	en	shop_pdp	tasima	7912-15894-o0	/en/shop/tasima/7912-15894-o0	True	True	https://equsto.com/en/login?mode=register&next=/en/shop/tasima/7912-15894-o0	2026-09-09
P0_RECOVER_PRODUCT	COMMERCE_LEAK_ROBOTS_LOGIN	Robots.txt tarafından engellendi	login_blocked_but_hides_product	308_login_next_to_product	high	en	shop_pdp	tezgah	7897-14030-07	/en/shop/tezgah/7897-14030-07	True	True	https://equsto.com/en/login.html?next=/en/shop/tezgah/7897-14030-07	2026-09-09
P0_RECOVER_PRODUCT	COMMERCE_LEAK_ROBOTS_LOGIN	Robots.txt tarafından engellendi	login_blocked_but_hides_product	308_login_next_to_product		en	shop_pdp	market-reyonlari	eq-fulya-nv-fg-eq24		True	False	https://equsto.com/en/login.html?next=/en/shop/market-reyonlari/eq-fulya-nv-fg-eq24	2026-09-09
P0_RECOVER_PRODUCT	COMMERCE_LEAK_ROBOTS_LOGIN	Robots.txt tarafından engellendi	login_blocked_but_hides_product	308_login_next_to_product	high	en	shop_pdp	tezgah	7758-247c8-33	/en/shop/tezgah/7758-247c8-33	True	True	https://equsto.com/en/login.html?next=/en/shop/tezgah/7758-247c8-33	2026-09-09
P0_RECOVER_PRODUCT	COMMERCE_LEAK_ROBOTS_LOGIN	Robots.txt tarafından engellendi	login_blocked_but_hides_product	308_login_next_to_product	high	en	shop_pdp	pisirme	spr17-1	/en/shop/pisirme/spr17-1	True	True	https://equsto.com/en/login?mode=register&next=/en/shop/pisirme/spr17-1	2026-09-09
P0_RECOVER_PRODUCT	COMMERCE_LEAK_ROBOTS_LOGIN	Robots.txt tarafından engellendi	login_blocked_but_hides_product	308_login_next_to_product	high	en	shop_pdp	sogutma	7919-cr3520-00	/en/shop/sogutma/7919-cr3520-00	True	True	https://equsto.com/en/login.html?next=/en/shop/sogutma/7919-cr3520-00	2026-09-09
P0_RECOVER_PRODUCT	COMMERCE_LEAK_ROBOTS_LOGIN	Robots.txt tarafından engellendi	login_blocked_but_hides_product	308_login_next_to_product	high	en	shop_pdp	tezgah	7712-14090-01	/en/shop/tezgah/7712-14090-01	True	True	https://equsto.com/en/login.html?next=/en/shop/tezgah/7712-14090-01	2026-09-09
P0_RECOVER_PRODUCT	COMMERCE_LEAK_ROBOTS_LOGIN	Robots.txt tarafından engellendi	login_blocked_but_hides_product	308_login_next_to_product	high	en	shop_pdp	hazirlik	118-ggm-m30	/en/shop/hazirlik/118-ggm-m30	True	True	https://equsto.com/en/login?next=/en/shop/hazirlik/118-ggm-m30	2026-09-09
P0_RECOVER_PRODUCT	COMMERCE_LEAK_ROBOTS_LOGIN	Robots.txt tarafından engellendi	login_blocked_but_hides_product	308_login_next_to_product	high	en	shop_pdp	yikama	0753-45602-10	/en/shop/yikama/0753-45602-10	True	True	https://equsto.com/en/login?mode=register&next=/en/shop/yikama/0753-45602-10	2026-09-09
P0_RECOVER_PRODUCT	COMMERCE_LEAK_ROBOTS_LOGIN	Robots.txt tarafından engellendi	login_blocked_but_hides_product	308_login_next_to_product	high	en	shop_pdp	tasima	8360-00007-08	/en/shop/tasima/8360-00007-08	True	True	https://equsto.com/en/login?mode=register&next=/en/shop/tasima/8360-00007-08	2026-09-09
P0_RECOVER_PRODUCT	COMMERCE_LEAK_ROBOTS_LOGIN	Robots.txt tarafından engellendi	login_blocked_but_hides_product	308_login_next_to_product	high	en	shop_pdp	sogutma	sbt-2n70e	/en/shop/sogutma/sbt-2n70e	True	True	https://equsto.com/en/login?mode=register&next=/en/shop/sogutma/sbt-2n70e	2026-09-09
P0_RECOVER_PRODUCT	COMMERCE_LEAK_ROBOTS_LOGIN	Robots.txt tarafından engellendi	login_blocked_but_hides_product	308_login_next_to_product		en	shop_pdp	market-reyonlari	eq-lotus-lb-eq30		True	False	https://equsto.com/en/login?mode=register&next=/en/shop/market-reyonlari/eq-lotus-lb-eq30	2026-09-09
P0_RECOVER_PRODUCT	COMMERCE_LEAK_ROBOTS_LOGIN	Robots.txt tarafından engellendi	login_blocked_but_hides_product	308_login_next_to_product	high	en	shop_pdp	tezgah	7876-14060-00	/en/shop/tezgah/7876-14060-00	True	True	https://equsto.com/en/login.html?next=/en/shop/tezgah/7876-14060-00	2026-09-09
P0_RECOVER_PRODUCT	COMMERCE_LEAK_ROBOTS_LOGIN	Robots.txt tarafından engellendi	login_blocked_but_hides_product	308_login_next_to_product		en	shop_pdp	market-reyonlari	eq-nergis-lm-eq34		True	False	https://equsto.com/en/login?mode=register&next=/en/shop/market-reyonlari/eq-nergis-lm-eq34	2026-09-09
P0_RECOVER_PRODUCT	COMMERCE_LEAK_ROBOTS_LOGIN	Robots.txt tarafından engellendi	login_blocked_but_hides_product	308_login_next_to_product	high	en	shop_pdp	tezgah	7897-19030-02	/en/shop/tezgah/7897-19030-02	True	True	https://equsto.com/en/login?mode=register&next=/en/shop/tezgah/7897-19030-02	2026-09-09
P0_RECOVER_PRODUCT	COMMERCE_LEAK_ROBOTS_LOGIN	Robots.txt tarafından engellendi	login_blocked_but_hides_product	308_login_next_to_product	high	en	shop_pdp	tezgah	7876-16070-00	/en/shop/tezgah/7876-16070-00	True	True	https://equsto.com/en/login?mode=register&next=/en/shop/tezgah/7876-16070-00	2026-09-09
P0_RECOVER_PRODUCT	COMMERCE_LEAK_ROBOTS_LOGIN	Robots.txt tarafından engellendi	login_blocked_but_hides_product	308_login_next_to_product	high	en	shop_pdp	tezgah	eq-kmertt05-09070	/en/shop/tezgah/eq-kmertt05-09070	True	True	https://equsto.com/en/login.html?next=/en/shop/tezgah/eq-kmertt05-09070	2026-09-09
P0_RECOVER_PRODUCT	COMMERCE_LEAK_ROBOTS_LOGIN	Robots.txt tarafından engellendi	login_blocked_but_hides_product	308_login_next_to_product	high	en	shop_pdp	davlumbaz	7885-55155-10	/en/shop/davlumbaz/7885-55155-10	True	True	https://equsto.com/en/login?mode=register&next=/en/shop/davlumbaz/7885-55155-10	2026-09-09
P0_RECOVER_PRODUCT	COMMERCE_LEAK_ROBOTS_LOGIN	Robots.txt tarafından engellendi	login_blocked_but_hides_product	308_login_next_to_product	high	en	shop_pdp	pisirme	7960-20629-7y1	/en/shop/yikama/7960-20629-7y1	True	True	https://equsto.com/en/login?mode=register&next=/en/shop/pisirme/7960-20629-7y1	2026-09-09
P0_RECOVER_PRODUCT	COMMERCE_LEAK_ROBOTS_LOGIN	Robots.txt tarafından engellendi	login_blocked_but_hides_product	308_login_next_to_product	high	en	shop_pdp	hazirlik	9350-seg18-00t	/en/shop/set-ustu-mutfak/9350-seg18-00t	True	True	https://equsto.com/en/login.html?next=/en/shop/hazirlik/9350-seg18-00t	2026-09-09
P0_RECOVER_PRODUCT	COMMERCE_LEAK_ROBOTS_LOGIN	Robots.txt tarafından engellendi	login_blocked_but_hides_product	308_login_next_to_product		en	shop_pdp	market-reyonlari	eq-nergis-lb-fg-sky-eq9		True	False	https://equsto.com/en/login?mode=register&next=/en/shop/market-reyonlari/eq-nergis-lb-fg-sky-eq9	2026-09-09
P0_RECOVER_PRODUCT	COMMERCE_LEAK_ROBOTS_LOGIN	Robots.txt tarafından engellendi	login_blocked_but_hides_product	308_login_next_to_product	high	en	shop_pdp	tasima	7912-15070-a0	/en/shop/tasima/7912-15070-a0	True	True	https://equsto.com/en/login.html?next=/en/shop/tasima/7912-15070-a0	2026-09-09
P0_RECOVER_PRODUCT	COMMERCE_LEAK_ROBOTS_LOGIN	Robots.txt tarafından engellendi	login_blocked_but_hides_product	308_login_next_to_product	high	en	shop_pdp	market-reyonlari	eq-falcon-plug-in-eq16	/en/shop/market-reyonlari/eq-falcon-plug-in-eq16	True	True	https://equsto.com/en/login.html?next=/en/shop/market-reyonlari/eq-falcon-plug-in-eq16	2026-09-09
P0_RECOVER_PRODUCT	COMMERCE_LEAK_ROBOTS_LOGIN	Robots.txt tarafından engellendi	login_blocked_but_hides_product	308_login_next_to_product	high	en	shop_pdp	pisirme	8890-p6262-02	/en/shop/pisirme/8890-p6262-02	True	True	https://equsto.com/en/login?mode=register&next=/en/shop/pisirme/8890-p6262-02	2026-09-09
P0_RECOVER_PRODUCT	COMMERCE_LEAK_ROBOTS_LOGIN	Robots.txt tarafından engellendi	login_blocked_but_hides_product	308_login_next_to_product	high	en	shop_pdp	tezgah	7876-16070-00	/en/shop/tezgah/7876-16070-00	True	True	https://equsto.com/en/login.html?next=/en/shop/tezgah/7876-16070-00	2026-09-09
P0_RECOVER_PRODUCT	COMMERCE_LEAK_ROBOTS_LOGIN	Robots.txt tarafından engellendi	login_blocked_but_hides_product	308_login_next_to_product		en	shop_pdp	market-reyonlari	eq-nergis-tp-sky-eq23		True	False	https://equsto.com/en/login?mode=register&next=/en/shop/market-reyonlari/eq-nergis-tp-sky-eq23	2026-09-09
P0_RECOVER_PRODUCT	COMMERCE_LEAK_ROBOTS_LOGIN	Robots.txt tarafından engellendi	login_blocked_but_hides_product	308_login_next_to_product	high	en	shop_pdp	tezgah	eq-kmertt01-16070	/en/shop/tezgah/eq-kmertt01-16070	True	True	https://equsto.com/en/login.html?next=/en/shop/tezgah/eq-kmertt01-16070	2026-09-09
P0_RECOVER_PRODUCT	COMMERCE_LEAK_ROBOTS_LOGIN	Robots.txt tarafından engellendi	login_blocked_but_hides_product	308_login_next_to_product	high	en	shop_pdp	davlumbaz	eq-kdavot01-250200	/en/shop/davlumbaz/eq-kdavot01-250200	True	True	https://equsto.com/en/login?mode=register&next=/en/shop/davlumbaz/eq-kdavot01-250200	2026-09-09
P0_RECOVER_PRODUCT	COMMERCE_LEAK_ROBOTS_LOGIN	Robots.txt tarafından engellendi	login_blocked_but_hides_product	308_login_next_to_product	high	en	shop_pdp	tezgah	7911-16070-00	/en/shop/tezgah/7911-16070-00	True	True	https://equsto.com/en/login.html?next=/en/shop/tezgah/7911-16070-00	2026-09-09
P0_RECOVER_PRODUCT	COMMERCE_LEAK_ROBOTS_LOGIN	Robots.txt tarafından engellendi	login_blocked_but_hides_product	308_login_next_to_product	high	en	shop_pdp	dolap	7754-197d5-25	/en/shop/tezgah/7754-197d5-25	True	True	https://equsto.com/en/login.html?next=/en/shop/dolap/7754-197d5-25	2026-09-09
P0_RECOVER_PRODUCT	COMMERCE_LEAK_ROBOTS_LOGIN	Robots.txt tarafından engellendi	login_blocked_but_hides_product	308_login_next_to_product		en	shop_pdp	marka	kalko		True	False	https://equsto.com/en/login?mode=register&next=/en/shop/marka/kalko	2026-09-09
P0_RECOVER_PRODUCT	COMMERCE_LEAK_ROBOTS_LOGIN	Robots.txt tarafından engellendi	login_blocked_but_hides_product	308_login_next_to_product	high	en	shop_pdp	market-reyonlari	eq-falcon-sld-eq85	/en/shop/market-reyonlari/eq-falcon-sld-eq85	True	True	https://equsto.com/en/login?mode=register&next=/en/shop/market-reyonlari/eq-falcon-sld-eq85	2026-09-09
P0_RECOVER_PRODUCT	COMMERCE_LEAK_ROBOTS_LOGIN	Robots.txt tarafından engellendi	login_blocked_but_hides_product	308_login_next_to_product	high	en	shop_pdp	pisirme	ino-zmd-9me10	/en/shop/pisirme/ino-zmd-9me10	True	True	https://equsto.com/en/login?mode=register&next=/en/shop/pisirme/ino-zmd-9me10	2026-09-09
P0_RECOVER_PRODUCT	COMMERCE_LEAK_ROBOTS_LOGIN	Robots.txt tarafından engellendi	login_blocked_but_hides_product	308_login_next_to_product	high	en	shop_pdp	pisirme	7855-00500-00	/en/shop/pisirme/7855-00500-00	True	True	https://equsto.com/en/login?mode=register&next=/en/shop/pisirme/7855-00500-00	2026-09-09
P0_RECOVER_PRODUCT	COMMERCE_LEAK_ROBOTS_LOGIN	Robots.txt tarafından engellendi	login_blocked_but_hides_product	308_login_next_to_product	high	en	shop_pdp	set-ustu-mutfak	0213-11065-01	/en/shop/set-ustu-mutfak/0213-11065-01	True	True	https://equsto.com/en/login.html?next=/en/shop/set-ustu-mutfak/0213-11065-01	2026-09-09
P0_RECOVER_PRODUCT	COMMERCE_LEAK_ROBOTS_LOGIN	Robots.txt tarafından engellendi	login_blocked_but_hides_product	308_login_next_to_product	high	en	shop_pdp	yikama	520485	/en/shop/yikama/520485	True	True	https://equsto.com/en/login?mode=register&next=/en/shop/yikama/520485	2026-09-09
P0_RECOVER_PRODUCT	COMMERCE_LEAK_ROBOTS_LOGIN	Robots.txt tarafından engellendi	login_blocked_but_hides_product	308_login_next_to_product	high	en	shop_pdp	sogutma	bre-freshmakera	/en/shop/sogutma/bre-freshmakera	True	True	https://equsto.com/en/login.html?next=/en/shop/sogutma/bre-freshmakera	2026-09-09
P0_RECOVER_PRODUCT	COMMERCE_LEAK_ROBOTS_LOGIN	Robots.txt tarafından engellendi	login_blocked_but_hides_product	308_login_next_to_product	high	en	shop_pdp	hazirlik	btm-400s	/en/shop/hazirlik/btm-400s	True	True	https://equsto.com/en/login?mode=register&next=/en/shop/hazirlik/btm-400s	2026-09-09
P0_RECOVER_PRODUCT	COMMERCE_LEAK_ROBOTS_LOGIN	Robots.txt tarafından engellendi	login_blocked_but_hides_product	308_login_next_to_product	high	en	shop_pdp	davlumbaz	eq-kdavot01-275150	/en/shop/davlumbaz/eq-kdavot01-275150	True	True	https://equsto.com/en/login?mode=register&next=/en/shop/davlumbaz/eq-kdavot01-275150	2026-09-09
P0_RECOVER_PRODUCT	COMMERCE_LEAK_ROBOTS_LOGIN	Robots.txt tarafından engellendi	login_blocked_but_hides_product	308_login_next_to_product		en	shop_pdp	market-reyonlari	eq-lotus-lb-eq59		True	False	https://equsto.com/en/login.html?next=/en/shop/market-reyonlari/eq-lotus-lb-eq59	2026-09-08
P0_RECOVER_PRODUCT	COMMERCE_LEAK_ROBOTS_LOGIN	Robots.txt tarafından engellendi	login_blocked_but_hides_product	308_login_next_to_product	high	en	shop_pdp	tezgah	7754-196e5-23	/en/shop/tezgah/7754-196e5-23	True	True	https://equsto.com/en/login.html?next=/en/shop/tezgah/7754-196e5-23	2026-09-08
P0_RECOVER_PRODUCT	COMMERCE_LEAK_ROBOTS_LOGIN	Robots.txt tarafından engellendi	login_blocked_but_hides_product	308_login_next_to_product	high	en	shop_pdp	hazirlik	8820-uh100-mn	/en/shop/hazirlik/8820-uh100-mn	True	True	https://equsto.com/en/login?mode=register&next=/en/shop/hazirlik/8820-uh100-mn	2026-09-08
P0_RECOVER_PRODUCT	COMMERCE_LEAK_ROBOTS_LOGIN	Robots.txt tarafından engellendi	login_blocked_but_hides_product	308_login_next_to_product	high	en	shop_pdp	pisirme	ali-473	/en/shop/pisirme/ali-473	True	True	https://equsto.com/en/login.html?next=/en/shop/pisirme/ali-473	2026-09-08
P0_RECOVER_PRODUCT	COMMERCE_LEAK_ROBOTS_LOGIN	Robots.txt tarafından engellendi	login_blocked_but_hides_product	308_login_next_to_product	high	en	shop_pdp	tezgah	7712-14070-03	/en/shop/tezgah/7712-14070-03	True	True	https://equsto.com/en/login?mode=register&next=/en/shop/tezgah/7712-14070-03	2026-09-08
P0_RECOVER_PRODUCT	COMMERCE_LEAK_ROBOTS_LOGIN	Robots.txt tarafından engellendi	login_blocked_but_hides_product	308_login_next_to_product	high	en	shop_pdp	pisirme	9890-xf003-00	/en/shop/pisirme/9890-xf003-00	True	True	https://equsto.com/en/login?mode=register&next=/en/shop/pisirme/9890-xf003-00	2026-09-08
P0_RECOVER_PRODUCT	COMMERCE_LEAK_ROBOTS_LOGIN	Robots.txt tarafından engellendi	login_blocked_but_hides_product	308_login_next_to_product	high	en	shop_pdp	set-ustu-mutfak	6260-00072-41	/en/shop/set-ustu-mutfak/6260-00072-41	True	True	https://equsto.com/en/login.html?next=/en/shop/set-ustu-mutfak/6260-00072-41	2026-09-07
P0_RECOVER_PRODUCT	COMMERCE_LEAK_ROBOTS_LOGIN	Robots.txt tarafından engellendi	login_blocked_but_hides_product	308_login_next_to_product	high	en	shop_pdp	icecek	m10-ai	/en/shop/icecek/m10-ai	True	True	https://equsto.com/en/login.html?next=/en/shop/icecek/m10-ai	2026-09-07
P0_RECOVER_PRODUCT	COMMERCE_LEAK_ROBOTS_LOGIN	Robots.txt tarafından engellendi	login_blocked_but_hides_product	308_login_next_to_product		en	shop_pdp	market-reyonlari	eq-nergis-lb-fg-sky-eq43		True	False	https://equsto.com/en/login?mode=register&next=/en/shop/market-reyonlari/eq-nergis-lb-fg-sky-eq43	2026-09-07
P0_RECOVER_PRODUCT	COMMERCE_LEAK_ROBOTS_LOGIN	Robots.txt tarafından engellendi	login_blocked_but_hides_product	308_login_next_to_product		en	shop_pdp	market-reyonlari	eq-fulya-hf-lm-eq18		True	False	https://equsto.com/en/login?mode=register&next=/en/shop/market-reyonlari/eq-fulya-hf-lm-eq18	2026-09-07
P0_RECOVER_PRODUCT	COMMERCE_LEAK_ROBOTS_LOGIN	Robots.txt tarafından engellendi	login_blocked_but_hides_product	308_login_next_to_product	high	en	shop_pdp	sogutma	bre-cb1565ahc	/en/shop/sogutma/bre-cb1565ahc	True	True	https://equsto.com/en/login.html?next=/en/shop/sogutma/bre-cb1565ahc	2026-09-07
P0_RECOVER_PRODUCT	COMMERCE_LEAK_ROBOTS_LOGIN	Robots.txt tarafından engellendi	login_blocked_but_hides_product	308_login_next_to_product	high	en	shop_pdp	market-reyonlari	eq-falcon-eq64	/en/shop/market-reyonlari/eq-falcon-eq64	True	True	https://equsto.com/en/login.html?next=/en/shop/market-reyonlari/eq-falcon-eq64	2026-09-07
P0_RECOVER_PRODUCT	COMMERCE_LEAK_ROBOTS_LOGIN	Robots.txt tarafından engellendi	login_blocked_but_hides_product	308_login_next_to_product	high	en	shop_pdp	tezgah	7911-10070-79	/en/shop/tezgah/7911-10070-79	True	True	https://equsto.com/en/login.html?next=/en/shop/tezgah/7911-10070-79	2026-09-07
P0_RECOVER_PRODUCT	COMMERCE_LEAK_ROBOTS_LOGIN	Robots.txt tarafından engellendi	login_blocked_but_hides_product	308_login_next_to_product	high	en	shop_pdp	sogutma	7919-df1515-00	/en/shop/sogutma/7919-df1515-00	True	True	https://equsto.com/en/login?mode=register&next=/en/shop/sogutma/7919-df1515-00	2026-09-07
P0_RECOVER_PRODUCT	COMMERCE_LEAK_ROBOTS_LOGIN	Robots.txt tarafından engellendi	login_blocked_but_hides_product	308_login_next_to_product	high	en	shop_pdp	pisirme	adr-c1-8e	/en/shop/pisirme/adr-c1-8e	True	True	https://equsto.com/en/login.html?next=/en/shop/pisirme/adr-c1-8e	2026-09-07
P0_RECOVER_PRODUCT	COMMERCE_LEAK_ROBOTS_LOGIN	Robots.txt tarafından engellendi	login_blocked_but_hides_product	308_login_next_to_product		en	shop_pdp	market-reyonlari	eq-fulya-hf-lm-eq18		True	False	https://equsto.com/en/login.html?next=/en/shop/market-reyonlari/eq-fulya-hf-lm-eq18	2026-09-07
P0_RECOVER_PRODUCT	COMMERCE_LEAK_ROBOTS_LOGIN	Robots.txt tarafından engellendi	login_blocked_but_hides_product	308_login_next_to_product	high	en	shop_pdp	dolap	7911-16070-85	/en/shop/tezgah/7911-16070-85	True	True	https://equsto.com/en/login.html?next=/en/shop/dolap/7911-16070-85	2026-09-07
P0_RECOVER_PRODUCT	COMMERCE_LEAK_ROBOTS_LOGIN	Robots.txt tarafından engellendi	login_blocked_but_hides_product	308_login_next_to_product	high	en	shop_pdp	tezgah	ino-krc080c	/en/shop/tezgah/ino-krc080c	True	True	https://equsto.com/en/login.html?next=/en/shop/tezgah/ino-krc080c	2026-09-07
P0_RECOVER_PRODUCT	COMMERCE_LEAK_ROBOTS_LOGIN	Robots.txt tarafından engellendi	login_blocked_but_hides_product	308_login_next_to_product		en	shop_pdp	marka	şenox		True	False	https://equsto.com/en/login?mode=register&next=/en/shop/marka/%25C5%259Fenox	2026-09-07
P0_RECOVER_PRODUCT	COMMERCE_LEAK_ROBOTS_LOGIN	Robots.txt tarafından engellendi	login_blocked_but_hides_product	308_login_next_to_product	high	en	shop_pdp	pisirme	npicco76-1	/en/shop/pisirme/npicco76-1	True	True	https://equsto.com/en/login.html?next=/en/shop/pisirme/npicco76-1	2026-09-07
P0_RECOVER_PRODUCT	COMMERCE_LEAK_ROBOTS_LOGIN	Robots.txt tarafından engellendi	login_blocked_but_hides_product	308_login_next_to_product	high	en	shop_pdp	davlumbaz	7885-20155-14	/en/shop/davlumbaz/7885-20155-14	True	True	https://equsto.com/en/login?mode=register&next=/en/shop/davlumbaz/7885-20155-14	2026-09-06
P0_RECOVER_PRODUCT	COMMERCE_LEAK_ROBOTS_LOGIN	Robots.txt tarafından engellendi	login_blocked_but_hides_product	308_login_next_to_product	high	en	shop_pdp	set-ustu-mutfak	8894-05500-00	/en/shop/set-ustu-mutfak/8894-05500-00	True	True	https://equsto.com/en/login.html?next=/en/shop/set-ustu-mutfak/8894-05500-00	2026-09-06
P0_RECOVER_PRODUCT	COMMERCE_LEAK_ROBOTS_LOGIN	Robots.txt tarafından engellendi	login_blocked_but_hides_product	308_login_next_to_product	high	en	shop_pdp	sogutma	79e3-27lmv-03	/en/shop/sogutma/79e3-27lmv-03	True	True	https://equsto.com/en/login.html?next=/en/shop/sogutma/79e3-27lmv-03	2026-09-06
P0_RECOVER_PRODUCT	COMMERCE_LEAK_ROBOTS_LOGIN	Robots.txt tarafından engellendi	login_blocked_but_hides_product	308_login_next_to_product	high	en	shop_pdp	tezgah	7911-16060-28	/en/shop/tezgah/7911-16060-28	True	True	https://equsto.com/en/login?next=/en/shop/tezgah/7911-16060-28	2026-09-06
P0_RECOVER_PRODUCT	COMMERCE_LEAK_ROBOTS_LOGIN	Robots.txt tarafından engellendi	login_blocked_but_hides_product	308_login_next_to_product	high	en	shop_pdp	sogutma	bre-id70	/en/shop/sogutma/bre-id70	True	True	https://equsto.com/en/login.html?next=/en/shop/sogutma/bre-id70	2026-09-06
P0_RECOVER_PRODUCT	COMMERCE_LEAK_ROBOTS_LOGIN	Robots.txt tarafından engellendi	login_blocked_but_hides_product	308_login_next_to_product	high	en	shop_pdp	tezgah	7911-19060-81	/en/shop/tezgah/7911-19060-81	True	True	https://equsto.com/en/login?mode=register&next=/en/shop/tezgah/7911-19060-81	2026-09-06
P0_RECOVER_PRODUCT	COMMERCE_LEAK_ROBOTS_LOGIN	Robots.txt tarafından engellendi	login_blocked_but_hides_product	308_login_next_to_product	high	en	shop_pdp	tezgah	7911-06060-82	/en/shop/tezgah/7911-06060-82	True	True	https://equsto.com/en/login.html?next=/en/shop/tezgah/7911-06060-82	2026-09-06
P0_RECOVER_PRODUCT	COMMERCE_LEAK_ROBOTS_LOGIN	Robots.txt tarafından engellendi	login_blocked_but_hides_product	308_login_next_to_product	med	en	shop_pdp	tezgah	pimak-14070-13	/en/shop/tezgah/7911-14070-13	True	True	https://equsto.com/en/login.html?next=/en/shop/tezgah/pimak-14070-13	2026-09-06
P0_RECOVER_PRODUCT	COMMERCE_LEAK_ROBOTS_LOGIN	Robots.txt tarafından engellendi	login_blocked_but_hides_product	308_login_next_to_product	high	en	shop_pdp	tezgah	7911-19060-81	/en/shop/tezgah/7911-19060-81	True	True	https://equsto.com/en/login.html?next=/en/shop/tezgah/7911-19060-81	2026-09-06
P0_RECOVER_PRODUCT	COMMERCE_LEAK_ROBOTS_LOGIN	Robots.txt tarafından engellendi	login_blocked_but_hides_product	308_login_next_to_product	high	en	shop_pdp	hazirlik	208-650160-c10sx	/en/shop/hazirlik/208-650160-c10sx	True	True	https://equsto.com/en/login?mode=register&next=/en/shop/hazirlik/208-650160-c10sx	2026-09-06
P0_RECOVER_PRODUCT	COMMERCE_LEAK_ROBOTS_LOGIN	Robots.txt tarafından engellendi	login_blocked_but_hides_product	308_login_next_to_product	high	en	shop_pdp	tezgah	eq-kcevt01-09070	/en/shop/tezgah/eq-kcevt01-09070	True	True	https://equsto.com/en/login.html?next=/en/shop/tezgah/eq-kcevt01-09070	2026-09-06
P0_RECOVER_PRODUCT	COMMERCE_LEAK_ROBOTS_LOGIN	Robots.txt tarafından engellendi	login_blocked_but_hides_product	308_login_next_to_product	high	en	shop_pdp	set-ustu-mutfak	2840-16010-06	/en/shop/set-ustu-mutfak/2840-16010-06	True	True	https://equsto.com/en/login.html?next=/en/shop/set-ustu-mutfak/2840-16010-06	2026-09-06
P0_RECOVER_PRODUCT	COMMERCE_LEAK_ROBOTS_LOGIN	Robots.txt tarafından engellendi	login_blocked_but_hides_product	308_login_next_to_product	high	en	shop_pdp	dolap	7754-207cb-21	/en/shop/tezgah/7754-207cb-21	True	True	https://equsto.com/en/login.html?next=/en/shop/dolap/7754-207cb-21	2026-09-06
P0_RECOVER_PRODUCT	COMMERCE_LEAK_ROBOTS_LOGIN	Robots.txt tarafından engellendi	login_blocked_but_hides_product	308_login_next_to_product	high	en	shop_pdp	pisirme	391379	/en/shop/pisirme/391379	True	False	https://equsto.com/en/login.html?next=/en/shop/pisirme/391379	2026-09-06
P0_RECOVER_PRODUCT	COMMERCE_LEAK_ROBOTS_LOGIN	Robots.txt tarafından engellendi	login_blocked_but_hides_product	308_login_next_to_product	high	en	shop_pdp	icecek	8573-ese3r-00	/en/shop/icecek/8573-ese3r-00	True	True	https://equsto.com/en/login.html?next=/en/shop/icecek/8573-ese3r-00	2026-09-06
P0_RECOVER_PRODUCT	COMMERCE_LEAK_ROBOTS_LOGIN	Robots.txt tarafından engellendi	login_blocked_but_hides_product	308_login_next_to_product	high	en	shop_pdp	pisirme	spr18-4	/en/shop/pisirme/spr18-4	True	True	https://equsto.com/en/login.html?next=/en/shop/pisirme/spr18-4	2026-09-05
