plan_bucket	decision	gsc_reason	why	action	confidence	lang	kind	dept	slug	target	was_login	product_hit	url	last_crawl
P0_RECOVER_PRODUCT	COMMERCE_LEAK_NOINDEX	"noindex" etiketi tarafından hariç tutuldu	sellable_or_shop_pdp_noindexed	remove_noindex_on_sellable_pdp	high	en	shop_pdp	pisirme	7865-n1-80908-10	/en/shop/pisirme/7865-n1-80908-10	False	True	https://equsto.com/en/shop/pisirme/7865-n1-80908-10	2026-09-22
P0_RECOVER_PRODUCT	COMMERCE_LEAK_NOINDEX	"noindex" etiketi tarafından hariç tutuldu	sellable_or_shop_pdp_noindexed	remove_noindex_on_sellable_pdp	high	en	shop_pdp	hazirlik	bha-30	/en/shop/hazirlik/bha-30	False	True	https://equsto.com/en/shop/hazirlik/bha-30	2026-09-22
P0_RECOVER_PRODUCT	COMMERCE_LEAK_NOINDEX	"noindex" etiketi tarafından hariç tutuldu	sellable_or_shop_pdp_noindexed	remove_noindex_on_sellable_pdp	high	en	shop_pdp	pisirme	agi-1273-ndcr	/en/shop/pisirme/agi-1273-ndcr	False	True	https://equsto.com/en/shop/pisirme/agi-1273-ndcr	2026-09-22
P0_RECOVER_PRODUCT	COMMERCE_LEAK_NOINDEX	"noindex" etiketi tarafından hariç tutuldu	sellable_or_shop_pdp_noindexed	remove_noindex_on_sellable_pdp	high	en	shop_pdp	pisirme	391340	/en/shop/pisirme/391340	False	True	https://equsto.com/en/shop/pisirme/391340	2026-09-22
P0_RECOVER_PRODUCT	COMMERCE_LEAK_NOINDEX	"noindex" etiketi tarafından hariç tutuldu	sellable_or_shop_pdp_noindexed	remove_noindex_on_sellable_pdp	high	en	shop_pdp	kahve	atkm-4m	/en/shop/kahve/atkm-4m	True	True	https://equsto.com/en/login?mode=register&next=/en/shop/kahve/atkm-4m	2026-09-22
P0_RECOVER_PRODUCT	COMMERCE_LEAK_NOINDEX	"noindex" etiketi tarafından hariç tutuldu	sellable_or_shop_pdp_noindexed	remove_noindex_on_sellable_pdp	high	en	shop_pdp	tezgah	132855	/en/shop/tezgah/132855	False	True	https://equsto.com/en/shop/tezgah/132855	2026-09-22
P0_RECOVER_PRODUCT	COMMERCE_LEAK_NOINDEX	"noindex" etiketi tarafından hariç tutuldu	sellable_or_shop_pdp_noindexed	remove_noindex_on_sellable_pdp	high	en	shop_pdp	yikama	7961-04929-5o2	/en/shop/yikama/7961-04929-5o2	False	True	https://equsto.com/en/shop/yikama/7961-04929-5o2	2026-09-22
P0_RECOVER_PRODUCT	COMMERCE_LEAK_NOINDEX	"noindex" etiketi tarafından hariç tutuldu	sellable_or_shop_pdp_noindexed	remove_noindex_on_sellable_pdp	high	en	shop_pdp	tezgah	7758-126a5-13	/en/shop/tezgah/7758-126a5-13	False	True	https://equsto.com/en/shop/tezgah/7758-126a5-13	2026-09-22
P0_RECOVER_PRODUCT	COMMERCE_LEAK_NOINDEX	"noindex" etiketi tarafından hariç tutuldu	sellable_or_shop_pdp_noindexed	remove_noindex_on_sellable_pdp	high	en	shop_pdp	hazirlik	9860-mp190-vv	/en/shop/hazirlik/9860-mp190-vv	False	True	https://equsto.com/en/shop/hazirlik/9860-mp190-vv	2026-09-22
P0_RECOVER_PRODUCT	COMMERCE_LEAK_NOINDEX	"noindex" etiketi tarafından hariç tutuldu	sellable_or_shop_pdp_noindexed	remove_noindex_on_sellable_pdp	high	en	shop_pdp	pisirme	aaig-473	/en/shop/pisirme/aaig-473	False	True	https://equsto.com/en/shop/pisirme/aaig-473	2026-09-22
P0_RECOVER_PRODUCT	COMMERCE_LEAK_NOINDEX	"noindex" etiketi tarafından hariç tutuldu	sellable_or_shop_pdp_noindexed	remove_noindex_on_sellable_pdp	high	en	shop_pdp	pisirme	7890-10g11-01	/en/shop/pisirme/7890-10g11-01	False	True	https://equsto.com/en/shop/pisirme/7890-10g11-01	2026-09-22
P0_RECOVER_PRODUCT	COMMERCE_LEAK_NOINDEX	"noindex" etiketi tarafından hariç tutuldu	sellable_or_shop_pdp_noindexed	remove_noindex_on_sellable_pdp	high	en	shop_pdp	set-ustu-mutfak	0212-05070-12	/en/shop/set-ustu-mutfak/0212-05070-12	False	True	https://equsto.com/en/shop/set-ustu-mutfak/0212-05070-12	2026-09-22
P0_RECOVER_PRODUCT	COMMERCE_LEAK_NOINDEX	"noindex" etiketi tarafından hariç tutuldu	sellable_or_shop_pdp_noindexed	remove_noindex_on_sellable_pdp	high	en	shop_pdp	market-reyonlari	eq-lion-tgd-eq57	/en/shop/market-reyonlari/eq-lion-tgd-eq57	False	True	https://equsto.com/en/shop/market-reyonlari/eq-lion-tgd-eq57	2026-09-22
P0_RECOVER_PRODUCT	COMMERCE_LEAK_NOINDEX	"noindex" etiketi tarafından hariç tutuldu	sellable_or_shop_pdp_noindexed	remove_noindex_on_sellable_pdp	high	en	shop_pdp	sogutma	118-wn375s	/en/shop/sogutma/118-wn375s	False	True	https://equsto.com/en/shop/sogutma/118-wn375s	2026-09-22
P0_RECOVER_PRODUCT	COMMERCE_LEAK_NOINDEX	"noindex" etiketi tarafından hariç tutuldu	sellable_or_shop_pdp_noindexed	remove_noindex_on_sellable_pdp	high	en	shop_pdp	market-reyonlari	eq-falcon-eq117	/en/shop/market-reyonlari/eq-falcon-eq117	False	True	https://equsto.com/en/shop/market-reyonlari/eq-falcon-eq117	2026-09-22
P0_RECOVER_PRODUCT	COMMERCE_LEAK_NOINDEX	"noindex" etiketi tarafından hariç tutuldu	sellable_or_shop_pdp_noindexed	remove_noindex_on_sellable_pdp	high	en	shop_pdp	yikama	7960-20629-7o3	/en/shop/yikama/7960-20629-7o3	False	True	https://equsto.com/en/shop/yikama/7960-20629-7o3	2026-09-22
P0_RECOVER_PRODUCT	COMMERCE_LEAK_NOINDEX	"noindex" etiketi tarafından hariç tutuldu	sellable_or_shop_pdp_noindexed	remove_noindex_on_sellable_pdp	high	en	shop_pdp	set-ustu-mutfak	0420-42285-11	/en/shop/set-ustu-mutfak/0420-42285-11	False	True	https://equsto.com/en/shop/set-ustu-mutfak/0420-42285-11	2026-09-22
P0_RECOVER_PRODUCT	COMMERCE_LEAK_NOINDEX	"noindex" etiketi tarafından hariç tutuldu	sellable_or_shop_pdp_noindexed	remove_noindex_on_sellable_pdp	high	en	shop_pdp	hazirlik	8823-hha60-m0	/en/shop/hazirlik/8823-hha60-m0	False	True	https://equsto.com/en/shop/hazirlik/8823-hha60-m0	2026-09-22
P0_RECOVER_PRODUCT	COMMERCE_LEAK_NOINDEX	"noindex" etiketi tarafından hariç tutuldu	sellable_or_shop_pdp_noindexed	remove_noindex_on_sellable_pdp	high	en	shop_pdp	pisirme	ago-890s	/en/shop/pisirme/ago-890s	False	True	https://equsto.com/en/shop/pisirme/ago-890s	2026-09-22
P0_RECOVER_PRODUCT	COMMERCE_LEAK_NOINDEX	"noindex" etiketi tarafından hariç tutuldu	sellable_or_shop_pdp_noindexed	remove_noindex_on_sellable_pdp	high	en	shop_pdp	set-ustu-mutfak	0270-03231-01	/en/shop/set-ustu-mutfak/0270-03231-01	False	True	https://equsto.com/en/shop/set-ustu-mutfak/0270-03231-01	2026-09-22
P0_RECOVER_PRODUCT	COMMERCE_LEAK_NOINDEX	"noindex" etiketi tarafından hariç tutuldu	sellable_or_shop_pdp_noindexed	remove_noindex_on_sellable_pdp	high	en	shop_pdp	set-ustu-mutfak	8350-31044-0k	/en/shop/set-ustu-mutfak/8350-31044-0k	False	True	https://equsto.com/en/shop/set-ustu-mutfak/8350-31044-0k	2026-09-22
P0_RECOVER_PRODUCT	COMMERCE_LEAK_NOINDEX	"noindex" etiketi tarafından hariç tutuldu	sellable_or_shop_pdp_noindexed	remove_noindex_on_sellable_pdp	high	en	shop_pdp	set-ustu-mutfak	0311-12200-11	/en/shop/set-ustu-mutfak/0311-12200-11	False	True	https://equsto.com/en/shop/set-ustu-mutfak/0311-12200-11	2026-09-22
P0_RECOVER_PRODUCT	COMMERCE_LEAK_NOINDEX	"noindex" etiketi tarafından hariç tutuldu	sellable_or_shop_pdp_noindexed	remove_noindex_on_sellable_pdp	high	en	shop_pdp	pisirme	pi5-m004-k	/en/shop/pisirme/pi5-m004-k	False	True	https://equsto.com/en/shop/pisirme/pi5-m004-k	2026-09-22
P0_RECOVER_PRODUCT	COMMERCE_LEAK_NOINDEX	"noindex" etiketi tarafından hariç tutuldu	sellable_or_shop_pdp_noindexed	remove_noindex_on_sellable_pdp	high	en	shop_pdp	davlumbaz	7885-40105-01	/en/shop/davlumbaz/7885-40105-01	False	True	https://equsto.com/en/shop/davlumbaz/7885-40105-01	2026-09-22
P0_RECOVER_PRODUCT	COMMERCE_LEAK_NOINDEX	"noindex" etiketi tarafından hariç tutuldu	sellable_or_shop_pdp_noindexed	remove_noindex_on_sellable_pdp	high	en	shop_pdp	tezgah	7911-12060-79	/en/shop/tezgah/7911-12060-79	False	True	https://equsto.com/en/shop/tezgah/7911-12060-79	2026-09-22
P0_RECOVER_PRODUCT	COMMERCE_LEAK_NOINDEX	"noindex" etiketi tarafından hariç tutuldu	sellable_or_shop_pdp_noindexed	remove_noindex_on_sellable_pdp	high	en	shop_pdp	sogutma	710019	/en/shop/sogutma/710019	False	True	https://equsto.com/en/shop/sogutma/710019	2026-09-22
P0_RECOVER_PRODUCT	COMMERCE_LEAK_NOINDEX	"noindex" etiketi tarafından hariç tutuldu	sellable_or_shop_pdp_noindexed	remove_noindex_on_sellable_pdp	high	en	shop_pdp	dolap	7758-197d5-21	/en/shop/tezgah/7758-197d5-21	False	True	https://equsto.com/en/shop/dolap/7758-197d5-21	2026-09-22
P0_RECOVER_PRODUCT	COMMERCE_LEAK_NOINDEX	"noindex" etiketi tarafından hariç tutuldu	sellable_or_shop_pdp_noindexed	remove_noindex_on_sellable_pdp	high	en	shop_pdp	tezgah	7758-197d5-21	/en/shop/tezgah/7758-197d5-21	False	True	https://equsto.com/en/shop/tezgah/7758-197d5-21	2026-09-22
P0_RECOVER_PRODUCT	COMMERCE_LEAK_NOINDEX	"noindex" etiketi tarafından hariç tutuldu	sellable_or_shop_pdp_noindexed	remove_noindex_on_sellable_pdp	high	en	shop_pdp	pisirme	7890-12908-52	/en/shop/pisirme/7890-12908-52	False	False	https://equsto.com/en/shop/pisirme/7890-12908-52	2026-09-22
P0_RECOVER_PRODUCT	COMMERCE_LEAK_NOINDEX	"noindex" etiketi tarafından hariç tutuldu	sellable_or_shop_pdp_noindexed	remove_noindex_on_sellable_pdp	high	en	shop_pdp	tezgah	133087	/en/shop/tezgah/133087	False	True	https://equsto.com/en/shop/tezgah/133087	2026-09-22
P0_RECOVER_PRODUCT	COMMERCE_LEAK_NOINDEX	"noindex" etiketi tarafından hariç tutuldu	sellable_or_shop_pdp_noindexed	remove_noindex_on_sellable_pdp	high	en	shop_pdp	sogutma	9805-spn12-50	/en/shop/sogutma/9805-spn12-50	False	True	https://equsto.com/en/shop/sogutma/9805-spn12-50	2026-09-22
P0_RECOVER_PRODUCT	COMMERCE_LEAK_NOINDEX	"noindex" etiketi tarafından hariç tutuldu	sellable_or_shop_pdp_noindexed	remove_noindex_on_sellable_pdp	high	en	shop_pdp	pisirme	eaeo-1060	/en/shop/pisirme/eaeo-1060	False	True	https://equsto.com/en/shop/pisirme/eaeo-1060	2026-09-22
P0_RECOVER_PRODUCT	COMMERCE_LEAK_NOINDEX	"noindex" etiketi tarafından hariç tutuldu	sellable_or_shop_pdp_noindexed	remove_noindex_on_sellable_pdp	high	en	shop_pdp	tezgah	7754-216a8-41	/en/shop/tezgah/7754-216a8-41	False	True	https://equsto.com/en/shop/tezgah/7754-216a8-41	2026-09-22
P0_RECOVER_PRODUCT	COMMERCE_LEAK_NOINDEX	"noindex" etiketi tarafından hariç tutuldu	sellable_or_shop_pdp_noindexed	remove_noindex_on_sellable_pdp	high	en	shop_pdp	tezgah	7758-216e5-33	/en/shop/tezgah/7758-216e5-33	False	True	https://equsto.com/en/shop/tezgah/7758-216e5-33	2026-09-22
P0_RECOVER_PRODUCT	COMMERCE_LEAK_NOINDEX	"noindex" etiketi tarafından hariç tutuldu	sellable_or_shop_pdp_noindexed	remove_noindex_on_sellable_pdp	high	en	shop_pdp	pisirme	7960-02929-1o2	/en/shop/yikama/7960-02929-1o2	False	True	https://equsto.com/en/shop/pisirme/7960-02929-1o2	2026-09-22
P0_RECOVER_PRODUCT	COMMERCE_LEAK_NOINDEX	"noindex" etiketi tarafından hariç tutuldu	sellable_or_shop_pdp_noindexed	remove_noindex_on_sellable_pdp	high	en	shop_pdp	yikama	7960-02929-1o2	/en/shop/yikama/7960-02929-1o2	False	True	https://equsto.com/en/shop/yikama/7960-02929-1o2	2026-09-22
P0_RECOVER_PRODUCT	COMMERCE_LEAK_NOINDEX	"noindex" etiketi tarafından hariç tutuldu	sellable_or_shop_pdp_noindexed	remove_noindex_on_sellable_pdp	high	tr	shop_pdp	set-ustu-mutfak	8893-up103-00	/shop/set-ustu-mutfak/8893-up103-00	False	False	https://equsto.com/shop/set-ustu-mutfak/8893-up103-00	2026-09-22
P0_RECOVER_PRODUCT	COMMERCE_LEAK_NOINDEX	"noindex" etiketi tarafından hariç tutuldu	sellable_or_shop_pdp_noindexed	remove_noindex_on_sellable_pdp	high	en	shop_pdp	pisirme	ino-7og10s	/en/shop/pisirme/ino-7og10s	False	True	https://equsto.com/en/shop/pisirme/ino-7og10s	2026-09-22
P0_RECOVER_PRODUCT	COMMERCE_LEAK_NOINDEX	"noindex" etiketi tarafından hariç tutuldu	sellable_or_shop_pdp_noindexed	remove_noindex_on_sellable_pdp	high	en	shop_pdp	set-ustu-mutfak	0311-12065-11	/en/shop/set-ustu-mutfak/0311-12065-11	False	True	https://equsto.com/en/shop/set-ustu-mutfak/0311-12065-11	2026-09-22
P0_RECOVER_PRODUCT	COMMERCE_LEAK_NOINDEX	"noindex" etiketi tarafından hariç tutuldu	sellable_or_shop_pdp_noindexed	remove_noindex_on_sellable_pdp	high	en	shop_pdp	yikama	inoksan__ino-bym052	/en/shop/yikama/ino-bym052	False	True	https://equsto.com/en/shop/yikama/inoksan__ino-bym052	2026-09-22
P0_RECOVER_PRODUCT	COMMERCE_LEAK_NOINDEX	"noindex" etiketi tarafından hariç tutuldu	sellable_or_shop_pdp_noindexed	remove_noindex_on_sellable_pdp	high	en	shop_pdp	pisirme	npicco81-1	/en/shop/pisirme/npicco81-1	False	True	https://equsto.com/en/shop/pisirme/npicco81-1	2026-09-22
P0_RECOVER_PRODUCT	COMMERCE_LEAK_NOINDEX	"noindex" etiketi tarafından hariç tutuldu	sellable_or_shop_pdp_noindexed	remove_noindex_on_sellable_pdp	high	en	shop_pdp	set-ustu-mutfak	0420-02619-01	/en/shop/set-ustu-mutfak/0420-02619-01	False	True	https://equsto.com/en/shop/set-ustu-mutfak/0420-02619-01	2026-09-22
P0_RECOVER_PRODUCT	COMMERCE_LEAK_NOINDEX	"noindex" etiketi tarafından hariç tutuldu	sellable_or_shop_pdp_noindexed	remove_noindex_on_sellable_pdp	high	en	shop_pdp	yikama	7711-07075-21	/en/shop/yikama/7711-07075-21	False	True	https://equsto.com/en/shop/yikama/7711-07075-21	2026-09-22
P0_RECOVER_PRODUCT	COMMERCE_LEAK_NOINDEX	"noindex" etiketi tarafından hariç tutuldu	sellable_or_shop_pdp_noindexed	remove_noindex_on_sellable_pdp	high	en	shop_pdp	pisirme	eagi-1060-ndcr	/en/shop/pisirme/eagi-1060-ndcr	False	True	https://equsto.com/en/shop/pisirme/eagi-1060-ndcr	2026-09-21
P0_RECOVER_PRODUCT	COMMERCE_LEAK_NOINDEX	"noindex" etiketi tarafından hariç tutuldu	sellable_or_shop_pdp_noindexed	remove_noindex_on_sellable_pdp	high	en	shop_pdp	set-ustu-mutfak	8325-0kfh5-03	/en/shop/set-ustu-mutfak/8325-0kfh5-03	False	True	https://equsto.com/en/shop/set-ustu-mutfak/8325-0kfh5-03	2026-09-21
P0_RECOVER_PRODUCT	COMMERCE_LEAK_NOINDEX	"noindex" etiketi tarafından hariç tutuldu	sellable_or_shop_pdp_noindexed	remove_noindex_on_sellable_pdp	high	en	shop_pdp	pisirme	391544	/en/shop/pisirme/391544	False	True	https://equsto.com/en/shop/pisirme/391544	2026-09-21
P0_RECOVER_PRODUCT	COMMERCE_LEAK_NOINDEX	"noindex" etiketi tarafından hariç tutuldu	sellable_or_shop_pdp_noindexed	remove_noindex_on_sellable_pdp	high	en	shop_pdp	istif	8897-21ip4-07	/en/shop/istif/8897-21ip4-07	False	True	https://equsto.com/en/shop/istif/8897-21ip4-07	2026-09-21
P0_RECOVER_PRODUCT	COMMERCE_LEAK_NOINDEX	"noindex" etiketi tarafından hariç tutuldu	sellable_or_shop_pdp_noindexed	remove_noindex_on_sellable_pdp	high	en	shop_pdp	set-ustu-mutfak	8845-0cre5-00	/en/shop/set-ustu-mutfak/8845-0cre5-00	False	True	https://equsto.com/en/shop/set-ustu-mutfak/8845-0cre5-00	2026-09-21
P0_RECOVER_PRODUCT	COMMERCE_LEAK_NOINDEX	"noindex" etiketi tarafından hariç tutuldu	sellable_or_shop_pdp_noindexed	remove_noindex_on_sellable_pdp	high	en	shop_pdp	tezgah	7911-10070-00	/en/shop/tezgah/7911-10070-00	False	True	https://equsto.com/en/shop/tezgah/7911-10070-00	2026-09-21
P0_RECOVER_PRODUCT	COMMERCE_LEAK_NOINDEX	"noindex" etiketi tarafından hariç tutuldu	sellable_or_shop_pdp_noindexed	remove_noindex_on_sellable_pdp	high	tr	shop_pdp	hazirlik	9823-dr436-00	/shop/hazirlik/9823-dr436-00	False	False	https://equsto.com/shop/hazirlik/9823-dr436-00	2026-09-21
P0_RECOVER_PRODUCT	COMMERCE_LEAK_NOINDEX	"noindex" etiketi tarafından hariç tutuldu	sellable_or_shop_pdp_noindexed	remove_noindex_on_sellable_pdp	high	en	shop_pdp	set-ustu-mutfak	8350-31601-0s	/en/shop/set-ustu-mutfak/8350-31601-0s	False	True	https://equsto.com/en/shop/set-ustu-mutfak/8350-31601-0s	2026-09-21
P0_RECOVER_PRODUCT	COMMERCE_LEAK_NOINDEX	"noindex" etiketi tarafından hariç tutuldu	sellable_or_shop_pdp_noindexed	remove_noindex_on_sellable_pdp	high	en	shop_pdp	tezgah	7911-09060-96	/en/shop/tezgah/7911-09060-96	False	True	https://equsto.com/en/shop/tezgah/7911-09060-96	2026-09-21
P0_RECOVER_PRODUCT	COMMERCE_LEAK_NOINDEX	"noindex" etiketi tarafından hariç tutuldu	sellable_or_shop_pdp_noindexed	remove_noindex_on_sellable_pdp	high	en	shop_pdp	market-reyonlari	eq-falcon-sld-eq91	/en/shop/market-reyonlari/eq-falcon-sld-eq91	False	True	https://equsto.com/en/shop/market-reyonlari/eq-falcon-sld-eq91	2026-09-21
P0_RECOVER_PRODUCT	COMMERCE_LEAK_NOINDEX	"noindex" etiketi tarafından hariç tutuldu	sellable_or_shop_pdp_noindexed	remove_noindex_on_sellable_pdp	high	en	shop_pdp	market-reyonlari	eq-lion-sld-eq35	/en/shop/market-reyonlari/eq-lion-sld-eq35	False	True	https://equsto.com/en/shop/market-reyonlari/eq-lion-sld-eq35	2026-09-21
P0_RECOVER_PRODUCT	COMMERCE_LEAK_NOINDEX	"noindex" etiketi tarafından hariç tutuldu	sellable_or_shop_pdp_noindexed	remove_noindex_on_sellable_pdp	high	en	shop_pdp	set-ustu-mutfak	6268-00019-08	/en/shop/set-ustu-mutfak/6268-00019-08	False	True	https://equsto.com/en/shop/set-ustu-mutfak/6268-00019-08	2026-09-21
P0_RECOVER_PRODUCT	COMMERCE_LEAK_NOINDEX	"noindex" etiketi tarafından hariç tutuldu	sellable_or_shop_pdp_noindexed	remove_noindex_on_sellable_pdp	high	en	shop_pdp	market-reyonlari	proso__falcon-falcon-mt-100-1875x1600x0	/en/shop/market-reyonlari/eq-falcon-eq66	False	True	https://equsto.com/en/shop/market-reyonlari/proso__falcon-falcon-mt-100-1875x1600x0	2026-09-21
P0_RECOVER_PRODUCT	COMMERCE_LEAK_NOINDEX	"noindex" etiketi tarafından hariç tutuldu	sellable_or_shop_pdp_noindexed	remove_noindex_on_sellable_pdp	high	en	shop_pdp	pisirme	adgc-5s	/en/shop/pisirme/adgc-5s	False	True	https://equsto.com/en/shop/pisirme/adgc-5s	2026-09-21
P0_RECOVER_PRODUCT	COMMERCE_LEAK_NOINDEX	"noindex" etiketi tarafından hariç tutuldu	sellable_or_shop_pdp_noindexed	remove_noindex_on_sellable_pdp	high	en	shop_pdp	sogutma	710017	/en/shop/sogutma/710017	False	True	https://equsto.com/en/shop/sogutma/710017	2026-09-21
P0_RECOVER_PRODUCT	COMMERCE_LEAK_NOINDEX	"noindex" etiketi tarafından hariç tutuldu	sellable_or_shop_pdp_noindexed	remove_noindex_on_sellable_pdp	high	en	shop_pdp	hazirlik	vdd-70	/en/shop/hazirlik/vdd-70	False	True	https://equsto.com/en/shop/hazirlik/vdd-70	2026-09-21
P0_RECOVER_PRODUCT	COMMERCE_LEAK_NOINDEX	"noindex" etiketi tarafından hariç tutuldu	sellable_or_shop_pdp_noindexed	remove_noindex_on_sellable_pdp	high	en	shop_pdp	sogutma	79e4-27nmv-01	/en/shop/sogutma/79e4-27nmv-01	False	True	https://equsto.com/en/shop/sogutma/79e4-27nmv-01	2026-09-21
P0_RECOVER_PRODUCT	COMMERCE_LEAK_NOINDEX	"noindex" etiketi tarafından hariç tutuldu	sellable_or_shop_pdp_noindexed	remove_noindex_on_sellable_pdp	high	en	shop_pdp	yikama	535111	/en/shop/yikama/535111	False	True	https://equsto.com/en/shop/yikama/535111	2026-09-21
P0_RECOVER_PRODUCT	COMMERCE_LEAK_NOINDEX	"noindex" etiketi tarafından hariç tutuldu	sellable_or_shop_pdp_noindexed	remove_noindex_on_sellable_pdp	high	en	shop_pdp	araba	ino-abs15	/en/shop/araba/ino-abs15	False	True	https://equsto.com/en/shop/araba/ino-abs15	2026-09-21
P0_RECOVER_PRODUCT	COMMERCE_LEAK_NOINDEX	"noindex" etiketi tarafından hariç tutuldu	sellable_or_shop_pdp_noindexed	remove_noindex_on_sellable_pdp	high	en	shop_pdp	set-ustu-mutfak	8893-up247-b0	/en/shop/set-ustu-mutfak/8893-up247-b0	False	True	https://equsto.com/en/shop/set-ustu-mutfak/8893-up247-b0	2026-09-21
P0_RECOVER_PRODUCT	COMMERCE_LEAK_NOINDEX	"noindex" etiketi tarafından hariç tutuldu	sellable_or_shop_pdp_noindexed	remove_noindex_on_sellable_pdp	high	en	shop_pdp	market-reyonlari	eq-falcon-eq175	/en/shop/market-reyonlari/eq-falcon-eq175	False	True	https://equsto.com/en/shop/market-reyonlari/eq-falcon-eq175	2026-09-21
P0_RECOVER_PRODUCT	COMMERCE_LEAK_NOINDEX	"noindex" etiketi tarafından hariç tutuldu	sellable_or_shop_pdp_noindexed	remove_noindex_on_sellable_pdp	high	en	shop_pdp	pisirme	ino-fke06	/en/shop/pisirme/ino-fke06	False	True	https://equsto.com/en/shop/pisirme/ino-fke06	2026-09-21
P0_RECOVER_PRODUCT	COMMERCE_LEAK_NOINDEX	"noindex" etiketi tarafından hariç tutuldu	sellable_or_shop_pdp_noindexed	remove_noindex_on_sellable_pdp	high	en	shop_pdp	tezgah	7911-12060-31	/en/shop/tezgah/7911-12060-31	False	True	https://equsto.com/en/shop/tezgah/7911-12060-31	2026-09-21
P0_RECOVER_PRODUCT	COMMERCE_LEAK_NOINDEX	"noindex" etiketi tarafından hariç tutuldu	sellable_or_shop_pdp_noindexed	remove_noindex_on_sellable_pdp	high	en	shop_pdp	tezgah	7911-12060-08	/en/shop/tezgah/7911-12060-08	False	True	https://equsto.com/en/shop/tezgah/7911-12060-08	2026-09-21
P0_RECOVER_PRODUCT	COMMERCE_LEAK_NOINDEX	"noindex" etiketi tarafından hariç tutuldu	sellable_or_shop_pdp_noindexed	remove_noindex_on_sellable_pdp	high	en	shop_pdp	market-reyonlari	eq-falcon-sld-eq113	/en/shop/market-reyonlari/eq-falcon-sld-eq113	True	True	https://equsto.com/en/login?mode=register&next=/en/shop/market-reyonlari/eq-falcon-sld-eq113	2026-09-21
P0_RECOVER_PRODUCT	COMMERCE_LEAK_NOINDEX	"noindex" etiketi tarafından hariç tutuldu	sellable_or_shop_pdp_noindexed	remove_noindex_on_sellable_pdp	high	en	shop_pdp	pisirme	npicco26-1	/en/shop/pisirme/npicco26-1	False	True	https://equsto.com/en/shop/pisirme/npicco26-1	2026-09-21
P0_RECOVER_PRODUCT	COMMERCE_LEAK_NOINDEX	"noindex" etiketi tarafından hariç tutuldu	sellable_or_shop_pdp_noindexed	remove_noindex_on_sellable_pdp	high	en	shop_pdp	market-reyonlari	eq-lion-sld-eq22	/en/shop/market-reyonlari/eq-lion-sld-eq22	False	True	https://equsto.com/en/shop/market-reyonlari/eq-lion-sld-eq22	2026-09-21
P0_RECOVER_PRODUCT	COMMERCE_LEAK_NOINDEX	"noindex" etiketi tarafından hariç tutuldu	sellable_or_shop_pdp_noindexed	remove_noindex_on_sellable_pdp	high	en	shop_pdp	sogutma	tts-2n70-e	/en/shop/sogutma/tts-2n70-e	False	True	https://equsto.com/en/shop/sogutma/tts-2n70-e	2026-09-21
P0_RECOVER_PRODUCT	COMMERCE_LEAK_NOINDEX	"noindex" etiketi tarafından hariç tutuldu	sellable_or_shop_pdp_noindexed	remove_noindex_on_sellable_pdp	high	en	shop_pdp	yikama	7960-02929-5o3	/en/shop/yikama/7960-02929-5o3	False	True	https://equsto.com/en/shop/yikama/7960-02929-5o3	2026-09-21
P0_RECOVER_PRODUCT	COMMERCE_LEAK_NOINDEX	"noindex" etiketi tarafından hariç tutuldu	sellable_or_shop_pdp_noindexed	remove_noindex_on_sellable_pdp	high	en	shop_pdp	pisirme	xb895	/en/shop/pisirme/xb895	True	True	https://equsto.com/en/login?mode=register&next=/en/shop/pisirme/xb895	2026-09-21
P0_RECOVER_PRODUCT	COMMERCE_LEAK_NOINDEX	"noindex" etiketi tarafından hariç tutuldu	sellable_or_shop_pdp_noindexed	remove_noindex_on_sellable_pdp	high	tr	shop_pdp	set-ustu-mutfak	8315-00011-00	/shop/set-ustu-mutfak/8315-00011-00	True	True	https://equsto.com/en/login?next=/shop/set-ustu-mutfak/8315-00011-00	2026-09-21
P0_RECOVER_PRODUCT	COMMERCE_LEAK_NOINDEX	"noindex" etiketi tarafından hariç tutuldu	sellable_or_shop_pdp_noindexed	remove_noindex_on_sellable_pdp	high	en	shop_pdp	sogutma	725149	/en/shop/sogutma/725149	False	True	https://equsto.com/en/shop/sogutma/725149	2026-09-21
P0_RECOVER_PRODUCT	COMMERCE_LEAK_NOINDEX	"noindex" etiketi tarafından hariç tutuldu	sellable_or_shop_pdp_noindexed	remove_noindex_on_sellable_pdp	high	tr	shop_pdp	market-reyonlari	eq-split-sogutma-sistemi-eq1	/shop/market-reyonlari/eq-split-sogutma-sistemi-eq1	True	False	https://equsto.com/en/login?next=/shop/market-reyonlari/eq-split-sogutma-sistemi-eq1	2026-09-21
P0_RECOVER_PRODUCT	COMMERCE_LEAK_NOINDEX	"noindex" etiketi tarafından hariç tutuldu	sellable_or_shop_pdp_noindexed	remove_noindex_on_sellable_pdp	high	en	shop_pdp	set-ustu-mutfak	0213-11010-01	/en/shop/set-ustu-mutfak/0213-11010-01	False	True	https://equsto.com/en/shop/set-ustu-mutfak/0213-11010-01	2026-09-21
P0_RECOVER_PRODUCT	COMMERCE_LEAK_NOINDEX	"noindex" etiketi tarafından hariç tutuldu	sellable_or_shop_pdp_noindexed	remove_noindex_on_sellable_pdp	high	en	shop_pdp	hazirlik	208-600967	/en/shop/hazirlik/208-600967	False	True	https://equsto.com/en/shop/hazirlik/208-600967	2026-09-21
P0_RECOVER_PRODUCT	COMMERCE_LEAK_NOINDEX	"noindex" etiketi tarafından hariç tutuldu	sellable_or_shop_pdp_noindexed	remove_noindex_on_sellable_pdp	high	tr	shop_pdp	istif	7897-14080-40	/shop/istif/7897-14080-40	True	True	https://equsto.com/en/login?next=/shop/istif/7897-14080-40	2026-09-21
P0_RECOVER_PRODUCT	COMMERCE_LEAK_NOINDEX	"noindex" etiketi tarafından hariç tutuldu	sellable_or_shop_pdp_noindexed	remove_noindex_on_sellable_pdp	high	en	shop_pdp	set-ustu-mutfak	8893-up245-b0	/en/shop/set-ustu-mutfak/8893-up245-b0	False	True	https://equsto.com/en/shop/set-ustu-mutfak/8893-up245-b0	2026-09-21
P0_RECOVER_PRODUCT	COMMERCE_LEAK_NOINDEX	"noindex" etiketi tarafından hariç tutuldu	sellable_or_shop_pdp_noindexed	remove_noindex_on_sellable_pdp	high	tr	shop_pdp	set-ustu-mutfak	8845-0crg2-00	/shop/set-ustu-mutfak/8845-0crg2-00	True	True	https://equsto.com/en/login?mode=register&next=/shop/set-ustu-mutfak/8845-0crg2-00	2026-09-21
P0_RECOVER_PRODUCT	COMMERCE_LEAK_NOINDEX	"noindex" etiketi tarafından hariç tutuldu	sellable_or_shop_pdp_noindexed	remove_noindex_on_sellable_pdp	high	en	shop_pdp	pisirme	pi5-m004-k	/en/shop/pisirme/pi5-m004-k	True	True	https://equsto.com/en/login?mode=register&next=/en/shop/pisirme/pi5-m004-k	2026-09-21
P0_RECOVER_PRODUCT	COMMERCE_LEAK_NOINDEX	"noindex" etiketi tarafından hariç tutuldu	sellable_or_shop_pdp_noindexed	remove_noindex_on_sellable_pdp	high	en	shop_pdp	pisirme	ino-fbe40t	/en/shop/pisirme/ino-fbe40t	False	True	https://equsto.com/en/shop/pisirme/ino-fbe40t	2026-09-21
P0_RECOVER_PRODUCT	COMMERCE_LEAK_NOINDEX	"noindex" etiketi tarafından hariç tutuldu	sellable_or_shop_pdp_noindexed	remove_noindex_on_sellable_pdp	high	en	shop_pdp	market-reyonlari	mx037-1-mbl	/en/shop/market-reyonlari/mx037-1-mbl	False	True	https://equsto.com/en/shop/market-reyonlari/mx037-1-mbl	2026-09-21
P0_RECOVER_PRODUCT	COMMERCE_LEAK_NOINDEX	"noindex" etiketi tarafından hariç tutuldu	sellable_or_shop_pdp_noindexed	remove_noindex_on_sellable_pdp	high	en	shop_pdp	market-reyonlari	eq-lion-eq62	/en/shop/market-reyonlari/eq-lion-eq62	False	True	https://equsto.com/en/shop/market-reyonlari/eq-lion-eq62	2026-09-21
P0_RECOVER_PRODUCT	COMMERCE_LEAK_NOINDEX	"noindex" etiketi tarafından hariç tutuldu	sellable_or_shop_pdp_noindexed	remove_noindex_on_sellable_pdp	high	en	shop_pdp	dolap	7911-19060-44	/en/shop/tezgah/7911-19060-44	True	True	https://equsto.com/en/login?mode=register&next=/en/shop/dolap/7911-19060-44	2026-09-21
P0_RECOVER_PRODUCT	COMMERCE_LEAK_NOINDEX	"noindex" etiketi tarafından hariç tutuldu	sellable_or_shop_pdp_noindexed	remove_noindex_on_sellable_pdp	high	en	shop_pdp	pisirme	7961-11829-7y4	/en/shop/yikama/7961-11829-7y4	True	True	https://equsto.com/en/login?mode=register&next=/en/shop/pisirme/7961-11829-7y4	2026-09-21
P0_RECOVER_PRODUCT	COMMERCE_LEAK_NOINDEX	"noindex" etiketi tarafından hariç tutuldu	sellable_or_shop_pdp_noindexed	remove_noindex_on_sellable_pdp	high	en	shop_pdp	set-ustu-mutfak	0311-13200-41	/en/shop/set-ustu-mutfak/0311-13200-41	False	True	https://equsto.com/en/shop/set-ustu-mutfak/0311-13200-41	2026-09-21
P0_RECOVER_PRODUCT	COMMERCE_LEAK_NOINDEX	"noindex" etiketi tarafından hariç tutuldu	sellable_or_shop_pdp_noindexed	remove_noindex_on_sellable_pdp	high	en	shop_pdp	market-reyonlari	eq-tiger-cg-eq4	/en/shop/market-reyonlari/eq-tiger-cg-eq4	True	True	https://equsto.com/en/login?mode=register&next=/en/shop/market-reyonlari/eq-tiger-cg-eq4	2026-09-21
P0_RECOVER_PRODUCT	COMMERCE_LEAK_NOINDEX	"noindex" etiketi tarafından hariç tutuldu	sellable_or_shop_pdp_noindexed	remove_noindex_on_sellable_pdp	high	en	shop_pdp	pisirme	eagi-860-ncr	/en/shop/pisirme/eagi-860-ncr	False	True	https://equsto.com/en/shop/pisirme/eagi-860-ncr	2026-09-21
P0_RECOVER_PRODUCT	COMMERCE_LEAK_NOINDEX	"noindex" etiketi tarafından hariç tutuldu	sellable_or_shop_pdp_noindexed	remove_noindex_on_sellable_pdp	high	en	shop_pdp	pisirme	amp-673	/en/shop/pisirme/amp-673	False	True	https://equsto.com/en/shop/pisirme/amp-673	2026-09-21
P0_RECOVER_PRODUCT	COMMERCE_LEAK_NOINDEX	"noindex" etiketi tarafından hariç tutuldu	sellable_or_shop_pdp_noindexed	remove_noindex_on_sellable_pdp	high	en	shop_pdp	istif	8897-56151-p0	/en/shop/istif/8897-56151-p0	False	True	https://equsto.com/en/shop/istif/8897-56151-p0	2026-09-21
P0_RECOVER_PRODUCT	COMMERCE_LEAK_NOINDEX	"noindex" etiketi tarafından hariç tutuldu	sellable_or_shop_pdp_noindexed	remove_noindex_on_sellable_pdp	high	en	shop_pdp	set-ustu-mutfak	9649-00mj2-00	/en/shop/set-ustu-mutfak/9649-00mj2-00	False	True	https://equsto.com/en/shop/set-ustu-mutfak/9649-00mj2-00	2026-09-21
P0_RECOVER_PRODUCT	COMMERCE_LEAK_NOINDEX	"noindex" etiketi tarafından hariç tutuldu	sellable_or_shop_pdp_noindexed	remove_noindex_on_sellable_pdp	high	en	shop_pdp	dolap	7911-19060-04a	/en/shop/tezgah/7911-19060-04a	False	True	https://equsto.com/en/shop/dolap/7911-19060-04a	2026-09-21
P0_RECOVER_PRODUCT	COMMERCE_LEAK_NOINDEX	"noindex" etiketi tarafından hariç tutuldu	sellable_or_shop_pdp_noindexed	remove_noindex_on_sellable_pdp	high	en	shop_pdp	tezgah	7911-19060-04a	/en/shop/tezgah/7911-19060-04a	False	True	https://equsto.com/en/shop/tezgah/7911-19060-04a	2026-09-21
P0_RECOVER_PRODUCT	COMMERCE_LEAK_NOINDEX	"noindex" etiketi tarafından hariç tutuldu	sellable_or_shop_pdp_noindexed	remove_noindex_on_sellable_pdp	high	en	shop_pdp	set-ustu-mutfak	0312-00021-11	/en/shop/set-ustu-mutfak/0312-00021-11	False	True	https://equsto.com/en/shop/set-ustu-mutfak/0312-00021-11	2026-09-21
P0_RECOVER_PRODUCT	COMMERCE_LEAK_NOINDEX	"noindex" etiketi tarafından hariç tutuldu	sellable_or_shop_pdp_noindexed	remove_noindex_on_sellable_pdp	high	en	shop_pdp	yikama	0759-04031-00	/en/shop/yikama/0759-04031-00	False	True	https://equsto.com/en/shop/yikama/0759-04031-00	2026-09-21
P0_RECOVER_PRODUCT	COMMERCE_LEAK_NOINDEX	"noindex" etiketi tarafından hariç tutuldu	sellable_or_shop_pdp_noindexed	remove_noindex_on_sellable_pdp	high	en	shop_pdp	hazirlik	208-600336	/en/shop/hazirlik/208-600336	False	True	https://equsto.com/en/shop/hazirlik/208-600336	2026-09-21
P0_RECOVER_PRODUCT	COMMERCE_LEAK_NOINDEX	"noindex" etiketi tarafından hariç tutuldu	sellable_or_shop_pdp_noindexed	remove_noindex_on_sellable_pdp		en	shop_pdp	market-reyonlari	eq-fulya-nv-tp-eq22		True	False	https://equsto.com/en/login?mode=register&next=/en/shop/market-reyonlari/eq-fulya-nv-tp-eq22	2026-09-21
P0_RECOVER_PRODUCT	COMMERCE_LEAK_NOINDEX	"noindex" etiketi tarafından hariç tutuldu	sellable_or_shop_pdp_noindexed	remove_noindex_on_sellable_pdp	high	en	shop_pdp	pisirme	8890-md120-01	/en/shop/pisirme/8890-md120-01	False	True	https://equsto.com/en/shop/pisirme/8890-md120-01	2026-09-21
P0_RECOVER_PRODUCT	COMMERCE_LEAK_NOINDEX	"noindex" etiketi tarafından hariç tutuldu	sellable_or_shop_pdp_noindexed	remove_noindex_on_sellable_pdp		en	shop_pdp	sogutma	portabianco-monoblok-tezgah-tip-iki-kapili-buzdo		True	False	https://equsto.com/en/login?mode=register&next=/en/shop/sogutma/portabianco-monoblok-tezgah-tip-iki-kapili-buzdo	2026-09-21
P0_RECOVER_PRODUCT	COMMERCE_LEAK_NOINDEX	"noindex" etiketi tarafından hariç tutuldu	sellable_or_shop_pdp_noindexed	remove_noindex_on_sellable_pdp	high	en	shop_pdp	dolap	7911-16070-09	/en/shop/tezgah/7911-16070-09	True	True	https://equsto.com/en/login?mode=register&next=/en/shop/dolap/7911-16070-09	2026-09-21
P0_RECOVER_PRODUCT	COMMERCE_LEAK_NOINDEX	"noindex" etiketi tarafından hariç tutuldu	sellable_or_shop_pdp_noindexed	remove_noindex_on_sellable_pdp	high	en	shop_pdp	pisirme	aaig-873-lpg	/en/shop/pisirme/aaig-873-lpg	False	True	https://equsto.com/en/shop/pisirme/aaig-873-lpg	2026-09-21
P0_RECOVER_PRODUCT	COMMERCE_LEAK_NOINDEX	"noindex" etiketi tarafından hariç tutuldu	sellable_or_shop_pdp_noindexed	remove_noindex_on_sellable_pdp	high	en	shop_pdp	pisirme	aaig-490s-lpg	/en/shop/pisirme/aaig-490s-lpg	False	True	https://equsto.com/en/shop/pisirme/aaig-490s-lpg	2026-09-21
P0_RECOVER_PRODUCT	COMMERCE_LEAK_NOINDEX	"noindex" etiketi tarafından hariç tutuldu	sellable_or_shop_pdp_noindexed	remove_noindex_on_sellable_pdp	high	en	shop_pdp	pisirme	xeda-0611-gxrs	/en/shop/pisirme/xeda-0611-gxrs	False	True	https://equsto.com/en/shop/pisirme/xeda-0611-gxrs	2026-09-21
P0_RECOVER_PRODUCT	COMMERCE_LEAK_NOINDEX	"noindex" etiketi tarafından hariç tutuldu	sellable_or_shop_pdp_noindexed	remove_noindex_on_sellable_pdp	high	en	shop_pdp	pisirme	eagi-1060-ndcr	/en/shop/pisirme/eagi-1060-ndcr	True	True	https://equsto.com/en/login?mode=register&next=/en/shop/pisirme/eagi-1060-ndcr	2026-09-21
P0_RECOVER_PRODUCT	COMMERCE_LEAK_NOINDEX	"noindex" etiketi tarafından hariç tutuldu	sellable_or_shop_pdp_noindexed	remove_noindex_on_sellable_pdp	high	en	shop_pdp	pisirme	xb895	/en/shop/pisirme/xb895	False	True	https://equsto.com/en/shop/pisirme/xb895	2026-09-21
P0_RECOVER_PRODUCT	COMMERCE_LEAK_NOINDEX	"noindex" etiketi tarafından hariç tutuldu	sellable_or_shop_pdp_noindexed	remove_noindex_on_sellable_pdp	high	en	shop_pdp	pisirme	xevc-0511-ezrm	/en/shop/pisirme/xevc-0511-ezrm	False	True	https://equsto.com/en/shop/pisirme/xevc-0511-ezrm	2026-09-21
P0_RECOVER_PRODUCT	COMMERCE_LEAK_NOINDEX	"noindex" etiketi tarafından hariç tutuldu	sellable_or_shop_pdp_noindexed	remove_noindex_on_sellable_pdp	high	en	shop_pdp	dolap	7911-12070-09	/en/shop/tezgah/7911-12070-09	False	True	https://equsto.com/en/shop/dolap/7911-12070-09	2026-09-21
P0_RECOVER_PRODUCT	COMMERCE_LEAK_NOINDEX	"noindex" etiketi tarafından hariç tutuldu	sellable_or_shop_pdp_noindexed	remove_noindex_on_sellable_pdp	high	en	shop_pdp	tezgah	7911-12070-09	/en/shop/tezgah/7911-12070-09	False	True	https://equsto.com/en/shop/tezgah/7911-12070-09	2026-09-21
P0_RECOVER_PRODUCT	COMMERCE_LEAK_NOINDEX	"noindex" etiketi tarafından hariç tutuldu	sellable_or_shop_pdp_noindexed	remove_noindex_on_sellable_pdp	high	en	shop_pdp	dolap	7754-167b5-25	/en/shop/tezgah/7754-167b5-25	False	True	https://equsto.com/en/shop/dolap/7754-167b5-25	2026-09-21
P0_RECOVER_PRODUCT	COMMERCE_LEAK_NOINDEX	"noindex" etiketi tarafından hariç tutuldu	sellable_or_shop_pdp_noindexed	remove_noindex_on_sellable_pdp	high	en	shop_pdp	tezgah	7754-167b5-25	/en/shop/tezgah/7754-167b5-25	False	True	https://equsto.com/en/shop/tezgah/7754-167b5-25	2026-09-21
P0_RECOVER_PRODUCT	COMMERCE_LEAK_NOINDEX	"noindex" etiketi tarafından hariç tutuldu	sellable_or_shop_pdp_noindexed	remove_noindex_on_sellable_pdp	high	en	shop_pdp	pisirme	xebdc-02eu-c	/en/shop/pisirme/xebdc-02eu-c	False	True	https://equsto.com/en/shop/pisirme/xebdc-02eu-c	2026-09-21
P0_RECOVER_PRODUCT	COMMERCE_LEAK_NOINDEX	"noindex" etiketi tarafından hariç tutuldu	sellable_or_shop_pdp_noindexed	remove_noindex_on_sellable_pdp	high	en	shop_pdp	yikama	7960-02929-5o2	/en/shop/yikama/7960-02929-5o2	False	True	https://equsto.com/en/shop/yikama/7960-02929-5o2	2026-09-21
P0_RECOVER_PRODUCT	COMMERCE_LEAK_NOINDEX	"noindex" etiketi tarafından hariç tutuldu	sellable_or_shop_pdp_noindexed	remove_noindex_on_sellable_pdp	high	en	shop_pdp	tezgah	133117	/en/shop/tezgah/133117	False	True	https://equsto.com/en/shop/tezgah/133117	2026-09-21
P0_RECOVER_PRODUCT	COMMERCE_LEAK_NOINDEX	"noindex" etiketi tarafından hariç tutuldu	sellable_or_shop_pdp_noindexed	remove_noindex_on_sellable_pdp	high	en	shop_pdp	tezgah	ino-ksf190	/en/shop/tezgah/ino-ksf190	False	True	https://equsto.com/en/shop/tezgah/ino-ksf190	2026-09-21
P0_RECOVER_PRODUCT	COMMERCE_LEAK_NOINDEX	"noindex" etiketi tarafından hariç tutuldu	sellable_or_shop_pdp_noindexed	remove_noindex_on_sellable_pdp	high	en	shop_pdp	market-reyonlari	eq-lion-sld-eq48	/en/shop/market-reyonlari/eq-lion-sld-eq48	False	True	https://equsto.com/en/shop/market-reyonlari/eq-lion-sld-eq48	2026-09-21
P0_RECOVER_PRODUCT	COMMERCE_LEAK_NOINDEX	"noindex" etiketi tarafından hariç tutuldu	sellable_or_shop_pdp_noindexed	remove_noindex_on_sellable_pdp	high	en	shop_pdp	pisirme	ino-7be10	/en/shop/pisirme/ino-7be10	False	True	https://equsto.com/en/shop/pisirme/ino-7be10	2026-09-21
P0_RECOVER_PRODUCT	COMMERCE_LEAK_NOINDEX	"noindex" etiketi tarafından hariç tutuldu	sellable_or_shop_pdp_noindexed	remove_noindex_on_sellable_pdp	high	en	shop_pdp	set-ustu-mutfak	9830-f300e-00	/en/shop/set-ustu-mutfak/9830-f300e-00	False	True	https://equsto.com/en/shop/set-ustu-mutfak/9830-f300e-00	2026-09-21
P0_RECOVER_PRODUCT	COMMERCE_LEAK_NOINDEX	"noindex" etiketi tarafından hariç tutuldu	sellable_or_shop_pdp_noindexed	remove_noindex_on_sellable_pdp	high	en	shop_pdp	pisirme	xefr-04hs-etdv	/en/shop/pisirme/xefr-04hs-etdv	False	True	https://equsto.com/en/shop/pisirme/xefr-04hs-etdv	2026-09-21
P0_RECOVER_PRODUCT	COMMERCE_LEAK_NOINDEX	"noindex" etiketi tarafından hariç tutuldu	sellable_or_shop_pdp_noindexed	remove_noindex_on_sellable_pdp	high	en	shop_pdp	set-ustu-mutfak	8860-ops03-38	/en/shop/set-ustu-mutfak/8860-ops03-38	False	True	https://equsto.com/en/shop/set-ustu-mutfak/8860-ops03-38	2026-09-21
P0_RECOVER_PRODUCT	COMMERCE_LEAK_NOINDEX	"noindex" etiketi tarafından hariç tutuldu	sellable_or_shop_pdp_noindexed	remove_noindex_on_sellable_pdp		en	shop_pdp	market-reyonlari	eq-fulya-nv-lm-eq15		True	False	https://equsto.com/en/login?mode=register&next=/en/shop/market-reyonlari/eq-fulya-nv-lm-eq15	2026-09-21
P0_RECOVER_PRODUCT	COMMERCE_LEAK_NOINDEX	"noindex" etiketi tarafından hariç tutuldu	sellable_or_shop_pdp_noindexed	remove_noindex_on_sellable_pdp	high	en	shop_pdp	pisirme	xb893	/en/shop/pisirme/xb893	False	True	https://equsto.com/en/shop/pisirme/xb893	2026-09-21
P0_RECOVER_PRODUCT	COMMERCE_LEAK_NOINDEX	"noindex" etiketi tarafından hariç tutuldu	sellable_or_shop_pdp_noindexed	remove_noindex_on_sellable_pdp	high	en	shop_pdp	pisirme	xela-05eu-exrs	/en/shop/pisirme/xela-05eu-exrs	False	True	https://equsto.com/en/shop/pisirme/xela-05eu-exrs	2026-09-21
P0_RECOVER_PRODUCT	COMMERCE_LEAK_NOINDEX	"noindex" etiketi tarafından hariç tutuldu	sellable_or_shop_pdp_noindexed	remove_noindex_on_sellable_pdp	high	en	shop_pdp	kahve	vkd-p25s	/en/shop/kahve/vkd-p25s	False	True	https://equsto.com/en/shop/kahve/vkd-p25s	2026-09-21
P0_RECOVER_PRODUCT	COMMERCE_LEAK_NOINDEX	"noindex" etiketi tarafından hariç tutuldu	sellable_or_shop_pdp_noindexed	remove_noindex_on_sellable_pdp	high	en	shop_pdp	dolap	7758-146eb-11	/en/shop/tezgah/7758-146eb-11	False	True	https://equsto.com/en/shop/dolap/7758-146eb-11	2026-09-21
P0_RECOVER_PRODUCT	COMMERCE_LEAK_NOINDEX	"noindex" etiketi tarafından hariç tutuldu	sellable_or_shop_pdp_noindexed	remove_noindex_on_sellable_pdp	high	en	shop_pdp	tezgah	7758-146eb-11	/en/shop/tezgah/7758-146eb-11	False	True	https://equsto.com/en/shop/tezgah/7758-146eb-11	2026-09-21
P0_RECOVER_PRODUCT	COMMERCE_LEAK_NOINDEX	"noindex" etiketi tarafından hariç tutuldu	sellable_or_shop_pdp_noindexed	remove_noindex_on_sellable_pdp	high	en	shop_pdp	tezgah	7911-16070-00	/en/shop/tezgah/7911-16070-00	False	True	https://equsto.com/en/shop/tezgah/7911-16070-00	2026-09-20
P0_RECOVER_PRODUCT	COMMERCE_LEAK_NOINDEX	"noindex" etiketi tarafından hariç tutuldu	sellable_or_shop_pdp_noindexed	remove_noindex_on_sellable_pdp	high	en	shop_pdp	pisirme	npicco712-3	/en/shop/pisirme/npicco712-3	False	True	https://equsto.com/en/shop/pisirme/npicco712-3	2026-09-20
P0_RECOVER_PRODUCT	COMMERCE_LEAK_NOINDEX	"noindex" etiketi tarafından hariç tutuldu	sellable_or_shop_pdp_noindexed	remove_noindex_on_sellable_pdp	high	en	shop_pdp	pisirme	asm-4g	/en/shop/pisirme/asm-4g	False	True	https://equsto.com/en/shop/pisirme/asm-4g	2026-09-20
P0_RECOVER_PRODUCT	COMMERCE_LEAK_NOINDEX	"noindex" etiketi tarafından hariç tutuldu	sellable_or_shop_pdp_noindexed	remove_noindex_on_sellable_pdp	high	en	shop_pdp	araba	c130b	/en/shop/araba/c130b	False	True	https://equsto.com/en/shop/araba/c130b	2026-09-20
P0_RECOVER_PRODUCT	COMMERCE_LEAK_NOINDEX	"noindex" etiketi tarafından hariç tutuldu	sellable_or_shop_pdp_noindexed	remove_noindex_on_sellable_pdp	high	en	shop_pdp	icecek	8593-su120-00	/en/shop/icecek/8593-su120-00	False	True	https://equsto.com/en/shop/icecek/8593-su120-00	2026-09-20
P0_RECOVER_PRODUCT	COMMERCE_LEAK_NOINDEX	"noindex" etiketi tarafından hariç tutuldu	sellable_or_shop_pdp_noindexed	remove_noindex_on_sellable_pdp	high	en	shop_pdp	hazirlik	vdd-110	/en/shop/hazirlik/vdd-110	False	True	https://equsto.com/en/shop/hazirlik/vdd-110	2026-09-20
P0_RECOVER_PRODUCT	COMMERCE_LEAK_NOINDEX	"noindex" etiketi tarafından hariç tutuldu	sellable_or_shop_pdp_noindexed	remove_noindex_on_sellable_pdp	high	en	shop_pdp	set-ustu-mutfak	8315-00014-00	/en/shop/set-ustu-mutfak/8315-00014-00	False	True	https://equsto.com/en/shop/set-ustu-mutfak/8315-00014-00	2026-09-20
P0_RECOVER_PRODUCT	COMMERCE_LEAK_NOINDEX	"noindex" etiketi tarafından hariç tutuldu	sellable_or_shop_pdp_noindexed	remove_noindex_on_sellable_pdp	high	tr	shop_pdp	set-ustu-mutfak	oztiryakiler-endustriyel-mutfak__7754-410833	/shop/set-ustu-mutfak/7754-410833	False	True	https://equsto.com/shop/set-ustu-mutfak/oztiryakiler-endustriyel-mutfak__7754-410833	2026-09-20
P0_RECOVER_PRODUCT	COMMERCE_LEAK_NOINDEX	"noindex" etiketi tarafından hariç tutuldu	sellable_or_shop_pdp_noindexed	remove_noindex_on_sellable_pdp	high	en	shop_pdp	yikama	ino-byk360l-k70-hr	/en/shop/yikama/ino-byk360l-k70-hr	False	True	https://equsto.com/en/shop/yikama/ino-byk360l-k70-hr	2026-09-20
P0_RECOVER_PRODUCT	COMMERCE_LEAK_NOINDEX	"noindex" etiketi tarafından hariç tutuldu	sellable_or_shop_pdp_noindexed	remove_noindex_on_sellable_pdp	high	en	shop_pdp	set-ustu-mutfak	0311-14020-21	/en/shop/set-ustu-mutfak/0311-14020-21	True	True	https://equsto.com/en/login?mode=register&next=/en/shop/set-ustu-mutfak/0311-14020-21	2026-09-20
P0_RECOVER_PRODUCT	COMMERCE_LEAK_NOINDEX	"noindex" etiketi tarafından hariç tutuldu	sellable_or_shop_pdp_noindexed	remove_noindex_on_sellable_pdp	high	en	shop_pdp	dolap	7911-19070-23p	/en/shop/tezgah/7911-19070-23p	False	True	https://equsto.com/en/shop/dolap/7911-19070-23p	2026-09-20
P0_RECOVER_PRODUCT	COMMERCE_LEAK_NOINDEX	"noindex" etiketi tarafından hariç tutuldu	sellable_or_shop_pdp_noindexed	remove_noindex_on_sellable_pdp	high	en	shop_pdp	set-ustu-mutfak	8760-0ccgt-15	/en/shop/set-ustu-mutfak/8760-0ccgt-15	False	True	https://equsto.com/en/shop/set-ustu-mutfak/8760-0ccgt-15	2026-09-20
P0_RECOVER_PRODUCT	COMMERCE_LEAK_NOINDEX	"noindex" etiketi tarafından hariç tutuldu	sellable_or_shop_pdp_noindexed	remove_noindex_on_sellable_pdp	high	en	shop_pdp	icecek	251-1280	/en/shop/icecek/251-1280	False	True	https://equsto.com/en/shop/icecek/251-1280	2026-09-20
P0_RECOVER_PRODUCT	COMMERCE_LEAK_NOINDEX	"noindex" etiketi tarafından hariç tutuldu	sellable_or_shop_pdp_noindexed	remove_noindex_on_sellable_pdp	high	en	shop_pdp	pisirme	7876-n1-12905-00	/en/shop/pisirme/7876-n1-12905-00	False	True	https://equsto.com/en/shop/pisirme/7876-n1-12905-00	2026-09-20
P0_RECOVER_PRODUCT	COMMERCE_LEAK_NOINDEX	"noindex" etiketi tarafından hariç tutuldu	sellable_or_shop_pdp_noindexed	remove_noindex_on_sellable_pdp	high	en	shop_pdp	set-ustu-mutfak	8315-ppl12-00	/en/shop/set-ustu-mutfak/8315-ppl12-00	False	True	https://equsto.com/en/shop/set-ustu-mutfak/8315-ppl12-00	2026-09-20
P0_RECOVER_PRODUCT	COMMERCE_LEAK_NOINDEX	"noindex" etiketi tarafından hariç tutuldu	sellable_or_shop_pdp_noindexed	remove_noindex_on_sellable_pdp	high	en	shop_pdp	set-ustu-mutfak	0312-00024-13	/en/shop/set-ustu-mutfak/0312-00024-13	True	True	https://equsto.com/en/login?mode=register&next=/en/shop/set-ustu-mutfak/0312-00024-13	2026-09-20
P0_RECOVER_PRODUCT	COMMERCE_LEAK_NOINDEX	"noindex" etiketi tarafından hariç tutuldu	sellable_or_shop_pdp_noindexed	remove_noindex_on_sellable_pdp	high	en	shop_pdp	tezgah	7754-166a5-21	/en/shop/tezgah/7754-166a5-21	False	True	https://equsto.com/en/shop/tezgah/7754-166a5-21	2026-09-20
P0_RECOVER_PRODUCT	COMMERCE_LEAK_NOINDEX	"noindex" etiketi tarafından hariç tutuldu	sellable_or_shop_pdp_noindexed	remove_noindex_on_sellable_pdp	high	en	shop_pdp	sogutma	asbhdg-3n70	/en/shop/sogutma/asbhdg-3n70	False	True	https://equsto.com/en/shop/sogutma/asbhdg-3n70	2026-09-20
P0_RECOVER_PRODUCT	COMMERCE_LEAK_NOINDEX	"noindex" etiketi tarafından hariç tutuldu	sellable_or_shop_pdp_noindexed	remove_noindex_on_sellable_pdp	high	en	shop_pdp	sogutma	ttx-2n70	/en/shop/sogutma/ttx-2n70	False	True	https://equsto.com/en/shop/sogutma/ttx-2n70	2026-09-20
P0_RECOVER_PRODUCT	COMMERCE_LEAK_NOINDEX	"noindex" etiketi tarafından hariç tutuldu	sellable_or_shop_pdp_noindexed	remove_noindex_on_sellable_pdp	high	en	shop_pdp	pisirme	391155	/en/shop/pisirme/391155	False	True	https://equsto.com/en/shop/pisirme/391155	2026-09-20
P0_RECOVER_PRODUCT	COMMERCE_LEAK_NOINDEX	"noindex" etiketi tarafından hariç tutuldu	sellable_or_shop_pdp_noindexed	remove_noindex_on_sellable_pdp	high	en	shop_pdp	set-ustu-mutfak	vbl-813	/en/shop/set-ustu-mutfak/vbl-813	False	True	https://equsto.com/en/shop/set-ustu-mutfak/vbl-813	2026-09-20
P0_RECOVER_PRODUCT	COMMERCE_LEAK_NOINDEX	"noindex" etiketi tarafından hariç tutuldu	sellable_or_shop_pdp_noindexed	remove_noindex_on_sellable_pdp	high	en	shop_pdp	pisirme	ino-7kg21	/en/shop/pisirme/ino-7kg21	False	True	https://equsto.com/en/shop/pisirme/ino-7kg21	2026-09-20
P0_RECOVER_PRODUCT	COMMERCE_LEAK_NOINDEX	"noindex" etiketi tarafından hariç tutuldu	sellable_or_shop_pdp_noindexed	remove_noindex_on_sellable_pdp	high	en	shop_pdp	sogutma	tt-4d60-e	/en/shop/sogutma/tt-4d60-e	False	True	https://equsto.com/en/shop/sogutma/tt-4d60-e	2026-09-20
P0_RECOVER_PRODUCT	COMMERCE_LEAK_NOINDEX	"noindex" etiketi tarafından hariç tutuldu	sellable_or_shop_pdp_noindexed	remove_noindex_on_sellable_pdp	high	en	shop_pdp	pisirme	npicco29-2	/en/shop/pisirme/npicco29-2	False	True	https://equsto.com/en/shop/pisirme/npicco29-2	2026-09-20
P0_RECOVER_PRODUCT	COMMERCE_LEAK_NOINDEX	"noindex" etiketi tarafından hariç tutuldu	sellable_or_shop_pdp_noindexed	remove_noindex_on_sellable_pdp	high	en	shop_pdp	sogutma	118-dt-9	/en/shop/sogutma/118-dt-9	False	True	https://equsto.com/en/shop/sogutma/118-dt-9	2026-09-20
P0_RECOVER_PRODUCT	COMMERCE_LEAK_NOINDEX	"noindex" etiketi tarafından hariç tutuldu	sellable_or_shop_pdp_noindexed	remove_noindex_on_sellable_pdp	high	en	shop_pdp	icecek	8573-csge5s	/en/shop/icecek/8573-csge5s	False	True	https://equsto.com/en/shop/icecek/8573-csge5s	2026-09-20
P0_RECOVER_PRODUCT	COMMERCE_LEAK_NOINDEX	"noindex" etiketi tarafından hariç tutuldu	sellable_or_shop_pdp_noindexed	remove_noindex_on_sellable_pdp	high	en	shop_pdp	pisirme	ino-zco-7fg10	/en/shop/pisirme/ino-zco-7fg10	False	True	https://equsto.com/en/shop/pisirme/ino-zco-7fg10	2026-09-20
P0_RECOVER_PRODUCT	COMMERCE_LEAK_NOINDEX	"noindex" etiketi tarafından hariç tutuldu	sellable_or_shop_pdp_noindexed	remove_noindex_on_sellable_pdp	high	en	shop_pdp	tezgah	ino-ksn195-1nr	/en/shop/tezgah/ino-ksn195-1nr	False	True	https://equsto.com/en/shop/tezgah/ino-ksn195-1nr	2026-09-20
P0_RECOVER_PRODUCT	COMMERCE_LEAK_NOINDEX	"noindex" etiketi tarafından hariç tutuldu	sellable_or_shop_pdp_noindexed	remove_noindex_on_sellable_pdp	high	en	shop_pdp	araba	yukselsatis__yuvarlak-cop-arabasi	/en/shop/araba/mb126x	False	True	https://equsto.com/en/shop/araba/yukselsatis__yuvarlak-cop-arabasi	2026-09-20
P0_RECOVER_PRODUCT	COMMERCE_LEAK_NOINDEX	"noindex" etiketi tarafından hariç tutuldu	sellable_or_shop_pdp_noindexed	remove_noindex_on_sellable_pdp	high	en	shop_pdp	pisirme	npicco29-1	/en/shop/pisirme/npicco29-1	False	True	https://equsto.com/en/shop/pisirme/npicco29-1	2026-09-20
P0_RECOVER_PRODUCT	COMMERCE_LEAK_NOINDEX	"noindex" etiketi tarafından hariç tutuldu	sellable_or_shop_pdp_noindexed	remove_noindex_on_sellable_pdp	high	en	shop_pdp	set-ustu-mutfak	0311-21065-30	/en/shop/set-ustu-mutfak/0311-21065-30	False	True	https://equsto.com/en/shop/set-ustu-mutfak/0311-21065-30	2026-09-20
P0_RECOVER_PRODUCT	COMMERCE_LEAK_NOINDEX	"noindex" etiketi tarafından hariç tutuldu	sellable_or_shop_pdp_noindexed	remove_noindex_on_sellable_pdp	high	en	shop_pdp	pisirme	aei-490	/en/shop/pisirme/aei-490	False	True	https://equsto.com/en/shop/pisirme/aei-490	2026-09-20
P0_RECOVER_PRODUCT	COMMERCE_LEAK_NOINDEX	"noindex" etiketi tarafından hariç tutuldu	sellable_or_shop_pdp_noindexed	remove_noindex_on_sellable_pdp	high	en	shop_pdp	pisirme	ino-fbe20t	/en/shop/pisirme/ino-fbe20t	False	True	https://equsto.com/en/shop/pisirme/ino-fbe20t	2026-09-20
P0_RECOVER_PRODUCT	COMMERCE_LEAK_NOINDEX	"noindex" etiketi tarafından hariç tutuldu	sellable_or_shop_pdp_noindexed	remove_noindex_on_sellable_pdp	high	en	shop_pdp	tezgah	ino-kdsb3	/en/shop/tezgah/ino-kdsb3	False	True	https://equsto.com/en/shop/tezgah/ino-kdsb3	2026-09-20
P0_RECOVER_PRODUCT	COMMERCE_LEAK_NOINDEX	"noindex" etiketi tarafından hariç tutuldu	sellable_or_shop_pdp_noindexed	remove_noindex_on_sellable_pdp	high	en	shop_pdp	araba	mt128x2	/en/shop/araba/mt128x2	False	True	https://equsto.com/en/shop/araba/mt128x2	2026-09-20
P0_RECOVER_PRODUCT	COMMERCE_LEAK_NOINDEX	"noindex" etiketi tarafından hariç tutuldu	sellable_or_shop_pdp_noindexed	remove_noindex_on_sellable_pdp	high	en	shop_pdp	set-ustu-mutfak	0311-12040-10	/en/shop/set-ustu-mutfak/0311-12040-10	False	True	https://equsto.com/en/shop/set-ustu-mutfak/0311-12040-10	2026-09-20
P0_RECOVER_PRODUCT	COMMERCE_LEAK_NOINDEX	"noindex" etiketi tarafından hariç tutuldu	sellable_or_shop_pdp_noindexed	remove_noindex_on_sellable_pdp	high	en	shop_pdp	tasima	7370-64436-80	/en/shop/tasima/7370-64436-80	False	True	https://equsto.com/en/shop/tasima/7370-64436-80	2026-09-20
P0_RECOVER_PRODUCT	COMMERCE_LEAK_NOINDEX	"noindex" etiketi tarafından hariç tutuldu	sellable_or_shop_pdp_noindexed	remove_noindex_on_sellable_pdp	high	en	shop_pdp	pisirme	npicco30-1	/en/shop/pisirme/npicco30-1	False	True	https://equsto.com/en/shop/pisirme/npicco30-1	2026-09-20
P0_RECOVER_PRODUCT	COMMERCE_LEAK_NOINDEX	"noindex" etiketi tarafından hariç tutuldu	sellable_or_shop_pdp_noindexed	remove_noindex_on_sellable_pdp	high	en	shop_pdp	pisirme	npicco712-1	/en/shop/pisirme/npicco712-1	False	True	https://equsto.com/en/shop/pisirme/npicco712-1	2026-09-20
P0_RECOVER_PRODUCT	COMMERCE_LEAK_NOINDEX	"noindex" etiketi tarafından hariç tutuldu	sellable_or_shop_pdp_noindexed	remove_noindex_on_sellable_pdp	high	en	shop_pdp	sogutma	bre-bin550vds	/en/shop/sogutma/bre-bin550vds	False	True	https://equsto.com/en/shop/sogutma/bre-bin550vds	2026-09-20
P0_RECOVER_PRODUCT	COMMERCE_LEAK_NOINDEX	"noindex" etiketi tarafından hariç tutuldu	sellable_or_shop_pdp_noindexed	remove_noindex_on_sellable_pdp	high	en	shop_pdp	tezgah	oztiryakiler-endustriyel-mutfak__7712-19070-03	/en/shop/tezgah/7712-19070-03	False	True	https://equsto.com/en/shop/tezgah/oztiryakiler-endustriyel-mutfak__7712-19070-03	2026-09-20
P0_RECOVER_PRODUCT	COMMERCE_LEAK_NOINDEX	"noindex" etiketi tarafından hariç tutuldu	sellable_or_shop_pdp_noindexed	remove_noindex_on_sellable_pdp	high	en	shop_pdp	yikama	inoksan__ino-byf-kp25	/en/shop/yikama/ino-byf-kp25	False	True	https://equsto.com/en/shop/yikama/inoksan__ino-byf-kp25	2026-09-20
P0_RECOVER_PRODUCT	COMMERCE_LEAK_NOINDEX	"noindex" etiketi tarafından hariç tutuldu	sellable_or_shop_pdp_noindexed	remove_noindex_on_sellable_pdp	high	en	shop_pdp	tezgah	7911-12060-31p	/en/shop/tezgah/7911-12060-31p	False	True	https://equsto.com/en/shop/tezgah/7911-12060-31p	2026-09-20
P0_RECOVER_PRODUCT	COMMERCE_LEAK_NOINDEX	"noindex" etiketi tarafından hariç tutuldu	sellable_or_shop_pdp_noindexed	remove_noindex_on_sellable_pdp	high	en	shop_pdp	tezgah	7911-12070-81	/en/shop/tezgah/7911-12070-81	False	True	https://equsto.com/en/shop/tezgah/7911-12070-81	2026-09-20
P0_RECOVER_PRODUCT	COMMERCE_LEAK_NOINDEX	"noindex" etiketi tarafından hariç tutuldu	sellable_or_shop_pdp_noindexed	remove_noindex_on_sellable_pdp	high	en	shop_pdp	hazirlik	bszk-2	/en/shop/hazirlik/bszk-2	False	True	https://equsto.com/en/shop/hazirlik/bszk-2	2026-09-19
P0_RECOVER_PRODUCT	COMMERCE_LEAK_NOINDEX	"noindex" etiketi tarafından hariç tutuldu	sellable_or_shop_pdp_noindexed	remove_noindex_on_sellable_pdp	high	en	shop_pdp	hazirlik	208-600415	/en/shop/hazirlik/208-600415	False	True	https://equsto.com/en/shop/hazirlik/208-600415	2026-09-19
P0_RECOVER_PRODUCT	COMMERCE_LEAK_NOINDEX	"noindex" etiketi tarafından hariç tutuldu	sellable_or_shop_pdp_noindexed	remove_noindex_on_sellable_pdp	high	en	shop_pdp	sogutma	ino-stp150	/en/shop/sogutma/ino-stp150	False	True	https://equsto.com/en/shop/sogutma/ino-stp150	2026-09-19
P0_RECOVER_PRODUCT	COMMERCE_LEAK_NOINDEX	"noindex" etiketi tarafından hariç tutuldu	sellable_or_shop_pdp_noindexed	remove_noindex_on_sellable_pdp	high	en	shop_pdp	pisirme	awo473	/en/shop/pisirme/awo473	False	True	https://equsto.com/en/shop/pisirme/awo473	2026-09-19
P0_RECOVER_PRODUCT	COMMERCE_LEAK_NOINDEX	"noindex" etiketi tarafından hariç tutuldu	sellable_or_shop_pdp_noindexed	remove_noindex_on_sellable_pdp	high	en	shop_pdp	pisirme	eago-360	/en/shop/pisirme/eago-360	False	True	https://equsto.com/en/shop/pisirme/eago-360	2026-09-19
P0_RECOVER_PRODUCT	COMMERCE_LEAK_NOINDEX	"noindex" etiketi tarafından hariç tutuldu	sellable_or_shop_pdp_noindexed	remove_noindex_on_sellable_pdp	high	en	shop_pdp	yikama	9710-fx10a-00	/en/shop/yikama/9710-fx10a-00	False	False	https://equsto.com/en/shop/yikama/9710-fx10a-00	2026-09-19
P0_RECOVER_PRODUCT	COMMERCE_LEAK_NOINDEX	"noindex" etiketi tarafından hariç tutuldu	sellable_or_shop_pdp_noindexed	remove_noindex_on_sellable_pdp	high	en	shop_pdp	set-ustu-mutfak	0311-11150-10	/en/shop/set-ustu-mutfak/0311-11150-10	False	True	https://equsto.com/en/shop/set-ustu-mutfak/0311-11150-10	2026-09-19
P0_RECOVER_PRODUCT	COMMERCE_LEAK_NOINDEX	"noindex" etiketi tarafından hariç tutuldu	sellable_or_shop_pdp_noindexed	remove_noindex_on_sellable_pdp	high	en	shop_pdp	pisirme	ino-7se05	/en/shop/pisirme/ino-7se05	False	True	https://equsto.com/en/shop/pisirme/ino-7se05	2026-09-18
P0_RECOVER_PRODUCT	COMMERCE_LEAK_NOINDEX	"noindex" etiketi tarafından hariç tutuldu	sellable_or_shop_pdp_noindexed	remove_noindex_on_sellable_pdp	high	en	shop_pdp	tezgah	ino-klgk45	/en/shop/tezgah/ino-klgk45	False	True	https://equsto.com/en/shop/tezgah/ino-klgk45	2026-09-18
P0_RECOVER_PRODUCT	COMMERCE_LEAK_NOINDEX	"noindex" etiketi tarafından hariç tutuldu	sellable_or_shop_pdp_noindexed	remove_noindex_on_sellable_pdp	high	en	shop_pdp	tezgah	7911-09070-95	/en/shop/tezgah/7911-09070-95	False	True	https://equsto.com/en/shop/tezgah/7911-09070-95	2026-09-18
P0_RECOVER_PRODUCT	COMMERCE_LEAK_NOINDEX	"noindex" etiketi tarafından hariç tutuldu	sellable_or_shop_pdp_noindexed	remove_noindex_on_sellable_pdp	high	en	shop_pdp	set-ustu-mutfak	8564-00001-01	/en/shop/set-ustu-mutfak/8564-00001-01	False	True	https://equsto.com/en/shop/set-ustu-mutfak/8564-00001-01	2026-09-18
P0_RECOVER_PRODUCT	COMMERCE_LEAK_NOINDEX	"noindex" etiketi tarafından hariç tutuldu	sellable_or_shop_pdp_noindexed	remove_noindex_on_sellable_pdp	high	en	shop_pdp	pisirme	ino-9ig32	/en/shop/pisirme/ino-9ig32	False	True	https://equsto.com/en/shop/pisirme/ino-9ig32	2026-09-18
P0_RECOVER_PRODUCT	COMMERCE_LEAK_NOINDEX	"noindex" etiketi tarafından hariç tutuldu	sellable_or_shop_pdp_noindexed	remove_noindex_on_sellable_pdp	high	en	shop_pdp	hazirlik	208-600974	/en/shop/hazirlik/208-600974	False	True	https://equsto.com/en/shop/hazirlik/208-600974	2026-09-18
P0_RECOVER_PRODUCT	COMMERCE_LEAK_NOINDEX	"noindex" etiketi tarafından hariç tutuldu	sellable_or_shop_pdp_noindexed	remove_noindex_on_sellable_pdp	high	en	shop_pdp	hazirlik	208-650197	/en/shop/hazirlik/208-650197	False	True	https://equsto.com/en/shop/hazirlik/208-650197	2026-09-18
P0_RECOVER_PRODUCT	COMMERCE_LEAK_NOINDEX	"noindex" etiketi tarafından hariç tutuldu	sellable_or_shop_pdp_noindexed	remove_noindex_on_sellable_pdp	high	en	shop_pdp	tezgah	7758-166a8-23	/en/shop/tezgah/7758-166a8-23	False	True	https://equsto.com/en/shop/tezgah/7758-166a8-23	2026-09-18
P0_RECOVER_PRODUCT	COMMERCE_LEAK_NOINDEX	"noindex" etiketi tarafından hariç tutuldu	sellable_or_shop_pdp_noindexed	remove_noindex_on_sellable_pdp		en	shop_pdp	market-reyonlari	eq-nergis-lm-eq3		True	False	https://equsto.com/en/login?mode=register&next=/en/shop/market-reyonlari/eq-nergis-lm-eq3	2026-09-17
P0_RECOVER_PRODUCT	COMMERCE_LEAK_NOINDEX	"noindex" etiketi tarafından hariç tutuldu	sellable_or_shop_pdp_noindexed	remove_noindex_on_sellable_pdp	high	en	shop_pdp	sogutma	fresh-maker-a	/en/shop/sogutma/fresh-maker-a	True	True	https://equsto.com/en/login?mode=register&next=/en/shop/sogutma/fresh-maker-a	2026-09-05
P0_RECOVER_PRODUCT	COMMERCE_LEAK_NOINDEX	"noindex" etiketi tarafından hariç tutuldu	sellable_or_shop_pdp_noindexed	remove_noindex_on_sellable_pdp	high	en	shop_pdp	set-ustu-mutfak	0311-23065-11	/en/shop/set-ustu-mutfak/0311-23065-11	True	True	https://equsto.com/en/login?mode=register&next=/en/shop/set-ustu-mutfak/0311-23065-11	2026-09-05
P0_RECOVER_PRODUCT	COMMERCE_LEAK_NOINDEX	"noindex" etiketi tarafından hariç tutuldu	sellable_or_shop_pdp_noindexed	remove_noindex_on_sellable_pdp	high	en	shop_pdp	istif	8897-32dp4-07	/en/shop/istif/8897-32dp4-07	True	True	https://equsto.com/en/login?mode=register&next=/en/shop/istif/8897-32dp4-07	2026-09-05
P0_RECOVER_PRODUCT	COMMERCE_LEAK_NOINDEX	"noindex" etiketi tarafından hariç tutuldu	sellable_or_shop_pdp_noindexed	remove_noindex_on_sellable_pdp	high	en	shop_pdp	market-reyonlari	eq-lion-tgd-eq22	/en/shop/market-reyonlari/eq-lion-tgd-eq22	True	True	https://equsto.com/en/login?mode=register&next=/en/shop/market-reyonlari/eq-lion-tgd-eq22	2026-09-05
P0_RECOVER_PRODUCT	COMMERCE_LEAK_NOINDEX	"noindex" etiketi tarafından hariç tutuldu	sellable_or_shop_pdp_noindexed	remove_noindex_on_sellable_pdp	high	en	shop_pdp	pisirme	7960-04929-7o1	/en/shop/yikama/7960-04929-7o1	True	True	https://equsto.com/en/login?mode=register&next=/en/shop/pisirme/7960-04929-7o1	2026-09-05
P0_RECOVER_PRODUCT	COMMERCE_LEAK_NOINDEX	"noindex" etiketi tarafından hariç tutuldu	sellable_or_shop_pdp_noindexed	remove_noindex_on_sellable_pdp		en	shop_pdp	market-reyonlari	eq-nergis-lm-eq1		True	False	https://equsto.com/en/login?mode=register&next=/en/shop/market-reyonlari/eq-nergis-lm-eq1	2026-09-05
P0_RECOVER_PRODUCT	COMMERCE_LEAK_NOINDEX	"noindex" etiketi tarafından hariç tutuldu	sellable_or_shop_pdp_noindexed	remove_noindex_on_sellable_pdp	high	en	shop_pdp	dolap	7911-14060-04a	/en/shop/tezgah/7911-14060-04a	True	True	https://equsto.com/en/login?mode=register&next=/en/shop/dolap/7911-14060-04a	2026-09-05
P0_RECOVER_PRODUCT	COMMERCE_LEAK_NOINDEX	"noindex" etiketi tarafından hariç tutuldu	sellable_or_shop_pdp_noindexed	remove_noindex_on_sellable_pdp		en	shop_pdp	market-reyonlari	eq-nergis-lb-fg-sky-eq48		True	False	https://equsto.com/en/login?mode=register&next=/en/shop/market-reyonlari/eq-nergis-lb-fg-sky-eq48	2026-09-05
P0_RECOVER_PRODUCT	COMMERCE_LEAK_NOINDEX	"noindex" etiketi tarafından hariç tutuldu	sellable_or_shop_pdp_noindexed	remove_noindex_on_sellable_pdp	high	en	shop_pdp	tezgah	7911-16060-35	/en/shop/tezgah/7911-16060-35	True	True	https://equsto.com/en/login?mode=register&next=/en/shop/tezgah/7911-16060-35	2026-09-04
P0_RECOVER_PRODUCT	COMMERCE_LEAK_NOINDEX	"noindex" etiketi tarafından hariç tutuldu	sellable_or_shop_pdp_noindexed	remove_noindex_on_sellable_pdp	high	tr	shop_pdp	sogutma	msbhg-2n70e	/shop/sogutma/msbhg-2n70e	True	True	https://equsto.com/en/login?next=/shop/sogutma/msbhg-2n70e	2026-09-04
P0_RECOVER_PRODUCT	COMMERCE_LEAK_NOINDEX	"noindex" etiketi tarafından hariç tutuldu	sellable_or_shop_pdp_noindexed	remove_noindex_on_sellable_pdp	high	en	shop_pdp	tezgah	eq-ksbst-16070	/en/shop/tezgah/eq-ksbst-16070	True	True	https://equsto.com/en/login?mode=register&next=/en/shop/tezgah/eq-ksbst-16070	2026-09-04
P0_RECOVER_PRODUCT	COMMERCE_LEAK_NOINDEX	"noindex" etiketi tarafından hariç tutuldu	sellable_or_shop_pdp_noindexed	remove_noindex_on_sellable_pdp	high	en	shop_pdp	pisirme	npicco69-1	/en/shop/pisirme/npicco69-1	True	True	https://equsto.com/en/login?mode=register&next=/en/shop/pisirme/npicco69-1	2026-09-04
P0_RECOVER_PRODUCT	COMMERCE_LEAK_NOINDEX	"noindex" etiketi tarafından hariç tutuldu	sellable_or_shop_pdp_noindexed	remove_noindex_on_sellable_pdp	high	en	shop_pdp	hazirlik	8820-uhm50-tr	/en/shop/hazirlik/8820-uhm50-tr	True	True	https://equsto.com/en/login?mode=register&next=/en/shop/hazirlik/8820-uhm50-tr	2026-09-04
P0_RECOVER_PRODUCT	COMMERCE_LEAK_NOINDEX	"noindex" etiketi tarafından hariç tutuldu	sellable_or_shop_pdp_noindexed	remove_noindex_on_sellable_pdp	high	en	shop_pdp	istif	ino-idd126	/en/shop/istif/ino-idd126	True	True	https://equsto.com/en/login?mode=register&next=/en/shop/istif/ino-idd126	2026-09-04
P0_RECOVER_PRODUCT	COMMERCE_LEAK_NOINDEX	"noindex" etiketi tarafından hariç tutuldu	sellable_or_shop_pdp_noindexed	remove_noindex_on_sellable_pdp	med	en	shop_pdp	tezgah	pimak-16060-52	/en/shop/tezgah/7911-16060-52	True	True	https://equsto.com/en/login?mode=register&next=/en/shop/tezgah/pimak-16060-52	2026-09-04
P0_RECOVER_PRODUCT	COMMERCE_LEAK_NOINDEX	"noindex" etiketi tarafından hariç tutuldu	sellable_or_shop_pdp_noindexed	remove_noindex_on_sellable_pdp	high	en	shop_pdp	pisirme	7961-11829-7o2	/en/shop/yikama/7961-11829-7o2	True	True	https://equsto.com/en/login?mode=register&next=/en/shop/pisirme/7961-11829-7o2	2026-09-04
P0_RECOVER_PRODUCT	COMMERCE_LEAK_NOINDEX	"noindex" etiketi tarafından hariç tutuldu	sellable_or_shop_pdp_noindexed	remove_noindex_on_sellable_pdp	high	en	shop_pdp	pisirme	ino-zco-7kg20	/en/shop/pisirme/ino-zco-7kg20	True	True	https://equsto.com/en/login?mode=register&next=/en/shop/pisirme/ino-zco-7kg20	2026-09-04
P0_RECOVER_PRODUCT	COMMERCE_LEAK_NOINDEX	"noindex" etiketi tarafından hariç tutuldu	sellable_or_shop_pdp_noindexed	remove_noindex_on_sellable_pdp		en	shop_pdp	hazirlik	rc-24432		True	False	https://equsto.com/en/login?mode=register&next=/en/shop/hazirlik/rc-24432	2026-09-04
P0_RECOVER_PRODUCT	COMMERCE_LEAK_NOINDEX	"noindex" etiketi tarafından hariç tutuldu	sellable_or_shop_pdp_noindexed	remove_noindex_on_sellable_pdp	high	en	shop_pdp	sogutma	bre-cb184ahc	/en/shop/sogutma/bre-cb184ahc	True	True	https://equsto.com/en/login?mode=register&next=/en/shop/sogutma/bre-cb184ahc	2026-09-04
P0_RECOVER_PRODUCT	COMMERCE_LEAK_NOINDEX	"noindex" etiketi tarafından hariç tutuldu	sellable_or_shop_pdp_noindexed	remove_noindex_on_sellable_pdp	high	en	shop_pdp	pisirme	ali-873	/en/shop/pisirme/ali-873	True	True	https://equsto.com/en/login?next=/en/shop/pisirme/ali-873	2026-09-04
P0_RECOVER_PRODUCT	COMMERCE_LEAK_NOINDEX	"noindex" etiketi tarafından hariç tutuldu	sellable_or_shop_pdp_noindexed	remove_noindex_on_sellable_pdp		en	shop_pdp	market-reyonlari	eq-nergis-lm-eq55		True	False	https://equsto.com/en/login?mode=register&next=/en/shop/market-reyonlari/eq-nergis-lm-eq55	2026-09-04
P0_RECOVER_PRODUCT	COMMERCE_LEAK_NOINDEX	"noindex" etiketi tarafından hariç tutuldu	sellable_or_shop_pdp_noindexed	remove_noindex_on_sellable_pdp	high	en	shop_pdp	tezgah	ino-kln190	/en/shop/tezgah/ino-kln190	True	True	https://equsto.com/en/login?mode=register&next=/en/shop/tezgah/ino-kln190	2026-09-04
P0_RECOVER_PRODUCT	COMMERCE_LEAK_NOINDEX	"noindex" etiketi tarafından hariç tutuldu	sellable_or_shop_pdp_noindexed	remove_noindex_on_sellable_pdp	high	en	shop_pdp	dolap	7911-19070-83	/en/shop/tezgah/7911-19070-83	True	True	https://equsto.com/en/login?mode=register&next=/en/shop/dolap/7911-19070-83	2026-09-04
P0_RECOVER_PRODUCT	COMMERCE_LEAK_NOINDEX	"noindex" etiketi tarafından hariç tutuldu	sellable_or_shop_pdp_noindexed	remove_noindex_on_sellable_pdp	high	en	shop_pdp	sogutma	79e3-27lmv-00	/en/shop/sogutma/79e3-27lmv-00	True	True	https://equsto.com/en/login?mode=register&next=/en/shop/sogutma/79e3-27lmv-00	2026-09-04
P0_RECOVER_PRODUCT	COMMERCE_LEAK_NOINDEX	"noindex" etiketi tarafından hariç tutuldu	sellable_or_shop_pdp_noindexed	remove_noindex_on_sellable_pdp	high	en	shop_pdp	sogutma	79e4-37lmv-00	/en/shop/sogutma/79e4-37lmv-00	True	True	https://equsto.com/en/login?mode=register&next=/en/shop/sogutma/79e4-37lmv-00	2026-09-03
P0_RECOVER_PRODUCT	COMMERCE_LEAK_NOINDEX	"noindex" etiketi tarafından hariç tutuldu	sellable_or_shop_pdp_noindexed	remove_noindex_on_sellable_pdp		en	shop_pdp	market-reyonlari	eq-nergis-tp-sky-eq35		True	False	https://equsto.com/en/login?mode=register&next=/en/shop/market-reyonlari/eq-nergis-tp-sky-eq35	2026-09-03
P0_RECOVER_PRODUCT	COMMERCE_LEAK_NOINDEX	"noindex" etiketi tarafından hariç tutuldu	sellable_or_shop_pdp_noindexed	remove_noindex_on_sellable_pdp	high	en	shop_pdp	kahve	199-50087	/en/shop/kahve/199-50087	True	True	https://equsto.com/en/login?mode=register&next=/en/shop/kahve/199-50087	2026-09-03
P0_RECOVER_PRODUCT	COMMERCE_LEAK_NOINDEX	"noindex" etiketi tarafından hariç tutuldu	sellable_or_shop_pdp_noindexed	remove_noindex_on_sellable_pdp	high	en	shop_pdp	sogutma	ttc-3n60	/en/shop/sogutma/ttc-3n60	True	True	https://equsto.com/en/login?mode=register&next=/en/shop/sogutma/ttc-3n60	2026-09-03
P0_RECOVER_PRODUCT	COMMERCE_LEAK_NOINDEX	"noindex" etiketi tarafından hariç tutuldu	sellable_or_shop_pdp_noindexed	remove_noindex_on_sellable_pdp	high	en	shop_pdp	yikama	502721	/en/shop/yikama/502721	True	True	https://equsto.com/en/login?mode=register&next=/en/shop/yikama/502721	2026-09-03
P0_RECOVER_PRODUCT	COMMERCE_LEAK_NOINDEX	"noindex" etiketi tarafından hariç tutuldu	sellable_or_shop_pdp_noindexed	remove_noindex_on_sellable_pdp	high	en	shop_pdp	kahve	199-1005394	/en/shop/kahve/199-1005394	True	True	https://equsto.com/en/login?mode=register&next=/en/shop/kahve/199-1005394	2026-09-03
P0_RECOVER_PRODUCT	COMMERCE_LEAK_NOINDEX	"noindex" etiketi tarafından hariç tutuldu	sellable_or_shop_pdp_noindexed	remove_noindex_on_sellable_pdp		en	shop_pdp	market-reyonlari	eq-nergis-tp-sky-eq12		True	False	https://equsto.com/en/login?mode=register&next=/en/shop/market-reyonlari/eq-nergis-tp-sky-eq12	2026-09-03
P0_RECOVER_PRODUCT	COMMERCE_LEAK_NOINDEX	"noindex" etiketi tarafından hariç tutuldu	sellable_or_shop_pdp_noindexed	remove_noindex_on_sellable_pdp	high	en	shop_pdp	hazirlik	0810-00060-03	/en/shop/hazirlik/0810-00060-03	True	True	https://equsto.com/en/login?mode=register&next=/en/shop/hazirlik/0810-00060-03	2026-09-03
P0_RECOVER_PRODUCT	COMMERCE_LEAK_NOINDEX	"noindex" etiketi tarafından hariç tutuldu	sellable_or_shop_pdp_noindexed	remove_noindex_on_sellable_pdp	med	en	shop_pdp	davlumbaz	pimak-35255-10	/en/shop/davlumbaz/7885-35255-10	True	True	https://equsto.com/en/login?mode=register&next=/en/shop/davlumbaz/pimak-35255-10	2026-09-03
P0_RECOVER_PRODUCT	COMMERCE_LEAK_NOINDEX	"noindex" etiketi tarafından hariç tutuldu	sellable_or_shop_pdp_noindexed	remove_noindex_on_sellable_pdp	high	en	shop_pdp	pisirme	7960-04929-5y1	/en/shop/yikama/7960-04929-5y1	True	True	https://equsto.com/en/login?mode=register&next=/en/shop/pisirme/7960-04929-5y1	2026-09-03
P0_RECOVER_PRODUCT	COMMERCE_LEAK_NOINDEX	"noindex" etiketi tarafından hariç tutuldu	sellable_or_shop_pdp_noindexed	remove_noindex_on_sellable_pdp	high	en	shop_pdp	tezgah	7758-146a5-13	/en/shop/tezgah/7758-146a5-13	True	True	https://equsto.com/en/login?mode=register&next=/en/shop/tezgah/7758-146a5-13	2026-09-03
P0_RECOVER_PRODUCT	COMMERCE_LEAK_NOINDEX	"noindex" etiketi tarafından hariç tutuldu	sellable_or_shop_pdp_noindexed	remove_noindex_on_sellable_pdp	high	en	shop_pdp	pisirme	7961-09429-7y2	/en/shop/yikama/7961-09429-7y2	True	True	https://equsto.com/en/login?mode=register&next=/en/shop/pisirme/7961-09429-7y2	2026-09-03
P0_RECOVER_PRODUCT	COMMERCE_LEAK_NOINDEX	"noindex" etiketi tarafından hariç tutuldu	sellable_or_shop_pdp_noindexed	remove_noindex_on_sellable_pdp	high	en	shop_pdp	set-ustu-mutfak	0311-12150-11	/en/shop/set-ustu-mutfak/0311-12150-11	True	True	https://equsto.com/en/login?mode=register&next=/en/shop/set-ustu-mutfak/0311-12150-11	2026-09-03
P0_RECOVER_PRODUCT	COMMERCE_LEAK_NOINDEX	"noindex" etiketi tarafından hariç tutuldu	sellable_or_shop_pdp_noindexed	remove_noindex_on_sellable_pdp	high	en	shop_pdp	tezgah	ino-kgd140	/en/shop/tezgah/ino-kgd140	True	True	https://equsto.com/en/login?mode=register&next=/en/shop/tezgah/ino-kgd140	2026-09-02
P0_RECOVER_PRODUCT	COMMERCE_LEAK_NOINDEX	"noindex" etiketi tarafından hariç tutuldu	sellable_or_shop_pdp_noindexed	remove_noindex_on_sellable_pdp	high	en	shop_pdp	tezgah	7911-06070-83	/en/shop/tezgah/7911-06070-83	True	True	https://equsto.com/en/login?mode=register&next=/en/shop/tezgah/7911-06070-83	2026-09-02
P0_RECOVER_PRODUCT	COMMERCE_LEAK_NOINDEX	"noindex" etiketi tarafından hariç tutuldu	sellable_or_shop_pdp_noindexed	remove_noindex_on_sellable_pdp	high	en	shop_pdp	sogutma	vbbc-250s	/en/shop/sogutma/vbbc-250s	True	True	https://equsto.com/en/login?mode=register&next=/en/shop/sogutma/vbbc-250s	2026-09-02
P0_RECOVER_PRODUCT	COMMERCE_LEAK_NOINDEX	"noindex" etiketi tarafından hariç tutuldu	sellable_or_shop_pdp_noindexed	remove_noindex_on_sellable_pdp	high	en	shop_pdp	tezgah	7910-14040-01	/en/shop/tezgah/7910-14040-01	True	True	https://equsto.com/en/login?mode=register&next=/en/shop/tezgah/7910-14040-01	2026-09-02
P0_RECOVER_PRODUCT	COMMERCE_LEAK_NOINDEX	"noindex" etiketi tarafından hariç tutuldu	sellable_or_shop_pdp_noindexed	remove_noindex_on_sellable_pdp	high	en	shop_pdp	davlumbaz	7885-55255-14	/en/shop/davlumbaz/7885-55255-14	True	True	https://equsto.com/en/login?mode=register&next=/en/shop/davlumbaz/7885-55255-14	2026-09-02
P0_RECOVER_PRODUCT	COMMERCE_LEAK_NOINDEX	"noindex" etiketi tarafından hariç tutuldu	sellable_or_shop_pdp_noindexed	remove_noindex_on_sellable_pdp	high	en	shop_pdp	pisirme	9890-x0711-eg	/en/shop/pisirme/9890-x0711-eg	True	True	https://equsto.com/en/login?mode=register&next=/en/shop/pisirme/9890-x0711-eg	2026-09-02
P0_RECOVER_PRODUCT	COMMERCE_LEAK_NOINDEX	"noindex" etiketi tarafından hariç tutuldu	sellable_or_shop_pdp_noindexed	remove_noindex_on_sellable_pdp	high	en	shop_pdp	sogutma	asbhkg-2n70e	/en/shop/sogutma/asbhkg-2n70e	True	True	https://equsto.com/en/login?mode=register&next=/en/shop/sogutma/asbhkg-2n70e	2026-09-02
P0_RECOVER_PRODUCT	COMMERCE_LEAK_NOINDEX	"noindex" etiketi tarafından hariç tutuldu	sellable_or_shop_pdp_noindexed	remove_noindex_on_sellable_pdp	high	en	shop_pdp	dolap	7911-10070-00	/en/shop/tezgah/7911-10070-00	True	True	https://equsto.com/en/login?mode=register&next=/en/shop/dolap/7911-10070-00	2026-09-02
P0_RECOVER_PRODUCT	COMMERCE_LEAK_NOINDEX	"noindex" etiketi tarafından hariç tutuldu	sellable_or_shop_pdp_noindexed	remove_noindex_on_sellable_pdp	high	en	shop_pdp	sogutma	79e3-pzc72-h0	/en/shop/sogutma/79e3-pzc72-h0	True	True	https://equsto.com/en/login?mode=register&next=/en/shop/sogutma/79e3-pzc72-h0	2026-09-02
P0_RECOVER_PRODUCT	COMMERCE_LEAK_NOINDEX	"noindex" etiketi tarafından hariç tutuldu	sellable_or_shop_pdp_noindexed	remove_noindex_on_sellable_pdp	high	en	shop_pdp	hazirlik	8841-sdc20-00	/en/shop/hazirlik/8841-sdc20-00	True	True	https://equsto.com/en/login?mode=register&next=/en/shop/hazirlik/8841-sdc20-00	2026-09-02
P0_RECOVER_PRODUCT	COMMERCE_LEAK_NOINDEX	"noindex" etiketi tarafından hariç tutuldu	sellable_or_shop_pdp_noindexed	remove_noindex_on_sellable_pdp	high	en	shop_pdp	sogutma	79e4-27nmv-02	/en/shop/sogutma/79e4-27nmv-02	True	True	https://equsto.com/en/login?mode=register&next=/en/shop/sogutma/79e4-27nmv-02	2026-09-02
P0_RECOVER_PRODUCT	COMMERCE_LEAK_NOINDEX	"noindex" etiketi tarafından hariç tutuldu	sellable_or_shop_pdp_noindexed	remove_noindex_on_sellable_pdp	high	en	shop_pdp	tezgah	7911-16070-28	/en/shop/tezgah/7911-16070-28	True	True	https://equsto.com/en/login?mode=register&next=/en/shop/tezgah/7911-16070-28	2026-09-02
P0_RECOVER_PRODUCT	COMMERCE_LEAK_NOINDEX	"noindex" etiketi tarafından hariç tutuldu	sellable_or_shop_pdp_noindexed	remove_noindex_on_sellable_pdp	high	en	shop_pdp	set-ustu-mutfak	9563-hbh65-00	/en/shop/set-ustu-mutfak/9563-hbh65-00	True	True	https://equsto.com/en/login?mode=register&next=/en/shop/set-ustu-mutfak/9563-hbh65-00	2026-09-02
P0_RECOVER_PRODUCT	COMMERCE_LEAK_NOINDEX	"noindex" etiketi tarafından hariç tutuldu	sellable_or_shop_pdp_noindexed	remove_noindex_on_sellable_pdp	high	en	shop_pdp	icecek	9563-hbb25-00	/en/shop/set-ustu-mutfak/9563-hbb25-00	True	True	https://equsto.com/en/login?mode=register&next=/en/shop/icecek/9563-hbb25-00	2026-09-01
P0_RECOVER_PRODUCT	COMMERCE_LEAK_NOINDEX	"noindex" etiketi tarafından hariç tutuldu	sellable_or_shop_pdp_noindexed	remove_noindex_on_sellable_pdp	high	en	shop_pdp	dolap	7911-06060-83	/en/shop/tezgah/7911-06060-83	True	True	https://equsto.com/en/login?mode=register&next=/en/shop/dolap/7911-06060-83	2026-09-01
P0_RECOVER_PRODUCT	COMMERCE_LEAK_NOINDEX	"noindex" etiketi tarafından hariç tutuldu	sellable_or_shop_pdp_noindexed	remove_noindex_on_sellable_pdp	high	en	shop_pdp	tezgah	7911-09060-81	/en/shop/tezgah/7911-09060-81	True	True	https://equsto.com/en/login?mode=register&next=/en/shop/tezgah/7911-09060-81	2026-09-01
P0_RECOVER_PRODUCT	COMMERCE_LEAK_NOINDEX	"noindex" etiketi tarafından hariç tutuldu	sellable_or_shop_pdp_noindexed	remove_noindex_on_sellable_pdp	high	en	shop_pdp	pisirme	7960-02929-7o2	/en/shop/yikama/7960-02929-7o2	True	True	https://equsto.com/en/login?mode=register&next=/en/shop/pisirme/7960-02929-7o2	2026-09-01
P0_RECOVER_PRODUCT	COMMERCE_LEAK_NOINDEX	"noindex" etiketi tarafından hariç tutuldu	sellable_or_shop_pdp_noindexed	remove_noindex_on_sellable_pdp	high	en	shop_pdp	pisirme	ino-zmd-7lg10s	/en/shop/pisirme/ino-zmd-7lg10s	True	True	https://equsto.com/en/login?next=/en/shop/pisirme/ino-zmd-7lg10s	2026-09-01
P0_RECOVER_PRODUCT	COMMERCE_LEAK_NOINDEX	"noindex" etiketi tarafından hariç tutuldu	sellable_or_shop_pdp_noindexed	remove_noindex_on_sellable_pdp	high	en	shop_pdp	tezgah	132855	/en/shop/tezgah/132855	True	True	https://equsto.com/en/login?mode=register&next=/en/shop/tezgah/132855	2026-09-01
P0_RECOVER_PRODUCT	COMMERCE_LEAK_NOINDEX	"noindex" etiketi tarafından hariç tutuldu	sellable_or_shop_pdp_noindexed	remove_noindex_on_sellable_pdp		en	shop_pdp	market-reyonlari	eq-lotus-eq24		True	False	https://equsto.com/en/login?mode=register&next=/en/shop/market-reyonlari/eq-lotus-eq24	2026-09-01
P0_RECOVER_PRODUCT	COMMERCE_LEAK_NOINDEX	"noindex" etiketi tarafından hariç tutuldu	sellable_or_shop_pdp_noindexed	remove_noindex_on_sellable_pdp		en	shop_pdp	market-reyonlari	eq-nergis-lb-fg-eq8		True	False	https://equsto.com/en/login?mode=register&next=/en/shop/market-reyonlari/eq-nergis-lb-fg-eq8	2026-09-01
P0_RECOVER_PRODUCT	COMMERCE_LEAK_NOINDEX	"noindex" etiketi tarafından hariç tutuldu	sellable_or_shop_pdp_noindexed	remove_noindex_on_sellable_pdp	high	en	shop_pdp	yikama	ino-bym042tpd	/en/shop/yikama/ino-bym042tpd	True	True	https://equsto.com/en/login?mode=register&next=/en/shop/yikama/ino-bym042tpd	2026-09-01
P0_RECOVER_PRODUCT	COMMERCE_LEAK_NOINDEX	"noindex" etiketi tarafından hariç tutuldu	sellable_or_shop_pdp_noindexed	remove_noindex_on_sellable_pdp	high	en	shop_pdp	market-reyonlari	eq-lion-sld-eq63	/en/shop/market-reyonlari/eq-lion-sld-eq63	True	True	https://equsto.com/en/login?mode=register&next=/en/shop/market-reyonlari/eq-lion-sld-eq63	2026-09-01
P0_RECOVER_PRODUCT	COMMERCE_LEAK_NOINDEX	"noindex" etiketi tarafından hariç tutuldu	sellable_or_shop_pdp_noindexed	remove_noindex_on_sellable_pdp	high	tr	shop_pdp	hazirlik	208-600437	/shop/hazirlik/208-600437	True	True	https://equsto.com/en/login?mode=register&next=/shop/hazirlik/208-600437	2026-09-01
P0_RECOVER_PRODUCT	COMMERCE_LEAK_NOINDEX	"noindex" etiketi tarafından hariç tutuldu	sellable_or_shop_pdp_noindexed	remove_noindex_on_sellable_pdp		en	shop_pdp	market-reyonlari	eq-nergis-lb-tp-sky-eq21		True	False	https://equsto.com/en/login?mode=register&next=/en/shop/market-reyonlari/eq-nergis-lb-tp-sky-eq21	2026-09-01
P0_RECOVER_PRODUCT	COMMERCE_LEAK_NOINDEX	"noindex" etiketi tarafından hariç tutuldu	sellable_or_shop_pdp_noindexed	remove_noindex_on_sellable_pdp	high	en	shop_pdp	set-ustu-mutfak	8350-31044-0s	/en/shop/set-ustu-mutfak/8350-31044-0s	True	True	https://equsto.com/en/login?mode=register&next=/en/shop/set-ustu-mutfak/8350-31044-0s	2026-09-01
P0_RECOVER_PRODUCT	COMMERCE_LEAK_NOINDEX	"noindex" etiketi tarafından hariç tutuldu	sellable_or_shop_pdp_noindexed	remove_noindex_on_sellable_pdp	high	en	shop_pdp	pisirme	ago-490	/en/shop/pisirme/ago-490	True	True	https://equsto.com/en/login?mode=register&next=/en/shop/pisirme/ago-490	2026-09-01
P0_RECOVER_PRODUCT	COMMERCE_LEAK_NOINDEX	"noindex" etiketi tarafından hariç tutuldu	sellable_or_shop_pdp_noindexed	remove_noindex_on_sellable_pdp	high	en	shop_pdp	tezgah	7754-246e5-23	/en/shop/tezgah/7754-246e5-23	True	True	https://equsto.com/en/login?mode=register&next=/en/shop/tezgah/7754-246e5-23	2026-09-01
P0_RECOVER_PRODUCT	COMMERCE_LEAK_NOINDEX	"noindex" etiketi tarafından hariç tutuldu	sellable_or_shop_pdp_noindexed	remove_noindex_on_sellable_pdp	high	en	shop_pdp	set-ustu-mutfak	8356-50302-11	/en/shop/set-ustu-mutfak/8356-50302-11	True	True	https://equsto.com/en/login?mode=register&next=/en/shop/set-ustu-mutfak/8356-50302-11	2026-09-01
P0_RECOVER_PRODUCT	COMMERCE_LEAK_NOINDEX	"noindex" etiketi tarafından hariç tutuldu	sellable_or_shop_pdp_noindexed	remove_noindex_on_sellable_pdp	high	en	shop_pdp	market-reyonlari	eq-lion-sld-eq16	/en/shop/market-reyonlari/eq-lion-sld-eq16	True	True	https://equsto.com/en/login?mode=register&next=/en/shop/market-reyonlari/eq-lion-sld-eq16	2026-09-01
P0_RECOVER_PRODUCT	COMMERCE_LEAK_NOINDEX	"noindex" etiketi tarafından hariç tutuldu	sellable_or_shop_pdp_noindexed	remove_noindex_on_sellable_pdp	high	en	shop_pdp	sogutma	bre-tm250ahc	/en/shop/sogutma/bre-tm250ahc	True	True	https://equsto.com/en/login?mode=register&next=/en/shop/sogutma/bre-tm250ahc	2026-09-01
P0_RECOVER_PRODUCT	COMMERCE_LEAK_NOINDEX	"noindex" etiketi tarafından hariç tutuldu	sellable_or_shop_pdp_noindexed	remove_noindex_on_sellable_pdp	high	en	shop_pdp	pisirme	7960-09429-1y2	/en/shop/yikama/7960-09429-1y2	True	True	https://equsto.com/en/login?mode=register&next=/en/shop/pisirme/7960-09429-1y2	2026-09-01
P0_RECOVER_PRODUCT	COMMERCE_LEAK_NOINDEX	"noindex" etiketi tarafından hariç tutuldu	sellable_or_shop_pdp_noindexed	remove_noindex_on_sellable_pdp	high	en	shop_pdp	icecek	8573-ese3r-00	/en/shop/icecek/8573-ese3r-00	True	True	https://equsto.com/en/login?next=/en/shop/icecek/8573-ese3r-00	2026-09-01
P0_RECOVER_PRODUCT	COMMERCE_LEAK_NOINDEX	"noindex" etiketi tarafından hariç tutuldu	sellable_or_shop_pdp_noindexed	remove_noindex_on_sellable_pdp		en	shop_pdp	marka	blanco		True	False	https://equsto.com/en/login?mode=register&next=/en/shop/marka/blanco	2026-09-01
P0_RECOVER_PRODUCT	COMMERCE_LEAK_NOINDEX	"noindex" etiketi tarafından hariç tutuldu	sellable_or_shop_pdp_noindexed	remove_noindex_on_sellable_pdp	high	en	shop_pdp	tezgah	7911-14070-13	/en/shop/tezgah/7911-14070-13	True	True	https://equsto.com/en/login?mode=register&next=/en/shop/tezgah/7911-14070-13	2026-09-01
P0_RECOVER_PRODUCT	COMMERCE_LEAK_NOINDEX	"noindex" etiketi tarafından hariç tutuldu	sellable_or_shop_pdp_noindexed	remove_noindex_on_sellable_pdp	high	en	shop_pdp	market-reyonlari	eq-falcon-sld-eq33	/en/shop/market-reyonlari/eq-falcon-sld-eq33	True	True	https://equsto.com/en/login?next=/en/shop/market-reyonlari/eq-falcon-sld-eq33	2026-09-01
P0_RECOVER_PRODUCT	COMMERCE_LEAK_NOINDEX	"noindex" etiketi tarafından hariç tutuldu	sellable_or_shop_pdp_noindexed	remove_noindex_on_sellable_pdp	high	en	shop_pdp	tezgah	7911-19070-20	/en/shop/tezgah/7911-19070-20	True	True	https://equsto.com/en/login?mode=register&next=/en/shop/tezgah/7911-19070-20	2026-09-01
P0_RECOVER_PRODUCT	COMMERCE_LEAK_NOINDEX	"noindex" etiketi tarafından hariç tutuldu	sellable_or_shop_pdp_noindexed	remove_noindex_on_sellable_pdp		en	shop_pdp	market-reyonlari	eq-fulya-nv-tp-sky-eq21		True	False	https://equsto.com/en/login?mode=register&next=/en/shop/market-reyonlari/eq-fulya-nv-tp-sky-eq21	2026-09-01
P0_RECOVER_PRODUCT	COMMERCE_LEAK_NOINDEX	"noindex" etiketi tarafından hariç tutuldu	sellable_or_shop_pdp_noindexed	remove_noindex_on_sellable_pdp	high	en	shop_pdp	sogutma	bre-g1000a	/en/shop/sogutma/bre-g1000a	True	True	https://equsto.com/en/login?mode=register&next=/en/shop/sogutma/bre-g1000a	2026-09-01
P0_RECOVER_PRODUCT	COMMERCE_LEAK_NOINDEX	"noindex" etiketi tarafından hariç tutuldu	sellable_or_shop_pdp_noindexed	remove_noindex_on_sellable_pdp		en	shop_pdp	market-reyonlari	eq-nergis-lm-eq4		True	False	https://equsto.com/en/login?mode=register&next=/en/shop/market-reyonlari/eq-nergis-lm-eq4	2026-08-31
P0_RECOVER_PRODUCT	COMMERCE_LEAK_NOINDEX	"noindex" etiketi tarafından hariç tutuldu	sellable_or_shop_pdp_noindexed	remove_noindex_on_sellable_pdp	high	en	shop_pdp	pisirme	agi-890scr	/en/shop/pisirme/agi-890scr	True	True	https://equsto.com/en/login?mode=register&next=/en/shop/pisirme/agi-890scr	2026-08-31
P0_RECOVER_PRODUCT	COMMERCE_LEAK_NOINDEX	"noindex" etiketi tarafından hariç tutuldu	sellable_or_shop_pdp_noindexed	remove_noindex_on_sellable_pdp	high	en	shop_pdp	market-reyonlari	eq-puma-sgd-eq2	/en/shop/market-reyonlari/eq-puma-sgd-eq2	True	True	https://equsto.com/en/login?mode=register&next=/en/shop/market-reyonlari/eq-puma-sgd-eq2	2026-08-31
P0_RECOVER_PRODUCT	COMMERCE_LEAK_NOINDEX	"noindex" etiketi tarafından hariç tutuldu	sellable_or_shop_pdp_noindexed	remove_noindex_on_sellable_pdp	high	en	shop_pdp	icecek	118-bbl-02	/en/shop/icecek/118-bbl-02	True	True	https://equsto.com/en/login?mode=register&next=/en/shop/icecek/118-bbl-02	2026-08-31
P0_RECOVER_PRODUCT	COMMERCE_LEAK_NOINDEX	"noindex" etiketi tarafından hariç tutuldu	sellable_or_shop_pdp_noindexed	remove_noindex_on_sellable_pdp	high	en	shop_pdp	tezgah	7754-196e8-23	/en/shop/tezgah/7754-196e8-23	True	True	https://equsto.com/en/login?mode=register&next=/en/shop/tezgah/7754-196e8-23	2026-08-31
P0_RECOVER_PRODUCT	COMMERCE_LEAK_NOINDEX	"noindex" etiketi tarafından hariç tutuldu	sellable_or_shop_pdp_noindexed	remove_noindex_on_sellable_pdp	high	en	shop_pdp	pisirme	npicco22-7	/en/shop/pisirme/npicco22-7	True	True	https://equsto.com/en/login?mode=register&next=/en/shop/pisirme/npicco22-7	2026-08-31
P0_RECOVER_PRODUCT	COMMERCE_LEAK_NOINDEX	"noindex" etiketi tarafından hariç tutuldu	sellable_or_shop_pdp_noindexed	remove_noindex_on_sellable_pdp	high	en	shop_pdp	yikama	534058	/en/shop/yikama/534058	True	True	https://equsto.com/en/login?mode=register&next=/en/shop/yikama/534058	2026-08-31
P0_RECOVER_PRODUCT	COMMERCE_LEAK_NOINDEX	"noindex" etiketi tarafından hariç tutuldu	sellable_or_shop_pdp_noindexed	remove_noindex_on_sellable_pdp	high	en	shop_pdp	hazirlik	208-600137	/en/shop/hazirlik/208-600137	True	True	https://equsto.com/en/login?mode=register&next=/en/shop/hazirlik/208-600137	2026-08-31
P0_RECOVER_PRODUCT	COMMERCE_LEAK_NOINDEX	"noindex" etiketi tarafından hariç tutuldu	sellable_or_shop_pdp_noindexed	remove_noindex_on_sellable_pdp	high	en	shop_pdp	yikama	0840-40035-01	/en/shop/yikama/0840-40035-01	True	True	https://equsto.com/en/login?mode=register&next=/en/shop/yikama/0840-40035-01	2026-08-31
P0_RECOVER_PRODUCT	COMMERCE_LEAK_NOINDEX	"noindex" etiketi tarafından hariç tutuldu	sellable_or_shop_pdp_noindexed	remove_noindex_on_sellable_pdp	high	en	shop_pdp	tezgah	7911-16070-95	/en/shop/tezgah/7911-16070-95	True	True	https://equsto.com/en/login?mode=register&next=/en/shop/tezgah/7911-16070-95	2026-08-31
P0_RECOVER_PRODUCT	COMMERCE_LEAK_NOINDEX	"noindex" etiketi tarafından hariç tutuldu	sellable_or_shop_pdp_noindexed	remove_noindex_on_sellable_pdp	high	tr	shop_pdp	market-reyonlari	eq-kangaroo-eq3	/shop/market-reyonlari/eq-kangaroo-eq3	True	True	https://equsto.com/en/login?mode=register&next=/shop/market-reyonlari/eq-kangaroo-eq3	2026-08-31
P0_RECOVER_PRODUCT	COMMERCE_LEAK_NOINDEX	"noindex" etiketi tarafından hariç tutuldu	sellable_or_shop_pdp_noindexed	remove_noindex_on_sellable_pdp	high	en	shop_pdp	pisirme	371215	/en/shop/pisirme/371215	True	False	https://equsto.com/en/login?mode=register&next=/en/shop/pisirme/371215	2026-08-31
P0_RECOVER_PRODUCT	COMMERCE_LEAK_NOINDEX	"noindex" etiketi tarafından hariç tutuldu	sellable_or_shop_pdp_noindexed	remove_noindex_on_sellable_pdp	high	en	shop_pdp	dolap	7754-196e8-35	/en/shop/tezgah/7754-196e8-35	True	True	https://equsto.com/en/login?mode=register&next=/en/shop/dolap/7754-196e8-35	2026-08-31
P0_RECOVER_PRODUCT	COMMERCE_LEAK_NOINDEX	"noindex" etiketi tarafından hariç tutuldu	sellable_or_shop_pdp_noindexed	remove_noindex_on_sellable_pdp	high	en	shop_pdp	sogutma	bre-g160ahc	/en/shop/sogutma/bre-g160ahc	True	True	https://equsto.com/en/login?mode=register&next=/en/shop/sogutma/bre-g160ahc	2026-08-31
P0_RECOVER_PRODUCT	COMMERCE_LEAK_NOINDEX	"noindex" etiketi tarafından hariç tutuldu	sellable_or_shop_pdp_noindexed	remove_noindex_on_sellable_pdp	high	en	shop_pdp	tezgah	ino-krn080	/en/shop/tezgah/ino-krn080	True	True	https://equsto.com/en/login?mode=register&next=/en/shop/tezgah/ino-krn080	2026-08-31
P0_RECOVER_PRODUCT	COMMERCE_LEAK_NOINDEX	"noindex" etiketi tarafından hariç tutuldu	sellable_or_shop_pdp_noindexed	remove_noindex_on_sellable_pdp		en	shop_pdp	sogutma	portabianco-tezgah-tip-kisa-dort-kapili-buzdolab		True	False	https://equsto.com/en/login?mode=register&next=/en/shop/sogutma/portabianco-tezgah-tip-kisa-dort-kapili-buzdolab	2026-08-31
P0_RECOVER_PRODUCT	COMMERCE_LEAK_NOINDEX	"noindex" etiketi tarafından hariç tutuldu	sellable_or_shop_pdp_noindexed	remove_noindex_on_sellable_pdp	med	en	shop_pdp	davlumbaz	pimak-45155-11	/en/shop/davlumbaz/7885-45155-11	True	True	https://equsto.com/en/login?mode=register&next=/en/shop/davlumbaz/pimak-45155-11	2026-08-31
P0_RECOVER_PRODUCT	COMMERCE_LEAK_NOINDEX	"noindex" etiketi tarafından hariç tutuldu	sellable_or_shop_pdp_noindexed	remove_noindex_on_sellable_pdp	high	en	shop_pdp	set-ustu-mutfak	0420-03625-11	/en/shop/set-ustu-mutfak/0420-03625-11	True	True	https://equsto.com/en/login?mode=register&next=/en/shop/set-ustu-mutfak/0420-03625-11	2026-08-31
P0_RECOVER_PRODUCT	COMMERCE_LEAK_NOINDEX	"noindex" etiketi tarafından hariç tutuldu	sellable_or_shop_pdp_noindexed	remove_noindex_on_sellable_pdp		en	shop_pdp	davlumbaz	pimak-40205-00		True	False	https://equsto.com/en/login?mode=register&next=/en/shop/davlumbaz/pimak-40205-00	2026-08-31
P0_RECOVER_PRODUCT	COMMERCE_LEAK_NOINDEX	"noindex" etiketi tarafından hariç tutuldu	sellable_or_shop_pdp_noindexed	remove_noindex_on_sellable_pdp	high	en	shop_pdp	tezgah	7897-19030-30	/en/shop/tezgah/7897-19030-30	True	True	https://equsto.com/en/login?mode=register&next=/en/shop/tezgah/7897-19030-30	2026-08-31
P0_RECOVER_PRODUCT	COMMERCE_LEAK_NOINDEX	"noindex" etiketi tarafından hariç tutuldu	sellable_or_shop_pdp_noindexed	remove_noindex_on_sellable_pdp	high	en	shop_pdp	market-reyonlari	eq-lion-sld-eq17	/en/shop/market-reyonlari/eq-lion-sld-eq17	True	True	https://equsto.com/en/login?mode=register&next=/en/shop/market-reyonlari/eq-lion-sld-eq17	2026-08-31
P0_RECOVER_PRODUCT	COMMERCE_LEAK_NOINDEX	"noindex" etiketi tarafından hariç tutuldu	sellable_or_shop_pdp_noindexed	remove_noindex_on_sellable_pdp	high	tr	shop_pdp	sogutma	pzag-480-e	/shop/sogutma/pzag-480-e	True	True	https://equsto.com/en/login?next=/shop/sogutma/pzag-480-e	2026-08-31
P0_RECOVER_PRODUCT	COMMERCE_LEAK_NOINDEX	"noindex" etiketi tarafından hariç tutuldu	sellable_or_shop_pdp_noindexed	remove_noindex_on_sellable_pdp	high	en	shop_pdp	set-ustu-mutfak	8893-up112-lw	/en/shop/set-ustu-mutfak/8893-up112-lw	True	False	https://equsto.com/en/login?mode=register&next=/en/shop/set-ustu-mutfak/8893-up112-lw	2026-08-31
P0_RECOVER_PRODUCT	COMMERCE_LEAK_NOINDEX	"noindex" etiketi tarafından hariç tutuldu	sellable_or_shop_pdp_noindexed	remove_noindex_on_sellable_pdp		en	shop_pdp	market-reyonlari	eq-fulya-nv-pn-eq33		True	False	https://equsto.com/en/login?mode=register&next=/en/shop/market-reyonlari/eq-fulya-nv-pn-eq33	2026-08-31
P0_RECOVER_PRODUCT	COMMERCE_LEAK_NOINDEX	"noindex" etiketi tarafından hariç tutuldu	sellable_or_shop_pdp_noindexed	remove_noindex_on_sellable_pdp	high	en	shop_pdp	tezgah	7754-146a5-21	/en/shop/tezgah/7754-146a5-21	True	True	https://equsto.com/en/login?mode=register&next=/en/shop/tezgah/7754-146a5-21	2026-08-31
P0_RECOVER_PRODUCT	COMMERCE_LEAK_NOINDEX	"noindex" etiketi tarafından hariç tutuldu	sellable_or_shop_pdp_noindexed	remove_noindex_on_sellable_pdp	high	en	shop_pdp	dolap	7911-06070-84	/en/shop/tezgah/7911-06070-84	True	True	https://equsto.com/en/login?mode=register&next=/en/shop/dolap/7911-06070-84	2026-08-31
P0_RECOVER_PRODUCT	COMMERCE_LEAK_NOINDEX	"noindex" etiketi tarafından hariç tutuldu	sellable_or_shop_pdp_noindexed	remove_noindex_on_sellable_pdp	high	en	shop_pdp	tezgah	7754-156a5-25	/en/shop/tezgah/7754-156a5-25	True	True	https://equsto.com/en/login?mode=register&next=/en/shop/tezgah/7754-156a5-25	2026-08-31
P0_RECOVER_PRODUCT	COMMERCE_LEAK_NOINDEX	"noindex" etiketi tarafından hariç tutuldu	sellable_or_shop_pdp_noindexed	remove_noindex_on_sellable_pdp	high	tr	shop_pdp	pisirme	ino-7lg20s	/shop/pisirme/ino-7lg20s	True	True	https://equsto.com/en/login?mode=register&next=/shop/pisirme/ino-7lg20s	2026-08-31
P0_RECOVER_PRODUCT	COMMERCE_LEAK_NOINDEX	"noindex" etiketi tarafından hariç tutuldu	sellable_or_shop_pdp_noindexed	remove_noindex_on_sellable_pdp	high	en	shop_pdp	pisirme	7960-09429-1y1	/en/shop/yikama/7960-09429-1y1	True	True	https://equsto.com/en/login?mode=register&next=/en/shop/pisirme/7960-09429-1y1	2026-08-31
P0_RECOVER_PRODUCT	COMMERCE_LEAK_NOINDEX	"noindex" etiketi tarafından hariç tutuldu	sellable_or_shop_pdp_noindexed	remove_noindex_on_sellable_pdp	high	en	shop_pdp	istif	8897-46100-p0	/en/shop/istif/8897-46100-p0	True	True	https://equsto.com/en/login?mode=register&next=/en/shop/istif/8897-46100-p0	2026-08-31
P0_RECOVER_PRODUCT	COMMERCE_LEAK_NOINDEX	"noindex" etiketi tarafından hariç tutuldu	sellable_or_shop_pdp_noindexed	remove_noindex_on_sellable_pdp	high	en	shop_pdp	tezgah	ino-kln220	/en/shop/tezgah/ino-kln220	True	True	https://equsto.com/en/login?mode=register&next=/en/shop/tezgah/ino-kln220	2026-08-31
P0_RECOVER_PRODUCT	COMMERCE_LEAK_NOINDEX	"noindex" etiketi tarafından hariç tutuldu	sellable_or_shop_pdp_noindexed	remove_noindex_on_sellable_pdp		en	shop_pdp	market-reyonlari	eq-nergis-lb-tp-eq23		True	False	https://equsto.com/en/login?mode=register&next=/en/shop/market-reyonlari/eq-nergis-lb-tp-eq23	2026-08-31
P0_RECOVER_PRODUCT	COMMERCE_LEAK_NOINDEX	"noindex" etiketi tarafından hariç tutuldu	sellable_or_shop_pdp_noindexed	remove_noindex_on_sellable_pdp	high	en	shop_pdp	tezgah	7911-12070-08	/en/shop/tezgah/7911-12070-08	True	True	https://equsto.com/en/login?mode=register&next=/en/shop/tezgah/7911-12070-08	2026-08-31
P0_RECOVER_PRODUCT	COMMERCE_LEAK_NOINDEX	"noindex" etiketi tarafından hariç tutuldu	sellable_or_shop_pdp_noindexed	remove_noindex_on_sellable_pdp		en	shop_pdp	market-reyonlari	eq-nergis-fg-eq23		True	False	https://equsto.com/en/login?mode=register&next=/en/shop/market-reyonlari/eq-nergis-fg-eq23	2026-08-31
P0_RECOVER_PRODUCT	COMMERCE_LEAK_NOINDEX	"noindex" etiketi tarafından hariç tutuldu	sellable_or_shop_pdp_noindexed	remove_noindex_on_sellable_pdp	high	en	shop_pdp	istif	7897-16060-04	/en/shop/istif/7897-16060-04	True	True	https://equsto.com/en/login?next=/en/shop/istif/7897-16060-04	2026-08-31
P0_RECOVER_PRODUCT	COMMERCE_LEAK_NOINDEX	"noindex" etiketi tarafından hariç tutuldu	sellable_or_shop_pdp_noindexed	remove_noindex_on_sellable_pdp		en	shop_pdp	market-reyonlari	eq-nergis-lm-eq50		True	False	https://equsto.com/en/login?mode=register&next=/en/shop/market-reyonlari/eq-nergis-lm-eq50	2026-08-31
P0_RECOVER_PRODUCT	COMMERCE_LEAK_NOINDEX	"noindex" etiketi tarafından hariç tutuldu	sellable_or_shop_pdp_noindexed	remove_noindex_on_sellable_pdp	high	en	shop_pdp	tezgah	7897-19030-04	/en/shop/tezgah/7897-19030-04	True	True	https://equsto.com/en/login?mode=register&next=/en/shop/tezgah/7897-19030-04	2026-08-31
P0_RECOVER_PRODUCT	COMMERCE_LEAK_NOINDEX	"noindex" etiketi tarafından hariç tutuldu	sellable_or_shop_pdp_noindexed	remove_noindex_on_sellable_pdp		en	shop_pdp	market-reyonlari	eq-nergis-tp-eq14		True	False	https://equsto.com/en/login?mode=register&next=/en/shop/market-reyonlari/eq-nergis-tp-eq14	2026-08-30
P0_RECOVER_PRODUCT	COMMERCE_LEAK_NOINDEX	"noindex" etiketi tarafından hariç tutuldu	sellable_or_shop_pdp_noindexed	remove_noindex_on_sellable_pdp	high	en	shop_pdp	tezgah	ino-kss193r	/en/shop/tezgah/ino-kss193r	True	True	https://equsto.com/en/login?mode=register&next=/en/shop/tezgah/ino-kss193r	2026-08-30
P0_RECOVER_PRODUCT	COMMERCE_LEAK_NOINDEX	"noindex" etiketi tarafından hariç tutuldu	sellable_or_shop_pdp_noindexed	remove_noindex_on_sellable_pdp	high	en	shop_pdp	tezgah	7911-10070-08	/en/shop/tezgah/7911-10070-08	True	True	https://equsto.com/en/login?mode=register&next=/en/shop/tezgah/7911-10070-08	2026-08-30
P0_RECOVER_PRODUCT	COMMERCE_LEAK_NOINDEX	"noindex" etiketi tarafından hariç tutuldu	sellable_or_shop_pdp_noindexed	remove_noindex_on_sellable_pdp		en	shop_pdp	market-reyonlari	eq-lotus-eq62		True	False	https://equsto.com/en/login?mode=register&next=/en/shop/market-reyonlari/eq-lotus-eq62	2026-08-30
P0_RECOVER_PRODUCT	COMMERCE_LEAK_NOINDEX	"noindex" etiketi tarafından hariç tutuldu	sellable_or_shop_pdp_noindexed	remove_noindex_on_sellable_pdp		en	shop_pdp	market-reyonlari	eq-nergis-lb-tp-eq41		True	False	https://equsto.com/en/login?mode=register&next=/en/shop/market-reyonlari/eq-nergis-lb-tp-eq41	2026-08-30
P0_RECOVER_PRODUCT	COMMERCE_LEAK_NOINDEX	"noindex" etiketi tarafından hariç tutuldu	sellable_or_shop_pdp_noindexed	remove_noindex_on_sellable_pdp	high	en	shop_pdp	set-ustu-mutfak	vkb-450	/en/shop/set-ustu-mutfak/vkb-450	True	True	https://equsto.com/en/login?mode=register&next=/en/shop/set-ustu-mutfak/vkb-450	2026-08-30
P0_RECOVER_PRODUCT	COMMERCE_LEAK_NOINDEX	"noindex" etiketi tarafından hariç tutuldu	sellable_or_shop_pdp_noindexed	remove_noindex_on_sellable_pdp	high	en	shop_pdp	pisirme	391100	/en/shop/pisirme/391100	True	True	https://equsto.com/en/login?mode=register&next=/en/shop/pisirme/391100	2026-08-30
P0_RECOVER_PRODUCT	COMMERCE_LEAK_NOINDEX	"noindex" etiketi tarafından hariç tutuldu	sellable_or_shop_pdp_noindexed	remove_noindex_on_sellable_pdp		en	shop_pdp	market-reyonlari	eq-lotus-lb-eq22		True	False	https://equsto.com/en/login?mode=register&next=/en/shop/market-reyonlari/eq-lotus-lb-eq22	2026-08-30
P0_RECOVER_PRODUCT	COMMERCE_LEAK_NOINDEX	"noindex" etiketi tarafından hariç tutuldu	sellable_or_shop_pdp_noindexed	remove_noindex_on_sellable_pdp	high	en	shop_pdp	yikama	ino-bym102t-hr	/en/shop/yikama/ino-bym102t-hr	True	True	https://equsto.com/en/login?mode=register&next=/en/shop/yikama/ino-bym102t-hr	2026-08-30
P0_RECOVER_PRODUCT	COMMERCE_LEAK_NOINDEX	"noindex" etiketi tarafından hariç tutuldu	sellable_or_shop_pdp_noindexed	remove_noindex_on_sellable_pdp	high	en	shop_pdp	tezgah	eq-kbulst02-09070	/en/shop/tezgah/eq-kbulst02-09070	True	True	https://equsto.com/en/login?mode=register&next=/en/shop/tezgah/eq-kbulst02-09070	2026-08-30
P0_RECOVER_PRODUCT	COMMERCE_LEAK_NOINDEX	"noindex" etiketi tarafından hariç tutuldu	sellable_or_shop_pdp_noindexed	remove_noindex_on_sellable_pdp	high	en	shop_pdp	pisirme	7961-16229-1y4	/en/shop/yikama/7961-16229-1y4	True	True	https://equsto.com/en/login?mode=register&next=/en/shop/pisirme/7961-16229-1y4	2026-08-30
P0_RECOVER_PRODUCT	COMMERCE_LEAK_NOINDEX	"noindex" etiketi tarafından hariç tutuldu	sellable_or_shop_pdp_noindexed	remove_noindex_on_sellable_pdp	high	en	shop_pdp	davlumbaz	eq-kdavotf02-150250	/en/shop/davlumbaz/eq-kdavotf02-150250	True	True	https://equsto.com/en/login?mode=register&next=/en/shop/davlumbaz/eq-kdavotf02-150250	2026-08-30
P0_RECOVER_PRODUCT	COMMERCE_LEAK_NOINDEX	"noindex" etiketi tarafından hariç tutuldu	sellable_or_shop_pdp_noindexed	remove_noindex_on_sellable_pdp	high	en	shop_pdp	istif	53-x-137-x-183-201	/en/shop/istif/53-x-137-x-183-201	True	True	https://equsto.com/en/login?mode=register&next=/en/shop/istif/53-x-137-x-183-201	2026-08-30
P0_RECOVER_PRODUCT	COMMERCE_LEAK_NOINDEX	"noindex" etiketi tarafından hariç tutuldu	sellable_or_shop_pdp_noindexed	remove_noindex_on_sellable_pdp	high	en	shop_pdp	sogutma	ttx-3n70	/en/shop/sogutma/ttx-3n70	True	True	https://equsto.com/en/login?mode=register&next=/en/shop/sogutma/ttx-3n70	2026-08-30
P0_RECOVER_PRODUCT	COMMERCE_LEAK_NOINDEX	"noindex" etiketi tarafından hariç tutuldu	sellable_or_shop_pdp_noindexed	remove_noindex_on_sellable_pdp		en	shop_pdp	sogutma	portabianco-tezgah-tip-mix-dort-kapili-buzdolabi		True	False	https://equsto.com/en/login?mode=register&next=/en/shop/sogutma/portabianco-tezgah-tip-mix-dort-kapili-buzdolabi	2026-08-30
P0_RECOVER_PRODUCT	COMMERCE_LEAK_NOINDEX	"noindex" etiketi tarafından hariç tutuldu	sellable_or_shop_pdp_noindexed	remove_noindex_on_sellable_pdp	high	en	shop_pdp	pisirme	371269	/en/shop/pisirme/371269	True	True	https://equsto.com/en/login?mode=register&next=/en/shop/pisirme/371269	2026-08-30
P0_RECOVER_PRODUCT	COMMERCE_LEAK_NOINDEX	"noindex" etiketi tarafından hariç tutuldu	sellable_or_shop_pdp_noindexed	remove_noindex_on_sellable_pdp	high	en	shop_pdp	set-ustu-mutfak	m056	/en/shop/set-ustu-mutfak/m056	True	True	https://equsto.com/en/login?next=/en/shop/set-ustu-mutfak/m056	2026-08-30
P0_RECOVER_PRODUCT	COMMERCE_LEAK_NOINDEX	"noindex" etiketi tarafından hariç tutuldu	sellable_or_shop_pdp_noindexed	remove_noindex_on_sellable_pdp	high	en	shop_pdp	tezgah	eq-kdct02-14070	/en/shop/tezgah/eq-kdct02-14070	True	True	https://equsto.com/en/login?mode=register&next=/en/shop/tezgah/eq-kdct02-14070	2026-08-30
P0_RECOVER_PRODUCT	COMMERCE_LEAK_NOINDEX	"noindex" etiketi tarafından hariç tutuldu	sellable_or_shop_pdp_noindexed	remove_noindex_on_sellable_pdp	high	en	shop_pdp	yikama	118-dbe-01	/en/shop/yikama/118-dbe-01	True	True	https://equsto.com/en/login?mode=register&next=/en/shop/yikama/118-dbe-01	2026-08-30
P0_RECOVER_PRODUCT	COMMERCE_LEAK_NOINDEX	"noindex" etiketi tarafından hariç tutuldu	sellable_or_shop_pdp_noindexed	remove_noindex_on_sellable_pdp		en	shop_pdp	market-reyonlari	eq-fulya-hf-tp-sky-eq20		True	False	https://equsto.com/en/login?mode=register&next=/en/shop/market-reyonlari/eq-fulya-hf-tp-sky-eq20	2026-08-30
P0_RECOVER_PRODUCT	COMMERCE_LEAK_NOINDEX	"noindex" etiketi tarafından hariç tutuldu	sellable_or_shop_pdp_noindexed	remove_noindex_on_sellable_pdp	high	en	shop_pdp	pisirme	spr6-1	/en/shop/pisirme/spr6-1	True	True	https://equsto.com/en/login?mode=register&next=/en/shop/pisirme/spr6-1	2026-08-30
P0_RECOVER_PRODUCT	COMMERCE_LEAK_NOINDEX	"noindex" etiketi tarafından hariç tutuldu	sellable_or_shop_pdp_noindexed	remove_noindex_on_sellable_pdp	high	en	shop_pdp	tezgah	ino-kss160	/en/shop/tezgah/ino-kss160	True	True	https://equsto.com/en/login?mode=register&next=/en/shop/tezgah/ino-kss160	2026-08-30
P0_RECOVER_PRODUCT	COMMERCE_LEAK_NOINDEX	"noindex" etiketi tarafından hariç tutuldu	sellable_or_shop_pdp_noindexed	remove_noindex_on_sellable_pdp	high	en	shop_pdp	sogutma	bre-hiku26ahc	/en/shop/sogutma/bre-hiku26ahc	True	True	https://equsto.com/en/login?mode=register&next=/en/shop/sogutma/bre-hiku26ahc	2026-08-30
P0_RECOVER_PRODUCT	COMMERCE_LEAK_NOINDEX	"noindex" etiketi tarafından hariç tutuldu	sellable_or_shop_pdp_noindexed	remove_noindex_on_sellable_pdp	high	en	shop_pdp	tezgah	7754-066a8-01	/en/shop/tezgah/7754-066a8-01	True	True	https://equsto.com/en/login?mode=register&next=/en/shop/tezgah/7754-066a8-01	2026-08-30
P0_RECOVER_PRODUCT	COMMERCE_LEAK_NOINDEX	"noindex" etiketi tarafından hariç tutuldu	sellable_or_shop_pdp_noindexed	remove_noindex_on_sellable_pdp	high	en	shop_pdp	davlumbaz	7885-30205-10	/en/shop/davlumbaz/7885-30205-10	True	True	https://equsto.com/en/login?mode=register&next=/en/shop/davlumbaz/7885-30205-10	2026-08-30
P0_RECOVER_PRODUCT	COMMERCE_LEAK_NOINDEX	"noindex" etiketi tarafından hariç tutuldu	sellable_or_shop_pdp_noindexed	remove_noindex_on_sellable_pdp	high	en	shop_pdp	tezgah	7754-217d5-21	/en/shop/tezgah/7754-217d5-21	True	True	https://equsto.com/en/login?mode=register&next=/en/shop/tezgah/7754-217d5-21	2026-08-30
P0_RECOVER_PRODUCT	COMMERCE_LEAK_NOINDEX	"noindex" etiketi tarafından hariç tutuldu	sellable_or_shop_pdp_noindexed	remove_noindex_on_sellable_pdp	high	en	shop_pdp	yikama	7711-09075-24	/en/shop/yikama/7711-09075-24	True	True	https://equsto.com/en/login?next=/en/shop/yikama/7711-09075-24	2026-08-30
P0_RECOVER_PRODUCT	COMMERCE_LEAK_NOINDEX	"noindex" etiketi tarafından hariç tutuldu	sellable_or_shop_pdp_noindexed	remove_noindex_on_sellable_pdp		en	shop_pdp	market-reyonlari	eq-lotus-lb-eq26		True	False	https://equsto.com/en/login?mode=register&next=/en/shop/market-reyonlari/eq-lotus-lb-eq26	2026-08-30
P0_RECOVER_PRODUCT	COMMERCE_LEAK_NOINDEX	"noindex" etiketi tarafından hariç tutuldu	sellable_or_shop_pdp_noindexed	remove_noindex_on_sellable_pdp	high	en	shop_pdp	sogutma	7919-cr6030-00	/en/shop/sogutma/7919-cr6030-00	True	True	https://equsto.com/en/login?mode=register&next=/en/shop/sogutma/7919-cr6030-00	2026-08-30
P0_RECOVER_PRODUCT	COMMERCE_LEAK_NOINDEX	"noindex" etiketi tarafından hariç tutuldu	sellable_or_shop_pdp_noindexed	remove_noindex_on_sellable_pdp	high	en	shop_pdp	tezgah	7868-17107-md	/en/shop/tezgah/7868-17107-md	True	True	https://equsto.com/en/login?mode=register&next=/en/shop/tezgah/7868-17107-md	2026-08-30
P0_RECOVER_PRODUCT	COMMERCE_LEAK_NOINDEX	"noindex" etiketi tarafından hariç tutuldu	sellable_or_shop_pdp_noindexed	remove_noindex_on_sellable_pdp	high	en	shop_pdp	sogutma	dt-2ngn-eko	/en/shop/sogutma/dt-2ngn-eko	True	True	https://equsto.com/en/login?mode=register&next=/en/shop/sogutma/dt-2ngn-eko	2026-08-30
P0_RECOVER_PRODUCT	COMMERCE_LEAK_NOINDEX	"noindex" etiketi tarafından hariç tutuldu	sellable_or_shop_pdp_noindexed	remove_noindex_on_sellable_pdp	high	en	shop_pdp	tezgah	7911-12070-15	/en/shop/tezgah/7911-12070-15	True	True	https://equsto.com/en/login?mode=register&next=/en/shop/tezgah/7911-12070-15	2026-08-30
P0_RECOVER_PRODUCT	COMMERCE_LEAK_NOINDEX	"noindex" etiketi tarafından hariç tutuldu	sellable_or_shop_pdp_noindexed	remove_noindex_on_sellable_pdp	high	en	shop_pdp	pisirme	npicco330-3	/en/shop/pisirme/npicco330-3	True	True	https://equsto.com/en/login?mode=register&next=/en/shop/pisirme/npicco330-3	2026-08-30
P0_RECOVER_PRODUCT	COMMERCE_LEAK_NOINDEX	"noindex" etiketi tarafından hariç tutuldu	sellable_or_shop_pdp_noindexed	remove_noindex_on_sellable_pdp	high	en	shop_pdp	sogutma	bre-vm500a	/en/shop/sogutma/bre-vm500a	True	True	https://equsto.com/en/login?mode=register&next=/en/shop/sogutma/bre-vm500a	2026-08-30
P0_RECOVER_PRODUCT	COMMERCE_LEAK_NOINDEX	"noindex" etiketi tarafından hariç tutuldu	sellable_or_shop_pdp_noindexed	remove_noindex_on_sellable_pdp		en	shop_pdp	market-reyonlari	eq-nergis-lb-lm-eq26		True	False	https://equsto.com/en/login?mode=register&next=/en/shop/market-reyonlari/eq-nergis-lb-lm-eq26	2026-08-30
P0_RECOVER_PRODUCT	COMMERCE_LEAK_NOINDEX	"noindex" etiketi tarafından hariç tutuldu	sellable_or_shop_pdp_noindexed	remove_noindex_on_sellable_pdp	high	en	shop_pdp	tezgah	7754-066e8-01	/en/shop/tezgah/7754-066e8-01	True	True	https://equsto.com/en/login?mode=register&next=/en/shop/tezgah/7754-066e8-01	2026-08-30
P0_RECOVER_PRODUCT	COMMERCE_LEAK_NOINDEX	"noindex" etiketi tarafından hariç tutuldu	sellable_or_shop_pdp_noindexed	remove_noindex_on_sellable_pdp	high	en	shop_pdp	dolap	7754-196e8-25	/en/shop/tezgah/7754-196e8-25	True	True	https://equsto.com/en/login?mode=register&next=/en/shop/dolap/7754-196e8-25	2026-08-30
P0_RECOVER_PRODUCT	COMMERCE_LEAK_NOINDEX	"noindex" etiketi tarafından hariç tutuldu	sellable_or_shop_pdp_noindexed	remove_noindex_on_sellable_pdp	high	en	shop_pdp	yikama	502724	/en/shop/yikama/502724	True	True	https://equsto.com/en/login?mode=register&next=/en/shop/yikama/502724	2026-08-30
P0_RECOVER_PRODUCT	COMMERCE_LEAK_NOINDEX	"noindex" etiketi tarafından hariç tutuldu	sellable_or_shop_pdp_noindexed	remove_noindex_on_sellable_pdp	high	en	shop_pdp	pisirme	8890-md120-02	/en/shop/pisirme/8890-md120-02	True	True	https://equsto.com/en/login?mode=register&next=/en/shop/pisirme/8890-md120-02	2026-08-29
P0_RECOVER_PRODUCT	COMMERCE_LEAK_NOINDEX	"noindex" etiketi tarafından hariç tutuldu	sellable_or_shop_pdp_noindexed	remove_noindex_on_sellable_pdp	high	en	shop_pdp	sogutma	bre-cb1565ahc	/en/shop/sogutma/bre-cb1565ahc	True	True	https://equsto.com/en/login?mode=register&next=/en/shop/sogutma/bre-cb1565ahc	2026-08-29
P0_RECOVER_PRODUCT	COMMERCE_LEAK_NOINDEX	"noindex" etiketi tarafından hariç tutuldu	sellable_or_shop_pdp_noindexed	remove_noindex_on_sellable_pdp	high	en	shop_pdp	tezgah	7897-14030-07	/en/shop/tezgah/7897-14030-07	True	True	https://equsto.com/en/login?mode=register&next=/en/shop/tezgah/7897-14030-07	2026-08-29
P0_RECOVER_PRODUCT	COMMERCE_LEAK_NOINDEX	"noindex" etiketi tarafından hariç tutuldu	sellable_or_shop_pdp_noindexed	remove_noindex_on_sellable_pdp	high	en	shop_pdp	tezgah	7758-056a8-01	/en/shop/tezgah/7758-056a8-01	True	True	https://equsto.com/en/login?mode=register&next=/en/shop/tezgah/7758-056a8-01	2026-08-29
P0_RECOVER_PRODUCT	COMMERCE_LEAK_NOINDEX	"noindex" etiketi tarafından hariç tutuldu	sellable_or_shop_pdp_noindexed	remove_noindex_on_sellable_pdp	high	en	shop_pdp	tezgah	7911-14070-35	/en/shop/tezgah/7911-14070-35	True	True	https://equsto.com/en/login?next=/en/shop/tezgah/7911-14070-35	2026-08-29
P0_RECOVER_PRODUCT	COMMERCE_LEAK_NOINDEX	"noindex" etiketi tarafından hariç tutuldu	sellable_or_shop_pdp_noindexed	remove_noindex_on_sellable_pdp	high	en	shop_pdp	tezgah	7911-14070-35	/en/shop/tezgah/7911-14070-35	True	True	https://equsto.com/en/login?mode=register&next=/en/shop/tezgah/7911-14070-35	2026-08-29
P0_RECOVER_PRODUCT	COMMERCE_LEAK_NOINDEX	"noindex" etiketi tarafından hariç tutuldu	sellable_or_shop_pdp_noindexed	remove_noindex_on_sellable_pdp	high	en	shop_pdp	tezgah	7754-146eb-11	/en/shop/tezgah/7754-146eb-11	True	True	https://equsto.com/en/login?mode=register&next=/en/shop/tezgah/7754-146eb-11	2026-08-29
P0_RECOVER_PRODUCT	COMMERCE_LEAK_NOINDEX	"noindex" etiketi tarafından hariç tutuldu	sellable_or_shop_pdp_noindexed	remove_noindex_on_sellable_pdp	high	en	shop_pdp	tezgah	eq-kcevt01-09070	/en/shop/tezgah/eq-kcevt01-09070	True	True	https://equsto.com/en/login?mode=register&next=/en/shop/tezgah/eq-kcevt01-09070	2026-08-29
P0_RECOVER_PRODUCT	COMMERCE_LEAK_NOINDEX	"noindex" etiketi tarafından hariç tutuldu	sellable_or_shop_pdp_noindexed	remove_noindex_on_sellable_pdp		en	shop_pdp	market-reyonlari	eq-nergis-lm-eq27		True	False	https://equsto.com/en/login?mode=register&next=/en/shop/market-reyonlari/eq-nergis-lm-eq27	2026-08-29
P0_RECOVER_PRODUCT	COMMERCE_LEAK_NOINDEX	"noindex" etiketi tarafından hariç tutuldu	sellable_or_shop_pdp_noindexed	remove_noindex_on_sellable_pdp	high	en	shop_pdp	pisirme	npicco701-1	/en/shop/pisirme/npicco701-1	True	True	https://equsto.com/en/login?mode=register&next=/en/shop/pisirme/npicco701-1	2026-08-29
P0_RECOVER_PRODUCT	COMMERCE_LEAK_NOINDEX	"noindex" etiketi tarafından hariç tutuldu	sellable_or_shop_pdp_noindexed	remove_noindex_on_sellable_pdp	high	en	shop_pdp	tezgah	7897-16030-07	/en/shop/tezgah/7897-16030-07	True	True	https://equsto.com/en/login?mode=register&next=/en/shop/tezgah/7897-16030-07	2026-08-29
P0_RECOVER_PRODUCT	COMMERCE_LEAK_NOINDEX	"noindex" etiketi tarafından hariç tutuldu	sellable_or_shop_pdp_noindexed	remove_noindex_on_sellable_pdp		en	shop_pdp	market-reyonlari	eq-lotus-eq19		True	False	https://equsto.com/en/login?mode=register&next=/en/shop/market-reyonlari/eq-lotus-eq19	2026-08-29
P0_RECOVER_PRODUCT	COMMERCE_LEAK_NOINDEX	"noindex" etiketi tarafından hariç tutuldu	sellable_or_shop_pdp_noindexed	remove_noindex_on_sellable_pdp	high	en	shop_pdp	tezgah	7758-247c8-33	/en/shop/tezgah/7758-247c8-33	True	True	https://equsto.com/en/login?mode=register&next=/en/shop/tezgah/7758-247c8-33	2026-08-29
P0_RECOVER_PRODUCT	COMMERCE_LEAK_NOINDEX	"noindex" etiketi tarafından hariç tutuldu	sellable_or_shop_pdp_noindexed	remove_noindex_on_sellable_pdp	high	en	shop_pdp	icecek	8593-su250-00	/en/shop/icecek/8593-su250-00	True	True	https://equsto.com/en/login?mode=register&next=/en/shop/icecek/8593-su250-00	2026-08-29
P0_RECOVER_PRODUCT	COMMERCE_LEAK_NOINDEX	"noindex" etiketi tarafından hariç tutuldu	sellable_or_shop_pdp_noindexed	remove_noindex_on_sellable_pdp	high	en	shop_pdp	kahve	9868-11986-6001	/en/shop/kahve/9868-11986-6001	True	True	https://equsto.com/en/login?mode=register&next=/en/shop/kahve/9868-11986-6001	2026-08-29
P0_RECOVER_PRODUCT	COMMERCE_LEAK_NOINDEX	"noindex" etiketi tarafından hariç tutuldu	sellable_or_shop_pdp_noindexed	remove_noindex_on_sellable_pdp	high	en	shop_pdp	yikama	ino-bym042-pz	/en/shop/yikama/ino-bym042-pz	True	True	https://equsto.com/en/login?mode=register&next=/en/shop/yikama/ino-bym042-pz	2026-08-29
P0_RECOVER_PRODUCT	COMMERCE_LEAK_NOINDEX	"noindex" etiketi tarafından hariç tutuldu	sellable_or_shop_pdp_noindexed	remove_noindex_on_sellable_pdp	high	en	shop_pdp	set-ustu-mutfak	8893-up235w-00	/en/shop/set-ustu-mutfak/8893-up235w-00	True	False	https://equsto.com/en/login?mode=register&next=/en/shop/set-ustu-mutfak/8893-up235w-00	2026-08-29
P0_RECOVER_PRODUCT	COMMERCE_LEAK_NOINDEX	"noindex" etiketi tarafından hariç tutuldu	sellable_or_shop_pdp_noindexed	remove_noindex_on_sellable_pdp	high	en	shop_pdp	tezgah	eq-kmertt01-09070	/en/shop/tezgah/eq-kmertt01-09070	True	True	https://equsto.com/en/login?mode=register&next=/en/shop/tezgah/eq-kmertt01-09070	2026-08-29
P0_RECOVER_PRODUCT	COMMERCE_LEAK_NOINDEX	"noindex" etiketi tarafından hariç tutuldu	sellable_or_shop_pdp_noindexed	remove_noindex_on_sellable_pdp	high	en	shop_pdp	yikama	0753-01719-07	/en/shop/yikama/0753-01719-07	True	True	https://equsto.com/en/login?mode=register&next=/en/shop/yikama/0753-01719-07	2026-08-29
P0_RECOVER_PRODUCT	COMMERCE_LEAK_NOINDEX	"noindex" etiketi tarafından hariç tutuldu	sellable_or_shop_pdp_noindexed	remove_noindex_on_sellable_pdp		en	shop_pdp	market-reyonlari	eq-lotus-lb-eq23		True	False	https://equsto.com/en/login?mode=register&next=/en/shop/market-reyonlari/eq-lotus-lb-eq23	2026-08-29
P0_RECOVER_PRODUCT	COMMERCE_LEAK_NOINDEX	"noindex" etiketi tarafından hariç tutuldu	sellable_or_shop_pdp_noindexed	remove_noindex_on_sellable_pdp	high	en	shop_pdp	tezgah	ino-ktd190	/en/shop/tezgah/ino-ktd190	True	True	https://equsto.com/en/login?mode=register&next=/en/shop/tezgah/ino-ktd190	2026-08-29
P0_RECOVER_PRODUCT	COMMERCE_LEAK_NOINDEX	"noindex" etiketi tarafından hariç tutuldu	sellable_or_shop_pdp_noindexed	remove_noindex_on_sellable_pdp	high	en	shop_pdp	hazirlik	208-600981	/en/shop/hazirlik/208-600981	True	True	https://equsto.com/en/login?mode=register&next=/en/shop/hazirlik/208-600981	2026-08-29
P0_RECOVER_PRODUCT	COMMERCE_LEAK_NOINDEX	"noindex" etiketi tarafından hariç tutuldu	sellable_or_shop_pdp_noindexed	remove_noindex_on_sellable_pdp	high	en	shop_pdp	set-ustu-mutfak	9830-rl300-rd	/en/shop/set-ustu-mutfak/9830-rl300-rd	True	True	https://equsto.com/en/login?mode=register&next=/en/shop/set-ustu-mutfak/9830-rl300-rd	2026-08-29
P0_RECOVER_PRODUCT	COMMERCE_LEAK_NOINDEX	"noindex" etiketi tarafından hariç tutuldu	sellable_or_shop_pdp_noindexed	remove_noindex_on_sellable_pdp	high	en	shop_pdp	pisirme	spr120-2	/en/shop/pisirme/spr120-2	True	True	https://equsto.com/en/login?mode=register&next=/en/shop/pisirme/spr120-2	2026-08-29
P0_RECOVER_PRODUCT	COMMERCE_LEAK_NOINDEX	"noindex" etiketi tarafından hariç tutuldu	sellable_or_shop_pdp_noindexed	remove_noindex_on_sellable_pdp	high	en	shop_pdp	set-ustu-mutfak	6260-00072-63	/en/shop/set-ustu-mutfak/6260-00072-63	True	True	https://equsto.com/en/login?mode=register&next=/en/shop/set-ustu-mutfak/6260-00072-63	2026-08-29
P0_RECOVER_PRODUCT	COMMERCE_LEAK_NOINDEX	"noindex" etiketi tarafından hariç tutuldu	sellable_or_shop_pdp_noindexed	remove_noindex_on_sellable_pdp	high	tr	shop_pdp	market-reyonlari	eq-falcon-sld-eq53	/shop/market-reyonlari/eq-falcon-sld-eq53	True	True	https://equsto.com/en/login?next=/shop/market-reyonlari/eq-falcon-sld-eq53	2026-08-29
P0_RECOVER_PRODUCT	COMMERCE_LEAK_NOINDEX	"noindex" etiketi tarafından hariç tutuldu	sellable_or_shop_pdp_noindexed	remove_noindex_on_sellable_pdp	high	en	shop_pdp	hazirlik	5kgm	/en/shop/hazirlik/5kgm	True	True	https://equsto.com/en/login?mode=register&next=/en/shop/hazirlik/5kgm	2026-08-29
P0_RECOVER_PRODUCT	COMMERCE_LEAK_NOINDEX	"noindex" etiketi tarafından hariç tutuldu	sellable_or_shop_pdp_noindexed	remove_noindex_on_sellable_pdp	high	en	shop_pdp	market-reyonlari	eq-tiger-ifg-eq1	/en/shop/market-reyonlari/eq-tiger-ifg-eq1	True	False	https://equsto.com/en/login?mode=register&next=/en/shop/market-reyonlari/eq-tiger-ifg-eq1	2026-08-29
P0_RECOVER_PRODUCT	COMMERCE_LEAK_NOINDEX	"noindex" etiketi tarafından hariç tutuldu	sellable_or_shop_pdp_noindexed	remove_noindex_on_sellable_pdp	high	en	shop_pdp	tezgah	7754-147c8-27	/en/shop/tezgah/7754-147c8-27	True	True	https://equsto.com/en/login?mode=register&next=/en/shop/tezgah/7754-147c8-27	2026-08-29
P0_RECOVER_PRODUCT	COMMERCE_LEAK_NOINDEX	"noindex" etiketi tarafından hariç tutuldu	sellable_or_shop_pdp_noindexed	remove_noindex_on_sellable_pdp	high	en	shop_pdp	tezgah	eq-khct04-09070	/en/shop/tezgah/eq-khct04-09070	True	True	https://equsto.com/en/login?next=/en/shop/tezgah/eq-khct04-09070	2026-08-29
P0_RECOVER_PRODUCT	COMMERCE_LEAK_NOINDEX	"noindex" etiketi tarafından hariç tutuldu	sellable_or_shop_pdp_noindexed	remove_noindex_on_sellable_pdp	high	en	shop_pdp	market-reyonlari	eq-falcon-sld-eq66	/en/shop/market-reyonlari/eq-falcon-sld-eq66	True	True	https://equsto.com/en/login?mode=register&next=/en/shop/market-reyonlari/eq-falcon-sld-eq66	2026-08-29
P0_RECOVER_PRODUCT	COMMERCE_LEAK_NOINDEX	"noindex" etiketi tarafından hariç tutuldu	sellable_or_shop_pdp_noindexed	remove_noindex_on_sellable_pdp	high	en	shop_pdp	yikama	118-dm-01	/en/shop/yikama/118-dm-01	True	True	https://equsto.com/en/login?mode=register&next=/en/shop/yikama/118-dm-01	2026-08-29
P0_RECOVER_PRODUCT	COMMERCE_LEAK_NOINDEX	"noindex" etiketi tarafından hariç tutuldu	sellable_or_shop_pdp_noindexed	remove_noindex_on_sellable_pdp	high	en	shop_pdp	pisirme	7960-09429-7o3	/en/shop/yikama/7960-09429-7o3	True	True	https://equsto.com/en/login?mode=register&next=/en/shop/pisirme/7960-09429-7o3	2026-08-29
P0_RECOVER_PRODUCT	COMMERCE_LEAK_NOINDEX	"noindex" etiketi tarafından hariç tutuldu	sellable_or_shop_pdp_noindexed	remove_noindex_on_sellable_pdp	high	en	shop_pdp	hazirlik	208-650090-c3wx	/en/shop/hazirlik/208-650090-c3wx	True	True	https://equsto.com/en/login?mode=register&next=/en/shop/hazirlik/208-650090-c3wx	2026-08-29
P0_RECOVER_PRODUCT	COMMERCE_LEAK_NOINDEX	"noindex" etiketi tarafından hariç tutuldu	sellable_or_shop_pdp_noindexed	remove_noindex_on_sellable_pdp	high	en	shop_pdp	pisirme	spr2-2	/en/shop/pisirme/spr2-2	True	True	https://equsto.com/en/login?mode=register&next=/en/shop/pisirme/spr2-2	2026-08-29
P0_RECOVER_PRODUCT	COMMERCE_LEAK_NOINDEX	"noindex" etiketi tarafından hariç tutuldu	sellable_or_shop_pdp_noindexed	remove_noindex_on_sellable_pdp	high	en	shop_pdp	tezgah	7758-216e5-31	/en/shop/tezgah/7758-216e5-31	True	True	https://equsto.com/en/login?mode=register&next=/en/shop/tezgah/7758-216e5-31	2026-08-29
P0_RECOVER_PRODUCT	COMMERCE_LEAK_NOINDEX	"noindex" etiketi tarafından hariç tutuldu	sellable_or_shop_pdp_noindexed	remove_noindex_on_sellable_pdp	high	en	shop_pdp	market-reyonlari	eq-falcon-plug-in-eq16	/en/shop/market-reyonlari/eq-falcon-plug-in-eq16	True	True	https://equsto.com/en/login?mode=register&next=/en/shop/market-reyonlari/eq-falcon-plug-in-eq16	2026-08-29
P0_RECOVER_PRODUCT	COMMERCE_LEAK_NOINDEX	"noindex" etiketi tarafından hariç tutuldu	sellable_or_shop_pdp_noindexed	remove_noindex_on_sellable_pdp	high	en	shop_pdp	set-ustu-mutfak	0449-03426-01	/en/shop/set-ustu-mutfak/0449-03426-01	True	True	https://equsto.com/en/login?mode=register&next=/en/shop/set-ustu-mutfak/0449-03426-01	2026-08-29
P0_RECOVER_PRODUCT	COMMERCE_LEAK_NOINDEX	"noindex" etiketi tarafından hariç tutuldu	sellable_or_shop_pdp_noindexed	remove_noindex_on_sellable_pdp	high	en	shop_pdp	market-reyonlari	eq-falcon-eq91	/en/shop/market-reyonlari/eq-falcon-eq91	True	True	https://equsto.com/en/login?mode=register&next=/en/shop/market-reyonlari/eq-falcon-eq91	2026-08-29
P0_RECOVER_PRODUCT	COMMERCE_LEAK_NOINDEX	"noindex" etiketi tarafından hariç tutuldu	sellable_or_shop_pdp_noindexed	remove_noindex_on_sellable_pdp	high	en	shop_pdp	tezgah	7754-247c5-31	/en/shop/tezgah/7754-247c5-31	True	True	https://equsto.com/en/login?mode=register&next=/en/shop/tezgah/7754-247c5-31	2026-08-29
P0_RECOVER_PRODUCT	COMMERCE_LEAK_NOINDEX	"noindex" etiketi tarafından hariç tutuldu	sellable_or_shop_pdp_noindexed	remove_noindex_on_sellable_pdp	high	en	shop_pdp	tezgah	ino-krn200	/en/shop/tezgah/ino-krn200	True	True	https://equsto.com/en/login?mode=register&next=/en/shop/tezgah/ino-krn200	2026-08-29
P0_RECOVER_PRODUCT	COMMERCE_LEAK_NOINDEX	"noindex" etiketi tarafından hariç tutuldu	sellable_or_shop_pdp_noindexed	remove_noindex_on_sellable_pdp		en	shop_pdp	market-reyonlari	eq-fulya-nv-lm-eq11		True	False	https://equsto.com/en/login?mode=register&next=/en/shop/market-reyonlari/eq-fulya-nv-lm-eq11	2026-08-29
P0_RECOVER_PRODUCT	COMMERCE_LEAK_NOINDEX	"noindex" etiketi tarafından hariç tutuldu	sellable_or_shop_pdp_noindexed	remove_noindex_on_sellable_pdp	high	en	shop_pdp	yikama	9710-ux10n-00	/en/shop/yikama/9710-ux10n-00	True	False	https://equsto.com/en/login?mode=register&next=/en/shop/yikama/9710-ux10n-00	2026-08-29
P0_RECOVER_PRODUCT	COMMERCE_LEAK_NOINDEX	"noindex" etiketi tarafından hariç tutuldu	sellable_or_shop_pdp_noindexed	remove_noindex_on_sellable_pdp	high	en	shop_pdp	pisirme	391098	/en/shop/pisirme/391098	True	True	https://equsto.com/en/login?mode=register&next=/en/shop/pisirme/391098	2026-08-29
P0_RECOVER_PRODUCT	COMMERCE_LEAK_NOINDEX	"noindex" etiketi tarafından hariç tutuldu	sellable_or_shop_pdp_noindexed	remove_noindex_on_sellable_pdp	high	en	shop_pdp	istif	8897-36700-p0	/en/shop/istif/8897-36700-p0	True	True	https://equsto.com/en/login?mode=register&next=/en/shop/istif/8897-36700-p0	2026-08-29
P0_RECOVER_PRODUCT	COMMERCE_LEAK_NOINDEX	"noindex" etiketi tarafından hariç tutuldu	sellable_or_shop_pdp_noindexed	remove_noindex_on_sellable_pdp	high	en	shop_pdp	market-reyonlari	eq-falcon-sld-eq83	/en/shop/market-reyonlari/eq-falcon-sld-eq83	True	True	https://equsto.com/en/login?mode=register&next=/en/shop/market-reyonlari/eq-falcon-sld-eq83	2026-08-29
P0_RECOVER_PRODUCT	COMMERCE_LEAK_NOINDEX	"noindex" etiketi tarafından hariç tutuldu	sellable_or_shop_pdp_noindexed	remove_noindex_on_sellable_pdp		en	shop_pdp	market-reyonlari	eq-nergis-lb-fg-sky-eq25		True	False	https://equsto.com/en/login?mode=register&next=/en/shop/market-reyonlari/eq-nergis-lb-fg-sky-eq25	2026-08-29
P0_RECOVER_PRODUCT	COMMERCE_LEAK_NOINDEX	"noindex" etiketi tarafından hariç tutuldu	sellable_or_shop_pdp_noindexed	remove_noindex_on_sellable_pdp	high	tr	shop_pdp	pisirme	easfe-860f	/shop/pisirme/easfe-860f	True	True	https://equsto.com/en/login?mode=register&next=/shop/pisirme/easfe-860f	2026-08-29
P0_RECOVER_PRODUCT	COMMERCE_LEAK_NOINDEX	"noindex" etiketi tarafından hariç tutuldu	sellable_or_shop_pdp_noindexed	remove_noindex_on_sellable_pdp	high	en	shop_pdp	market-reyonlari	be1-m037-5s	/en/shop/market-reyonlari/be1-m037-5s	True	True	https://equsto.com/en/login?mode=register&next=/en/shop/market-reyonlari/be1-m037-5s	2026-08-29
P0_RECOVER_PRODUCT	COMMERCE_LEAK_NOINDEX	"noindex" etiketi tarafından hariç tutuldu	sellable_or_shop_pdp_noindexed	remove_noindex_on_sellable_pdp	high	en	shop_pdp	davlumbaz	7885-50155-14	/en/shop/davlumbaz/7885-50155-14	True	True	https://equsto.com/en/login?mode=register&next=/en/shop/davlumbaz/7885-50155-14	2026-08-29
P0_RECOVER_PRODUCT	COMMERCE_LEAK_NOINDEX	"noindex" etiketi tarafından hariç tutuldu	sellable_or_shop_pdp_noindexed	remove_noindex_on_sellable_pdp	high	en	shop_pdp	sogutma	118-dt-13	/en/shop/sogutma/118-dt-13	True	True	https://equsto.com/en/login?mode=register&next=/en/shop/sogutma/118-dt-13	2026-08-29
P0_RECOVER_PRODUCT	COMMERCE_LEAK_NOINDEX	"noindex" etiketi tarafından hariç tutuldu	sellable_or_shop_pdp_noindexed	remove_noindex_on_sellable_pdp	high	en	shop_pdp	set-ustu-mutfak	8845-0crg8-00	/en/shop/set-ustu-mutfak/8845-0crg8-00	True	True	https://equsto.com/en/login?mode=register&next=/en/shop/set-ustu-mutfak/8845-0crg8-00	2026-08-29
P0_RECOVER_PRODUCT	COMMERCE_LEAK_NOINDEX	"noindex" etiketi tarafından hariç tutuldu	sellable_or_shop_pdp_noindexed	remove_noindex_on_sellable_pdp	high	en	shop_pdp	pisirme	9890-icpro10-1e	/en/shop/pisirme/9890-icpro10-1e	True	True	https://equsto.com/en/login?mode=register&next=/en/shop/pisirme/9890-icpro10-1e	2026-08-29
P0_RECOVER_PRODUCT	COMMERCE_LEAK_NOINDEX	"noindex" etiketi tarafından hariç tutuldu	sellable_or_shop_pdp_noindexed	remove_noindex_on_sellable_pdp	high	en	shop_pdp	tezgah	7758-147c8-27	/en/shop/tezgah/7758-147c8-27	True	True	https://equsto.com/en/login?mode=register&next=/en/shop/tezgah/7758-147c8-27	2026-08-29
P0_RECOVER_PRODUCT	COMMERCE_LEAK_NOINDEX	"noindex" etiketi tarafından hariç tutuldu	sellable_or_shop_pdp_noindexed	remove_noindex_on_sellable_pdp	high	en	shop_pdp	pisirme	eagf-860	/en/shop/pisirme/eagf-860	True	True	https://equsto.com/en/login?mode=register&next=/en/shop/pisirme/eagf-860	2026-08-29
P0_RECOVER_PRODUCT	COMMERCE_LEAK_NOINDEX	"noindex" etiketi tarafından hariç tutuldu	sellable_or_shop_pdp_noindexed	remove_noindex_on_sellable_pdp	high	en	shop_pdp	hazirlik	208-653572-ft08	/en/shop/hazirlik/208-653572-ft08	True	True	https://equsto.com/en/login?mode=register&next=/en/shop/hazirlik/208-653572-ft08	2026-08-29
P0_RECOVER_PRODUCT	COMMERCE_LEAK_NOINDEX	"noindex" etiketi tarafından hariç tutuldu	sellable_or_shop_pdp_noindexed	remove_noindex_on_sellable_pdp	high	en	shop_pdp	tezgah	7897-16030-08	/en/shop/tezgah/7897-16030-08	True	True	https://equsto.com/en/login?mode=register&next=/en/shop/tezgah/7897-16030-08	2026-08-29
P0_RECOVER_PRODUCT	COMMERCE_LEAK_NOINDEX	"noindex" etiketi tarafından hariç tutuldu	sellable_or_shop_pdp_noindexed	remove_noindex_on_sellable_pdp	high	en	shop_pdp	tezgah	7754-107c8-11	/en/shop/tezgah/7754-107c8-11	True	True	https://equsto.com/en/login?mode=register&next=/en/shop/tezgah/7754-107c8-11	2026-08-29
P0_RECOVER_PRODUCT	COMMERCE_LEAK_NOINDEX	"noindex" etiketi tarafından hariç tutuldu	sellable_or_shop_pdp_noindexed	remove_noindex_on_sellable_pdp	high	en	shop_pdp	tezgah	7754-216e5-23	/en/shop/tezgah/7754-216e5-23	True	True	https://equsto.com/en/login?mode=register&next=/en/shop/tezgah/7754-216e5-23	2026-08-29
P0_RECOVER_PRODUCT	COMMERCE_LEAK_NOINDEX	"noindex" etiketi tarafından hariç tutuldu	sellable_or_shop_pdp_noindexed	remove_noindex_on_sellable_pdp	high	en	shop_pdp	market-reyonlari	eq-falcon-eq1	/en/shop/market-reyonlari/eq-falcon-eq1	True	True	https://equsto.com/en/login?mode=register&next=/en/shop/market-reyonlari/eq-falcon-eq1	2026-08-29
P0_RECOVER_PRODUCT	COMMERCE_LEAK_NOINDEX	"noindex" etiketi tarafından hariç tutuldu	sellable_or_shop_pdp_noindexed	remove_noindex_on_sellable_pdp	high	en	shop_pdp	davlumbaz	eq-kdavdtf02-15090	/en/shop/davlumbaz/eq-kdavdtf02-15090	True	True	https://equsto.com/en/login?mode=register&next=/en/shop/davlumbaz/eq-kdavdtf02-15090	2026-08-29
P0_RECOVER_PRODUCT	COMMERCE_LEAK_NOINDEX	"noindex" etiketi tarafından hariç tutuldu	sellable_or_shop_pdp_noindexed	remove_noindex_on_sellable_pdp	high	en	shop_pdp	sogutma	dss-42-a	/en/shop/sogutma/dss-42-a	True	True	https://equsto.com/en/login?mode=register&next=/en/shop/sogutma/dss-42-a	2026-08-29
P0_RECOVER_PRODUCT	COMMERCE_LEAK_NOINDEX	"noindex" etiketi tarafından hariç tutuldu	sellable_or_shop_pdp_noindexed	remove_noindex_on_sellable_pdp	high	en	shop_pdp	tezgah	7911-14070-31	/en/shop/tezgah/7911-14070-31	True	True	https://equsto.com/en/login?mode=register&next=/en/shop/tezgah/7911-14070-31	2026-08-29
P0_RECOVER_PRODUCT	COMMERCE_LEAK_NOINDEX	"noindex" etiketi tarafından hariç tutuldu	sellable_or_shop_pdp_noindexed	remove_noindex_on_sellable_pdp	high	en	shop_pdp	market-reyonlari	eq-falcon-sld-eq56	/en/shop/market-reyonlari/eq-falcon-sld-eq56	True	True	https://equsto.com/en/login?mode=register&next=/en/shop/market-reyonlari/eq-falcon-sld-eq56	2026-08-29
P0_RECOVER_PRODUCT	COMMERCE_LEAK_NOINDEX	"noindex" etiketi tarafından hariç tutuldu	sellable_or_shop_pdp_noindexed	remove_noindex_on_sellable_pdp	high	en	shop_pdp	set-ustu-mutfak	0311-12100-21	/en/shop/set-ustu-mutfak/0311-12100-21	True	True	https://equsto.com/en/login?mode=register&next=/en/shop/set-ustu-mutfak/0311-12100-21	2026-08-29
P0_RECOVER_PRODUCT	COMMERCE_LEAK_NOINDEX	"noindex" etiketi tarafından hariç tutuldu	sellable_or_shop_pdp_noindexed	remove_noindex_on_sellable_pdp	high	en	shop_pdp	davlumbaz	7885-35125-11	/en/shop/davlumbaz/7885-35125-11	True	True	https://equsto.com/en/login?mode=register&next=/en/shop/davlumbaz/7885-35125-11	2026-08-29
P0_RECOVER_PRODUCT	COMMERCE_LEAK_NOINDEX	"noindex" etiketi tarafından hariç tutuldu	sellable_or_shop_pdp_noindexed	remove_noindex_on_sellable_pdp	high	en	shop_pdp	hazirlik	208-653774-j3x	/en/shop/hazirlik/208-653774-j3x	True	True	https://equsto.com/en/login?mode=register&next=/en/shop/hazirlik/208-653774-j3x	2026-08-29
P0_RECOVER_PRODUCT	COMMERCE_LEAK_NOINDEX	"noindex" etiketi tarafından hariç tutuldu	sellable_or_shop_pdp_noindexed	remove_noindex_on_sellable_pdp		en	shop_pdp	market-reyonlari	eq-inci-eq2		True	False	https://equsto.com/en/login?mode=register&next=/en/shop/market-reyonlari/eq-inci-eq2	2026-08-29
P0_RECOVER_PRODUCT	COMMERCE_LEAK_NOINDEX	"noindex" etiketi tarafından hariç tutuldu	sellable_or_shop_pdp_noindexed	remove_noindex_on_sellable_pdp	high	en	shop_pdp	tezgah	7911-06070-79	/en/shop/tezgah/7911-06070-79	True	True	https://equsto.com/en/login?mode=register&next=/en/shop/tezgah/7911-06070-79	2026-08-29
P0_RECOVER_PRODUCT	COMMERCE_LEAK_NOINDEX	"noindex" etiketi tarafından hariç tutuldu	sellable_or_shop_pdp_noindexed	remove_noindex_on_sellable_pdp	high	en	shop_pdp	pisirme	7865-90739-10	/en/shop/pisirme/7865-90739-10	True	False	https://equsto.com/en/login?mode=register&next=/en/shop/pisirme/7865-90739-10	2026-08-29
P0_RECOVER_PRODUCT	COMMERCE_LEAK_NOINDEX	"noindex" etiketi tarafından hariç tutuldu	sellable_or_shop_pdp_noindexed	remove_noindex_on_sellable_pdp	high	en	shop_pdp	tezgah	7911-10070-84	/en/shop/tezgah/7911-10070-84	True	True	https://equsto.com/en/login?mode=register&next=/en/shop/tezgah/7911-10070-84	2026-08-29
P0_RECOVER_PRODUCT	COMMERCE_LEAK_NOINDEX	"noindex" etiketi tarafından hariç tutuldu	sellable_or_shop_pdp_noindexed	remove_noindex_on_sellable_pdp	high	en	shop_pdp	tezgah	79k3-06lmv-00	/en/shop/tezgah/79k3-06lmv-00	True	True	https://equsto.com/en/login?mode=register&next=/en/shop/tezgah/79k3-06lmv-00	2026-08-29
P0_RECOVER_PRODUCT	COMMERCE_LEAK_NOINDEX	"noindex" etiketi tarafından hariç tutuldu	sellable_or_shop_pdp_noindexed	remove_noindex_on_sellable_pdp		en	shop_pdp	market-reyonlari	eq-nergis-fg-eq47		True	False	https://equsto.com/en/login?mode=register&next=/en/shop/market-reyonlari/eq-nergis-fg-eq47	2026-08-29
P0_RECOVER_PRODUCT	COMMERCE_LEAK_NOINDEX	"noindex" etiketi tarafından hariç tutuldu	sellable_or_shop_pdp_noindexed	remove_noindex_on_sellable_pdp	high	en	shop_pdp	tezgah	7758-246e8-31	/en/shop/tezgah/7758-246e8-31	True	True	https://equsto.com/en/login?mode=register&next=/en/shop/tezgah/7758-246e8-31	2026-08-29
P0_RECOVER_PRODUCT	COMMERCE_LEAK_NOINDEX	"noindex" etiketi tarafından hariç tutuldu	sellable_or_shop_pdp_noindexed	remove_noindex_on_sellable_pdp	high	en	shop_pdp	kahve	197-x15-cs10	/en/shop/kahve/197-x15-cs10	True	True	https://equsto.com/en/login?mode=register&next=/en/shop/kahve/197-x15-cs10	2026-08-29
P0_RECOVER_PRODUCT	COMMERCE_LEAK_NOINDEX	"noindex" etiketi tarafından hariç tutuldu	sellable_or_shop_pdp_noindexed	remove_noindex_on_sellable_pdp	high	en	shop_pdp	tezgah	7911-14070-30	/en/shop/tezgah/7911-14070-30	True	True	https://equsto.com/en/login?mode=register&next=/en/shop/tezgah/7911-14070-30	2026-08-29
P0_RECOVER_PRODUCT	COMMERCE_LEAK_NOINDEX	"noindex" etiketi tarafından hariç tutuldu	sellable_or_shop_pdp_noindexed	remove_noindex_on_sellable_pdp	high	en	shop_pdp	tezgah	7754-127cb-11	/en/shop/tezgah/7754-127cb-11	True	True	https://equsto.com/en/login?mode=register&next=/en/shop/tezgah/7754-127cb-11	2026-08-29
P0_RECOVER_PRODUCT	COMMERCE_LEAK_NOINDEX	"noindex" etiketi tarafından hariç tutuldu	sellable_or_shop_pdp_noindexed	remove_noindex_on_sellable_pdp	high	en	shop_pdp	hazirlik	0820-00050-11	/en/shop/hazirlik/0820-00050-11	True	True	https://equsto.com/en/login?mode=register&next=/en/shop/hazirlik/0820-00050-11	2026-08-29
P0_RECOVER_PRODUCT	COMMERCE_LEAK_NOINDEX	"noindex" etiketi tarafından hariç tutuldu	sellable_or_shop_pdp_noindexed	remove_noindex_on_sellable_pdp	high	en	shop_pdp	sogutma	118-wn-150	/en/shop/sogutma/118-wn-150	True	True	https://equsto.com/en/login?mode=register&next=/en/shop/sogutma/118-wn-150	2026-08-29
P0_RECOVER_PRODUCT	COMMERCE_LEAK_NOINDEX	"noindex" etiketi tarafından hariç tutuldu	sellable_or_shop_pdp_noindexed	remove_noindex_on_sellable_pdp	high	en	shop_pdp	hazirlik	133068	/en/shop/hazirlik/133068	True	True	https://equsto.com/en/login?mode=register&next=/en/shop/hazirlik/133068	2026-08-29
P0_RECOVER_PRODUCT	COMMERCE_LEAK_NOINDEX	"noindex" etiketi tarafından hariç tutuldu	sellable_or_shop_pdp_noindexed	remove_noindex_on_sellable_pdp	high	en	shop_pdp	tezgah	7754-147c8-11	/en/shop/tezgah/7754-147c8-11	True	True	https://equsto.com/en/login?mode=register&next=/en/shop/tezgah/7754-147c8-11	2026-08-29
P0_RECOVER_PRODUCT	COMMERCE_LEAK_NOINDEX	"noindex" etiketi tarafından hariç tutuldu	sellable_or_shop_pdp_noindexed	remove_noindex_on_sellable_pdp	high	en	shop_pdp	tezgah	7911-19070-95	/en/shop/tezgah/7911-19070-95	True	True	https://equsto.com/en/login?mode=register&next=/en/shop/tezgah/7911-19070-95	2026-08-29
P0_RECOVER_PRODUCT	COMMERCE_LEAK_NOINDEX	"noindex" etiketi tarafından hariç tutuldu	sellable_or_shop_pdp_noindexed	remove_noindex_on_sellable_pdp	high	en	shop_pdp	sogutma	tt-4d70-e	/en/shop/sogutma/tt-4d70-e	True	True	https://equsto.com/en/login?mode=register&next=/en/shop/sogutma/tt-4d70-e	2026-08-29
P0_RECOVER_PRODUCT	COMMERCE_LEAK_NOINDEX	"noindex" etiketi tarafından hariç tutuldu	sellable_or_shop_pdp_noindexed	remove_noindex_on_sellable_pdp		en	shop_pdp	market-reyonlari	eq-acelya-eq11		True	False	https://equsto.com/en/login?mode=register&next=/en/shop/market-reyonlari/eq-acelya-eq11	2026-08-29
P0_RECOVER_PRODUCT	COMMERCE_LEAK_NOINDEX	"noindex" etiketi tarafından hariç tutuldu	sellable_or_shop_pdp_noindexed	remove_noindex_on_sellable_pdp		en	shop_pdp	market-reyonlari	eq-hercai-mr-eq3		True	False	https://equsto.com/en/login?mode=register&next=/en/shop/market-reyonlari/eq-hercai-mr-eq3	2026-08-29
P0_RECOVER_PRODUCT	COMMERCE_LEAK_NOINDEX	"noindex" etiketi tarafından hariç tutuldu	sellable_or_shop_pdp_noindexed	remove_noindex_on_sellable_pdp	high	en	shop_pdp	yikama	7711-16075-23	/en/shop/yikama/7711-16075-23	True	True	https://equsto.com/en/login?mode=register&next=/en/shop/yikama/7711-16075-23	2026-08-29
P0_RECOVER_PRODUCT	COMMERCE_LEAK_NOINDEX	"noindex" etiketi tarafından hariç tutuldu	sellable_or_shop_pdp_noindexed	remove_noindex_on_sellable_pdp		tr	shop_pdp	market-reyonlari	eq-lotus-lb-eq11		True	False	https://equsto.com/en/login?mode=register&next=/shop/market-reyonlari/eq-lotus-lb-eq11	2026-08-29
P0_RECOVER_PRODUCT	COMMERCE_LEAK_NOINDEX	"noindex" etiketi tarafından hariç tutuldu	sellable_or_shop_pdp_noindexed	remove_noindex_on_sellable_pdp	high	en	shop_pdp	pisirme	ino-7ig32	/en/shop/pisirme/ino-7ig32	True	True	https://equsto.com/en/login?mode=register&next=/en/shop/pisirme/ino-7ig32	2026-08-29
P0_RECOVER_PRODUCT	COMMERCE_LEAK_NOINDEX	"noindex" etiketi tarafından hariç tutuldu	sellable_or_shop_pdp_noindexed	remove_noindex_on_sellable_pdp	high	en	shop_pdp	set-ustu-mutfak	8740-0tb50-00	/en/shop/set-ustu-mutfak/8740-0tb50-00	True	True	https://equsto.com/en/login?mode=register&next=/en/shop/set-ustu-mutfak/8740-0tb50-00	2026-08-28
P0_RECOVER_PRODUCT	COMMERCE_LEAK_NOINDEX	"noindex" etiketi tarafından hariç tutuldu	sellable_or_shop_pdp_noindexed	remove_noindex_on_sellable_pdp	high	en	shop_pdp	yikama	7711-16075-21	/en/shop/yikama/7711-16075-21	True	True	https://equsto.com/en/login?mode=register&next=/en/shop/yikama/7711-16075-21	2026-08-28
P0_RECOVER_PRODUCT	COMMERCE_LEAK_NOINDEX	"noindex" etiketi tarafından hariç tutuldu	sellable_or_shop_pdp_noindexed	remove_noindex_on_sellable_pdp	high	en	shop_pdp	tezgah	9868-rtr12-0l	/en/shop/tezgah/9868-rtr12-0l	True	True	https://equsto.com/en/login?mode=register&next=/en/shop/tezgah/9868-rtr12-0l	2026-08-28
P0_RECOVER_PRODUCT	COMMERCE_LEAK_NOINDEX	"noindex" etiketi tarafından hariç tutuldu	sellable_or_shop_pdp_noindexed	remove_noindex_on_sellable_pdp		en	shop_pdp	market-reyonlari	eq-nergis-lb-lm-eq10		True	False	https://equsto.com/en/login?mode=register&next=/en/shop/market-reyonlari/eq-nergis-lb-lm-eq10	2026-08-28
P0_RECOVER_PRODUCT	COMMERCE_LEAK_NOINDEX	"noindex" etiketi tarafından hariç tutuldu	sellable_or_shop_pdp_noindexed	remove_noindex_on_sellable_pdp	high	en	shop_pdp	pisirme	spr17-3	/en/shop/pisirme/spr17-3	True	True	https://equsto.com/en/login?mode=register&next=/en/shop/pisirme/spr17-3	2026-08-28
P0_RECOVER_PRODUCT	COMMERCE_LEAK_NOINDEX	"noindex" etiketi tarafından hariç tutuldu	sellable_or_shop_pdp_noindexed	remove_noindex_on_sellable_pdp		en	shop_pdp	market-reyonlari	eq-sardunya-gl-eq4		True	False	https://equsto.com/en/login?mode=register&next=/en/shop/market-reyonlari/eq-sardunya-gl-eq4	2026-08-28
P0_RECOVER_PRODUCT	COMMERCE_LEAK_NOINDEX	"noindex" etiketi tarafından hariç tutuldu	sellable_or_shop_pdp_noindexed	remove_noindex_on_sellable_pdp	high	en	shop_pdp	pisirme	7960-16229-5y5	/en/shop/yikama/7960-16229-5y5	True	True	https://equsto.com/en/login?mode=register&next=/en/shop/pisirme/7960-16229-5y5	2026-08-28
P0_RECOVER_PRODUCT	COMMERCE_LEAK_NOINDEX	"noindex" etiketi tarafından hariç tutuldu	sellable_or_shop_pdp_noindexed	remove_noindex_on_sellable_pdp	high	en	shop_pdp	tezgah	eq-ktevdt02-12070	/en/shop/tezgah/eq-ktevdt02-12070	True	True	https://equsto.com/en/login?mode=register&next=/en/shop/tezgah/eq-ktevdt02-12070	2026-08-28
P0_RECOVER_PRODUCT	COMMERCE_LEAK_NOINDEX	"noindex" etiketi tarafından hariç tutuldu	sellable_or_shop_pdp_noindexed	remove_noindex_on_sellable_pdp	high	en	shop_pdp	market-reyonlari	eq-falcon-eq115	/en/shop/market-reyonlari/eq-falcon-eq115	True	True	https://equsto.com/en/login?mode=register&next=/en/shop/market-reyonlari/eq-falcon-eq115	2026-08-28
P0_RECOVER_PRODUCT	COMMERCE_LEAK_NOINDEX	"noindex" etiketi tarafından hariç tutuldu	sellable_or_shop_pdp_noindexed	remove_noindex_on_sellable_pdp	high	en	shop_pdp	davlumbaz	7885-30155-14	/en/shop/davlumbaz/7885-30155-14	True	True	https://equsto.com/en/login?mode=register&next=/en/shop/davlumbaz/7885-30155-14	2026-08-28
P0_RECOVER_PRODUCT	COMMERCE_LEAK_NOINDEX	"noindex" etiketi tarafından hariç tutuldu	sellable_or_shop_pdp_noindexed	remove_noindex_on_sellable_pdp	high	en	shop_pdp	davlumbaz	eq-kdavotf02-200200	/en/shop/davlumbaz/eq-kdavotf02-200200	True	True	https://equsto.com/en/login?mode=register&next=/en/shop/davlumbaz/eq-kdavotf02-200200	2026-08-28
P0_RECOVER_PRODUCT	COMMERCE_LEAK_NOINDEX	"noindex" etiketi tarafından hariç tutuldu	sellable_or_shop_pdp_noindexed	remove_noindex_on_sellable_pdp	high	en	shop_pdp	sogutma	118-set-p-90s	/en/shop/sogutma/118-set-p-90s	True	True	https://equsto.com/en/login?mode=register&next=/en/shop/sogutma/118-set-p-90s	2026-08-28
P0_RECOVER_PRODUCT	COMMERCE_LEAK_NOINDEX	"noindex" etiketi tarafından hariç tutuldu	sellable_or_shop_pdp_noindexed	remove_noindex_on_sellable_pdp	high	en	shop_pdp	pisirme	ino-zmd-7ie22s	/en/shop/pisirme/ino-zmd-7ie22s	True	True	https://equsto.com/en/login?mode=register&next=/en/shop/pisirme/ino-zmd-7ie22s	2026-08-28
P0_RECOVER_PRODUCT	COMMERCE_LEAK_NOINDEX	"noindex" etiketi tarafından hariç tutuldu	sellable_or_shop_pdp_noindexed	remove_noindex_on_sellable_pdp	high	en	shop_pdp	tezgah	7758-076e8-01	/en/shop/tezgah/7758-076e8-01	True	True	https://equsto.com/en/login?mode=register&next=/en/shop/tezgah/7758-076e8-01	2026-08-28
P0_RECOVER_PRODUCT	COMMERCE_LEAK_NOINDEX	"noindex" etiketi tarafından hariç tutuldu	sellable_or_shop_pdp_noindexed	remove_noindex_on_sellable_pdp	high	en	shop_pdp	tezgah	7758-087d8-01	/en/shop/tezgah/7758-087d8-01	True	True	https://equsto.com/en/login?mode=register&next=/en/shop/tezgah/7758-087d8-01	2026-08-27
P0_RECOVER_PRODUCT	COMMERCE_LEAK_NOINDEX	"noindex" etiketi tarafından hariç tutuldu	sellable_or_shop_pdp_noindexed	remove_noindex_on_sellable_pdp	high	tr	shop_pdp	pisirme	9890-iccls61-e0	/shop/pisirme/9890-iccls61-e0	True	True	https://equsto.com/en/login?mode=register&next=/shop/pisirme/9890-iccls61-e0	2026-08-27
P0_RECOVER_PRODUCT	COMMERCE_LEAK_NOINDEX	"noindex" etiketi tarafından hariç tutuldu	sellable_or_shop_pdp_noindexed	remove_noindex_on_sellable_pdp		en	shop_pdp	market-reyonlari	eq-nergis-tp-eq7		True	False	https://equsto.com/en/login?mode=register&next=/en/shop/market-reyonlari/eq-nergis-tp-eq7	2026-08-27
P0_RECOVER_PRODUCT	COMMERCE_LEAK_NOINDEX	"noindex" etiketi tarafından hariç tutuldu	sellable_or_shop_pdp_noindexed	remove_noindex_on_sellable_pdp	high	en	shop_pdp	hazirlik	208-600186	/en/shop/hazirlik/208-600186	True	True	https://equsto.com/en/login?mode=register&next=/en/shop/hazirlik/208-600186	2026-08-27
P0_RECOVER_PRODUCT	COMMERCE_LEAK_NOINDEX	"noindex" etiketi tarafından hariç tutuldu	sellable_or_shop_pdp_noindexed	remove_noindex_on_sellable_pdp	high	en	shop_pdp	tezgah	7897-14030-04	/en/shop/tezgah/7897-14030-04	True	True	https://equsto.com/en/login?mode=register&next=/en/shop/tezgah/7897-14030-04	2026-08-27
P0_RECOVER_PRODUCT	COMMERCE_LEAK_NOINDEX	"noindex" etiketi tarafından hariç tutuldu	sellable_or_shop_pdp_noindexed	remove_noindex_on_sellable_pdp		en	shop_pdp	market-reyonlari	eq-reyhan-cl-eq1		True	False	https://equsto.com/en/login?mode=register&next=/en/shop/market-reyonlari/eq-reyhan-cl-eq1	2026-08-27
P0_RECOVER_PRODUCT	COMMERCE_LEAK_NOINDEX	"noindex" etiketi tarafından hariç tutuldu	sellable_or_shop_pdp_noindexed	remove_noindex_on_sellable_pdp		en	shop_pdp	market-reyonlari	eq-lotus-eq84		True	False	https://equsto.com/en/login?mode=register&next=/en/shop/market-reyonlari/eq-lotus-eq84	2026-08-27
P0_RECOVER_PRODUCT	COMMERCE_LEAK_NOINDEX	"noindex" etiketi tarafından hariç tutuldu	sellable_or_shop_pdp_noindexed	remove_noindex_on_sellable_pdp		en	shop_pdp	market-reyonlari	eq-nergis-lb-fg-eq47		True	False	https://equsto.com/en/login?mode=register&next=/en/shop/market-reyonlari/eq-nergis-lb-fg-eq47	2026-08-27
P0_RECOVER_PRODUCT	COMMERCE_LEAK_NOINDEX	"noindex" etiketi tarafından hariç tutuldu	sellable_or_shop_pdp_noindexed	remove_noindex_on_sellable_pdp	high	en	shop_pdp	sogutma	725322	/en/shop/sogutma/725322	True	True	https://equsto.com/en/login?mode=register&next=/en/shop/sogutma/725322	2026-08-27
P0_RECOVER_PRODUCT	COMMERCE_LEAK_NOINDEX	"noindex" etiketi tarafından hariç tutuldu	sellable_or_shop_pdp_noindexed	remove_noindex_on_sellable_pdp	high	en	shop_pdp	icecek	vhzb-20-a	/en/shop/icecek/vhzb-20-a	True	True	https://equsto.com/en/login?mode=register&next=/en/shop/icecek/vhzb-20-a	2026-08-27
P0_RECOVER_PRODUCT	COMMERCE_LEAK_NOINDEX	"noindex" etiketi tarafından hariç tutuldu	sellable_or_shop_pdp_noindexed	remove_noindex_on_sellable_pdp	high	en	shop_pdp	pisirme	7961-09429-1y4	/en/shop/yikama/7961-09429-1y4	True	True	https://equsto.com/en/login?mode=register&next=/en/shop/pisirme/7961-09429-1y4	2026-08-27
P0_RECOVER_PRODUCT	COMMERCE_LEAK_NOINDEX	"noindex" etiketi tarafından hariç tutuldu	sellable_or_shop_pdp_noindexed	remove_noindex_on_sellable_pdp		en	shop_pdp	market-reyonlari	eq-sardunya-lm-eq30		True	False	https://equsto.com/en/login?mode=register&next=/en/shop/market-reyonlari/eq-sardunya-lm-eq30	2026-08-27
P0_RECOVER_PRODUCT	COMMERCE_LEAK_NOINDEX	"noindex" etiketi tarafından hariç tutuldu	sellable_or_shop_pdp_noindexed	remove_noindex_on_sellable_pdp	high	en	shop_pdp	sogutma	sbhd-4n70	/en/shop/sogutma/sbhd-4n70	True	True	https://equsto.com/en/login?mode=register&next=/en/shop/sogutma/sbhd-4n70	2026-08-27
P0_RECOVER_PRODUCT	COMMERCE_LEAK_NOINDEX	"noindex" etiketi tarafından hariç tutuldu	sellable_or_shop_pdp_noindexed	remove_noindex_on_sellable_pdp	high	en	shop_pdp	pisirme	spr81-1	/en/shop/pisirme/spr81-1	True	True	https://equsto.com/en/login?mode=register&next=/en/shop/pisirme/spr81-1	2026-08-27
P0_RECOVER_PRODUCT	COMMERCE_LEAK_NOINDEX	"noindex" etiketi tarafından hariç tutuldu	sellable_or_shop_pdp_noindexed	remove_noindex_on_sellable_pdp	high	en	shop_pdp	pisirme	371294	/en/shop/pisirme/371294	True	True	https://equsto.com/en/login?mode=register&next=/en/shop/pisirme/371294	2026-08-27
P0_RECOVER_PRODUCT	COMMERCE_LEAK_NOINDEX	"noindex" etiketi tarafından hariç tutuldu	sellable_or_shop_pdp_noindexed	remove_noindex_on_sellable_pdp	high	en	shop_pdp	istif	7897-09080-40	/en/shop/istif/7897-09080-40	True	True	https://equsto.com/en/login?mode=register&next=/en/shop/istif/7897-09080-40	2026-08-27
P0_RECOVER_PRODUCT	COMMERCE_LEAK_NOINDEX	"noindex" etiketi tarafından hariç tutuldu	sellable_or_shop_pdp_noindexed	remove_noindex_on_sellable_pdp	high	en	shop_pdp	davlumbaz	7885-25205-10	/en/shop/davlumbaz/7885-25205-10	True	True	https://equsto.com/en/login?mode=register&next=/en/shop/davlumbaz/7885-25205-10	2026-08-27
P0_RECOVER_PRODUCT	COMMERCE_LEAK_NOINDEX	"noindex" etiketi tarafından hariç tutuldu	sellable_or_shop_pdp_noindexed	remove_noindex_on_sellable_pdp	high	en	shop_pdp	tezgah	7897-19030-03	/en/shop/tezgah/7897-19030-03	True	True	https://equsto.com/en/login?mode=register&next=/en/shop/tezgah/7897-19030-03	2026-08-27
P0_RECOVER_PRODUCT	COMMERCE_LEAK_NOINDEX	"noindex" etiketi tarafından hariç tutuldu	sellable_or_shop_pdp_noindexed	remove_noindex_on_sellable_pdp		en	shop_pdp	market-reyonlari	eq-reyhan-wt-eq3		True	False	https://equsto.com/en/login?mode=register&next=/en/shop/market-reyonlari/eq-reyhan-wt-eq3	2026-08-27
P0_RECOVER_PRODUCT	COMMERCE_LEAK_NOINDEX	"noindex" etiketi tarafından hariç tutuldu	sellable_or_shop_pdp_noindexed	remove_noindex_on_sellable_pdp	high	en	shop_pdp	tezgah	eq-kct07-11070	/en/shop/tezgah/eq-kct07-11070	True	True	https://equsto.com/en/login?mode=register&next=/en/shop/tezgah/eq-kct07-11070	2026-08-27
P0_RECOVER_PRODUCT	COMMERCE_LEAK_NOINDEX	"noindex" etiketi tarafından hariç tutuldu	sellable_or_shop_pdp_noindexed	remove_noindex_on_sellable_pdp	high	en	shop_pdp	market-reyonlari	eq-falcon-eq126	/en/shop/market-reyonlari/eq-falcon-eq126	True	True	https://equsto.com/en/login?mode=register&next=/en/shop/market-reyonlari/eq-falcon-eq126	2026-08-27
P0_RECOVER_PRODUCT	COMMERCE_LEAK_NOINDEX	"noindex" etiketi tarafından hariç tutuldu	sellable_or_shop_pdp_noindexed	remove_noindex_on_sellable_pdp		en	shop_pdp	market-reyonlari	eq-lotus-eq46		True	False	https://equsto.com/en/login?mode=register&next=/en/shop/market-reyonlari/eq-lotus-eq46	2026-08-27
P0_RECOVER_PRODUCT	COMMERCE_LEAK_NOINDEX	"noindex" etiketi tarafından hariç tutuldu	sellable_or_shop_pdp_noindexed	remove_noindex_on_sellable_pdp	high	en	shop_pdp	sogutma	118-set-e-75s	/en/shop/sogutma/118-set-e-75s	True	True	https://equsto.com/en/login?mode=register&next=/en/shop/sogutma/118-set-e-75s	2026-08-27
P0_RECOVER_PRODUCT	COMMERCE_LEAK_NOINDEX	"noindex" etiketi tarafından hariç tutuldu	sellable_or_shop_pdp_noindexed	remove_noindex_on_sellable_pdp	high	en	shop_pdp	sogutma	tt-3d70-e	/en/shop/sogutma/tt-3d70-e	True	True	https://equsto.com/en/login?mode=register&next=/en/shop/sogutma/tt-3d70-e	2026-08-27
P0_RECOVER_PRODUCT	COMMERCE_LEAK_NOINDEX	"noindex" etiketi tarafından hariç tutuldu	sellable_or_shop_pdp_noindexed	remove_noindex_on_sellable_pdp	high	en	shop_pdp	pisirme	7961-02929-7y4	/en/shop/yikama/7961-02929-7y4	True	True	https://equsto.com/en/login?mode=register&next=/en/shop/pisirme/7961-02929-7y4	2026-08-27
P0_RECOVER_PRODUCT	COMMERCE_LEAK_NOINDEX	"noindex" etiketi tarafından hariç tutuldu	sellable_or_shop_pdp_noindexed	remove_noindex_on_sellable_pdp		en	shop_pdp	market-reyonlari	eq-lotus-lb-eq9		True	False	https://equsto.com/en/login?mode=register&next=/en/shop/market-reyonlari/eq-lotus-lb-eq9	2026-08-27
P0_RECOVER_PRODUCT	COMMERCE_LEAK_NOINDEX	"noindex" etiketi tarafından hariç tutuldu	sellable_or_shop_pdp_noindexed	remove_noindex_on_sellable_pdp	high	en	shop_pdp	yikama	361242	/en/shop/yikama/361242	True	True	https://equsto.com/en/login?mode=register&next=/en/shop/yikama/361242	2026-08-27
P0_RECOVER_PRODUCT	COMMERCE_LEAK_NOINDEX	"noindex" etiketi tarafından hariç tutuldu	sellable_or_shop_pdp_noindexed	remove_noindex_on_sellable_pdp	high	en	shop_pdp	pisirme	7864-n1-40703-12	/en/shop/pisirme/7864-n1-40703-12	True	True	https://equsto.com/en/login?mode=register&next=/en/shop/pisirme/7864-n1-40703-12	2026-08-27
P0_RECOVER_PRODUCT	COMMERCE_LEAK_NOINDEX	"noindex" etiketi tarafından hariç tutuldu	sellable_or_shop_pdp_noindexed	remove_noindex_on_sellable_pdp	high	en	shop_pdp	istif	7897-14080-04	/en/shop/istif/7897-14080-04	True	True	https://equsto.com/en/login?mode=register&next=/en/shop/istif/7897-14080-04	2026-08-27
P0_RECOVER_PRODUCT	COMMERCE_LEAK_NOINDEX	"noindex" etiketi tarafından hariç tutuldu	sellable_or_shop_pdp_noindexed	remove_noindex_on_sellable_pdp	high	en	shop_pdp	icecek	slush24-ia	/en/shop/icecek/slush24-ia	True	True	https://equsto.com/en/login?mode=register&next=/en/shop/icecek/slush24-ia	2026-08-27
P0_RECOVER_PRODUCT	COMMERCE_LEAK_NOINDEX	"noindex" etiketi tarafından hariç tutuldu	sellable_or_shop_pdp_noindexed	remove_noindex_on_sellable_pdp	high	en	shop_pdp	set-ustu-mutfak	0311-23100-11	/en/shop/set-ustu-mutfak/0311-23100-11	True	True	https://equsto.com/en/login?mode=register&next=/en/shop/set-ustu-mutfak/0311-23100-11	2026-08-27
P0_RECOVER_PRODUCT	COMMERCE_LEAK_NOINDEX	"noindex" etiketi tarafından hariç tutuldu	sellable_or_shop_pdp_noindexed	remove_noindex_on_sellable_pdp	high	en	shop_pdp	pisirme	aeo-1290s	/en/shop/pisirme/aeo-1290s	True	True	https://equsto.com/en/login?mode=register&next=/en/shop/pisirme/aeo-1290s	2026-08-27
P0_RECOVER_PRODUCT	COMMERCE_LEAK_NOINDEX	"noindex" etiketi tarafından hariç tutuldu	sellable_or_shop_pdp_noindexed	remove_noindex_on_sellable_pdp	high	en	shop_pdp	tezgah	7868-16708-23	/en/shop/tezgah/7868-16708-23	True	True	https://equsto.com/en/login?mode=register&next=/en/shop/tezgah/7868-16708-23	2026-08-27
P0_RECOVER_PRODUCT	COMMERCE_LEAK_NOINDEX	"noindex" etiketi tarafından hariç tutuldu	sellable_or_shop_pdp_noindexed	remove_noindex_on_sellable_pdp	high	en	shop_pdp	market-reyonlari	eq-lion-eq14	/en/shop/market-reyonlari/eq-lion-eq14	True	True	https://equsto.com/en/login?mode=register&next=/en/shop/market-reyonlari/eq-lion-eq14	2026-08-27
P0_RECOVER_PRODUCT	COMMERCE_LEAK_NOINDEX	"noindex" etiketi tarafından hariç tutuldu	sellable_or_shop_pdp_noindexed	remove_noindex_on_sellable_pdp	high	en	shop_pdp	hazirlik	9823-dr414-00	/en/shop/hazirlik/9823-dr414-00	True	False	https://equsto.com/en/login?mode=register&next=/en/shop/hazirlik/9823-dr414-00	2026-08-27
P0_RECOVER_PRODUCT	COMMERCE_LEAK_NOINDEX	"noindex" etiketi tarafından hariç tutuldu	sellable_or_shop_pdp_noindexed	remove_noindex_on_sellable_pdp	high	en	shop_pdp	tezgah	eq-kcevt01-14070	/en/shop/tezgah/eq-kcevt01-14070	True	True	https://equsto.com/en/login?mode=register&next=/en/shop/tezgah/eq-kcevt01-14070	2026-08-27
P0_RECOVER_PRODUCT	COMMERCE_LEAK_NOINDEX	"noindex" etiketi tarafından hariç tutuldu	sellable_or_shop_pdp_noindexed	remove_noindex_on_sellable_pdp	high	en	shop_pdp	tezgah	7754-167b8-25	/en/shop/tezgah/7754-167b8-25	True	True	https://equsto.com/en/login?mode=register&next=/en/shop/tezgah/7754-167b8-25	2026-08-27
P0_RECOVER_PRODUCT	COMMERCE_LEAK_NOINDEX	"noindex" etiketi tarafından hariç tutuldu	sellable_or_shop_pdp_noindexed	remove_noindex_on_sellable_pdp	high	en	shop_pdp	hazirlik	9810-ef708-b0	/en/shop/hazirlik/9810-ef708-b0	True	True	https://equsto.com/en/login?mode=register&next=/en/shop/hazirlik/9810-ef708-b0	2026-08-27
P0_RECOVER_PRODUCT	COMMERCE_LEAK_NOINDEX	"noindex" etiketi tarafından hariç tutuldu	sellable_or_shop_pdp_noindexed	remove_noindex_on_sellable_pdp		en	shop_pdp	market-reyonlari	eq-fulya-nv-fg-sky-eq22		True	False	https://equsto.com/en/login?mode=register&next=/en/shop/market-reyonlari/eq-fulya-nv-fg-sky-eq22	2026-08-27
P0_RECOVER_PRODUCT	COMMERCE_LEAK_NOINDEX	"noindex" etiketi tarafından hariç tutuldu	sellable_or_shop_pdp_noindexed	remove_noindex_on_sellable_pdp	high	en	shop_pdp	tezgah	7712-12060-03	/en/shop/tezgah/7712-12060-03	True	True	https://equsto.com/en/login?mode=register&next=/en/shop/tezgah/7712-12060-03	2026-08-27
P0_RECOVER_PRODUCT	COMMERCE_LEAK_NOINDEX	"noindex" etiketi tarafından hariç tutuldu	sellable_or_shop_pdp_noindexed	remove_noindex_on_sellable_pdp	high	en	shop_pdp	market-reyonlari	eq-falcon-sld-eq95	/en/shop/market-reyonlari/eq-falcon-sld-eq95	True	True	https://equsto.com/en/login?mode=register&next=/en/shop/market-reyonlari/eq-falcon-sld-eq95	2026-08-27
P0_RECOVER_PRODUCT	COMMERCE_LEAK_NOINDEX	"noindex" etiketi tarafından hariç tutuldu	sellable_or_shop_pdp_noindexed	remove_noindex_on_sellable_pdp	high	en	shop_pdp	sogutma	sbtp-2n70e	/en/shop/sogutma/sbtp-2n70e	True	True	https://equsto.com/en/login?mode=register&next=/en/shop/sogutma/sbtp-2n70e	2026-08-27
P0_RECOVER_PRODUCT	COMMERCE_LEAK_NOINDEX	"noindex" etiketi tarafından hariç tutuldu	sellable_or_shop_pdp_noindexed	remove_noindex_on_sellable_pdp		en	shop_pdp	market-reyonlari	eq-gardenya-eq15		True	False	https://equsto.com/en/login?mode=register&next=/en/shop/market-reyonlari/eq-gardenya-eq15	2026-08-27
P0_RECOVER_PRODUCT	COMMERCE_LEAK_NOINDEX	"noindex" etiketi tarafından hariç tutuldu	sellable_or_shop_pdp_noindexed	remove_noindex_on_sellable_pdp	high	en	shop_pdp	tasima	7912-15894-w0	/en/shop/tasima/7912-15894-w0	True	True	https://equsto.com/en/login?mode=register&next=/en/shop/tasima/7912-15894-w0	2026-08-27
P0_RECOVER_PRODUCT	COMMERCE_LEAK_NOINDEX	"noindex" etiketi tarafından hariç tutuldu	sellable_or_shop_pdp_noindexed	remove_noindex_on_sellable_pdp	high	en	shop_pdp	icecek	8477-slush-12i	/en/shop/icecek/8477-slush-12i	True	True	https://equsto.com/en/login?mode=register&next=/en/shop/icecek/8477-slush-12i	2026-08-27
P0_RECOVER_PRODUCT	COMMERCE_LEAK_NOINDEX	"noindex" etiketi tarafından hariç tutuldu	sellable_or_shop_pdp_noindexed	remove_noindex_on_sellable_pdp	high	en	shop_pdp	kahve	197-e71-tou-a2-bp	/en/shop/kahve/197-e71-tou-a2-bp	True	True	https://equsto.com/en/login?mode=register&next=/en/shop/kahve/197-e71-tou-a2-bp	2026-08-27
P0_RECOVER_PRODUCT	COMMERCE_LEAK_NOINDEX	"noindex" etiketi tarafından hariç tutuldu	sellable_or_shop_pdp_noindexed	remove_noindex_on_sellable_pdp	high	en	shop_pdp	yikama	504259	/en/shop/yikama/504259	True	True	https://equsto.com/en/login?mode=register&next=/en/shop/yikama/504259	2026-08-27
P0_RECOVER_PRODUCT	COMMERCE_LEAK_NOINDEX	"noindex" etiketi tarafından hariç tutuldu	sellable_or_shop_pdp_noindexed	remove_noindex_on_sellable_pdp	high	en	shop_pdp	pisirme	npicco908	/en/shop/pisirme/npicco908	True	True	https://equsto.com/en/login?mode=register&next=/en/shop/pisirme/npicco908	2026-08-27
P0_RECOVER_PRODUCT	COMMERCE_LEAK_NOINDEX	"noindex" etiketi tarafından hariç tutuldu	sellable_or_shop_pdp_noindexed	remove_noindex_on_sellable_pdp	high	en	shop_pdp	hazirlik	tm34230a	/en/shop/hazirlik/tm34230a	True	True	https://equsto.com/en/login?mode=register&next=/en/shop/hazirlik/tm34230a	2026-08-27
P0_RECOVER_PRODUCT	COMMERCE_LEAK_NOINDEX	"noindex" etiketi tarafından hariç tutuldu	sellable_or_shop_pdp_noindexed	remove_noindex_on_sellable_pdp		en	shop_pdp	market-reyonlari	eq-defne-eq1		True	False	https://equsto.com/en/login?mode=register&next=/en/shop/market-reyonlari/eq-defne-eq1	2026-08-27
P0_RECOVER_PRODUCT	COMMERCE_LEAK_NOINDEX	"noindex" etiketi tarafından hariç tutuldu	sellable_or_shop_pdp_noindexed	remove_noindex_on_sellable_pdp	high	en	shop_pdp	market-reyonlari	eq-falcon-sld-eq75	/en/shop/market-reyonlari/eq-falcon-sld-eq75	True	True	https://equsto.com/en/login?mode=register&next=/en/shop/market-reyonlari/eq-falcon-sld-eq75	2026-08-27
P0_RECOVER_PRODUCT	COMMERCE_LEAK_NOINDEX	"noindex" etiketi tarafından hariç tutuldu	sellable_or_shop_pdp_noindexed	remove_noindex_on_sellable_pdp	high	en	shop_pdp	araba	mb136x2	/en/shop/araba/mb136x2	True	True	https://equsto.com/en/login?mode=register&next=/en/shop/araba/mb136x2	2026-08-27
P0_RECOVER_PRODUCT	COMMERCE_LEAK_NOINDEX	"noindex" etiketi tarafından hariç tutuldu	sellable_or_shop_pdp_noindexed	remove_noindex_on_sellable_pdp		en	shop_pdp	market-reyonlari	eq-nergis-lb-fg-sky-eq16		True	False	https://equsto.com/en/login?mode=register&next=/en/shop/market-reyonlari/eq-nergis-lb-fg-sky-eq16	2026-08-27
P0_RECOVER_PRODUCT	COMMERCE_LEAK_NOINDEX	"noindex" etiketi tarafından hariç tutuldu	sellable_or_shop_pdp_noindexed	remove_noindex_on_sellable_pdp		en	shop_pdp	market-reyonlari	eq-orkide-eq12		True	False	https://equsto.com/en/login?mode=register&next=/en/shop/market-reyonlari/eq-orkide-eq12	2026-08-27
P0_RECOVER_PRODUCT	COMMERCE_LEAK_NOINDEX	"noindex" etiketi tarafından hariç tutuldu	sellable_or_shop_pdp_noindexed	remove_noindex_on_sellable_pdp	high	en	shop_pdp	tezgah	7911-19070-23	/en/shop/tezgah/7911-19070-23	True	True	https://equsto.com/en/login?mode=register&next=/en/shop/tezgah/7911-19070-23	2026-08-27
P0_RECOVER_PRODUCT	COMMERCE_LEAK_NOINDEX	"noindex" etiketi tarafından hariç tutuldu	sellable_or_shop_pdp_noindexed	remove_noindex_on_sellable_pdp	high	en	shop_pdp	set-ustu-mutfak	0312-00013-12	/en/shop/set-ustu-mutfak/0312-00013-12	True	True	https://equsto.com/en/login?mode=register&next=/en/shop/set-ustu-mutfak/0312-00013-12	2026-08-27
P0_RECOVER_PRODUCT	COMMERCE_LEAK_NOINDEX	"noindex" etiketi tarafından hariç tutuldu	sellable_or_shop_pdp_noindexed	remove_noindex_on_sellable_pdp	high	en	shop_pdp	icecek	118-krs-105	/en/shop/icecek/118-krs-105	True	True	https://equsto.com/en/login?mode=register&next=/en/shop/icecek/118-krs-105	2026-08-27
P0_RECOVER_PRODUCT	COMMERCE_LEAK_NOINDEX	"noindex" etiketi tarafından hariç tutuldu	sellable_or_shop_pdp_noindexed	remove_noindex_on_sellable_pdp		en	shop_pdp	market-reyonlari	eq-fulya-hf-tp-eq24		True	False	https://equsto.com/en/login?mode=register&next=/en/shop/market-reyonlari/eq-fulya-hf-tp-eq24	2026-08-27
P0_RECOVER_PRODUCT	COMMERCE_LEAK_NOINDEX	"noindex" etiketi tarafından hariç tutuldu	sellable_or_shop_pdp_noindexed	remove_noindex_on_sellable_pdp	high	en	shop_pdp	set-ustu-mutfak	8356-60402-11	/en/shop/set-ustu-mutfak/8356-60402-11	True	True	https://equsto.com/en/login?mode=register&next=/en/shop/set-ustu-mutfak/8356-60402-11	2026-08-27
P0_RECOVER_PRODUCT	COMMERCE_LEAK_NOINDEX	"noindex" etiketi tarafından hariç tutuldu	sellable_or_shop_pdp_noindexed	remove_noindex_on_sellable_pdp	high	en	shop_pdp	davlumbaz	eq-kdavdtf02-125120	/en/shop/davlumbaz/eq-kdavdtf02-125120	True	True	https://equsto.com/en/login?mode=register&next=/en/shop/davlumbaz/eq-kdavdtf02-125120	2026-08-27
P0_RECOVER_PRODUCT	COMMERCE_LEAK_NOINDEX	"noindex" etiketi tarafından hariç tutuldu	sellable_or_shop_pdp_noindexed	remove_noindex_on_sellable_pdp	high	en	shop_pdp	pisirme	agi-473-ncr	/en/shop/pisirme/agi-473-ncr	True	True	https://equsto.com/en/login?mode=register&next=/en/shop/pisirme/agi-473-ncr	2026-08-27
P0_RECOVER_PRODUCT	COMMERCE_LEAK_NOINDEX	"noindex" etiketi tarafından hariç tutuldu	sellable_or_shop_pdp_noindexed	remove_noindex_on_sellable_pdp	high	en	shop_pdp	pisirme	7960-09429-1o1	/en/shop/yikama/7960-09429-1o1	True	True	https://equsto.com/en/login?mode=register&next=/en/shop/pisirme/7960-09429-1o1	2026-08-27
P0_RECOVER_PRODUCT	COMMERCE_LEAK_NOINDEX	"noindex" etiketi tarafından hariç tutuldu	sellable_or_shop_pdp_noindexed	remove_noindex_on_sellable_pdp	high	en	shop_pdp	pisirme	npicco901	/en/shop/pisirme/npicco901	True	True	https://equsto.com/en/login?mode=register&next=/en/shop/pisirme/npicco901	2026-08-27
P0_RECOVER_PRODUCT	COMMERCE_LEAK_NOINDEX	"noindex" etiketi tarafından hariç tutuldu	sellable_or_shop_pdp_noindexed	remove_noindex_on_sellable_pdp	high	en	shop_pdp	set-ustu-mutfak	0312-00021-10	/en/shop/set-ustu-mutfak/0312-00021-10	True	True	https://equsto.com/en/login?mode=register&next=/en/shop/set-ustu-mutfak/0312-00021-10	2026-08-27
P0_RECOVER_PRODUCT	COMMERCE_LEAK_NOINDEX	"noindex" etiketi tarafından hariç tutuldu	sellable_or_shop_pdp_noindexed	remove_noindex_on_sellable_pdp	high	en	shop_pdp	market-reyonlari	eq-butterfly-bm-eq2	/en/shop/market-reyonlari/eq-butterfly-bm-eq2	True	True	https://equsto.com/en/login?mode=register&next=/en/shop/market-reyonlari/eq-butterfly-bm-eq2	2026-08-27
P0_RECOVER_PRODUCT	COMMERCE_LEAK_NOINDEX	"noindex" etiketi tarafından hariç tutuldu	sellable_or_shop_pdp_noindexed	remove_noindex_on_sellable_pdp	high	en	shop_pdp	pisirme	7855-n1-80908-12	/en/shop/pisirme/7855-n1-80908-12	True	True	https://equsto.com/en/login?mode=register&next=/en/shop/pisirme/7855-n1-80908-12	2026-08-27
P0_RECOVER_PRODUCT	COMMERCE_LEAK_NOINDEX	"noindex" etiketi tarafından hariç tutuldu	sellable_or_shop_pdp_noindexed	remove_noindex_on_sellable_pdp	high	en	shop_pdp	tezgah	eq-kcevt02-14070	/en/shop/tezgah/eq-kcevt02-14070	True	True	https://equsto.com/en/login?mode=register&next=/en/shop/tezgah/eq-kcevt02-14070	2026-08-27
P0_RECOVER_PRODUCT	COMMERCE_LEAK_NOINDEX	"noindex" etiketi tarafından hariç tutuldu	sellable_or_shop_pdp_noindexed	remove_noindex_on_sellable_pdp		en	shop_pdp	market-reyonlari	eq-lotus-lb-eq7		True	False	https://equsto.com/en/login?mode=register&next=/en/shop/market-reyonlari/eq-lotus-lb-eq7	2026-08-27
P0_RECOVER_PRODUCT	COMMERCE_LEAK_NOINDEX	"noindex" etiketi tarafından hariç tutuldu	sellable_or_shop_pdp_noindexed	remove_noindex_on_sellable_pdp	high	en	shop_pdp	pisirme	7855-200le-02	/en/shop/pisirme/7855-200le-02	True	True	https://equsto.com/en/login?mode=register&next=/en/shop/pisirme/7855-200le-02	2026-08-27
P0_RECOVER_PRODUCT	COMMERCE_LEAK_NOINDEX	"noindex" etiketi tarafından hariç tutuldu	sellable_or_shop_pdp_noindexed	remove_noindex_on_sellable_pdp	high	en	shop_pdp	pisirme	ino-zmd-9tn10s	/en/shop/pisirme/ino-zmd-9tn10s	True	True	https://equsto.com/en/login?mode=register&next=/en/shop/pisirme/ino-zmd-9tn10s	2026-08-27
P0_RECOVER_PRODUCT	COMMERCE_LEAK_NOINDEX	"noindex" etiketi tarafından hariç tutuldu	sellable_or_shop_pdp_noindexed	remove_noindex_on_sellable_pdp	high	en	shop_pdp	market-reyonlari	eq-tiger-dp-eq5	/en/shop/market-reyonlari/eq-tiger-dp-eq5	True	True	https://equsto.com/en/login?mode=register&next=/en/shop/market-reyonlari/eq-tiger-dp-eq5	2026-08-27
P0_RECOVER_PRODUCT	COMMERCE_LEAK_NOINDEX	"noindex" etiketi tarafından hariç tutuldu	sellable_or_shop_pdp_noindexed	remove_noindex_on_sellable_pdp	high	en	shop_pdp	pisirme	npicco330-2	/en/shop/pisirme/npicco330-2	True	True	https://equsto.com/en/login?mode=register&next=/en/shop/pisirme/npicco330-2	2026-08-27
P0_RECOVER_PRODUCT	COMMERCE_LEAK_NOINDEX	"noindex" etiketi tarafından hariç tutuldu	sellable_or_shop_pdp_noindexed	remove_noindex_on_sellable_pdp	high	en	shop_pdp	market-reyonlari	eq-falcon-sld-eq128	/en/shop/market-reyonlari/eq-falcon-sld-eq128	True	True	https://equsto.com/en/login?mode=register&next=/en/shop/market-reyonlari/eq-falcon-sld-eq128	2026-08-27
P0_RECOVER_PRODUCT	COMMERCE_LEAK_NOINDEX	"noindex" etiketi tarafından hariç tutuldu	sellable_or_shop_pdp_noindexed	remove_noindex_on_sellable_pdp	high	en	shop_pdp	pisirme	7960-16229-1o1	/en/shop/yikama/7960-16229-1o1	True	True	https://equsto.com/en/login?mode=register&next=/en/shop/pisirme/7960-16229-1o1	2026-08-27
P0_RECOVER_PRODUCT	COMMERCE_LEAK_NOINDEX	"noindex" etiketi tarafından hariç tutuldu	sellable_or_shop_pdp_noindexed	remove_noindex_on_sellable_pdp	high	en	shop_pdp	tezgah	ino-krc180	/en/shop/tezgah/ino-krc180	True	True	https://equsto.com/en/login?mode=register&next=/en/shop/tezgah/ino-krc180	2026-08-27
P0_RECOVER_PRODUCT	COMMERCE_LEAK_NOINDEX	"noindex" etiketi tarafından hariç tutuldu	sellable_or_shop_pdp_noindexed	remove_noindex_on_sellable_pdp		en	shop_pdp	market-reyonlari	eq-fulya-hf-fg-eq11		True	False	https://equsto.com/en/login?mode=register&next=/en/shop/market-reyonlari/eq-fulya-hf-fg-eq11	2026-08-27
P0_RECOVER_PRODUCT	COMMERCE_LEAK_NOINDEX	"noindex" etiketi tarafından hariç tutuldu	sellable_or_shop_pdp_noindexed	remove_noindex_on_sellable_pdp	high	en	shop_pdp	sogutma	9805-sde18-00	/en/shop/sogutma/9805-sde18-00	True	True	https://equsto.com/en/login?mode=register&next=/en/shop/sogutma/9805-sde18-00	2026-08-27
P0_RECOVER_PRODUCT	COMMERCE_LEAK_NOINDEX	"noindex" etiketi tarafından hariç tutuldu	sellable_or_shop_pdp_noindexed	remove_noindex_on_sellable_pdp	high	en	shop_pdp	set-ustu-mutfak	8880-0emmk-a0	/en/shop/set-ustu-mutfak/8880-0emmk-a0	True	True	https://equsto.com/en/login?mode=register&next=/en/shop/set-ustu-mutfak/8880-0emmk-a0	2026-08-27
P0_RECOVER_PRODUCT	COMMERCE_LEAK_NOINDEX	"noindex" etiketi tarafından hariç tutuldu	sellable_or_shop_pdp_noindexed	remove_noindex_on_sellable_pdp	high	en	shop_pdp	yikama	402229	/en/shop/yikama/402229	True	True	https://equsto.com/en/login?mode=register&next=/en/shop/yikama/402229	2026-08-27
P0_RECOVER_PRODUCT	COMMERCE_LEAK_NOINDEX	"noindex" etiketi tarafından hariç tutuldu	sellable_or_shop_pdp_noindexed	remove_noindex_on_sellable_pdp	high	en	shop_pdp	pisirme	7865-n1-80903-20	/en/shop/pisirme/7865-n1-80903-20	True	True	https://equsto.com/en/login?mode=register&next=/en/shop/pisirme/7865-n1-80903-20	2026-08-27
P0_RECOVER_PRODUCT	COMMERCE_LEAK_NOINDEX	"noindex" etiketi tarafından hariç tutuldu	sellable_or_shop_pdp_noindexed	remove_noindex_on_sellable_pdp	high	en	shop_pdp	sogutma	tt-3n70	/en/shop/sogutma/tt-3n70	True	True	https://equsto.com/en/login?mode=register&next=/en/shop/sogutma/tt-3n70	2026-08-27
P0_RECOVER_PRODUCT	COMMERCE_LEAK_NOINDEX	"noindex" etiketi tarafından hariç tutuldu	sellable_or_shop_pdp_noindexed	remove_noindex_on_sellable_pdp	high	en	shop_pdp	set-ustu-mutfak	vwjg-8p	/en/shop/set-ustu-mutfak/vwjg-8p	True	True	https://equsto.com/en/login?mode=register&next=/en/shop/set-ustu-mutfak/vwjg-8p	2026-08-27
P0_RECOVER_PRODUCT	COMMERCE_LEAK_NOINDEX	"noindex" etiketi tarafından hariç tutuldu	sellable_or_shop_pdp_noindexed	remove_noindex_on_sellable_pdp	high	en	shop_pdp	hazirlik	0840-16010-00	/en/shop/set-ustu-mutfak/0840-16010-00	True	True	https://equsto.com/en/login?mode=register&next=/en/shop/hazirlik/0840-16010-00	2026-08-27
P0_RECOVER_PRODUCT	COMMERCE_LEAK_NOINDEX	"noindex" etiketi tarafından hariç tutuldu	sellable_or_shop_pdp_noindexed	remove_noindex_on_sellable_pdp		en	shop_pdp	market-reyonlari	eq-nergis-lb-fg-sky-eq37		True	False	https://equsto.com/en/login?mode=register&next=/en/shop/market-reyonlari/eq-nergis-lb-fg-sky-eq37	2026-08-27
P0_RECOVER_PRODUCT	COMMERCE_LEAK_NOINDEX	"noindex" etiketi tarafından hariç tutuldu	sellable_or_shop_pdp_noindexed	remove_noindex_on_sellable_pdp	high	en	shop_pdp	sogutma	c-300-a	/en/shop/sogutma/c-300-a	True	True	https://equsto.com/en/login?mode=register&next=/en/shop/sogutma/c-300-a	2026-08-27
P0_RECOVER_PRODUCT	COMMERCE_LEAK_NOINDEX	"noindex" etiketi tarafından hariç tutuldu	sellable_or_shop_pdp_noindexed	remove_noindex_on_sellable_pdp	high	en	shop_pdp	pisirme	adg-3s	/en/shop/pisirme/adg-3s	True	True	https://equsto.com/en/login?mode=register&next=/en/shop/pisirme/adg-3s	2026-08-27
P0_RECOVER_PRODUCT	COMMERCE_LEAK_NOINDEX	"noindex" etiketi tarafından hariç tutuldu	sellable_or_shop_pdp_noindexed	remove_noindex_on_sellable_pdp	high	en	shop_pdp	tezgah	7911-16070-79	/en/shop/tezgah/7911-16070-79	True	True	https://equsto.com/en/login?mode=register&next=/en/shop/tezgah/7911-16070-79	2026-08-27
P0_RECOVER_PRODUCT	COMMERCE_LEAK_NOINDEX	"noindex" etiketi tarafından hariç tutuldu	sellable_or_shop_pdp_noindexed	remove_noindex_on_sellable_pdp		en	shop_pdp	market-reyonlari	eq-nergis-lb-fg-eq36		True	False	https://equsto.com/en/login?mode=register&next=/en/shop/market-reyonlari/eq-nergis-lb-fg-eq36	2026-08-27
P0_RECOVER_PRODUCT	COMMERCE_LEAK_NOINDEX	"noindex" etiketi tarafından hariç tutuldu	sellable_or_shop_pdp_noindexed	remove_noindex_on_sellable_pdp	high	en	shop_pdp	set-ustu-mutfak	2919-12klg-00	/en/shop/set-ustu-mutfak/2919-12klg-00	True	True	https://equsto.com/en/login?mode=register&next=/en/shop/set-ustu-mutfak/2919-12klg-00	2026-08-27
P0_RECOVER_PRODUCT	COMMERCE_LEAK_NOINDEX	"noindex" etiketi tarafından hariç tutuldu	sellable_or_shop_pdp_noindexed	remove_noindex_on_sellable_pdp		en	shop_pdp	market-reyonlari	eq-sardunya-gl-eq28		True	False	https://equsto.com/en/login?mode=register&next=/en/shop/market-reyonlari/eq-sardunya-gl-eq28	2026-08-27
P0_RECOVER_PRODUCT	COMMERCE_LEAK_NOINDEX	"noindex" etiketi tarafından hariç tutuldu	sellable_or_shop_pdp_noindexed	remove_noindex_on_sellable_pdp	high	en	shop_pdp	sogutma	118-dt-12	/en/shop/sogutma/118-dt-12	True	True	https://equsto.com/en/login?mode=register&next=/en/shop/sogutma/118-dt-12	2026-08-27
P0_RECOVER_PRODUCT	COMMERCE_LEAK_NOINDEX	"noindex" etiketi tarafından hariç tutuldu	sellable_or_shop_pdp_noindexed	remove_noindex_on_sellable_pdp		en	shop_pdp	market-reyonlari	eq-nergis-fg-sky-eq19		True	False	https://equsto.com/en/login?mode=register&next=/en/shop/market-reyonlari/eq-nergis-fg-sky-eq19	2026-08-27
P0_RECOVER_PRODUCT	COMMERCE_LEAK_NOINDEX	"noindex" etiketi tarafından hariç tutuldu	sellable_or_shop_pdp_noindexed	remove_noindex_on_sellable_pdp		en	shop_pdp	market-reyonlari	eq-fulya-hf-lm-eq13		True	False	https://equsto.com/en/login?mode=register&next=/en/shop/market-reyonlari/eq-fulya-hf-lm-eq13	2026-08-27
P0_RECOVER_PRODUCT	COMMERCE_LEAK_NOINDEX	"noindex" etiketi tarafından hariç tutuldu	sellable_or_shop_pdp_noindexed	remove_noindex_on_sellable_pdp	high	en	shop_pdp	pisirme	spr75-3	/en/shop/pisirme/spr75-3	True	True	https://equsto.com/en/login?mode=register&next=/en/shop/pisirme/spr75-3	2026-08-27
P0_RECOVER_PRODUCT	COMMERCE_LEAK_NOINDEX	"noindex" etiketi tarafından hariç tutuldu	sellable_or_shop_pdp_noindexed	remove_noindex_on_sellable_pdp		en	shop_pdp	market-reyonlari	eq-nergis-tp-eq4		True	False	https://equsto.com/en/login?mode=register&next=/en/shop/market-reyonlari/eq-nergis-tp-eq4	2026-08-27
P0_RECOVER_PRODUCT	COMMERCE_LEAK_NOINDEX	"noindex" etiketi tarafından hariç tutuldu	sellable_or_shop_pdp_noindexed	remove_noindex_on_sellable_pdp	high	en	shop_pdp	market-reyonlari	eq-falcon-sld-eq102	/en/shop/market-reyonlari/eq-falcon-sld-eq102	True	True	https://equsto.com/en/login?mode=register&next=/en/shop/market-reyonlari/eq-falcon-sld-eq102	2026-08-27
P0_RECOVER_PRODUCT	COMMERCE_LEAK_NOINDEX	"noindex" etiketi tarafından hariç tutuldu	sellable_or_shop_pdp_noindexed	remove_noindex_on_sellable_pdp	high	en	shop_pdp	set-ustu-mutfak	0449-62435-01	/en/shop/set-ustu-mutfak/0449-62435-01	True	True	https://equsto.com/en/login?mode=register&next=/en/shop/set-ustu-mutfak/0449-62435-01	2026-08-27
P0_RECOVER_PRODUCT	COMMERCE_LEAK_NOINDEX	"noindex" etiketi tarafından hariç tutuldu	sellable_or_shop_pdp_noindexed	remove_noindex_on_sellable_pdp	high	en	shop_pdp	tezgah	ino-krg102	/en/shop/tezgah/ino-krg102	True	True	https://equsto.com/en/login?mode=register&next=/en/shop/tezgah/ino-krg102	2026-08-27
P0_RECOVER_PRODUCT	COMMERCE_LEAK_NOINDEX	"noindex" etiketi tarafından hariç tutuldu	sellable_or_shop_pdp_noindexed	remove_noindex_on_sellable_pdp	high	en	shop_pdp	set-ustu-mutfak	0213-23040-01	/en/shop/set-ustu-mutfak/0213-23040-01	True	True	https://equsto.com/en/login?mode=register&next=/en/shop/set-ustu-mutfak/0213-23040-01	2026-08-27
P0_RECOVER_PRODUCT	COMMERCE_LEAK_NOINDEX	"noindex" etiketi tarafından hariç tutuldu	sellable_or_shop_pdp_noindexed	remove_noindex_on_sellable_pdp		en	shop_pdp	sogutma	portabianco-granit-pizza-buzdolabi		True	False	https://equsto.com/en/login?mode=register&next=/en/shop/sogutma/portabianco-granit-pizza-buzdolabi	2026-08-27
P0_RECOVER_PRODUCT	COMMERCE_LEAK_NOINDEX	"noindex" etiketi tarafından hariç tutuldu	sellable_or_shop_pdp_noindexed	remove_noindex_on_sellable_pdp	high	en	shop_pdp	sogutma	9805-okb25-a0	/en/shop/sogutma/9805-okb25-a0	True	True	https://equsto.com/en/login?mode=register&next=/en/shop/sogutma/9805-okb25-a0	2026-08-27
P0_RECOVER_PRODUCT	COMMERCE_LEAK_NOINDEX	"noindex" etiketi tarafından hariç tutuldu	sellable_or_shop_pdp_noindexed	remove_noindex_on_sellable_pdp		en	shop_pdp	market-reyonlari	eq-lotus-eq43		True	False	https://equsto.com/en/login?mode=register&next=/en/shop/market-reyonlari/eq-lotus-eq43	2026-08-27
P0_RECOVER_PRODUCT	COMMERCE_LEAK_NOINDEX	"noindex" etiketi tarafından hariç tutuldu	sellable_or_shop_pdp_noindexed	remove_noindex_on_sellable_pdp	high	en	shop_pdp	pisirme	ino-7ig21s	/en/shop/pisirme/ino-7ig21s	True	True	https://equsto.com/en/login?mode=register&next=/en/shop/pisirme/ino-7ig21s	2026-08-27
P0_RECOVER_PRODUCT	COMMERCE_LEAK_NOINDEX	"noindex" etiketi tarafından hariç tutuldu	sellable_or_shop_pdp_noindexed	remove_noindex_on_sellable_pdp	high	en	shop_pdp	sogutma	118-7301-g	/en/shop/sogutma/118-7301-g	True	True	https://equsto.com/en/login?mode=register&next=/en/shop/sogutma/118-7301-g	2026-08-27
P0_RECOVER_PRODUCT	COMMERCE_LEAK_NOINDEX	"noindex" etiketi tarafından hariç tutuldu	sellable_or_shop_pdp_noindexed	remove_noindex_on_sellable_pdp		en	shop_pdp	market-reyonlari	eq-nergis-lb-fg-eq15		True	False	https://equsto.com/en/login?mode=register&next=/en/shop/market-reyonlari/eq-nergis-lb-fg-eq15	2026-08-27
P0_RECOVER_PRODUCT	COMMERCE_LEAK_NOINDEX	"noindex" etiketi tarafından hariç tutuldu	sellable_or_shop_pdp_noindexed	remove_noindex_on_sellable_pdp	high	en	shop_pdp	tezgah	ino-ksn240	/en/shop/tezgah/ino-ksn240	True	True	https://equsto.com/en/login?mode=register&next=/en/shop/tezgah/ino-ksn240	2026-08-27
P0_RECOVER_PRODUCT	COMMERCE_LEAK_NOINDEX	"noindex" etiketi tarafından hariç tutuldu	sellable_or_shop_pdp_noindexed	remove_noindex_on_sellable_pdp		en	shop_pdp	market-reyonlari	eq-nergis-lb-tp-sky-eq45		True	False	https://equsto.com/en/login?mode=register&next=/en/shop/market-reyonlari/eq-nergis-lb-tp-sky-eq45	2026-08-27
P0_RECOVER_PRODUCT	COMMERCE_LEAK_NOINDEX	"noindex" etiketi tarafından hariç tutuldu	sellable_or_shop_pdp_noindexed	remove_noindex_on_sellable_pdp	high	en	shop_pdp	pisirme	7961-11829-1y1	/en/shop/yikama/7961-11829-1y1	True	True	https://equsto.com/en/login?mode=register&next=/en/shop/pisirme/7961-11829-1y1	2026-08-27
P0_RECOVER_PRODUCT	COMMERCE_LEAK_NOINDEX	"noindex" etiketi tarafından hariç tutuldu	sellable_or_shop_pdp_noindexed	remove_noindex_on_sellable_pdp	high	en	shop_pdp	pisirme	npicco284	/en/shop/pisirme/npicco284	True	True	https://equsto.com/en/login?mode=register&next=/en/shop/pisirme/npicco284	2026-08-27
P0_RECOVER_PRODUCT	COMMERCE_LEAK_NOINDEX	"noindex" etiketi tarafından hariç tutuldu	sellable_or_shop_pdp_noindexed	remove_noindex_on_sellable_pdp	high	en	shop_pdp	pisirme	ino-zmd-9ke10s	/en/shop/pisirme/ino-zmd-9ke10s	True	True	https://equsto.com/en/login?mode=register&next=/en/shop/pisirme/ino-zmd-9ke10s	2026-08-27
P0_RECOVER_PRODUCT	COMMERCE_LEAK_NOINDEX	"noindex" etiketi tarafından hariç tutuldu	sellable_or_shop_pdp_noindexed	remove_noindex_on_sellable_pdp	high	en	shop_pdp	istif	8897-36171-p0	/en/shop/istif/8897-36171-p0	True	True	https://equsto.com/en/login?mode=register&next=/en/shop/istif/8897-36171-p0	2026-08-27
P0_RECOVER_PRODUCT	COMMERCE_LEAK_NOINDEX	"noindex" etiketi tarafından hariç tutuldu	sellable_or_shop_pdp_noindexed	remove_noindex_on_sellable_pdp		en	shop_pdp	market-reyonlari	eq-fulya-nv-lm-eq20		True	False	https://equsto.com/en/login?mode=register&next=/en/shop/market-reyonlari/eq-fulya-nv-lm-eq20	2026-08-27
P0_RECOVER_PRODUCT	COMMERCE_LEAK_NOINDEX	"noindex" etiketi tarafından hariç tutuldu	sellable_or_shop_pdp_noindexed	remove_noindex_on_sellable_pdp	high	en	shop_pdp	market-reyonlari	eq-falcon-eq69	/en/shop/market-reyonlari/eq-falcon-eq69	True	True	https://equsto.com/en/login?mode=register&next=/en/shop/market-reyonlari/eq-falcon-eq69	2026-08-27
P0_RECOVER_PRODUCT	COMMERCE_LEAK_NOINDEX	"noindex" etiketi tarafından hariç tutuldu	sellable_or_shop_pdp_noindexed	remove_noindex_on_sellable_pdp	high	en	shop_pdp	sogutma	7919-cr3030-00	/en/shop/sogutma/7919-cr3030-00	True	True	https://equsto.com/en/login?mode=register&next=/en/shop/sogutma/7919-cr3030-00	2026-08-27
P0_RECOVER_PRODUCT	COMMERCE_LEAK_NOINDEX	"noindex" etiketi tarafından hariç tutuldu	sellable_or_shop_pdp_noindexed	remove_noindex_on_sellable_pdp	high	en	shop_pdp	dolap	7758-217d8-21	/en/shop/tezgah/7758-217d8-21	True	True	https://equsto.com/en/login?mode=register&next=/en/shop/dolap/7758-217d8-21	2026-08-27
P0_RECOVER_PRODUCT	COMMERCE_LEAK_NOINDEX	"noindex" etiketi tarafından hariç tutuldu	sellable_or_shop_pdp_noindexed	remove_noindex_on_sellable_pdp	high	en	shop_pdp	market-reyonlari	eq-lion-sld-eq60	/en/shop/market-reyonlari/eq-lion-sld-eq60	True	True	https://equsto.com/en/login?mode=register&next=/en/shop/market-reyonlari/eq-lion-sld-eq60	2026-08-27
P0_RECOVER_PRODUCT	COMMERCE_LEAK_NOINDEX	"noindex" etiketi tarafından hariç tutuldu	sellable_or_shop_pdp_noindexed	remove_noindex_on_sellable_pdp	high	en	shop_pdp	pisirme	aei-1273-ncr	/en/shop/pisirme/aei-1273-ncr	True	True	https://equsto.com/en/login?mode=register&next=/en/shop/pisirme/aei-1273-ncr	2026-08-27
P0_RECOVER_PRODUCT	COMMERCE_LEAK_NOINDEX	"noindex" etiketi tarafından hariç tutuldu	sellable_or_shop_pdp_noindexed	remove_noindex_on_sellable_pdp	high	en	shop_pdp	sogutma	tt-4n70-e	/en/shop/sogutma/tt-4n70-e	True	True	https://equsto.com/en/login?mode=register&next=/en/shop/sogutma/tt-4n70-e	2026-08-27
P0_RECOVER_PRODUCT	COMMERCE_LEAK_NOINDEX	"noindex" etiketi tarafından hariç tutuldu	sellable_or_shop_pdp_noindexed	remove_noindex_on_sellable_pdp	high	en	shop_pdp	set-ustu-mutfak	8358-okm32-tr	/en/shop/set-ustu-mutfak/8358-okm32-tr	True	True	https://equsto.com/en/login?mode=register&next=/en/shop/set-ustu-mutfak/8358-okm32-tr	2026-08-27
P0_RECOVER_PRODUCT	COMMERCE_LEAK_NOINDEX	"noindex" etiketi tarafından hariç tutuldu	sellable_or_shop_pdp_noindexed	remove_noindex_on_sellable_pdp	high	en	shop_pdp	icecek	vxy-sj15x1s	/en/shop/icecek/vxy-sj15x1s	True	True	https://equsto.com/en/login?mode=register&next=/en/shop/icecek/vxy-sj15x1s	2026-08-26
P0_RECOVER_PRODUCT	COMMERCE_LEAK_NOINDEX	"noindex" etiketi tarafından hariç tutuldu	sellable_or_shop_pdp_noindexed	remove_noindex_on_sellable_pdp	high	en	shop_pdp	market-reyonlari	eq-falcon-eq9	/en/shop/market-reyonlari/eq-falcon-eq9	True	True	https://equsto.com/en/login?mode=register&next=/en/shop/market-reyonlari/eq-falcon-eq9	2026-08-26
P0_RECOVER_PRODUCT	COMMERCE_LEAK_NOINDEX	"noindex" etiketi tarafından hariç tutuldu	sellable_or_shop_pdp_noindexed	remove_noindex_on_sellable_pdp	high	en	shop_pdp	market-reyonlari	eq-lion-eq1	/en/shop/market-reyonlari/eq-lion-eq1	True	True	https://equsto.com/en/login?mode=register&next=/en/shop/market-reyonlari/eq-lion-eq1	2026-08-26
P0_RECOVER_PRODUCT	COMMERCE_LEAK_NOINDEX	"noindex" etiketi tarafından hariç tutuldu	sellable_or_shop_pdp_noindexed	remove_noindex_on_sellable_pdp	high	en	shop_pdp	tezgah	7911-06070-08	/en/shop/tezgah/7911-06070-08	True	True	https://equsto.com/en/login?mode=register&next=/en/shop/tezgah/7911-06070-08	2026-08-26
P0_RECOVER_PRODUCT	COMMERCE_LEAK_NOINDEX	"noindex" etiketi tarafından hariç tutuldu	sellable_or_shop_pdp_noindexed	remove_noindex_on_sellable_pdp		en	shop_pdp	market-reyonlari	eq-nergis-fg-eq35		True	False	https://equsto.com/en/login?mode=register&next=/en/shop/market-reyonlari/eq-nergis-fg-eq35	2026-08-26
P0_RECOVER_PRODUCT	COMMERCE_LEAK_NOINDEX	"noindex" etiketi tarafından hariç tutuldu	sellable_or_shop_pdp_noindexed	remove_noindex_on_sellable_pdp	high	en	shop_pdp	davlumbaz	7885-25205-14	/en/shop/davlumbaz/7885-25205-14	True	True	https://equsto.com/en/login?mode=register&next=/en/shop/davlumbaz/7885-25205-14	2026-08-26
P0_RECOVER_PRODUCT	COMMERCE_LEAK_NOINDEX	"noindex" etiketi tarafından hariç tutuldu	sellable_or_shop_pdp_noindexed	remove_noindex_on_sellable_pdp	high	en	shop_pdp	pisirme	ino-9ig31s	/en/shop/pisirme/ino-9ig31s	True	True	https://equsto.com/en/login?mode=register&next=/en/shop/pisirme/ino-9ig31s	2026-08-26
P0_RECOVER_PRODUCT	COMMERCE_LEAK_NOINDEX	"noindex" etiketi tarafından hariç tutuldu	sellable_or_shop_pdp_noindexed	remove_noindex_on_sellable_pdp		en	shop_pdp	market-reyonlari	eq-nergis-lb-fg-eq10		True	False	https://equsto.com/en/login?mode=register&next=/en/shop/market-reyonlari/eq-nergis-lb-fg-eq10	2026-08-26
P0_RECOVER_PRODUCT	COMMERCE_LEAK_NOINDEX	"noindex" etiketi tarafından hariç tutuldu	sellable_or_shop_pdp_noindexed	remove_noindex_on_sellable_pdp	high	en	shop_pdp	market-reyonlari	eq-falcon-eq83	/en/shop/market-reyonlari/eq-falcon-eq83	True	True	https://equsto.com/en/login?mode=register&next=/en/shop/market-reyonlari/eq-falcon-eq83	2026-08-26
P0_RECOVER_PRODUCT	COMMERCE_LEAK_NOINDEX	"noindex" etiketi tarafından hariç tutuldu	sellable_or_shop_pdp_noindexed	remove_noindex_on_sellable_pdp	high	en	shop_pdp	market-reyonlari	eq-lion-tgd-eq34	/en/shop/market-reyonlari/eq-lion-tgd-eq34	True	True	https://equsto.com/en/login?mode=register&next=/en/shop/market-reyonlari/eq-lion-tgd-eq34	2026-08-26
P0_RECOVER_PRODUCT	COMMERCE_LEAK_NOINDEX	"noindex" etiketi tarafından hariç tutuldu	sellable_or_shop_pdp_noindexed	remove_noindex_on_sellable_pdp	high	en	shop_pdp	tezgah	7911-19070-44	/en/shop/tezgah/7911-19070-44	True	True	https://equsto.com/en/login?mode=register&next=/en/shop/tezgah/7911-19070-44	2026-08-26
P0_RECOVER_PRODUCT	COMMERCE_LEAK_NOINDEX	"noindex" etiketi tarafından hariç tutuldu	sellable_or_shop_pdp_noindexed	remove_noindex_on_sellable_pdp	high	tr	shop_pdp	market-reyonlari	eq-puma-eq4	/shop/market-reyonlari/eq-puma-eq4	True	True	https://equsto.com/en/login?next=/shop/market-reyonlari/eq-puma-eq4	2026-08-26
P0_RECOVER_PRODUCT	COMMERCE_LEAK_NOINDEX	"noindex" etiketi tarafından hariç tutuldu	sellable_or_shop_pdp_noindexed	remove_noindex_on_sellable_pdp	high	en	shop_pdp	market-reyonlari	eq-puma-eq2	/en/shop/market-reyonlari/eq-puma-eq2	True	True	https://equsto.com/en/login?mode=register&next=/en/shop/market-reyonlari/eq-puma-eq2	2026-08-26
P0_RECOVER_PRODUCT	COMMERCE_LEAK_NOINDEX	"noindex" etiketi tarafından hariç tutuldu	sellable_or_shop_pdp_noindexed	remove_noindex_on_sellable_pdp		en	shop_pdp	market-reyonlari	eq-sardunya-gl-eq2		True	False	https://equsto.com/en/login?mode=register&next=/en/shop/market-reyonlari/eq-sardunya-gl-eq2	2026-08-26
P0_RECOVER_PRODUCT	COMMERCE_LEAK_NOINDEX	"noindex" etiketi tarafından hariç tutuldu	sellable_or_shop_pdp_noindexed	remove_noindex_on_sellable_pdp		en	shop_pdp	market-reyonlari	eq-nergis-tp-eq23		True	False	https://equsto.com/en/login?mode=register&next=/en/shop/market-reyonlari/eq-nergis-tp-eq23	2026-08-26
P0_RECOVER_PRODUCT	COMMERCE_LEAK_NOINDEX	"noindex" etiketi tarafından hariç tutuldu	sellable_or_shop_pdp_noindexed	remove_noindex_on_sellable_pdp	high	en	shop_pdp	tasima	7912-15070-a0	/en/shop/tasima/7912-15070-a0	True	True	https://equsto.com/en/login?mode=register&next=/en/shop/tasima/7912-15070-a0	2026-08-26
P0_RECOVER_PRODUCT	COMMERCE_LEAK_NOINDEX	"noindex" etiketi tarafından hariç tutuldu	sellable_or_shop_pdp_noindexed	remove_noindex_on_sellable_pdp	high	en	shop_pdp	pisirme	npicco64-1	/en/shop/pisirme/npicco64-1	True	True	https://equsto.com/en/login?mode=register&next=/en/shop/pisirme/npicco64-1	2026-08-26
P0_RECOVER_PRODUCT	COMMERCE_LEAK_NOINDEX	"noindex" etiketi tarafından hariç tutuldu	sellable_or_shop_pdp_noindexed	remove_noindex_on_sellable_pdp	high	en	shop_pdp	davlumbaz	eq-kdavotf02-225250	/en/shop/davlumbaz/eq-kdavotf02-225250	True	True	https://equsto.com/en/login?mode=register&next=/en/shop/davlumbaz/eq-kdavotf02-225250	2026-08-26
P0_RECOVER_PRODUCT	COMMERCE_LEAK_NOINDEX	"noindex" etiketi tarafından hariç tutuldu	sellable_or_shop_pdp_noindexed	remove_noindex_on_sellable_pdp	high	en	shop_pdp	davlumbaz	7885-30125-11	/en/shop/davlumbaz/7885-30125-11	True	True	https://equsto.com/en/login?mode=register&next=/en/shop/davlumbaz/7885-30125-11	2026-08-26
P0_RECOVER_PRODUCT	COMMERCE_LEAK_NOINDEX	"noindex" etiketi tarafından hariç tutuldu	sellable_or_shop_pdp_noindexed	remove_noindex_on_sellable_pdp		en	shop_pdp	market-reyonlari	eq-nergis-tp-sky-eq30		True	False	https://equsto.com/en/login?mode=register&next=/en/shop/market-reyonlari/eq-nergis-tp-sky-eq30	2026-08-26
P0_RECOVER_PRODUCT	COMMERCE_LEAK_NOINDEX	"noindex" etiketi tarafından hariç tutuldu	sellable_or_shop_pdp_noindexed	remove_noindex_on_sellable_pdp		en	shop_pdp	market-reyonlari	eq-lotus-lb-eq40		True	False	https://equsto.com/en/login?mode=register&next=/en/shop/market-reyonlari/eq-lotus-lb-eq40	2026-08-26
P0_RECOVER_PRODUCT	COMMERCE_LEAK_NOINDEX	"noindex" etiketi tarafından hariç tutuldu	sellable_or_shop_pdp_noindexed	remove_noindex_on_sellable_pdp		en	shop_pdp	market-reyonlari	eq-nergis-lm-eq60		True	False	https://equsto.com/en/login?mode=register&next=/en/shop/market-reyonlari/eq-nergis-lm-eq60	2026-08-26
P0_RECOVER_PRODUCT	COMMERCE_LEAK_NOINDEX	"noindex" etiketi tarafından hariç tutuldu	sellable_or_shop_pdp_noindexed	remove_noindex_on_sellable_pdp		en	shop_pdp	market-reyonlari	eq-lale-eq36		True	False	https://equsto.com/en/login?mode=register&next=/en/shop/market-reyonlari/eq-lale-eq36	2026-08-26
P0_RECOVER_PRODUCT	COMMERCE_LEAK_NOINDEX	"noindex" etiketi tarafından hariç tutuldu	sellable_or_shop_pdp_noindexed	remove_noindex_on_sellable_pdp	high	en	shop_pdp	dolap	7754-196a8-33	/en/shop/tezgah/7754-196a8-33	True	True	https://equsto.com/en/login?mode=register&next=/en/shop/dolap/7754-196a8-33	2026-08-26
P0_RECOVER_PRODUCT	COMMERCE_LEAK_NOINDEX	"noindex" etiketi tarafından hariç tutuldu	sellable_or_shop_pdp_noindexed	remove_noindex_on_sellable_pdp	high	en	shop_pdp	tasima	8895-tta37-53	/en/shop/tasima/8895-tta37-53	True	True	https://equsto.com/en/login?mode=register&next=/en/shop/tasima/8895-tta37-53	2026-08-26
P0_RECOVER_PRODUCT	COMMERCE_LEAK_NOINDEX	"noindex" etiketi tarafından hariç tutuldu	sellable_or_shop_pdp_noindexed	remove_noindex_on_sellable_pdp	high	en	shop_pdp	market-reyonlari	eq-lion-tgd-eq43	/en/shop/market-reyonlari/eq-lion-tgd-eq43	True	True	https://equsto.com/en/login?mode=register&next=/en/shop/market-reyonlari/eq-lion-tgd-eq43	2026-08-26
P0_RECOVER_PRODUCT	COMMERCE_LEAK_NOINDEX	"noindex" etiketi tarafından hariç tutuldu	sellable_or_shop_pdp_noindexed	remove_noindex_on_sellable_pdp		en	shop_pdp	market-reyonlari	eq-nergis-lb-fg-eq38		True	False	https://equsto.com/en/login?mode=register&next=/en/shop/market-reyonlari/eq-nergis-lb-fg-eq38	2026-08-26
P0_RECOVER_PRODUCT	COMMERCE_LEAK_NOINDEX	"noindex" etiketi tarafından hariç tutuldu	sellable_or_shop_pdp_noindexed	remove_noindex_on_sellable_pdp	high	en	shop_pdp	pisirme	agi-670-nd	/en/shop/pisirme/agi-670-nd	True	True	https://equsto.com/en/login?mode=register&next=/en/shop/pisirme/agi-670-nd	2026-08-26
P0_RECOVER_PRODUCT	COMMERCE_LEAK_NOINDEX	"noindex" etiketi tarafından hariç tutuldu	sellable_or_shop_pdp_noindexed	remove_noindex_on_sellable_pdp	high	en	shop_pdp	istif	8897-36800-p0	/en/shop/istif/8897-36800-p0	True	True	https://equsto.com/en/login?mode=register&next=/en/shop/istif/8897-36800-p0	2026-08-25
P0_RECOVER_PRODUCT	COMMERCE_LEAK_NOINDEX	"noindex" etiketi tarafından hariç tutuldu	sellable_or_shop_pdp_noindexed	remove_noindex_on_sellable_pdp		en	shop_pdp	market-reyonlari	eq-yasemin-nt-eq3		True	False	https://equsto.com/en/login?mode=register&next=/en/shop/market-reyonlari/eq-yasemin-nt-eq3	2026-08-25
P0_RECOVER_PRODUCT	COMMERCE_LEAK_NOINDEX	"noindex" etiketi tarafından hariç tutuldu	sellable_or_shop_pdp_noindexed	remove_noindex_on_sellable_pdp	high	en	shop_pdp	kahve	vkd-p50s	/en/shop/kahve/vkd-p50s	True	True	https://equsto.com/en/login?mode=register&next=/en/shop/kahve/vkd-p50s	2026-08-25
P0_RECOVER_PRODUCT	COMMERCE_LEAK_NOINDEX	"noindex" etiketi tarafından hariç tutuldu	sellable_or_shop_pdp_noindexed	remove_noindex_on_sellable_pdp	high	en	shop_pdp	dolap	7911-09060-08	/en/shop/tezgah/7911-09060-08	True	True	https://equsto.com/en/login?mode=register&next=/en/shop/dolap/7911-09060-08	2026-08-25
P0_RECOVER_PRODUCT	COMMERCE_LEAK_NOINDEX	"noindex" etiketi tarafından hariç tutuldu	sellable_or_shop_pdp_noindexed	remove_noindex_on_sellable_pdp		en	shop_pdp	market-reyonlari	eq-nergis-lb-tp-sky-eq29		True	False	https://equsto.com/en/login?mode=register&next=/en/shop/market-reyonlari/eq-nergis-lb-tp-sky-eq29	2026-08-25
P0_RECOVER_PRODUCT	COMMERCE_LEAK_NOINDEX	"noindex" etiketi tarafından hariç tutuldu	sellable_or_shop_pdp_noindexed	remove_noindex_on_sellable_pdp		en	shop_pdp	market-reyonlari	eq-fulya-nv-fg-eq16		True	False	https://equsto.com/en/login?mode=register&next=/en/shop/market-reyonlari/eq-fulya-nv-fg-eq16	2026-08-25
P0_RECOVER_PRODUCT	COMMERCE_LEAK_NOINDEX	"noindex" etiketi tarafından hariç tutuldu	sellable_or_shop_pdp_noindexed	remove_noindex_on_sellable_pdp	high	en	shop_pdp	set-ustu-mutfak	0752-01510-75	/en/shop/set-ustu-mutfak/0752-01510-75	True	True	https://equsto.com/en/login?mode=register&next=/en/shop/set-ustu-mutfak/0752-01510-75	2026-08-25
P0_RECOVER_PRODUCT	COMMERCE_LEAK_NOINDEX	"noindex" etiketi tarafından hariç tutuldu	sellable_or_shop_pdp_noindexed	remove_noindex_on_sellable_pdp	high	tr	shop_pdp	pisirme	7961-02929-1y2	/shop/yikama/7961-02929-1y2	True	True	https://equsto.com/en/login?mode=register&next=/shop/pisirme/7961-02929-1y2	2026-08-25
P0_RECOVER_PRODUCT	COMMERCE_LEAK_NOINDEX	"noindex" etiketi tarafından hariç tutuldu	sellable_or_shop_pdp_noindexed	remove_noindex_on_sellable_pdp		en	shop_pdp	market-reyonlari	eq-lotus-eq71		True	False	https://equsto.com/en/login?mode=register&next=/en/shop/market-reyonlari/eq-lotus-eq71	2026-08-25
P0_RECOVER_PRODUCT	COMMERCE_LEAK_NOINDEX	"noindex" etiketi tarafından hariç tutuldu	sellable_or_shop_pdp_noindexed	remove_noindex_on_sellable_pdp	high	en	shop_pdp	market-reyonlari	eq-falcon-eq122	/en/shop/market-reyonlari/eq-falcon-eq122	True	True	https://equsto.com/en/login?mode=register&next=/en/shop/market-reyonlari/eq-falcon-eq122	2026-08-25
P0_RECOVER_PRODUCT	COMMERCE_LEAK_NOINDEX	"noindex" etiketi tarafından hariç tutuldu	sellable_or_shop_pdp_noindexed	remove_noindex_on_sellable_pdp	high	en	shop_pdp	set-ustu-mutfak	0752-02424-23	/en/shop/set-ustu-mutfak/0752-02424-23	True	True	https://equsto.com/en/login?mode=register&next=/en/shop/set-ustu-mutfak/0752-02424-23	2026-08-25
P0_RECOVER_PRODUCT	COMMERCE_LEAK_NOINDEX	"noindex" etiketi tarafından hariç tutuldu	sellable_or_shop_pdp_noindexed	remove_noindex_on_sellable_pdp	high	en	shop_pdp	market-reyonlari	eq-falcon-sld-eq34	/en/shop/market-reyonlari/eq-falcon-sld-eq34	True	True	https://equsto.com/en/login?mode=register&next=/en/shop/market-reyonlari/eq-falcon-sld-eq34	2026-08-25
P0_RECOVER_PRODUCT	COMMERCE_LEAK_NOINDEX	"noindex" etiketi tarafından hariç tutuldu	sellable_or_shop_pdp_noindexed	remove_noindex_on_sellable_pdp	high	tr	shop_pdp	set-ustu-mutfak	0311-14100-30	/shop/set-ustu-mutfak/0311-14100-30	True	True	https://equsto.com/en/login?next=/shop/set-ustu-mutfak/0311-14100-30	2026-08-25
P0_RECOVER_PRODUCT	COMMERCE_LEAK_NOINDEX	"noindex" etiketi tarafından hariç tutuldu	sellable_or_shop_pdp_noindexed	remove_noindex_on_sellable_pdp	high	en	shop_pdp	istif	46-x-122-x-183-304l	/en/shop/istif/46-x-122-x-183-304l	True	True	https://equsto.com/en/login?mode=register&next=/en/shop/istif/46-x-122-x-183-304l	2026-08-25
P0_RECOVER_PRODUCT	COMMERCE_LEAK_NOINDEX	"noindex" etiketi tarafından hariç tutuldu	sellable_or_shop_pdp_noindexed	remove_noindex_on_sellable_pdp	high	en	shop_pdp	sogutma	dt-1ngn-eko	/en/shop/sogutma/dt-1ngn-eko	True	True	https://equsto.com/en/login?mode=register&next=/en/shop/sogutma/dt-1ngn-eko	2026-08-25
P0_RECOVER_PRODUCT	COMMERCE_LEAK_NOINDEX	"noindex" etiketi tarafından hariç tutuldu	sellable_or_shop_pdp_noindexed	remove_noindex_on_sellable_pdp	high	en	shop_pdp	tezgah	133122	/en/shop/tezgah/133122	True	True	https://equsto.com/en/login?mode=register&next=/en/shop/tezgah/133122	2026-08-25
P0_RECOVER_PRODUCT	COMMERCE_LEAK_NOINDEX	"noindex" etiketi tarafından hariç tutuldu	sellable_or_shop_pdp_noindexed	remove_noindex_on_sellable_pdp		en	shop_pdp	market-reyonlari	eq-nergis-tp-eq22		True	False	https://equsto.com/en/login?mode=register&next=/en/shop/market-reyonlari/eq-nergis-tp-eq22	2026-08-25
P0_RECOVER_PRODUCT	COMMERCE_LEAK_NOINDEX	"noindex" etiketi tarafından hariç tutuldu	sellable_or_shop_pdp_noindexed	remove_noindex_on_sellable_pdp	high	en	shop_pdp	set-ustu-mutfak	0211-35405-13	/en/shop/set-ustu-mutfak/0211-35405-13	True	True	https://equsto.com/en/login?mode=register&next=/en/shop/set-ustu-mutfak/0211-35405-13	2026-08-25
P0_RECOVER_PRODUCT	COMMERCE_LEAK_NOINDEX	"noindex" etiketi tarafından hariç tutuldu	sellable_or_shop_pdp_noindexed	remove_noindex_on_sellable_pdp	high	en	shop_pdp	istif	46-x-122-x-183-201	/en/shop/istif/46-x-122-x-183-201	True	True	https://equsto.com/en/login?mode=register&next=/en/shop/istif/46-x-122-x-183-201	2026-08-25
P0_RECOVER_PRODUCT	COMMERCE_LEAK_NOINDEX	"noindex" etiketi tarafından hariç tutuldu	sellable_or_shop_pdp_noindexed	remove_noindex_on_sellable_pdp		en	shop_pdp	market-reyonlari	eq-nergis-fg-sky-eq37		True	False	https://equsto.com/en/login?mode=register&next=/en/shop/market-reyonlari/eq-nergis-fg-sky-eq37	2026-08-25
P0_RECOVER_PRODUCT	COMMERCE_LEAK_NOINDEX	"noindex" etiketi tarafından hariç tutuldu	sellable_or_shop_pdp_noindexed	remove_noindex_on_sellable_pdp		en	shop_pdp	market-reyonlari	eq-orkide-eq16		True	False	https://equsto.com/en/login?mode=register&next=/en/shop/market-reyonlari/eq-orkide-eq16	2026-08-25
P0_RECOVER_PRODUCT	COMMERCE_LEAK_NOINDEX	"noindex" etiketi tarafından hariç tutuldu	sellable_or_shop_pdp_noindexed	remove_noindex_on_sellable_pdp		en	shop_pdp	market-reyonlari	eq-nergis-lm-eq39		True	False	https://equsto.com/en/login?mode=register&next=/en/shop/market-reyonlari/eq-nergis-lm-eq39	2026-08-25
P0_RECOVER_PRODUCT	COMMERCE_LEAK_NOINDEX	"noindex" etiketi tarafından hariç tutuldu	sellable_or_shop_pdp_noindexed	remove_noindex_on_sellable_pdp	high	en	shop_pdp	set-ustu-mutfak	7897-19030-05	/en/shop/set-ustu-mutfak/7897-19030-05	True	True	https://equsto.com/en/login?mode=register&next=/en/shop/set-ustu-mutfak/7897-19030-05	2026-08-25
P0_RECOVER_PRODUCT	COMMERCE_LEAK_NOINDEX	"noindex" etiketi tarafından hariç tutuldu	sellable_or_shop_pdp_noindexed	remove_noindex_on_sellable_pdp	high	en	shop_pdp	set-ustu-mutfak	8356-32526-30	/en/shop/set-ustu-mutfak/8356-32526-30	True	True	https://equsto.com/en/login?mode=register&next=/en/shop/set-ustu-mutfak/8356-32526-30	2026-08-25
P0_RECOVER_PRODUCT	COMMERCE_LEAK_NOINDEX	"noindex" etiketi tarafından hariç tutuldu	sellable_or_shop_pdp_noindexed	remove_noindex_on_sellable_pdp		en	shop_pdp	market-reyonlari	eq-nergis-lb-fg-sky-eq20		True	False	https://equsto.com/en/login?mode=register&next=/en/shop/market-reyonlari/eq-nergis-lb-fg-sky-eq20	2026-08-25
P0_RECOVER_PRODUCT	COMMERCE_LEAK_NOINDEX	"noindex" etiketi tarafından hariç tutuldu	sellable_or_shop_pdp_noindexed	remove_noindex_on_sellable_pdp		en	shop_pdp	market-reyonlari	eq-nergis-fg-eq16		True	False	https://equsto.com/en/login?mode=register&next=/en/shop/market-reyonlari/eq-nergis-fg-eq16	2026-08-25
P0_RECOVER_PRODUCT	COMMERCE_LEAK_NOINDEX	"noindex" etiketi tarafından hariç tutuldu	sellable_or_shop_pdp_noindexed	remove_noindex_on_sellable_pdp	high	en	shop_pdp	tezgah	eq-kmertt02-16070	/en/shop/tezgah/eq-kmertt02-16070	True	True	https://equsto.com/en/login?mode=register&next=/en/shop/tezgah/eq-kmertt02-16070	2026-08-25
P0_RECOVER_PRODUCT	COMMERCE_LEAK_NOINDEX	"noindex" etiketi tarafından hariç tutuldu	sellable_or_shop_pdp_noindexed	remove_noindex_on_sellable_pdp		en	shop_pdp	market-reyonlari	eq-lale-eq27		True	False	https://equsto.com/en/login?mode=register&next=/en/shop/market-reyonlari/eq-lale-eq27	2026-08-25
P0_RECOVER_PRODUCT	COMMERCE_LEAK_NOINDEX	"noindex" etiketi tarafından hariç tutuldu	sellable_or_shop_pdp_noindexed	remove_noindex_on_sellable_pdp		en	shop_pdp	market-reyonlari	eq-akasya-eq2		True	False	https://equsto.com/en/login?mode=register&next=/en/shop/market-reyonlari/eq-akasya-eq2	2026-08-25
P0_RECOVER_PRODUCT	COMMERCE_LEAK_NOINDEX	"noindex" etiketi tarafından hariç tutuldu	sellable_or_shop_pdp_noindexed	remove_noindex_on_sellable_pdp	high	en	shop_pdp	market-reyonlari	eq-falcon-eq119	/en/shop/market-reyonlari/eq-falcon-eq119	True	True	https://equsto.com/en/login?mode=register&next=/en/shop/market-reyonlari/eq-falcon-eq119	2026-08-25
P0_RECOVER_PRODUCT	COMMERCE_LEAK_NOINDEX	"noindex" etiketi tarafından hariç tutuldu	sellable_or_shop_pdp_noindexed	remove_noindex_on_sellable_pdp	low	en	shop_pdp	tezgah	pimak-19070-00		True	False	https://equsto.com/en/login?mode=register&next=/en/shop/tezgah/pimak-19070-00	2026-08-25
P0_RECOVER_PRODUCT	COMMERCE_LEAK_NOINDEX	"noindex" etiketi tarafından hariç tutuldu	sellable_or_shop_pdp_noindexed	remove_noindex_on_sellable_pdp	high	en	shop_pdp	icecek	8593-su160-00	/en/shop/icecek/8593-su160-00	True	True	https://equsto.com/en/login?mode=register&next=/en/shop/icecek/8593-su160-00	2026-08-25
P0_RECOVER_PRODUCT	COMMERCE_LEAK_NOINDEX	"noindex" etiketi tarafından hariç tutuldu	sellable_or_shop_pdp_noindexed	remove_noindex_on_sellable_pdp	high	en	shop_pdp	istif	8897-5612p-00	/en/shop/istif/8897-5612p-00	True	True	https://equsto.com/en/login?mode=register&next=/en/shop/istif/8897-5612p-00	2026-08-25
P0_RECOVER_PRODUCT	COMMERCE_LEAK_NOINDEX	"noindex" etiketi tarafından hariç tutuldu	sellable_or_shop_pdp_noindexed	remove_noindex_on_sellable_pdp	high	en	shop_pdp	tezgah	7754-196e5-21	/en/shop/tezgah/7754-196e5-21	True	True	https://equsto.com/en/login?mode=register&next=/en/shop/tezgah/7754-196e5-21	2026-08-25
P0_RECOVER_PRODUCT	COMMERCE_LEAK_NOINDEX	"noindex" etiketi tarafından hariç tutuldu	sellable_or_shop_pdp_noindexed	remove_noindex_on_sellable_pdp	high	en	shop_pdp	tezgah	7911-05050-90	/en/shop/tezgah/7911-05050-90	True	True	https://equsto.com/en/login?mode=register&next=/en/shop/tezgah/7911-05050-90	2026-08-25
P0_RECOVER_PRODUCT	COMMERCE_LEAK_NOINDEX	"noindex" etiketi tarafından hariç tutuldu	sellable_or_shop_pdp_noindexed	remove_noindex_on_sellable_pdp	high	en	shop_pdp	dolap	7758-196e8-35	/en/shop/tezgah/7758-196e8-35	True	True	https://equsto.com/en/login?mode=register&next=/en/shop/dolap/7758-196e8-35	2026-08-25
P0_RECOVER_PRODUCT	COMMERCE_LEAK_NOINDEX	"noindex" etiketi tarafından hariç tutuldu	sellable_or_shop_pdp_noindexed	remove_noindex_on_sellable_pdp	high	en	shop_pdp	pisirme	7960-16229-7o2	/en/shop/yikama/7960-16229-7o2	True	True	https://equsto.com/en/login?mode=register&next=/en/shop/pisirme/7960-16229-7o2	2026-08-25
P0_RECOVER_PRODUCT	COMMERCE_LEAK_NOINDEX	"noindex" etiketi tarafından hariç tutuldu	sellable_or_shop_pdp_noindexed	remove_noindex_on_sellable_pdp	high	en	shop_pdp	pisirme	391273	/en/shop/pisirme/391273	True	True	https://equsto.com/en/login?mode=register&next=/en/shop/pisirme/391273	2026-08-25
P0_RECOVER_PRODUCT	COMMERCE_LEAK_NOINDEX	"noindex" etiketi tarafından hariç tutuldu	sellable_or_shop_pdp_noindexed	remove_noindex_on_sellable_pdp	high	en	shop_pdp	pisirme	ino-fbe40t	/en/shop/pisirme/ino-fbe40t	True	True	https://equsto.com/en/login?mode=register&next=/en/shop/pisirme/ino-fbe40t	2026-08-25
P0_RECOVER_PRODUCT	COMMERCE_LEAK_NOINDEX	"noindex" etiketi tarafından hariç tutuldu	sellable_or_shop_pdp_noindexed	remove_noindex_on_sellable_pdp	high	en	shop_pdp	yikama	ino-byf600l	/en/shop/yikama/ino-byf600l	True	True	https://equsto.com/en/login?mode=register&next=/en/shop/yikama/ino-byf600l	2026-08-25
P0_RECOVER_PRODUCT	COMMERCE_LEAK_NOINDEX	"noindex" etiketi tarafından hariç tutuldu	sellable_or_shop_pdp_noindexed	remove_noindex_on_sellable_pdp	high	en	shop_pdp	tezgah	7911-19070-52	/en/shop/tezgah/7911-19070-52	True	True	https://equsto.com/en/login?mode=register&next=/en/shop/tezgah/7911-19070-52	2026-08-25
P0_RECOVER_PRODUCT	COMMERCE_LEAK_NOINDEX	"noindex" etiketi tarafından hariç tutuldu	sellable_or_shop_pdp_noindexed	remove_noindex_on_sellable_pdp	high	en	shop_pdp	pisirme	ino-9me20s	/en/shop/pisirme/ino-9me20s	True	True	https://equsto.com/en/login?mode=register&next=/en/shop/pisirme/ino-9me20s	2026-08-25
P0_RECOVER_PRODUCT	COMMERCE_LEAK_NOINDEX	"noindex" etiketi tarafından hariç tutuldu	sellable_or_shop_pdp_noindexed	remove_noindex_on_sellable_pdp	high	tr	shop_pdp	tezgah	133109	/shop/tezgah/133109	True	True	https://equsto.com/en/login?next=/shop/tezgah/133109	2026-08-25
P0_RECOVER_PRODUCT	COMMERCE_LEAK_NOINDEX	"noindex" etiketi tarafından hariç tutuldu	sellable_or_shop_pdp_noindexed	remove_noindex_on_sellable_pdp		en	shop_pdp	market-reyonlari	eq-lale-eq6		True	False	https://equsto.com/en/login?mode=register&next=/en/shop/market-reyonlari/eq-lale-eq6	2026-08-25
P0_RECOVER_PRODUCT	COMMERCE_LEAK_NOINDEX	"noindex" etiketi tarafından hariç tutuldu	sellable_or_shop_pdp_noindexed	remove_noindex_on_sellable_pdp	high	en	shop_pdp	sogutma	msbh-3n70e	/en/shop/sogutma/msbh-3n70e	True	True	https://equsto.com/en/login?mode=register&next=/en/shop/sogutma/msbh-3n70e	2026-08-25
P0_RECOVER_PRODUCT	COMMERCE_LEAK_NOINDEX	"noindex" etiketi tarafından hariç tutuldu	sellable_or_shop_pdp_noindexed	remove_noindex_on_sellable_pdp		en	shop_pdp	market-reyonlari	eq-nergis-tp-sky-eq29		True	False	https://equsto.com/en/login?mode=register&next=/en/shop/market-reyonlari/eq-nergis-tp-sky-eq29	2026-08-25
P0_RECOVER_PRODUCT	COMMERCE_LEAK_NOINDEX	"noindex" etiketi tarafından hariç tutuldu	sellable_or_shop_pdp_noindexed	remove_noindex_on_sellable_pdp	high	en	shop_pdp	istif	8897-13ip4-07	/en/shop/istif/8897-13ip4-07	True	True	https://equsto.com/en/login?mode=register&next=/en/shop/istif/8897-13ip4-07	2026-08-25
P0_RECOVER_PRODUCT	COMMERCE_LEAK_NOINDEX	"noindex" etiketi tarafından hariç tutuldu	sellable_or_shop_pdp_noindexed	remove_noindex_on_sellable_pdp	high	en	shop_pdp	set-ustu-mutfak	0311-23100-41	/en/shop/set-ustu-mutfak/0311-23100-41	True	True	https://equsto.com/en/login?next=/en/shop/set-ustu-mutfak/0311-23100-41	2026-08-25
P0_RECOVER_PRODUCT	COMMERCE_LEAK_NOINDEX	"noindex" etiketi tarafından hariç tutuldu	sellable_or_shop_pdp_noindexed	remove_noindex_on_sellable_pdp	high	en	shop_pdp	davlumbaz	7885-40105-11	/en/shop/davlumbaz/7885-40105-11	True	True	https://equsto.com/en/login?mode=register&next=/en/shop/davlumbaz/7885-40105-11	2026-08-25
P0_RECOVER_PRODUCT	COMMERCE_LEAK_NOINDEX	"noindex" etiketi tarafından hariç tutuldu	sellable_or_shop_pdp_noindexed	remove_noindex_on_sellable_pdp	high	en	shop_pdp	tezgah	7911-10070-85	/en/shop/tezgah/7911-10070-85	True	True	https://equsto.com/en/login?mode=register&next=/en/shop/tezgah/7911-10070-85	2026-08-25
P0_RECOVER_PRODUCT	COMMERCE_LEAK_NOINDEX	"noindex" etiketi tarafından hariç tutuldu	sellable_or_shop_pdp_noindexed	remove_noindex_on_sellable_pdp	high	en	shop_pdp	hazirlik	cr-120	/en/shop/hazirlik/cr-120	True	True	https://equsto.com/en/login?mode=register&next=/en/shop/hazirlik/cr-120	2026-08-25
P0_RECOVER_PRODUCT	COMMERCE_LEAK_NOINDEX	"noindex" etiketi tarafından hariç tutuldu	sellable_or_shop_pdp_noindexed	remove_noindex_on_sellable_pdp		en	shop_pdp	market-reyonlari	eq-lotus-lb-eq51		True	False	https://equsto.com/en/login?mode=register&next=/en/shop/market-reyonlari/eq-lotus-lb-eq51	2026-08-25
P0_RECOVER_PRODUCT	COMMERCE_LEAK_NOINDEX	"noindex" etiketi tarafından hariç tutuldu	sellable_or_shop_pdp_noindexed	remove_noindex_on_sellable_pdp	high	en	shop_pdp	set-ustu-mutfak	9450-gwm60-bgl	/en/shop/set-ustu-mutfak/9450-gwm60-bgl	True	True	https://equsto.com/en/login?next=/en/shop/set-ustu-mutfak/9450-gwm60-bgl	2026-08-25
P0_RECOVER_PRODUCT	COMMERCE_LEAK_NOINDEX	"noindex" etiketi tarafından hariç tutuldu	sellable_or_shop_pdp_noindexed	remove_noindex_on_sellable_pdp	high	en	shop_pdp	pisirme	ino-9de12	/en/shop/pisirme/ino-9de12	True	True	https://equsto.com/en/login?mode=register&next=/en/shop/pisirme/ino-9de12	2026-08-25
P0_RECOVER_PRODUCT	COMMERCE_LEAK_NOINDEX	"noindex" etiketi tarafından hariç tutuldu	sellable_or_shop_pdp_noindexed	remove_noindex_on_sellable_pdp	high	en	shop_pdp	pisirme	ino-7de06	/en/shop/pisirme/ino-7de06	True	True	https://equsto.com/en/login?mode=register&next=/en/shop/pisirme/ino-7de06	2026-08-25
P0_RECOVER_PRODUCT	COMMERCE_LEAK_NOINDEX	"noindex" etiketi tarafından hariç tutuldu	sellable_or_shop_pdp_noindexed	remove_noindex_on_sellable_pdp	high	en	shop_pdp	pisirme	aba-151-1	/en/shop/pisirme/aba-151-1	True	True	https://equsto.com/en/login?mode=register&next=/en/shop/pisirme/aba-151-1	2026-08-25
P0_RECOVER_PRODUCT	COMMERCE_LEAK_NOINDEX	"noindex" etiketi tarafından hariç tutuldu	sellable_or_shop_pdp_noindexed	remove_noindex_on_sellable_pdp	high	en	shop_pdp	tezgah	7911-12070-85	/en/shop/tezgah/7911-12070-85	True	True	https://equsto.com/en/login?mode=register&next=/en/shop/tezgah/7911-12070-85	2026-08-25
P0_RECOVER_PRODUCT	COMMERCE_LEAK_NOINDEX	"noindex" etiketi tarafından hariç tutuldu	sellable_or_shop_pdp_noindexed	remove_noindex_on_sellable_pdp	high	en	shop_pdp	davlumbaz	7885-50155-11	/en/shop/davlumbaz/7885-50155-11	True	True	https://equsto.com/en/login?mode=register&next=/en/shop/davlumbaz/7885-50155-11	2026-08-25
P0_RECOVER_PRODUCT	COMMERCE_LEAK_NOINDEX	"noindex" etiketi tarafından hariç tutuldu	sellable_or_shop_pdp_noindexed	remove_noindex_on_sellable_pdp	high	en	shop_pdp	kahve	197-e61-s1	/en/shop/kahve/197-e61-s1	True	True	https://equsto.com/en/login?mode=register&next=/en/shop/kahve/197-e61-s1	2026-08-25
P0_RECOVER_PRODUCT	COMMERCE_LEAK_NOINDEX	"noindex" etiketi tarafından hariç tutuldu	sellable_or_shop_pdp_noindexed	remove_noindex_on_sellable_pdp	high	en	shop_pdp	tezgah	7911-14080-22	/en/shop/tezgah/7911-14080-22	True	True	https://equsto.com/en/login?mode=register&next=/en/shop/tezgah/7911-14080-22	2026-08-25
P0_RECOVER_PRODUCT	COMMERCE_LEAK_NOINDEX	"noindex" etiketi tarafından hariç tutuldu	sellable_or_shop_pdp_noindexed	remove_noindex_on_sellable_pdp	high	en	shop_pdp	tezgah	eq-kdct03-12070	/en/shop/tezgah/eq-kdct03-12070	True	True	https://equsto.com/en/login?mode=register&next=/en/shop/tezgah/eq-kdct03-12070	2026-08-25
P0_RECOVER_PRODUCT	COMMERCE_LEAK_NOINDEX	"noindex" etiketi tarafından hariç tutuldu	sellable_or_shop_pdp_noindexed	remove_noindex_on_sellable_pdp	high	en	shop_pdp	pisirme	7960-20629-7o2	/en/shop/yikama/7960-20629-7o2	True	True	https://equsto.com/en/login?mode=register&next=/en/shop/pisirme/7960-20629-7o2	2026-08-25
P0_RECOVER_PRODUCT	COMMERCE_LEAK_NOINDEX	"noindex" etiketi tarafından hariç tutuldu	sellable_or_shop_pdp_noindexed	remove_noindex_on_sellable_pdp	high	en	shop_pdp	tezgah	7911-14060-20	/en/shop/tezgah/7911-14060-20	True	True	https://equsto.com/en/login?mode=register&next=/en/shop/tezgah/7911-14060-20	2026-08-25
P0_RECOVER_PRODUCT	COMMERCE_LEAK_NOINDEX	"noindex" etiketi tarafından hariç tutuldu	sellable_or_shop_pdp_noindexed	remove_noindex_on_sellable_pdp	high	en	shop_pdp	tezgah	7712-16070-03	/en/shop/tezgah/7712-16070-03	True	True	https://equsto.com/en/login?mode=register&next=/en/shop/tezgah/7712-16070-03	2026-08-25
P0_RECOVER_PRODUCT	COMMERCE_LEAK_NOINDEX	"noindex" etiketi tarafından hariç tutuldu	sellable_or_shop_pdp_noindexed	remove_noindex_on_sellable_pdp	high	en	shop_pdp	sogutma	9805-okb68-a0	/en/shop/sogutma/9805-okb68-a0	True	True	https://equsto.com/en/login?mode=register&next=/en/shop/sogutma/9805-okb68-a0	2026-08-25
P0_RECOVER_PRODUCT	COMMERCE_LEAK_NOINDEX	"noindex" etiketi tarafından hariç tutuldu	sellable_or_shop_pdp_noindexed	remove_noindex_on_sellable_pdp	high	en	shop_pdp	icecek	118-lt-12	/en/shop/icecek/118-lt-12	True	True	https://equsto.com/en/login?next=/en/shop/icecek/118-lt-12	2026-08-25
P0_RECOVER_PRODUCT	COMMERCE_LEAK_NOINDEX	"noindex" etiketi tarafından hariç tutuldu	sellable_or_shop_pdp_noindexed	remove_noindex_on_sellable_pdp	high	en	shop_pdp	tezgah	79k4-12lmv-10	/en/shop/tezgah/79k4-12lmv-10	True	True	https://equsto.com/en/login?mode=register&next=/en/shop/tezgah/79k4-12lmv-10	2026-08-25
P0_RECOVER_PRODUCT	COMMERCE_LEAK_NOINDEX	"noindex" etiketi tarafından hariç tutuldu	sellable_or_shop_pdp_noindexed	remove_noindex_on_sellable_pdp	high	en	shop_pdp	icecek	hot10-dnb	/en/shop/icecek/hot10-dnb	True	True	https://equsto.com/en/login?next=/en/shop/icecek/hot10-dnb	2026-08-25
P0_RECOVER_PRODUCT	COMMERCE_LEAK_NOINDEX	"noindex" etiketi tarafından hariç tutuldu	sellable_or_shop_pdp_noindexed	remove_noindex_on_sellable_pdp	high	en	shop_pdp	sogutma	118-set-e-90c	/en/shop/sogutma/118-set-e-90c	True	True	https://equsto.com/en/login?next=/en/shop/sogutma/118-set-e-90c	2026-08-25
P0_RECOVER_PRODUCT	COMMERCE_LEAK_NOINDEX	"noindex" etiketi tarafından hariç tutuldu	sellable_or_shop_pdp_noindexed	remove_noindex_on_sellable_pdp	high	en	shop_pdp	market-reyonlari	eq-lion-tgd-eq53	/en/shop/market-reyonlari/eq-lion-tgd-eq53	True	True	https://equsto.com/en/login?mode=register&next=/en/shop/market-reyonlari/eq-lion-tgd-eq53	2026-08-25
P0_RECOVER_PRODUCT	COMMERCE_LEAK_NOINDEX	"noindex" etiketi tarafından hariç tutuldu	sellable_or_shop_pdp_noindexed	remove_noindex_on_sellable_pdp	high	en	shop_pdp	market-reyonlari	eq-butterfly-br-eq1	/en/shop/market-reyonlari/eq-butterfly-br-eq1	True	True	https://equsto.com/en/login?mode=register&next=/en/shop/market-reyonlari/eq-butterfly-br-eq1	2026-08-25
P0_RECOVER_PRODUCT	COMMERCE_LEAK_NOINDEX	"noindex" etiketi tarafından hariç tutuldu	sellable_or_shop_pdp_noindexed	remove_noindex_on_sellable_pdp	high	en	shop_pdp	pisirme	7961-07429-1y3	/en/shop/yikama/7961-07429-1y3	True	True	https://equsto.com/en/login?next=/en/shop/pisirme/7961-07429-1y3	2026-08-25
P0_RECOVER_PRODUCT	COMMERCE_LEAK_NOINDEX	"noindex" etiketi tarafından hariç tutuldu	sellable_or_shop_pdp_noindexed	remove_noindex_on_sellable_pdp	high	en	shop_pdp	pisirme	ino-9zg20s	/en/shop/pisirme/ino-9zg20s	True	True	https://equsto.com/en/login?mode=register&next=/en/shop/pisirme/ino-9zg20s	2026-08-25
P0_RECOVER_PRODUCT	COMMERCE_LEAK_NOINDEX	"noindex" etiketi tarafından hariç tutuldu	sellable_or_shop_pdp_noindexed	remove_noindex_on_sellable_pdp	high	en	shop_pdp	tezgah	7911-12070-23p	/en/shop/tezgah/7911-12070-23p	True	True	https://equsto.com/en/login?mode=register&next=/en/shop/tezgah/7911-12070-23p	2026-08-25
P0_RECOVER_PRODUCT	COMMERCE_LEAK_NOINDEX	"noindex" etiketi tarafından hariç tutuldu	sellable_or_shop_pdp_noindexed	remove_noindex_on_sellable_pdp	high	en	shop_pdp	tezgah	ino-kln230	/en/shop/tezgah/ino-kln230	True	True	https://equsto.com/en/login?mode=register&next=/en/shop/tezgah/ino-kln230	2026-08-25
P0_RECOVER_PRODUCT	COMMERCE_LEAK_NOINDEX	"noindex" etiketi tarafından hariç tutuldu	sellable_or_shop_pdp_noindexed	remove_noindex_on_sellable_pdp	high	en	shop_pdp	pisirme	9890-xbc10-e1	/en/shop/pisirme/9890-xbc10-e1	True	True	https://equsto.com/en/login?mode=register&next=/en/shop/pisirme/9890-xbc10-e1	2026-08-25
P0_RECOVER_PRODUCT	COMMERCE_LEAK_NOINDEX	"noindex" etiketi tarafından hariç tutuldu	sellable_or_shop_pdp_noindexed	remove_noindex_on_sellable_pdp	high	en	shop_pdp	set-ustu-mutfak	0311-12055-10	/en/shop/set-ustu-mutfak/0311-12055-10	True	True	https://equsto.com/en/login?mode=register&next=/en/shop/set-ustu-mutfak/0311-12055-10	2026-08-25
P0_RECOVER_PRODUCT	COMMERCE_LEAK_NOINDEX	"noindex" etiketi tarafından hariç tutuldu	sellable_or_shop_pdp_noindexed	remove_noindex_on_sellable_pdp	high	en	shop_pdp	pisirme	7961-02929-7y3	/en/shop/yikama/7961-02929-7y3	True	True	https://equsto.com/en/login?mode=register&next=/en/shop/pisirme/7961-02929-7y3	2026-08-25
P0_RECOVER_PRODUCT	COMMERCE_LEAK_NOINDEX	"noindex" etiketi tarafından hariç tutuldu	sellable_or_shop_pdp_noindexed	remove_noindex_on_sellable_pdp	high	en	shop_pdp	sogutma	st-160	/en/shop/sogutma/st-160	True	True	https://equsto.com/en/login?mode=register&next=/en/shop/sogutma/st-160	2026-08-25
P0_RECOVER_PRODUCT	COMMERCE_LEAK_NOINDEX	"noindex" etiketi tarafından hariç tutuldu	sellable_or_shop_pdp_noindexed	remove_noindex_on_sellable_pdp		en	shop_pdp	market-reyonlari	eq-nergis-tp-eq24		True	False	https://equsto.com/en/login?mode=register&next=/en/shop/market-reyonlari/eq-nergis-tp-eq24	2026-08-25
P0_RECOVER_PRODUCT	COMMERCE_LEAK_NOINDEX	"noindex" etiketi tarafından hariç tutuldu	sellable_or_shop_pdp_noindexed	remove_noindex_on_sellable_pdp	high	en	shop_pdp	istif	61-x-122-x-183-304	/en/shop/istif/61-x-122-x-183-304	True	True	https://equsto.com/en/login?mode=register&next=/en/shop/istif/61-x-122-x-183-304	2026-08-25
P0_RECOVER_PRODUCT	COMMERCE_LEAK_NOINDEX	"noindex" etiketi tarafından hariç tutuldu	sellable_or_shop_pdp_noindexed	remove_noindex_on_sellable_pdp	high	en	shop_pdp	tezgah	7897-19030-07	/en/shop/tezgah/7897-19030-07	True	True	https://equsto.com/en/login?mode=register&next=/en/shop/tezgah/7897-19030-07	2026-08-25
P0_RECOVER_PRODUCT	COMMERCE_LEAK_NOINDEX	"noindex" etiketi tarafından hariç tutuldu	sellable_or_shop_pdp_noindexed	remove_noindex_on_sellable_pdp	high	en	shop_pdp	dolap	7919-37ntv-c2	/en/shop/tezgah/7919-37ntv-c2	True	True	https://equsto.com/en/login?mode=register&next=/en/shop/dolap/7919-37ntv-c2	2026-08-25
P0_RECOVER_PRODUCT	COMMERCE_LEAK_NOINDEX	"noindex" etiketi tarafından hariç tutuldu	sellable_or_shop_pdp_noindexed	remove_noindex_on_sellable_pdp	high	en	shop_pdp	sogutma	710089	/en/shop/sogutma/710089	True	True	https://equsto.com/en/login?mode=register&next=/en/shop/sogutma/710089	2026-08-25
P0_RECOVER_PRODUCT	COMMERCE_LEAK_NOINDEX	"noindex" etiketi tarafından hariç tutuldu	sellable_or_shop_pdp_noindexed	remove_noindex_on_sellable_pdp	med	tr	shop_pdp	tezgah	pimak-12060-13	/shop/tezgah/7911-12060-13	True	True	https://equsto.com/en/login?next=/shop/tezgah/pimak-12060-13	2026-08-25
P0_RECOVER_PRODUCT	COMMERCE_LEAK_NOINDEX	"noindex" etiketi tarafından hariç tutuldu	sellable_or_shop_pdp_noindexed	remove_noindex_on_sellable_pdp	high	en	shop_pdp	hazirlik	208-650077-as4xx	/en/shop/hazirlik/208-650077-as4xx	True	True	https://equsto.com/en/login?mode=register&next=/en/shop/hazirlik/208-650077-as4xx	2026-08-25
P0_RECOVER_PRODUCT	COMMERCE_LEAK_NOINDEX	"noindex" etiketi tarafından hariç tutuldu	sellable_or_shop_pdp_noindexed	remove_noindex_on_sellable_pdp	high	en	shop_pdp	tasima	avatherm-600x2	/en/shop/tasima/avatherm-600x2	True	True	https://equsto.com/en/login?mode=register&next=/en/shop/tasima/avatherm-600x2	2026-08-25
P0_RECOVER_PRODUCT	COMMERCE_LEAK_NOINDEX	"noindex" etiketi tarafından hariç tutuldu	sellable_or_shop_pdp_noindexed	remove_noindex_on_sellable_pdp		en	shop_pdp	market-reyonlari	eq-nergis-fg-eq33		True	False	https://equsto.com/en/login?mode=register&next=/en/shop/market-reyonlari/eq-nergis-fg-eq33	2026-08-25
P0_RECOVER_PRODUCT	COMMERCE_LEAK_NOINDEX	"noindex" etiketi tarafından hariç tutuldu	sellable_or_shop_pdp_noindexed	remove_noindex_on_sellable_pdp	high	en	shop_pdp	market-reyonlari	eq-falcon-sld-eq12	/en/shop/market-reyonlari/eq-falcon-sld-eq12	True	True	https://equsto.com/en/login?mode=register&next=/en/shop/market-reyonlari/eq-falcon-sld-eq12	2026-08-25
P0_RECOVER_PRODUCT	COMMERCE_LEAK_NOINDEX	"noindex" etiketi tarafından hariç tutuldu	sellable_or_shop_pdp_noindexed	remove_noindex_on_sellable_pdp	high	en	shop_pdp	tezgah	7758-247c5-33	/en/shop/tezgah/7758-247c5-33	True	True	https://equsto.com/en/login?mode=register&next=/en/shop/tezgah/7758-247c5-33	2026-08-25
P0_RECOVER_PRODUCT	COMMERCE_LEAK_NOINDEX	"noindex" etiketi tarafından hariç tutuldu	sellable_or_shop_pdp_noindexed	remove_noindex_on_sellable_pdp	med	tr	shop_pdp	tezgah	pimak-12060-13	/shop/tezgah/7911-12060-13	True	True	https://equsto.com/login.html?next=/shop/tezgah/pimak-12060-13	2026-08-25
P0_RECOVER_PRODUCT	COMMERCE_LEAK_NOINDEX	"noindex" etiketi tarafından hariç tutuldu	sellable_or_shop_pdp_noindexed	remove_noindex_on_sellable_pdp	med	tr	shop_pdp	tezgah	pimak-12060-13	/shop/tezgah/7911-12060-13	True	True	https://equsto.com/login?next=/shop/tezgah/pimak-12060-13	2026-08-25
P0_RECOVER_PRODUCT	COMMERCE_LEAK_NOINDEX	"noindex" etiketi tarafından hariç tutuldu	sellable_or_shop_pdp_noindexed	remove_noindex_on_sellable_pdp	high	tr	shop_pdp	istif	ino-idk146	/shop/istif/ino-idk146	True	True	https://equsto.com/en/login?next=/shop/istif/ino-idk146	2026-08-25
P0_RECOVER_PRODUCT	COMMERCE_LEAK_NOINDEX	"noindex" etiketi tarafından hariç tutuldu	sellable_or_shop_pdp_noindexed	remove_noindex_on_sellable_pdp	high	en	shop_pdp	market-reyonlari	eq-lion-eq58	/en/shop/market-reyonlari/eq-lion-eq58	True	True	https://equsto.com/en/login?mode=register&next=/en/shop/market-reyonlari/eq-lion-eq58	2026-08-25
P0_RECOVER_PRODUCT	COMMERCE_LEAK_NOINDEX	"noindex" etiketi tarafından hariç tutuldu	sellable_or_shop_pdp_noindexed	remove_noindex_on_sellable_pdp	high	en	shop_pdp	tezgah	7911-16070-30	/en/shop/tezgah/7911-16070-30	True	True	https://equsto.com/en/login?mode=register&next=/en/shop/tezgah/7911-16070-30	2026-08-25
P0_RECOVER_PRODUCT	COMMERCE_LEAK_NOINDEX	"noindex" etiketi tarafından hariç tutuldu	sellable_or_shop_pdp_noindexed	remove_noindex_on_sellable_pdp	high	en	shop_pdp	market-reyonlari	eq-lion-eq31	/en/shop/market-reyonlari/eq-lion-eq31	True	True	https://equsto.com/en/login?mode=register&next=/en/shop/market-reyonlari/eq-lion-eq31	2026-08-25
P0_RECOVER_PRODUCT	COMMERCE_LEAK_NOINDEX	"noindex" etiketi tarafından hariç tutuldu	sellable_or_shop_pdp_noindexed	remove_noindex_on_sellable_pdp	high	en	shop_pdp	pisirme	7855-00400-02	/en/shop/pisirme/7855-00400-02	True	True	https://equsto.com/en/login?mode=register&next=/en/shop/pisirme/7855-00400-02	2026-08-25
P0_RECOVER_PRODUCT	COMMERCE_LEAK_NOINDEX	"noindex" etiketi tarafından hariç tutuldu	sellable_or_shop_pdp_noindexed	remove_noindex_on_sellable_pdp	high	en	shop_pdp	sogutma	pdm440l	/en/shop/sogutma/pdm440l	True	True	https://equsto.com/en/login?mode=register&next=/en/shop/sogutma/pdm440l	2026-08-25
P0_RECOVER_PRODUCT	COMMERCE_LEAK_NOINDEX	"noindex" etiketi tarafından hariç tutuldu	sellable_or_shop_pdp_noindexed	remove_noindex_on_sellable_pdp	high	en	shop_pdp	yikama	502710	/en/shop/yikama/502710	True	True	https://equsto.com/en/login?mode=register&next=/en/shop/yikama/502710	2026-08-25
P0_RECOVER_PRODUCT	COMMERCE_LEAK_NOINDEX	"noindex" etiketi tarafından hariç tutuldu	sellable_or_shop_pdp_noindexed	remove_noindex_on_sellable_pdp	high	en	shop_pdp	icecek	hot10-dnb	/en/shop/icecek/hot10-dnb	True	True	https://equsto.com/en/login?mode=register&next=/en/shop/icecek/hot10-dnb	2026-08-25
P0_RECOVER_PRODUCT	COMMERCE_LEAK_NOINDEX	"noindex" etiketi tarafından hariç tutuldu	sellable_or_shop_pdp_noindexed	remove_noindex_on_sellable_pdp	high	en	shop_pdp	pisirme	391545	/en/shop/pisirme/391545	True	True	https://equsto.com/en/login?mode=register&next=/en/shop/pisirme/391545	2026-08-25
P0_RECOVER_PRODUCT	COMMERCE_LEAK_NOINDEX	"noindex" etiketi tarafından hariç tutuldu	sellable_or_shop_pdp_noindexed	remove_noindex_on_sellable_pdp		en	shop_pdp	market-reyonlari	eq-sardunya-lm-eq19		True	False	https://equsto.com/en/login?mode=register&next=/en/shop/market-reyonlari/eq-sardunya-lm-eq19	2026-08-25
P0_RECOVER_PRODUCT	COMMERCE_LEAK_NOINDEX	"noindex" etiketi tarafından hariç tutuldu	sellable_or_shop_pdp_noindexed	remove_noindex_on_sellable_pdp		en	shop_pdp	market-reyonlari	eq-sardunya-gl-eq18		True	False	https://equsto.com/en/login?mode=register&next=/en/shop/market-reyonlari/eq-sardunya-gl-eq18	2026-08-25
P0_RECOVER_PRODUCT	COMMERCE_LEAK_NOINDEX	"noindex" etiketi tarafından hariç tutuldu	sellable_or_shop_pdp_noindexed	remove_noindex_on_sellable_pdp	high	en	shop_pdp	tezgah	7911-19080-22	/en/shop/tezgah/7911-19080-22	True	True	https://equsto.com/en/login?mode=register&next=/en/shop/tezgah/7911-19080-22	2026-08-25
P0_RECOVER_PRODUCT	COMMERCE_LEAK_NOINDEX	"noindex" etiketi tarafından hariç tutuldu	sellable_or_shop_pdp_noindexed	remove_noindex_on_sellable_pdp	high	en	shop_pdp	pisirme	7864-n1-40703-01	/en/shop/pisirme/7864-n1-40703-01	True	True	https://equsto.com/en/login?mode=register&next=/en/shop/pisirme/7864-n1-40703-01	2026-08-25
P0_RECOVER_PRODUCT	COMMERCE_LEAK_NOINDEX	"noindex" etiketi tarafından hariç tutuldu	sellable_or_shop_pdp_noindexed	remove_noindex_on_sellable_pdp	high	en	shop_pdp	set-ustu-mutfak	0311-14065-21	/en/shop/set-ustu-mutfak/0311-14065-21	True	True	https://equsto.com/en/login?mode=register&next=/en/shop/set-ustu-mutfak/0311-14065-21	2026-08-25
P0_RECOVER_PRODUCT	COMMERCE_LEAK_NOINDEX	"noindex" etiketi tarafından hariç tutuldu	sellable_or_shop_pdp_noindexed	remove_noindex_on_sellable_pdp	high	en	shop_pdp	tezgah	7758-186e8-23	/en/shop/tezgah/7758-186e8-23	True	True	https://equsto.com/en/login?mode=register&next=/en/shop/tezgah/7758-186e8-23	2026-08-25
P0_RECOVER_PRODUCT	COMMERCE_LEAK_NOINDEX	"noindex" etiketi tarafından hariç tutuldu	sellable_or_shop_pdp_noindexed	remove_noindex_on_sellable_pdp	high	en	shop_pdp	tezgah	eq-ktevdt01-12070	/en/shop/tezgah/eq-ktevdt01-12070	True	True	https://equsto.com/en/login?mode=register&next=/en/shop/tezgah/eq-ktevdt01-12070	2026-08-25
P0_RECOVER_PRODUCT	COMMERCE_LEAK_NOINDEX	"noindex" etiketi tarafından hariç tutuldu	sellable_or_shop_pdp_noindexed	remove_noindex_on_sellable_pdp	high	en	shop_pdp	tezgah	eq-ktevdt01-14070	/en/shop/tezgah/eq-ktevdt01-14070	True	True	https://equsto.com/en/login?mode=register&next=/en/shop/tezgah/eq-ktevdt01-14070	2026-08-25
P0_RECOVER_PRODUCT	COMMERCE_LEAK_NOINDEX	"noindex" etiketi tarafından hariç tutuldu	sellable_or_shop_pdp_noindexed	remove_noindex_on_sellable_pdp		en	shop_pdp	market-reyonlari	eq-nergis-tp-eq25		True	False	https://equsto.com/en/login?mode=register&next=/en/shop/market-reyonlari/eq-nergis-tp-eq25	2026-08-25
P0_RECOVER_PRODUCT	COMMERCE_LEAK_NOINDEX	"noindex" etiketi tarafından hariç tutuldu	sellable_or_shop_pdp_noindexed	remove_noindex_on_sellable_pdp	high	en	shop_pdp	pisirme	ino-9de08	/en/shop/pisirme/ino-9de08	True	True	https://equsto.com/en/login?mode=register&next=/en/shop/pisirme/ino-9de08	2026-08-25
P0_RECOVER_PRODUCT	COMMERCE_LEAK_NOINDEX	"noindex" etiketi tarafından hariç tutuldu	sellable_or_shop_pdp_noindexed	remove_noindex_on_sellable_pdp	high	en	shop_pdp	pisirme	asbm-03	/en/shop/pisirme/asbm-03	True	True	https://equsto.com/en/login?mode=register&next=/en/shop/pisirme/asbm-03	2026-08-25
P0_RECOVER_PRODUCT	COMMERCE_LEAK_NOINDEX	"noindex" etiketi tarafından hariç tutuldu	sellable_or_shop_pdp_noindexed	remove_noindex_on_sellable_pdp	high	en	shop_pdp	set-ustu-mutfak	0311-21020-21	/en/shop/set-ustu-mutfak/0311-21020-21	True	True	https://equsto.com/en/login?mode=register&next=/en/shop/set-ustu-mutfak/0311-21020-21	2026-08-25
P0_RECOVER_PRODUCT	COMMERCE_LEAK_NOINDEX	"noindex" etiketi tarafından hariç tutuldu	sellable_or_shop_pdp_noindexed	remove_noindex_on_sellable_pdp	high	en	shop_pdp	tezgah	7758-167c5-21	/en/shop/tezgah/7758-167c5-21	True	True	https://equsto.com/en/login?mode=register&next=/en/shop/tezgah/7758-167c5-21	2026-08-25
P0_RECOVER_PRODUCT	COMMERCE_LEAK_NOINDEX	"noindex" etiketi tarafından hariç tutuldu	sellable_or_shop_pdp_noindexed	remove_noindex_on_sellable_pdp	high	en	shop_pdp	dolap	7911-12070-08	/en/shop/tezgah/7911-12070-08	True	True	https://equsto.com/en/login?mode=register&next=/en/shop/dolap/7911-12070-08	2026-08-25
P0_RECOVER_PRODUCT	COMMERCE_LEAK_NOINDEX	"noindex" etiketi tarafından hariç tutuldu	sellable_or_shop_pdp_noindexed	remove_noindex_on_sellable_pdp	high	en	shop_pdp	tezgah	7758-156a5-25	/en/shop/tezgah/7758-156a5-25	True	True	https://equsto.com/en/login?mode=register&next=/en/shop/tezgah/7758-156a5-25	2026-08-25
P0_RECOVER_PRODUCT	COMMERCE_LEAK_NOINDEX	"noindex" etiketi tarafından hariç tutuldu	sellable_or_shop_pdp_noindexed	remove_noindex_on_sellable_pdp	high	en	shop_pdp	icecek	m10-ai	/en/shop/icecek/m10-ai	True	True	https://equsto.com/en/login?mode=register&next=/en/shop/icecek/m10-ai	2026-08-25
P0_RECOVER_PRODUCT	COMMERCE_LEAK_NOINDEX	"noindex" etiketi tarafından hariç tutuldu	sellable_or_shop_pdp_noindexed	remove_noindex_on_sellable_pdp	high	en	shop_pdp	pisirme	ino-pde303e	/en/shop/pisirme/ino-pde303e	True	True	https://equsto.com/en/login?mode=register&next=/en/shop/pisirme/ino-pde303e	2026-08-25
P0_RECOVER_PRODUCT	COMMERCE_LEAK_NOINDEX	"noindex" etiketi tarafından hariç tutuldu	sellable_or_shop_pdp_noindexed	remove_noindex_on_sellable_pdp	high	en	shop_pdp	sogutma	710019	/en/shop/sogutma/710019	True	True	https://equsto.com/en/login?mode=register&next=/en/shop/sogutma/710019	2026-08-25
P0_RECOVER_PRODUCT	COMMERCE_LEAK_NOINDEX	"noindex" etiketi tarafından hariç tutuldu	sellable_or_shop_pdp_noindexed	remove_noindex_on_sellable_pdp	high	en	shop_pdp	tezgah	ino-krn240c	/en/shop/tezgah/ino-krn240c	True	True	https://equsto.com/en/login?mode=register&next=/en/shop/tezgah/ino-krn240c	2026-08-25
P0_RECOVER_PRODUCT	COMMERCE_LEAK_NOINDEX	"noindex" etiketi tarafından hariç tutuldu	sellable_or_shop_pdp_noindexed	remove_noindex_on_sellable_pdp	high	en	shop_pdp	tezgah	7758-167c8-25	/en/shop/tezgah/7758-167c8-25	True	True	https://equsto.com/en/login?mode=register&next=/en/shop/tezgah/7758-167c8-25	2026-08-25
P0_RECOVER_PRODUCT	COMMERCE_LEAK_NOINDEX	"noindex" etiketi tarafından hariç tutuldu	sellable_or_shop_pdp_noindexed	remove_noindex_on_sellable_pdp	high	en	shop_pdp	pisirme	ast-47	/en/shop/pisirme/ast-47	True	True	https://equsto.com/en/login?mode=register&next=/en/shop/pisirme/ast-47	2026-08-25
P0_RECOVER_PRODUCT	COMMERCE_LEAK_NOINDEX	"noindex" etiketi tarafından hariç tutuldu	sellable_or_shop_pdp_noindexed	remove_noindex_on_sellable_pdp	high	en	shop_pdp	pisirme	pi4-m013b	/en/shop/pisirme/pi4-m013b	True	True	https://equsto.com/en/login?mode=register&next=/en/shop/pisirme/pi4-m013b	2026-08-25
P0_RECOVER_PRODUCT	COMMERCE_LEAK_NOINDEX	"noindex" etiketi tarafından hariç tutuldu	sellable_or_shop_pdp_noindexed	remove_noindex_on_sellable_pdp		en	shop_pdp	market-reyonlari	eq-yasemin-cl-eq4		True	False	https://equsto.com/en/login?mode=register&next=/en/shop/market-reyonlari/eq-yasemin-cl-eq4	2026-08-25
P0_RECOVER_PRODUCT	COMMERCE_LEAK_NOINDEX	"noindex" etiketi tarafından hariç tutuldu	sellable_or_shop_pdp_noindexed	remove_noindex_on_sellable_pdp	high	en	shop_pdp	pisirme	7865-n1-40903-20	/en/shop/pisirme/7865-n1-40903-20	True	True	https://equsto.com/en/login?mode=register&next=/en/shop/pisirme/7865-n1-40903-20	2026-08-25
P0_RECOVER_PRODUCT	COMMERCE_LEAK_NOINDEX	"noindex" etiketi tarafından hariç tutuldu	sellable_or_shop_pdp_noindexed	remove_noindex_on_sellable_pdp	high	en	shop_pdp	tezgah	7911-16060-82	/en/shop/tezgah/7911-16060-82	True	True	https://equsto.com/en/login?mode=register&next=/en/shop/tezgah/7911-16060-82	2026-08-25
P0_RECOVER_PRODUCT	COMMERCE_LEAK_NOINDEX	"noindex" etiketi tarafından hariç tutuldu	sellable_or_shop_pdp_noindexed	remove_noindex_on_sellable_pdp	high	en	shop_pdp	pisirme	ino-zco-9fe20s-s	/en/shop/pisirme/ino-zco-9fe20s-s	True	True	https://equsto.com/en/login?mode=register&next=/en/shop/pisirme/ino-zco-9fe20s-s	2026-08-25
P0_RECOVER_PRODUCT	COMMERCE_LEAK_NOINDEX	"noindex" etiketi tarafından hariç tutuldu	sellable_or_shop_pdp_noindexed	remove_noindex_on_sellable_pdp	high	en	shop_pdp	pisirme	dkfg40	/en/shop/pisirme/dkfg40	True	True	https://equsto.com/en/login?mode=register&next=/en/shop/pisirme/dkfg40	2026-08-25
P0_RECOVER_PRODUCT	COMMERCE_LEAK_NOINDEX	"noindex" etiketi tarafından hariç tutuldu	sellable_or_shop_pdp_noindexed	remove_noindex_on_sellable_pdp		en	shop_pdp	market-reyonlari	eq-nergis-lb-fg-sky-eq35		True	False	https://equsto.com/en/login?mode=register&next=/en/shop/market-reyonlari/eq-nergis-lb-fg-sky-eq35	2026-08-25
P0_RECOVER_PRODUCT	COMMERCE_LEAK_NOINDEX	"noindex" etiketi tarafından hariç tutuldu	sellable_or_shop_pdp_noindexed	remove_noindex_on_sellable_pdp	high	en	shop_pdp	tezgah	7758-196e8-21	/en/shop/tezgah/7758-196e8-21	True	True	https://equsto.com/en/login?mode=register&next=/en/shop/tezgah/7758-196e8-21	2026-08-25
P0_RECOVER_PRODUCT	COMMERCE_LEAK_NOINDEX	"noindex" etiketi tarafından hariç tutuldu	sellable_or_shop_pdp_noindexed	remove_noindex_on_sellable_pdp	high	en	shop_pdp	tezgah	7758-146a5-25	/en/shop/tezgah/7758-146a5-25	True	True	https://equsto.com/en/login?mode=register&next=/en/shop/tezgah/7758-146a5-25	2026-08-25
P0_RECOVER_PRODUCT	COMMERCE_LEAK_NOINDEX	"noindex" etiketi tarafından hariç tutuldu	sellable_or_shop_pdp_noindexed	remove_noindex_on_sellable_pdp	high	en	shop_pdp	icecek	8573-cde2s	/en/shop/icecek/8573-cde2s	True	True	https://equsto.com/en/login?mode=register&next=/en/shop/icecek/8573-cde2s	2026-08-25
P0_RECOVER_PRODUCT	COMMERCE_LEAK_NOINDEX	"noindex" etiketi tarafından hariç tutuldu	sellable_or_shop_pdp_noindexed	remove_noindex_on_sellable_pdp	high	en	shop_pdp	tezgah	7754-157b8-25	/en/shop/tezgah/7754-157b8-25	True	True	https://equsto.com/en/login?mode=register&next=/en/shop/tezgah/7754-157b8-25	2026-08-25
P0_RECOVER_PRODUCT	COMMERCE_LEAK_NOINDEX	"noindex" etiketi tarafından hariç tutuldu	sellable_or_shop_pdp_noindexed	remove_noindex_on_sellable_pdp	high	en	shop_pdp	pisirme	aef-470	/en/shop/pisirme/aef-470	True	True	https://equsto.com/en/login?mode=register&next=/en/shop/pisirme/aef-470	2026-08-25
P0_RECOVER_PRODUCT	COMMERCE_LEAK_NOINDEX	"noindex" etiketi tarafından hariç tutuldu	sellable_or_shop_pdp_noindexed	remove_noindex_on_sellable_pdp	high	en	shop_pdp	pisirme	npicco78-1	/en/shop/pisirme/npicco78-1	True	True	https://equsto.com/en/login?mode=register&next=/en/shop/pisirme/npicco78-1	2026-08-25
P0_RECOVER_PRODUCT	COMMERCE_LEAK_NOINDEX	"noindex" etiketi tarafından hariç tutuldu	sellable_or_shop_pdp_noindexed	remove_noindex_on_sellable_pdp	high	en	shop_pdp	tezgah	7911-12060-31p	/en/shop/tezgah/7911-12060-31p	True	True	https://equsto.com/en/login?mode=register&next=/en/shop/tezgah/7911-12060-31p	2026-08-25
P0_RECOVER_PRODUCT	COMMERCE_LEAK_NOINDEX	"noindex" etiketi tarafından hariç tutuldu	sellable_or_shop_pdp_noindexed	remove_noindex_on_sellable_pdp	high	en	shop_pdp	icecek	118-80lk-as	/en/shop/icecek/118-80lk-as	True	True	https://equsto.com/en/login?mode=register&next=/en/shop/icecek/118-80lk-as	2026-08-25
P0_RECOVER_PRODUCT	COMMERCE_LEAK_NOINDEX	"noindex" etiketi tarafından hariç tutuldu	sellable_or_shop_pdp_noindexed	remove_noindex_on_sellable_pdp	high	en	shop_pdp	tezgah	7911-16070-31p	/en/shop/tezgah/7911-16070-31p	True	True	https://equsto.com/en/login?mode=register&next=/en/shop/tezgah/7911-16070-31p	2026-08-24
P0_RECOVER_PRODUCT	COMMERCE_LEAK_NOINDEX	"noindex" etiketi tarafından hariç tutuldu	sellable_or_shop_pdp_noindexed	remove_noindex_on_sellable_pdp	high	en	shop_pdp	hazirlik	8823-0ha60-00	/en/shop/hazirlik/8823-0ha60-00	True	True	https://equsto.com/en/login?mode=register&next=/en/shop/hazirlik/8823-0ha60-00	2026-08-24
P0_RECOVER_PRODUCT	COMMERCE_LEAK_NOINDEX	"noindex" etiketi tarafından hariç tutuldu	sellable_or_shop_pdp_noindexed	remove_noindex_on_sellable_pdp	high	en	shop_pdp	pisirme	ino-9og10w	/en/shop/pisirme/ino-9og10w	True	True	https://equsto.com/en/login?next=/en/shop/pisirme/ino-9og10w	2026-08-24
P0_RECOVER_PRODUCT	COMMERCE_LEAK_NOINDEX	"noindex" etiketi tarafından hariç tutuldu	sellable_or_shop_pdp_noindexed	remove_noindex_on_sellable_pdp	high	en	shop_pdp	tezgah	7754-146a8-25	/en/shop/tezgah/7754-146a8-25	True	True	https://equsto.com/en/login?mode=register&next=/en/shop/tezgah/7754-146a8-25	2026-08-24
P0_RECOVER_PRODUCT	COMMERCE_LEAK_NOINDEX	"noindex" etiketi tarafından hariç tutuldu	sellable_or_shop_pdp_noindexed	remove_noindex_on_sellable_pdp	high	en	shop_pdp	tezgah	7754-246e8-33	/en/shop/tezgah/7754-246e8-33	True	True	https://equsto.com/en/login?mode=register&next=/en/shop/tezgah/7754-246e8-33	2026-08-24
P0_RECOVER_PRODUCT	COMMERCE_LEAK_NOINDEX	"noindex" etiketi tarafından hariç tutuldu	sellable_or_shop_pdp_noindexed	remove_noindex_on_sellable_pdp	high	en	shop_pdp	pisirme	8890-md800-02	/en/shop/pisirme/8890-md800-02	True	True	https://equsto.com/en/login?mode=register&next=/en/shop/pisirme/8890-md800-02	2026-08-24
P0_RECOVER_PRODUCT	COMMERCE_LEAK_NOINDEX	"noindex" etiketi tarafından hariç tutuldu	sellable_or_shop_pdp_noindexed	remove_noindex_on_sellable_pdp		en	shop_pdp	market-reyonlari	eq-lale-eq8		True	False	https://equsto.com/en/login?next=/en/shop/market-reyonlari/eq-lale-eq8	2026-08-24
P0_RECOVER_PRODUCT	COMMERCE_LEAK_NOINDEX	"noindex" etiketi tarafından hariç tutuldu	sellable_or_shop_pdp_noindexed	remove_noindex_on_sellable_pdp	high	en	shop_pdp	tezgah	7911-19070-04a	/en/shop/tezgah/7911-19070-04a	True	True	https://equsto.com/en/login?mode=register&next=/en/shop/tezgah/7911-19070-04a	2026-08-24
P0_RECOVER_PRODUCT	COMMERCE_LEAK_NOINDEX	"noindex" etiketi tarafından hariç tutuldu	sellable_or_shop_pdp_noindexed	remove_noindex_on_sellable_pdp	high	en	shop_pdp	tezgah	7911-14070-44	/en/shop/tezgah/7911-14070-44	True	True	https://equsto.com/en/login?mode=register&next=/en/shop/tezgah/7911-14070-44	2026-08-24
P0_RECOVER_PRODUCT	COMMERCE_LEAK_NOINDEX	"noindex" etiketi tarafından hariç tutuldu	sellable_or_shop_pdp_noindexed	remove_noindex_on_sellable_pdp	high	en	shop_pdp	sogutma	118-wn385	/en/shop/sogutma/118-wn385	True	True	https://equsto.com/en/login?mode=register&next=/en/shop/sogutma/118-wn385	2026-08-24
P0_RECOVER_PRODUCT	COMMERCE_LEAK_NOINDEX	"noindex" etiketi tarafından hariç tutuldu	sellable_or_shop_pdp_noindexed	remove_noindex_on_sellable_pdp	high	en	shop_pdp	tezgah	7758-196a8-33	/en/shop/tezgah/7758-196a8-33	True	True	https://equsto.com/en/login?mode=register&next=/en/shop/tezgah/7758-196a8-33	2026-08-24
P0_RECOVER_PRODUCT	COMMERCE_LEAK_NOINDEX	"noindex" etiketi tarafından hariç tutuldu	sellable_or_shop_pdp_noindexed	remove_noindex_on_sellable_pdp	high	en	shop_pdp	tezgah	7911-12070-83	/en/shop/tezgah/7911-12070-83	True	True	https://equsto.com/en/login?mode=register&next=/en/shop/tezgah/7911-12070-83	2026-08-24
P0_RECOVER_PRODUCT	COMMERCE_LEAK_NOINDEX	"noindex" etiketi tarafından hariç tutuldu	sellable_or_shop_pdp_noindexed	remove_noindex_on_sellable_pdp	high	en	shop_pdp	pisirme	adte-1290	/en/shop/pisirme/adte-1290	True	True	https://equsto.com/en/login?mode=register&next=/en/shop/pisirme/adte-1290	2026-08-24
P0_RECOVER_PRODUCT	COMMERCE_LEAK_NOINDEX	"noindex" etiketi tarafından hariç tutuldu	sellable_or_shop_pdp_noindexed	remove_noindex_on_sellable_pdp	high	en	shop_pdp	pisirme	ino-zco-7ie11	/en/shop/pisirme/ino-zco-7ie11	True	True	https://equsto.com/en/login?mode=register&next=/en/shop/pisirme/ino-zco-7ie11	2026-08-24
P0_RECOVER_PRODUCT	COMMERCE_LEAK_NOINDEX	"noindex" etiketi tarafından hariç tutuldu	sellable_or_shop_pdp_noindexed	remove_noindex_on_sellable_pdp	high	en	shop_pdp	tezgah	7910-19040-01	/en/shop/tezgah/7910-19040-01	True	True	https://equsto.com/en/login?mode=register&next=/en/shop/tezgah/7910-19040-01	2026-08-24
P0_RECOVER_PRODUCT	COMMERCE_LEAK_NOINDEX	"noindex" etiketi tarafından hariç tutuldu	sellable_or_shop_pdp_noindexed	remove_noindex_on_sellable_pdp	high	en	shop_pdp	tezgah	eq-kmertt01-14070	/en/shop/tezgah/eq-kmertt01-14070	True	True	https://equsto.com/en/login?mode=register&next=/en/shop/tezgah/eq-kmertt01-14070	2026-08-24
P0_RECOVER_PRODUCT	COMMERCE_LEAK_NOINDEX	"noindex" etiketi tarafından hariç tutuldu	sellable_or_shop_pdp_noindexed	remove_noindex_on_sellable_pdp	high	en	shop_pdp	tezgah	7754-196e5-35	/en/shop/tezgah/7754-196e5-35	True	True	https://equsto.com/en/login?mode=register&next=/en/shop/tezgah/7754-196e5-35	2026-08-24
P0_RECOVER_PRODUCT	COMMERCE_LEAK_NOINDEX	"noindex" etiketi tarafından hariç tutuldu	sellable_or_shop_pdp_noindexed	remove_noindex_on_sellable_pdp	high	en	shop_pdp	pisirme	spr20-3	/en/shop/pisirme/spr20-3	True	True	https://equsto.com/en/login?mode=register&next=/en/shop/pisirme/spr20-3	2026-08-24
P0_RECOVER_PRODUCT	COMMERCE_LEAK_NOINDEX	"noindex" etiketi tarafından hariç tutuldu	sellable_or_shop_pdp_noindexed	remove_noindex_on_sellable_pdp	high	en	shop_pdp	icecek	118-srb-15x2	/en/shop/icecek/118-srb-15x2	True	True	https://equsto.com/en/login?mode=register&next=/en/shop/icecek/118-srb-15x2	2026-08-24
P0_RECOVER_PRODUCT	COMMERCE_LEAK_NOINDEX	"noindex" etiketi tarafından hariç tutuldu	sellable_or_shop_pdp_noindexed	remove_noindex_on_sellable_pdp	high	en	shop_pdp	pisirme	7959-05070-00	/en/shop/pisirme/7959-05070-00	True	True	https://equsto.com/en/login?mode=register&next=/en/shop/pisirme/7959-05070-00	2026-08-24
P0_RECOVER_PRODUCT	COMMERCE_LEAK_NOINDEX	"noindex" etiketi tarafından hariç tutuldu	sellable_or_shop_pdp_noindexed	remove_noindex_on_sellable_pdp	high	en	shop_pdp	tezgah	7754-166a8-25	/en/shop/tezgah/7754-166a8-25	True	True	https://equsto.com/en/login?mode=register&next=/en/shop/tezgah/7754-166a8-25	2026-08-24
P0_RECOVER_PRODUCT	COMMERCE_LEAK_NOINDEX	"noindex" etiketi tarafından hariç tutuldu	sellable_or_shop_pdp_noindexed	remove_noindex_on_sellable_pdp	high	en	shop_pdp	tezgah	7754-147cb-15	/en/shop/tezgah/7754-147cb-15	True	True	https://equsto.com/en/login?mode=register&next=/en/shop/tezgah/7754-147cb-15	2026-08-24
P0_RECOVER_PRODUCT	COMMERCE_LEAK_NOINDEX	"noindex" etiketi tarafından hariç tutuldu	sellable_or_shop_pdp_noindexed	remove_noindex_on_sellable_pdp	high	en	shop_pdp	tezgah	7911-14060-44	/en/shop/tezgah/7911-14060-44	True	True	https://equsto.com/en/login?mode=register&next=/en/shop/tezgah/7911-14060-44	2026-08-24
P0_RECOVER_PRODUCT	COMMERCE_LEAK_NOINDEX	"noindex" etiketi tarafından hariç tutuldu	sellable_or_shop_pdp_noindexed	remove_noindex_on_sellable_pdp	high	en	shop_pdp	tezgah	7754-247c8-33	/en/shop/tezgah/7754-247c8-33	True	True	https://equsto.com/en/login?mode=register&next=/en/shop/tezgah/7754-247c8-33	2026-08-24
P0_RECOVER_PRODUCT	COMMERCE_LEAK_NOINDEX	"noindex" etiketi tarafından hariç tutuldu	sellable_or_shop_pdp_noindexed	remove_noindex_on_sellable_pdp	high	en	shop_pdp	tezgah	7911-10060-94	/en/shop/tezgah/7911-10060-94	True	True	https://equsto.com/en/login?mode=register&next=/en/shop/tezgah/7911-10060-94	2026-08-24
P0_RECOVER_PRODUCT	COMMERCE_LEAK_NOINDEX	"noindex" etiketi tarafından hariç tutuldu	sellable_or_shop_pdp_noindexed	remove_noindex_on_sellable_pdp	high	en	shop_pdp	davlumbaz	7885-50205-14	/en/shop/davlumbaz/7885-50205-14	True	True	https://equsto.com/en/login?mode=register&next=/en/shop/davlumbaz/7885-50205-14	2026-08-24
P0_RECOVER_PRODUCT	COMMERCE_LEAK_NOINDEX	"noindex" etiketi tarafından hariç tutuldu	sellable_or_shop_pdp_noindexed	remove_noindex_on_sellable_pdp	high	en	shop_pdp	icecek	251-1280k	/en/shop/icecek/251-1280k	True	True	https://equsto.com/en/login?mode=register&next=/en/shop/icecek/251-1280k	2026-08-24
P0_RECOVER_PRODUCT	COMMERCE_LEAK_NOINDEX	"noindex" etiketi tarafından hariç tutuldu	sellable_or_shop_pdp_noindexed	remove_noindex_on_sellable_pdp	high	en	shop_pdp	tasima	7911-06060-12k	/en/shop/tasima/7911-06060-12k	True	False	https://equsto.com/en/login?mode=register&next=/en/shop/tasima/7911-06060-12k	2026-08-24
P0_RECOVER_PRODUCT	COMMERCE_LEAK_NOINDEX	"noindex" etiketi tarafından hariç tutuldu	sellable_or_shop_pdp_noindexed	remove_noindex_on_sellable_pdp	high	en	shop_pdp	yikama	0753-03436-08	/en/shop/yikama/0753-03436-08	True	True	https://equsto.com/en/login?mode=register&next=/en/shop/yikama/0753-03436-08	2026-08-24
P0_RECOVER_PRODUCT	COMMERCE_LEAK_NOINDEX	"noindex" etiketi tarafından hariç tutuldu	sellable_or_shop_pdp_noindexed	remove_noindex_on_sellable_pdp	high	en	shop_pdp	pisirme	ata-5365-15	/en/shop/pisirme/ata-5365-15	True	True	https://equsto.com/en/login?mode=register&next=/en/shop/pisirme/ata-5365-15	2026-08-24
P0_RECOVER_PRODUCT	COMMERCE_LEAK_NOINDEX	"noindex" etiketi tarafından hariç tutuldu	sellable_or_shop_pdp_noindexed	remove_noindex_on_sellable_pdp	high	en	shop_pdp	tezgah	7758-186e5-25	/en/shop/tezgah/7758-186e5-25	True	True	https://equsto.com/en/login?mode=register&next=/en/shop/tezgah/7758-186e5-25	2026-08-24
P0_RECOVER_PRODUCT	COMMERCE_LEAK_NOINDEX	"noindex" etiketi tarafından hariç tutuldu	sellable_or_shop_pdp_noindexed	remove_noindex_on_sellable_pdp	high	en	shop_pdp	yikama	7711-07075-12	/en/shop/yikama/7711-07075-12	True	True	https://equsto.com/en/login?mode=register&next=/en/shop/yikama/7711-07075-12	2026-08-24
P0_RECOVER_PRODUCT	COMMERCE_LEAK_NOINDEX	"noindex" etiketi tarafından hariç tutuldu	sellable_or_shop_pdp_noindexed	remove_noindex_on_sellable_pdp	high	en	shop_pdp	tezgah	7897-14030-02	/en/shop/tezgah/7897-14030-02	True	True	https://equsto.com/en/login?mode=register&next=/en/shop/tezgah/7897-14030-02	2026-08-24
P0_RECOVER_PRODUCT	COMMERCE_LEAK_NOINDEX	"noindex" etiketi tarafından hariç tutuldu	sellable_or_shop_pdp_noindexed	remove_noindex_on_sellable_pdp	high	en	shop_pdp	pisirme	7961-07429-5y4	/en/shop/yikama/7961-07429-5y4	True	True	https://equsto.com/en/login?mode=register&next=/en/shop/pisirme/7961-07429-5y4	2026-08-24
P0_RECOVER_PRODUCT	COMMERCE_LEAK_NOINDEX	"noindex" etiketi tarafından hariç tutuldu	sellable_or_shop_pdp_noindexed	remove_noindex_on_sellable_pdp	high	en	shop_pdp	tezgah	7758-146a5-21	/en/shop/tezgah/7758-146a5-21	True	True	https://equsto.com/en/login?mode=register&next=/en/shop/tezgah/7758-146a5-21	2026-08-24
P0_RECOVER_PRODUCT	COMMERCE_LEAK_NOINDEX	"noindex" etiketi tarafından hariç tutuldu	sellable_or_shop_pdp_noindexed	remove_noindex_on_sellable_pdp	high	en	shop_pdp	tezgah	7758-166a5-35	/en/shop/tezgah/7758-166a5-35	True	True	https://equsto.com/en/login?mode=register&next=/en/shop/tezgah/7758-166a5-35	2026-08-24
P0_RECOVER_PRODUCT	COMMERCE_LEAK_NOINDEX	"noindex" etiketi tarafından hariç tutuldu	sellable_or_shop_pdp_noindexed	remove_noindex_on_sellable_pdp	high	en	shop_pdp	istif	53-x-152-x-183-304l	/en/shop/istif/53-x-152-x-183-304l	True	True	https://equsto.com/en/login?mode=register&next=/en/shop/istif/53-x-152-x-183-304l	2026-08-24
P0_RECOVER_PRODUCT	COMMERCE_LEAK_NOINDEX	"noindex" etiketi tarafından hariç tutuldu	sellable_or_shop_pdp_noindexed	remove_noindex_on_sellable_pdp	high	en	shop_pdp	market-reyonlari	eq-tiger-cg-eq7	/en/shop/market-reyonlari/eq-tiger-cg-eq7	True	True	https://equsto.com/en/login?mode=register&next=/en/shop/market-reyonlari/eq-tiger-cg-eq7	2026-08-24
P0_RECOVER_PRODUCT	COMMERCE_LEAK_NOINDEX	"noindex" etiketi tarafından hariç tutuldu	sellable_or_shop_pdp_noindexed	remove_noindex_on_sellable_pdp	high	en	shop_pdp	market-reyonlari	eq-leopard-eq1	/en/shop/market-reyonlari/eq-leopard-eq1	True	True	https://equsto.com/en/login?mode=register&next=/en/shop/market-reyonlari/eq-leopard-eq1	2026-08-24
P0_RECOVER_PRODUCT	COMMERCE_LEAK_NOINDEX	"noindex" etiketi tarafından hariç tutuldu	sellable_or_shop_pdp_noindexed	remove_noindex_on_sellable_pdp	high	en	shop_pdp	pisirme	ade-3s	/en/shop/pisirme/ade-3s	True	True	https://equsto.com/en/login?mode=register&next=/en/shop/pisirme/ade-3s	2026-08-24
P0_RECOVER_PRODUCT	COMMERCE_LEAK_NOINDEX	"noindex" etiketi tarafından hariç tutuldu	sellable_or_shop_pdp_noindexed	remove_noindex_on_sellable_pdp	high	en	shop_pdp	set-ustu-mutfak	0420-06341-01	/en/shop/set-ustu-mutfak/0420-06341-01	True	True	https://equsto.com/en/login?mode=register&next=/en/shop/set-ustu-mutfak/0420-06341-01	2026-08-24
P0_RECOVER_PRODUCT	COMMERCE_LEAK_NOINDEX	"noindex" etiketi tarafından hariç tutuldu	sellable_or_shop_pdp_noindexed	remove_noindex_on_sellable_pdp	high	en	shop_pdp	pisirme	aktg-1000	/en/shop/pisirme/aktg-1000	True	True	https://equsto.com/en/login?mode=register&next=/en/shop/pisirme/aktg-1000	2026-08-24
P0_RECOVER_PRODUCT	COMMERCE_LEAK_NOINDEX	"noindex" etiketi tarafından hariç tutuldu	sellable_or_shop_pdp_noindexed	remove_noindex_on_sellable_pdp	high	en	shop_pdp	tezgah	eq-kct01-14070	/en/shop/tezgah/eq-kct01-14070	True	True	https://equsto.com/en/login?mode=register&next=/en/shop/tezgah/eq-kct01-14070	2026-08-24
P0_RECOVER_PRODUCT	COMMERCE_LEAK_NOINDEX	"noindex" etiketi tarafından hariç tutuldu	sellable_or_shop_pdp_noindexed	remove_noindex_on_sellable_pdp	high	en	shop_pdp	market-reyonlari	eq-falcon-eq100	/en/shop/market-reyonlari/eq-falcon-eq100	True	True	https://equsto.com/en/login?mode=register&next=/en/shop/market-reyonlari/eq-falcon-eq100	2026-08-24
P0_RECOVER_PRODUCT	COMMERCE_LEAK_NOINDEX	"noindex" etiketi tarafından hariç tutuldu	sellable_or_shop_pdp_noindexed	remove_noindex_on_sellable_pdp	high	en	shop_pdp	dolap	7754-196e5-35	/en/shop/tezgah/7754-196e5-35	True	True	https://equsto.com/en/login?mode=register&next=/en/shop/dolap/7754-196e5-35	2026-08-24
P0_RECOVER_PRODUCT	COMMERCE_LEAK_NOINDEX	"noindex" etiketi tarafından hariç tutuldu	sellable_or_shop_pdp_noindexed	remove_noindex_on_sellable_pdp		en	shop_pdp	market-reyonlari	eq-lale-eq30		True	False	https://equsto.com/en/login?mode=register&next=/en/shop/market-reyonlari/eq-lale-eq30	2026-08-24
P0_RECOVER_PRODUCT	COMMERCE_LEAK_NOINDEX	"noindex" etiketi tarafından hariç tutuldu	sellable_or_shop_pdp_noindexed	remove_noindex_on_sellable_pdp	high	en	shop_pdp	pisirme	7960-11829-1y1	/en/shop/yikama/7960-11829-1y1	True	True	https://equsto.com/en/login?mode=register&next=/en/shop/pisirme/7960-11829-1y1	2026-08-24
P0_RECOVER_PRODUCT	COMMERCE_LEAK_NOINDEX	"noindex" etiketi tarafından hariç tutuldu	sellable_or_shop_pdp_noindexed	remove_noindex_on_sellable_pdp	high	en	shop_pdp	tezgah	7758-156a8-25	/en/shop/tezgah/7758-156a8-25	True	True	https://equsto.com/en/login?mode=register&next=/en/shop/tezgah/7758-156a8-25	2026-08-24
P0_RECOVER_PRODUCT	COMMERCE_LEAK_NOINDEX	"noindex" etiketi tarafından hariç tutuldu	sellable_or_shop_pdp_noindexed	remove_noindex_on_sellable_pdp	high	en	shop_pdp	pisirme	371119	/en/shop/pisirme/371119	True	True	https://equsto.com/en/login?mode=register&next=/en/shop/pisirme/371119	2026-08-24
P0_RECOVER_PRODUCT	COMMERCE_LEAK_NOINDEX	"noindex" etiketi tarafından hariç tutuldu	sellable_or_shop_pdp_noindexed	remove_noindex_on_sellable_pdp	high	en	shop_pdp	tezgah	7911-12060-23	/en/shop/tezgah/7911-12060-23	True	True	https://equsto.com/en/login?mode=register&next=/en/shop/tezgah/7911-12060-23	2026-08-24
P0_RECOVER_PRODUCT	COMMERCE_LEAK_NOINDEX	"noindex" etiketi tarafından hariç tutuldu	sellable_or_shop_pdp_noindexed	remove_noindex_on_sellable_pdp		en	shop_pdp	marka	electrolux		True	False	https://equsto.com/en/login?mode=register&next=/en/shop/marka/electrolux	2026-08-24
P0_RECOVER_PRODUCT	COMMERCE_LEAK_NOINDEX	"noindex" etiketi tarafından hariç tutuldu	sellable_or_shop_pdp_noindexed	remove_noindex_on_sellable_pdp		en	shop_pdp	market-reyonlari	eq-nergis-lm-eq26		True	False	https://equsto.com/en/login?mode=register&next=/en/shop/market-reyonlari/eq-nergis-lm-eq26	2026-08-24
P0_RECOVER_PRODUCT	COMMERCE_LEAK_NOINDEX	"noindex" etiketi tarafından hariç tutuldu	sellable_or_shop_pdp_noindexed	remove_noindex_on_sellable_pdp	high	en	shop_pdp	tezgah	7911-12060-79	/en/shop/tezgah/7911-12060-79	True	True	https://equsto.com/en/login?mode=register&next=/en/shop/tezgah/7911-12060-79	2026-08-24
P0_RECOVER_PRODUCT	COMMERCE_LEAK_NOINDEX	"noindex" etiketi tarafından hariç tutuldu	sellable_or_shop_pdp_noindexed	remove_noindex_on_sellable_pdp	high	en	shop_pdp	hazirlik	2810-00010-31	/en/shop/hazirlik/2810-00010-31	True	True	https://equsto.com/en/login?mode=register&next=/en/shop/hazirlik/2810-00010-31	2026-08-24
P0_RECOVER_PRODUCT	COMMERCE_LEAK_NOINDEX	"noindex" etiketi tarafından hariç tutuldu	sellable_or_shop_pdp_noindexed	remove_noindex_on_sellable_pdp	high	en	shop_pdp	market-reyonlari	eq-lion-eq62	/en/shop/market-reyonlari/eq-lion-eq62	True	True	https://equsto.com/en/login?mode=register&next=/en/shop/market-reyonlari/eq-lion-eq62	2026-08-24
P0_RECOVER_PRODUCT	COMMERCE_LEAK_NOINDEX	"noindex" etiketi tarafından hariç tutuldu	sellable_or_shop_pdp_noindexed	remove_noindex_on_sellable_pdp	high	en	shop_pdp	set-ustu-mutfak	0312-00016-10	/en/shop/set-ustu-mutfak/0312-00016-10	True	True	https://equsto.com/en/login?mode=register&next=/en/shop/set-ustu-mutfak/0312-00016-10	2026-08-24
P0_RECOVER_PRODUCT	COMMERCE_LEAK_NOINDEX	"noindex" etiketi tarafından hariç tutuldu	sellable_or_shop_pdp_noindexed	remove_noindex_on_sellable_pdp	high	en	shop_pdp	istif	8897-30dp4-07	/en/shop/istif/8897-30dp4-07	True	True	https://equsto.com/en/login?mode=register&next=/en/shop/istif/8897-30dp4-07	2026-08-24
P0_RECOVER_PRODUCT	COMMERCE_LEAK_NOINDEX	"noindex" etiketi tarafından hariç tutuldu	sellable_or_shop_pdp_noindexed	remove_noindex_on_sellable_pdp	high	en	shop_pdp	hazirlik	bkm-32e-eco	/en/shop/hazirlik/bkm-32e-eco	True	True	https://equsto.com/en/login?mode=register&next=/en/shop/hazirlik/bkm-32e-eco	2026-08-24
P0_RECOVER_PRODUCT	COMMERCE_LEAK_NOINDEX	"noindex" etiketi tarafından hariç tutuldu	sellable_or_shop_pdp_noindexed	remove_noindex_on_sellable_pdp		en	shop_pdp	market-reyonlari	eq-lotus-eq63		True	False	https://equsto.com/en/login?mode=register&next=/en/shop/market-reyonlari/eq-lotus-eq63	2026-08-24
P0_RECOVER_PRODUCT	COMMERCE_LEAK_NOINDEX	"noindex" etiketi tarafından hariç tutuldu	sellable_or_shop_pdp_noindexed	remove_noindex_on_sellable_pdp	high	en	shop_pdp	yikama	7758-126ab-11	/en/shop/yikama/7758-126ab-11	True	True	https://equsto.com/en/login?mode=register&next=/en/shop/yikama/7758-126ab-11	2026-08-24
P0_RECOVER_PRODUCT	COMMERCE_LEAK_NOINDEX	"noindex" etiketi tarafından hariç tutuldu	sellable_or_shop_pdp_noindexed	remove_noindex_on_sellable_pdp	high	en	shop_pdp	pisirme	9890-x0511-e1	/en/shop/pisirme/9890-x0511-e1	True	True	https://equsto.com/en/login?mode=register&next=/en/shop/pisirme/9890-x0511-e1	2026-08-24
P0_RECOVER_PRODUCT	COMMERCE_LEAK_NOINDEX	"noindex" etiketi tarafından hariç tutuldu	sellable_or_shop_pdp_noindexed	remove_noindex_on_sellable_pdp	high	en	shop_pdp	pisirme	391152	/en/shop/pisirme/391152	True	True	https://equsto.com/en/login?mode=register&next=/en/shop/pisirme/391152	2026-08-24
P0_RECOVER_PRODUCT	COMMERCE_LEAK_NOINDEX	"noindex" etiketi tarafından hariç tutuldu	sellable_or_shop_pdp_noindexed	remove_noindex_on_sellable_pdp	high	en	shop_pdp	pisirme	ali-470	/en/shop/pisirme/ali-470	True	True	https://equsto.com/en/login?mode=register&next=/en/shop/pisirme/ali-470	2026-08-24
P0_RECOVER_PRODUCT	COMMERCE_LEAK_NOINDEX	"noindex" etiketi tarafından hariç tutuldu	sellable_or_shop_pdp_noindexed	remove_noindex_on_sellable_pdp	high	en	shop_pdp	set-ustu-mutfak	8350-31602-0s	/en/shop/set-ustu-mutfak/8350-31602-0s	True	True	https://equsto.com/en/login?mode=register&next=/en/shop/set-ustu-mutfak/8350-31602-0s	2026-08-24
P0_RECOVER_PRODUCT	COMMERCE_LEAK_NOINDEX	"noindex" etiketi tarafından hariç tutuldu	sellable_or_shop_pdp_noindexed	remove_noindex_on_sellable_pdp	high	en	shop_pdp	istif	61-x-91-x-183-201	/en/shop/istif/61-x-91-x-183-201	True	True	https://equsto.com/en/login?mode=register&next=/en/shop/istif/61-x-91-x-183-201	2026-08-24
P0_RECOVER_PRODUCT	COMMERCE_LEAK_NOINDEX	"noindex" etiketi tarafından hariç tutuldu	sellable_or_shop_pdp_noindexed	remove_noindex_on_sellable_pdp	high	en	shop_pdp	pisirme	npicco24-1	/en/shop/pisirme/npicco24-1	True	True	https://equsto.com/en/login?mode=register&next=/en/shop/pisirme/npicco24-1	2026-08-24
P0_RECOVER_PRODUCT	COMMERCE_LEAK_NOINDEX	"noindex" etiketi tarafından hariç tutuldu	sellable_or_shop_pdp_noindexed	remove_noindex_on_sellable_pdp	high	en	shop_pdp	pisirme	ino-9be10	/en/shop/pisirme/ino-9be10	True	True	https://equsto.com/en/login?mode=register&next=/en/shop/pisirme/ino-9be10	2026-08-24
P0_RECOVER_PRODUCT	COMMERCE_LEAK_NOINDEX	"noindex" etiketi tarafından hariç tutuldu	sellable_or_shop_pdp_noindexed	remove_noindex_on_sellable_pdp	high	en	shop_pdp	sogutma	vm-350-a	/en/shop/sogutma/vm-350-a	True	True	https://equsto.com/en/login?mode=register&next=/en/shop/sogutma/vm-350-a	2026-08-24
P0_RECOVER_PRODUCT	COMMERCE_LEAK_NOINDEX	"noindex" etiketi tarafından hariç tutuldu	sellable_or_shop_pdp_noindexed	remove_noindex_on_sellable_pdp	high	en	shop_pdp	dolap	7911-16060-31p	/en/shop/tezgah/7911-16060-31p	True	True	https://equsto.com/en/login?mode=register&next=/en/shop/dolap/7911-16060-31p	2026-08-24
P0_RECOVER_PRODUCT	COMMERCE_LEAK_NOINDEX	"noindex" etiketi tarafından hariç tutuldu	sellable_or_shop_pdp_noindexed	remove_noindex_on_sellable_pdp	high	en	shop_pdp	pisirme	7865-n1-80903-22	/en/shop/pisirme/7865-n1-80903-22	True	True	https://equsto.com/en/login?mode=register&next=/en/shop/pisirme/7865-n1-80903-22	2026-08-24
P0_RECOVER_PRODUCT	COMMERCE_LEAK_NOINDEX	"noindex" etiketi tarafından hariç tutuldu	sellable_or_shop_pdp_noindexed	remove_noindex_on_sellable_pdp	high	en	shop_pdp	davlumbaz	7885-30155-01	/en/shop/davlumbaz/7885-30155-01	True	True	https://equsto.com/en/login?mode=register&next=/en/shop/davlumbaz/7885-30155-01	2026-08-24
P0_RECOVER_PRODUCT	COMMERCE_LEAK_NOINDEX	"noindex" etiketi tarafından hariç tutuldu	sellable_or_shop_pdp_noindexed	remove_noindex_on_sellable_pdp	high	en	shop_pdp	pisirme	9890-xbc01-eu	/en/shop/pisirme/9890-xbc01-eu	True	True	https://equsto.com/en/login?mode=register&next=/en/shop/pisirme/9890-xbc01-eu	2026-08-24
P0_RECOVER_PRODUCT	COMMERCE_LEAK_NOINDEX	"noindex" etiketi tarafından hariç tutuldu	sellable_or_shop_pdp_noindexed	remove_noindex_on_sellable_pdp	high	en	shop_pdp	pisirme	0339-01313-01	/en/shop/pisirme/0339-01313-01	True	True	https://equsto.com/en/login?mode=register&next=/en/shop/pisirme/0339-01313-01	2026-08-24
P0_RECOVER_PRODUCT	COMMERCE_LEAK_NOINDEX	"noindex" etiketi tarafından hariç tutuldu	sellable_or_shop_pdp_noindexed	remove_noindex_on_sellable_pdp	high	en	shop_pdp	sogutma	cb840-a-hc-b-qube	/en/shop/sogutma/cb840-a-hc-b-qube	True	True	https://equsto.com/en/login?mode=register&next=/en/shop/sogutma/cb840-a-hc-b-qube	2026-08-24
P0_RECOVER_PRODUCT	COMMERCE_LEAK_NOINDEX	"noindex" etiketi tarafından hariç tutuldu	sellable_or_shop_pdp_noindexed	remove_noindex_on_sellable_pdp	high	en	shop_pdp	market-reyonlari	eq-falcon-sld-eq72	/en/shop/market-reyonlari/eq-falcon-sld-eq72	True	True	https://equsto.com/en/login?mode=register&next=/en/shop/market-reyonlari/eq-falcon-sld-eq72	2026-08-24
P0_RECOVER_PRODUCT	COMMERCE_LEAK_NOINDEX	"noindex" etiketi tarafından hariç tutuldu	sellable_or_shop_pdp_noindexed	remove_noindex_on_sellable_pdp	high	en	shop_pdp	sogutma	730319	/en/shop/sogutma/730319	True	True	https://equsto.com/en/login?mode=register&next=/en/shop/sogutma/730319	2026-08-24
P0_RECOVER_PRODUCT	COMMERCE_LEAK_NOINDEX	"noindex" etiketi tarafından hariç tutuldu	sellable_or_shop_pdp_noindexed	remove_noindex_on_sellable_pdp	high	en	shop_pdp	istif	61-x-91-x-183-304l	/en/shop/istif/61-x-91-x-183-304l	True	True	https://equsto.com/en/login?mode=register&next=/en/shop/istif/61-x-91-x-183-304l	2026-08-24
P0_RECOVER_PRODUCT	COMMERCE_LEAK_NOINDEX	"noindex" etiketi tarafından hariç tutuldu	sellable_or_shop_pdp_noindexed	remove_noindex_on_sellable_pdp	high	en	shop_pdp	tezgah	7911-12060-04	/en/shop/tezgah/7911-12060-04	True	True	https://equsto.com/en/login?mode=register&next=/en/shop/tezgah/7911-12060-04	2026-08-24
P0_RECOVER_PRODUCT	COMMERCE_LEAK_NOINDEX	"noindex" etiketi tarafından hariç tutuldu	sellable_or_shop_pdp_noindexed	remove_noindex_on_sellable_pdp	high	en	shop_pdp	tezgah	7758-167b8-25	/en/shop/tezgah/7758-167b8-25	True	True	https://equsto.com/en/login?mode=register&next=/en/shop/tezgah/7758-167b8-25	2026-08-24
P0_RECOVER_PRODUCT	COMMERCE_LEAK_NOINDEX	"noindex" etiketi tarafından hariç tutuldu	sellable_or_shop_pdp_noindexed	remove_noindex_on_sellable_pdp	high	en	shop_pdp	davlumbaz	7885-25155-14	/en/shop/davlumbaz/7885-25155-14	True	True	https://equsto.com/en/login?mode=register&next=/en/shop/davlumbaz/7885-25155-14	2026-08-24
P0_RECOVER_PRODUCT	COMMERCE_LEAK_NOINDEX	"noindex" etiketi tarafından hariç tutuldu	sellable_or_shop_pdp_noindexed	remove_noindex_on_sellable_pdp	high	en	shop_pdp	davlumbaz	7885-15125-01	/en/shop/davlumbaz/7885-15125-01	True	True	https://equsto.com/en/login?mode=register&next=/en/shop/davlumbaz/7885-15125-01	2026-08-24
P0_RECOVER_PRODUCT	COMMERCE_LEAK_NOINDEX	"noindex" etiketi tarafından hariç tutuldu	sellable_or_shop_pdp_noindexed	remove_noindex_on_sellable_pdp	high	en	shop_pdp	tezgah	7758-157b8-25	/en/shop/tezgah/7758-157b8-25	True	True	https://equsto.com/en/login?mode=register&next=/en/shop/tezgah/7758-157b8-25	2026-08-24
P0_RECOVER_PRODUCT	COMMERCE_LEAK_NOINDEX	"noindex" etiketi tarafından hariç tutuldu	sellable_or_shop_pdp_noindexed	remove_noindex_on_sellable_pdp	high	en	shop_pdp	sogutma	ic-24-a-hc	/en/shop/sogutma/ic-24-a-hc	True	True	https://equsto.com/en/login?mode=register&next=/en/shop/sogutma/ic-24-a-hc	2026-08-24
P0_RECOVER_PRODUCT	COMMERCE_LEAK_NOINDEX	"noindex" etiketi tarafından hariç tutuldu	sellable_or_shop_pdp_noindexed	remove_noindex_on_sellable_pdp	high	en	shop_pdp	araba	mt170x2	/en/shop/araba/mt170x2	True	True	https://equsto.com/en/login?mode=register&next=/en/shop/araba/mt170x2	2026-08-24
P0_RECOVER_PRODUCT	COMMERCE_LEAK_NOINDEX	"noindex" etiketi tarafından hariç tutuldu	sellable_or_shop_pdp_noindexed	remove_noindex_on_sellable_pdp	high	en	shop_pdp	pisirme	8890-10570-01	/en/shop/pisirme/8890-10570-01	True	True	https://equsto.com/en/login?mode=register&next=/en/shop/pisirme/8890-10570-01	2026-08-23
P0_RECOVER_PRODUCT	COMMERCE_LEAK_NOINDEX	"noindex" etiketi tarafından hariç tutuldu	sellable_or_shop_pdp_noindexed	remove_noindex_on_sellable_pdp	high	en	shop_pdp	sogutma	cb-1565-a-hc	/en/shop/sogutma/cb-1565-a-hc	True	True	https://equsto.com/en/login?mode=register&next=/en/shop/sogutma/cb-1565-a-hc	2026-08-23
P0_RECOVER_PRODUCT	COMMERCE_LEAK_NOINDEX	"noindex" etiketi tarafından hariç tutuldu	sellable_or_shop_pdp_noindexed	remove_noindex_on_sellable_pdp		en	shop_pdp	marka	brema		True	False	https://equsto.com/en/login?mode=register&next=/en/shop/marka/brema	2026-08-23
P0_RECOVER_PRODUCT	COMMERCE_LEAK_NOINDEX	"noindex" etiketi tarafından hariç tutuldu	sellable_or_shop_pdp_noindexed	remove_noindex_on_sellable_pdp		en	shop_pdp	market-reyonlari	eq-nergis-fg-eq42		True	False	https://equsto.com/en/login?mode=register&next=/en/shop/market-reyonlari/eq-nergis-fg-eq42	2026-08-23
P0_RECOVER_PRODUCT	COMMERCE_LEAK_NOINDEX	"noindex" etiketi tarafından hariç tutuldu	sellable_or_shop_pdp_noindexed	remove_noindex_on_sellable_pdp	high	en	shop_pdp	hazirlik	9810-mp350-cu	/en/shop/hazirlik/9810-mp350-cu	True	True	https://equsto.com/en/login?mode=register&next=/en/shop/hazirlik/9810-mp350-cu	2026-08-23
P0_RECOVER_PRODUCT	COMMERCE_LEAK_NOINDEX	"noindex" etiketi tarafından hariç tutuldu	sellable_or_shop_pdp_noindexed	remove_noindex_on_sellable_pdp	high	en	shop_pdp	sogutma	118-sbc-250	/en/shop/sogutma/118-sbc-250	True	True	https://equsto.com/en/login?mode=register&next=/en/shop/sogutma/118-sbc-250	2026-08-23
P0_RECOVER_PRODUCT	COMMERCE_LEAK_NOINDEX	"noindex" etiketi tarafından hariç tutuldu	sellable_or_shop_pdp_noindexed	remove_noindex_on_sellable_pdp	high	en	shop_pdp	sogutma	g-1000-a	/en/shop/sogutma/g-1000-a	True	True	https://equsto.com/en/login?mode=register&next=/en/shop/sogutma/g-1000-a	2026-08-23
P0_RECOVER_PRODUCT	COMMERCE_LEAK_NOINDEX	"noindex" etiketi tarafından hariç tutuldu	sellable_or_shop_pdp_noindexed	remove_noindex_on_sellable_pdp	high	en	shop_pdp	sogutma	118-blk01-110	/en/shop/sogutma/118-blk01-110	True	True	https://equsto.com/en/login?mode=register&next=/en/shop/sogutma/118-blk01-110	2026-08-23
P0_RECOVER_PRODUCT	COMMERCE_LEAK_NOINDEX	"noindex" etiketi tarafından hariç tutuldu	sellable_or_shop_pdp_noindexed	remove_noindex_on_sellable_pdp	high	en	shop_pdp	tezgah	7754-196e8-35	/en/shop/tezgah/7754-196e8-35	True	True	https://equsto.com/en/login?mode=register&next=/en/shop/tezgah/7754-196e8-35	2026-08-23
P0_RECOVER_PRODUCT	COMMERCE_LEAK_NOINDEX	"noindex" etiketi tarafından hariç tutuldu	sellable_or_shop_pdp_noindexed	remove_noindex_on_sellable_pdp	high	en	shop_pdp	kahve	199-1007177	/en/shop/kahve/199-1007177	True	True	https://equsto.com/en/login?mode=register&next=/en/shop/kahve/199-1007177	2026-08-23
P0_RECOVER_PRODUCT	COMMERCE_LEAK_NOINDEX	"noindex" etiketi tarafından hariç tutuldu	sellable_or_shop_pdp_noindexed	remove_noindex_on_sellable_pdp	high	en	shop_pdp	sogutma	ic-18-a-hc	/en/shop/sogutma/ic-18-a-hc	True	True	https://equsto.com/en/login?mode=register&next=/en/shop/sogutma/ic-18-a-hc	2026-08-23
P0_RECOVER_PRODUCT	COMMERCE_LEAK_NOINDEX	"noindex" etiketi tarafından hariç tutuldu	sellable_or_shop_pdp_noindexed	remove_noindex_on_sellable_pdp		en	shop_pdp	market-reyonlari	eq-papatya-hf-eq1		True	False	https://equsto.com/en/login?mode=register&next=/en/shop/market-reyonlari/eq-papatya-hf-eq1	2026-08-23
P0_RECOVER_PRODUCT	COMMERCE_LEAK_NOINDEX	"noindex" etiketi tarafından hariç tutuldu	sellable_or_shop_pdp_noindexed	remove_noindex_on_sellable_pdp	high	en	shop_pdp	sogutma	bin-200	/en/shop/sogutma/bin-200	True	True	https://equsto.com/en/login?mode=register&next=/en/shop/sogutma/bin-200	2026-08-23
P0_RECOVER_PRODUCT	COMMERCE_LEAK_NOINDEX	"noindex" etiketi tarafından hariç tutuldu	sellable_or_shop_pdp_noindexed	remove_noindex_on_sellable_pdp	high	en	shop_pdp	sogutma	cb955-a-hc-b-qube	/en/shop/sogutma/cb955-a-hc-b-qube	True	True	https://equsto.com/en/login?mode=register&next=/en/shop/sogutma/cb955-a-hc-b-qube	2026-08-23
P0_RECOVER_PRODUCT	COMMERCE_LEAK_NOINDEX	"noindex" etiketi tarafından hariç tutuldu	sellable_or_shop_pdp_noindexed	remove_noindex_on_sellable_pdp	high	en	shop_pdp	sogutma	gb-1540-a-hc	/en/shop/sogutma/gb-1540-a-hc	True	True	https://equsto.com/en/login?mode=register&next=/en/shop/sogutma/gb-1540-a-hc	2026-08-23
P0_RECOVER_PRODUCT	COMMERCE_LEAK_NOINDEX	"noindex" etiketi tarafından hariç tutuldu	sellable_or_shop_pdp_noindexed	remove_noindex_on_sellable_pdp	high	en	shop_pdp	sogutma	tm-250-a-hc	/en/shop/sogutma/tm-250-a-hc	True	True	https://equsto.com/en/login?mode=register&next=/en/shop/sogutma/tm-250-a-hc	2026-08-23
P0_RECOVER_PRODUCT	COMMERCE_LEAK_NOINDEX	"noindex" etiketi tarafından hariç tutuldu	sellable_or_shop_pdp_noindexed	remove_noindex_on_sellable_pdp	high	en	shop_pdp	sogutma	cb-640-a-hc	/en/shop/sogutma/cb-640-a-hc	True	True	https://equsto.com/en/login?mode=register&next=/en/shop/sogutma/cb-640-a-hc	2026-08-23
P0_RECOVER_PRODUCT	COMMERCE_LEAK_NOINDEX	"noindex" etiketi tarafından hariç tutuldu	sellable_or_shop_pdp_noindexed	remove_noindex_on_sellable_pdp	high	en	shop_pdp	pisirme	agi-870-n	/en/shop/pisirme/agi-870-n	True	True	https://equsto.com/en/login?mode=register&next=/en/shop/pisirme/agi-870-n	2026-08-23
P0_RECOVER_PRODUCT	COMMERCE_LEAK_NOINDEX	"noindex" etiketi tarafından hariç tutuldu	sellable_or_shop_pdp_noindexed	remove_noindex_on_sellable_pdp	high	en	shop_pdp	market-reyonlari	eq-butterfly-dp-eq2	/en/shop/market-reyonlari/eq-butterfly-dp-eq2	True	True	https://equsto.com/en/login?mode=register&next=/en/shop/market-reyonlari/eq-butterfly-dp-eq2	2026-08-23
P0_RECOVER_PRODUCT	COMMERCE_LEAK_NOINDEX	"noindex" etiketi tarafından hariç tutuldu	sellable_or_shop_pdp_noindexed	remove_noindex_on_sellable_pdp	high	en	shop_pdp	sogutma	cb-840-a-hc	/en/shop/sogutma/cb-840-a-hc	True	True	https://equsto.com/en/login?mode=register&next=/en/shop/sogutma/cb-840-a-hc	2026-08-23
P0_RECOVER_PRODUCT	COMMERCE_LEAK_NOINDEX	"noindex" etiketi tarafından hariç tutuldu	sellable_or_shop_pdp_noindexed	remove_noindex_on_sellable_pdp	high	en	shop_pdp	pisirme	aei-490-n	/en/shop/pisirme/aei-490-n	True	True	https://equsto.com/en/login?mode=register&next=/en/shop/pisirme/aei-490-n	2026-08-23
P0_RECOVER_PRODUCT	COMMERCE_LEAK_NOINDEX	"noindex" etiketi tarafından hariç tutuldu	sellable_or_shop_pdp_noindexed	remove_noindex_on_sellable_pdp	high	en	shop_pdp	sogutma	cb-184-a-hc	/en/shop/sogutma/cb-184-a-hc	True	True	https://equsto.com/en/login?mode=register&next=/en/shop/sogutma/cb-184-a-hc	2026-08-23
P0_RECOVER_PRODUCT	COMMERCE_LEAK_NOINDEX	"noindex" etiketi tarafından hariç tutuldu	sellable_or_shop_pdp_noindexed	remove_noindex_on_sellable_pdp	high	en	shop_pdp	dolap	7758-246e5-33	/en/shop/tezgah/7758-246e5-33	True	True	https://equsto.com/en/login?mode=register&next=/en/shop/dolap/7758-246e5-33	2026-08-23
P0_RECOVER_PRODUCT	COMMERCE_LEAK_NOINDEX	"noindex" etiketi tarafından hariç tutuldu	sellable_or_shop_pdp_noindexed	remove_noindex_on_sellable_pdp	high	en	shop_pdp	sogutma	bin-240-pe	/en/shop/sogutma/bin-240-pe	True	True	https://equsto.com/en/login?mode=register&next=/en/shop/sogutma/bin-240-pe	2026-08-23
P0_RECOVER_PRODUCT	COMMERCE_LEAK_NOINDEX	"noindex" etiketi tarafından hariç tutuldu	sellable_or_shop_pdp_noindexed	remove_noindex_on_sellable_pdp	high	en	shop_pdp	pisirme	npicco30-1	/en/shop/pisirme/npicco30-1	True	True	https://equsto.com/en/login?mode=register&next=/en/shop/pisirme/npicco30-1	2026-08-23
P0_RECOVER_PRODUCT	COMMERCE_LEAK_NOINDEX	"noindex" etiketi tarafından hariç tutuldu	sellable_or_shop_pdp_noindexed	remove_noindex_on_sellable_pdp	high	en	shop_pdp	sogutma	bin-350	/en/shop/sogutma/bin-350	True	True	https://equsto.com/en/login?mode=register&next=/en/shop/sogutma/bin-350	2026-08-23
P0_RECOVER_PRODUCT	COMMERCE_LEAK_NOINDEX	"noindex" etiketi tarafından hariç tutuldu	sellable_or_shop_pdp_noindexed	remove_noindex_on_sellable_pdp	high	en	shop_pdp	tezgah	7897-16030-03	/en/shop/tezgah/7897-16030-03	True	True	https://equsto.com/en/login?mode=register&next=/en/shop/tezgah/7897-16030-03	2026-08-23
P0_RECOVER_PRODUCT	COMMERCE_LEAK_NOINDEX	"noindex" etiketi tarafından hariç tutuldu	sellable_or_shop_pdp_noindexed	remove_noindex_on_sellable_pdp	high	en	shop_pdp	tezgah	7758-196e5-23	/en/shop/tezgah/7758-196e5-23	True	True	https://equsto.com/en/login?mode=register&next=/en/shop/tezgah/7758-196e5-23	2026-08-23
P0_RECOVER_PRODUCT	COMMERCE_LEAK_NOINDEX	"noindex" etiketi tarafından hariç tutuldu	sellable_or_shop_pdp_noindexed	remove_noindex_on_sellable_pdp	high	en	shop_pdp	tezgah	7919-46ntv-c2	/en/shop/tezgah/7919-46ntv-c2	True	True	https://equsto.com/en/login?mode=register&next=/en/shop/tezgah/7919-46ntv-c2	2026-08-23
P0_RECOVER_PRODUCT	COMMERCE_LEAK_NOINDEX	"noindex" etiketi tarafından hariç tutuldu	sellable_or_shop_pdp_noindexed	remove_noindex_on_sellable_pdp	high	en	shop_pdp	sogutma	cb-955-a-hc	/en/shop/sogutma/cb-955-a-hc	True	True	https://equsto.com/en/login?mode=register&next=/en/shop/sogutma/cb-955-a-hc	2026-08-23
P0_RECOVER_PRODUCT	COMMERCE_LEAK_NOINDEX	"noindex" etiketi tarafından hariç tutuldu	sellable_or_shop_pdp_noindexed	remove_noindex_on_sellable_pdp	high	en	shop_pdp	sogutma	drb-1200	/en/shop/sogutma/drb-1200	True	True	https://equsto.com/en/login?mode=register&next=/en/shop/sogutma/drb-1200	2026-08-23
P0_RECOVER_PRODUCT	COMMERCE_LEAK_NOINDEX	"noindex" etiketi tarafından hariç tutuldu	sellable_or_shop_pdp_noindexed	remove_noindex_on_sellable_pdp	high	en	shop_pdp	icecek	8477-0000s-01	/en/shop/icecek/8477-0000s-01	True	True	https://equsto.com/en/login?mode=register&next=/en/shop/icecek/8477-0000s-01	2026-08-23
P0_RECOVER_PRODUCT	COMMERCE_LEAK_NOINDEX	"noindex" etiketi tarafından hariç tutuldu	sellable_or_shop_pdp_noindexed	remove_noindex_on_sellable_pdp	high	en	shop_pdp	sogutma	gb-902-a-hc	/en/shop/sogutma/gb-902-a-hc	True	True	https://equsto.com/en/login?mode=register&next=/en/shop/sogutma/gb-902-a-hc	2026-08-23
P0_RECOVER_PRODUCT	COMMERCE_LEAK_NOINDEX	"noindex" etiketi tarafından hariç tutuldu	sellable_or_shop_pdp_noindexed	remove_noindex_on_sellable_pdp	high	en	shop_pdp	sogutma	vm-900-a	/en/shop/sogutma/vm-900-a	True	True	https://equsto.com/en/login?mode=register&next=/en/shop/sogutma/vm-900-a	2026-08-23
P0_RECOVER_PRODUCT	COMMERCE_LEAK_NOINDEX	"noindex" etiketi tarafından hariç tutuldu	sellable_or_shop_pdp_noindexed	remove_noindex_on_sellable_pdp	high	en	shop_pdp	sogutma	118-sds1510-dc3yf	/en/shop/sogutma/118-sds1510-dc3yf	True	True	https://equsto.com/en/login?mode=register&next=/en/shop/sogutma/118-sds1510-dc3yf	2026-08-23
P0_RECOVER_PRODUCT	COMMERCE_LEAK_NOINDEX	"noindex" etiketi tarafından hariç tutuldu	sellable_or_shop_pdp_noindexed	remove_noindex_on_sellable_pdp	high	en	shop_pdp	sogutma	c-150-a-hc	/en/shop/sogutma/c-150-a-hc	True	True	https://equsto.com/en/login?mode=register&next=/en/shop/sogutma/c-150-a-hc	2026-08-23
P0_RECOVER_PRODUCT	COMMERCE_LEAK_NOINDEX	"noindex" etiketi tarafından hariç tutuldu	sellable_or_shop_pdp_noindexed	remove_noindex_on_sellable_pdp	high	en	shop_pdp	sogutma	cb416-a-hc-b-qube	/en/shop/sogutma/cb416-a-hc-b-qube	True	True	https://equsto.com/en/login?mode=register&next=/en/shop/sogutma/cb416-a-hc-b-qube	2026-08-23
P0_RECOVER_PRODUCT	COMMERCE_LEAK_NOINDEX	"noindex" etiketi tarafından hariç tutuldu	sellable_or_shop_pdp_noindexed	remove_noindex_on_sellable_pdp	high	en	shop_pdp	sogutma	g-510-a	/en/shop/sogutma/g-510-a	True	True	https://equsto.com/en/login?mode=register&next=/en/shop/sogutma/g-510-a	2026-08-23
P0_RECOVER_PRODUCT	COMMERCE_LEAK_NOINDEX	"noindex" etiketi tarafından hariç tutuldu	sellable_or_shop_pdp_noindexed	remove_noindex_on_sellable_pdp	high	en	shop_pdp	sogutma	bsf-a	/en/shop/sogutma/bsf-a	True	True	https://equsto.com/en/login?mode=register&next=/en/shop/sogutma/bsf-a	2026-08-23
P0_RECOVER_PRODUCT	COMMERCE_LEAK_NOINDEX	"noindex" etiketi tarafından hariç tutuldu	sellable_or_shop_pdp_noindexed	remove_noindex_on_sellable_pdp	high	en	shop_pdp	sogutma	vm-500-a	/en/shop/sogutma/vm-500-a	True	True	https://equsto.com/en/login?mode=register&next=/en/shop/sogutma/vm-500-a	2026-08-23
P0_RECOVER_PRODUCT	COMMERCE_LEAK_NOINDEX	"noindex" etiketi tarafından hariç tutuldu	sellable_or_shop_pdp_noindexed	remove_noindex_on_sellable_pdp	high	en	shop_pdp	pisirme	7961-11829-1y5	/en/shop/yikama/7961-11829-1y5	True	True	https://equsto.com/en/login?mode=register&next=/en/shop/pisirme/7961-11829-1y5	2026-08-23
P0_RECOVER_PRODUCT	COMMERCE_LEAK_NOINDEX	"noindex" etiketi tarafından hariç tutuldu	sellable_or_shop_pdp_noindexed	remove_noindex_on_sellable_pdp	high	en	shop_pdp	sogutma	id-70	/en/shop/sogutma/id-70	True	True	https://equsto.com/en/login?mode=register&next=/en/shop/sogutma/id-70	2026-08-23
P0_RECOVER_PRODUCT	COMMERCE_LEAK_NOINDEX	"noindex" etiketi tarafından hariç tutuldu	sellable_or_shop_pdp_noindexed	remove_noindex_on_sellable_pdp	high	en	shop_pdp	sogutma	tb-1404-a-hc	/en/shop/sogutma/tb-1404-a-hc	True	True	https://equsto.com/en/login?mode=register&next=/en/shop/sogutma/tb-1404-a-hc	2026-08-23
P0_RECOVER_PRODUCT	COMMERCE_LEAK_NOINDEX	"noindex" etiketi tarafından hariç tutuldu	sellable_or_shop_pdp_noindexed	remove_noindex_on_sellable_pdp		en	shop_pdp	market-reyonlari	eq-reyhan-wt-eq2		True	False	https://equsto.com/en/login?mode=register&next=/en/shop/market-reyonlari/eq-reyhan-wt-eq2	2026-08-23
P0_RECOVER_PRODUCT	COMMERCE_LEAK_NOINDEX	"noindex" etiketi tarafından hariç tutuldu	sellable_or_shop_pdp_noindexed	remove_noindex_on_sellable_pdp	high	en	shop_pdp	sogutma	cb249-a-hc-b-qube	/en/shop/sogutma/cb249-a-hc-b-qube	True	True	https://equsto.com/en/login?mode=register&next=/en/shop/sogutma/cb249-a-hc-b-qube	2026-08-23
P0_RECOVER_PRODUCT	COMMERCE_LEAK_NOINDEX	"noindex" etiketi tarafından hariç tutuldu	sellable_or_shop_pdp_noindexed	remove_noindex_on_sellable_pdp	high	en	shop_pdp	istif	8897-56141-p0	/en/shop/istif/8897-56141-p0	True	True	https://equsto.com/en/login?mode=register&next=/en/shop/istif/8897-56141-p0	2026-08-23
P0_RECOVER_PRODUCT	COMMERCE_LEAK_NOINDEX	"noindex" etiketi tarafından hariç tutuldu	sellable_or_shop_pdp_noindexed	remove_noindex_on_sellable_pdp	high	en	shop_pdp	set-ustu-mutfak	0210-50708-12	/en/shop/set-ustu-mutfak/0210-50708-12	True	True	https://equsto.com/en/login?mode=register&next=/en/shop/set-ustu-mutfak/0210-50708-12	2026-08-23
P0_RECOVER_PRODUCT	COMMERCE_LEAK_NOINDEX	"noindex" etiketi tarafından hariç tutuldu	sellable_or_shop_pdp_noindexed	remove_noindex_on_sellable_pdp	high	en	shop_pdp	araba	ino-ati200	/en/shop/araba/ino-ati200	True	True	https://equsto.com/en/login?mode=register&next=/en/shop/araba/ino-ati200	2026-08-23
P0_RECOVER_PRODUCT	COMMERCE_LEAK_NOINDEX	"noindex" etiketi tarafından hariç tutuldu	sellable_or_shop_pdp_noindexed	remove_noindex_on_sellable_pdp	high	en	shop_pdp	yikama	ino-byk270l-k70d	/en/shop/yikama/ino-byk270l-k70d	True	True	https://equsto.com/en/login?mode=register&next=/en/shop/yikama/ino-byk270l-k70d	2026-08-23
P0_RECOVER_PRODUCT	COMMERCE_LEAK_NOINDEX	"noindex" etiketi tarafından hariç tutuldu	sellable_or_shop_pdp_noindexed	remove_noindex_on_sellable_pdp	high	en	shop_pdp	sogutma	79e4-37nmv-03	/en/shop/sogutma/79e4-37nmv-03	True	True	https://equsto.com/en/login?mode=register&next=/en/shop/sogutma/79e4-37nmv-03	2026-08-23
P0_RECOVER_PRODUCT	COMMERCE_LEAK_NOINDEX	"noindex" etiketi tarafından hariç tutuldu	sellable_or_shop_pdp_noindexed	remove_noindex_on_sellable_pdp	high	en	shop_pdp	hazirlik	9840-r201e-00	/en/shop/hazirlik/9840-r201e-00	True	True	https://equsto.com/en/login?mode=register&next=/en/shop/hazirlik/9840-r201e-00	2026-08-23
P0_RECOVER_PRODUCT	COMMERCE_LEAK_NOINDEX	"noindex" etiketi tarafından hariç tutuldu	sellable_or_shop_pdp_noindexed	remove_noindex_on_sellable_pdp	high	en	shop_pdp	tasima	7943-70182-00	/en/shop/tasima/7943-70182-00	True	True	https://equsto.com/en/login?mode=register&next=/en/shop/tasima/7943-70182-00	2026-08-23
P0_RECOVER_PRODUCT	COMMERCE_LEAK_NOINDEX	"noindex" etiketi tarafından hariç tutuldu	sellable_or_shop_pdp_noindexed	remove_noindex_on_sellable_pdp	high	en	shop_pdp	araba	ino-abs102	/en/shop/araba/ino-abs102	True	True	https://equsto.com/en/login?mode=register&next=/en/shop/araba/ino-abs102	2026-08-23
P0_RECOVER_PRODUCT	COMMERCE_LEAK_NOINDEX	"noindex" etiketi tarafından hariç tutuldu	sellable_or_shop_pdp_noindexed	remove_noindex_on_sellable_pdp	high	en	shop_pdp	yikama	7758-166ab-21	/en/shop/yikama/7758-166ab-21	True	True	https://equsto.com/en/login?mode=register&next=/en/shop/yikama/7758-166ab-21	2026-08-23
P0_RECOVER_PRODUCT	COMMERCE_LEAK_NOINDEX	"noindex" etiketi tarafından hariç tutuldu	sellable_or_shop_pdp_noindexed	remove_noindex_on_sellable_pdp	high	en	shop_pdp	tezgah	7758-106a8-15	/en/shop/tezgah/7758-106a8-15	True	True	https://equsto.com/en/login?mode=register&next=/en/shop/tezgah/7758-106a8-15	2026-08-23
P0_RECOVER_PRODUCT	COMMERCE_LEAK_NOINDEX	"noindex" etiketi tarafından hariç tutuldu	sellable_or_shop_pdp_noindexed	remove_noindex_on_sellable_pdp	high	en	shop_pdp	davlumbaz	7885-12125-01	/en/shop/davlumbaz/7885-12125-01	True	True	https://equsto.com/en/login?mode=register&next=/en/shop/davlumbaz/7885-12125-01	2026-08-23
P0_RECOVER_PRODUCT	COMMERCE_LEAK_NOINDEX	"noindex" etiketi tarafından hariç tutuldu	sellable_or_shop_pdp_noindexed	remove_noindex_on_sellable_pdp	high	en	shop_pdp	set-ustu-mutfak	7911-n1-80703-00	/en/shop/set-ustu-mutfak/7911-n1-80703-00	True	True	https://equsto.com/en/login?mode=register&next=/en/shop/set-ustu-mutfak/7911-n1-80703-00	2026-08-23
P0_RECOVER_PRODUCT	COMMERCE_LEAK_NOINDEX	"noindex" etiketi tarafından hariç tutuldu	sellable_or_shop_pdp_noindexed	remove_noindex_on_sellable_pdp	high	en	shop_pdp	davlumbaz	7250-08020-20	/en/shop/davlumbaz/7250-08020-20	True	False	https://equsto.com/en/login?mode=register&next=/en/shop/davlumbaz/7250-08020-20	2026-08-23
P0_RECOVER_PRODUCT	COMMERCE_LEAK_NOINDEX	"noindex" etiketi tarafından hariç tutuldu	sellable_or_shop_pdp_noindexed	remove_noindex_on_sellable_pdp		en	shop_pdp	sogutma	portabianco-soguk-servis-buzdolabi		True	False	https://equsto.com/en/login?mode=register&next=/en/shop/sogutma/portabianco-soguk-servis-buzdolabi	2026-08-23
P0_RECOVER_PRODUCT	COMMERCE_LEAK_NOINDEX	"noindex" etiketi tarafından hariç tutuldu	sellable_or_shop_pdp_noindexed	remove_noindex_on_sellable_pdp	high	en	shop_pdp	pisirme	7890-c1-20e21-01	/en/shop/pisirme/7890-c1-20e21-01	True	True	https://equsto.com/en/login?mode=register&next=/en/shop/pisirme/7890-c1-20e21-01	2026-08-23
P0_RECOVER_PRODUCT	COMMERCE_LEAK_NOINDEX	"noindex" etiketi tarafından hariç tutuldu	sellable_or_shop_pdp_noindexed	remove_noindex_on_sellable_pdp		tr	shop_pdp	tezgah	tb04-1603030-00		True	False	https://equsto.com/en/login?mode=register&next=/shop/tezgah/tb04-1603030-00	2026-08-23
P0_RECOVER_PRODUCT	COMMERCE_LEAK_NOINDEX	"noindex" etiketi tarafından hariç tutuldu	sellable_or_shop_pdp_noindexed	remove_noindex_on_sellable_pdp	high	en	shop_pdp	tezgah	7911-14070-23	/en/shop/tezgah/7911-14070-23	True	True	https://equsto.com/en/login?mode=register&next=/en/shop/tezgah/7911-14070-23	2026-08-23
P0_RECOVER_PRODUCT	COMMERCE_LEAK_NOINDEX	"noindex" etiketi tarafından hariç tutuldu	sellable_or_shop_pdp_noindexed	remove_noindex_on_sellable_pdp	high	en	shop_pdp	set-ustu-mutfak	0311-21100-31	/en/shop/set-ustu-mutfak/0311-21100-31	True	True	https://equsto.com/en/login?mode=register&next=/en/shop/set-ustu-mutfak/0311-21100-31	2026-08-23
P0_RECOVER_PRODUCT	COMMERCE_LEAK_NOINDEX	"noindex" etiketi tarafından hariç tutuldu	sellable_or_shop_pdp_noindexed	remove_noindex_on_sellable_pdp	high	en	shop_pdp	pisirme	ino-7tn20	/en/shop/pisirme/ino-7tn20	True	True	https://equsto.com/en/login?mode=register&next=/en/shop/pisirme/ino-7tn20	2026-08-23
P0_RECOVER_PRODUCT	COMMERCE_LEAK_NOINDEX	"noindex" etiketi tarafından hariç tutuldu	sellable_or_shop_pdp_noindexed	remove_noindex_on_sellable_pdp	high	en	shop_pdp	pisirme	ino-9gr005	/en/shop/pisirme/ino-9gr005	True	True	https://equsto.com/en/login?mode=register&next=/en/shop/pisirme/ino-9gr005	2026-08-23
P0_RECOVER_PRODUCT	COMMERCE_LEAK_NOINDEX	"noindex" etiketi tarafından hariç tutuldu	sellable_or_shop_pdp_noindexed	remove_noindex_on_sellable_pdp	high	en	shop_pdp	tezgah	7758-186e5-35	/en/shop/tezgah/7758-186e5-35	True	True	https://equsto.com/en/login?mode=register&next=/en/shop/tezgah/7758-186e5-35	2026-08-23
P0_RECOVER_PRODUCT	COMMERCE_LEAK_NOINDEX	"noindex" etiketi tarafından hariç tutuldu	sellable_or_shop_pdp_noindexed	remove_noindex_on_sellable_pdp	high	en	shop_pdp	set-ustu-mutfak	0314-21100-01	/en/shop/set-ustu-mutfak/0314-21100-01	True	True	https://equsto.com/en/login?mode=register&next=/en/shop/set-ustu-mutfak/0314-21100-01	2026-08-23
P0_RECOVER_PRODUCT	COMMERCE_LEAK_NOINDEX	"noindex" etiketi tarafından hariç tutuldu	sellable_or_shop_pdp_noindexed	remove_noindex_on_sellable_pdp	high	en	shop_pdp	market-reyonlari	eq-kangaroo-eq4	/en/shop/market-reyonlari/eq-kangaroo-eq4	True	True	https://equsto.com/en/login?mode=register&next=/en/shop/market-reyonlari/eq-kangaroo-eq4	2026-08-23
P0_RECOVER_PRODUCT	COMMERCE_LEAK_NOINDEX	"noindex" etiketi tarafından hariç tutuldu	sellable_or_shop_pdp_noindexed	remove_noindex_on_sellable_pdp	high	en	shop_pdp	pisirme	aaig-473	/en/shop/pisirme/aaig-473	True	True	https://equsto.com/en/login?mode=register&next=/en/shop/pisirme/aaig-473	2026-08-23
P0_RECOVER_PRODUCT	COMMERCE_LEAK_NOINDEX	"noindex" etiketi tarafından hariç tutuldu	sellable_or_shop_pdp_noindexed	remove_noindex_on_sellable_pdp	high	en	shop_pdp	pisirme	agi-673-n	/en/shop/pisirme/agi-673-n	True	True	https://equsto.com/en/login?mode=register&next=/en/shop/pisirme/agi-673-n	2026-08-23
P0_RECOVER_PRODUCT	COMMERCE_LEAK_NOINDEX	"noindex" etiketi tarafından hariç tutuldu	sellable_or_shop_pdp_noindexed	remove_noindex_on_sellable_pdp	high	en	shop_pdp	tezgah	7911-14060-28	/en/shop/tezgah/7911-14060-28	True	True	https://equsto.com/en/login?mode=register&next=/en/shop/tezgah/7911-14060-28	2026-08-23
P0_RECOVER_PRODUCT	COMMERCE_LEAK_NOINDEX	"noindex" etiketi tarafından hariç tutuldu	sellable_or_shop_pdp_noindexed	remove_noindex_on_sellable_pdp	high	en	shop_pdp	pisirme	eaei-360-n	/en/shop/pisirme/eaei-360-n	True	True	https://equsto.com/en/login?mode=register&next=/en/shop/pisirme/eaei-360-n	2026-08-23
P0_RECOVER_PRODUCT	COMMERCE_LEAK_NOINDEX	"noindex" etiketi tarafından hariç tutuldu	sellable_or_shop_pdp_noindexed	remove_noindex_on_sellable_pdp	high	en	shop_pdp	pisirme	7854-07128-15	/en/shop/pisirme/7854-07128-15	True	True	https://equsto.com/en/login?mode=register&next=/en/shop/pisirme/7854-07128-15	2026-08-23
P0_RECOVER_PRODUCT	COMMERCE_LEAK_NOINDEX	"noindex" etiketi tarafından hariç tutuldu	sellable_or_shop_pdp_noindexed	remove_noindex_on_sellable_pdp	high	en	shop_pdp	pisirme	ino-zmd-7be20s	/en/shop/pisirme/ino-zmd-7be20s	True	True	https://equsto.com/en/login?mode=register&next=/en/shop/pisirme/ino-zmd-7be20s	2026-08-23
P0_RECOVER_PRODUCT	COMMERCE_LEAK_NOINDEX	"noindex" etiketi tarafından hariç tutuldu	sellable_or_shop_pdp_noindexed	remove_noindex_on_sellable_pdp	high	en	shop_pdp	pisirme	8890-mt800-02	/en/shop/pisirme/8890-mt800-02	True	True	https://equsto.com/en/login?mode=register&next=/en/shop/pisirme/8890-mt800-02	2026-08-23
P0_RECOVER_PRODUCT	COMMERCE_LEAK_NOINDEX	"noindex" etiketi tarafından hariç tutuldu	sellable_or_shop_pdp_noindexed	remove_noindex_on_sellable_pdp	high	en	shop_pdp	pisirme	npicco72-1	/en/shop/pisirme/npicco72-1	True	True	https://equsto.com/en/login?mode=register&next=/en/shop/pisirme/npicco72-1	2026-08-23
P0_RECOVER_PRODUCT	COMMERCE_LEAK_NOINDEX	"noindex" etiketi tarafından hariç tutuldu	sellable_or_shop_pdp_noindexed	remove_noindex_on_sellable_pdp	high	en	shop_pdp	sogutma	ino-zbc-bs	/en/shop/sogutma/ino-zbc-bs	True	True	https://equsto.com/en/login?mode=register&next=/en/shop/sogutma/ino-zbc-bs	2026-08-23
P0_RECOVER_PRODUCT	COMMERCE_LEAK_NOINDEX	"noindex" etiketi tarafından hariç tutuldu	sellable_or_shop_pdp_noindexed	remove_noindex_on_sellable_pdp	high	en	shop_pdp	istif	8897-11ip4-073	/en/shop/istif/8897-11ip4-073	True	True	https://equsto.com/en/login?mode=register&next=/en/shop/istif/8897-11ip4-073	2026-08-23
P0_RECOVER_PRODUCT	COMMERCE_LEAK_NOINDEX	"noindex" etiketi tarafından hariç tutuldu	sellable_or_shop_pdp_noindexed	remove_noindex_on_sellable_pdp		en	shop_pdp	market-reyonlari	eq-lotus-lb-eq57		True	False	https://equsto.com/en/login?mode=register&next=/en/shop/market-reyonlari/eq-lotus-lb-eq57	2026-08-23
P0_RECOVER_PRODUCT	COMMERCE_LEAK_NOINDEX	"noindex" etiketi tarafından hariç tutuldu	sellable_or_shop_pdp_noindexed	remove_noindex_on_sellable_pdp	high	en	shop_pdp	sogutma	7919-df2015-00	/en/shop/sogutma/7919-df2015-00	True	True	https://equsto.com/en/login?mode=register&next=/en/shop/sogutma/7919-df2015-00	2026-08-23
P0_RECOVER_PRODUCT	COMMERCE_LEAK_NOINDEX	"noindex" etiketi tarafından hariç tutuldu	sellable_or_shop_pdp_noindexed	remove_noindex_on_sellable_pdp	high	en	shop_pdp	set-ustu-mutfak	0332-03220-01	/en/shop/set-ustu-mutfak/0332-03220-01	True	True	https://equsto.com/en/login?mode=register&next=/en/shop/set-ustu-mutfak/0332-03220-01	2026-08-23
P0_RECOVER_PRODUCT	COMMERCE_LEAK_NOINDEX	"noindex" etiketi tarafından hariç tutuldu	sellable_or_shop_pdp_noindexed	remove_noindex_on_sellable_pdp	high	en	shop_pdp	istif	inox-plastik-raf	/en/shop/istif/inox-plastik-raf	True	False	https://equsto.com/en/login?mode=register&next=/en/shop/istif/inox-plastik-raf	2026-08-23
P0_RECOVER_PRODUCT	COMMERCE_LEAK_NOINDEX	"noindex" etiketi tarafından hariç tutuldu	sellable_or_shop_pdp_noindexed	remove_noindex_on_sellable_pdp	high	en	shop_pdp	set-ustu-mutfak	0312-00023-21	/en/shop/set-ustu-mutfak/0312-00023-21	True	True	https://equsto.com/en/login?mode=register&next=/en/shop/set-ustu-mutfak/0312-00023-21	2026-08-23
P0_RECOVER_PRODUCT	COMMERCE_LEAK_NOINDEX	"noindex" etiketi tarafından hariç tutuldu	sellable_or_shop_pdp_noindexed	remove_noindex_on_sellable_pdp	high	en	shop_pdp	set-ustu-mutfak	8310-0pp14-100	/en/shop/set-ustu-mutfak/8310-0pp14-100	True	True	https://equsto.com/en/login?mode=register&next=/en/shop/set-ustu-mutfak/8310-0pp14-100	2026-08-23
P0_RECOVER_PRODUCT	COMMERCE_LEAK_NOINDEX	"noindex" etiketi tarafından hariç tutuldu	sellable_or_shop_pdp_noindexed	remove_noindex_on_sellable_pdp	high	en	shop_pdp	istif	8897-5611p-00	/en/shop/istif/8897-5611p-00	True	True	https://equsto.com/en/login?mode=register&next=/en/shop/istif/8897-5611p-00	2026-08-23
P0_RECOVER_PRODUCT	COMMERCE_LEAK_NOINDEX	"noindex" etiketi tarafından hariç tutuldu	sellable_or_shop_pdp_noindexed	remove_noindex_on_sellable_pdp	high	en	shop_pdp	tezgah	7910-16040-01	/en/shop/tezgah/7910-16040-01	True	True	https://equsto.com/en/login?mode=register&next=/en/shop/tezgah/7910-16040-01	2026-08-23
P0_RECOVER_PRODUCT	COMMERCE_LEAK_NOINDEX	"noindex" etiketi tarafından hariç tutuldu	sellable_or_shop_pdp_noindexed	remove_noindex_on_sellable_pdp	high	en	shop_pdp	tezgah	7758-187c8-23	/en/shop/tezgah/7758-187c8-23	True	True	https://equsto.com/en/login?mode=register&next=/en/shop/tezgah/7758-187c8-23	2026-08-23
P0_RECOVER_PRODUCT	COMMERCE_LEAK_NOINDEX	"noindex" etiketi tarafından hariç tutuldu	sellable_or_shop_pdp_noindexed	remove_noindex_on_sellable_pdp	high	en	shop_pdp	tezgah	eq-kptt02-12070	/en/shop/tezgah/eq-kptt02-12070	True	True	https://equsto.com/en/login?mode=register&next=/en/shop/tezgah/eq-kptt02-12070	2026-08-23
P0_RECOVER_PRODUCT	COMMERCE_LEAK_NOINDEX	"noindex" etiketi tarafından hariç tutuldu	sellable_or_shop_pdp_noindexed	remove_noindex_on_sellable_pdp	high	en	shop_pdp	kahve	9580-1500s-p2gc	/en/shop/kahve/9580-1500s-p2gc	True	True	https://equsto.com/en/login?mode=register&next=/en/shop/kahve/9580-1500s-p2gc	2026-08-23
P0_RECOVER_PRODUCT	COMMERCE_LEAK_NOINDEX	"noindex" etiketi tarafından hariç tutuldu	sellable_or_shop_pdp_noindexed	remove_noindex_on_sellable_pdp	high	en	shop_pdp	dolap	7758-126a8-11	/en/shop/tezgah/7758-126a8-11	True	True	https://equsto.com/en/login?mode=register&next=/en/shop/dolap/7758-126a8-11	2026-08-23
P0_RECOVER_PRODUCT	COMMERCE_LEAK_NOINDEX	"noindex" etiketi tarafından hariç tutuldu	sellable_or_shop_pdp_noindexed	remove_noindex_on_sellable_pdp	high	en	shop_pdp	dolap	7911-14060-23	/en/shop/tezgah/7911-14060-23	True	True	https://equsto.com/en/login?mode=register&next=/en/shop/dolap/7911-14060-23	2026-08-23
P0_RECOVER_PRODUCT	COMMERCE_LEAK_NOINDEX	"noindex" etiketi tarafından hariç tutuldu	sellable_or_shop_pdp_noindexed	remove_noindex_on_sellable_pdp	high	en	shop_pdp	tezgah	eq-kdct01-12070	/en/shop/tezgah/eq-kdct01-12070	True	True	https://equsto.com/en/login?mode=register&next=/en/shop/tezgah/eq-kdct01-12070	2026-08-23
P0_RECOVER_PRODUCT	COMMERCE_LEAK_NOINDEX	"noindex" etiketi tarafından hariç tutuldu	sellable_or_shop_pdp_noindexed	remove_noindex_on_sellable_pdp	high	en	shop_pdp	tezgah	eq-ksrvb02-14070	/en/shop/tezgah/eq-ksrvb02-14070	True	True	https://equsto.com/en/login?mode=register&next=/en/shop/tezgah/eq-ksrvb02-14070	2026-08-23
P0_RECOVER_PRODUCT	COMMERCE_LEAK_NOINDEX	"noindex" etiketi tarafından hariç tutuldu	sellable_or_shop_pdp_noindexed	remove_noindex_on_sellable_pdp	high	en	shop_pdp	tezgah	7758-246e8-23	/en/shop/tezgah/7758-246e8-23	True	True	https://equsto.com/en/login?mode=register&next=/en/shop/tezgah/7758-246e8-23	2026-08-23
P0_RECOVER_PRODUCT	COMMERCE_LEAK_NOINDEX	"noindex" etiketi tarafından hariç tutuldu	sellable_or_shop_pdp_noindexed	remove_noindex_on_sellable_pdp	high	en	shop_pdp	sogutma	8919-oef25-0a	/en/shop/sogutma/8919-oef25-0a	True	True	https://equsto.com/en/login?mode=register&next=/en/shop/sogutma/8919-oef25-0a	2026-08-23
P0_RECOVER_PRODUCT	COMMERCE_LEAK_NOINDEX	"noindex" etiketi tarafından hariç tutuldu	sellable_or_shop_pdp_noindexed	remove_noindex_on_sellable_pdp	high	en	shop_pdp	sogutma	710051	/en/shop/sogutma/710051	True	False	https://equsto.com/en/login?mode=register&next=/en/shop/sogutma/710051	2026-08-23
P0_RECOVER_PRODUCT	COMMERCE_LEAK_NOINDEX	"noindex" etiketi tarafından hariç tutuldu	sellable_or_shop_pdp_noindexed	remove_noindex_on_sellable_pdp	high	en	shop_pdp	sogutma	710039	/en/shop/sogutma/710039	True	False	https://equsto.com/en/login?mode=register&next=/en/shop/sogutma/710039	2026-08-23
P0_RECOVER_PRODUCT	COMMERCE_LEAK_NOINDEX	"noindex" etiketi tarafından hariç tutuldu	sellable_or_shop_pdp_noindexed	remove_noindex_on_sellable_pdp	high	en	shop_pdp	tezgah	eq-kprmxt01-12070	/en/shop/tezgah/eq-kprmxt01-12070	True	True	https://equsto.com/en/login?mode=register&next=/en/shop/tezgah/eq-kprmxt01-12070	2026-08-23
P0_RECOVER_PRODUCT	COMMERCE_LEAK_NOINDEX	"noindex" etiketi tarafından hariç tutuldu	sellable_or_shop_pdp_noindexed	remove_noindex_on_sellable_pdp	high	en	shop_pdp	pisirme	7890-12901-55	/en/shop/pisirme/7890-12901-55	True	True	https://equsto.com/en/login?mode=register&next=/en/shop/pisirme/7890-12901-55	2026-08-23
P0_RECOVER_PRODUCT	COMMERCE_LEAK_NOINDEX	"noindex" etiketi tarafından hariç tutuldu	sellable_or_shop_pdp_noindexed	remove_noindex_on_sellable_pdp	high	en	shop_pdp	sogutma	710035	/en/shop/sogutma/710035	True	False	https://equsto.com/en/login?mode=register&next=/en/shop/sogutma/710035	2026-08-23
P0_RECOVER_PRODUCT	COMMERCE_LEAK_NOINDEX	"noindex" etiketi tarafından hariç tutuldu	sellable_or_shop_pdp_noindexed	remove_noindex_on_sellable_pdp	high	en	shop_pdp	pisirme	ino-zco-9og20	/en/shop/pisirme/ino-zco-9og20	True	True	https://equsto.com/en/login?mode=register&next=/en/shop/pisirme/ino-zco-9og20	2026-08-23
P0_RECOVER_PRODUCT	COMMERCE_LEAK_NOINDEX	"noindex" etiketi tarafından hariç tutuldu	sellable_or_shop_pdp_noindexed	remove_noindex_on_sellable_pdp	high	en	shop_pdp	yikama	504293	/en/shop/yikama/504293	True	True	https://equsto.com/en/login?mode=register&next=/en/shop/yikama/504293	2026-08-23
P0_RECOVER_PRODUCT	COMMERCE_LEAK_NOINDEX	"noindex" etiketi tarafından hariç tutuldu	sellable_or_shop_pdp_noindexed	remove_noindex_on_sellable_pdp	high	en	shop_pdp	tasima	7895-58660-01	/en/shop/tasima/7895-58660-01	True	True	https://equsto.com/en/login?mode=register&next=/en/shop/tasima/7895-58660-01	2026-08-23
P0_RECOVER_PRODUCT	COMMERCE_LEAK_NOINDEX	"noindex" etiketi tarafından hariç tutuldu	sellable_or_shop_pdp_noindexed	remove_noindex_on_sellable_pdp	high	en	shop_pdp	yikama	506058	/en/shop/yikama/506058	True	True	https://equsto.com/en/login?mode=register&next=/en/shop/yikama/506058	2026-08-23
P0_RECOVER_PRODUCT	COMMERCE_LEAK_NOINDEX	"noindex" etiketi tarafından hariç tutuldu	sellable_or_shop_pdp_noindexed	remove_noindex_on_sellable_pdp	high	en	shop_pdp	icecek	058-no-62	/en/shop/icecek/058-no-62	True	True	https://equsto.com/en/login?mode=register&next=/en/shop/icecek/058-no-62	2026-08-23
P0_RECOVER_PRODUCT	COMMERCE_LEAK_NOINDEX	"noindex" etiketi tarafından hariç tutuldu	sellable_or_shop_pdp_noindexed	remove_noindex_on_sellable_pdp	high	en	shop_pdp	icecek	8477-000sa-02	/en/shop/icecek/8477-000sa-02	True	True	https://equsto.com/en/login?mode=register&next=/en/shop/icecek/8477-000sa-02	2026-08-23
P0_RECOVER_PRODUCT	COMMERCE_LEAK_NOINDEX	"noindex" etiketi tarafından hariç tutuldu	sellable_or_shop_pdp_noindexed	remove_noindex_on_sellable_pdp	high	en	shop_pdp	istif	8897-27ip4-073	/en/shop/istif/8897-27ip4-073	True	True	https://equsto.com/en/login?mode=register&next=/en/shop/istif/8897-27ip4-073	2026-08-23
P0_RECOVER_PRODUCT	COMMERCE_LEAK_NOINDEX	"noindex" etiketi tarafından hariç tutuldu	sellable_or_shop_pdp_noindexed	remove_noindex_on_sellable_pdp		en	shop_pdp	market-reyonlari	eq-fulya-hf-fg-eq6		True	False	https://equsto.com/en/login?mode=register&next=/en/shop/market-reyonlari/eq-fulya-hf-fg-eq6	2026-08-23
P0_RECOVER_PRODUCT	COMMERCE_LEAK_NOINDEX	"noindex" etiketi tarafından hariç tutuldu	sellable_or_shop_pdp_noindexed	remove_noindex_on_sellable_pdp	high	en	shop_pdp	yikama	504250	/en/shop/yikama/504250	True	True	https://equsto.com/en/login?mode=register&next=/en/shop/yikama/504250	2026-08-23
P0_RECOVER_PRODUCT	COMMERCE_LEAK_NOINDEX	"noindex" etiketi tarafından hariç tutuldu	sellable_or_shop_pdp_noindexed	remove_noindex_on_sellable_pdp	high	en	shop_pdp	set-ustu-mutfak	8310-14100-00	/en/shop/set-ustu-mutfak/8310-14100-00	True	True	https://equsto.com/en/login?mode=register&next=/en/shop/set-ustu-mutfak/8310-14100-00	2026-08-23
P0_RECOVER_PRODUCT	COMMERCE_LEAK_NOINDEX	"noindex" etiketi tarafından hariç tutuldu	sellable_or_shop_pdp_noindexed	remove_noindex_on_sellable_pdp	high	en	shop_pdp	sogutma	7506-0b390-00	/en/shop/sogutma/7506-0b390-00	True	True	https://equsto.com/en/login?mode=register&next=/en/shop/sogutma/7506-0b390-00	2026-08-23
P0_RECOVER_PRODUCT	COMMERCE_LEAK_NOINDEX	"noindex" etiketi tarafından hariç tutuldu	sellable_or_shop_pdp_noindexed	remove_noindex_on_sellable_pdp	high	en	shop_pdp	set-ustu-mutfak	8310-19100-00	/en/shop/set-ustu-mutfak/8310-19100-00	True	True	https://equsto.com/en/login?mode=register&next=/en/shop/set-ustu-mutfak/8310-19100-00	2026-08-23
P0_RECOVER_PRODUCT	COMMERCE_LEAK_NOINDEX	"noindex" etiketi tarafından hariç tutuldu	sellable_or_shop_pdp_noindexed	remove_noindex_on_sellable_pdp	high	en	shop_pdp	set-ustu-mutfak	8315-00019-00	/en/shop/set-ustu-mutfak/8315-00019-00	True	True	https://equsto.com/en/login?mode=register&next=/en/shop/set-ustu-mutfak/8315-00019-00	2026-08-23
P0_RECOVER_PRODUCT	COMMERCE_LEAK_NOINDEX	"noindex" etiketi tarafından hariç tutuldu	sellable_or_shop_pdp_noindexed	remove_noindex_on_sellable_pdp	high	en	shop_pdp	hazirlik	9823-dr230-00	/en/shop/hazirlik/9823-dr230-00	True	False	https://equsto.com/en/login?mode=register&next=/en/shop/hazirlik/9823-dr230-00	2026-08-23
P0_RECOVER_PRODUCT	COMMERCE_LEAK_NOINDEX	"noindex" etiketi tarafından hariç tutuldu	sellable_or_shop_pdp_noindexed	remove_noindex_on_sellable_pdp	high	en	shop_pdp	sogutma	118-sc900-k	/en/shop/sogutma/118-sc900-k	True	True	https://equsto.com/en/login?mode=register&next=/en/shop/sogutma/118-sc900-k	2026-08-23
P0_RECOVER_PRODUCT	COMMERCE_LEAK_NOINDEX	"noindex" etiketi tarafından hariç tutuldu	sellable_or_shop_pdp_noindexed	remove_noindex_on_sellable_pdp	high	en	shop_pdp	set-ustu-mutfak	8315-00012-00	/en/shop/set-ustu-mutfak/8315-00012-00	True	True	https://equsto.com/en/login?mode=register&next=/en/shop/set-ustu-mutfak/8315-00012-00	2026-08-23
P0_RECOVER_PRODUCT	COMMERCE_LEAK_NOINDEX	"noindex" etiketi tarafından hariç tutuldu	sellable_or_shop_pdp_noindexed	remove_noindex_on_sellable_pdp	high	en	shop_pdp	tezgah	7758-187c8-21	/en/shop/tezgah/7758-187c8-21	True	True	https://equsto.com/en/login?mode=register&next=/en/shop/tezgah/7758-187c8-21	2026-08-23
P0_RECOVER_PRODUCT	COMMERCE_LEAK_NOINDEX	"noindex" etiketi tarafından hariç tutuldu	sellable_or_shop_pdp_noindexed	remove_noindex_on_sellable_pdp	high	en	shop_pdp	set-ustu-mutfak	8310-13100-00	/en/shop/set-ustu-mutfak/8310-13100-00	True	True	https://equsto.com/en/login?mode=register&next=/en/shop/set-ustu-mutfak/8310-13100-00	2026-08-23
P0_RECOVER_PRODUCT	COMMERCE_LEAK_NOINDEX	"noindex" etiketi tarafından hariç tutuldu	sellable_or_shop_pdp_noindexed	remove_noindex_on_sellable_pdp	high	en	shop_pdp	set-ustu-mutfak	8310-0pp16-65	/en/shop/set-ustu-mutfak/8310-0pp16-65	True	True	https://equsto.com/en/login?mode=register&next=/en/shop/set-ustu-mutfak/8310-0pp16-65	2026-08-23
P0_RECOVER_PRODUCT	COMMERCE_LEAK_NOINDEX	"noindex" etiketi tarafından hariç tutuldu	sellable_or_shop_pdp_noindexed	remove_noindex_on_sellable_pdp	high	en	shop_pdp	set-ustu-mutfak	8310-0pp13-65	/en/shop/set-ustu-mutfak/8310-0pp13-65	True	True	https://equsto.com/en/login?mode=register&next=/en/shop/set-ustu-mutfak/8310-0pp13-65	2026-08-22
P0_RECOVER_PRODUCT	COMMERCE_LEAK_NOINDEX	"noindex" etiketi tarafından hariç tutuldu	sellable_or_shop_pdp_noindexed	remove_noindex_on_sellable_pdp	high	en	shop_pdp	sogutma	7919-df1517-00	/en/shop/sogutma/7919-df1517-00	True	True	https://equsto.com/en/login?mode=register&next=/en/shop/sogutma/7919-df1517-00	2026-08-22
P0_RECOVER_PRODUCT	COMMERCE_LEAK_NOINDEX	"noindex" etiketi tarafından hariç tutuldu	sellable_or_shop_pdp_noindexed	remove_noindex_on_sellable_pdp	high	en	shop_pdp	market-reyonlari	eq-falcon-eq39	/en/shop/market-reyonlari/eq-falcon-eq39	True	True	https://equsto.com/en/login?mode=register&next=/en/shop/market-reyonlari/eq-falcon-eq39	2026-08-22
P0_RECOVER_PRODUCT	COMMERCE_LEAK_NOINDEX	"noindex" etiketi tarafından hariç tutuldu	sellable_or_shop_pdp_noindexed	remove_noindex_on_sellable_pdp	high	en	shop_pdp	tezgah	eq-kbulst02-14070	/en/shop/tezgah/eq-kbulst02-14070	True	True	https://equsto.com/en/login?next=/en/shop/tezgah/eq-kbulst02-14070	2026-08-22
P0_RECOVER_PRODUCT	COMMERCE_LEAK_NOINDEX	"noindex" etiketi tarafından hariç tutuldu	sellable_or_shop_pdp_noindexed	remove_noindex_on_sellable_pdp	high	en	shop_pdp	set-ustu-mutfak	8310-12065-00	/en/shop/set-ustu-mutfak/8310-12065-00	True	True	https://equsto.com/en/login?mode=register&next=/en/shop/set-ustu-mutfak/8310-12065-00	2026-08-22
P0_RECOVER_PRODUCT	COMMERCE_LEAK_NOINDEX	"noindex" etiketi tarafından hariç tutuldu	sellable_or_shop_pdp_noindexed	remove_noindex_on_sellable_pdp	high	en	shop_pdp	market-reyonlari	eq-lion-eq34	/en/shop/market-reyonlari/eq-lion-eq34	True	True	https://equsto.com/en/login?mode=register&next=/en/shop/market-reyonlari/eq-lion-eq34	2026-08-22
P0_RECOVER_PRODUCT	COMMERCE_LEAK_NOINDEX	"noindex" etiketi tarafından hariç tutuldu	sellable_or_shop_pdp_noindexed	remove_noindex_on_sellable_pdp	high	en	shop_pdp	pisirme	7961-02929-1y4	/en/shop/yikama/7961-02929-1y4	True	True	https://equsto.com/en/login?mode=register&next=/en/shop/pisirme/7961-02929-1y4	2026-08-22
P0_RECOVER_PRODUCT	COMMERCE_LEAK_NOINDEX	"noindex" etiketi tarafından hariç tutuldu	sellable_or_shop_pdp_noindexed	remove_noindex_on_sellable_pdp	high	en	shop_pdp	pisirme	ast-129	/en/shop/pisirme/ast-129	True	True	https://equsto.com/en/login?mode=register&next=/en/shop/pisirme/ast-129	2026-08-22
P0_RECOVER_PRODUCT	COMMERCE_LEAK_NOINDEX	"noindex" etiketi tarafından hariç tutuldu	sellable_or_shop_pdp_noindexed	remove_noindex_on_sellable_pdp	high	en	shop_pdp	sogutma	79e3-27lmv-03	/en/shop/sogutma/79e3-27lmv-03	True	True	https://equsto.com/en/login?mode=register&next=/en/shop/sogutma/79e3-27lmv-03	2026-08-22
P0_RECOVER_PRODUCT	COMMERCE_LEAK_NOINDEX	"noindex" etiketi tarafından hariç tutuldu	sellable_or_shop_pdp_noindexed	remove_noindex_on_sellable_pdp	high	en	shop_pdp	sogutma	7919-cr2015-00	/en/shop/sogutma/7919-cr2015-00	True	True	https://equsto.com/en/login?mode=register&next=/en/shop/sogutma/7919-cr2015-00	2026-08-22
P0_RECOVER_PRODUCT	COMMERCE_LEAK_NOINDEX	"noindex" etiketi tarafından hariç tutuldu	sellable_or_shop_pdp_noindexed	remove_noindex_on_sellable_pdp	high	en	shop_pdp	pisirme	7855-n1-80908-11	/en/shop/pisirme/7855-n1-80908-11	True	True	https://equsto.com/en/login?mode=register&next=/en/shop/pisirme/7855-n1-80908-11	2026-08-22
P0_RECOVER_PRODUCT	COMMERCE_LEAK_NOINDEX	"noindex" etiketi tarafından hariç tutuldu	sellable_or_shop_pdp_noindexed	remove_noindex_on_sellable_pdp		en	shop_pdp	tezgah	pimak-19070-50		True	False	https://equsto.com/en/login?mode=register&next=/en/shop/tezgah/pimak-19070-50	2026-08-22
P0_RECOVER_PRODUCT	COMMERCE_LEAK_NOINDEX	"noindex" etiketi tarafından hariç tutuldu	sellable_or_shop_pdp_noindexed	remove_noindex_on_sellable_pdp	high	en	shop_pdp	dolap	7911-12060-79	/en/shop/tezgah/7911-12060-79	True	True	https://equsto.com/en/login?mode=register&next=/en/shop/dolap/7911-12060-79	2026-08-22
P0_RECOVER_PRODUCT	COMMERCE_LEAK_NOINDEX	"noindex" etiketi tarafından hariç tutuldu	sellable_or_shop_pdp_noindexed	remove_noindex_on_sellable_pdp	high	en	shop_pdp	market-reyonlari	eq-falcon-eq63	/en/shop/market-reyonlari/eq-falcon-eq63	True	True	https://equsto.com/en/login?mode=register&next=/en/shop/market-reyonlari/eq-falcon-eq63	2026-08-22
P0_RECOVER_PRODUCT	COMMERCE_LEAK_NOINDEX	"noindex" etiketi tarafından hariç tutuldu	sellable_or_shop_pdp_noindexed	remove_noindex_on_sellable_pdp	high	en	shop_pdp	market-reyonlari	eq-falcon-sld-eq50	/en/shop/market-reyonlari/eq-falcon-sld-eq50	True	True	https://equsto.com/en/login?mode=register&next=/en/shop/market-reyonlari/eq-falcon-sld-eq50	2026-08-22
P0_RECOVER_PRODUCT	COMMERCE_LEAK_NOINDEX	"noindex" etiketi tarafından hariç tutuldu	sellable_or_shop_pdp_noindexed	remove_noindex_on_sellable_pdp	high	en	shop_pdp	tezgah	7911-14070-20	/en/shop/tezgah/7911-14070-20	True	True	https://equsto.com/en/login?mode=register&next=/en/shop/tezgah/7911-14070-20	2026-08-22
P0_RECOVER_PRODUCT	COMMERCE_LEAK_NOINDEX	"noindex" etiketi tarafından hariç tutuldu	sellable_or_shop_pdp_noindexed	remove_noindex_on_sellable_pdp	high	en	shop_pdp	tasima	7919-70182-03	/en/shop/tasima/7919-70182-03	True	True	https://equsto.com/en/login?mode=register&next=/en/shop/tasima/7919-70182-03	2026-08-22
P0_RECOVER_PRODUCT	COMMERCE_LEAK_NOINDEX	"noindex" etiketi tarafından hariç tutuldu	sellable_or_shop_pdp_noindexed	remove_noindex_on_sellable_pdp	high	en	shop_pdp	istif	8897-46151-p0	/en/shop/istif/8897-46151-p0	True	True	https://equsto.com/en/login?mode=register&next=/en/shop/istif/8897-46151-p0	2026-08-22
P0_RECOVER_PRODUCT	COMMERCE_LEAK_NOINDEX	"noindex" etiketi tarafından hariç tutuldu	sellable_or_shop_pdp_noindexed	remove_noindex_on_sellable_pdp	high	en	shop_pdp	pisirme	eaei-660-nd	/en/shop/pisirme/eaei-660-nd	True	True	https://equsto.com/en/login?mode=register&next=/en/shop/pisirme/eaei-660-nd	2026-08-22
P0_RECOVER_PRODUCT	COMMERCE_LEAK_NOINDEX	"noindex" etiketi tarafından hariç tutuldu	sellable_or_shop_pdp_noindexed	remove_noindex_on_sellable_pdp	high	en	shop_pdp	yikama	ino-bym102s	/en/shop/yikama/ino-bym102s	True	True	https://equsto.com/en/login?mode=register&next=/en/shop/yikama/ino-bym102s	2026-08-22
P0_RECOVER_PRODUCT	COMMERCE_LEAK_NOINDEX	"noindex" etiketi tarafından hariç tutuldu	sellable_or_shop_pdp_noindexed	remove_noindex_on_sellable_pdp	high	en	shop_pdp	sogutma	79k4-12nmv-11	/en/shop/sogutma/79k4-12nmv-11	True	True	https://equsto.com/en/login?mode=register&next=/en/shop/sogutma/79k4-12nmv-11	2026-08-22
P0_RECOVER_PRODUCT	COMMERCE_LEAK_NOINDEX	"noindex" etiketi tarafından hariç tutuldu	sellable_or_shop_pdp_noindexed	remove_noindex_on_sellable_pdp	high	en	shop_pdp	tezgah	eq-kct08-14070	/en/shop/tezgah/eq-kct08-14070	True	True	https://equsto.com/en/login?mode=register&next=/en/shop/tezgah/eq-kct08-14070	2026-08-22
P0_RECOVER_PRODUCT	COMMERCE_LEAK_NOINDEX	"noindex" etiketi tarafından hariç tutuldu	sellable_or_shop_pdp_noindexed	remove_noindex_on_sellable_pdp	high	en	shop_pdp	set-ustu-mutfak	8310-16065-00	/en/shop/set-ustu-mutfak/8310-16065-00	True	True	https://equsto.com/en/login?mode=register&next=/en/shop/set-ustu-mutfak/8310-16065-00	2026-08-22
P0_RECOVER_PRODUCT	COMMERCE_LEAK_NOINDEX	"noindex" etiketi tarafından hariç tutuldu	sellable_or_shop_pdp_noindexed	remove_noindex_on_sellable_pdp	high	en	shop_pdp	tezgah	133119	/en/shop/tezgah/133119	True	True	https://equsto.com/en/login?mode=register&next=/en/shop/tezgah/133119	2026-08-22
P0_RECOVER_PRODUCT	COMMERCE_LEAK_NOINDEX	"noindex" etiketi tarafından hariç tutuldu	sellable_or_shop_pdp_noindexed	remove_noindex_on_sellable_pdp	high	en	shop_pdp	market-reyonlari	eq-butterfly-cg-pr-pn-ht-eq2	/en/shop/market-reyonlari/eq-butterfly-cg-pr-pn-ht-eq2	True	False	https://equsto.com/en/login?mode=register&next=/en/shop/market-reyonlari/eq-butterfly-cg-pr-pn-ht-eq2	2026-08-22
P0_RECOVER_PRODUCT	COMMERCE_LEAK_NOINDEX	"noindex" etiketi tarafından hariç tutuldu	sellable_or_shop_pdp_noindexed	remove_noindex_on_sellable_pdp	high	en	shop_pdp	sogutma	8919-oef15-ap	/en/shop/sogutma/8919-oef15-ap	True	True	https://equsto.com/en/login?mode=register&next=/en/shop/sogutma/8919-oef15-ap	2026-08-22
P0_RECOVER_PRODUCT	COMMERCE_LEAK_NOINDEX	"noindex" etiketi tarafından hariç tutuldu	sellable_or_shop_pdp_noindexed	remove_noindex_on_sellable_pdp	high	en	shop_pdp	pisirme	7961-04929-1o3	/en/shop/yikama/7961-04929-1o3	True	True	https://equsto.com/en/login?mode=register&next=/en/shop/pisirme/7961-04929-1o3	2026-08-22
P0_RECOVER_PRODUCT	COMMERCE_LEAK_NOINDEX	"noindex" etiketi tarafından hariç tutuldu	sellable_or_shop_pdp_noindexed	remove_noindex_on_sellable_pdp	high	en	shop_pdp	pisirme	ino-9ig11s	/en/shop/pisirme/ino-9ig11s	True	True	https://equsto.com/en/login?mode=register&next=/en/shop/pisirme/ino-9ig11s	2026-08-22
P0_RECOVER_PRODUCT	COMMERCE_LEAK_NOINDEX	"noindex" etiketi tarafından hariç tutuldu	sellable_or_shop_pdp_noindexed	remove_noindex_on_sellable_pdp	high	en	shop_pdp	tezgah	7758-216e8-31	/en/shop/tezgah/7758-216e8-31	True	True	https://equsto.com/en/login?mode=register&next=/en/shop/tezgah/7758-216e8-31	2026-08-22
P0_RECOVER_PRODUCT	COMMERCE_LEAK_NOINDEX	"noindex" etiketi tarafından hariç tutuldu	sellable_or_shop_pdp_noindexed	remove_noindex_on_sellable_pdp	high	en	shop_pdp	tezgah	7754-147d8-11	/en/shop/tezgah/7754-147d8-11	True	True	https://equsto.com/en/login?mode=register&next=/en/shop/tezgah/7754-147d8-11	2026-08-22
P0_RECOVER_PRODUCT	COMMERCE_LEAK_NOINDEX	"noindex" etiketi tarafından hariç tutuldu	sellable_or_shop_pdp_noindexed	remove_noindex_on_sellable_pdp	high	en	shop_pdp	pisirme	7960-07429-5o3	/en/shop/yikama/7960-07429-5o3	True	True	https://equsto.com/en/login?mode=register&next=/en/shop/pisirme/7960-07429-5o3	2026-08-22
P0_RECOVER_PRODUCT	COMMERCE_LEAK_NOINDEX	"noindex" etiketi tarafından hariç tutuldu	sellable_or_shop_pdp_noindexed	remove_noindex_on_sellable_pdp	high	en	shop_pdp	istif	46-x-152-x-183-304l	/en/shop/istif/46-x-152-x-183-304l	True	True	https://equsto.com/en/login?mode=register&next=/en/shop/istif/46-x-152-x-183-304l	2026-08-22
P0_RECOVER_PRODUCT	COMMERCE_LEAK_NOINDEX	"noindex" etiketi tarafından hariç tutuldu	sellable_or_shop_pdp_noindexed	remove_noindex_on_sellable_pdp		en	shop_pdp	market-reyonlari	eq-acelya-eq7		True	False	https://equsto.com/en/login?mode=register&next=/en/shop/market-reyonlari/eq-acelya-eq7	2026-08-22
P0_RECOVER_PRODUCT	COMMERCE_LEAK_NOINDEX	"noindex" etiketi tarafından hariç tutuldu	sellable_or_shop_pdp_noindexed	remove_noindex_on_sellable_pdp	high	en	shop_pdp	pisirme	abs-10	/en/shop/pisirme/abs-10	True	True	https://equsto.com/en/login?mode=register&next=/en/shop/pisirme/abs-10	2026-08-22
P0_RECOVER_PRODUCT	COMMERCE_LEAK_NOINDEX	"noindex" etiketi tarafından hariç tutuldu	sellable_or_shop_pdp_noindexed	remove_noindex_on_sellable_pdp	high	en	shop_pdp	sogutma	7919-cr3017-00	/en/shop/sogutma/7919-cr3017-00	True	True	https://equsto.com/en/login?mode=register&next=/en/shop/sogutma/7919-cr3017-00	2026-08-22
P0_RECOVER_PRODUCT	COMMERCE_LEAK_NOINDEX	"noindex" etiketi tarafından hariç tutuldu	sellable_or_shop_pdp_noindexed	remove_noindex_on_sellable_pdp	high	en	shop_pdp	yikama	118-dbe-02	/en/shop/yikama/118-dbe-02	True	True	https://equsto.com/en/login?mode=register&next=/en/shop/yikama/118-dbe-02	2026-08-22
P0_RECOVER_PRODUCT	COMMERCE_LEAK_NOINDEX	"noindex" etiketi tarafından hariç tutuldu	sellable_or_shop_pdp_noindexed	remove_noindex_on_sellable_pdp	high	en	shop_pdp	tezgah	7754-156a8-21	/en/shop/tezgah/7754-156a8-21	True	True	https://equsto.com/en/login?mode=register&next=/en/shop/tezgah/7754-156a8-21	2026-08-22
P0_RECOVER_PRODUCT	COMMERCE_LEAK_NOINDEX	"noindex" etiketi tarafından hariç tutuldu	sellable_or_shop_pdp_noindexed	remove_noindex_on_sellable_pdp	high	en	shop_pdp	market-reyonlari	eq-lion-eq9	/en/shop/market-reyonlari/eq-lion-eq9	True	True	https://equsto.com/en/login?mode=register&next=/en/shop/market-reyonlari/eq-lion-eq9	2026-08-22
P0_RECOVER_PRODUCT	COMMERCE_LEAK_NOINDEX	"noindex" etiketi tarafından hariç tutuldu	sellable_or_shop_pdp_noindexed	remove_noindex_on_sellable_pdp	high	en	shop_pdp	tezgah	eq-kct05-12070	/en/shop/tezgah/eq-kct05-12070	True	True	https://equsto.com/en/login?mode=register&next=/en/shop/tezgah/eq-kct05-12070	2026-08-22
P0_RECOVER_PRODUCT	COMMERCE_LEAK_NOINDEX	"noindex" etiketi tarafından hariç tutuldu	sellable_or_shop_pdp_noindexed	remove_noindex_on_sellable_pdp	high	en	shop_pdp	yikama	ino-byf360l	/en/shop/yikama/ino-byf360l	True	True	https://equsto.com/en/login?mode=register&next=/en/shop/yikama/ino-byf360l	2026-08-22
P0_RECOVER_PRODUCT	COMMERCE_LEAK_NOINDEX	"noindex" etiketi tarafından hariç tutuldu	sellable_or_shop_pdp_noindexed	remove_noindex_on_sellable_pdp	high	en	shop_pdp	tezgah	7911-09070-84	/en/shop/tezgah/7911-09070-84	True	True	https://equsto.com/en/login?mode=register&next=/en/shop/tezgah/7911-09070-84	2026-08-22
P0_RECOVER_PRODUCT	COMMERCE_LEAK_NOINDEX	"noindex" etiketi tarafından hariç tutuldu	sellable_or_shop_pdp_noindexed	remove_noindex_on_sellable_pdp	high	en	shop_pdp	set-ustu-mutfak	9332-00023-50	/en/shop/set-ustu-mutfak/9332-00023-50	True	True	https://equsto.com/en/login?mode=register&next=/en/shop/set-ustu-mutfak/9332-00023-50	2026-08-22
P0_RECOVER_PRODUCT	COMMERCE_LEAK_NOINDEX	"noindex" etiketi tarafından hariç tutuldu	sellable_or_shop_pdp_noindexed	remove_noindex_on_sellable_pdp	high	en	shop_pdp	dolap	79k4-12lmv-10	/en/shop/tezgah/79k4-12lmv-10	True	True	https://equsto.com/en/login?mode=register&next=/en/shop/dolap/79k4-12lmv-10	2026-08-22
P0_RECOVER_PRODUCT	COMMERCE_LEAK_NOINDEX	"noindex" etiketi tarafından hariç tutuldu	sellable_or_shop_pdp_noindexed	remove_noindex_on_sellable_pdp		en	shop_pdp	market-reyonlari	eq-lotus-lb-eq1		True	False	https://equsto.com/en/login?mode=register&next=/en/shop/market-reyonlari/eq-lotus-lb-eq1	2026-08-22
P0_RECOVER_PRODUCT	COMMERCE_LEAK_NOINDEX	"noindex" etiketi tarafından hariç tutuldu	sellable_or_shop_pdp_noindexed	remove_noindex_on_sellable_pdp	high	en	shop_pdp	set-ustu-mutfak	8850-wf25e-02	/en/shop/set-ustu-mutfak/8850-wf25e-02	True	True	https://equsto.com/en/login?mode=register&next=/en/shop/set-ustu-mutfak/8850-wf25e-02	2026-08-22
P0_RECOVER_PRODUCT	COMMERCE_LEAK_NOINDEX	"noindex" etiketi tarafından hariç tutuldu	sellable_or_shop_pdp_noindexed	remove_noindex_on_sellable_pdp	high	en	shop_pdp	pisirme	7864-n1-80703-72	/en/shop/pisirme/7864-n1-80703-72	True	True	https://equsto.com/en/login?mode=register&next=/en/shop/pisirme/7864-n1-80703-72	2026-08-22
P0_RECOVER_PRODUCT	COMMERCE_LEAK_NOINDEX	"noindex" etiketi tarafından hariç tutuldu	sellable_or_shop_pdp_noindexed	remove_noindex_on_sellable_pdp	high	en	shop_pdp	pisirme	371194	/en/shop/pisirme/371194	True	True	https://equsto.com/en/login?mode=register&next=/en/shop/pisirme/371194	2026-08-22
P0_RECOVER_PRODUCT	COMMERCE_LEAK_NOINDEX	"noindex" etiketi tarafından hariç tutuldu	sellable_or_shop_pdp_noindexed	remove_noindex_on_sellable_pdp	high	en	shop_pdp	hazirlik	118-dy-02	/en/shop/hazirlik/118-dy-02	True	True	https://equsto.com/en/login?mode=register&next=/en/shop/hazirlik/118-dy-02	2026-08-22
P0_RECOVER_PRODUCT	COMMERCE_LEAK_NOINDEX	"noindex" etiketi tarafından hariç tutuldu	sellable_or_shop_pdp_noindexed	remove_noindex_on_sellable_pdp	high	en	shop_pdp	sogutma	cam-3d70	/en/shop/sogutma/cam-3d70	True	True	https://equsto.com/en/login?mode=register&next=/en/shop/sogutma/cam-3d70	2026-08-22
P0_RECOVER_PRODUCT	COMMERCE_LEAK_NOINDEX	"noindex" etiketi tarafından hariç tutuldu	sellable_or_shop_pdp_noindexed	remove_noindex_on_sellable_pdp	high	en	shop_pdp	tezgah	7754-186e8-23	/en/shop/tezgah/7754-186e8-23	True	True	https://equsto.com/en/login?mode=register&next=/en/shop/tezgah/7754-186e8-23	2026-08-22
P0_RECOVER_PRODUCT	COMMERCE_LEAK_NOINDEX	"noindex" etiketi tarafından hariç tutuldu	sellable_or_shop_pdp_noindexed	remove_noindex_on_sellable_pdp	high	en	shop_pdp	yikama	7711-12075-13	/en/shop/yikama/7711-12075-13	True	True	https://equsto.com/en/login?mode=register&next=/en/shop/yikama/7711-12075-13	2026-08-22
P0_RECOVER_PRODUCT	COMMERCE_LEAK_NOINDEX	"noindex" etiketi tarafından hariç tutuldu	sellable_or_shop_pdp_noindexed	remove_noindex_on_sellable_pdp	high	en	shop_pdp	pisirme	aei-873-n	/en/shop/pisirme/aei-873-n	True	True	https://equsto.com/en/login?mode=register&next=/en/shop/pisirme/aei-873-n	2026-08-22
P0_RECOVER_PRODUCT	COMMERCE_LEAK_NOINDEX	"noindex" etiketi tarafından hariç tutuldu	sellable_or_shop_pdp_noindexed	remove_noindex_on_sellable_pdp	high	en	shop_pdp	market-reyonlari	eq-lion-eq10	/en/shop/market-reyonlari/eq-lion-eq10	True	True	https://equsto.com/en/login?mode=register&next=/en/shop/market-reyonlari/eq-lion-eq10	2026-08-22
P0_RECOVER_PRODUCT	COMMERCE_LEAK_NOINDEX	"noindex" etiketi tarafından hariç tutuldu	sellable_or_shop_pdp_noindexed	remove_noindex_on_sellable_pdp	high	en	shop_pdp	tezgah	ino-krn110c	/en/shop/tezgah/ino-krn110c	True	True	https://equsto.com/en/login?mode=register&next=/en/shop/tezgah/ino-krn110c	2026-08-22
P0_RECOVER_PRODUCT	COMMERCE_LEAK_NOINDEX	"noindex" etiketi tarafından hariç tutuldu	sellable_or_shop_pdp_noindexed	remove_noindex_on_sellable_pdp	high	en	shop_pdp	tezgah	7897-16030-04	/en/shop/tezgah/7897-16030-04	True	True	https://equsto.com/en/login?mode=register&next=/en/shop/tezgah/7897-16030-04	2026-08-22
P0_RECOVER_PRODUCT	COMMERCE_LEAK_NOINDEX	"noindex" etiketi tarafından hariç tutuldu	sellable_or_shop_pdp_noindexed	remove_noindex_on_sellable_pdp	high	en	shop_pdp	pisirme	7854-07098-25	/en/shop/pisirme/7854-07098-25	True	True	https://equsto.com/en/login?mode=register&next=/en/shop/pisirme/7854-07098-25	2026-08-22
P0_RECOVER_PRODUCT	COMMERCE_LEAK_NOINDEX	"noindex" etiketi tarafından hariç tutuldu	sellable_or_shop_pdp_noindexed	remove_noindex_on_sellable_pdp	high	en	shop_pdp	market-reyonlari	eq-lion-sld-eq6	/en/shop/market-reyonlari/eq-lion-sld-eq6	True	True	https://equsto.com/en/login?mode=register&next=/en/shop/market-reyonlari/eq-lion-sld-eq6	2026-08-22
P0_RECOVER_PRODUCT	COMMERCE_LEAK_NOINDEX	"noindex" etiketi tarafından hariç tutuldu	sellable_or_shop_pdp_noindexed	remove_noindex_on_sellable_pdp	high	en	shop_pdp	tezgah	ino-kbn140	/en/shop/tezgah/ino-kbn140	True	True	https://equsto.com/en/login?mode=register&next=/en/shop/tezgah/ino-kbn140	2026-08-22
P0_RECOVER_PRODUCT	COMMERCE_LEAK_NOINDEX	"noindex" etiketi tarafından hariç tutuldu	sellable_or_shop_pdp_noindexed	remove_noindex_on_sellable_pdp	high	en	shop_pdp	tezgah	7911-09070-96	/en/shop/tezgah/7911-09070-96	True	True	https://equsto.com/en/login?mode=register&next=/en/shop/tezgah/7911-09070-96	2026-08-22
