plan_bucket	decision	gsc_reason	why	action	confidence	lang	kind	dept	slug	target	was_login	product_hit	url	last_crawl
P1_DROP_NO_VALUE	DROP_410	Yeniden yönlendirme hatası	broken_redirect_no_product	410		tr	shop_pdp	dolap	ztiryakiler-end-striyel-mutfak-s-cakl-k-dolab-s-rtl-elektrikli-160-70		False	False	https://equsto.com/shop/dolap/ztiryakiler-end-striyel-mutfak-s-cakl-k-dolab-s-rtl-elektrikli-160-70	2026-07-25
P1_DROP_NO_VALUE	DROP_410	Yeniden yönlendirme hatası	broken_redirect_no_product	410		tr	shop_pdp	dolap	ztiryakiler-end-striyel-mutfak-gn-1200-lmv-dort-yar-m-kap-l-der-n-dondurucu-430-k-t-p		False	False	https://equsto.com/shop/dolap/ztiryakiler-end-striyel-mutfak-gn-1200-lmv-dort-yar-m-kap-l-der-n-dondurucu-430-k-t-p	2026-07-23
P1_DROP_NO_VALUE	DROP_410	Yeniden yönlendirme hatası	broken_redirect_no_product	410		tr	shop_pdp	dolap	ztiryakiler-end-striyel-mutfak-gn-600-lmv-tek-nox-kap-d-k-t-p-derin-dondurucu-k-tip		False	False	https://equsto.com/shop/dolap/ztiryakiler-end-striyel-mutfak-gn-600-lmv-tek-nox-kap-d-k-t-p-derin-dondurucu-k-tip	2026-07-21
P1_DROP_NO_VALUE	DROP_410	Yeniden yönlendirme hatası	broken_redirect_no_product	410		tr	shop_pdp	dolap	ztiryakiler-end-striyel-mutfak-servis-raf-bombe-caml-140-30		False	False	https://equsto.com/shop/dolap/ztiryakiler-end-striyel-mutfak-servis-raf-bombe-caml-140-30	2026-07-21
P1_DROP_NO_VALUE	DROP_410	Yeniden yönlendirme hatası	broken_redirect_no_product	410	high	tr	shop_pdp	dolap	7911-06060-12k	/shop/tasima/7911-06060-12k	False	False	https://equsto.com/shop/dolap/7911-06060-12k	2026-07-20
P1_DROP_NO_VALUE	DROP_410	Yeniden yönlendirme hatası	broken_redirect_no_product	410		tr	shop_pdp	dolap	ztiryakiler-end-striyel-mutfak-servis-raf-160-30		False	False	https://equsto.com/shop/dolap/ztiryakiler-end-striyel-mutfak-servis-raf-160-30	2026-07-19
P1_DROP_NO_VALUE	DROP_410	Yeniden yönlendirme hatası	broken_redirect_no_product	410		tr	shop_pdp	dolap	ztiryakiler-end-striyel-mutfak-duvar-raf-s-zmeli-140-30		False	False	https://equsto.com/shop/dolap/ztiryakiler-end-striyel-mutfak-duvar-raf-s-zmeli-140-30	2026-07-18
P1_DROP_NO_VALUE	DROP_410	Yeniden yönlendirme hatası	broken_redirect_no_product	410		tr	shop_pdp	dolap	ztiryakiler-end-striyel-mutfak-servis-raf-190-30		False	False	https://equsto.com/shop/dolap/ztiryakiler-end-striyel-mutfak-servis-raf-190-30	2026-07-16
P1_DROP_NO_VALUE	DROP_410	Yeniden yönlendirme hatası	broken_redirect_no_product	410		tr	shop_pdp	dolap	ztiryakiler-end-striyel-mutfak-gn-600-lmv-tek-nox-kap-d-k-t-p-der-n-dondurucu		False	False	https://equsto.com/shop/dolap/ztiryakiler-end-striyel-mutfak-gn-600-lmv-tek-nox-kap-d-k-t-p-der-n-dondurucu	2026-07-15
P1_DROP_NO_VALUE	DROP_410	Yeniden yönlendirme hatası	broken_redirect_no_product	410		tr	shop_pdp	dolap	ztiryakiler-end-striyel-mutfak-s-cakl-k-dolab-s-rtl-elektrikli-140-60		False	False	https://equsto.com/shop/dolap/ztiryakiler-end-striyel-mutfak-s-cakl-k-dolab-s-rtl-elektrikli-140-60	2026-07-10
P1_DROP_NO_VALUE	DROP_410	Yeniden yönlendirme hatası	broken_redirect_no_product	410		tr	shop_pdp	dolap	ztiryakiler-end-striyel-mutfak-s-cakl-k-dolab-s-rtl-elektrikli-140-70		False	False	https://equsto.com/shop/dolap/ztiryakiler-end-striyel-mutfak-s-cakl-k-dolab-s-rtl-elektrikli-140-70	2026-07-04
P1_DROP_NO_VALUE	DROP_410	Yeniden yönlendirme hatası	broken_redirect_no_product	410		tr	shop_pdp	sogutma	oztiryakiler-endustriyel-mutfak-oztiryakiler-gn-600-lmv-cift-yarim-kapili-dik-tip-derin-dondurucu-k-tip-79k4-06lmv-10		False	False	https://equsto.com/shop/sogutma/oztiryakiler-endustriyel-mutfak-oztiryakiler-gn-600-lmv-cift-yarim-kapili-dik-tip-derin-dondurucu-k-tip-79k4-06lmv-10	2026-06-30
P1_DROP_NO_VALUE	DROP_410	Bulunamadı (404)	no_sellable_product	410+sitemap_drop		tr	shop_pdp	hazirlik	rc-28061		False	False	https://equsto.com/shop/hazirlik/rc-28061	2026-09-22
P1_DROP_NO_VALUE	DROP_410	Bulunamadı (404)	no_sellable_product	410+sitemap_drop		tr	shop_pdp	davlumbaz	pimak-12125-11		False	False	https://equsto.com/shop/davlumbaz/pimak-12125-11	2026-09-22
P1_DROP_NO_VALUE	DROP_410	Bulunamadı (404)	no_sellable_product	410+sitemap_drop		en	shop_pdp	tezgah	pimak-10060-15		False	False	https://equsto.com/en/shop/tezgah/pimak-10060-15	2026-09-22
P1_DROP_NO_VALUE	DROP_410	Bulunamadı (404)	no_sellable_product	410+sitemap_drop		en	shop_pdp	davlumbaz	equsto__equsto-35125-01		False	False	https://equsto.com/en/shop/davlumbaz/equsto__equsto-35125-01	2026-09-22
P1_DROP_NO_VALUE	DROP_410	Bulunamadı (404)	no_sellable_product	410+sitemap_drop		tr	shop_pdp	hazirlik	rc-27072		False	False	https://equsto.com/shop/hazirlik/rc-27072	2026-09-22
P1_DROP_NO_VALUE	DROP_410	Bulunamadı (404)	no_sellable_product	410+sitemap_drop		en	shop_pdp	davlumbaz	pimak-50205-00		False	False	https://equsto.com/en/shop/davlumbaz/pimak-50205-00	2026-09-22
P1_DROP_NO_VALUE	DROP_410	Bulunamadı (404)	no_sellable_product	410+sitemap_drop		en	shop_pdp	market-reyonlari	eq-lotus-eq5		True	False	https://equsto.com/en/login.html?next=/en/shop/market-reyonlari/eq-lotus-eq5	2026-09-22
P1_DROP_NO_VALUE	DROP_410	Bulunamadı (404)	no_sellable_product	410+sitemap_drop		en	shop_pdp	market-reyonlari	eq-fulya-hf-tp-eq16		True	False	https://equsto.com/en/login.html?next=/en/shop/market-reyonlari/eq-fulya-hf-tp-eq16	2026-09-22
P1_DROP_NO_VALUE	DROP_410	Bulunamadı (404)	no_sellable_product	410+sitemap_drop		tr	shop_pdp	market-reyonlari	nergis-tp-sky-ml-3m1-1875x1012x2050		False	False	https://equsto.com/shop/market-reyonlari/nergis-tp-sky-ml-3m1-1875x1012x2050	2026-09-22
P1_DROP_NO_VALUE	DROP_410	Bulunamadı (404)	no_sellable_product	410+sitemap_drop		tr	shop_pdp	market-reyonlari	nergis-lb-fg-ml-3m1-3124x912x2050		False	False	https://equsto.com/shop/market-reyonlari/nergis-lb-fg-ml-3m1-3124x912x2050	2026-09-22
P1_DROP_NO_VALUE	DROP_410	Bulunamadı (404)	no_sellable_product	410+sitemap_drop		en	shop_pdp	sogutma	portabianco-tezgah-tip-mix-iki-kapili-buzdolabi		False	False	https://equsto.com/en/shop/sogutma/portabianco-tezgah-tip-mix-iki-kapili-buzdolabi	2026-09-22
P1_DROP_NO_VALUE	DROP_410	Bulunamadı (404)	no_sellable_product	410+sitemap_drop		tr	shop_pdp	hazirlik	rc-1909w		False	False	https://equsto.com/shop/hazirlik/rc-1909w	2026-09-22
P1_DROP_NO_VALUE	DROP_410	Bulunamadı (404)	no_sellable_product	410+sitemap_drop		tr	shop_pdp	market-reyonlari	eq-nergis-tp-sky-eq20		False	False	https://equsto.com/shop/market-reyonlari/eq-nergis-tp-sky-eq20	2026-09-22
P1_DROP_NO_VALUE	DROP_410	Bulunamadı (404)	no_sellable_product	410+sitemap_drop		tr	shop_pdp	market-reyonlari	eq-nergis-lm-eq54		False	False	https://equsto.com/shop/market-reyonlari/eq-nergis-lm-eq54	2026-09-22
P1_DROP_NO_VALUE	DROP_410	Bulunamadı (404)	no_sellable_product	410+sitemap_drop		tr	shop_pdp	hazirlik	rc-28113		False	False	https://equsto.com/shop/hazirlik/rc-28113	2026-09-22
P1_DROP_NO_VALUE	DROP_410	Bulunamadı (404)	no_sellable_product	410+sitemap_drop		tr	shop_pdp	market-reyonlari	eq-nergis-lb-fg-eq39		False	False	https://equsto.com/shop/market-reyonlari/eq-nergis-lb-fg-eq39	2026-09-22
P1_DROP_NO_VALUE	DROP_410	Bulunamadı (404)	no_sellable_product	410+sitemap_drop		tr	shop_pdp	hazirlik	rc-t1-057-89054		False	False	https://equsto.com/shop/hazirlik/rc-t1-057-89054	2026-09-22
P1_DROP_NO_VALUE	DROP_410	Bulunamadı (404)	no_sellable_product	410+sitemap_drop		tr	shop_pdp	hazirlik	bosfor-bosfor-cift-motorlu-spiral-mikser-ush-150t		False	False	https://equsto.com/shop/hazirlik/bosfor-bosfor-cift-motorlu-spiral-mikser-ush-150t	2026-09-22
P1_DROP_NO_VALUE	DROP_410	Bulunamadı (404)	no_sellable_product	410+sitemap_drop		en	shop_pdp	tezgah	hazirlik.html		False	False	https://equsto.com/en/shop/tezgah/hazirlik.html	2026-09-21
P1_DROP_NO_VALUE	DROP_410	Bulunamadı (404)	no_sellable_product	410+sitemap_drop		tr	shop_pdp	market-reyonlari	eq-nergis-lb-fg-sky-eq2		False	False	https://equsto.com/shop/market-reyonlari/eq-nergis-lb-fg-sky-eq2	2026-09-21
P1_DROP_NO_VALUE	DROP_410	Bulunamadı (404)	no_sellable_product	410+sitemap_drop		en	shop_pdp	market-reyonlari	eq-orkide-eq17		False	False	https://equsto.com/en/shop/market-reyonlari/eq-orkide-eq17	2026-09-21
P1_DROP_NO_VALUE	DROP_410	Bulunamadı (404)	no_sellable_product	410+sitemap_drop		tr	shop_pdp	hazirlik	rc-t1-057-39345		False	False	https://equsto.com/shop/hazirlik/rc-t1-057-39345	2026-09-21
P1_DROP_NO_VALUE	DROP_410	Bulunamadı (404)	no_sellable_product	410+sitemap_drop		en	shop_pdp	hazirlik	rc-33208		False	False	https://equsto.com/en/shop/hazirlik/rc-33208	2026-09-21
P1_DROP_NO_VALUE	DROP_410	Bulunamadı (404)	no_sellable_product	410+sitemap_drop		tr	shop_pdp	hazirlik	rc-102690		False	False	https://equsto.com/shop/hazirlik/rc-102690	2026-09-21
P1_DROP_NO_VALUE	DROP_410	Bulunamadı (404)	no_sellable_product	410+sitemap_drop		tr	shop_pdp	market-reyonlari	eq-papatya-nv-eq4		False	False	https://equsto.com/shop/market-reyonlari/eq-papatya-nv-eq4	2026-09-21
P1_DROP_NO_VALUE	DROP_410	Bulunamadı (404)	no_sellable_product	410+sitemap_drop		en	shop_pdp	tezgah	pimak-10070-13		False	False	https://equsto.com/en/shop/tezgah/pimak-10070-13	2026-09-21
P1_DROP_NO_VALUE	DROP_410	Bulunamadı (404)	no_sellable_product	410+sitemap_drop		tr	shop_pdp	icecek	uba1012		False	False	https://equsto.com/shop/icecek/uba1012	2026-09-21
P1_DROP_NO_VALUE	DROP_410	Bulunamadı (404)	no_sellable_product	410+sitemap_drop		tr	shop_pdp	tezgah	mr38-1604060-00		False	False	https://equsto.com/shop/tezgah/mr38-1604060-00	2026-09-21
P1_DROP_NO_VALUE	DROP_410	Bulunamadı (404)	no_sellable_product	410+sitemap_drop		tr	shop_pdp	market-reyonlari	fulya-nv-fg-ml-3m1-937x790x2220		False	False	https://equsto.com/shop/market-reyonlari/fulya-nv-fg-ml-3m1-937x790x2220	2026-09-21
P1_DROP_NO_VALUE	DROP_410	Bulunamadı (404)	no_sellable_product	410+sitemap_drop		en	shop_pdp	market-reyonlari	eq-nergis-lm-eq31		False	False	https://equsto.com/en/shop/market-reyonlari/eq-nergis-lm-eq31	2026-09-21
P1_DROP_NO_VALUE	DROP_410	Bulunamadı (404)	no_sellable_product	410+sitemap_drop		en	shop_pdp	hazirlik	rc-t1-057-39337		False	False	https://equsto.com/en/shop/hazirlik/rc-t1-057-39337	2026-09-21
P1_DROP_NO_VALUE	DROP_410	Bulunamadı (404)	404_other	410		en	shop_hub	icecek			True	False	https://equsto.com/en/login.html?next=/en/shop/icecek?tip%3Dicecek-otomat	2026-09-21
P1_DROP_NO_VALUE	DROP_410	Bulunamadı (404)	no_sellable_product	410+sitemap_drop		en	shop_pdp	kahve	cafe-kurulumu.html		False	False	https://equsto.com/en/shop/kahve/cafe-kurulumu.html	2026-09-21
P1_DROP_NO_VALUE	DROP_410	Bulunamadı (404)	no_sellable_product	410+sitemap_drop		tr	shop_pdp	tezgah	pimak-12060-51		False	False	https://equsto.com/shop/tezgah/pimak-12060-51	2026-09-21
P1_DROP_NO_VALUE	DROP_410	Bulunamadı (404)	no_sellable_product	410+sitemap_drop		tr	shop_pdp	market-reyonlari	nergis-lb-tp-sky-ml-3m1-3124x812x2050		False	False	https://equsto.com/shop/market-reyonlari/nergis-lb-tp-sky-ml-3m1-3124x812x2050	2026-09-21
P1_DROP_NO_VALUE	DROP_410	Bulunamadı (404)	no_sellable_product	410+sitemap_drop		tr	shop_pdp	hazirlik	rc-28114		False	False	https://equsto.com/shop/hazirlik/rc-28114	2026-09-21
P1_DROP_NO_VALUE	DROP_410	Bulunamadı (404)	no_sellable_product	410+sitemap_drop		tr	shop_pdp	tezgah	pimak-14060-46		False	False	https://equsto.com/shop/tezgah/pimak-14060-46	2026-09-21
P1_DROP_NO_VALUE	DROP_410	Bulunamadı (404)	no_sellable_product	410+sitemap_drop		tr	shop_pdp	davlumbaz	pimak-45205-00		False	False	https://equsto.com/shop/davlumbaz/pimak-45205-00	2026-09-21
P1_DROP_NO_VALUE	DROP_410	Bulunamadı (404)	no_sellable_product	410+sitemap_drop		tr	shop_pdp	yikama	hazirlik.html		False	False	https://equsto.com/shop/yikama/hazirlik.html	2026-09-21
P1_DROP_NO_VALUE	DROP_410	Bulunamadı (404)	no_sellable_product	410+sitemap_drop		tr	shop_pdp	sogutma	9805-fm480-ake		False	False	https://equsto.com/shop/sogutma/9805-fm480-ake	2026-09-21
P1_DROP_NO_VALUE	DROP_410	Bulunamadı (404)	no_sellable_product	410+sitemap_drop		tr	shop_pdp	davlumbaz	pimak-60205-00		False	False	https://equsto.com/shop/davlumbaz/pimak-60205-00	2026-09-21
P1_DROP_NO_VALUE	DROP_410	Bulunamadı (404)	no_sellable_product	410+sitemap_drop	high	en	shop_pdp	sogutma	727488	/en/shop/sogutma/727488	True	False	https://equsto.com/en/login.html?next=/en/shop/sogutma/727488	2026-09-21
P1_DROP_NO_VALUE	DROP_410	Bulunamadı (404)	no_sellable_product	410+sitemap_drop		tr	shop_pdp	market-reyonlari	eq-nergis-lb-lm-eq45		False	False	https://equsto.com/shop/market-reyonlari/eq-nergis-lb-lm-eq45	2026-09-21
P1_DROP_NO_VALUE	DROP_410	Bulunamadı (404)	non_product_404	410_or_ignore		en	other		/en/rehber/marka.html		False	False	https://equsto.com/en/rehber/marka.html	2026-09-21
P1_DROP_NO_VALUE	DROP_410	Bulunamadı (404)	no_sellable_product	410+sitemap_drop		en	shop_pdp	sogutma	portabianco-monoblok-tezgah-tip-iki-kapili-buzdo		True	False	https://equsto.com/en/login.html?next=/en/shop/sogutma/portabianco-monoblok-tezgah-tip-iki-kapili-buzdo	2026-09-21
P1_DROP_NO_VALUE	DROP_410	Bulunamadı (404)	no_sellable_product	410+sitemap_drop		tr	shop_pdp	market-reyonlari	eq-lotus-eq52		False	False	https://equsto.com/shop/market-reyonlari/eq-lotus-eq52	2026-09-21
P1_DROP_NO_VALUE	DROP_410	Bulunamadı (404)	no_sellable_product	410+sitemap_drop		tr	shop_pdp	hazirlik	rc-22570d		False	False	https://equsto.com/shop/hazirlik/rc-22570d	2026-09-21
P1_DROP_NO_VALUE	DROP_410	Bulunamadı (404)	no_sellable_product	410+sitemap_drop		tr	shop_pdp	market-reyonlari	eq-fulya-hf-fg-eq18		False	False	https://equsto.com/shop/market-reyonlari/eq-fulya-hf-fg-eq18	2026-09-21
P1_DROP_NO_VALUE	DROP_410	Bulunamadı (404)	no_sellable_product	410+sitemap_drop		en	shop_pdp	tezgah	pimak-19060-46		False	False	https://equsto.com/en/shop/tezgah/pimak-19060-46	2026-09-21
P1_DROP_NO_VALUE	DROP_410	Bulunamadı (404)	no_sellable_product	410+sitemap_drop		en	shop_pdp	hazirlik	rc-1942		False	False	https://equsto.com/en/shop/hazirlik/rc-1942	2026-09-21
P1_DROP_NO_VALUE	DROP_410	Bulunamadı (404)	no_sellable_product	410+sitemap_drop		tr	shop_pdp	icecek	ztiryakiler-dok-m-k-ll-k-no-2-alt-n-renk		False	False	https://equsto.com/shop/icecek/ztiryakiler-dok-m-k-ll-k-no-2-alt-n-renk	2026-09-21
P1_DROP_NO_VALUE	DROP_410	Bulunamadı (404)	no_sellable_product	410+sitemap_drop		en	shop_pdp	tezgah	pimak-19070-46		False	False	https://equsto.com/en/shop/tezgah/pimak-19070-46	2026-09-21
P1_DROP_NO_VALUE	DROP_410	Bulunamadı (404)	no_sellable_product	410+sitemap_drop		en	shop_pdp	hazirlik	rc-33220		False	False	https://equsto.com/en/shop/hazirlik/rc-33220	2026-09-21
P1_DROP_NO_VALUE	DROP_410	Bulunamadı (404)	no_sellable_product	410+sitemap_drop		tr	shop_pdp	hazirlik	rc-33208		False	False	https://equsto.com/shop/hazirlik/rc-33208	2026-09-21
P1_DROP_NO_VALUE	DROP_410	Bulunamadı (404)	no_sellable_product	410+sitemap_drop	high	en	shop_pdp	market-reyonlari	eq-barracuda-frozen-eq1	/en/shop/market-reyonlari/eq-barracuda-frozen-eq1	True	False	https://equsto.com/en/login.html?next=/en/shop/market-reyonlari/eq-barracuda-frozen-eq1	2026-09-21
P1_DROP_NO_VALUE	DROP_410	Bulunamadı (404)	no_sellable_product	410+sitemap_drop		en	shop_pdp	market-reyonlari	eq-nergis-lb-fg-eq14		False	False	https://equsto.com/en/shop/market-reyonlari/eq-nergis-lb-fg-eq14	2026-09-21
P1_DROP_NO_VALUE	DROP_410	Bulunamadı (404)	no_sellable_product	410+sitemap_drop		tr	shop_pdp	sogutma	9805-im130n-ehc		False	False	https://equsto.com/shop/sogutma/9805-im130n-ehc	2026-09-21
P1_DROP_NO_VALUE	DROP_410	Bulunamadı (404)	no_sellable_product	410+sitemap_drop		tr	shop_pdp	hazirlik	robot-coupe-robot-coupe-sebze-dograma-makinesi-cl-20		False	False	https://equsto.com/shop/hazirlik/robot-coupe-robot-coupe-sebze-dograma-makinesi-cl-20	2026-09-21
P1_DROP_NO_VALUE	DROP_410	Bulunamadı (404)	no_sellable_product	410+sitemap_drop		tr	shop_pdp	hazirlik	rc-28058		False	False	https://equsto.com/shop/hazirlik/rc-28058	2026-09-21
P1_DROP_NO_VALUE	DROP_410	Bulunamadı (404)	no_sellable_product	410+sitemap_drop		tr	shop_pdp	market-reyonlari	eq-fulya-nv-fg-eq20		False	False	https://equsto.com/shop/market-reyonlari/eq-fulya-nv-fg-eq20	2026-09-21
P1_DROP_NO_VALUE	DROP_410	Bulunamadı (404)	no_sellable_product	410+sitemap_drop		en	shop_pdp	tezgah	mr38-1-1804060-10		False	False	https://equsto.com/en/shop/tezgah/mr38-1-1804060-10	2026-09-21
P1_DROP_NO_VALUE	DROP_410	Bulunamadı (404)	no_sellable_product	410+sitemap_drop		en	shop_pdp	davlumbaz	pimak-40205-00		True	False	https://equsto.com/en/login.html?next=/en/shop/davlumbaz/pimak-40205-00	2026-09-21
P1_DROP_NO_VALUE	DROP_410	Bulunamadı (404)	no_sellable_product	410+sitemap_drop		tr	shop_pdp	hazirlik	rc-t1-057-89676		False	False	https://equsto.com/shop/hazirlik/rc-t1-057-89676	2026-09-21
P1_DROP_NO_VALUE	DROP_410	Bulunamadı (404)	no_sellable_product	410+sitemap_drop		tr	shop_pdp	pisirme	benmariler		False	False	https://equsto.com/shop/pisirme/benmariler	2026-09-21
P1_DROP_NO_VALUE	DROP_410	Bulunamadı (404)	no_sellable_product	410+sitemap_drop		tr	shop_pdp	tezgah	pimak-16070-50		False	False	https://equsto.com/shop/tezgah/pimak-16070-50	2026-09-21
P1_DROP_NO_VALUE	DROP_410	Bulunamadı (404)	no_sellable_product	410+sitemap_drop		tr	shop_pdp	hazirlik	rc-28056		False	False	https://equsto.com/shop/hazirlik/rc-28056	2026-09-21
P1_DROP_NO_VALUE	DROP_410	Bulunamadı (404)	no_sellable_product	410+sitemap_drop		tr	shop_pdp	yikama	araba.html		False	False	https://equsto.com/shop/yikama/araba.html	2026-09-21
P1_DROP_NO_VALUE	DROP_410	Bulunamadı (404)	no_sellable_product	410+sitemap_drop		tr	shop_pdp	hazirlik	rc-28111		False	False	https://equsto.com/shop/hazirlik/rc-28111	2026-09-21
P1_DROP_NO_VALUE	DROP_410	Bulunamadı (404)	no_sellable_product	410+sitemap_drop		tr	shop_pdp	icecek	rc-55040d		False	False	https://equsto.com/shop/icecek/rc-55040d	2026-09-21
P1_DROP_NO_VALUE	DROP_410	Bulunamadı (404)	non_product_404	410_or_ignore		en	other		/en/login		True	False	https://equsto.com/en/login.html?next=/en/login?mode%3Dregister%26next%3D%252Fen%252Fshop%252Fset-ustu-mutfak%252F0312-00024-13	2026-09-20
P1_DROP_NO_VALUE	DROP_410	Bulunamadı (404)	no_sellable_product	410+sitemap_drop		tr	shop_pdp	tezgah	pimak-18070-14		False	False	https://equsto.com/shop/tezgah/pimak-18070-14	2026-09-20
P1_DROP_NO_VALUE	DROP_410	Bulunamadı (404)	no_sellable_product	410+sitemap_drop		en	shop_pdp	market-reyonlari	eq-nergis-lb-fg-sky-eq16		False	False	https://equsto.com/en/shop/market-reyonlari/eq-nergis-lb-fg-sky-eq16	2026-09-20
P1_DROP_NO_VALUE	DROP_410	Bulunamadı (404)	no_sellable_product	410+sitemap_drop		en	shop_pdp	hazirlik	rc-24614m		False	False	https://equsto.com/en/shop/hazirlik/rc-24614m	2026-09-20
P1_DROP_NO_VALUE	DROP_410	Bulunamadı (404)	no_sellable_product	410+sitemap_drop		en	shop_pdp	market-reyonlari	eq-nergis-lb-fg-sky-eq26		False	False	https://equsto.com/en/shop/market-reyonlari/eq-nergis-lb-fg-sky-eq26	2026-09-20
P1_DROP_NO_VALUE	DROP_410	Bulunamadı (404)	no_sellable_product	410+sitemap_drop		en	shop_pdp	hazirlik	rc-27072		False	False	https://equsto.com/en/shop/hazirlik/rc-27072	2026-09-20
P1_DROP_NO_VALUE	DROP_410	Bulunamadı (404)	no_sellable_product	410+sitemap_drop		en	shop_pdp	market-reyonlari	eq-nergis-tp-sky-eq12		True	False	https://equsto.com/en/login.html?next=/en/shop/market-reyonlari/eq-nergis-tp-sky-eq12	2026-09-20
P1_DROP_NO_VALUE	DROP_410	Bulunamadı (404)	no_sellable_product	410+sitemap_drop		en	shop_pdp	sogutma	oztiryakiler-endustriyel-mutfak__9805-im130n-ehc		False	False	https://equsto.com/en/shop/sogutma/oztiryakiler-endustriyel-mutfak__9805-im130n-ehc	2026-09-20
P1_DROP_NO_VALUE	DROP_410	Bulunamadı (404)	no_sellable_product	410+sitemap_drop		tr	shop_pdp	sogutma	oztiryakiler-endustriyel-mutfak__9805-im130n-ehc		False	False	https://equsto.com/shop/sogutma/oztiryakiler-endustriyel-mutfak__9805-im130n-ehc	2026-09-20
P1_DROP_NO_VALUE	DROP_410	Bulunamadı (404)	no_sellable_product	410+sitemap_drop		tr	shop_pdp	hazirlik	rc-28062		False	False	https://equsto.com/shop/hazirlik/rc-28062	2026-09-20
P1_DROP_NO_VALUE	DROP_410	Bulunamadı (404)	no_sellable_product	410+sitemap_drop		tr	shop_pdp	hazirlik	rc-28209		False	False	https://equsto.com/shop/hazirlik/rc-28209	2026-09-20
P1_DROP_NO_VALUE	DROP_410	Bulunamadı (404)	no_sellable_product	410+sitemap_drop		tr	shop_pdp	hazirlik	dito-sama-tr260-sebze-dograma-makinesi-2-kafali-2500-kg-saat		False	False	https://equsto.com/shop/hazirlik/dito-sama-tr260-sebze-dograma-makinesi-2-kafali-2500-kg-saat	2026-09-20
P1_DROP_NO_VALUE	DROP_410	Bulunamadı (404)	no_sellable_product	410+sitemap_drop		tr	shop_pdp	market-reyonlari	nergis-lb-tp-ml-3m1-937x812x2050		False	False	https://equsto.com/shop/market-reyonlari/nergis-lb-tp-ml-3m1-937x812x2050	2026-09-20
P1_DROP_NO_VALUE	DROP_410	Bulunamadı (404)	no_sellable_product	410+sitemap_drop		en	shop_pdp	market-reyonlari	eq-fulya-nv-tp-sky-eq3		True	False	https://equsto.com/en/login.html?next=/en/shop/market-reyonlari/eq-fulya-nv-tp-sky-eq3	2026-09-19
P1_DROP_NO_VALUE	DROP_410	Bulunamadı (404)	no_sellable_product	410+sitemap_drop		tr	shop_pdp	hazirlik	rc-28134		False	False	https://equsto.com/shop/hazirlik/rc-28134	2026-09-19
P1_DROP_NO_VALUE	DROP_410	Bulunamadı (404)	non_product_404	410_or_ignore		en	other		/en/imt300		True	False	https://equsto.com/en/login.html?next=/en/imt300	2026-09-19
P1_DROP_NO_VALUE	DROP_410	Bulunamadı (404)	no_sellable_product	410+sitemap_drop		en	shop_pdp	tezgah	pimak-10060-70		True	False	https://equsto.com/en/login.html?next=/en/shop/tezgah/pimak-10060-70	2026-09-19
P1_DROP_NO_VALUE	DROP_410	Bulunamadı (404)	no_sellable_product	410+sitemap_drop	high	en	shop_pdp	pisirme	391576	/en/shop/pisirme/391576	True	False	https://equsto.com/en/login.html?next=/en/shop/pisirme/391576	2026-09-19
P1_DROP_NO_VALUE	DROP_410	Bulunamadı (404)	no_sellable_product	410+sitemap_drop		tr	shop_pdp	hazirlik	rc-28207		False	False	https://equsto.com/shop/hazirlik/rc-28207	2026-09-19
P1_DROP_NO_VALUE	DROP_410	Bulunamadı (404)	no_sellable_product	410+sitemap_drop		en	shop_pdp	hazirlik	rc-28066		False	False	https://equsto.com/en/shop/hazirlik/rc-28066	2026-09-19
P1_DROP_NO_VALUE	DROP_410	Bulunamadı (404)	no_sellable_product	410+sitemap_drop		tr	shop_pdp	pisirme	kayalar-kayalar-elektrikli-pleyt-zgara-120x70x30-cm-k-de12070		False	False	https://equsto.com/shop/pisirme/kayalar-kayalar-elektrikli-pleyt-zgara-120x70x30-cm-k-de12070	2026-09-19
P1_DROP_NO_VALUE	DROP_410	Bulunamadı (404)	no_sellable_product	410+sitemap_drop	high	en	shop_pdp	set-ustu-mutfak	8893-up103-00	/en/shop/set-ustu-mutfak/8893-up103-00	True	False	https://equsto.com/en/login.html?next=/en/shop/set-ustu-mutfak/8893-up103-00	2026-09-19
P1_DROP_NO_VALUE	DROP_410	Bulunamadı (404)	no_sellable_product	410+sitemap_drop		tr	shop_pdp	sogutma	sogutma-ekipmanlari		False	False	https://equsto.com/shop/sogutma/sogutma-ekipmanlari	2026-09-19
P1_DROP_NO_VALUE	DROP_410	Bulunamadı (404)	no_sellable_product	410+sitemap_drop		tr	shop_pdp	hazirlik	rc-27566		False	False	https://equsto.com/shop/hazirlik/rc-27566	2026-09-19
P1_DROP_NO_VALUE	DROP_410	Bulunamadı (404)	non_product_404	410_or_ignore		en	other		/en/italyan-restoran-kurulumu		False	False	https://equsto.com/en/italyan-restoran-kurulumu	2026-09-19
P1_DROP_NO_VALUE	DROP_410	Bulunamadı (404)	no_sellable_product	410+sitemap_drop		en	shop_pdp	hazirlik	rc-2244		False	False	https://equsto.com/en/shop/hazirlik/rc-2244	2026-09-19
P1_DROP_NO_VALUE	DROP_410	Bulunamadı (404)	no_sellable_product	410+sitemap_drop		tr	shop_pdp	pisirme	istif.html		False	False	https://equsto.com/shop/pisirme/istif.html	2026-09-18
P1_DROP_NO_VALUE	DROP_410	Bulunamadı (404)	no_sellable_product	410+sitemap_drop		en	shop_pdp	tezgah	0754-087d0-01		False	False	https://equsto.com/en/shop/tezgah/0754-087d0-01	2026-09-18
P1_DROP_NO_VALUE	DROP_410	Bulunamadı (404)	no_sellable_product	410+sitemap_drop		tr	shop_pdp	sogutma	sogutma		False	False	https://equsto.com/shop/sogutma/sogutma	2026-09-18
P1_DROP_NO_VALUE	DROP_410	Bulunamadı (404)	no_sellable_product	410+sitemap_drop		en	shop_pdp	tezgah	pimak-19060-70		False	False	https://equsto.com/en/shop/tezgah/pimak-19060-70	2026-09-18
P1_DROP_NO_VALUE	DROP_410	Bulunamadı (404)	no_sellable_product	410+sitemap_drop		en	shop_pdp	davlumbaz	pfos.html		False	False	https://equsto.com/en/shop/davlumbaz/pfos.html	2026-09-18
P1_DROP_NO_VALUE	DROP_410	Bulunamadı (404)	no_sellable_product	410+sitemap_drop		tr	shop_pdp	market-reyonlari	fulya-hf-fl-fl-3h1-937x840x2200		False	False	https://equsto.com/shop/market-reyonlari/fulya-hf-fl-fl-3h1-937x840x2200	2026-09-18
P1_DROP_NO_VALUE	DROP_410	Bulunamadı (404)	no_sellable_product	410+sitemap_drop		tr	shop_pdp	hazirlik	rc-t1-057-39337		False	False	https://equsto.com/shop/hazirlik/rc-t1-057-39337	2026-09-18
P1_DROP_NO_VALUE	DROP_410	Bulunamadı (404)	no_sellable_product	410+sitemap_drop		tr	shop_pdp	hazirlik	oztiryakiler-robot-coupe-rende-3-mm		False	False	https://equsto.com/shop/hazirlik/oztiryakiler-robot-coupe-rende-3-mm	2026-09-18
P1_DROP_NO_VALUE	DROP_410	Bulunamadı (404)	no_sellable_product	410+sitemap_drop		en	shop_pdp	hazirlik	rc-28207		False	False	https://equsto.com/en/shop/hazirlik/rc-28207	2026-09-18
P1_DROP_NO_VALUE	DROP_410	Bulunamadı (404)	non_product_404	410_or_ignore		en	other		/en/rehber/mutfak-alani-kisi-basi-metrekare-2026		False	False	https://equsto.com/en/rehber/mutfak-alani-kisi-basi-metrekare-2026	2026-09-17
P1_DROP_NO_VALUE	DROP_410	Bulunamadı (404)	non_product_404	410_or_ignore		tr	other		/marka.html		False	False	https://equsto.com/marka.html?b=UNOX	2026-09-17
P1_DROP_NO_VALUE	DROP_410	Bulunamadı (404)	no_sellable_product	410+sitemap_drop		en	shop_pdp	market-reyonlari	eq-nergis-lb-fg-sky-eq5		True	False	https://equsto.com/en/login.html?next=/en/shop/market-reyonlari/eq-nergis-lb-fg-sky-eq5	2026-09-17
P1_DROP_NO_VALUE	DROP_410	Bulunamadı (404)	no_sellable_product	410+sitemap_drop		tr	shop_pdp	hazirlik	rc-24620		False	False	https://equsto.com/shop/hazirlik/rc-24620	2026-09-17
P1_DROP_NO_VALUE	DROP_410	Bulunamadı (404)	no_sellable_product	410+sitemap_drop		tr	shop_pdp	hazirlik	robot-coupe__kesme-diski-88-mm		False	False	https://equsto.com/shop/hazirlik/robot-coupe__kesme-diski-88-mm	2026-09-17
P1_DROP_NO_VALUE	DROP_410	Bulunamadı (404)	no_sellable_product	410+sitemap_drop		en	shop_pdp	davlumbaz	pimak-50155-00		False	False	https://equsto.com/en/shop/davlumbaz/pimak-50155-00	2026-09-17
P1_DROP_NO_VALUE	DROP_410	Bulunamadı (404)	no_sellable_product	410+sitemap_drop		en	shop_pdp	tezgah	pimak-16060-11		False	False	https://equsto.com/en/shop/tezgah/pimak-16060-11	2026-09-16
P1_DROP_NO_VALUE	DROP_410	Bulunamadı (404)	no_sellable_product	410+sitemap_drop		tr	shop_pdp	hazirlik	robot-coupe__blixer-4-3000-monofaz		False	False	https://equsto.com/shop/hazirlik/robot-coupe__blixer-4-3000-monofaz	2026-09-16
P1_DROP_NO_VALUE	DROP_410	Bulunamadı (404)	no_sellable_product	410+sitemap_drop		en	shop_pdp	hazirlik	rc-39881		False	False	https://equsto.com/en/shop/hazirlik/rc-39881	2026-09-16
P1_DROP_NO_VALUE	DROP_410	Bulunamadı (404)	no_sellable_product	410+sitemap_drop		en	shop_pdp	tezgah	tb04-2003030-00		False	False	https://equsto.com/en/shop/tezgah/tb04-2003030-00	2026-09-16
P1_DROP_NO_VALUE	DROP_410	Bulunamadı (404)	no_sellable_product	410+sitemap_drop		en	shop_pdp	hazirlik	rc-28056		False	False	https://equsto.com/en/shop/hazirlik/rc-28056	2026-09-16
P1_DROP_NO_VALUE	DROP_410	Bulunamadı (404)	no_sellable_product	410+sitemap_drop		en	shop_pdp	hazirlik	rc-28209		False	False	https://equsto.com/en/shop/hazirlik/rc-28209	2026-09-16
P1_DROP_NO_VALUE	DROP_410	Bulunamadı (404)	no_sellable_product	410+sitemap_drop		tr	shop_pdp	set-ustu-mutfak	5rrx-60171-002		False	False	https://equsto.com/shop/set-ustu-mutfak/5rrx-60171-002	2026-09-16
P1_DROP_NO_VALUE	DROP_410	Bulunamadı (404)	no_sellable_product	410+sitemap_drop		tr	shop_pdp	hazirlik	robot-coupe__cl-30-bistro-icin-8-disklik-takim		False	False	https://equsto.com/shop/hazirlik/robot-coupe__cl-30-bistro-icin-8-disklik-takim	2026-09-16
P1_DROP_NO_VALUE	DROP_410	Bulunamadı (404)	no_sellable_product	410+sitemap_drop		tr	shop_pdp	hazirlik	rc-t1-057-89213		False	False	https://equsto.com/shop/hazirlik/rc-t1-057-89213	2026-09-16
P1_DROP_NO_VALUE	DROP_410	Bulunamadı (404)	non_product_404	410_or_ignore		en	other		/en/fine-dining-kurulumu		False	False	https://equsto.com/en/fine-dining-kurulumu	2026-09-16
P1_DROP_NO_VALUE	DROP_410	Bulunamadı (404)	no_sellable_product	410+sitemap_drop		tr	shop_pdp	hazirlik	rc-27555		False	False	https://equsto.com/shop/hazirlik/rc-27555	2026-09-16
P1_DROP_NO_VALUE	DROP_410	Bulunamadı (404)	no_sellable_product	410+sitemap_drop		tr	shop_pdp	tezgah	tb04-1203030-00		False	False	https://equsto.com/shop/tezgah/tb04-1203030-00	2026-09-16
P1_DROP_NO_VALUE	DROP_410	Bulunamadı (404)	no_sellable_product	410+sitemap_drop		en	shop_pdp	kahve	coffee-toys-coffee-toys-ct01-kahve-tart-s		False	False	https://equsto.com/en/shop/kahve/coffee-toys-coffee-toys-ct01-kahve-tart-s	2026-09-16
P1_DROP_NO_VALUE	DROP_410	Bulunamadı (404)	no_sellable_product	410+sitemap_drop		en	shop_pdp	tezgah	pimak-12070-70		False	False	https://equsto.com/en/shop/tezgah/pimak-12070-70	2026-09-15
P1_DROP_NO_VALUE	DROP_410	Bulunamadı (404)	no_sellable_product	410+sitemap_drop		tr	shop_pdp	davlumbaz	pimak-25155-00		False	False	https://equsto.com/shop/davlumbaz/pimak-25155-00	2026-09-15
P1_DROP_NO_VALUE	DROP_410	Bulunamadı (404)	no_sellable_product	410+sitemap_drop		tr	shop_pdp	hazirlik	rc-33220		False	False	https://equsto.com/shop/hazirlik/rc-33220	2026-09-15
P1_DROP_NO_VALUE	DROP_410	Bulunamadı (404)	no_sellable_product	410+sitemap_drop		tr	shop_pdp	tezgah	7754-216a5-41		False	False	https://equsto.com/shop/tezgah/7754-216a5-41	2026-09-15
P1_DROP_NO_VALUE	DROP_410	Bulunamadı (404)	no_sellable_product	410+sitemap_drop		tr	shop_pdp	davlumbaz	pimak-50205-00		False	False	https://equsto.com/shop/davlumbaz/pimak-50205-00	2026-09-14
P1_DROP_NO_VALUE	DROP_410	Bulunamadı (404)	non_product_404	410_or_ignore		en	other		/en/oztiryakiler-ekipmani-tedarik		False	False	https://equsto.com/en/oztiryakiler-ekipmani-tedarik	2026-09-14
P1_DROP_NO_VALUE	DROP_410	Bulunamadı (404)	no_sellable_product	410+sitemap_drop		tr	shop_pdp	tezgah	mr38-1404060-00		False	False	https://equsto.com/shop/tezgah/mr38-1404060-00	2026-09-14
P1_DROP_NO_VALUE	DROP_410	Bulunamadı (404)	no_sellable_product	410+sitemap_drop		tr	shop_pdp	tezgah	pimak-19070-50		False	False	https://equsto.com/shop/tezgah/pimak-19070-50	2026-09-14
P1_DROP_NO_VALUE	DROP_410	Bulunamadı (404)	no_sellable_product	410+sitemap_drop		tr	shop_pdp	yikama	index.html		False	False	https://equsto.com/shop/yikama/index.html	2026-09-14
P1_DROP_NO_VALUE	DROP_410	Bulunamadı (404)	no_sellable_product	410+sitemap_drop		tr	shop_pdp	hazirlik	rc-28130		False	False	https://equsto.com/shop/hazirlik/rc-28130	2026-09-14
P1_DROP_NO_VALUE	DROP_410	Bulunamadı (404)	no_sellable_product	410+sitemap_drop		tr	shop_pdp	icecek	ztiryakiler-cappadoc-a-ay-kazan-smart-statik-boyal-4-demlikli-elektrikli-gazl		False	False	https://equsto.com/shop/icecek/ztiryakiler-cappadoc-a-ay-kazan-smart-statik-boyal-4-demlikli-elektrikli-gazl	2026-09-14
P1_DROP_NO_VALUE	DROP_410	Bulunamadı (404)	no_sellable_product	410+sitemap_drop		tr	shop_pdp	tezgah	pimak-16060-70		False	False	https://equsto.com/shop/tezgah/pimak-16060-70	2026-09-13
P1_DROP_NO_VALUE	DROP_410	Bulunamadı (404)	no_sellable_product	410+sitemap_drop		tr	shop_pdp	icecek	ztiryakiler-gastrobutik-kare-kase-beyaz		False	False	https://equsto.com/shop/icecek/ztiryakiler-gastrobutik-kare-kase-beyaz	2026-09-13
P1_DROP_NO_VALUE	DROP_410	Bulunamadı (404)	no_sellable_product	410+sitemap_drop		en	shop_pdp	kahve	anka-anka-buyuk-boy-kumda-kahve-makinesi-kkm3		False	False	https://equsto.com/en/shop/kahve/anka-anka-buyuk-boy-kumda-kahve-makinesi-kkm3	2026-09-13
P1_DROP_NO_VALUE	DROP_410	Bulunamadı (404)	no_sellable_product	410+sitemap_drop		en	shop_pdp	kahve	blendtec-blendtec-bar-blender-classic-575-1560w-c575b4101a-a1ap1a		False	False	https://equsto.com/en/shop/kahve/blendtec-blendtec-bar-blender-classic-575-1560w-c575b4101a-a1ap1a	2026-09-13
P1_DROP_NO_VALUE	DROP_410	Bulunamadı (404)	no_sellable_product	410+sitemap_drop		en	shop_pdp	hazirlik	robot-coupe__3-paslanmaz-ayarlanabilir-destek-500-1000-mm		False	False	https://equsto.com/en/shop/hazirlik/robot-coupe__3-paslanmaz-ayarlanabilir-destek-500-1000-mm	2026-09-13
P1_DROP_NO_VALUE	DROP_410	Bulunamadı (404)	no_sellable_product	410+sitemap_drop		en	shop_pdp	tezgah	pimak-10060-13		False	False	https://equsto.com/en/shop/tezgah/pimak-10060-13	2026-09-13
P1_DROP_NO_VALUE	DROP_410	Bulunamadı (404)	no_sellable_product	410+sitemap_drop		tr	shop_pdp	hazirlik	robot-coupe__3-paslanmaz-ayarlanabilir-destek-500-1000-mm		False	False	https://equsto.com/shop/hazirlik/robot-coupe__3-paslanmaz-ayarlanabilir-destek-500-1000-mm	2026-09-13
P1_DROP_NO_VALUE	DROP_410	Bulunamadı (404)	no_sellable_product	410+sitemap_drop		en	shop_pdp	hazirlik	robot-coupe__12-bicakli-disk-seti		False	False	https://equsto.com/en/shop/hazirlik/robot-coupe__12-bicakli-disk-seti	2026-09-13
P1_DROP_NO_VALUE	DROP_410	Bulunamadı (404)	no_sellable_product	410+sitemap_drop		tr	shop_pdp	hazirlik	rc-22382		False	False	https://equsto.com/shop/hazirlik/rc-22382	2026-09-13
P1_DROP_NO_VALUE	DROP_410	Bulunamadı (404)	no_sellable_product	410+sitemap_drop		tr	shop_pdp	hazirlik	rc-22394		False	False	https://equsto.com/shop/hazirlik/rc-22394	2026-09-13
P1_DROP_NO_VALUE	DROP_410	Bulunamadı (404)	no_sellable_product	410+sitemap_drop		tr	shop_pdp	tezgah	equsto__equsto-06060-00		False	False	https://equsto.com/shop/tezgah/equsto__equsto-06060-00	2026-09-13
P1_DROP_NO_VALUE	DROP_410	Bulunamadı (404)	no_sellable_product	410+sitemap_drop		en	shop_pdp	icecek	rc-56200b		False	False	https://equsto.com/en/shop/icecek/rc-56200b	2026-09-13
P1_DROP_NO_VALUE	DROP_410	Bulunamadı (404)	no_sellable_product	410+sitemap_drop		tr	shop_pdp	hazirlik	rc-28060		False	False	https://equsto.com/shop/hazirlik/rc-28060	2026-09-13
P1_DROP_NO_VALUE	DROP_410	Bulunamadı (404)	no_sellable_product	410+sitemap_drop		tr	shop_pdp	kahve	anka-anka-buyuk-boy-kumda-kahve-makinesi-kkm3		False	False	https://equsto.com/shop/kahve/anka-anka-buyuk-boy-kumda-kahve-makinesi-kkm3	2026-09-13
P1_DROP_NO_VALUE	DROP_410	Bulunamadı (404)	no_sellable_product	410+sitemap_drop		tr	shop_pdp	tezgah	mr38-1-904060-10		False	False	https://equsto.com/shop/tezgah/mr38-1-904060-10	2026-09-13
P1_DROP_NO_VALUE	DROP_410	Bulunamadı (404)	no_sellable_product	410+sitemap_drop		en	shop_pdp	tezgah	pimak-24070-25		False	False	https://equsto.com/en/shop/tezgah/pimak-24070-25	2026-09-13
P1_DROP_NO_VALUE	DROP_410	Bulunamadı (404)	no_sellable_product	410+sitemap_drop		tr	shop_pdp	tezgah	tb04-903030-00		False	False	https://equsto.com/shop/tezgah/tb04-903030-00	2026-09-13
P1_DROP_NO_VALUE	DROP_410	Bulunamadı (404)	no_sellable_product	410+sitemap_drop		tr	shop_pdp	hazirlik	rc-28112		False	False	https://equsto.com/shop/hazirlik/rc-28112	2026-09-13
P1_DROP_NO_VALUE	DROP_410	Bulunamadı (404)	no_sellable_product	410+sitemap_drop		tr	shop_pdp	icecek	rc-56100b		False	False	https://equsto.com/shop/icecek/rc-56100b	2026-09-13
P1_DROP_NO_VALUE	DROP_410	Bulunamadı (404)	no_sellable_product	410+sitemap_drop		tr	shop_pdp	hazirlik	rc-28115		False	False	https://equsto.com/shop/hazirlik/rc-28115	2026-09-13
P1_DROP_NO_VALUE	DROP_410	Bulunamadı (404)	no_sellable_product	410+sitemap_drop		tr	shop_pdp	hazirlik	rc-27364		False	False	https://equsto.com/shop/hazirlik/rc-27364	2026-09-13
P1_DROP_NO_VALUE	DROP_410	Bulunamadı (404)	no_sellable_product	410+sitemap_drop		tr	shop_pdp	hazirlik	oztiryakiler-robot-coupe-12-bicakli-disk-seti		False	False	https://equsto.com/shop/hazirlik/oztiryakiler-robot-coupe-12-bicakli-disk-seti	2026-09-13
P1_DROP_NO_VALUE	DROP_410	Bulunamadı (404)	no_sellable_product	410+sitemap_drop		en	shop_pdp	tezgah	pimak-20060-12		False	False	https://equsto.com/en/shop/tezgah/pimak-20060-12	2026-09-12
P1_DROP_NO_VALUE	DROP_410	Bulunamadı (404)	no_sellable_product	410+sitemap_drop		tr	shop_pdp	icecek	ztiryakiler-gastrobutik-l-xor-kase-beyaz		False	False	https://equsto.com/shop/icecek/ztiryakiler-gastrobutik-l-xor-kase-beyaz	2026-09-12
P1_DROP_NO_VALUE	DROP_410	Bulunamadı (404)	no_sellable_product	410+sitemap_drop		tr	shop_pdp	hazirlik	rc-1942		False	False	https://equsto.com/shop/hazirlik/rc-1942	2026-09-12
P1_DROP_NO_VALUE	DROP_410	Bulunamadı (404)	no_sellable_product	410+sitemap_drop		tr	shop_pdp	hazirlik	robot-coupe__12-bicakli-disk-seti		False	False	https://equsto.com/shop/hazirlik/robot-coupe__12-bicakli-disk-seti	2026-09-12
P1_DROP_NO_VALUE	DROP_410	Bulunamadı (404)	no_sellable_product	410+sitemap_drop		tr	shop_pdp	tezgah	pimak-14070-25		False	False	https://equsto.com/shop/tezgah/pimak-14070-25	2026-09-12
P1_DROP_NO_VALUE	DROP_410	Bulunamadı (404)	no_sellable_product	410+sitemap_drop		tr	shop_pdp	sogutma	9805-awne-hc		False	False	https://equsto.com/shop/sogutma/9805-awne-hc	2026-09-12
P1_DROP_NO_VALUE	DROP_410	Bulunamadı (404)	no_sellable_product	410+sitemap_drop		tr	shop_pdp	icecek	rc-47010a		False	False	https://equsto.com/shop/icecek/rc-47010a	2026-09-12
P1_DROP_NO_VALUE	DROP_410	Bulunamadı (404)	no_sellable_product	410+sitemap_drop		en	shop_pdp	hazirlik	rc-28111		False	False	https://equsto.com/en/shop/hazirlik/rc-28111	2026-09-12
P1_DROP_NO_VALUE	DROP_410	Bulunamadı (404)	no_sellable_product	410+sitemap_drop		en	shop_pdp	tezgah	pimak-2816070		False	False	https://equsto.com/en/shop/tezgah/pimak-2816070	2026-09-12
P1_DROP_NO_VALUE	DROP_410	Bulunamadı (404)	no_sellable_product	410+sitemap_drop		tr	shop_pdp	tezgah	pimak-14080-57		False	False	https://equsto.com/shop/tezgah/pimak-14080-57	2026-09-12
P1_DROP_NO_VALUE	DROP_410	Bulunamadı (404)	non_product_404	410_or_ignore		tr	other		/guides/cafe-opening-equipment-list-2026		False	False	https://equsto.com/guides/cafe-opening-equipment-list-2026	2026-09-11
P1_DROP_NO_VALUE	DROP_410	Bulunamadı (404)	no_sellable_product	410+sitemap_drop		en	shop_pdp	hazirlik	robot-coupe__serit-kesici-88-mm		False	False	https://equsto.com/en/shop/hazirlik/robot-coupe__serit-kesici-88-mm	2026-09-11
P1_DROP_NO_VALUE	DROP_410	Bulunamadı (404)	no_sellable_product	410+sitemap_drop		en	shop_pdp	hazirlik	rc-28061		False	False	https://equsto.com/en/shop/hazirlik/rc-28061	2026-09-11
P1_DROP_NO_VALUE	DROP_410	Bulunamadı (404)	no_sellable_product	410+sitemap_drop		tr	shop_pdp	hazirlik	rc-28135		False	False	https://equsto.com/shop/hazirlik/rc-28135	2026-09-11
P1_DROP_NO_VALUE	DROP_410	Bulunamadı (404)	no_sellable_product	410+sitemap_drop		en	shop_pdp	sogutma	oztiryakiler-endustriyel-mutfak__9805-im100-hc		False	False	https://equsto.com/en/shop/sogutma/oztiryakiler-endustriyel-mutfak__9805-im100-hc	2026-09-11
P1_DROP_NO_VALUE	DROP_410	Bulunamadı (404)	no_sellable_product	410+sitemap_drop		tr	shop_pdp	hazirlik	rc-28059		False	False	https://equsto.com/shop/hazirlik/rc-28059	2026-09-11
P1_DROP_NO_VALUE	DROP_410	Bulunamadı (404)	no_sellable_product	410+sitemap_drop		en	shop_pdp	tezgah	pimak-19060-50		False	False	https://equsto.com/en/shop/tezgah/pimak-19060-50	2026-09-11
P1_DROP_NO_VALUE	DROP_410	Bulunamadı (404)	no_sellable_product	410+sitemap_drop		tr	shop_pdp	tezgah	equsto-14060-46		False	False	https://equsto.com/shop/tezgah/equsto-14060-46	2026-09-11
P1_DROP_NO_VALUE	DROP_410	Bulunamadı (404)	no_sellable_product	410+sitemap_drop		en	shop_pdp	icecek	urban-bar__sb1055		False	False	https://equsto.com/en/shop/icecek/urban-bar__sb1055	2026-09-11
P1_DROP_NO_VALUE	DROP_410	Bulunamadı (404)	no_sellable_product	410+sitemap_drop		tr	shop_pdp	sogutma	9805-im100-hc		False	False	https://equsto.com/shop/sogutma/9805-im100-hc	2026-09-11
P1_DROP_NO_VALUE	DROP_410	Bulunamadı (404)	no_sellable_product	410+sitemap_drop		tr	shop_pdp	set-ustu-mutfak	9481-26000-10		False	False	https://equsto.com/shop/set-ustu-mutfak/9481-26000-10	2026-09-11
P1_DROP_NO_VALUE	DROP_410	Bulunamadı (404)	no_sellable_product	410+sitemap_drop		tr	shop_pdp	hazirlik	rc-28054		False	False	https://equsto.com/shop/hazirlik/rc-28054	2026-09-11
P1_DROP_NO_VALUE	DROP_410	Bulunamadı (404)	no_sellable_product	410+sitemap_drop		tr	shop_pdp	tezgah	equsto__equsto-12070-04		False	False	https://equsto.com/shop/tezgah/equsto__equsto-12070-04	2026-09-11
P1_DROP_NO_VALUE	DROP_410	Bulunamadı (404)	no_sellable_product	410+sitemap_drop		tr	shop_pdp	davlumbaz	pimak-20205-00		False	False	https://equsto.com/shop/davlumbaz/pimak-20205-00	2026-09-11
P1_DROP_NO_VALUE	DROP_410	Bulunamadı (404)	no_sellable_product	410+sitemap_drop		tr	shop_pdp	tezgah	pimak-19060-46		False	False	https://equsto.com/shop/tezgah/pimak-19060-46	2026-09-11
P1_DROP_NO_VALUE	DROP_410	Bulunamadı (404)	no_sellable_product	410+sitemap_drop		tr	shop_pdp	icecek	sb1055		False	False	https://equsto.com/shop/icecek/sb1055	2026-09-11
P1_DROP_NO_VALUE	DROP_410	Bulunamadı (404)	no_sellable_product	410+sitemap_drop		tr	shop_pdp	hazirlik	rc-28068		False	False	https://equsto.com/shop/hazirlik/rc-28068	2026-09-11
P1_DROP_NO_VALUE	DROP_410	Bulunamadı (404)	no_sellable_product	410+sitemap_drop		tr	shop_pdp	hazirlik	rc-28197w		False	False	https://equsto.com/shop/hazirlik/rc-28197w	2026-09-11
P1_DROP_NO_VALUE	DROP_410	Bulunamadı (404)	no_sellable_product	410+sitemap_drop		tr	shop_pdp	yikama	oztiryakiler-flight-tip-bulasik-yikama-makinesi-sol-girisli-kurutmali		False	False	https://equsto.com/shop/yikama/oztiryakiler-flight-tip-bulasik-yikama-makinesi-sol-girisli-kurutmali	2026-09-11
P1_DROP_NO_VALUE	DROP_410	Bulunamadı (404)	no_sellable_product	410+sitemap_drop		tr	shop_pdp	hazirlik	rc-28177w		False	False	https://equsto.com/shop/hazirlik/rc-28177w	2026-09-11
P1_DROP_NO_VALUE	DROP_410	Bulunamadı (404)	no_sellable_product	410+sitemap_drop		tr	shop_pdp	davlumbaz	pimak-45155-00		False	False	https://equsto.com/shop/davlumbaz/pimak-45155-00	2026-09-11
P1_DROP_NO_VALUE	DROP_410	Bulunamadı (404)	non_product_404	410_or_ignore		en	other		/en/iade-politikasi		False	False	https://equsto.com/en/iade-politikasi	2026-09-11
P1_DROP_NO_VALUE	DROP_410	Bulunamadı (404)	no_sellable_product	410+sitemap_drop		tr	shop_pdp	tezgah	equsto__equsto-19070-08		False	False	https://equsto.com/shop/tezgah/equsto__equsto-19070-08	2026-09-11
P1_DROP_NO_VALUE	DROP_410	Bulunamadı (404)	no_sellable_product	410+sitemap_drop		tr	shop_pdp	hazirlik	rc-34850l		False	False	https://equsto.com/shop/hazirlik/rc-34850l	2026-09-11
P1_DROP_NO_VALUE	DROP_410	Bulunamadı (404)	no_sellable_product	410+sitemap_drop		tr	shop_pdp	tezgah	pimak-14060-11		False	False	https://equsto.com/shop/tezgah/pimak-14060-11	2026-09-11
P1_DROP_NO_VALUE	DROP_410	Bulunamadı (404)	no_sellable_product	410+sitemap_drop		en	shop_pdp	tezgah	pimak-14060-11		False	False	https://equsto.com/en/shop/tezgah/pimak-14060-11	2026-09-11
P1_DROP_NO_VALUE	DROP_410	Bulunamadı (404)	no_sellable_product	410+sitemap_drop		tr	shop_pdp	hazirlik	rc-53331c		False	False	https://equsto.com/shop/hazirlik/rc-53331c	2026-09-11
P1_DROP_NO_VALUE	DROP_410	Bulunamadı (404)	no_sellable_product	410+sitemap_drop		en	shop_pdp	sogutma	9805-fm480-ake		False	False	https://equsto.com/en/shop/sogutma/9805-fm480-ake	2026-09-11
P1_DROP_NO_VALUE	DROP_410	Bulunamadı (404)	404_other	410		tr	shop_hub	marka			False	False	https://equsto.com/shop/marka?b=UNOX	2026-09-11
P1_DROP_NO_VALUE	DROP_410	Bulunamadı (404)	no_sellable_product	410+sitemap_drop		en	shop_pdp	tezgah	pimak-2810070		False	False	https://equsto.com/en/shop/tezgah/pimak-2810070	2026-09-10
P1_DROP_NO_VALUE	DROP_410	Bulunamadı (404)	no_sellable_product	410+sitemap_drop		en	shop_pdp	hazirlik	robot-coupe__robot-coupe-robot-cook-profesyonel-pisirici-mutfak-robotu		False	False	https://equsto.com/en/shop/hazirlik/robot-coupe__robot-coupe-robot-cook-profesyonel-pisirici-mutfak-robotu	2026-09-10
P1_DROP_NO_VALUE	DROP_410	Bulunamadı (404)	no_sellable_product	410+sitemap_drop		en	shop_pdp	davlumbaz	equsto__equsto-12125-11		False	False	https://equsto.com/en/shop/davlumbaz/equsto__equsto-12125-11	2026-09-10
P1_DROP_NO_VALUE	DROP_410	Bulunamadı (404)	no_sellable_product	410+sitemap_drop		tr	shop_pdp	davlumbaz	equsto-12125-11		False	False	https://equsto.com/shop/davlumbaz/equsto-12125-11	2026-09-10
P1_DROP_NO_VALUE	DROP_410	Bulunamadı (404)	no_sellable_product	410+sitemap_drop		tr	shop_pdp	davlumbaz	pimak-20155-00		False	False	https://equsto.com/shop/davlumbaz/pimak-20155-00	2026-09-10
P1_DROP_NO_VALUE	DROP_410	Bulunamadı (404)	non_product_404	410_or_ignore		en	other		/en/kvkk		False	False	https://equsto.com/en/kvkk	2026-09-10
P1_DROP_NO_VALUE	DROP_410	Bulunamadı (404)	no_sellable_product	410+sitemap_drop		en	shop_pdp	pisirme	atalay-endustriyel-mutfak-ekipmanlari-atalay-doner-makineleri-adgc-3-u-550x700x970		False	False	https://equsto.com/en/shop/pisirme/atalay-endustriyel-mutfak-ekipmanlari-atalay-doner-makineleri-adgc-3-u-550x700x970	2026-09-10
P1_DROP_NO_VALUE	DROP_410	Bulunamadı (404)	non_product_404	410_or_ignore		en	other		/en/mutfak-teklif-platformu		False	False	https://equsto.com/en/mutfak-teklif-platformu	2026-09-10
P1_DROP_NO_VALUE	DROP_410	Bulunamadı (404)	no_sellable_product	410+sitemap_drop		en	shop_pdp	pisirme	atalay-endustriyel-mutfak-ekipmanlari-atalay-izgaralar-aei-490-s-cr-400x900x300		False	False	https://equsto.com/en/shop/pisirme/atalay-endustriyel-mutfak-ekipmanlari-atalay-izgaralar-aei-490-s-cr-400x900x300	2026-09-10
P1_DROP_NO_VALUE	DROP_410	Bulunamadı (404)	no_sellable_product	410+sitemap_drop		en	shop_pdp	tezgah	mr38-1204060-00		False	False	https://equsto.com/en/shop/tezgah/mr38-1204060-00	2026-09-10
P1_DROP_NO_VALUE	DROP_410	Bulunamadı (404)	no_sellable_product	410+sitemap_drop		en	shop_pdp	hazirlik	rc-28110		False	False	https://equsto.com/en/shop/hazirlik/rc-28110	2026-09-10
P1_DROP_NO_VALUE	DROP_410	Bulunamadı (404)	no_sellable_product	410+sitemap_drop		tr	shop_pdp	hazirlik	rc-t1-057-89102		False	False	https://equsto.com/shop/hazirlik/rc-t1-057-89102	2026-09-09
P1_DROP_NO_VALUE	DROP_410	Bulunamadı (404)	no_sellable_product	410+sitemap_drop		en	shop_pdp	hazirlik	rc-t1-057-89054		False	False	https://equsto.com/en/shop/hazirlik/rc-t1-057-89054	2026-09-09
P1_DROP_NO_VALUE	DROP_410	Bulunamadı (404)	no_sellable_product	410+sitemap_drop		en	shop_pdp	icecek	bar-blender		False	False	https://equsto.com/en/shop/icecek/bar-blender	2026-09-09
P1_DROP_NO_VALUE	DROP_410	Bulunamadı (404)	no_sellable_product	410+sitemap_drop		tr	shop_pdp	set-ustu-mutfak	5rrx-60711-57		False	False	https://equsto.com/shop/set-ustu-mutfak/5rrx-60711-57	2026-09-09
P1_DROP_NO_VALUE	DROP_410	Bulunamadı (404)	no_sellable_product	410+sitemap_drop		tr	shop_pdp	set-ustu-mutfak	5rrx-60212-94		False	False	https://equsto.com/shop/set-ustu-mutfak/5rrx-60212-94	2026-09-09
P1_DROP_NO_VALUE	DROP_410	Bulunamadı (404)	no_sellable_product	410+sitemap_drop		tr	shop_pdp	set-ustu-mutfak	8338-00007-03		False	False	https://equsto.com/shop/set-ustu-mutfak/8338-00007-03	2026-09-09
P1_DROP_NO_VALUE	DROP_410	Bulunamadı (404)	no_sellable_product	410+sitemap_drop		tr	shop_pdp	sogutma	ttk-2n60		False	False	https://equsto.com/shop/sogutma/ttk-2n60	2026-09-09
P1_DROP_NO_VALUE	DROP_410	Bulunamadı (404)	no_sellable_product	410+sitemap_drop		tr	shop_pdp	sogutma	144x74x111-127		False	False	https://equsto.com/shop/sogutma/144x74x111-127	2026-09-09
P1_DROP_NO_VALUE	DROP_410	Bulunamadı (404)	no_sellable_product	410+sitemap_drop		tr	shop_pdp	tezgah	pimak-14060-50		False	False	https://equsto.com/shop/tezgah/pimak-14060-50	2026-09-09
P1_DROP_NO_VALUE	DROP_410	Bulunamadı (404)	no_sellable_product	410+sitemap_drop		en	shop_pdp	pisirme	ocaklar		False	False	https://equsto.com/en/shop/pisirme/ocaklar	2026-09-09
P1_DROP_NO_VALUE	DROP_410	Bulunamadı (404)	no_sellable_product	410+sitemap_drop		en	shop_pdp	market-reyonlari	proso-sarkuteri		False	False	https://equsto.com/en/shop/market-reyonlari/proso-sarkuteri	2026-09-08
P1_DROP_NO_VALUE	DROP_410	Bulunamadı (404)	no_sellable_product	410+sitemap_drop		en	shop_pdp	pisirme	seri-730		False	False	https://equsto.com/en/shop/pisirme/seri-730	2026-09-08
P1_DROP_NO_VALUE	DROP_410	Bulunamadı (404)	no_sellable_product	410+sitemap_drop		en	shop_pdp	hazirlik	robot-coupe__parmak-patates-8-mm		False	False	https://equsto.com/en/shop/hazirlik/robot-coupe__parmak-patates-8-mm	2026-09-08
P1_DROP_NO_VALUE	DROP_410	Bulunamadı (404)	non_product_404	410_or_ignore		en	other		/en/market-kasap-sarkuteri-kurulumu		False	False	https://equsto.com/en/market-kasap-sarkuteri-kurulumu	2026-09-08
P1_DROP_NO_VALUE	DROP_410	Bulunamadı (404)	no_sellable_product	410+sitemap_drop		en	shop_pdp	hazirlik	rc-28113		False	False	https://equsto.com/en/shop/hazirlik/rc-28113	2026-09-08
P1_DROP_NO_VALUE	DROP_410	Bulunamadı (404)	no_sellable_product	410+sitemap_drop		tr	shop_pdp	pisirme	kahve.html		False	False	https://equsto.com/shop/pisirme/kahve.html	2026-09-07
P1_DROP_NO_VALUE	DROP_410	Bulunamadı (404)	no_sellable_product	410+sitemap_drop		en	shop_pdp	sogutma	9805-im100-hc		False	False	https://equsto.com/en/shop/sogutma/9805-im100-hc	2026-09-07
P1_DROP_NO_VALUE	DROP_410	Bulunamadı (404)	no_sellable_product	410+sitemap_drop		en	shop_pdp	araba	hazirlik.html		False	False	https://equsto.com/en/shop/araba/hazirlik.html	2026-09-07
P1_DROP_NO_VALUE	DROP_410	Bulunamadı (404)	no_sellable_product	410+sitemap_drop		tr	shop_pdp	tezgah	pfos.html		False	False	https://equsto.com/shop/tezgah/pfos.html	2026-09-07
P1_DROP_NO_VALUE	DROP_410	Bulunamadı (404)	no_sellable_product	410+sitemap_drop		tr	shop_pdp	sogutma	teshir-dolaplari		False	False	https://equsto.com/shop/sogutma/teshir-dolaplari	2026-09-07
P1_DROP_NO_VALUE	DROP_410	Bulunamadı (404)	no_sellable_product	410+sitemap_drop		tr	shop_pdp	hazirlik	rc-33197		False	False	https://equsto.com/shop/hazirlik/rc-33197	2026-09-07
P1_DROP_NO_VALUE	DROP_410	Bulunamadı (404)	no_sellable_product	410+sitemap_drop		tr	shop_pdp	tezgah	pimak-16070-51		False	False	https://equsto.com/shop/tezgah/pimak-16070-51	2026-09-07
P1_DROP_NO_VALUE	DROP_410	Bulunamadı (404)	no_sellable_product	410+sitemap_drop		tr	shop_pdp	tezgah	sogutma.html		False	False	https://equsto.com/shop/tezgah/sogutma.html	2026-09-07
P1_DROP_NO_VALUE	DROP_410	Bulunamadı (404)	no_sellable_product	410+sitemap_drop		tr	shop_pdp	hazirlik	rc-27511		False	False	https://equsto.com/shop/hazirlik/rc-27511	2026-09-07
P1_DROP_NO_VALUE	DROP_410	Bulunamadı (404)	no_sellable_product	410+sitemap_drop		tr	shop_pdp	hazirlik	rc-27067		False	False	https://equsto.com/shop/hazirlik/rc-27067	2026-09-07
P1_DROP_NO_VALUE	DROP_410	Bulunamadı (404)	no_sellable_product	410+sitemap_drop		tr	shop_pdp	sogutma	endustriyel-mutfak-ekipmanlari-teshir-dolaplari		False	False	https://equsto.com/shop/sogutma/endustriyel-mutfak-ekipmanlari-teshir-dolaplari	2026-09-07
P1_DROP_NO_VALUE	DROP_410	Bulunamadı (404)	no_sellable_product	410+sitemap_drop		en	shop_pdp	hazirlik	dito-sama-lv200-sabit-kazanli-sebze-yikama-makinesi-200-l		False	False	https://equsto.com/en/shop/hazirlik/dito-sama-lv200-sabit-kazanli-sebze-yikama-makinesi-200-l	2026-09-07
P1_DROP_NO_VALUE	DROP_410	Bulunamadı (404)	no_sellable_product	410+sitemap_drop		tr	shop_pdp	tezgah	tasima.html		False	False	https://equsto.com/shop/tezgah/tasima.html	2026-09-06
P1_DROP_NO_VALUE	DROP_410	Bulunamadı (404)	no_sellable_product	410+sitemap_drop		en	shop_pdp	tezgah	pimak-16070-51		False	False	https://equsto.com/en/shop/tezgah/pimak-16070-51	2026-09-06
P1_DROP_NO_VALUE	DROP_410	Bulunamadı (404)	no_sellable_product	410+sitemap_drop		en	shop_pdp	sogutma	paslanmaz-raf-stainless-steel-shelf-glass-door-slim-2-doors-refrigerators		False	False	https://equsto.com/en/shop/sogutma/paslanmaz-raf-stainless-steel-shelf-glass-door-slim-2-doors-refrigerators	2026-09-06
P1_DROP_NO_VALUE	DROP_410	Bulunamadı (404)	no_sellable_product	410+sitemap_drop		tr	shop_pdp	yikama	pfos.html		False	False	https://equsto.com/shop/yikama/pfos.html	2026-09-06
P1_DROP_NO_VALUE	DROP_410	Bulunamadı (404)	no_sellable_product	410+sitemap_drop		en	shop_pdp	hazirlik	rc-43000r		False	False	https://equsto.com/en/shop/hazirlik/rc-43000r	2026-09-06
P1_DROP_NO_VALUE	DROP_410	Bulunamadı (404)	no_sellable_product	410+sitemap_drop		tr	shop_pdp	hazirlik	robot-coupe__kesme-diski-1414-mm		False	False	https://equsto.com/shop/hazirlik/robot-coupe__kesme-diski-1414-mm	2026-09-06
P1_DROP_NO_VALUE	DROP_410	Bulunamadı (404)	no_sellable_product	410+sitemap_drop		en	shop_pdp	hazirlik	rc-22570d		False	False	https://equsto.com/en/shop/hazirlik/rc-22570d	2026-09-06
P1_DROP_NO_VALUE	DROP_410	Bulunamadı (404)	no_sellable_product	410+sitemap_drop		tr	shop_pdp	hazirlik	pisirme.html		False	False	https://equsto.com/shop/hazirlik/pisirme.html	2026-09-06
P1_DROP_NO_VALUE	DROP_410	Bulunamadı (404)	no_sellable_product	410+sitemap_drop		tr	shop_pdp	hazirlik	mateka-mateka-42-no-et-kiyma-makinesi-yekpare-paslanmaz-kafali-celik-400-v-eps-42t		False	False	https://equsto.com/shop/hazirlik/mateka-mateka-42-no-et-kiyma-makinesi-yekpare-paslanmaz-kafali-celik-400-v-eps-42t	2026-09-06
P1_DROP_NO_VALUE	DROP_410	Bulunamadı (404)	no_sellable_product	410+sitemap_drop		en	shop_pdp	hazirlik	rc-28115		False	False	https://equsto.com/en/shop/hazirlik/rc-28115	2026-09-06
P1_DROP_NO_VALUE	DROP_410	Bulunamadı (404)	no_sellable_product	410+sitemap_drop		tr	shop_pdp	hazirlik	rc-39680		False	False	https://equsto.com/shop/hazirlik/rc-39680	2026-09-06
P1_DROP_NO_VALUE	DROP_410	Bulunamadı (404)	no_sellable_product	410+sitemap_drop		tr	shop_pdp	hazirlik	rc-28064		False	False	https://equsto.com/shop/hazirlik/rc-28064	2026-09-05
P1_DROP_NO_VALUE	DROP_410	Bulunamadı (404)	no_sellable_product	410+sitemap_drop		tr	shop_pdp	icecek	rc-47000a		False	False	https://equsto.com/shop/icecek/rc-47000a	2026-09-05
P1_DROP_NO_VALUE	DROP_410	Bulunamadı (404)	no_sellable_product	410+sitemap_drop		tr	shop_pdp	hazirlik	rc-43000r		False	False	https://equsto.com/shop/hazirlik/rc-43000r	2026-09-05
P1_DROP_NO_VALUE	DROP_410	Bulunamadı (404)	no_sellable_product	410+sitemap_drop		tr	shop_pdp	tezgah	equsto-12070-50		False	False	https://equsto.com/shop/tezgah/equsto-12070-50	2026-09-05
P1_DROP_NO_VALUE	DROP_410	Bulunamadı (404)	no_sellable_product	410+sitemap_drop		tr	shop_pdp	hazirlik	rc-28178w		False	False	https://equsto.com/shop/hazirlik/rc-28178w	2026-09-05
P1_DROP_NO_VALUE	DROP_410	Bulunamadı (404)	no_sellable_product	410+sitemap_drop		en	shop_pdp	tezgah	tb04-1203030-00		False	False	https://equsto.com/en/shop/tezgah/tb04-1203030-00	2026-09-05
P1_DROP_NO_VALUE	DROP_410	Bulunamadı (404)	no_sellable_product	410+sitemap_drop		tr	shop_pdp	tezgah	equsto-12070-46		False	False	https://equsto.com/shop/tezgah/equsto-12070-46	2026-09-05
P1_DROP_NO_VALUE	DROP_410	Bulunamadı (404)	no_sellable_product	410+sitemap_drop		tr	shop_pdp	hazirlik	rc-28016		False	False	https://equsto.com/shop/hazirlik/rc-28016	2026-09-05
P1_DROP_NO_VALUE	DROP_410	Bulunamadı (404)	no_sellable_product	410+sitemap_drop		en	shop_pdp	hazirlik	rc-1907		False	False	https://equsto.com/en/shop/hazirlik/rc-1907	2026-09-05
P1_DROP_NO_VALUE	DROP_410	Bulunamadı (404)	no_sellable_product	410+sitemap_drop		tr	shop_pdp	hazirlik	rc-2214		False	False	https://equsto.com/shop/hazirlik/rc-2214	2026-09-05
P1_DROP_NO_VALUE	DROP_410	Bulunamadı (404)	no_sellable_product	410+sitemap_drop		en	shop_pdp	davlumbaz	market-reyonlari.html		False	False	https://equsto.com/en/shop/davlumbaz/market-reyonlari.html	2026-09-05
P1_DROP_NO_VALUE	DROP_410	Bulunamadı (404)	no_sellable_product	410+sitemap_drop		en	shop_pdp	davlumbaz	pimak-45155-00		False	False	https://equsto.com/en/shop/davlumbaz/pimak-45155-00	2026-09-05
P1_DROP_NO_VALUE	DROP_410	Bulunamadı (404)	no_sellable_product	410+sitemap_drop		en	shop_pdp	hazirlik	rc-28058		False	False	https://equsto.com/en/shop/hazirlik/rc-28058	2026-09-05
P1_DROP_NO_VALUE	DROP_410	Bulunamadı (404)	no_sellable_product	410+sitemap_drop		en	shop_pdp	hazirlik	robot-coupe__rende-3-mm		False	False	https://equsto.com/en/shop/hazirlik/robot-coupe__rende-3-mm	2026-09-05
P1_DROP_NO_VALUE	DROP_410	Bulunamadı (404)	no_sellable_product	410+sitemap_drop		tr	shop_pdp	tezgah	equsto-16070-51		False	False	https://equsto.com/shop/tezgah/equsto-16070-51	2026-09-05
P1_DROP_NO_VALUE	DROP_410	Bulunamadı (404)	no_sellable_product	410+sitemap_drop		en	shop_pdp	market-reyonlari	eq-nergis-lb-tp-sky-eq7		True	False	https://equsto.com/en/login.html?next=/en/shop/market-reyonlari/eq-nergis-lb-tp-sky-eq7	2026-09-05
P1_DROP_NO_VALUE	DROP_410	Bulunamadı (404)	no_sellable_product	410+sitemap_drop		en	shop_pdp	market-reyonlari	eq-papatya-nv-eq3		True	False	https://equsto.com/en/login.html?next=/en/shop/market-reyonlari/eq-papatya-nv-eq3	2026-09-05
P1_DROP_NO_VALUE	DROP_410	Bulunamadı (404)	no_sellable_product	410+sitemap_drop		en	shop_pdp	hazirlik	rc-28130		False	False	https://equsto.com/en/shop/hazirlik/rc-28130	2026-09-05
P1_DROP_NO_VALUE	DROP_410	Bulunamadı (404)	no_sellable_product	410+sitemap_drop		tr	shop_pdp	hazirlik	rc-2382		False	False	https://equsto.com/shop/hazirlik/rc-2382	2026-09-05
P1_DROP_NO_VALUE	DROP_410	Bulunamadı (404)	no_sellable_product	410+sitemap_drop		en	shop_pdp	market-reyonlari	eq-fulya-hf-fg-sky-eq4		True	False	https://equsto.com/en/login.html?next=/en/shop/market-reyonlari/eq-fulya-hf-fg-sky-eq4	2026-09-05
P1_DROP_NO_VALUE	DROP_410	Bulunamadı (404)	no_sellable_product	410+sitemap_drop		en	shop_pdp	market-reyonlari	eq-fulya-nv-tp-sky-eq21		True	False	https://equsto.com/en/login.html?next=/en/shop/market-reyonlari/eq-fulya-nv-tp-sky-eq21	2026-09-05
P1_DROP_NO_VALUE	DROP_410	Bulunamadı (404)	no_sellable_product	410+sitemap_drop		en	shop_pdp	hazirlik	rc-28170		False	False	https://equsto.com/en/shop/hazirlik/rc-28170	2026-09-04
P1_DROP_NO_VALUE	DROP_410	Bulunamadı (404)	no_sellable_product	410+sitemap_drop		en	shop_pdp	hazirlik	rc-24709m		False	False	https://equsto.com/en/shop/hazirlik/rc-24709m	2026-09-04
P1_DROP_NO_VALUE	DROP_410	Bulunamadı (404)	no_sellable_product	410+sitemap_drop		en	shop_pdp	davlumbaz	pimak-60205-00		False	False	https://equsto.com/en/shop/davlumbaz/pimak-60205-00	2026-09-04
P1_DROP_NO_VALUE	DROP_410	Bulunamadı (404)	no_sellable_product	410+sitemap_drop		en	shop_pdp	icecek	rc-55040d		False	False	https://equsto.com/en/shop/icecek/rc-55040d	2026-09-04
P1_DROP_NO_VALUE	DROP_410	Bulunamadı (404)	no_sellable_product	410+sitemap_drop		en	shop_pdp	market-reyonlari	eq-fulya-nv-fg-eq23		True	False	https://equsto.com/en/login.html?next=/en/shop/market-reyonlari/eq-fulya-nv-fg-eq23	2026-09-04
P1_DROP_NO_VALUE	DROP_410	Bulunamadı (404)	no_sellable_product	410+sitemap_drop		en	shop_pdp	market-reyonlari	eq-fulya-hf-tp-eq24		True	False	https://equsto.com/en/login.html?next=/en/shop/market-reyonlari/eq-fulya-hf-tp-eq24	2026-09-04
P1_DROP_NO_VALUE	DROP_410	Bulunamadı (404)	non_product_404	410_or_ignore		tr	other		/industrial-kitchen-equipment-turkey		False	False	https://equsto.com/industrial-kitchen-equipment-turkey	2026-09-04
P1_DROP_NO_VALUE	DROP_410	Bulunamadı (404)	no_sellable_product	410+sitemap_drop		en	shop_pdp	hazirlik	rc-2382		False	False	https://equsto.com/en/shop/hazirlik/rc-2382	2026-09-04
P1_DROP_NO_VALUE	DROP_410	Bulunamadı (404)	no_sellable_product	410+sitemap_drop		tr	shop_pdp	set-ustu-mutfak	8448-03244-01		False	False	https://equsto.com/shop/set-ustu-mutfak/8448-03244-01	2026-09-03
P1_DROP_NO_VALUE	DROP_410	Bulunamadı (404)	no_sellable_product	410+sitemap_drop		en	shop_pdp	market-reyonlari	eq-lotus-eq25		True	False	https://equsto.com/en/login.html?next=/en/shop/market-reyonlari/eq-lotus-eq25	2026-09-03
P1_DROP_NO_VALUE	DROP_410	Bulunamadı (404)	no_sellable_product	410+sitemap_drop		tr	shop_pdp	tezgah	pimak-08070-11		False	False	https://equsto.com/shop/tezgah/pimak-08070-11	2026-09-03
P1_DROP_NO_VALUE	DROP_410	Bulunamadı (404)	no_sellable_product	410+sitemap_drop		tr	shop_pdp	hazirlik	rc-27086		False	False	https://equsto.com/shop/hazirlik/rc-27086	2026-09-03
P1_DROP_NO_VALUE	DROP_410	Bulunamadı (404)	no_sellable_product	410+sitemap_drop		en	shop_pdp	hazirlik	robot-coupe__dilimleyici-bicak-1mm		False	False	https://equsto.com/en/shop/hazirlik/robot-coupe__dilimleyici-bicak-1mm	2026-09-03
P1_DROP_NO_VALUE	DROP_410	Bulunamadı (404)	no_sellable_product	410+sitemap_drop		en	shop_pdp	hazirlik	rc-28114		False	False	https://equsto.com/en/shop/hazirlik/rc-28114	2026-09-03
P1_DROP_NO_VALUE	DROP_410	Bulunamadı (404)	no_sellable_product	410+sitemap_drop		tr	shop_pdp	hazirlik	rc-34900		False	False	https://equsto.com/shop/hazirlik/rc-34900	2026-09-03
P1_DROP_NO_VALUE	DROP_410	Bulunamadı (404)	non_product_404	410_or_ignore		tr	other		/dark-kitchen-bulut-mutfak-2026		False	False	https://equsto.com/dark-kitchen-bulut-mutfak-2026	2026-09-03
P1_DROP_NO_VALUE	DROP_410	Bulunamadı (404)	no_sellable_product	410+sitemap_drop		en	shop_pdp	sogutma	index.html		False	False	https://equsto.com/en/shop/sogutma/index.html	2026-09-02
P1_DROP_NO_VALUE	DROP_410	Bulunamadı (404)	no_sellable_product	410+sitemap_drop		tr	shop_pdp	hazirlik	rc-28067		False	False	https://equsto.com/shop/hazirlik/rc-28067	2026-09-02
P1_DROP_NO_VALUE	DROP_410	Bulunamadı (404)	no_sellable_product	410+sitemap_drop		en	shop_pdp	hazirlik	robot-coupe__rende-7mm		False	False	https://equsto.com/en/shop/hazirlik/robot-coupe__rende-7mm	2026-09-02
P1_DROP_NO_VALUE	DROP_410	Bulunamadı (404)	no_sellable_product	410+sitemap_drop		en	shop_pdp	icecek	robot-coupe__robot-coupe-bl-5-paslanmaz-celik-hazneli-profesyonel-mutfak-blender-5-l-1200-w		False	False	https://equsto.com/en/shop/icecek/robot-coupe__robot-coupe-bl-5-paslanmaz-celik-hazneli-profesyonel-mutfak-blender-5-l-1200-w	2026-09-02
P1_DROP_NO_VALUE	DROP_410	Bulunamadı (404)	no_sellable_product	410+sitemap_drop		tr	shop_pdp	hazirlik	robot-coupe__rende-7mm		False	False	https://equsto.com/shop/hazirlik/robot-coupe__rende-7mm	2026-09-02
P1_DROP_NO_VALUE	DROP_410	Bulunamadı (404)	no_sellable_product	410+sitemap_drop		en	shop_pdp	tezgah	pimak-10608-23		False	False	https://equsto.com/en/shop/tezgah/pimak-10608-23	2026-09-02
P1_DROP_NO_VALUE	DROP_410	Bulunamadı (404)	no_sellable_product	410+sitemap_drop		tr	shop_pdp	tezgah	pimak-2810070		False	False	https://equsto.com/shop/tezgah/pimak-2810070	2026-09-02
P1_DROP_NO_VALUE	DROP_410	Bulunamadı (404)	no_sellable_product	410+sitemap_drop		en	shop_pdp	tezgah	pimak-18060-12		False	False	https://equsto.com/en/shop/tezgah/pimak-18060-12	2026-09-02
P1_DROP_NO_VALUE	DROP_410	Bulunamadı (404)	no_sellable_product	410+sitemap_drop		tr	shop_pdp	tezgah	pimak-16070-46		False	False	https://equsto.com/shop/tezgah/pimak-16070-46	2026-09-02
P1_DROP_NO_VALUE	DROP_410	Bulunamadı (404)	no_sellable_product	410+sitemap_drop		tr	shop_pdp	icecek	robot-coupe__robot-coupe-bl-5-paslanmaz-celik-hazneli-profesyonel-mutfak-blender-5-l-1200-w		False	False	https://equsto.com/shop/icecek/robot-coupe__robot-coupe-bl-5-paslanmaz-celik-hazneli-profesyonel-mutfak-blender-5-l-1200-w	2026-09-02
P1_DROP_NO_VALUE	DROP_410	Bulunamadı (404)	no_sellable_product	410+sitemap_drop		tr	shop_pdp	hazirlik	robot-coupe__robot-coupe-39337-mp-350-mp-450-combi-ultra-mp-350-vv-mp-450-ultra-yedek-bicak		False	False	https://equsto.com/shop/hazirlik/robot-coupe__robot-coupe-39337-mp-350-mp-450-combi-ultra-mp-350-vv-mp-450-ultra-yedek-bicak	2026-09-02
P1_DROP_NO_VALUE	DROP_410	Bulunamadı (404)	no_sellable_product	410+sitemap_drop		en	shop_pdp	istif	istif.html		False	False	https://equsto.com/en/shop/istif/istif.html	2026-09-02
P1_DROP_NO_VALUE	DROP_410	Bulunamadı (404)	no_sellable_product	410+sitemap_drop		tr	shop_pdp	hazirlik	rc-34780		False	False	https://equsto.com/shop/hazirlik/rc-34780	2026-09-02
P1_DROP_NO_VALUE	DROP_410	Bulunamadı (404)	no_sellable_product	410+sitemap_drop		en	shop_pdp	tezgah	pimak-12060-51		False	False	https://equsto.com/en/shop/tezgah/pimak-12060-51	2026-09-01
P1_DROP_NO_VALUE	DROP_410	Bulunamadı (404)	no_sellable_product	410+sitemap_drop		en	shop_pdp	market-reyonlari	eq-nergis-lb-tp-sky-eq8		True	False	https://equsto.com/en/login.html?next=/en/shop/market-reyonlari/eq-nergis-lb-tp-sky-eq8	2026-09-01
P1_DROP_NO_VALUE	DROP_410	Bulunamadı (404)	no_sellable_product	410+sitemap_drop		en	shop_pdp	hazirlik	robot-coupe__bicak-14mm		False	False	https://equsto.com/en/shop/hazirlik/robot-coupe__bicak-14mm	2026-09-01
P1_DROP_NO_VALUE	DROP_410	Bulunamadı (404)	no_sellable_product	410+sitemap_drop	high	en	shop_pdp	sogutma	710003	/en/shop/sogutma/710003	True	False	https://equsto.com/en/login.html?next=/en/shop/sogutma/710003	2026-09-01
P1_DROP_NO_VALUE	DROP_410	Bulunamadı (404)	no_sellable_product	410+sitemap_drop		en	shop_pdp	hazirlik	robot-coupe__cl50-pure-aksesuari-6-mm		False	False	https://equsto.com/en/shop/hazirlik/robot-coupe__cl50-pure-aksesuari-6-mm	2026-09-01
P1_DROP_NO_VALUE	DROP_410	Bulunamadı (404)	no_sellable_product	410+sitemap_drop		tr	shop_pdp	tezgah	equsto-08070-11		False	False	https://equsto.com/shop/tezgah/equsto-08070-11	2026-09-01
P1_DROP_NO_VALUE	DROP_410	Bulunamadı (404)	no_sellable_product	410+sitemap_drop		en	shop_pdp	market-reyonlari	eq-nergis-lm-eq9		True	False	https://equsto.com/en/login.html?next=/en/shop/market-reyonlari/eq-nergis-lm-eq9	2026-09-01
P1_DROP_NO_VALUE	DROP_410	Bulunamadı (404)	no_sellable_product	410+sitemap_drop		en	shop_pdp	tezgah	pimak-08060-11		False	False	https://equsto.com/en/shop/tezgah/pimak-08060-11	2026-09-01
P1_DROP_NO_VALUE	DROP_410	Bulunamadı (404)	no_sellable_product	410+sitemap_drop		en	shop_pdp	tezgah	0754-056a0-01		False	False	https://equsto.com/en/shop/tezgah/0754-056a0-01	2026-09-01
P1_DROP_NO_VALUE	DROP_410	Bulunamadı (404)	no_sellable_product	410+sitemap_drop		tr	shop_pdp	set-ustu-mutfak	2920-17870-38		False	False	https://equsto.com/shop/set-ustu-mutfak/2920-17870-38	2026-09-01
P1_DROP_NO_VALUE	DROP_410	Bulunamadı (404)	no_sellable_product	410+sitemap_drop		en	shop_pdp	market-reyonlari	eq-sardunya-gl-eq22		True	False	https://equsto.com/en/login.html?next=/en/shop/market-reyonlari/eq-sardunya-gl-eq22	2026-09-01
P1_DROP_NO_VALUE	DROP_410	Bulunamadı (404)	no_sellable_product	410+sitemap_drop		en	shop_pdp	hazirlik	rc-28068		False	False	https://equsto.com/en/shop/hazirlik/rc-28068	2026-09-01
P1_DROP_NO_VALUE	DROP_410	Bulunamadı (404)	no_sellable_product	410+sitemap_drop		en	shop_pdp	hazirlik	rc-24432		False	False	https://equsto.com/en/shop/hazirlik/rc-24432	2026-09-01
P1_DROP_NO_VALUE	DROP_410	Bulunamadı (404)	no_sellable_product	410+sitemap_drop	high	en	shop_pdp	set-ustu-mutfak	8893-up112-l0	/en/shop/set-ustu-mutfak/8893-up112-l0	True	False	https://equsto.com/en/login.html?next=/en/shop/set-ustu-mutfak/8893-up112-l0	2026-09-01
P1_DROP_NO_VALUE	DROP_410	Bulunamadı (404)	non_product_404	410_or_ignore		tr	other		/mutfak-alani-kisi-basi-metrekare-2026		False	False	https://equsto.com/mutfak-alani-kisi-basi-metrekare-2026	2026-09-01
P1_DROP_NO_VALUE	DROP_410	Bulunamadı (404)	non_product_404	410_or_ignore		tr	other		/guides/dark-kitchen-cloud-kitchen-2026		False	False	https://equsto.com/guides/dark-kitchen-cloud-kitchen-2026	2026-09-01
P1_DROP_NO_VALUE	DROP_410	Bulunamadı (404)	no_sellable_product	410+sitemap_drop		en	shop_pdp	market-reyonlari	eq-nergis-lb-lm-eq1		True	False	https://equsto.com/en/login.html?next=/en/shop/market-reyonlari/eq-nergis-lb-lm-eq1	2026-08-31
P1_DROP_NO_VALUE	DROP_410	Bulunamadı (404)	non_product_404	410_or_ignore		tr	other		/500-kisilik-catering-ekipman-planlama-2026		False	False	https://equsto.com/500-kisilik-catering-ekipman-planlama-2026	2026-08-31
P1_DROP_NO_VALUE	DROP_410	Bulunamadı (404)	no_sellable_product	410+sitemap_drop		tr	shop_pdp	tezgah	equsto-19070-70		False	False	https://equsto.com/shop/tezgah/equsto-19070-70	2026-08-31
P1_DROP_NO_VALUE	DROP_410	Bulunamadı (404)	no_sellable_product	410+sitemap_drop		en	shop_pdp	tezgah	pimak-24060-56		True	False	https://equsto.com/en/login.html?next=/en/shop/tezgah/pimak-24060-56	2026-08-31
P1_DROP_NO_VALUE	DROP_410	Bulunamadı (404)	no_sellable_product	410+sitemap_drop		en	shop_pdp	sogutma	kuvetler.html		False	False	https://equsto.com/en/shop/sogutma/kuvetler.html	2026-08-31
P1_DROP_NO_VALUE	DROP_410	Bulunamadı (404)	non_product_404	410_or_ignore		en	other		/en/blog		True	False	https://equsto.com/en/login.html?next=/en/blog	2026-08-31
P1_DROP_NO_VALUE	DROP_410	Bulunamadı (404)	no_sellable_product	410+sitemap_drop		en	shop_pdp	market-reyonlari	eq-nergis-fg-eq1		True	False	https://equsto.com/en/login.html?next=/en/shop/market-reyonlari/eq-nergis-fg-eq1	2026-08-31
P1_DROP_NO_VALUE	DROP_410	Bulunamadı (404)	no_sellable_product	410+sitemap_drop		tr	shop_pdp	set-ustu-mutfak	hazirlik.html		False	False	https://equsto.com/shop/set-ustu-mutfak/hazirlik.html	2026-08-31
P1_DROP_NO_VALUE	DROP_410	Bulunamadı (404)	no_sellable_product	410+sitemap_drop		en	shop_pdp	market-reyonlari	eq-fulya-hf-fg-eq1		True	False	https://equsto.com/en/login.html?next=/en/shop/market-reyonlari/eq-fulya-hf-fg-eq1	2026-08-31
P1_DROP_NO_VALUE	DROP_410	Bulunamadı (404)	no_sellable_product	410+sitemap_drop		en	shop_pdp	market-reyonlari	eq-nergis-lb-fg-eq37		True	False	https://equsto.com/en/login.html?next=/en/shop/market-reyonlari/eq-nergis-lb-fg-eq37	2026-08-31
P1_DROP_NO_VALUE	DROP_410	Bulunamadı (404)	no_sellable_product	410+sitemap_drop		en	shop_pdp	market-reyonlari	eq-nergis-lb-tp-sky-eq22		True	False	https://equsto.com/en/login.html?next=/en/shop/market-reyonlari/eq-nergis-lb-tp-sky-eq22	2026-08-31
P1_DROP_NO_VALUE	DROP_410	Bulunamadı (404)	no_sellable_product	410+sitemap_drop		en	shop_pdp	market-reyonlari	eq-nergis-tp-sky-eq39		True	False	https://equsto.com/en/login.html?next=/en/shop/market-reyonlari/eq-nergis-tp-sky-eq39	2026-08-31
P1_DROP_NO_VALUE	DROP_410	Bulunamadı (404)	no_sellable_product	410+sitemap_drop		en	shop_pdp	market-reyonlari	eq-nergis-lm-eq34		True	False	https://equsto.com/en/login.html?next=/en/shop/market-reyonlari/eq-nergis-lm-eq34	2026-08-31
P1_DROP_NO_VALUE	DROP_410	Bulunamadı (404)	no_sellable_product	410+sitemap_drop		en	shop_pdp	hazirlik	robot-coupe__sebze-dograma-makinesi-cl20		False	False	https://equsto.com/en/shop/hazirlik/robot-coupe__sebze-dograma-makinesi-cl20	2026-08-31
P1_DROP_NO_VALUE	DROP_410	Bulunamadı (404)	no_sellable_product	410+sitemap_drop		en	shop_pdp	market-reyonlari	eq-iris-eq3		True	False	https://equsto.com/en/login.html?next=/en/shop/market-reyonlari/eq-iris-eq3	2026-08-31
P1_DROP_NO_VALUE	DROP_410	Bulunamadı (404)	no_sellable_product	410+sitemap_drop		en	shop_pdp	market-reyonlari	eq-lotus-eq31		True	False	https://equsto.com/en/login.html?next=/en/shop/market-reyonlari/eq-lotus-eq31	2026-08-31
P1_DROP_NO_VALUE	DROP_410	Bulunamadı (404)	no_sellable_product	410+sitemap_drop		en	shop_pdp	market-reyonlari	eq-fulya-hf-tp-eq1		True	False	https://equsto.com/en/login.html?next=/en/shop/market-reyonlari/eq-fulya-hf-tp-eq1	2026-08-31
P1_DROP_NO_VALUE	DROP_410	Bulunamadı (404)	no_sellable_product	410+sitemap_drop		en	shop_pdp	market-reyonlari	eq-nergis-tp-sky-eq6		True	False	https://equsto.com/en/login.html?next=/en/shop/market-reyonlari/eq-nergis-tp-sky-eq6	2026-08-31
P1_DROP_NO_VALUE	DROP_410	Bulunamadı (404)	no_sellable_product	410+sitemap_drop		en	shop_pdp	market-reyonlari	eq-lotus-eq10		True	False	https://equsto.com/en/login.html?next=/en/shop/market-reyonlari/eq-lotus-eq10	2026-08-31
P1_DROP_NO_VALUE	DROP_410	Bulunamadı (404)	non_product_404	410_or_ignore		tr	other		/restaurant-kitchen-quote		False	False	https://equsto.com/restaurant-kitchen-quote	2026-08-31
P1_DROP_NO_VALUE	DROP_410	Bulunamadı (404)	no_sellable_product	410+sitemap_drop		en	shop_pdp	market-reyonlari	eq-nergis-lm-eq49		True	False	https://equsto.com/en/login.html?next=/en/shop/market-reyonlari/eq-nergis-lm-eq49	2026-08-31
P1_DROP_NO_VALUE	DROP_410	Bulunamadı (404)	no_sellable_product	410+sitemap_drop		en	shop_pdp	market-reyonlari	eq-nergis-lb-tp-sky-eq21		True	False	https://equsto.com/en/login.html?next=/en/shop/market-reyonlari/eq-nergis-lb-tp-sky-eq21	2026-08-31
P1_DROP_NO_VALUE	DROP_410	Bulunamadı (404)	no_sellable_product	410+sitemap_drop		en	shop_pdp	tezgah	mr38-1604060-00		False	False	https://equsto.com/en/shop/tezgah/mr38-1604060-00	2026-08-31
P1_DROP_NO_VALUE	DROP_410	Bulunamadı (404)	no_sellable_product	410+sitemap_drop		en	shop_pdp	hazirlik	rc-24620		False	False	https://equsto.com/en/shop/hazirlik/rc-24620	2026-08-31
P1_DROP_NO_VALUE	DROP_410	Bulunamadı (404)	no_sellable_product	410+sitemap_drop		en	shop_pdp	market-reyonlari	eq-fulya-nv-lm-eq18		True	False	https://equsto.com/en/login.html?next=/en/shop/market-reyonlari/eq-fulya-nv-lm-eq18	2026-08-31
P1_DROP_NO_VALUE	DROP_410	Bulunamadı (404)	no_sellable_product	410+sitemap_drop		en	shop_pdp	market-reyonlari	eq-lotus-eq33		True	False	https://equsto.com/en/login.html?next=/en/shop/market-reyonlari/eq-lotus-eq33	2026-08-30
P1_DROP_NO_VALUE	DROP_410	Bulunamadı (404)	non_product_404	410_or_ignore		en	other		/en/projeler/fine-dining-kurulumu.html		False	False	https://equsto.com/en/projeler/fine-dining-kurulumu.html	2026-08-30
P1_DROP_NO_VALUE	DROP_410	Bulunamadı (404)	no_sellable_product	410+sitemap_drop		en	shop_pdp	tezgah	pimak-06070-11		False	False	https://equsto.com/en/shop/tezgah/pimak-06070-11	2026-08-30
P1_DROP_NO_VALUE	DROP_410	Bulunamadı (404)	no_sellable_product	410+sitemap_drop		tr	shop_pdp	tezgah	pimak-12060-70		False	False	https://equsto.com/shop/tezgah/pimak-12060-70	2026-08-30
P1_DROP_NO_VALUE	DROP_410	Bulunamadı (404)	no_sellable_product	410+sitemap_drop		en	shop_pdp	tezgah	pimak-12070-57		False	False	https://equsto.com/en/shop/tezgah/pimak-12070-57	2026-08-30
P1_DROP_NO_VALUE	DROP_410	Bulunamadı (404)	no_sellable_product	410+sitemap_drop		en	shop_pdp	tezgah	pimak-20060-14		False	False	https://equsto.com/en/shop/tezgah/pimak-20060-14	2026-08-30
P1_DROP_NO_VALUE	DROP_410	Bulunamadı (404)	no_sellable_product	410+sitemap_drop		en	shop_pdp	market-reyonlari	eq-nergis-tp-eq17		True	False	https://equsto.com/en/login.html?next=/en/shop/market-reyonlari/eq-nergis-tp-eq17	2026-08-30
P1_DROP_NO_VALUE	DROP_410	Bulunamadı (404)	no_sellable_product	410+sitemap_drop		en	shop_pdp	tezgah	pimak-14070-70		False	False	https://equsto.com/en/shop/tezgah/pimak-14070-70	2026-08-30
P1_DROP_NO_VALUE	DROP_410	Bulunamadı (404)	no_sellable_product	410+sitemap_drop		tr	shop_pdp	tezgah	dr04-1803030-00		False	False	https://equsto.com/shop/tezgah/dr04-1803030-00	2026-08-30
P1_DROP_NO_VALUE	DROP_410	Bulunamadı (404)	no_sellable_product	410+sitemap_drop		en	shop_pdp	davlumbaz	pimak-45205-00		False	False	https://equsto.com/en/shop/davlumbaz/pimak-45205-00	2026-08-30
P1_DROP_NO_VALUE	DROP_410	Bulunamadı (404)	no_sellable_product	410+sitemap_drop		en	shop_pdp	tezgah	pimak-16070-70		False	False	https://equsto.com/en/shop/tezgah/pimak-16070-70	2026-08-30
P1_DROP_NO_VALUE	DROP_410	Bulunamadı (404)	no_sellable_product	410+sitemap_drop		en	shop_pdp	hazirlik	rc-28057		False	False	https://equsto.com/en/shop/hazirlik/rc-28057	2026-08-30
P1_DROP_NO_VALUE	DROP_410	Bulunamadı (404)	no_sellable_product	410+sitemap_drop		en	shop_pdp	tezgah	pimak-06060-11		False	False	https://equsto.com/en/shop/tezgah/pimak-06060-11	2026-08-30
P1_DROP_NO_VALUE	DROP_410	Bulunamadı (404)	no_sellable_product	410+sitemap_drop		en	shop_pdp	davlumbaz	pimak-35155-00		False	False	https://equsto.com/en/shop/davlumbaz/pimak-35155-00	2026-08-30
P1_DROP_NO_VALUE	DROP_410	Bulunamadı (404)	no_sellable_product	410+sitemap_drop		tr	shop_pdp	tezgah	pimak-20060-11		False	False	https://equsto.com/shop/tezgah/pimak-20060-11	2026-08-30
P1_DROP_NO_VALUE	DROP_410	Bulunamadı (404)	no_sellable_product	410+sitemap_drop		en	shop_pdp	market-reyonlari	eq-lotus-lb-eq7		True	False	https://equsto.com/en/login.html?next=/en/shop/market-reyonlari/eq-lotus-lb-eq7	2026-08-30
P1_DROP_NO_VALUE	DROP_410	Bulunamadı (404)	no_sellable_product	410+sitemap_drop		en	shop_pdp	tezgah	tb04-903030-00		False	False	https://equsto.com/en/shop/tezgah/tb04-903030-00	2026-08-30
P1_DROP_NO_VALUE	DROP_410	Bulunamadı (404)	no_sellable_product	410+sitemap_drop		en	shop_pdp	tezgah	pimak-12080-57		False	False	https://equsto.com/en/shop/tezgah/pimak-12080-57	2026-08-30
P1_DROP_NO_VALUE	DROP_410	Bulunamadı (404)	no_sellable_product	410+sitemap_drop		en	shop_pdp	market-reyonlari	eq-nergis-lb-tp-sky-eq37		True	False	https://equsto.com/en/login.html?next=/en/shop/market-reyonlari/eq-nergis-lb-tp-sky-eq37	2026-08-30
P1_DROP_NO_VALUE	DROP_410	Bulunamadı (404)	no_sellable_product	410+sitemap_drop		tr	shop_pdp	tezgah	pimak-10070-11		False	False	https://equsto.com/shop/tezgah/pimak-10070-11	2026-08-30
P1_DROP_NO_VALUE	DROP_410	Bulunamadı (404)	no_sellable_product	410+sitemap_drop		tr	shop_pdp	tezgah	dr04-703030-00		False	False	https://equsto.com/shop/tezgah/dr04-703030-00	2026-08-30
P1_DROP_NO_VALUE	DROP_410	Bulunamadı (404)	no_sellable_product	410+sitemap_drop		en	shop_pdp	market-reyonlari	eq-fulya-hf-pn-eq11		True	False	https://equsto.com/en/login.html?next=/en/shop/market-reyonlari/eq-fulya-hf-pn-eq11	2026-08-30
P1_DROP_NO_VALUE	DROP_410	Bulunamadı (404)	non_product_404	410_or_ignore		en	other		/en/cloud-kitchen-setup		True	False	https://equsto.com/en/login.html?next=/en/cloud-kitchen-setup	2026-08-30
P1_DROP_NO_VALUE	DROP_410	Bulunamadı (404)	no_sellable_product	410+sitemap_drop		en	shop_pdp	market-reyonlari	eq-fulya-hf-tp-eq12		True	False	https://equsto.com/en/login.html?next=/en/shop/market-reyonlari/eq-fulya-hf-tp-eq12	2026-08-30
P1_DROP_NO_VALUE	DROP_410	Bulunamadı (404)	404_other	410		tr	shop_hub	pfos.html			False	False	https://equsto.com/shop/pfos.html	2026-08-30
P1_DROP_NO_VALUE	DROP_410	Bulunamadı (404)	no_sellable_product	410+sitemap_drop		en	shop_pdp	market-reyonlari	eq-gardenya-eq3		True	False	https://equsto.com/en/login.html?next=/en/shop/market-reyonlari/eq-gardenya-eq3	2026-08-30
P1_DROP_NO_VALUE	DROP_410	Bulunamadı (404)	no_sellable_product	410+sitemap_drop		tr	shop_pdp	tezgah	pimak-14070-11		False	False	https://equsto.com/shop/tezgah/pimak-14070-11	2026-08-30
P1_DROP_NO_VALUE	DROP_410	Bulunamadı (404)	no_sellable_product	410+sitemap_drop		en	shop_pdp	market-reyonlari	eq-sardunya-lm-eq3		True	False	https://equsto.com/en/login.html?next=/en/shop/market-reyonlari/eq-sardunya-lm-eq3	2026-08-30
P1_DROP_NO_VALUE	DROP_410	Bulunamadı (404)	no_sellable_product	410+sitemap_drop		en	shop_pdp	tezgah	pimak-21070-25		False	False	https://equsto.com/en/shop/tezgah/pimak-21070-25	2026-08-30
P1_DROP_NO_VALUE	DROP_410	Bulunamadı (404)	no_sellable_product	410+sitemap_drop		tr	shop_pdp	davlumbaz	pimak-40155-00		False	False	https://equsto.com/shop/davlumbaz/pimak-40155-00	2026-08-30
P1_DROP_NO_VALUE	DROP_410	Bulunamadı (404)	no_sellable_product	410+sitemap_drop		tr	shop_pdp	hazirlik	rc-2433		False	False	https://equsto.com/shop/hazirlik/rc-2433	2026-08-30
P1_DROP_NO_VALUE	DROP_410	Bulunamadı (404)	no_sellable_product	410+sitemap_drop		en	shop_pdp	tezgah	tb04-503030-00		False	False	https://equsto.com/en/shop/tezgah/tb04-503030-00	2026-08-30
P1_DROP_NO_VALUE	DROP_410	Bulunamadı (404)	no_sellable_product	410+sitemap_drop		en	shop_pdp	davlumbaz	pimak-40155-00		False	False	https://equsto.com/en/shop/davlumbaz/pimak-40155-00	2026-08-30
P1_DROP_NO_VALUE	DROP_410	Bulunamadı (404)	no_sellable_product	410+sitemap_drop		tr	shop_pdp	tezgah	dr04-1403030-00		False	False	https://equsto.com/shop/tezgah/dr04-1403030-00	2026-08-30
P1_DROP_NO_VALUE	DROP_410	Bulunamadı (404)	no_sellable_product	410+sitemap_drop		tr	shop_pdp	hazirlik	rc-28063		False	False	https://equsto.com/shop/hazirlik/rc-28063	2026-08-30
P1_DROP_NO_VALUE	DROP_410	Bulunamadı (404)	no_sellable_product	410+sitemap_drop		en	shop_pdp	tezgah	pimak-14070-46		False	False	https://equsto.com/en/shop/tezgah/pimak-14070-46	2026-08-30
P1_DROP_NO_VALUE	DROP_410	Bulunamadı (404)	no_sellable_product	410+sitemap_drop		en	shop_pdp	tezgah	pimak-12060-46		False	False	https://equsto.com/en/shop/tezgah/pimak-12060-46	2026-08-30
P1_DROP_NO_VALUE	DROP_410	Bulunamadı (404)	no_sellable_product	410+sitemap_drop		en	shop_pdp	sogutma	9805-im240n-ehc		False	False	https://equsto.com/en/shop/sogutma/9805-im240n-ehc	2026-08-29
P1_DROP_NO_VALUE	DROP_410	Bulunamadı (404)	no_sellable_product	410+sitemap_drop		en	shop_pdp	market-reyonlari	eq-fulya-hf-fg-sky-eq6		True	False	https://equsto.com/en/login.html?next=/en/shop/market-reyonlari/eq-fulya-hf-fg-sky-eq6	2026-08-29
P1_DROP_NO_VALUE	DROP_410	Bulunamadı (404)	no_sellable_product	410+sitemap_drop		tr	shop_pdp	tezgah	pimak-08060-11		False	False	https://equsto.com/shop/tezgah/pimak-08060-11	2026-08-29
P1_DROP_NO_VALUE	DROP_410	Bulunamadı (404)	no_sellable_product	410+sitemap_drop		tr	shop_pdp	tezgah	pimak-14060-51		False	False	https://equsto.com/shop/tezgah/pimak-14060-51	2026-08-29
P1_DROP_NO_VALUE	DROP_410	Bulunamadı (404)	no_sellable_product	410+sitemap_drop		tr	shop_pdp	hazirlik	rc-27138		False	False	https://equsto.com/shop/hazirlik/rc-27138	2026-08-29
P1_DROP_NO_VALUE	DROP_410	Bulunamadı (404)	no_sellable_product	410+sitemap_drop		tr	shop_pdp	hazirlik	oztiryakiler-robot-coupe-rg-9-rende-9-mm		False	False	https://equsto.com/shop/hazirlik/oztiryakiler-robot-coupe-rg-9-rende-9-mm	2026-08-29
P1_DROP_NO_VALUE	DROP_410	Bulunamadı (404)	no_sellable_product	410+sitemap_drop		en	shop_pdp	davlumbaz	pimak-55205-00		False	False	https://equsto.com/en/shop/davlumbaz/pimak-55205-00	2026-08-29
P1_DROP_NO_VALUE	DROP_410	Bulunamadı (404)	no_sellable_product	410+sitemap_drop		en	shop_pdp	tezgah	dr04-903030-00		False	False	https://equsto.com/en/shop/tezgah/dr04-903030-00	2026-08-29
P1_DROP_NO_VALUE	DROP_410	Bulunamadı (404)	no_sellable_product	410+sitemap_drop		tr	shop_pdp	tezgah	pimak-2809070		False	False	https://equsto.com/shop/tezgah/pimak-2809070	2026-08-29
P1_DROP_NO_VALUE	DROP_410	Bulunamadı (404)	no_sellable_product	410+sitemap_drop		en	shop_pdp	tezgah	pimak-14070-51		False	False	https://equsto.com/en/shop/tezgah/pimak-14070-51	2026-08-29
P1_DROP_NO_VALUE	DROP_410	Bulunamadı (404)	no_sellable_product	410+sitemap_drop		en	shop_pdp	tezgah	pimak-14060-51		False	False	https://equsto.com/en/shop/tezgah/pimak-14060-51	2026-08-29
P1_DROP_NO_VALUE	DROP_410	Bulunamadı (404)	no_sellable_product	410+sitemap_drop		en	shop_pdp	tezgah	pimak-19070-50		False	False	https://equsto.com/en/shop/tezgah/pimak-19070-50	2026-08-29
P1_DROP_NO_VALUE	DROP_410	Bulunamadı (404)	no_sellable_product	410+sitemap_drop		tr	shop_pdp	tezgah	pimak-18070-12		False	False	https://equsto.com/shop/tezgah/pimak-18070-12	2026-08-29
P1_DROP_NO_VALUE	DROP_410	Bulunamadı (404)	no_sellable_product	410+sitemap_drop		tr	shop_pdp	hazirlik	robot-coupe__rg-9-rende-9-mm		False	False	https://equsto.com/shop/hazirlik/robot-coupe__rg-9-rende-9-mm	2026-08-29
P1_DROP_NO_VALUE	DROP_410	Bulunamadı (404)	no_sellable_product	410+sitemap_drop		tr	shop_pdp	davlumbaz	pimak-35155-00		False	False	https://equsto.com/shop/davlumbaz/pimak-35155-00	2026-08-29
P1_DROP_NO_VALUE	DROP_410	Bulunamadı (404)	no_sellable_product	410+sitemap_drop		tr	shop_pdp	davlumbaz	pimak-40205-00		False	False	https://equsto.com/shop/davlumbaz/pimak-40205-00	2026-08-29
P1_DROP_NO_VALUE	DROP_410	Bulunamadı (404)	no_sellable_product	410+sitemap_drop		en	shop_pdp	tezgah	pimak-18060-14		False	False	https://equsto.com/en/shop/tezgah/pimak-18060-14	2026-08-29
P1_DROP_NO_VALUE	DROP_410	Bulunamadı (404)	no_sellable_product	410+sitemap_drop		en	shop_pdp	tezgah	pimak-16080-57		False	False	https://equsto.com/en/shop/tezgah/pimak-16080-57	2026-08-29
P1_DROP_NO_VALUE	DROP_410	Bulunamadı (404)	no_sellable_product	410+sitemap_drop		tr	shop_pdp	tezgah	pimak-20060-14		False	False	https://equsto.com/shop/tezgah/pimak-20060-14	2026-08-29
P1_DROP_NO_VALUE	DROP_410	Bulunamadı (404)	no_sellable_product	410+sitemap_drop		en	shop_pdp	tezgah	pimak-07060-11		False	False	https://equsto.com/en/shop/tezgah/pimak-07060-11	2026-08-29
P1_DROP_NO_VALUE	DROP_410	Bulunamadı (404)	no_sellable_product	410+sitemap_drop		tr	shop_pdp	hazirlik	rc-2390		False	False	https://equsto.com/shop/hazirlik/rc-2390	2026-08-29
P1_DROP_NO_VALUE	DROP_410	Bulunamadı (404)	no_sellable_product	410+sitemap_drop		tr	shop_pdp	sogutma	9805-xnehc-32		False	False	https://equsto.com/shop/sogutma/9805-xnehc-32	2026-08-29
P1_DROP_NO_VALUE	DROP_410	Bulunamadı (404)	no_sellable_product	410+sitemap_drop		tr	shop_pdp	tezgah	pimak-12070-51		False	False	https://equsto.com/shop/tezgah/pimak-12070-51	2026-08-29
P1_DROP_NO_VALUE	DROP_410	Bulunamadı (404)	no_sellable_product	410+sitemap_drop	high	en	shop_pdp	set-ustu-mutfak	8893-up235w-00	/en/shop/set-ustu-mutfak/8893-up235w-00	True	False	https://equsto.com/en/login.html?next=/en/shop/set-ustu-mutfak/8893-up235w-00	2026-08-29
P1_DROP_NO_VALUE	DROP_410	Bulunamadı (404)	no_sellable_product	410+sitemap_drop		en	shop_pdp	market-reyonlari	eq-nergis-lb-tp-eq42		True	False	https://equsto.com/en/login.html?next=/en/shop/market-reyonlari/eq-nergis-lb-tp-eq42	2026-08-29
P1_DROP_NO_VALUE	DROP_410	Bulunamadı (404)	no_sellable_product	410+sitemap_drop		en	shop_pdp	market-reyonlari	eq-fulya-nv-pn-eq33		True	False	https://equsto.com/en/login.html?next=/en/shop/market-reyonlari/eq-fulya-nv-pn-eq33	2026-08-29
P1_DROP_NO_VALUE	DROP_410	Bulunamadı (404)	no_sellable_product	410+sitemap_drop		en	shop_pdp	tezgah	dr04-503030-00		False	False	https://equsto.com/en/shop/tezgah/dr04-503030-00	2026-08-29
P1_DROP_NO_VALUE	DROP_410	Bulunamadı (404)	no_sellable_product	410+sitemap_drop		tr	shop_pdp	tezgah	pimak-2814070		False	False	https://equsto.com/shop/tezgah/pimak-2814070	2026-08-29
P1_DROP_NO_VALUE	DROP_410	Bulunamadı (404)	no_sellable_product	410+sitemap_drop		en	shop_pdp	market-reyonlari	eq-orkide-eq12		True	False	https://equsto.com/en/login.html?next=/en/shop/market-reyonlari/eq-orkide-eq12	2026-08-29
P1_DROP_NO_VALUE	DROP_410	Bulunamadı (404)	no_sellable_product	410+sitemap_drop		tr	shop_pdp	tezgah	pimak-2812070		False	False	https://equsto.com/shop/tezgah/pimak-2812070	2026-08-29
P1_DROP_NO_VALUE	DROP_410	Bulunamadı (404)	no_sellable_product	410+sitemap_drop		tr	shop_pdp	tezgah	pimak-16070-70		False	False	https://equsto.com/shop/tezgah/pimak-16070-70	2026-08-29
P1_DROP_NO_VALUE	DROP_410	Bulunamadı (404)	no_sellable_product	410+sitemap_drop		tr	shop_pdp	tezgah	dr04-1603030-00		False	False	https://equsto.com/shop/tezgah/dr04-1603030-00	2026-08-29
P1_DROP_NO_VALUE	DROP_410	Bulunamadı (404)	no_sellable_product	410+sitemap_drop		en	shop_pdp	market-reyonlari	eq-nergis-lm-eq45		True	False	https://equsto.com/en/login.html?next=/en/shop/market-reyonlari/eq-nergis-lm-eq45	2026-08-29
P1_DROP_NO_VALUE	DROP_410	Bulunamadı (404)	no_sellable_product	410+sitemap_drop		tr	shop_pdp	tezgah	tb04-503030-00		False	False	https://equsto.com/shop/tezgah/tb04-503030-00	2026-08-29
P1_DROP_NO_VALUE	DROP_410	Bulunamadı (404)	no_sellable_product	410+sitemap_drop		en	shop_pdp	davlumbaz	pimak-60155-00		False	False	https://equsto.com/en/shop/davlumbaz/pimak-60155-00	2026-08-29
P1_DROP_NO_VALUE	DROP_410	Bulunamadı (404)	no_sellable_product	410+sitemap_drop		tr	shop_pdp	tezgah	mr38-1-1404060-10		False	False	https://equsto.com/shop/tezgah/mr38-1-1404060-10	2026-08-29
P1_DROP_NO_VALUE	DROP_410	Bulunamadı (404)	no_sellable_product	410+sitemap_drop		tr	shop_pdp	tezgah	pimak-18060-14		False	False	https://equsto.com/shop/tezgah/pimak-18060-14	2026-08-29
P1_DROP_NO_VALUE	DROP_410	Bulunamadı (404)	no_sellable_product	410+sitemap_drop		en	shop_pdp	hazirlik	rc-27066		False	False	https://equsto.com/en/shop/hazirlik/rc-27066	2026-08-29
P1_DROP_NO_VALUE	DROP_410	Bulunamadı (404)	no_sellable_product	410+sitemap_drop		tr	shop_pdp	tezgah	pimak-10708-23		False	False	https://equsto.com/shop/tezgah/pimak-10708-23	2026-08-29
P1_DROP_NO_VALUE	DROP_410	Bulunamadı (404)	no_sellable_product	410+sitemap_drop		tr	shop_pdp	davlumbaz	pimak-30155-00		False	False	https://equsto.com/shop/davlumbaz/pimak-30155-00	2026-08-29
P1_DROP_NO_VALUE	DROP_410	Bulunamadı (404)	no_sellable_product	410+sitemap_drop		en	shop_pdp	tezgah	pimak-12070-51		False	False	https://equsto.com/en/shop/tezgah/pimak-12070-51	2026-08-29
P1_DROP_NO_VALUE	DROP_410	Bulunamadı (404)	no_sellable_product	410+sitemap_drop		tr	shop_pdp	davlumbaz	pimak-55205-00		False	False	https://equsto.com/shop/davlumbaz/pimak-55205-00	2026-08-29
P1_DROP_NO_VALUE	DROP_410	Bulunamadı (404)	no_sellable_product	410+sitemap_drop		tr	shop_pdp	davlumbaz	pimak-60155-00		False	False	https://equsto.com/shop/davlumbaz/pimak-60155-00	2026-08-29
P1_DROP_NO_VALUE	DROP_410	Bulunamadı (404)	no_sellable_product	410+sitemap_drop		en	shop_pdp	tezgah	pimak-18070-25		False	False	https://equsto.com/en/shop/tezgah/pimak-18070-25	2026-08-29
P1_DROP_NO_VALUE	DROP_410	Bulunamadı (404)	no_sellable_product	410+sitemap_drop		en	shop_pdp	tezgah	pimak-19070-25		False	False	https://equsto.com/en/shop/tezgah/pimak-19070-25	2026-08-29
P1_DROP_NO_VALUE	DROP_410	Bulunamadı (404)	no_sellable_product	410+sitemap_drop		tr	shop_pdp	tezgah	mr38-1-1204060-10		False	False	https://equsto.com/shop/tezgah/mr38-1-1204060-10	2026-08-29
P1_DROP_NO_VALUE	DROP_410	Bulunamadı (404)	no_sellable_product	410+sitemap_drop		tr	shop_pdp	hazirlik	rc-27066		False	False	https://equsto.com/shop/hazirlik/rc-27066	2026-08-29
P1_DROP_NO_VALUE	DROP_410	Bulunamadı (404)	no_sellable_product	410+sitemap_drop		en	shop_pdp	hazirlik	rc-28158w		False	False	https://equsto.com/en/shop/hazirlik/rc-28158w	2026-08-29
P1_DROP_NO_VALUE	DROP_410	Bulunamadı (404)	no_sellable_product	410+sitemap_drop		tr	shop_pdp	hazirlik	rc-34800		False	False	https://equsto.com/shop/hazirlik/rc-34800	2026-08-29
P1_DROP_NO_VALUE	DROP_410	Bulunamadı (404)	no_sellable_product	410+sitemap_drop		en	shop_pdp	tezgah	pimak-16070-11		False	False	https://equsto.com/en/shop/tezgah/pimak-16070-11	2026-08-29
P1_DROP_NO_VALUE	DROP_410	Bulunamadı (404)	no_sellable_product	410+sitemap_drop		en	shop_pdp	market-reyonlari	eq-nergis-lb-fg-sky-eq34		True	False	https://equsto.com/en/login.html?next=/en/shop/market-reyonlari/eq-nergis-lb-fg-sky-eq34	2026-08-29
P1_DROP_NO_VALUE	DROP_410	Bulunamadı (404)	no_sellable_product	410+sitemap_drop		en	shop_pdp	tezgah	dr04-1603030-00		False	False	https://equsto.com/en/shop/tezgah/dr04-1603030-00	2026-08-29
P1_DROP_NO_VALUE	DROP_410	Bulunamadı (404)	no_sellable_product	410+sitemap_drop		en	shop_pdp	marka	npicco		True	False	https://equsto.com/en/login.html?next=/en/shop/marka/npicco	2026-08-29
P1_DROP_NO_VALUE	DROP_410	Bulunamadı (404)	no_sellable_product	410+sitemap_drop		en	shop_pdp	tezgah	pimak-20070-11		False	False	https://equsto.com/en/shop/tezgah/pimak-20070-11	2026-08-29
P1_DROP_NO_VALUE	DROP_410	Bulunamadı (404)	no_sellable_product	410+sitemap_drop		tr	shop_pdp	tezgah	pimak-14070-50		False	False	https://equsto.com/shop/tezgah/pimak-14070-50	2026-08-29
P1_DROP_NO_VALUE	DROP_410	Bulunamadı (404)	no_sellable_product	410+sitemap_drop		en	shop_pdp	hazirlik	rc-27051		False	False	https://equsto.com/en/shop/hazirlik/rc-27051	2026-08-29
P1_DROP_NO_VALUE	DROP_410	Bulunamadı (404)	no_sellable_product	410+sitemap_drop		en	shop_pdp	hazirlik	rc-2115		False	False	https://equsto.com/en/shop/hazirlik/rc-2115	2026-08-29
P1_DROP_NO_VALUE	DROP_410	Bulunamadı (404)	no_sellable_product	410+sitemap_drop		en	shop_pdp	tezgah	mr38-1-2004060-10		False	False	https://equsto.com/en/shop/tezgah/mr38-1-2004060-10	2026-08-29
P1_DROP_NO_VALUE	DROP_410	Bulunamadı (404)	no_sellable_product	410+sitemap_drop		en	shop_pdp	hazirlik	robot-coupe__french-fries-kesme-diski		False	False	https://equsto.com/en/shop/hazirlik/robot-coupe__french-fries-kesme-diski	2026-08-29
P1_DROP_NO_VALUE	DROP_410	Bulunamadı (404)	no_sellable_product	410+sitemap_drop		en	shop_pdp	market-reyonlari	eq-nergis-lb-fg-sky-eq21		True	False	https://equsto.com/en/login.html?next=/en/shop/market-reyonlari/eq-nergis-lb-fg-sky-eq21	2026-08-29
P1_DROP_NO_VALUE	DROP_410	Bulunamadı (404)	no_sellable_product	410+sitemap_drop		tr	shop_pdp	tezgah	pimak-12070-11		False	False	https://equsto.com/shop/tezgah/pimak-12070-11	2026-08-29
P1_DROP_NO_VALUE	DROP_410	Bulunamadı (404)	no_sellable_product	410+sitemap_drop		tr	shop_pdp	tezgah	pimak-16070-11		False	False	https://equsto.com/shop/tezgah/pimak-16070-11	2026-08-29
P1_DROP_NO_VALUE	DROP_410	Bulunamadı (404)	no_sellable_product	410+sitemap_drop		tr	shop_pdp	tezgah	pimak-19070-46		False	False	https://equsto.com/shop/tezgah/pimak-19070-46	2026-08-29
P1_DROP_NO_VALUE	DROP_410	Bulunamadı (404)	no_sellable_product	410+sitemap_drop		en	shop_pdp	tezgah	pimak-10070-11		False	False	https://equsto.com/en/shop/tezgah/pimak-10070-11	2026-08-29
P1_DROP_NO_VALUE	DROP_410	Bulunamadı (404)	no_sellable_product	410+sitemap_drop		en	shop_pdp	hazirlik	robot-coupe__kesme-diski-2-mm-cl-20-uyumlu		False	False	https://equsto.com/en/shop/hazirlik/robot-coupe__kesme-diski-2-mm-cl-20-uyumlu	2026-08-29
P1_DROP_NO_VALUE	DROP_410	Bulunamadı (404)	no_sellable_product	410+sitemap_drop	high	en	shop_pdp	istif	alt-sase-iki-adet	/en/shop/istif/alt-sase-iki-adet	True	False	https://equsto.com/en/login.html?next=/en/shop/istif/alt-sase-iki-adet	2026-08-29
P1_DROP_NO_VALUE	DROP_410	Bulunamadı (404)	no_sellable_product	410+sitemap_drop		en	shop_pdp	hazirlik	rc-22382		False	False	https://equsto.com/en/shop/hazirlik/rc-22382	2026-08-29
P1_DROP_NO_VALUE	DROP_410	Bulunamadı (404)	no_sellable_product	410+sitemap_drop		en	shop_pdp	kahve	artemis-artemis-mix-2010-a-bar-mikser		False	False	https://equsto.com/en/shop/kahve/artemis-artemis-mix-2010-a-bar-mikser	2026-08-29
P1_DROP_NO_VALUE	DROP_410	Bulunamadı (404)	no_sellable_product	410+sitemap_drop		en	shop_pdp	tezgah	pimak-2812070		False	False	https://equsto.com/en/shop/tezgah/pimak-2812070	2026-08-29
P1_DROP_NO_VALUE	DROP_410	Bulunamadı (404)	no_sellable_product	410+sitemap_drop		tr	shop_pdp	tezgah	pimak-12060-11		False	False	https://equsto.com/shop/tezgah/pimak-12060-11	2026-08-29
P1_DROP_NO_VALUE	DROP_410	Bulunamadı (404)	no_sellable_product	410+sitemap_drop		tr	shop_pdp	tezgah	pimak-12060-46		False	False	https://equsto.com/shop/tezgah/pimak-12060-46	2026-08-29
P1_DROP_NO_VALUE	DROP_410	Bulunamadı (404)	no_sellable_product	410+sitemap_drop		tr	shop_pdp	kahve	9574-m200-00		False	False	https://equsto.com/shop/kahve/9574-m200-00	2026-08-29
P1_DROP_NO_VALUE	DROP_410	Bulunamadı (404)	no_sellable_product	410+sitemap_drop		tr	shop_pdp	tezgah	pimak-18060-12		False	False	https://equsto.com/shop/tezgah/pimak-18060-12	2026-08-29
P1_DROP_NO_VALUE	DROP_410	Bulunamadı (404)	no_sellable_product	410+sitemap_drop		en	shop_pdp	hazirlik	rc-27068		False	False	https://equsto.com/en/shop/hazirlik/rc-27068	2026-08-28
P1_DROP_NO_VALUE	DROP_410	Bulunamadı (404)	no_sellable_product	410+sitemap_drop		en	shop_pdp	market-reyonlari	eq-nergis-lb-tp-eq34		True	False	https://equsto.com/en/login.html?next=/en/shop/market-reyonlari/eq-nergis-lb-tp-eq34	2026-08-28
P1_DROP_NO_VALUE	DROP_410	Bulunamadı (404)	no_sellable_product	410+sitemap_drop		en	shop_pdp	davlumbaz	equsto-50155-00		False	False	https://equsto.com/en/shop/davlumbaz/equsto-50155-00	2026-08-28
P1_DROP_NO_VALUE	DROP_410	Bulunamadı (404)	no_sellable_product	410+sitemap_drop		en	shop_pdp	tezgah	pimak-07070-11		False	False	https://equsto.com/en/shop/tezgah/pimak-07070-11	2026-08-28
P1_DROP_NO_VALUE	DROP_410	Bulunamadı (404)	no_sellable_product	410+sitemap_drop		tr	shop_pdp	tezgah	pimak-14070-46		False	False	https://equsto.com/shop/tezgah/pimak-14070-46	2026-08-28
P1_DROP_NO_VALUE	DROP_410	Bulunamadı (404)	no_sellable_product	410+sitemap_drop		tr	shop_pdp	tezgah	dr04-903030-00		False	False	https://equsto.com/shop/tezgah/dr04-903030-00	2026-08-28
P1_DROP_NO_VALUE	DROP_410	Bulunamadı (404)	no_sellable_product	410+sitemap_drop		en	shop_pdp	market-reyonlari	eq-yasemin-nt-eq3		True	False	https://equsto.com/en/login.html?next=/en/shop/market-reyonlari/eq-yasemin-nt-eq3	2026-08-28
P1_DROP_NO_VALUE	DROP_410	Bulunamadı (404)	no_sellable_product	410+sitemap_drop		en	shop_pdp	tezgah	dr04-1803030-00		False	False	https://equsto.com/en/shop/tezgah/dr04-1803030-00	2026-08-28
P1_DROP_NO_VALUE	DROP_410	Bulunamadı (404)	no_sellable_product	410+sitemap_drop		tr	shop_pdp	sogutma	9805-im45cne-hc		False	False	https://equsto.com/shop/sogutma/9805-im45cne-hc	2026-08-28
P1_DROP_NO_VALUE	DROP_410	Bulunamadı (404)	no_sellable_product	410+sitemap_drop		en	shop_pdp	tezgah	pimak-19060-51		False	False	https://equsto.com/en/shop/tezgah/pimak-19060-51	2026-08-28
P1_DROP_NO_VALUE	DROP_410	Bulunamadı (404)	no_sellable_product	410+sitemap_drop		en	shop_pdp	tezgah	pimak-20060-11		False	False	https://equsto.com/en/shop/tezgah/pimak-20060-11	2026-08-28
P1_DROP_NO_VALUE	DROP_410	Bulunamadı (404)	no_sellable_product	410+sitemap_drop		en	shop_pdp	tezgah	pimak-20070-14		False	False	https://equsto.com/en/shop/tezgah/pimak-20070-14	2026-08-28
P1_DROP_NO_VALUE	DROP_410	Bulunamadı (404)	404_other	410		en	besos		/en/besos/modul/pl-sm-s-n-3-09		True	False	https://equsto.com/en/login.html?next=/en/besos/modul/pl-sm-s-n-3-09	2026-08-28
P1_DROP_NO_VALUE	DROP_410	Bulunamadı (404)	no_sellable_product	410+sitemap_drop		en	shop_pdp	tezgah	pimak-16060-46		False	False	https://equsto.com/en/shop/tezgah/pimak-16060-46	2026-08-28
P1_DROP_NO_VALUE	DROP_410	Bulunamadı (404)	no_sellable_product	410+sitemap_drop		tr	shop_pdp	sogutma	oztiryakiler-endustriyel-mutfak__9805-awne-hc		False	False	https://equsto.com/shop/sogutma/oztiryakiler-endustriyel-mutfak__9805-awne-hc	2026-08-28
P1_DROP_NO_VALUE	DROP_410	Bulunamadı (404)	no_sellable_product	410+sitemap_drop		tr	shop_pdp	tezgah	pimak-16060-50		False	False	https://equsto.com/shop/tezgah/pimak-16060-50	2026-08-28
P1_DROP_NO_VALUE	DROP_410	Bulunamadı (404)	no_sellable_product	410+sitemap_drop		en	shop_pdp	hazirlik	robot-coupe__robot-coupe-89213-micromix-yedek-bicak		False	False	https://equsto.com/en/shop/hazirlik/robot-coupe__robot-coupe-89213-micromix-yedek-bicak	2026-08-28
P1_DROP_NO_VALUE	DROP_410	Bulunamadı (404)	no_sellable_product	410+sitemap_drop		tr	shop_pdp	tezgah	equsto-19070-50		False	False	https://equsto.com/shop/tezgah/equsto-19070-50	2026-08-28
P1_DROP_NO_VALUE	DROP_410	Bulunamadı (404)	no_sellable_product	410+sitemap_drop	high	en	shop_pdp	hazirlik	tmfa250	/en/shop/hazirlik/tmfa250	True	False	https://equsto.com/en/login.html?next=/en/shop/hazirlik/tmfa250	2026-08-27
P1_DROP_NO_VALUE	DROP_410	Bulunamadı (404)	no_sellable_product	410+sitemap_drop		en	shop_pdp	icecek	urban-bar__uba4020		False	False	https://equsto.com/en/shop/icecek/urban-bar__uba4020	2026-08-27
P1_DROP_NO_VALUE	DROP_410	Bulunamadı (404)	no_sellable_product	410+sitemap_drop		tr	shop_pdp	tezgah	mr38-904060-00		False	False	https://equsto.com/shop/tezgah/mr38-904060-00	2026-08-27
P1_DROP_NO_VALUE	DROP_410	Bulunamadı (404)	no_sellable_product	410+sitemap_drop		tr	shop_pdp	tasima	tezgah.html		False	False	https://equsto.com/shop/tasima/tezgah.html	2026-08-27
P1_DROP_NO_VALUE	DROP_410	Bulunamadı (404)	no_sellable_product	410+sitemap_drop		tr	shop_pdp	tezgah	pimak-18070-11		False	False	https://equsto.com/shop/tezgah/pimak-18070-11	2026-08-27
P1_DROP_NO_VALUE	DROP_410	Bulunamadı (404)	no_sellable_product	410+sitemap_drop		en	shop_pdp	market-reyonlari	eq-fulya-hf-pn-eq16		True	False	https://equsto.com/en/login.html?next=/en/shop/market-reyonlari/eq-fulya-hf-pn-eq16	2026-08-27
P1_DROP_NO_VALUE	DROP_410	Bulunamadı (404)	no_sellable_product	410+sitemap_drop		en	shop_pdp	market-reyonlari	eq-lotus-eq44		True	False	https://equsto.com/en/login.html?next=/en/shop/market-reyonlari/eq-lotus-eq44	2026-08-27
P1_DROP_NO_VALUE	DROP_410	Bulunamadı (404)	no_sellable_product	410+sitemap_drop		en	shop_pdp	market-reyonlari	eq-lotus-lb-eq9		True	False	https://equsto.com/en/login.html?next=/en/shop/market-reyonlari/eq-lotus-lb-eq9	2026-08-27
P1_DROP_NO_VALUE	DROP_410	Bulunamadı (404)	no_sellable_product	410+sitemap_drop		en	shop_pdp	sogutma	yikama.html		False	False	https://equsto.com/en/shop/sogutma/yikama.html	2026-08-27
P1_DROP_NO_VALUE	DROP_410	Bulunamadı (404)	no_sellable_product	410+sitemap_drop		tr	shop_pdp	set-ustu-mutfak	9531-0pw-a-00		False	False	https://equsto.com/shop/set-ustu-mutfak/9531-0pw-a-00	2026-08-27
P1_DROP_NO_VALUE	DROP_410	Bulunamadı (404)	no_sellable_product	410+sitemap_drop		tr	shop_pdp	hazirlik	rc-34310b		False	False	https://equsto.com/shop/hazirlik/rc-34310b	2026-08-27
P1_DROP_NO_VALUE	DROP_410	Bulunamadı (404)	no_sellable_product	410+sitemap_drop		en	shop_pdp	icecek	urban-bar__uba7922		False	False	https://equsto.com/en/shop/icecek/urban-bar__uba7922	2026-08-27
P1_DROP_NO_VALUE	DROP_410	Bulunamadı (404)	no_sellable_product	410+sitemap_drop		tr	shop_pdp	icecek	uba7922		False	False	https://equsto.com/shop/icecek/uba7922	2026-08-27
P1_DROP_NO_VALUE	DROP_410	Bulunamadı (404)	no_sellable_product	410+sitemap_drop		tr	shop_pdp	set-ustu-mutfak	0143-01808-21		False	False	https://equsto.com/shop/set-ustu-mutfak/0143-01808-21	2026-08-27
P1_DROP_NO_VALUE	DROP_410	Bulunamadı (404)	no_sellable_product	410+sitemap_drop		tr	shop_pdp	pisirme	oztiryakiler-endustriyel-mutfak-sicak-servis-unitesi-ve-ayakli-sicak-tututcu-lamba-seti-2-1		False	False	https://equsto.com/shop/pisirme/oztiryakiler-endustriyel-mutfak-sicak-servis-unitesi-ve-ayakli-sicak-tututcu-lamba-seti-2-1	2026-08-27
P1_DROP_NO_VALUE	DROP_410	Bulunamadı (404)	no_sellable_product	410+sitemap_drop		tr	shop_pdp	sogutma	oztiryakiler-tek-i-noks-kapi-dik-tip-derin-dondurucu-k-tip		False	False	https://equsto.com/shop/sogutma/oztiryakiler-tek-i-noks-kapi-dik-tip-derin-dondurucu-k-tip	2026-08-27
P1_DROP_NO_VALUE	DROP_410	Bulunamadı (404)	no_sellable_product	410+sitemap_drop		tr	shop_pdp	tezgah	equsto-2814070		False	False	https://equsto.com/shop/tezgah/equsto-2814070	2026-08-27
P1_DROP_NO_VALUE	DROP_410	Bulunamadı (404)	no_sellable_product	410+sitemap_drop		tr	shop_pdp	market-reyonlari	davlumbaz.html		False	False	https://equsto.com/shop/market-reyonlari/davlumbaz.html	2026-08-27
P1_DROP_NO_VALUE	DROP_410	Bulunamadı (404)	no_sellable_product	410+sitemap_drop	high	en	shop_pdp	set-ustu-mutfak	8893-up101-l0	/en/shop/set-ustu-mutfak/8893-up101-l0	True	False	https://equsto.com/en/login.html?next=/en/shop/set-ustu-mutfak/8893-up101-l0	2026-08-27
P1_DROP_NO_VALUE	DROP_410	Bulunamadı (404)	no_sellable_product	410+sitemap_drop		tr	shop_pdp	hazirlik	oztiryakiler-robot-coupe-rende-5-mm		False	False	https://equsto.com/shop/hazirlik/oztiryakiler-robot-coupe-rende-5-mm	2026-08-27
P1_DROP_NO_VALUE	DROP_410	Bulunamadı (404)	no_sellable_product	410+sitemap_drop		tr	shop_pdp	hazirlik	rc-27447		False	False	https://equsto.com/shop/hazirlik/rc-27447	2026-08-27
P1_DROP_NO_VALUE	DROP_410	Bulunamadı (404)	no_sellable_product	410+sitemap_drop	high	en	shop_pdp	istif	derin-sepet	/en/shop/istif/derin-sepet	True	False	https://equsto.com/en/login.html?next=/en/shop/istif/derin-sepet	2026-08-27
P1_DROP_NO_VALUE	DROP_410	Bulunamadı (404)	no_sellable_product	410+sitemap_drop		en	shop_pdp	market-reyonlari	eq-nergis-lb-fg-eq7		True	False	https://equsto.com/en/login.html?next=/en/shop/market-reyonlari/eq-nergis-lb-fg-eq7	2026-08-27
P1_DROP_NO_VALUE	DROP_410	Bulunamadı (404)	non_product_404	410_or_ignore		en	other		/en/restaurant-kitchen-checklist-2026		False	False	https://equsto.com/en/restaurant-kitchen-checklist-2026	2026-08-27
P1_DROP_NO_VALUE	DROP_410	Bulunamadı (404)	no_sellable_product	410+sitemap_drop		tr	shop_pdp	icecek	oztiryakiler-endustriyel-mutfak__0466-00809-01		False	False	https://equsto.com/shop/icecek/oztiryakiler-endustriyel-mutfak__0466-00809-01	2026-08-27
P1_DROP_NO_VALUE	DROP_410	Bulunamadı (404)	no_sellable_product	410+sitemap_drop		tr	shop_pdp	hazirlik	rc-1946		False	False	https://equsto.com/shop/hazirlik/rc-1946	2026-08-27
P1_DROP_NO_VALUE	DROP_410	Bulunamadı (404)	no_sellable_product	410+sitemap_drop		en	shop_pdp	icecek	robot-coupe__j100-ultra-otomatik-kati-meyve-sikacagi		False	False	https://equsto.com/en/shop/icecek/robot-coupe__j100-ultra-otomatik-kati-meyve-sikacagi	2026-08-27
