sku,name,dept,equsto_tl,mutbex_tl,cafemarkt_tl,eq_vs_mut_pct,eq_vs_cafe_pct,en_ucuz,mutbex_url
7864.10502.05,"KOMURLU IZGARA DAVLUMBAZLI 100*50",davlumbaz,31518,36474,,-13.6,,equsto,https://www.mutbex.com/oztiryakiler-komurlu-davlumbazli-izgara-10050
7885.15155.10,"DAVLUMBAZ ORTA TİP FİLTRELİ 150*150",davlumbaz,52481,,67888,,-22.7,equsto,
7885.20155.10,"DAVLUMBAZ ORTA TİP FİLTRELİ 200*150",davlumbaz,59358,,76785,,-22.7,equsto,
7885.25155.10,"DAVLUMBAZ ORTA TİP FİLTRELİ 250*150",davlumbaz,82524,,106752,,-22.7,equsto,
7885.30155.10,"DAVLUMBAZ ORTA TİP FİLTRELİ 300*150",davlumbaz,83676,,108243,,-22.7,equsto,
7885.35155.10,"DAVLUMBAZ ORTA TİP FİLTRELİ 350*150",davlumbaz,107765,,139405,,-22.7,equsto,
7885.40155.10,"DAVLUMBAZ ORTA TİP FİLTRELİ 400*150",davlumbaz,105383,,136323,,-22.7,equsto,
7885.45155.10,"DAVLUMBAZ ORTA TİP FİLTRELİ 450*150",davlumbaz,129798,,167907,,-22.7,equsto,
7885.50155.10,"DAVLUMBAZ ORTA TİP FİLTRELİ 500*150",davlumbaz,129740,,167832,,-22.7,equsto,
7885.55155.10,"DAVLUMBAZ ORTA TİP FİLTRELİ 550*150",davlumbaz,142708,,184605,,-22.7,equsto,
7885.60155.10,"DAVLUMBAZ ORTA TİP FİLTRELİ 600*150",davlumbaz,152831,,197701,,-22.7,equsto,
7885.25205.10,"DAVLUMBAZ ORTA TİP FİLTRELİ 250*200",davlumbaz,88171,,114058,,-22.7,equsto,
7885.35205.10,"DAVLUMBAZ ORTA TİP FİLTRELİ 350*200",davlumbaz,115795,,149791,,-22.7,equsto,
7885.40205.10,"DAVLUMBAZ ORTA TİP FİLTRELİ 400*200",davlumbaz,122154,,158017,,-22.7,equsto,
7885.45205.10,"DAVLUMBAZ ORTA TİP FİLTRELİ 450*200",davlumbaz,138808,,179561,,-22.7,equsto,
7885.50205.10,"DAVLUMBAZ ORTA TİP FİLTRELİ 500*200",davlumbaz,149891,,193899,,-22.7,equsto,
7885.55205.10,"DAVLUMBAZ ORTA TİP FİLTRELİ 550*200",davlumbaz,164452,,212735,,-22.7,equsto,
7885.60205.10,"DAVLUMBAZ ORTA TİP FİLTRELİ 600*200",davlumbaz,176113,,227818,,-22.7,equsto,
7885.25255.10,"DAVLUMBAZ ORTA TİP FİLTRELİ 250*250",davlumbaz,100639,,130185,,-22.7,equsto,
7885.30255.10,"DAVLUMBAZ ORTA TİP FİLTRELİ 300*250",davlumbaz,111089,,143703,,-22.7,equsto,
7885.40255.10,"DAVLUMBAZ ORTA TİP FİLTRELİ 400*250",davlumbaz,139019,,179834,,-22.7,equsto,
7885.45255.10,"DAVLUMBAZ ORTA TİP FİLTRELİ 450*250",davlumbaz,157556,,203814,,-22.7,equsto,
7885.50255.10,"DAVLUMBAZ ORTA TİP FİLTRELİ 500*250",davlumbaz,170081,,220016,,-22.7,equsto,
7885.55255.10,"DAVLUMBAZ ORTA TİP FİLTRELİ 550*250",davlumbaz,186313,,241013,,-22.7,equsto,
7885.15105.01,"DAVLUMBAZ DUVAR TİPİ FİLTRESİZ 150*100",davlumbaz,22648,,29297,,-22.7,equsto,
7885.20105.01,"DAVLUMBAZ DUVAR TİPİ FİLTRESİZ 200*100",davlumbaz,26816,,34689,,-22.7,equsto,
7885.25105.01,"DAVLUMBAZ DUVAR TİPİ FİLTRESİZ 250*100",davlumbaz,31926,,41300,,-22.7,equsto,
7885.30105.01,"DAVLUMBAZ DUVAR TİPİ FİLTRESİZ 300*100",davlumbaz,36095,,46692,,-22.7,equsto,
7885.40105.01,"DAVLUMBAZ DUVAR TİPİ FİLTRESİZ 400*100",davlumbaz,47410,,61328,,-22.7,equsto,
7885.15125.01,"DAVLUMBAZ DUVAR TİPİ FİLTRESİZ 150*120",davlumbaz,24646,,31882,,-22.7,equsto,
7885.20125.01,"DAVLUMBAZ DUVAR TİPİ FİLTRESİZ 200*120",davlumbaz,29141,,37696,,-22.7,equsto,
7885.25125.01,"DAVLUMBAZ DUVAR TİPİ FİLTRESİZ 250*120",davlumbaz,36172,,46791,,-22.7,equsto,
7885.30125.01,"DAVLUMBAZ DUVAR TİPİ FİLTRESİZ 300*120",davlumbaz,39014,,50469,,-22.7,equsto,
7885.35125.01,"DAVLUMBAZ DUVAR TİPİ FİLTRESİZ 350*120",davlumbaz,46506,,60160,,-22.7,equsto,
7885.40125.01,"DAVLUMBAZ DUVAR TİPİ FİLTRESİZ 400*120",davlumbaz,50982,,65950,,-22.7,equsto,
7885.15155.01,"DAVLUMBAZ DUVAR TİPİ FİLTRESİZ 150*150",davlumbaz,28200,,36479,,-22.7,equsto,
7885.20155.01,"DAVLUMBAZ DUVAR TİPİ FİLTRESİZ 200*150",davlumbaz,33271,,43039,,-22.7,equsto,
7885.30155.01,"DAVLUMBAZ DUVAR TİPİ FİLTRESİZ 300*150",davlumbaz,44354,,57377,,-22.7,equsto,
7885.35155.01,"DAVLUMBAZ DUVAR TİPİ FİLTRESİZ 350*150",davlumbaz,52634,,68087,,-22.7,equsto,
7885.40155.01,"DAVLUMBAZ DUVAR TİPİ FİLTRESİZ 400*150",davlumbaz,57686,,74622,,-22.7,equsto,
7885.50155.01,"DAVLUMBAZ DUVAR TİPİ FİLTRESİZ 500*150",davlumbaz,69154,,89457,,-22.7,equsto,
7885.55155.01,"DAVLUMBAZ DUVAR TİPİ FİLTRESİZ 550*150",davlumbaz,76184,,98552,,-22.7,equsto,
7885.60155.01,"DAVLUMBAZ DUVAR TİPİ FİLTRESİZ 600*150",davlumbaz,81236,,105088,,-22.7,equsto,
7885.15105.11,"DAVLUMBAZ DUVAR TİPİ FİLTRELİ 150*100",davlumbaz,36114,,46717,,-22.7,equsto,
7885.20105.11,"DAVLUMBAZ DUVAR TİPİ FİLTRELİ 200*100",davlumbaz,40993,,53028,,-22.7,equsto,
7885.25105.11,"DAVLUMBAZ DUVAR TİPİ FİLTRELİ 250*100",davlumbaz,52212,,67540,,-22.7,equsto,
7885.30105.11,"DAVLUMBAZ DUVAR TİPİ FİLTRELİ 300*100",davlumbaz,57781,,74747,,-22.7,equsto,
7885.35105.11,"DAVLUMBAZ DUVAR TİPİ FİLTRELİ 350*100",davlumbaz,68981,,89234,,-22.7,equsto,
7885.40105.11,"DAVLUMBAZ DUVAR TİPİ FİLTRELİ 400*100",davlumbaz,71863,,92961,,-22.7,equsto,
7885.20125.11,"DAVLUMBAZ DUVAR TİPİ FİLTRELİ 200*120",davlumbaz,43913,,56806,,-22.7,equsto,
7885.25125.11,"DAVLUMBAZ DUVAR TİPİ FİLTRELİ 250*120",davlumbaz,55304,,71541,,-22.7,equsto,
7885.30125.11,"DAVLUMBAZ DUVAR TİPİ FİLTRELİ 300*120",davlumbaz,61124,,79070,,-22.7,equsto,
7885.35125.11,"DAVLUMBAZ DUVAR TİPİ FİLTRELİ 350*120",davlumbaz,73015,,94452,,-22.7,equsto,
7885.40125.11,"DAVLUMBAZ DUVAR TİPİ FİLTRELİ 400*120",davlumbaz,76069,,98403,,-22.7,equsto,
7885.15155.11,"DAVLUMBAZ DUVAR TİPİ FİLTRELİ 150*150",davlumbaz,42492,,54967,,-22.7,equsto,
7885.20155.11,"DAVLUMBAZ DUVAR TİPİ FİLTRELİ 200*150",davlumbaz,48158,,62297,,-22.7,equsto,
7885.25155.11,"DAVLUMBAZ DUVAR TİPİ FİLTRELİ 250*150",davlumbaz,60510,,78275,,-22.7,equsto,
7885.30155.11,"DAVLUMBAZ DUVAR TİPİ FİLTRELİ 300*150",davlumbaz,66715,,86302,,-22.7,equsto,
7885.35155.11,"DAVLUMBAZ DUVAR TİPİ FİLTRELİ 350*150",davlumbaz,78990,,102180,,-22.7,equsto,
7885.40155.11,"DAVLUMBAZ DUVAR TİPİ FİLTRELİ 400*150",davlumbaz,82351,,106529,,-22.7,equsto,
7885.45155.11,"DAVLUMBAZ DUVAR TİPİ FİLTRELİ 450*150",davlumbaz,93973,,121563,,-22.7,equsto,
7885.50155.11,"DAVLUMBAZ DUVAR TİPİ FİLTRELİ 500*150",davlumbaz,100889,,130509,,-22.7,equsto,
7885.55155.11,"DAVLUMBAZ DUVAR TİPİ FİLTRELİ 550*150",davlumbaz,111185,,143828,,-22.7,equsto,
7885.60155.11,"DAVLUMBAZ DUVAR TİPİ FİLTRELİ 600*150",davlumbaz,118638,,153469,,-22.7,equsto,
7960.53347.02,"YAG TUTUCU 52*30*47  CM",davlumbaz,14528,18463,,-21.3,,equsto,https://www.mutbex.com/oztiryakiler-yag-tutucu-52x30x47-cm
7960.95610.02,"YAG TUTUCU 95*60*105",davlumbaz,60053,74142,,-19,,equsto,https://www.mutbex.com/oztiryakiler-yag-tutucu-95x60x105-cm
7876.N1.40705.00,"700 SERİ SET ALTI DOLAP 40 LIK",dolap,10931,,14139,,-22.7,equsto,
7876.N1.40705.10,"700 SERİ SET ALTI DOLAP 40 LIK-KAPISIZ ÖNÜ AÇIK",dolap,6743,,8722,,-22.7,equsto,
7868.17107.MD,"MAYALAMA DOLABI HAREKETLI 1705*1070*830 (PROVER6)",dolap,129241,151713,,-14.8,,equsto,https://www.mutbex.com/mayalama-dolabi-hareketli-17051070830-prover6
7868.98987.MD,"MAYALAMA DOLABI 982*987*736 (PROVER3)",dolap,86482,101518,,-14.8,,equsto,https://www.mutbex.com/oztiryakiler-mayalama-dolabi-982x987x736-prover3-omd-9898
7919.70182.MD,"MAYALAMA DOLABI",dolap,100753,118272,,-14.8,,equsto,https://www.mutbex.com/oztiryakiler-mayalama-dolabi-oba-70182-md
7919.06LMV.00,"GN 600 LMV TEK INOX KAPI DIK TIP DERIN DONDURUCU",dolap,81794,100447,,-18.6,,equsto,https://www.mutbex.com/oztiryakiler-tek-kapili-derin-dondurucu-monoblok-rafli-gn-600-lmv-304-kalite
7919.12LMV.00,"GN 1200 LMV CIFT INOX KAPI DIK TIP DERIN DONDURUCU",dolap,129761,149978,,-13.5,,equsto,https://www.mutbex.com/oztiryakiler-monoblok-cift-kapili-derin-dondurucu-gn-1200-lmv-304-kalite
7919.06LMV.10,"GN 600 LMV CIFT YARIM INOX KAPI DIK TIP DERIN DONDURUCU",dolap,87960,108019,,-18.6,,equsto,https://www.mutbex.com/oztiryakiler-cift-kapili-derin-dondurucu-monoblok-gn-600-lmv-304-kalite
7919.12LMV.10,"GN 1200 LMV 4 YARIM INOX KAPI DIK TIP DERIN DONDURUCU",dolap,139250,171005,,-18.6,,equsto,https://www.mutbex.com/oztiryakiler-monoblok-4-kapili-derin-dondurucu-gn-1200-lmv-304-kalite
79K3.06LMV.00,"GN 600 LMV TEK INOX KAPI DIK TIP DERİN DONDURUCU K TİP",dolap,77971,90120,,-13.5,,equsto,https://www.mutbex.com/oztiryakiler-tek-inox-kapili-dik-tip-derin-dondurucu-gn-600-lmv-model-304-kalite
79K3.12LMV.00,"GN 1200 LMV CIFT INOX KAPI DIK TIP DERİN DONDURUCU K TİP",dolap,124861,144316,,-13.5,,equsto,https://www.mutbex.com/oztiryakiler-cift-inox-kapili-dik-tip-derin-dondurucu-gn-1200-lmv-model-304-kalite
79K4.06LMV.00,"GN 600 LMV TEK INOX KAPI DIK TIP DERIN DONDURUCU - K TİP",dolap,71614,82771,,-13.5,,equsto,https://www.mutbex.com/oztiryakiler-tek-kapili-dik-tip-derin-dondurucu-gn-600-lmv-eco-model-430-kalite
79K4.12LMV.00,"GN 1200 LMV CIFT INOX KAPI DIK TIP DERİNDONDURUCU K 430 TİP",dolap,113202,130839,,-13.5,,equsto,https://www.mutbex.com/oztiryakiler-cift-kapili-dik-tip-derin-dondurucu-gn-1200-lmv-eco-model-430-kalite
79k4.06LMV.10,"GN 600 LMV IKI YARIM KAPILI DERIN DONDURUCU 430 K TIP",dolap,76954,94502,,-18.6,,equsto,https://www.mutbex.com/oztiryakiler-iki-yarim-kapili-dik-tip-derin-dondurucu-gn-600-lmv-k-tip-430-kalite
79K3.06LMV.10,"GN 600 LMV IKI YARIM KAPILI DERIN DONDURUCU  K TIP",dolap,84271,103490,,-18.6,,equsto,https://www.mutbex.com/oztiryakiler-iki-yarim-kapili-dik-tip-derin-dondurucu-gn-600-lmv-k-tip-304-kalite
79K3.12LMV.10,"GN 1200 LMV DORT YARIM KAPILI DERIN DONDURUCU  K TIP",dolap,137675,169071,,-18.6,,equsto,https://www.mutbex.com/oztiryakiler-dort-yarim-kapili-dik-tip-derin-dondurucu-gn-1200-lmv-k-tip-304-kalite
79K4.12LMV.10,"GN 1200 LMV DORT YARIM KAPILI DERIN DONDURUCU 430 K TIP",dolap,123575,151756,,-18.6,,equsto,https://www.mutbex.com/oztiryakiler-dort-yarim-kapili-derin-dondurucu-gn-1200-lmv-k-tip-430-kalite
7919.10LTS.00,"SLIM 100 LTS INOX KAPI DERIN DONDURUCU",dolap,59665,73271,,-18.6,,equsto,https://www.mutbex.com/oztiryakiler-tek-kapili-slim-derin-dondurucu-slim-100-lts
7919.15LTS.00,"SLIM 150 LTS INOX KAPI DERIN DONDURUCU",dolap,60740,74592,,-18.6,,equsto,https://www.mutbex.com/oztiryakiler-tek-inox-kapili-slim-derin-dondurucu-slim-150-lts
7919.27NTV.T1,"270 NTV T TİP HAVUZLU DOLAP",dolap,87058,106911,,-18.6,,equsto,https://www.mutbex.com/oztiryakiler-tezgah-tipi-havuzlu-2-kapili-buzdolabi-tag-27ntv-t1-142x70x85-cm
7919.26NTV.C1,"260 NTV CİHAZALTI 2 KAPILI DOLAP",dolap,61470,75489,,-18.6,,equsto,https://www.mutbex.com/buzdolabi-cihaz-alti-cta-26001-nts-cift-kapili
7919.27NTV.C1,"270 NTV CİHAZALTI 2 KAPILI DOLAP",dolap,68309,83887,,-18.6,,equsto,https://www.mutbex.com/buzdolabi-gn-tipi-cihaz-alti-ctag-27001-nts
7919.36NTV.C1,"360 NTV CİHAZALTI 3 KAPILI DOLAP",dolap,81679,100305,,-18.6,,equsto,https://www.mutbex.com/buzdolabi-cihaz-alti-cta-36001-nts-uc-kapli
7919.37NTV.C1,"370 NTV CİHAZALTI 3 KAPILI DOLAP",dolap,84290,103514,,-18.6,,equsto,https://www.mutbex.com/buzdolabi-gn-tipi-cihaz-alti-ctag-37001-nts
7919.46NTV.C1,"460 NTV CİHAZALTI 4 KAPILI DOLAP",dolap,95088,116771,,-18.6,,equsto,https://www.mutbex.com/buzdolabi-cihaz-alti-cta-46001-nts-dort-kapi
7919.47NTV.C1,"470 NTV CİHAZALTI 4 KAPILI DOLAP",dolap,98968,121537,,-18.6,,equsto,https://www.mutbex.com/oztiryakiler-4-kapili-buzdolabi-gn-tipi-cihaz-alti-470-ntv
7919.26NTV.C2,"260 NTV CİHAZALTI DOLAP - 4 ÇEKMECELİ",dolap,80756,99173,,-18.6,,equsto,https://www.mutbex.com/buzdolabi-cihaz-alti-cta-26003-nts-dort-cekmece
7919.27NTV.C2,"270 NTV CİHAZALTI DOLAP - 4 ÇEKMECELİ",dolap,93762,115144,,-18.6,,equsto,https://www.mutbex.com/oztiryakiler-ctag-270-ntv-cihaz-alti-4-cekmeceli-buzdolabi-170-litre-304-kalite
7919.36NTV.C2,"360 NTV CİHAZALTI DOLAP - 6 ÇEKMECELİ",dolap,122018,149845,,-18.6,,equsto,https://www.mutbex.com/cta-36003-nts-6-cekmeceli
7919.37NTV.C2,"370 NTV CİHAZALTI DOLAP - 6 ÇEKMECELİ",dolap,113816,139772,,-18.6,,equsto,https://www.mutbex.com/buzdolabi-gn-tipi-cihaz-alti-ctag-37003-nts
7919.46NTV.C2,"460 NTV CİHAZALTI DOLAP - 8 ÇEKMECELİ",dolap,128896,158290,,-18.6,,equsto,https://www.mutbex.com/buzdolabi-cihaz-alti-cta-46003-nts-sekiz-cekmece
7919.47NTV.C2,"470 NTV CİHAZALTI DOLAP - 8 ÇEKMECELİ",dolap,133756,164258,,-18.6,,equsto,https://www.mutbex.com/buzdolabi-gn-tipi-cihaz-alti-ctag-47003-nts-8-cekmece
7910.12040.00,"DUVAR DOLABI ARA RAFLI 120*40",dolap,25607,,33124,,-22.7,equsto,
7910.14040.00,"DUVAR DOLABI ARA RAFLI 140*40",dolap,25876,,33472,,-22.7,equsto,
7910.16040.00,"DUVAR DOLABI ARA RAFLI 160*40",dolap,30600,,39585,,-22.7,equsto,
7910.19040.00,"DUVAR DOLABI ARA RAFLI 190*40",dolap,34405,,44505,,-22.7,equsto,
7897.19030.04,"SERVİS RAFI ÇİFT SIRA  BOMBE CAMLI 190*30",dolap,18979,,24551,,-22.7,equsto,
7911.12060.13,"ÇAL.TEZG.DOLAPLI ARA RAFLI 120*60",dolap,32695,,42294,,-22.7,equsto,
7911.14060.13,"ÇAL.TEZG.DOLAPLI ARA RAFLI 140*60",dolap,35788,,46294,,-22.7,equsto,
7911.16060.13,"ÇAL.TEZG.DOLAPLI ARA RAFLI 160*60",dolap,38861,,50270,,-22.7,equsto,
7911.19060.13,"ÇAL.TEZG.DOLAPLI ARA RAFLI 190*60",dolap,44585,,48242,,-7.6,equsto,
7911.12070.13,"ÇAL.TEZG.DOLAPLI ARA RAFLI 120*70",dolap,35308,,45673,,-22.7,equsto,
7911.14070.13,"ÇAL.TEZG.DOLAPLI ARA RAFLI 140*70",dolap,39880,,51587,,-22.7,equsto,
7911.16070.13,"ÇAL.TEZG.DOLAPLI ARA RAFLI 160*70",dolap,43394,,46953,,-7.6,equsto,
7911.19070.13,"ÇAL.TEZG.DOLAPLI ARA RAFLI 190*70",dolap,49906,,54000,,-7.6,equsto,
7911.12060.56,"ÇAL.TEZG.DOLAPLI ARA RAFLI GR.ÇEKM.120*60",dolap,58320,,75442,,-22.7,equsto,
7911.14060.56,"ÇAL.TEZG.DOLAPLI ARA RAFLI GR.ÇEKM.140*60",dolap,60875,,78747,,-22.7,equsto,
7911.16060.56,"ÇAL.TEZG.DOLAPLI ARA RAFLI GR.ÇEKM.160*60",dolap,63487,,82127,,-22.7,equsto,
7911.19060.56,"ÇAL.TEZG.DOLAPLI ARA RAFLI GR.ÇEKM.190*60",dolap,65677,,71064,,-7.6,equsto,
7911.12070.56,"ÇAL.TEZG.DOLAPLI ARA RAFLI GR.ÇEKM.120*70",dolap,60299,,78002,,-22.7,equsto,
7911.14070.56,"ÇAL.TEZG.DOLAPLI ARA RAFLI GR.ÇEKM.140*70",dolap,63929,,82698,,-22.7,equsto,
7911.16070.56,"ÇAL.TEZG.DOLAPLI ARA RAFLI GR.ÇEKM.160*70",dolap,64506,,69796,,-7.6,equsto,
7911.19070.56,"ÇAL.TEZG.DOLAPLI ARA RAFLI GR.ÇEKM.190*70",dolap,70998,,76822,,-7.6,equsto,
7758.126A5.13,"EVYELİ TEZG.1G/2D 3 PERDELİ 120*60",dolap,15103,,19457,,-22.4,equsto,
7758.146A5.13,"EVYELİ TEZG.1G/2D 3 PERDELİ 140*60",dolap,16531,,21296,,-22.4,equsto,
7758.166A5.13,"EVYELİ TEZG.1G/2D 3 PERDELİ 160*60",dolap,17399,,22414,,-22.4,equsto,
7758.147C5.13,"EVYELİ TEZG.1G/2D 3 PERDELİ 140*70",dolap,18343,,23632,,-22.4,equsto,
7758.167C5.13,"EVYELİ TEZG.1G/2D 3 PERDELİ 160*70",dolap,19193,,24725,,-22.4,equsto,
7754.126A5.13,"EVYELİ TEZG.1G/2D 3 PERDELİ  DEM. 120*60",dolap,19482,,25098,,-22.4,equsto,
7758.146A5.21,"EVYELİ TEZG.2G/1D SOL 3 PERDELİ 140*60",dolap,20465,,26365,,-22.4,equsto,
7758.156A5.21,"EVYELİ TEZG.2G/1D SOL 3 PERDELİ 150*60",dolap,19038,,24526,,-22.4,equsto,
7758.166A5.21,"EVYELİ TEZG.2G/1D SOL 3 PERDELİ 160*60",dolap,19674,,25346,,-22.4,equsto,
7758.186E5.21,"EVYELİ TEZG.2G/1D SOL 3 PERDELİ 180*60",dolap,21893,,28204,,-22.4,equsto,
7758.196E5.21,"EVYELİ TEZG.2G/1D SOL 3 PERDELİ 190*60",dolap,22337,,28775,,-22.4,equsto,
7758.157B5.21,"EVYELİ TEZG.2G/1D SOL 3 PERDELİ 150*70",dolap,20620,,26564,,-22.4,equsto,
7758.167B5.21,"EVYELİ TEZG.2G/1D SOL 3 PERDELİ 160*70",dolap,21140,,27235,,-22.4,equsto,
7758.187C5.21,"EVYELİ TEZG.2G/1D SOL 3 PERDELİ 180*70",dolap,24014,,30938,,-22.4,equsto,
7758.197D5.21,"EVYELİ TEZG.2G/1D SOL 3 PERDELİ 190*70",dolap,25366,,32677,,-22.4,equsto,
7758.207C5.21,"EVYELİ TEZG.2G/1D SOL 3 PERDELİ 200*70",dolap,24998,,32205,,-22.4,equsto,
7758.217D5.21,"EVYELİ TEZG.2G/1D SOL 3 PERDELİ 210*70",dolap,28991,,37348,,-22.4,equsto,
7754.146A5.21,"EVYELİ TEZG.2G/1D SOL 3 PERDELİ  DEM. 140*60",dolap,23802,,30664,,-22.4,equsto,
7758.166A5.23,"EVYELİ TEZG.2G/2D 3 PERDELİ 160*60",dolap,21487,,27682,,-22.4,equsto,
7758.186E5.23,"EVYELİ TEZG.2G/2D 3 PERDELİ 180*60",dolap,23976,,30888,,-22.4,equsto,
7758.196E5.23,"EVYELİ TEZG.2G/2D 3 PERDELİ 190*60",dolap,24517,,31584,,-22.4,equsto,
7758.216E5.23,"EVYELİ TEZG.2G/2D 3 PERDELİ 210*60",dolap,28374,,36553,,-22.4,equsto,
7758.246E5.23,"EVYELİ TEZG.2G/2D 3 PERDELİ 240*60",dolap,29686,,38243,,-22.4,equsto,
7758.187C5.23,"EVYELİ TEZG.2G/2D 3 PERDELİ 180*70",dolap,26638,,34317,,-22.4,equsto,
7758.197C5.23,"EVYELİ TEZG.2G/2D 3 PERDELİ 190*70",dolap,27197,,35038,,-22.4,equsto,
7758.247D5.23,"EVYELİ TEZG.2G/2D 3 PERDELİ 240*70",dolap,33504,,43163,,-22.4,equsto,
7758.166A5.35,"EVYELİ TEZG.3 GÖZLÜ 3 PERDELİ 160*60",dolap,21797,,28080,,-22.4,equsto,
7758.186E5.35,"EVYELİ TEZG.3 GÖZLÜ 3 PERDELİ 180*60",dolap,24265,,31260,,-22.4,equsto,
7758.196E5.35,"EVYELİ TEZG.3 GÖZLÜ 3 PERDELİ 190*60",dolap,24786,,31931,,-22.4,equsto,
7758.187C5.35,"EVYELİ TEZG.3 GÖZLÜ 3 PERDELİ 180*70",dolap,27024,,34814,,-22.4,equsto,
7758.197C5.35,"EVYELİ TEZG.3 GÖZLÜ 3 PERDELİ 190*70",dolap,27563,,35509,,-22.4,equsto,
7754.166A5.35,"EVYELİ TEZG.3G 3 PERDELİ  DEM. 160*60",dolap,26272,,33845,,-22.4,equsto,
7911.12060.00,"ÇAL.TEZG.TABAN RAFSIZ SIRTLI 120*60",dolap,17148,,22091,,-22.4,equsto,
7911.14060.00,"ÇAL.TEZG.TABAN RAFSIZ SIRTLI 140*60",dolap,18054,,23259,,-22.4,equsto,
7911.16060.00,"ÇAL.TEZG.TABAN RAFSIZ SIRTLI 160*60",dolap,19193,,24725,,-22.4,equsto,
7911.19060.00,"ÇAL.TEZG.TABAN RAFSIZ SIRTLI 190*60",dolap,21295,,22946,,-7.2,equsto,
7911.12070.00,"ÇAL.TEZG.TABAN RAFSIZ SIRTLI 120*70",dolap,18054,,23259,,-22.4,equsto,
7911.14070.00,"ÇAL.TEZG.TABAN RAFSIZ SIRTLI 140*70",dolap,18904,,24352,,-22.4,equsto,
7911.16070.00,"ÇAL.TEZG.TABAN RAFSIZ SIRTLI 160*70",dolap,20003,,21554,,-7.2,equsto,
7911.19070.00,"ÇAL.TEZG.TABAN RAFSIZ SIRTLI 190*70",dolap,22356,,24090,,-7.2,equsto,
7911.12060.08,"ÇAL.TEZG.TABAN RAFLI SIRTLI 120*60",dolap,18266,,23532,,-22.4,equsto,
7911.14060.08,"ÇAL.TEZG.TABAN RAFLI SIRTLI 140*60",dolap,19790,,25496,,-22.4,equsto,
7911.16060.08,"ÇAL.TEZG.TABAN RAFLI SIRTLI 160*60",dolap,21334,,26837,,-20.5,equsto,
7911.19060.08,"ÇAL.TEZG.TABAN RAFLI SIRTLI 190*60",dolap,24728,,26646,,-7.2,equsto,
7911.12070.08,"ÇAL.TEZG.TABAN RAFLI SIRTLI 120*70",dolap,19984,,25744,,-22.4,equsto,
7911.14070.08,"ÇAL.TEZG.TABAN RAFLI SIRTLI 140*70",dolap,21719,,27980,,-22.4,equsto,
7911.16070.08,"ÇAL.TEZG.TABAN RAFLI SIRTLI 160*70",dolap,23455,,25275,,-7.2,equsto,
7911.19070.08,"ÇAL.TEZG.TABAN RAFLI SIRTLI 190*70",dolap,27120,,29224,,-7.2,equsto,
7911.12060.04,"ÇAL.TEZG.ARA RAFLI SIRTLI 120*60",dolap,22626,,29148,,-22.4,equsto,
7911.14060.04,"ÇAL.TEZG.ARA RAFLI SIRTLI 140*60",dolap,24631,,31733,,-22.4,equsto,
7911.16060.04,"ÇAL.TEZG.ARA RAFLI SIRTLI 160*60",dolap,26657,,34342,,-22.4,equsto,
7911.19060.04,"ÇAL.TEZG.ARA RAFLI SIRTLI 190*60",dolap,31190,,33609,,-7.2,equsto,
7911.12070.04,"ÇAL.TEZG.ARA RAFLI SIRTLI 120*70",dolap,25037,,32254,,-22.4,equsto,
7911.14070.04,"ÇAL.TEZG.ARA RAFLI SIRTLI 140*70",dolap,27313,,35187,,-22.4,equsto,
7911.16070.04,"ÇAL.TEZG.ARA RAFLI SIRTLI 160*70",dolap,29608,,31905,,-7.2,equsto,
7911.19070.04,"ÇAL.TEZG.ARA RAFLI SIRTLI 190*70",dolap,34547,,37226,,-7.2,equsto,
7911.12060.20,"ÇAL.TEZG.TABAN RAFSIZ TEK ÇEKM.SIRTLI 120*60",dolap,24786,,31931,,-22.4,equsto,
7911.14060.20,"ÇAL.TEZG.TABAN RAFSIZ TEK ÇEKM.SIRTLI 140*60",dolap,25673,,33074,,-22.4,equsto,
7911.16060.20,"ÇAL.TEZG.TABAN RAFSIZ TEK ÇEKM.SIRTLI 160*60",dolap,26812,,34541,,-22.4,equsto,
7911.19060.20,"ÇAL.TEZG.TABAN RAFSIZ TEK ÇEKM.SIRTLI 190*60",dolap,28933,,31178,,-7.2,equsto,
7911.12070.20,"ÇAL.TEZG.TABAN RAFSIZ TEK ÇEKM.SIRTLI 120*70",dolap,22858,,29446,,-22.4,equsto,
7911.14070.20,"ÇAL.TEZG.TABAN RAFSIZ TEK ÇEKM.SIRTLI 140*70",dolap,26599,,34267,,-22.4,equsto,
7911.16070.20,"ÇAL.TEZG.TABAN RAFSIZ TEK ÇEKM.SIRTLI 160*70",dolap,25192,,27145,,-7.2,equsto,
7911.19070.20,"ÇAL.TEZG.TABAN RAFSIZ TEK ÇEKM.SIRTLI 190*70",dolap,27679,,29827,,-7.2,equsto,
7911.12060.24,"ÇAL.TEZG.ARA RAFLI TEK ÇEKM.SIRTLI 120*60",dolap,29029,,37398,,-22.4,equsto,
7911.14060.24,"ÇAL.TEZG.ARA RAFLI TEK ÇEKM.SIRTLI 140*60",dolap,31036,,39982,,-22.4,equsto,
7911.19060.24,"ÇAL.TEZG.ARA RAFLI TEK ÇEKM.SIRTLI 190*60",dolap,37614,,40531,,-7.2,equsto,
7911.12070.24,"ÇAL.TEZG.ARA RAFLI TEK ÇEKM.SIRTLI 120*70",dolap,31518,,40604,,-22.4,equsto,
7911.14070.24,"ÇAL.TEZG.ARA RAFLI TEK ÇEKM.SIRTLI 140*70",dolap,33582,,43263,,-22.4,equsto,
7911.16070.24,"ÇAL.TEZG.ARA RAFLI TEK ÇEKM.SIRTLI 160*70",dolap,36070,,38868,,-7.2,equsto,
7911.19070.24,"ÇAL.TEZG.ARA RAFLI TEK ÇEKM.SIRTLI 190*70",dolap,41028,,44210,,-7.2,equsto,
7911.12060.44,"ÇAL.TEZG.ARA RAFLI GR.ÇEKM.SIRTLI 120*60",dolap,46024,,59290,,-22.4,equsto,
7911.14060.44,"ÇAL.TEZG.ARA RAFLI GR.ÇEKM.SIRTLI 140*60",dolap,44693,,57576,,-22.4,equsto,
7911.16060.44,"ÇAL.TEZG.ARA RAFLI GR.ÇEKM.SIRTLI 160*60",dolap,49708,,64037,,-22.4,equsto,
7911.19060.44,"ÇAL.TEZG.ARA RAFLI GR.ÇEKM.SIRTLI 190*60",dolap,53179,,57305,,-7.2,equsto,
7911.14070.44,"ÇAL.TEZG.ARA RAFLI GR.ÇEKM.SIRTLI 140*70",dolap,49746,,64087,,-22.4,equsto,
7911.16070.44,"ÇAL.TEZG.ARA RAFLI GR.ÇEKM.SIRTLI 160*70",dolap,49457,,53293,,-7.2,equsto,
7911.19070.44,"ÇAL.TEZG.ARA RAFLI GR.ÇEKM.SIRTLI 190*70",dolap,54029,,58219,,-7.2,equsto,
7911.12060.48,"ÇAL.TEZG.TABAN RAFLI GR.ÇEKM.SIRTLI 120*60",dolap,43361,,55861,,-22.4,equsto,
7911.14060.48,"ÇAL.TEZG.TABAN RAFLI GR.ÇEKM.SIRTLI 140*60",dolap,44538,,57377,,-22.4,equsto,
7911.16060.48,"ÇAL.TEZG.TABAN RAFLI GR.ÇEKM.SIRTLI 160*60",dolap,46738,,60210,,-22.4,equsto,
7911.19060.48,"ÇAL.TEZG.TABAN RAFLI GR.ÇEKM.SIRTLI 190*60",dolap,48859,,52648,,-7.2,equsto,
7911.12070.48,"ÇAL.TEZG.TABAN RAFLI GR.ÇEKM.SIRTLI 120*70",dolap,41028,,52854,,-22.4,equsto,
7911.14070.48,"ÇAL.TEZG.TABAN RAFLI GR.ÇEKM.SIRTLI 140*70",dolap,45850,,59067,,-22.4,equsto,
7911.16070.48,"ÇAL.TEZG.TABAN RAFLI GR.ÇEKM.SIRTLI 160*70",dolap,45425,,42592,,6.7,cafemarkt,
7911.19070.48,"ÇAL.TEZG.TABAN RAFLI GR.ÇEKM.SIRTLI 190*70",dolap,48126,,40430,,19,cafemarkt,
7911.12060.15,"ÇAL.TEZG.TABAN RAFLI HAREKETLİ 120*60",dolap,20716,,26688,,-22.4,equsto,
7911.14060.15,"ÇAL.TEZG.TABAN RAFLI HAREKETLİ 140*60",dolap,22684,,29223,,-22.4,equsto,
7911.16060.15,"ÇAL.TEZG.TABAN RAFLI HAREKETLİ 160*60",dolap,24227,,31211,,-22.4,equsto,
7911.19060.15,"ÇAL.TEZG.TABAN RAFLI HAREKETLİ 190*60",dolap,27698,,29847,,-7.2,equsto,
7911.12070.15,"ÇAL.TEZG.TABAN RAFLI HAREKETLİ 120*70",dolap,22530,,29024,,-22.4,equsto,
7911.14070.15,"ÇAL.TEZG.TABAN RAFLI HAREKETLİ 140*70",dolap,24767,,31906,,-22.4,equsto,
7911.16070.15,"ÇAL.TEZG.TABAN RAFLI HAREKETLİ 160*70",dolap,26503,,28559,,-7.2,equsto,
7911.19070.15,"ÇAL.TEZG.TABAN RAFLI HAREKETLİ 190*70",dolap,30418,,32778,,-7.2,equsto,
7911.12070.22,"ÇAL.TEZG.MERMER TABL.TABAN RAFSIZ TEK ÇEKM.120*70",dolap,23938,,30838,,-22.4,equsto,
7911.14070.22,"ÇAL.TEZG.MERMER TABL.TABAN RAFSIZ TEK ÇEKM.140*70",dolap,25385,,32702,,-22.4,equsto,
7911.16070.22,"ÇAL.TEZG.MERMER TABL.TABAN RAFSIZ TEK ÇEKM.160*70",dolap,27101,,29203,,-7.2,equsto,
7911.19070.22,"ÇAL.TEZG.MERMER TABL.TABAN RAFSIZ TEK ÇEKM.190*70",dolap,29860,,32175,,-7.2,equsto,
7911.05050.90,"ET KUTUGU AHŞAP TABL.50*50",dolap,17881,,23035,,-22.4,equsto,
7911.06060.90,"ET KUTUGU AHŞAP TABL.60*60",dolap,21604,,27831,,-22.4,equsto,
7911.06070.90,"ET KUTUGU AHŞAP TABL.60*70",dolap,23744,,30590,,-22.4,equsto,
7911.07070.90,"ET KUTUGU AHŞAP TABL.70*70",dolap,26002,,33497,,-22.4,equsto,
7911.06060.91,"ET KUTUGU POLİETİLEN TABL.60*60",dolap,23128,,29794,,-22.4,equsto,
7911.07070.91,"ET KUTUGU POLİETİLEN TABL.70*70",dolap,27815,,35833,,-22.4,equsto,
7911.12060.23,"ÇAL.TEZG.POLİETİLEN TABL.TABAN RAFSIZ TEK ÇEKM.120*60",dolap,28085,,36181,,-22.4,equsto,
7911.14060.23,"ÇAL.TEZG.POLİETİLEN TABL.TABAN RAFSIZ TEK ÇEKM.140*60",dolap,30013,,38666,,-22.4,equsto,
7911.16060.23,"ÇAL.TEZG.POLİETİLEN TABL.TABAN RAFSIZ TEK ÇEKM.160*60",dolap,32232,,41523,,-22.4,equsto,
7911.19060.23,"ÇAL.TEZG.POLİETİLEN TABL.TABAN RAFSIZ TEK ÇEKM.190*60",dolap,35569,,38328,,-7.2,equsto,
7911.12070.23,"ÇAL.TEZG.POLİETİLEN TABL.TABAN RAFSIZ TEK ÇEKM.120*70",dolap,29860,,38467,,-22.4,equsto,
7911.14070.23,"ÇAL.TEZG.POLİETİLEN TABL.TABAN RAFSIZ TEK ÇEKM.140*70",dolap,32058,,41300,,-22.4,equsto,
7911.16070.23,"ÇAL.TEZG.POLIETILEN TABL.TABAN RAFSIZ TEK ÇEKM.160*70",dolap,34604,,37288,,-7.2,equsto,
7911.19070.23,"ÇAL.TEZG.POLİETİLEN TABL.TABAN RAFSIZ TEK ÇEKM.190*70",dolap,38288,,41258,,-7.2,equsto,
7712.12090.01,"BUL.ALMA TEZGAHI SIYIRMA HUNİLİ KASA RAFLI 120*90",dolap,38482,,49574,,-22.4,equsto,
7712.14090.01,"BUL.ALMA BANKOSU SIYIRMA HUNİLİ KASA RAFLI 140*90",dolap,41278,,53178,,-22.4,equsto,
7712.16090.01,"BUL.ALMA TEZGAHI SIYIRMA HUNİLİ KASA RAFLI 160*90",dolap,45348,,58421,,-22.4,equsto,
7712.12011.01,"BUL.ALMA TEZGAHI SIYIRMA HUNİLİ KASA RAFLI 120*110",dolap,41702,,53724,,-22.4,equsto,
7712.14011.01,"BUL.ALMA TEZGAHI SIYIRMA HUNİLİ KASA RAFLI 140*110",dolap,44693,,57576,,-22.4,equsto,
7712.16011.01,"BUL.ALMA TEZGAHI SIYIRMA HUNİLİ KASA RAFLI 160*110",dolap,49090,,63242,,-22.4,equsto,
7712.19011.01,"BUL.ALMA BANKOSU SIYIRMA HUNİLİ KASA RAFLI 190*110",dolap,54356,,70025,,-22.4,equsto,
0820.00030.11,"HAMUR YOĞURMA MAKINASI 30 KG MEKANİK KONTROL PANELLİ",hazirlik,282844,216725,,30.5,,mutbex,https://www.mutbex.com/oztiryakiler-hamur-yogurma-makinesi-30-kg-ohy-30-tf
0820.00050.11,"HAMUR YOĞURMA MAKINASI 50 KG MEKANİK KONTROL PANELLİ",hazirlik,308777,236597,205422,30.5,50.3,cafemarkt,https://www.mutbex.com/oztiryakiler-hamur-yogurma-makinesi-50-kg-ohy-50-tf
8820.UHM10.TR,"HAMUR YOGURMA MAKINASI 10 KG UN KAPASITE 380 V",hazirlik,41053,39795,,3.2,,mutbex,https://www.mutbex.com/oztiryakiler-hamur-yogurma-makinesi-10-kg-un-kapasitesi-380v-uhm10-tr
8820.UHM10.MN,"HAMUR YOGURMA MAKINASI 10 KG UN KAPASITE 220 V",hazirlik,43969,42622,,3.2,,mutbex,https://www.mutbex.com/oztiryakiler-hamur-yogurma-makinesi-10-kg-un-kapasitesi-220v-uhm10-mn
8820.UHM15.TR,"HAMUR YOGURMA MAKINASI 15 KG UN KAPASITE 380 V",hazirlik,58776,56974,,3.2,,mutbex,https://www.mutbex.com/oztiryakiler-hamur-yogurma-makinesi-15-kg-un-kapasitesi-380v-uhm15-tr
8820.UHM15.MN,"HAMUR YOGURMA MAKINASI 15 KG UN KAPASITE 220 V",hazirlik,61692,59801,,3.2,,mutbex,https://www.mutbex.com/oztiryakiler-hamur-yogurma-makinesi-15-kg-un-kapasitesi-220v-uhm15-mn
8820.UHM25.TR,"HAMUR YOGURMA MAKINASI 25 KG UN KAPASITE 380 V",hazirlik,63038,61106,,3.2,,mutbex,https://www.mutbex.com/oztiryakiler-hamur-yogurma-makinesi-25-kg-un-kapasitesi-380v-uhm25-tr
8820.UHM25.MN,"HAMUR YOGURMA MAKINASI 25 KG UN KAPASITE 220 V",hazirlik,66403,64368,,3.2,,mutbex,https://www.mutbex.com/oztiryakiler-hamur-yogurma-makinesi-25-kg-un-kapasitesi-220v-uhm25-mn
8820.UHM35.TR,"HAMUR YOGURMA MAKINASI 35 KG UN KAPASITE 380 V",hazirlik,69432,67304,,3.2,,mutbex,https://www.mutbex.com/oztiryakiler-hamur-yogurma-makinesi-35-kg-un-kapasitesi-380v-uhm35-tr
8820.UHM35.MN,"HAMUR YOGURMA MAKINASI 35 KG UN KAPASITE 220 V",hazirlik,73693,71436,,3.2,,mutbex,https://www.mutbex.com/oztiryakiler-hamur-yogurma-makinesi-35-kg-un-kapasitesi-220v-uhm35-mn
8820.UHM50.TR,"HAMUR YOGURMA MAKINASI 50 KG UN KAPASITE 380 V",hazirlik,97810,94812,,3.2,,mutbex,https://www.mutbex.com/oztiryakiler-hamur-yogurma-makinesi-50-kg-un-kapasitesi-380v-uhm50-tr
8820.UHM50.MN,"HAMUR YOGURMA MAKINASI 50 KG UN KAPASITE 220 V",hazirlik,105827,102584,,3.2,,mutbex,https://www.mutbex.com/oztiryakiler-hamur-yogurma-makinesi-50-kg-un-kapasitesi-220v-uhm50-mn
8820.UH100.TR,"HAMUR YOGURMA MAKINASI 100 KG UN KAPASITE 380 V",hazirlik,141780,137435,,3.2,,mutbex,https://www.mutbex.com/oztiryakiler-hamur-yogurma-makinesi-100-kg-un-kapasiteli-380-v-uhm100-tr
8820.UH100.MN,"HAMUR YOGURMA MAKINASI 100 KG UN KAPASITE 220 V",hazirlik,146714,142219,,3.2,,mutbex,https://www.mutbex.com/oztiryakiler-hamur-yogurma-makinesi-100-kg-un-kapasiteli-220-v-uhm100-mn
0810.00010.15,"MIKSER 10 LT MONOFAZE CE DKP",hazirlik,103856,123789,,-16.1,,equsto,https://www.mutbex.com/oztiryakiler-mikser-10-lt-om-10-mf
0810.00020.01,"MIKSER 20 LT TRIFAZE CE MEKANIK KONTROL PANELLI",hazirlik,160127,187968,165711,-14.8,-3.4,equsto,https://www.mutbex.com/oztiryakiler-mikser-20-lt-trifaze-mekanik-kontrol-panelli-om-20-tf
0810.00020.04,"MIKSER 20 LT MONOFAZE CE MEKANIK KONTROL PANELI",hazirlik,156006,185948,161447,-16.1,-3.4,equsto,https://www.mutbex.com/oztiryakiler-monofaze-mikser-20-lt-ce-mekanik-kontrol-paneli-om-20-mf
0810.00040.01,"MIKSER 40 LT TRIFAZE CE MEKANIK KONTROL PANELI",hazirlik,210100,250424,217428,-16.1,-3.4,equsto,https://www.mutbex.com/oztiryakiler-trifaze-mikser-40-lt-ce-mekanik-kontrol-paneli-om-40-tf
0810.00060.01,"MIKSER 60 LT TRIFAZE CE MEKANIK KONTROL PANELI",hazirlik,219017,261053,226655,-16.1,-3.4,equsto,https://www.mutbex.com/oztiryakiler-mikser-60-lt-om-60-tf
0810.00020.03,"MIKSER 20 LT TRIFAZE CE SANZIMAN KONTROLLU",hazirlik,227089,266573,235009,-14.8,-3.4,equsto,https://www.mutbex.com/oztiryakiler-trifaze-mikser-20-lt-ce-sanziman-kontrollu
0810.00040.03,"MIKSER 40 LT TRIFAZE CE SANZIMAN KONTROLLU",hazirlik,266159,312436,275441,-14.8,-3.4,equsto,https://www.mutbex.com/oztiryakiler-trifaze-mikser-40-lt-ce-sanziman-kontrollu-om-40-tf
0810.00060.03,"MIKSER 60 LT TRIFAZE CE SANZIMAN KONTROLLU",hazirlik,278774,332279,288496,-16.1,-3.4,equsto,https://www.mutbex.com/oztiryakiler-trifaze-mikser-60-lt-ce-sanziman-kontrollu-omg-60-tf
8823.0HA30.00,"HAMUR ACMA MAKINASI HA30",hazirlik,58184,56401,59423,3.2,-2.1,mutbex,https://www.mutbex.com/oztiryakiler-lahmacun-pizza-ve-lavas-acma-makinesi-ha-30
8823.0HA40.00,"HAMUR ACMA MAKINASI HA40",hazirlik,66584,64544,,3.2,,mutbex,https://www.mutbex.com/oztiryakiler-lahmacun-pizza-ve-lavas-acma-makinesi-ha-40
8823.0HA55.00,"HAMUR ACMA MAKINASI HA55",hazirlik,136903,132708,,3.2,,mutbex,https://www.mutbex.com/hamur-acma-makinasi-ha55
8823.0HA60.00,"YUFKA YEDEK ACMA 60 CM",hazirlik,152461,147788,,3.2,,mutbex,https://www.mutbex.com/oztiryakiler-yufka-hamuru-acma-makinesi-ha-60
8823.0HA60.30,"YUFKA YEDEK ACMA 60 CM 3 MERDANELI",hazirlik,196021,190013,,3.2,,mutbex,https://www.mutbex.com/oztiryakiler-lahmacun-pizza-ve-lavas-acma-makinesi-ha-603
8823.HHA55.M0,"YUFKA YEDEK ACMA 55 CM MERDANE HIZ KONTROLLU",hazirlik,158683,153820,,3.2,,mutbex,https://www.mutbex.com/oztiryakiler-yufka-hamuru-acma-makinesi-merdane-hiz-kontrollu-hha-55
8823.HHA60.M0,"YUFKA YEDEK ACMA 60 CM MERDANE HIZ KONTROLLU",hazirlik,174241,168901,,3.2,,mutbex,https://www.mutbex.com/oztiryakiler-yufka-hamuru-acma-makinesi-merdane-hiz-kontrollu-hha-60
8823.DHM60.00,"KANATLI HAMUR ACMA MAKINASI DHM 60",hazirlik,302588,293314,,3.2,,mutbex,https://www.mutbex.com/oztiryakiler-hamur-acma-makinesi
8840.USD01.00,"SEBZE DOGRAMA MAKINASI USD-01",hazirlik,61132,59258,,3.2,,mutbex,https://www.mutbex.com/oztiryakiler-usd-01-sebze-dograma-makinesi-300-kg-saat
8840.USD02.00,"SEBZE DOGRAMA MAKINASI AYAKLI USD-02",hazirlik,69095,66978,,3.2,,mutbex,https://www.mutbex.com/oztiryakiler-usd-02-sebze-dograma-makinesi-300-kg-saat-ayakli
0830.03216.01,"OZTIRYAKILER EKMEK DILIMLEME MAKINASI MONOFAZE 32D 16MM",hazirlik,9805,162394,,-94,,equsto,https://www.mutbex.com/oztiryakiler-ekmek-dilimleme-makinesi-monofaze-16-mm-edml-3216
0840.N.00030.11,"PATATES SOYMA MAKINASI 30 KG REDUKTOR TRIFAZE",hazirlik,243127,285399,,-14.8,,equsto,https://www.mutbex.com/oztiryakiler-patates-soyma-makinesi-30-kg-reduktor-trifaze
0840.16010.00,"PATATES DILIMLEME MAKINASI 10-16 MM",hazirlik,139988,166857,,-16.1,,equsto,https://www.mutbex.com/oztiryakiler-patates-dograma-makinesi-pdm
7758.19070.08,"BALIK HAZIRLIK TEZGAHI 190*70",hazirlik,30708,,39560,,-22.4,equsto,
7758.21070.08,"BALIK HAZIRLIK TEZGAHI 210*70",hazirlik,34681,,44679,,-22.4,equsto,
7758.24070.08,"BALIK HAZIRLIK TEZGAHI 240*70",hazirlik,36977,,47636,,-22.4,equsto,
8574.CM080.00,"CAY MAKINASI 80 BARDAK",icecek,8504,7014,,21.2,,mutbex,https://www.mutbex.com/oztiryakiler-cay-makinesi-80-bardak
8574.CM120.00,"CAY MAKINASI 120 BARDAK",icecek,9542,7852,,21.5,,mutbex,https://www.mutbex.com/oztiryakiler-cay-makinesi-120-bardak
8574.CM160.00,"CAY MAKINASI 160 BARDAK",icecek,9956,8211,,21.3,,mutbex,https://www.mutbex.com/oztiryakiler-cay-makinesi-160-bardak
8574.CM250.00,"CAY MAKINASI 250 BARDAK",icecek,11408,9408,,21.3,,mutbex,https://www.mutbex.com/oztiryakiler-cay-makinesi-250-bardak
8574.CM400.00,"CAY MAKINASI 400 BARDAK",icecek,15764,12999,,21.3,,mutbex,https://www.mutbex.com/oztiryakiler-cay-makinesi-400-bardak
8593.SU080.00,"SU OTOMATI 80 BARDAK",icecek,7052,5817,,21.2,,mutbex,https://www.mutbex.com/oztiryakiler-sicak-su-otomati-80-bardak
8593.SU120.00,"SU OTOMATI 120 BARDAK",icecek,7571,6224,,21.6,,mutbex,https://www.mutbex.com/oztiryakiler-sicak-su-otomati-120-bardak
8593.SU160.00,"SU OTOMATI 160 BARDAK",icecek,7986,6584,,21.3,,mutbex,https://www.mutbex.com/oztiryakiler-sicak-su-otomati-160-bardak
8593.SU250.00,"SU OTOMATI 250 BARDAK",icecek,9230,7613,,21.2,,mutbex,https://www.mutbex.com/oztiryakiler-sicak-su-otomati-250-bardak
8593.SU400.00,"SU OTOMATI 400 BARDAK",icecek,13483,11108,,21.4,,mutbex,https://www.mutbex.com/oztiryakiler-sicak-su-otomati-400-bardak
8477.00M22.00,"MEYVE SUYU SOGUTMA YUVARLAK HAZNELI 22 LT",icecek,53766,50906,,5.6,,mutbex,https://www.mutbex.com/oztiryakiler-soguk-icecek-dispenseri-karistiricili-22-lt
8477.0000S.01,"MEYVE SUYU SOGUTMA SERBET",icecek,37524,35528,,5.6,,mutbex,https://www.mutbex.com/oztiryakiler-soguk-icecek-dispenseri-fiskiyeli-20-lt
8477.0000A.01,"MEYVE SUYU SOGUTMA AYRAN",icecek,37524,35528,,5.6,,mutbex,https://www.mutbex.com/oztiryakiler-soguk-icecek-dispenseri-karistiricili-20-lt
8477.000SS.02,"MEYVE SUYU SOGUTMA SERBET + SERBET",icecek,54326,51436,,5.6,,mutbex,https://www.mutbex.com/oztiryakiler-serbet-sogutma-makinesi-cift-fiskiyeli-20-20-lt
8477.000AA.02,"MEYVE SUYU SOGUTMA AYRAN + AYRAN",icecek,54326,51436,,5.6,,mutbex,https://www.mutbex.com/oztiryakiler-soguk-icecek-dispanseri-cift-karistiricili-20-20-lt
8477.000SA.02,"MEYVE SUYU SOGUTMA SERBET + AYRAN",icecek,54326,51436,,5.6,,mutbex,https://www.mutbex.com/oztiryakiler-soguk-icecek-dinspanseri-serbet-ve-ayran-20-20-lt
8477.00SSS.03,"MEYVE SUYU SOGUTMA SERBET + SERBET + SERBET",icecek,76169,72117,,5.6,,mutbex,https://www.mutbex.com/oztiryakiler-soguk-icecek-dispenseri-3-fiskiyeli-20-20-20-lt
8477.00SSA.03,"MEYVE SUYU SOGUTMA SERBET + SERBET + AYRAN",icecek,76169,72117,,5.6,,mutbex,https://www.mutbex.com/oztiryakiler-soguk-icecek-dispenseri-cift-fiskiyeli-1-karistiricili-20-20-20-lt
8880.00400.04,"SOGUK SU SEBILI PASLANMAZ GOVDE-IC HAZNE  400 LT 4 MUSLUKLU",icecek,311144,256757,,21.2,,mutbex,https://www.mutbex.com/soguk-su-sebili-krom-govde-ic-hazne-400-lt-4-musluklu
7897.09050.04,"İSTİF RAFI 4 DÜZ TABL.90*50",istif,17688,,22787,,-22.4,equsto,
7897.12050.04,"İSTİF RAFI 4 DÜZ TABL.120*50",istif,21854,,28154,,-22.4,equsto,
7897.16050.04,"İSTİF RAFI 4 DÜZ TABL.160*50",istif,27256,,35112,,-22.4,equsto,
7897.19050.04,"İSTİF RAFI 4 DÜZ TABL.190*50",istif,31750,,40902,,-22.4,equsto,
7897.09060.04,"İSTİF RAFI 4 DÜZ TABL.90*60",istif,19578,,25222,,-22.4,equsto,
7897.12060.04,"İSTİF RAFI 4 DÜZ TABL.120*60",istif,24517,,31584,,-22.4,equsto,
7897.14060.04,"İSTİF RAFI 4 DÜZ TABL.140*60",istif,26676,,34367,,-22.4,equsto,
7897.16060.04,"İSTİF RAFI 4 DÜZ TABL.160*60",istif,30823,,39709,,-22.4,equsto,
7897.19060.04,"İSTİF RAFI 4 DÜZ TABL.190*60",istif,36070,,46468,,-22.4,equsto,
7897.09070.04,"İSTİF RAFI 4 DÜZ TABL.90*70",istif,21623,,27856,,-22.4,equsto,
7897.12070.04,"İSTİF RAFI 4 DÜZ TABL.120*70",istif,27313,,35187,,-22.4,equsto,
7897.14070.04,"İSTİF RAFI 4 DÜZ TABL.140*70",istif,29821,,38417,,-22.4,equsto,
7897.16070.04,"İSTİF RAFI 4 DÜZ TABL.160*70",istif,34604,,44579,,-22.4,equsto,
7897.19070.04,"İSTİF RAFI 4 DÜZ TABL.190*70",istif,40622,,52333,,-22.4,equsto,
7897.09080.04,"İSTİF RAFI 4 DÜZ TABL.90*80",istif,26291,,33869,,-22.4,equsto,
7897.12080.04,"İSTİF RAFI 4 DÜZ TABL.120*80",istif,33563,,43238,,-22.4,equsto,
7897.14080.04,"İSTİF RAFI 4 DÜZ TABL.140*80",istif,36918,,47562,,-22.4,equsto,
7897.16080.04,"İSTİF RAFI 4 DÜZ TABL.160*80",istif,42880,,55240,,-22.4,equsto,
7897.19080.04,"İSTİF RAFI 4 DÜZ TABL.190*80",istif,50479,,65031,,-22.4,equsto,
7897.12050.14,"İSTİF RAFI 4 IZGARA TABL.120*50",istif,29686,,30594,,-3,equsto,
7897.14050.14,"İSTİF RAFI 4 IZGARA TABL.140*50",istif,34643,,35703,,-3,equsto,
7897.16050.14,"İSTİF RAFI 4 IZGARA TABL.160*50",istif,36533,,37651,,-3,equsto,
7897.19050.14,"İSTİF RAFI 4 IZGARA TABL.190*50",istif,42300,,43596,,-3,equsto,
7897.09060.14,"İSTİF RAFI 4 IZGARA TABL.90*60",istif,26695,,27513,,-3,equsto,
7897.12060.14,"İSTİF RAFI 4 IZGARA TABL.120*60",istif,32483,,33477,,-3,equsto,
7897.14060.14,"İSTİF RAFI 4 IZGARA TABL.140*60",istif,36379,,37493,,-3,equsto,
7897.16060.14,"İSTİF RAFI 4 IZGARA TABL.160*60",istif,40237,,41469,,-3,equsto,
7897.19060.14,"İSTİF RAFI 4 IZGARA TABL.190*60",istif,46642,,48069,,-3,equsto,
7897.09070.14,"İSTİF RAFI 4 IZGARA TABL.90*70",istif,29010,,29899,,-3,equsto,
7897.12070.14,"İSTİF RAFI 4 IZGARA TABL.120*70",istif,35472,,36558,,-3,equsto,
7897.14070.14,"İSTİF RAFI 4 IZGARA TABL.140*70",istif,39619,,40832,,-3,equsto,
7897.16070.14,"İSTİF RAFI 4 IZGARA TABL.160*70",istif,44153,,45504,,-3,equsto,
7897.19070.14,"İSTİF RAFI 4 IZGARA TABL.190*70",istif,51212,,52780,,-3,equsto,
7897.09080.14,"İSTİF RAFI 4 IZGARA TABL.90*80",istif,33659,,34689,,-3,equsto,
7897.12080.14,"İSTİF RAFI 4 IZGARA TABL.120*80",istif,41722,,42999,,-3,equsto,
7897.14080.14,"İSTİF RAFI 4 IZGARA TABL.140*80",istif,46949,,48386,,-3,equsto,
7897.16080.14,"İSTİF RAFI 4 IZGARA TABL.160*80",istif,52542,,54152,,-3,equsto,
7897.19080.14,"İSTİF RAFI 4 IZGARA TABL.190*80",istif,61204,,63077,,-3,equsto,
7897.14050.40,"İSTİF RAFI 2 DÜZ,2 IZGARA TABL.140*50",istif,28393,,29263,,-3,equsto,
7897.16050.40,"İSTİF RAFI 2 DÜZ,2 IZGARA TABL.160*50",istif,32039,,33020,,-3,equsto,
7897.19050.40,"İSTİF RAFI 2 DÜZ,2 IZGARA TABL.190*50",istif,37034,,38169,,-3,equsto,
7897.09060.40,"İSTİF RAFI 2 DÜZ,2 IZGARA TABL.90*60",istif,23128,,23836,,-3,equsto,
7897.12060.40,"İSTİF RAFI 2 DÜZ,2 IZGARA TABL.120*60",istif,28508,,29382,,-3,equsto,
7897.14060.40,"İSTİF RAFI 2 DÜZ,2 IZGARA TABL.140*60",istif,31537,,32503,,-3,equsto,
7897.16060.40,"İSTİF RAFI 2 DÜZ,2 IZGARA TABL.160*60",istif,35684,,36777,,-3,equsto,
7897.19060.40,"İSTİF RAFI 2 DÜZ,2 IZGARA TABL.190*60",istif,41356,,42622,,-3,equsto,
7897.09070.40,"İSTİF RAFI 2 DÜZ,2 IZGARA TABL.90*70",istif,25326,,26102,,-3,equsto,
7897.12070.40,"İSTİF RAFI 2 DÜZ,2 IZGARA TABL.120*70",istif,31403,,32364,,-3,equsto,
7897.14070.40,"İSTİF RAFI 2 DÜZ,2 IZGARA TABL.140*70",istif,34817,,35882,,-3,equsto,
7897.16070.40,"İSTİF RAFI 2 DÜZ,2 IZGARA TABL.160*70",istif,39523,,40733,,-3,equsto,
7897.19070.40,"ISTIF RAFI 2 DUZ,2 IZGARA TABL.190*70",istif,45926,,47333,,-3,equsto,
7897.09080.40,"İSTİF RAFI 2 DÜZ,2 IZGARA TABL.90*80",istif,29975,,30893,,-3,equsto,
7897.12080.40,"İSTİF RAFI 2 DÜZ,2 IZGARA TABL.120*80",istif,37633,,38785,,-3,equsto,
7897.14080.40,"İSTİF RAFI 2 DÜZ,2 IZGARA TABL.140*80",istif,42050,,43337,,-3,equsto,
7897.16080.40,"İSTİF RAFI 2 DÜZ,2 IZGARA TABL.160*80",istif,47837,,49301,,-3,equsto,
7897.19080.40,"İSTİF RAFI 2 DÜZ,2 IZGARA TABL.190*80",istif,55842,,57551,,-3,equsto,
8574.FM250.00,"FILTRE KAHVE MAKINASI  20 LT 160  BARDAK",kahve,11408,9408,,21.3,,mutbex,https://www.mutbex.com/oztiryakiler-filtre-kahve-makinesi-250-bardak-16-lt
7865.N1.80908.10,"900 SERİ KUZİNE FIRINLI GAZLI 4 AÇIK ATEŞ 80*90*85 (2x10 kW+2x6 kW+8 kW=40 kW)",pisirme,109609,130647,111524,-16.1,-1.7,equsto,https://www.mutbex.com/oztiryakiler-gazli-firinli-kuzine-4-gozlu-ocak-osogf-8090
7865.N1.80908.10P,"900 SERİ KUZİNE FIRINLI GAZLI 4 AÇIK ATEŞ 80*90*85 (4x10 kW+8 kW=48 kW)",pisirme,111050,132364,112896,-16.1,-1.6,equsto,https://www.mutbex.com/oztiryakiler-gazli-firinli-kuzine-4-gozlu-ocak-osogf-8090-p
7865.N1.12908.10,"900 SERİ KUZİNE FIRINLI GAZLI 6 AÇIK ATEŞ 120*90*85",pisirme,149354,178019,166013,-16.1,-10,equsto,https://www.mutbex.com/oztiryakiler-gazli-firinli-kuzine-6-gozlu-ocak-osogf-12090
7865.N1.80908.12,"900 SERİ KUZİNE FIRINLI GAZLI KAPALI DÖKÜMLÜ 80*90*85",pisirme,120790,143972,,-16.1,,equsto,https://www.mutbex.com/oztiryakiler-gazli-firinli-kuzine-4-gozlu-ocak-osogf-8090-c
7865.N1.12908.50,"900 SERİ KUZİNE BÜYÜK FIRINLI GAZLI 6 AÇIK ATEŞ 120*90*85",pisirme,157825,188116,163329,-16.1,-3.4,equsto,https://www.mutbex.com/oztiryakiler-gazli-firinli-kuzine-6-gozlu-ocak-osogf-12090-s
7865.N1.80908.10E,"900 SERİ KUZİNE GAZLI 4 AÇIK ATEŞ,FIRIN ELEKTRİKLİ 80*90*85",pisirme,107765,128448,111524,-16.1,-3.4,equsto,https://www.mutbex.com/oztiryakiler-osogef-8090-elektrikli-firinli-kuzine-4-gozlu-gazli-ocak-80x90x85-cm
7865.N1.80908.10PE,"900 SERİ KUZİNE FIRINLI GAZLI 4 AÇIK ATEŞ,FIRIN ELEKTRİKLİ 80*90*85 (4x10 kW+6 kW=46 kW)",pisirme,109091,130028,112896,-16.1,-3.4,equsto,https://www.mutbex.com/oztiryakiler-osogef-8090-p-elektrikli-kuzine-4-gozlu-ocak-elektrikli-firin-80x90x85-cm
7865.N1.12908.10E,"900 SERİ KUZİNE FIRINLI GAZLI 6 AÇIK ATEŞ,FIRIN ELEKTRİKLİ 120*90*85",pisirme,146435,174539,166013,-16.1,-11.8,equsto,https://www.mutbex.com/oztiryakiler-kuzine-gazli-6-gozlu-ocak-elektirikli-firin-osogef-12090
7865.N1.12908.50E,"900 SERİ KUZİNE BÜYÜK FIRINLI GAZLI 6 AÇIK ATEŞ 120*90*85-FIRIN ELEKTRİKLİ",pisirme,160418,191207,163329,-16.1,-1.8,equsto,https://www.mutbex.com/oztiryakiler-kuzine-gazli-6-gozlu-ocak-elektirikli-firin-osogef-12090-s
7865.N1.40903.20,"900 SERİ SET ÜSTÜ İKİLİ OCAK GAZLI 40*90*30 (6+10=16 kW)",pisirme,34270,40847,,-16.1,,equsto,https://www.mutbex.com/oztiryakiler-set-ustu-gazli-ocak-ikili-16-kw-40x90x30-cm-osog-4090
7865.N1.80903.20,"900 SERİ SET ÜSTÜ DÖRTLÜ OCAK GAZLI 80*90*30 (2x6+2X10=32 kW)",pisirme,60433,72032,,-16.1,,equsto,https://www.mutbex.com/oztiryakiler-set-ustu-gazli-ocak-dortlu-32kw-80x90x30-cm-osog-8090
7865.N1.80903.20P,"900 SERİ SET ÜSTÜ DÖRTLÜ OCAK GAZLI 80*90*30 (4x10=40 kW)",pisirme,61892,73772,,-16.1,,equsto,https://www.mutbex.com/oztiryakiler-set-ustu-gazli-ocak-dortlu-40-kw-80x90x30-cm-osog-8090-p
7865.N1.80903.53,"900 SERİ SET ÜSTÜ TEKLİ OCAK GAZLI 80*90*30",pisirme,41281,49204,42721,-16.1,-3.4,equsto,https://www.mutbex.com/oztiryakiler-set-ustu-gazli-ocak-tekli-80x90x30-cm-osog-8090-t
7865.N1.12903.20,"900 SERİ SET ÜSTÜ ALTILI OCAK GAZLI 120*90*30 (3x6+3x10=48 kW)",pisirme,83658,99714,,-16.1,,equsto,https://www.mutbex.com/oztiryakiler-set-ustu-gazli-ocak-altili-120x90x30-cm-osog-12090
7865.N1.80908.11,"900 SERİ KUZİNE FIRINLI ELEKTRİKLİ 4 KARE PLATE 80*90*85",pisirme,141556,168723,146491,-16.1,-3.4,equsto,https://www.mutbex.com/oztiryakiler-elektrikli-firinli-kuzine-4-gozlu-ocak-osoef-8090
7865.N1.12908.11,"900 SERİ KUZİNE FIRINLI ELEKTRİKLİ 6 KARE PLATE 120*90*85",pisirme,205043,244396,212193,-16.1,-3.4,equsto,https://www.mutbex.com/oztiryakiler-elektrikli-firinli-kuzine-6-gozlu-ocak-osoef-12090
7865.N1.12908.51,"900 SERİ KUZİNE BÜYÜK FIRINLI ELEKTRİKLİ 6 KARE PLATE 120*90*85",pisirme,209038,249158,216328,-16.1,-3.4,equsto,https://www.mutbex.com/oztiryakiler-elektrikli-buyuk-firinli-kuzine-osoef-12090-s
7865.N1.40903.21,"900 SERİ SET ÜSTÜ İKİLİ OCAK ELEKTRİKLİ 40*90*30",pisirme,54170,64568,,-16.1,,equsto,https://www.mutbex.com/oztiryakiler-set-ustu-elektrikli-ocak-ikili-40x90x30-cm-osoe-4090
7865.N1.80903.21,"900 SERİ SET ÜSTÜ DÖRTLÜ OCAK ELEKTRİKLİ 80*90*30",pisirme,99832,118992,,-16.1,,equsto,https://www.mutbex.com/oztiryakiler-set-ustu-elektrikli-ocak-dortlu-80x90x30-cm-osoe-8090
7865.N1.12903.21,"900 SERİ SET ÜSTÜ ALTILI OCAK ELEKTRİKLİ 120*90*30",pisirme,148278,176737,,-16.1,,equsto,https://www.mutbex.com/oztiryakiler-set-ustu-elektrikli-ocak-altili-120x90x30-cm-osoe-1290
7865.N1.40903.WK,"900 SERİ SET ÜSTÜ WOK OCAK TEKLİ GAZLI 40*90*30-14 kW",pisirme,26605,31711,27533,-16.1,-3.4,equsto,https://www.mutbex.com/oztiryakiler-900-serisi-set-ustu-wok-ocak-tekli-40x90x28-cm-owg-4090
7865.N1.80903.WK,"900 SERİ SET ÜSTÜ WOK OCAK İKİLİ GAZLI 80*90*30-28 kW",pisirme,43894,52318,45424,-16.1,-3.4,equsto,https://www.mutbex.com/oztiryakiler-900-serisi-set-ustu-wok-ocak-ikili-80x90x30-cm-owg-8090
7865.N1.80903.22,"900 SERİ SET ÜSTÜ OCAK KAPALI DÖKÜM GAZLI 80*90*30",pisirme,77222,92043,,-16.1,,equsto,https://www.mutbex.com/oztiryakiler-set-ustu-gazli-kapali-dokum-ocak-80x90x280-cm-osog-8090-c
7865.N1.40903.IS,"900 SERİ SET ÜSTÜ INDUKSIYON OCAK 40*90*30",pisirme,78374,93417,,-16.1,,equsto,https://www.mutbex.com/oztiryakiler-induksiyonlu-ocak-ikili-40x90x280-cm-osi-4090
7865.N1.80903.IS,"900 SERİ SET ÜSTÜ INDUKSIYON OCAK 80*90*30",pisirme,140940,167990,145855,-16.1,-3.4,equsto,https://www.mutbex.com/oztiryakiler-induksiyonlu-ocak-dortlu-40x90x280-cm-osi-4090
7865.N1.40903.CS,"900 SERİ SET ÜSTÜ SERAN OCAK ELEKTRİKLİ 40*90*30",pisirme,74033,88243,,-16.1,,equsto,https://www.mutbex.com/oztiryakiler-set-ustu-infrared-seramik-ocak-elektrikli-40x90x28-cm-osc-4090
7865.N1.80903.CS,"900 SERİ SET ÜSTÜ SERAN OCAK ELEKTRİKLİ 80*90*30",pisirme,137789,164235,142595,-16.1,-3.4,equsto,https://www.mutbex.com/oztiryakiler-infrared-seramik-ocak-dortlu-80x90x30-cm-osc-8090
7864.N1.40903.06,"900 SERİ SET ÜSTÜ GRİLL PLATE DÜZ GAZLI 40*90",pisirme,43702,52089,45226,-16.1,-3.4,equsto,https://www.mutbex.com/oztiryakiler-gazli-grill-plate-duz-40x90x30-cm-ogg-4090
7864.N1.40903.06C,"900 SERİ SET ÜSTÜ GRİLL PLATE DÜZ GAZLI 40*90*30-SERT KROM KAPLI",pisirme,53882,64224,55762,-16.1,-3.4,equsto,https://www.mutbex.com/oztiryakiler-gazli-grill-plate-duz-sert-krom-kapli-40x90x30-cm-ogg-4090
7864.N1.40903.03,"900 SERİ SET ÜSTÜ GRİLL PLATE OLUKLU GAZLI 40*90*30",pisirme,46525,55455,48148,-16.1,-3.4,equsto,https://www.mutbex.com/oztiryakiler-gazli-grill-plate-oluklu-40x90x30-cm-ogg-4090-n
7864.N1.40903.03C,"900 SERİ SET ÜSTÜ GRİLL PLATE OLUKLU GAZLI 40*90*30-SERT KROM KAPLI",pisirme,56015,66766,57968,-16.1,-3.4,equsto,https://www.mutbex.com/oztiryakiler-gazli-grill-plate-oluklu-sert-krom-kapli-40x90x30-cm-ogg-4090-n
7864.N1.80903.16,"900 SERİ SET ÜSTÜ GRİLL PLATE DÜZ GAZLI 80*90*30",pisirme,76570,91265,79240,-16.1,-3.4,equsto,https://www.mutbex.com/oztiryakiler-gazli-grill-plate-duz-80x90x30-cm-ogg-8090
7864.N1.80903.16C,"900 SERİ SET ÜSTÜ GRİLL PLATE DÜZ GAZLI 80*90*30-SERT KROM KAPLI",pisirme,91206,108712,94387,-16.1,-3.4,equsto,https://www.mutbex.com/oztiryakiler-gazli-grill-plate-duz-sert-krom-kapli-80x90x30-cm-ogg-8090
7864.N1.80903.19,"900 SERİ SET ÜSTÜ GRİLL PLATE Y.OLUKLU GAZLI 80*90*30",pisirme,77664,92570,80373,-16.1,-3.4,equsto,https://www.mutbex.com/oztiryakiler-gazli-grill-plate-yari-oluklu-80x90x30-cm-ogg-8090-1-2-n
7864.N1.80903.19C,"900 SERİ SET ÜSTÜ GRİLL PLATE Y.OLUKLU GAZLI 80*90*30-SERT KROM KAPLI",pisirme,93607,111574,96873,-16.1,-3.4,equsto,https://www.mutbex.com/oztiryakiler-gazli-grill-plate-yari-oluklu-sert-krom-kapli-80x90x30-cm-ogg-8090-1-2-n
7864.N1.80903.13,"900 SERİ SET ÜSTÜ GRİLL PLATE OLUKLU GAZLI 80*90*30",pisirme,79470,94722,82241,-16.1,-3.4,equsto,https://www.mutbex.com/oztiryakiler-gazli-grill-plate-oluklu-80x90x30-cm-ogg-8090-n
7864.N1.80903.13C,"900 SERİ SET ÜSTÜ GRİLL PLATE OLUKLU GAZLI 80*90*30-SERT KROM KAPLI",pisirme,95394,113703,98721,-16.1,-3.4,equsto,https://www.mutbex.com/oztiryakiler-gazli-grill-plate-oluklu-sert-krom-kapli-80x90x30-cm-ogg-8090-n
7864.N1.40903.04,"900 SERİ SET ÜSTÜ GRİLL PLATE DÜZ ELEKTRİKLİ 40*90*30",pisirme,37381,44556,38686,-16.1,-3.4,equsto,https://www.mutbex.com/oztiryakiler-elektrikli-grill-plate-duz-40x90x30-cm-oge-4090
7864.N1.40903.04C,"900 SERİ SET ÜSTÜ GRİLL PLATE DÜZ ELEKTRİKLİ 40*90*30-SERT KROM KAPLI",pisirme,45258,53944,46836,-16.1,-3.4,equsto,https://www.mutbex.com/oztiryakiler-elektrikli-grill-plate-duz-40x90x30-cm-krom-kapli-oge-4090-c
7864.N1.40903.01,"900 SERİ SET ÜSTÜ GRİLL PLATE OLUKLU ELEKTRİKLİ 40*90*30",pisirme,40475,48243,41886,-16.1,-3.4,equsto,https://www.mutbex.com/oztiryakiler-elektrikli-grill-plate-oluklu-40x90x30-cm-oge-4090-n
7864.N1.40903.01C,"900 SERİ SET ÜSTÜ GRİLL PLATE OLUKLU ELEKTRİKLİ 40*90*30-SERT KROM KAPLI",pisirme,48350,57630,50037,-16.1,-3.4,equsto,https://www.mutbex.com/oztiryakiler-elektrikli-grill-plate-oluklu-krom-kapli-40x90x30-cm-oge-4090-n-c
7864.N1.80903.17,"900 SERİ SET ÜSTÜ GRİLL PLATE DÜZ ELEKTRİKLİ  80*90*30",pisirme,64121,76428,79975,-16.1,-19.8,equsto,https://www.mutbex.com/oztiryakiler-elektrikli-grill-plate-duz-80x90x30-cm-oge-8090
7864.N1.80903.17C,"900 SERİ SET ÜSTÜ GRİLL PLATE DÜZ ELEKTRİKLİ 80*90*30-SERT KROM KAPLI",pisirme,77280,92112,79975,-16.1,-3.4,equsto,https://www.mutbex.com/oztiryakiler-elektrikli-grill-plate-duz-sert-krom-kapli-80x90x30-cm-oge-8090-c
7864.N1.80903.14,"900 SERİ SET ÜSTÜ GRİLL PLATE Y.OLUKLU ELEKTRİKLİ 80*90*30",pisirme,65485,78054,82778,-16.1,-20.9,equsto,https://www.mutbex.com/oztiyakiler-elektrikli-grill-plate-yari-oluklu-80x90x30-cm-oge-8090-1-2-n
7864.N1.80903.14C,"900 SERİ SET ÜSTÜ GRİLL PLATE Y.OLUKLU ELEKTRİKLİ 80*90*30-SERT KROM KAPLI",pisirme,79988,95340,82778,-16.1,-3.4,equsto,https://www.mutbex.com/oztiryakiler-elektrikli-grill-plate-yari-oluklu-80x90x30-cm-oge-8090-1-2-n-c
7864.N1.80903.11,"900 SERİ SET ÜSTÜ GRİLL PLATE OLUKLU ELEKTRİKLİ 80*90*30",pisirme,68136,81213,70512,-16.1,-3.4,equsto,https://www.mutbex.com/oztiryakiler-elektrikli-grill-plate-oluklu-80x90x30-cm-oge-8090-n
7864.N1.80903.11C,"900 SERİ SET ÜSTÜ GRİLL PLATE OLUKLU ELEKTRİKLİ 80*90*30-SERT KROM KAPLI",pisirme,82025,97767,84885,-16.1,-3.4,equsto,https://www.mutbex.com/oztiryakiler-elektrikli-grill-plate-oluklu-krom-kapli-80x90x30-cm-oge-8090-n-c
7864.N1.40903.12,"900 SERİ SET ÜSTÜ LAVATAŞLI IZGARA GAZLI 40*90*30",pisirme,40187,47899,,-16.1,,equsto,https://www.mutbex.com/oztiryakiler-lavatasli-gazli-izgara-409030
7864.N1.80903.20,"900 SERİ SET ÜSTÜ LAVATAŞLI IZGARA GAZLI 80*90*30",pisirme,65696,78305,,-16.1,,equsto,https://www.mutbex.com/oztiryakiler-lavatasli-gazli-izgara-809030
7864.N1.40903.72,"900 SERİ SET ÜSTÜ DOKUM IZGARA GAZLI V2 MODEL 40*90*30",pisirme,38842,46296,,-16.1,,equsto,https://www.mutbex.com/oztiryakiler-dokum-izgara-gazli-40x90x30-odg-4090
7864.N1.80903.72,"900 SERİ SET ÜSTÜ DOKUM IZGARA GAZLI V2 MODEL 80*90*30",pisirme,68827,82038,,-16.1,,equsto,https://www.mutbex.com/oztiryakiler-dokum-izgara-gazli-80x90x30-cm-odg-8090-e
7864.N1.12903.72,"900 SERİ SET ÜSTÜ DOKUM IZGARA GAZLI V2 MODEL 120*90*30",pisirme,100831,120183,,-16.1,,equsto,https://www.mutbex.com/oztiryakiler-dokum-izgara-gazli-120x90x30-cm-odg-12090e
2864.N1.90802.IZ,"ÇUBUK IZGARA YENİ 900 80*90 DÖKÜM IZGARA İÇİN 650*540*20",pisirme,5000,5919,,-15.5,,equsto,https://www.mutbex.com/oztriyakiler-cubuk-izgara-yeni-900-seri-80x90-cm-dokum-izgara-icin-65x54x2-cm
7856.N1.40908.02,"900 SERİ FRİTÖZ DOLAPLI ELEKTRİKLİ 40*90*85",pisirme,69404,82724,71824,-16.1,-3.4,equsto,https://www.mutbex.com/oztiryakiler-elektrikli-fritoz-dolapli-tekli-40x90x85-cm-ofei-4090
7856.N1.80908.02,"900 SERİ FRİTÖZ DOLAPLI ELEKTRİKLİ 80*90*85",pisirme,123613,147338,124083,-16.1,-0.4,equsto,https://www.mutbex.com/oztiryakiler-elektrikli-dolapli-ciftli-80x90x85-cm-ofei-8090
7856.N1.40908.04,"900 SERİ FRİTÖZ DOLAPLI GAZLI 40*90*85",pisirme,71171,84831,73653,-16.1,-3.4,equsto,https://www.mutbex.com/oztiryakiler-gazli-fritoz-dolapli-tekli-40x90x85-cm-ofgi-4090
7856.N1.80908.14,"900 SERİ FRİTÖZ DOLAPLI GAZLI 80*90*85",pisirme,123556,147269,127864,-16.1,-3.4,equsto,https://www.mutbex.com/oztiryakiler-gazli-fritoz-dolapli-ciftli-80x90x85-cm-ofgi-8090
7858.N1.40908.23,"900 SERİ MAKARNA FRİTÖZÜ DOLAPLI GAZLI 40*90*85",pisirme,76223,90853,78882,-16.1,-3.4,equsto,https://www.mutbex.com/oztiryakiler-gazli-makarna-fritozu-dolapli-tekli-40x90x85-cm-omg-4090
7858.N1.80908.23,"900 SERİ MAKARNA FRİTÖZÜ DOLAPLI GAZLI 80*90*85",pisirme,132853,158351,,-16.1,,equsto,https://www.mutbex.com/oztiryakiler-gazli-makarna-fritozu-dolapli-ciftli-80x90x85-cm-omg-8090
7858.N1.40908.11,"900 SERİ MAKARNA FRİTÖZÜ DOLAPLI ELEKTRİKLİ 40*90*85",pisirme,67138,80023,,-16.1,,equsto,https://www.mutbex.com/oztiryakiler-elektrikli-makarna-fritozu-dolapli-tekli-40x90x85-cm-ome-4090
7858.N1.80908.11,"900 SERİ MAKARNA FRİTÖZÜ DOLAPLI ELEKTRİKLİ 80*90*85",pisirme,118560,141316,122696,-16.1,-3.4,equsto,https://www.mutbex.com/oztiryakiler-elektrikli-makarna-fritozu-dolapli-ciftli-80x90x85-cm-ome-8090
7831.N1.40903.01,"900 SERİ SET ÜSTÜ PATATES DİNLENDİRME ELEKTRİKLİ 40*90",pisirme,20728,24705,,-16.1,,equsto,https://www.mutbex.com/oztiryakiler-set-ustu-patates-dinlendirme-makinesi-40x90x28-cm
7854.N1.40903.13,"900 SERİ SET ÜSTÜ BAİN MARIE GAZLI 40*90*30-GN KAPLAR HARİÇ",pisirme,27258,32490,,-16.1,,equsto,https://www.mutbex.com/oztiryakiler-yeni-900-set-ustu-bain-marie-gazli-40x90x30-gn-kaplar-haric-obg-4090
7854.N1.80903.13,"900 SERİ SET ÜSTÜ BAİN MARIE GAZLI 80*90*30-GN KAPLAR HARİÇ",pisirme,31792,37893,,-16.1,,equsto,https://www.mutbex.com/oztiryakiler-yeni-900-set-ustu-bain-marie-gazli-80x90x30-gn-kaplar-haric-obg-8090
7854.N1.40903.11,"900 SERİ SET ÜSTÜ BAİN MARIE ELEKTRİKLİ 40*90*30-GN KAPLAR HARİÇ",pisirme,24089,28712,24929,-16.1,-3.4,equsto,https://www.mutbex.com/oztiryakiler-set-ustu-elektrikli-bain-marie-40x90x28-obe-4090
7854.N1.80903.11,"900 SERİ SET ÜSTÜ BAİN MARIE ELEKTRİKLİ 80*90*30-GN KAPLAR HARİÇ",pisirme,31504,37550,32602,-16.1,-3.4,equsto,https://www.mutbex.com/oztiryakiler-yeni-900-serisi-set-ustu-elektrikli-bain-marie-80x90x30-gn-kaplar-haric-obe-8090
7855.N1.80908.01,"900 SERİ KAYNATMA TENCERESİ İNDİREKT GAZLI 100 LT. 80*90*85",pisirme,209690,279055,242286,-24.9,-13.5,equsto,https://www.mutbex.com/oztiryakiler-900-seri-indirekt-kaynatma-tenceresi-gazli-100-lt-809085-otgi-100
7855.N1.80908.02,"900 SERİ KAYNATMA TENCERESİ İNDİREKT GAZLI 150 LT. 80*90*85",pisirme,219527,292144,253650,-24.9,-13.5,equsto,https://www.mutbex.com/oztiryakiler-indirekt-kaynatma-tenceresi-150-lt-otgi-150
7855.N1.10908.03,"900 SERİ KAYNATMA TENCERESİ İNDİREKT GAZLI 250 LT. 100*90*85",pisirme,269413,358533,311292,-24.9,-13.5,equsto,https://www.mutbex.com/oztiryakiler-900-seri-indirekt-kaynatma-tenceresi-gazli-250-lt-1009085-otgi-250
7855.N1.80908.11,"900 SERİ KAYNATMA TENCERESİ DİREKT GAZLI 100 LT. 80*90*85",pisirme,159938,212845,,-24.9,,equsto,https://www.mutbex.com/oztiryakiler-otgd-100-direkt-kaynatma-tenceresi-gazli-80x90x85-cm
7855.N1.80908.12,"900 SERİ KAYNATMA TENCERESİ DİREKT GAZLI 150 LT. 80*90*85",pisirme,162973,216884,,-24.9,,equsto,https://www.mutbex.com/oztiryakiler-900-seri-direkt-kaynatma-tenceresi-gazli-150-lt-809085-otgd-150
7855.N1.10908.13,"900 SERİ KAYNATMA TENCERESİ DİREKT GAZLI 250 LT. 100*90*85",pisirme,206886,275323,239045,-24.9,-13.5,equsto,https://www.mutbex.com/oztiryakiler-900-seri-direkt-kaynatma-tenceresi-gazli-250-lt-1009085-otgd-250
7855.N1.80908.04,"900 SERİ KAYNATMA TENCERESİ İNDİREKT ELEKTRİKLİ 100 LT. 80*90*85",pisirme,190442,253440,220046,-24.9,-13.5,equsto,https://www.mutbex.com/oztiryakiler-900-seri-indirekt-kaynatma-tenceresi-elektrikli-100-lt-809085-otei-100
7855.N1.80908.05,"900 SERİ KAYNATMA TENCERESİ İNDİREKT ELEKTRİKLİ 150 LT. 80*90*85",pisirme,192383,256022,,-24.9,,equsto,https://www.mutbex.com/oztiryakiler-900-seri-indirekt-kaynatma-tenceresi-elektrikli-150-lt-809085-otei-150
7855.N1.10908.07,"900 SERİ KAYNATMA TENCERESİ İNDİREKT ELEKTRİKLİ 250 LT. 100*90*85",pisirme,251184,334273,,-24.9,,equsto,https://www.mutbex.com/oztiryakiler-900-seri-indirekt-kaynatma-tenceresi-elektrikli-250-lt-1009085-otei-250
7855.N1.10118.13,"KAYNATMA TENCERESİ DİREKT GAZLI 250 LT. 100*110*85-SİLİNDİRİK KAZANLI",pisirme,188350,250654,,-24.9,,equsto,https://www.mutbex.com/oztiryakiler-direkt-gazli-kaynatma-tenceresi-silindirik-kazanli-gazli-250-lt-100x110x85-cm-otgdr-250
7855.N1.10118.03,"KAYNATMA TENCERESİ İNDİREKT GAZLI 250 LT. 100*110*85-SİLİNDİRİK KAZANLI",pisirme,236719,315024,,-24.9,,equsto,https://www.mutbex.com/oztiryakiler-indirekt-gazli-kaynatma-tenceresi-silindirik-kazanli-250-lt-100x110x85-cm-otgir-250
7855.N1.10118.07,"KAYNATMA TENCERESİ İNDİREKT ELEKTRİKLİ 250 LT. 100*110*85-SİLİNDİRİK KAZANLI",pisirme,221600,294905,,-24.9,,equsto,https://www.mutbex.com/oztiryakiler-indirekt-elektrikli-kaynatma-tenceresi-silindirik-kazanli-250-lt-100x110x85-cm-oteir-250
7855.00300.01,"KAYNATMA TENCERESI INDIREKT GAZLI 300 LT.-SABIT MODEL",pisirme,410142,545814,,-24.9,,equsto,https://www.mutbex.com/oztiryakiler-indirekt-gazli-kaynatma-tenceresi-300-lt-sabit-model-otgi-300
7855.00400.01,"KAYNATMA TENCERESI INDIREKT GAZLI 400 LT.-SABIT MODEL",pisirme,415982,553586,,-24.9,,equsto,https://www.mutbex.com/oztiryakiler-indirekt-gazli-kaynatma-tenceresi-400-lt-sabit-model-otgi-400
7855.00500.01,"KAYNATMA TENCERESI INDIREKT GAZLI 500 LT.-SABIT MODEL",pisirme,453037,566359,,-20,,equsto,https://www.mutbex.com/oztiryakiler-indirekt-gazli-kaynatma-tenceresi-500-lt-sabit-model-otgi-500
7855.00300.02,"KAYNATMA TENCERESI INDIREKT ELEKTRİKLİ 300 LT.-SABIT MODEL",pisirme,397330,528763,,-24.9,,equsto,https://www.mutbex.com/oztiryakiler-indirekt-elektrikli-kaynatma-tenceresi-300-lt-sabit-model-otei-300
7855.00400.02,"KAYNATMA TENCERESI INDIREKT ELEKTRİKLİ 400 LT.-SABIT MODEL",pisirme,417730,555912,,-24.9,,equsto,https://www.mutbex.com/oztiryakiler-kaynatma-tenceresi-indirekt-elektrikli-400-lt-sabit-model
7855.00500.02,"KAYNATMA TENCERESİ İNDİREKT ELEKTRİKLİ SİLİNDİRİK KAZANLI-SABİT 500 LT.",pisirme,444566,591625,,-24.9,,equsto,https://www.mutbex.com/oztiryakiler-indirekt-elektrikli-kaynatma-tenceresi-silindirik-kazanli-500-lt-sabit-model-otei-500
7867.N1.80908.01,"900 SERİ DEVRİLİR TAVA GAZLI 80 LT. 80*90*85-ELEKTRONİK ATEŞLEMELİ",pisirme,227633,271322,235571,-16.1,-3.4,equsto,https://www.mutbex.com/oztiryakiler-devrili-tava-gazli-otg-80
7867.N1.10908.02,"900 SERİ DEVRİLİR TAVA GAZLI 100 LT. 100*90*85-ELEKTRONİK ATEŞLEMELİ",pisirme,223849,266811,231655,-16.1,-3.4,equsto,https://www.mutbex.com/oztiryakiler-devrilir-tava-gazli-otg-100
7867.N1.12908.03,"900 SERİ DEVRİLİR TAVA GAZLI 130 LT. 120*90*85-ELEKTRONİK ATEŞLEMELİ",pisirme,261269,311413,270380,-16.1,-3.4,equsto,https://www.mutbex.com/oztiryakiler-900-seri-devrilir-tava-gazli-130-lt-1209085-elektronik-ateslemeli-otg-130
7867.N1.16908.14,"900 SERİ DEVRİLİR TAVA GAZLI -ELEKTRİK KALDIRMA MOTORLU 205 LT. 160*90*85-ELEKTRONİK ATEŞLEMELİ",pisirme,362771,432397,,-16.1,,equsto,https://www.mutbex.com/oztiryakiler-900-seri-devrilir-tava-gazli-205-lt-1609085-elektronik-ateslemeli-otg-205
7867.N1.80908.04,"900 SERİ DEVRİLİR TAVA ELEKTRİKLİ 80 LT. 80*90*85",pisirme,200162,238580,207143,-16.1,-3.4,equsto,https://www.mutbex.com/900-seri-devrilir-tava-elektrikli-80-lt-809085-ote-80
7867.N1.10908.05,"900 SERİ DEVRİLİR TAVA ELEKTRİKLİ 100 LT. 100*90*85",pisirme,205868,245380,213048,-16.1,-3.4,equsto,https://www.mutbex.com/oztiryakiler-900-seri-devrilir-tava-elektrikli-100-lt-1009085-ote-100
7867.N1.12908.06,"900 SERİ DEVRİLİR TAVA ELEKTRİKLİ 130 LT. 120*90*85",pisirme,240349,286479,,-16.1,,equsto,https://www.mutbex.com/oztiryakiler-900-seri-devrilir-tava-elektrikli-130-lt-1209085-ote-130
7867.N1.16908.18,"900 SERİ DEVRİLİR TAVA ELEKTRİKLİ -ELEKTRİK KALDIRMA MOTORLU 205 LT. 160*90*85",pisirme,333574,397595,,-16.1,,equsto,https://www.mutbex.com/oztiryakiler-devrilir-tava-elektrikli-kaldirma-motorlu-otme-205
7855.150LE.02,"DEVRILIR KAYNATMA TENCERESI INDIREKT ELEKTRİKLİ 150 LT.",pisirme,633049,842458,,-24.9,,equsto,https://www.mutbex.com/oztiryakiler-devrilir-kaynatma-tenceresi-indirekt-elektrikli-150-lt-okteid-150
7855.200LE.02,"DEVRILIR KAYNATMA TENCERESI INDIREKT ELEKTRİKLİ 200 LT.",pisirme,717091,954300,,-24.9,,equsto,https://www.mutbex.com/oztiryakiler-devrilir-kaynatma-tenceresi-indirekt-elektrikli-200-lt-okdeid-200
7855.100LG.01,"DEVRİLİR KAYNATMA TENCERESİ İNDİREKT GAZLI 100 LT.",pisirme,658733,876637,,-24.9,,equsto,https://www.mutbex.com/oztiryakiler-devrilir-kaynatma-tenceresi-indirekt-gazli-100-lt-oktgid-100
7855.150LG.01,"DEVRILIR KAYNATMA TENCERESI INDIREKT GAZLI 150 LT.",pisirme,664380,884152,,-24.9,,equsto,https://www.mutbex.com/oztiryakiler-devrilir-kaynatma-tenceresi-indirekt-gazli-150-lt-oktgid-150
7855.500LG.01,"DEVRILIR KAYNATMA TENCERESI INDIREKT GAZLI 500 LT.",pisirme,861124,1145978,,-24.9,,equsto,https://www.mutbex.com/oztiryakiler-oktgid-500-devrilir-kaynatma-tenceresi-indirekt-gazli
7855.00500.00,"KAZAN KROM CELIK BUHARLI 500 LITRE",pisirme,245574,326809,283747,-24.9,-13.5,equsto,https://www.mutbex.com/oztiryakiler-buharli-kaynatma-kazani-500-lt-okbt-500
7855.00400.00,"KAZAN KROM ÇELİK BUHARLI 400 LITRE",pisirme,228458,304031,263971,-24.9,-13.5,equsto,https://www.mutbex.com/oztiryakiler-buharli-kaynatma-kazani-okbt-400
7865.N1.80708.10L,"700 SERİ KUZİNE FIRINLI GAZLI 4 AÇIK ATEŞ 80*70*85 (L)-4x6kW+7kW GAZLI FIRIN",pisirme,96470,114985,,-16.1,,equsto,https://www.mutbex.com/oztiryakiler-700-seri-gazli-firinli-kuzine-4-gozlu-gazli-ocak-osogf-8070-l
7865.N1.80708.10EL,"700 SERİ KUZİNE FIRINLI GAZLI 4 AÇIK ATEŞ 80*70*85 (L)-4x6kW+6kW ELEKTRİKLİ FIRIN",pisirme,93973,112009,,-16.1,,equsto,https://www.mutbex.com/oztiryakiler-700-seri-elektrikli-firinli-kuzine-4-gozlu-gazli-ocak-osogef-8070-l
7865.N1.80708.10LP,"700 SERİ KUZİNE FIRINLI GAZLI 4 AÇIK ATEŞ 80*70*85 (LP)-2x6kW+2x7,5kW+7kW GAZLI FIRIN",pisirme,96720,115283,,-16.1,,equsto,https://www.mutbex.com/oztiryakiler-700-seri-gazli-firinli-kuzine-4-gozlu-gazli-ocak-osogf-8070-lp
7865.N1.80708.10ELP,"700 SERİ KUZİNE FIRINLI GAZLI 4 AÇIK ATEŞ 80*70*85 (LP)-2x6kW+2x7,5kW+6kW ELEKTRİKLİ FIRIN",pisirme,94223,112307,,-16.1,,equsto,https://www.mutbex.com/oztiryakiler-700-seri-elektrikli-firinli-kuzine-4-gozlu-gazli-ocak-osogef-8070-lp
7865.N1.80708.10LS,"700 SERİ KUZİNE FIRINLI GAZLI 4 AÇIK ATEŞ 80*70*85 (LS)-4x7,5kW+7kW GAZLI FIRIN",pisirme,96970,115581,,-16.1,,equsto,https://www.mutbex.com/oztiryakiler-700-seri-gazli-firinli-kuzine-4-gozlu-gazli-ocak-osogf-8070-ls
7865.N1.80708.10ELS,"700 SERİ KUZİNE FIRINLI GAZLI 4 AÇIK ATEŞ 80*70*85 (LS)-4x7,5kW+6kW ELEKTRİKLİ FIRIN",pisirme,94472,112604,,-16.1,,equsto,https://www.mutbex.com/oztiryakiler-700-seri-elektrikli-firinli-kuzine-4-gozlu-gazli-ocak-osogef-8070-ls
7865.N1.40703.33L,"700 SERİ SET ÜSTÜ İKİLİ OCAK GAZLI 40*70*30 (L) -2x6 kW",pisirme,29122,32607,,-10.7,,equsto,https://www.mutbex.com/oztiryakiler-700-seri-set-ustu-ikili-gazli-ocak-osog-4070-l
7865.N1.80703.35L,"700 SERİ SET ÜSTÜ DÖRTLÜ OCAK GAZLI 80*70*30 (L)-4x6 kW",pisirme,49465,55385,,-10.7,,equsto,https://www.mutbex.com/oztiryakiler-700-seri-set-ustu-dortlu-gazli-ocak-osog-8070-l
7865.N1.40703.33LP,"700 SERİ SET ÜSTÜ İKİLİ OCAK GAZLI 40*70*30 (LP) -6 kW+7,5kW",pisirme,29448,32973,,-10.7,,equsto,https://www.mutbex.com/oztiryakiler-700-seri-set-ustu-ikili-gazli-ocak-osog-4070-lp
7865.N1.80703.35LP,"700 SERİ SET ÜSTÜ DÖRTLÜ OCAK GAZLI 80*70*30 (LP)-2x6kW+2x7,5kW",pisirme,49733,55686,,-10.7,,equsto,https://www.mutbex.com/oztiryakiler-700-seri-set-ustu-dortlu-gazli-ocak-osog-8070-lp
7865.N1.40703.33LS,"700 SERİ SET ÜSTÜ İKİLİ OCAK GAZLI 40*70*30 (LS) -2x7,5 kW",pisirme,29621,33166,,-10.7,,equsto,https://www.mutbex.com/oztiryakiler-700-seri-set-ustu-ikili-gazli-ocak-osog-4070-ls
7865.N1.80703.35LS,"700 SERİ SET ÜSTÜ DÖRTLÜ OCAK GAZLI 80*70*30 (LS)-4x7,5kW",pisirme,51232,57364,,-10.7,,equsto,https://www.mutbex.com/oztiryakiler-700-seri-set-ustu-dortlu-gazli-ocak-osog-8070-ls
7865.N1.12708.10L,"700 SERİ KUZİNE FIRINLI GAZLI 6 AÇIK ATEŞ 120*70*85 (LS)-6x6 kW+7 kW GAZLI FIRIN",pisirme,121846,145232,,-16.1,,equsto,https://www.mutbex.com/oztiryakiler-700-seri-gazli-firinli-kuzine-6-gozlu-gazli-ocak-120x70x85-cm-osogf-12070-l
7865.N1.12708.10LP,"700 SERİ KUZİNE FIRINLI GAZLI 6 AÇIK ATEŞ 120*70*85 (LP)-3x6 kW+3x7,5 kW +7 kW GAZLI FIRIN",pisirme,136427,162610,,-16.1,,equsto,https://www.mutbex.com/oztiryakiler-700-seri-gazli-firinli-kuzine-6-gozlu-gazli-ocak-120x70x85-cm-osogf-12070-lp
7865.N1.12708.10LS,"700 SERİ KUZİNE FIRINLI GAZLI 6 AÇIK ATEŞ 120*70*85 (LS)-6x7,5 kW +7 kW GAZLI FIRIN",pisirme,137118,163434,,-16.1,,equsto,https://www.mutbex.com/oztiryakiler-700-seri-gazli-firinli-kuzine-6-gozlu-gazli-ocak-120x70x85-cm-osogf-12070-ls
7865.N1.12708.12L,"700 SERİ KUZİNE FIRINLI GAZLI 4 AÇIK ATEŞ +1/3 KAPALI DÖKÜM 120*70*85 (L)",pisirme,153560,183033,,-16.1,,equsto,https://www.mutbex.com/oztiryakiler-700-seri-gazli-firinli-kuzine-4-gozlu-gazli-ocak-1-kapali-dokum-120x70x85-cm-osogf-12070-13-c
7865.N1.12708.50L,"700 SERİ KUZİNE BÜYÜK FIRINLI GAZLI 6 AÇIK ATEŞ 120*70*85 (L)-6x6 kW+13 kW GAZLI FIRIN",pisirme,142093,169364,,-16.1,,equsto,https://www.mutbex.com/oztiryakiler-700-seri-gazli-firinli-kuzine-6-gozlu-gazli-ocak-120x70x85-cm-osogf-12070-sl
7865.N1.12708.50LP,"700 SERİ KUZİNE BÜYÜK FIRINLI GAZLI 6 AÇIK ATEŞ 120*70*85 (LP)-3x6 Kw+3x7,5 kW+13 kW GAZLI FIRIN",pisirme,142247,169547,,-16.1,,equsto,https://www.mutbex.com/oztiryakiler-700-seri-gazli-firinli-kuzine-6-gozlu-gazli-ocak-120x70x85-cm-osogf-12070-slp
7865.N1.12708.50LS,"700 SERİ KUZİNE BÜYÜK FIRINLI GAZLI 6 AÇIK ATEŞ 120*70*85 (LS)-6x7,5 kW+13 kW GAZLI FIRIN",pisirme,127398,151849,,-16.1,,equsto,https://www.mutbex.com/oztiryakiler-700-seri-gazli-firinli-kuzine-6-gozlu-gazli-ocak-120x70x85-cm-osogf-12070-sls
7865.N1.80708.02,"700 SERİ KUZİNE FIRINLI ELEKTRİKLİ 4 YUV.BÜYÜK PLATE 80*70*85",pisirme,75397,89868,,-16.1,,equsto,https://www.mutbex.com/oztiryakiler-firinli-elektrikli-kuzine-osoef-8070
7865.N1.40703.12,"700 SERİ SET ÜSTÜ OCAK ELEKTRİKLİ 40*70",pisirme,19594,21939,,-10.7,,equsto,https://www.mutbex.com/oztiryakiler-set-ustu-elektrikli-ocak-ikili-40x70x28-cm-osoe-4070
7865.N1.80703.14,"700 SERİ SET ÜSTÜ DÖRTLÜ OCAK ELEKTRİKLİ 80*70*30",pisirme,32196,36049,33318,-10.7,-3.4,equsto,https://www.mutbex.com/oztiryakiler-set-ustu-elektrikli-ocak-dortlu-80x70x30-cm-osoe-8070
7865.N1.40703.WK,"700 SERİ SET ÜSTÜ WOK OCAK TEKLİ GAZLI 40*70*30-14 KW",pisirme,24916,29697,25784,-16.1,-3.4,equsto,https://www.mutbex.com/oztiryakiler-700-serisi-set-ustu-wok-ocak-tekli-40x70x28-cm-owg-4070
7865.N1.80703.WK,"700 SERİ SET ÜSTÜ WOK OCAK İKİLİ GAZLI 80*70*30-28 KW",pisirme,44854,50223,,-10.7,,equsto,https://www.mutbex.com/oztiryakiler-700-serisi-set-ustu-wok-ocak-ikili-70x80x28-cm-owg-8070
7865.N1.40703.22,"700 SERİ SET ÜSTÜ OCAK KAPALI DÖKÜM GAZLI 40*70*30",pisirme,30275,36085,,-16.1,,equsto,https://www.mutbex.com/oztiryakiler-700-seri-set-ustu-ocak-kapali-dokum-gazli-40x70x30-cm
7865.N1.80703.22,"700 SERİ SET ÜSTÜ OCAK KAPALI DÖKÜM GAZLI 80*70*30",pisirme,95592,102973,,-7.2,,equsto,https://www.mutbex.com/oztiryakiler-700-seri-setustu-ocak-kapali-dokum-gazli-70x80x30-cm-osog-8070-c
7865.N1.40703.IS,"700 SERİ SET ÜSTÜ INDUKSIYON OCAK ELEKTRİKLİ 40*70*30",pisirme,63679,75901,,-16.1,,equsto,https://www.mutbex.com/oztiryakiler-induksiyonlu-ocak-tekli-40x70x30-cm-osi-4070
7865.N1.80703.IS,"700 SERİ SET ÜSTÜ INDUKSIYON OCAK ELEKTRİKLİ 80*70*30",pisirme,120886,144087,125101,-16.1,-3.4,equsto,https://www.mutbex.com/oztiryakiler-set-ustu-induksiyon-ocak-elektrikli-80x70x30-cm-osi-8070
7865.N1.40703.CS,"700 SERİ SET ÜSTÜ SERAN OCAK ELEKTRİKLİ 40*70*30",pisirme,62124,74047,,-16.1,,equsto,https://www.mutbex.com/oztiryakiler-infrared-seramik-ocak-ikili-40x70x30-cm-osc-4070
7865.N1.80703.CS,"700 SERİ SET ÜSTÜ SERAN OCAK ELEKTRİKLİ 80*70*30",pisirme,115122,137218,119138,-16.1,-3.4,equsto,https://www.mutbex.com/oztiryakiler-infrared-seramik-ocak-dortlu-80x70x30-cm-osc-8070
7864.N1.40703.06,"700 SERİ SET ÜSTÜ GRİLL PLATE DÜZ GAZLI 40*70*30",pisirme,40782,45663,,-10.7,,equsto,https://www.mutbex.com/oztiryakiler-gazli-grill-plate-duz-40x70x30-cm-ogg-4070
7864.N1.40703.06C,"700 SERİ SET ÜSTÜ GRİLL PLATE DÜZ GAZLI 40*70*30-SERT KROM KAPLI",pisirme,46564,55501,,-16.1,,equsto,https://www.mutbex.com/oztiryakiler-gazli-grill-plate-duz-sert-krom-kapli-40x70x30-cm-ogg-4070
7864.N1.40703.03,"700 SERİ SET ÜSTÜ GRİLL PLATE OLUKLU GAZLI 40*70*30",pisirme,43049,48201,,-10.7,,equsto,https://www.mutbex.com/oztiryakiler-gazli-grill-plate-oluklu-40x70x30-cm-ogg-4070-n
7864.N1.40703.03C,"700 SERİ SET ÜSTÜ GRİLL PLATE OLUKLU GAZLI 40*70*30-SERT KROM KAPLI",pisirme,48830,58203,,-16.1,,equsto,https://www.mutbex.com/oztiryakiler-gazli-grill-plate-oluklu-40x70x30-cm-krom-kapli-ogg-4070-n
7864.N1.80703.19,"700 SERİ SET ÜSTÜ GRİLL PLATE DÜZ GAZLI 80*70*30",pisirme,66215,78924,,-16.1,,equsto,https://www.mutbex.com/oztiryakiler-gazli-grill-plate-duz-80x70x30-cm-ogg-8070
7864.N1.80703.19C,"700 SERİ SET ÜSTÜ GRİLL PLATE DÜZ GAZLI 80*70*30-SERT KROM KAPLI",pisirme,78432,93486,,-16.1,,equsto,https://www.mutbex.com/oztiryakiler-gazli-grill-plate-duz-80x70x30-cm-krom-kapli-ogg-8070
7864.N1.80703.16,"700 SERİ SET ÜSTÜ GRİLL PLATE Y.OLUKLU GAZLI 80*70*30",pisirme,68098,81168,,-16.1,,equsto,https://www.mutbex.com/oztiryakiler-gazli-grill-plate-yari-oluklu-80x70x30-cm-ogg-8070-1-2-n
7864.N1.80703.16C,"700 SERİ SET ÜSTÜ GRİLL PLATE Y.OLUKLU GAZLI 80*70*30-SERT KROM KAPLI",pisirme,80756,96256,,-16.1,,equsto,https://www.mutbex.com/oztiryakiler-gazli-grill-plate-yari-oluklu-80x70x30-cm-krom-kapli-ogg-8070-1-2-n
7864.N1.80703.13,"700 SERİ SET ÜSTÜ GRİLL PLATE OLUKLU GAZLI 80*70*30",pisirme,71344,85037,,-16.1,,equsto,https://www.mutbex.com/oztiryakiler-gazli-grill-plate-oluklu-80x70x30-cm-ogg-8070-n
7864.N1.80703.13C,"700 SERİ SET ÜSTÜ GRİLL PLATE OLUKLU GAZLI 80*70*30-SERT KROM KAPLI",pisirme,83580,99622,,-16.1,,equsto,https://www.mutbex.com/oztiryakiler-gazli-grill-plate-oluklu-80x70x30-cm-krom-kapli-ogg-8070-n
7864.N1.40703.04,"700 SERİ SET ÜSTÜ GRİLL PLATE DÜZ ELEKTRİKLİ 40*70*30",pisirme,35826,40114,,-10.7,,equsto,https://www.mutbex.com/oztiryakiler-elektrikli-grill-plate-duz-40x70x30-cm-oge-4070
7864.N1.40703.04C,"700 SERİ SET ÜSTÜ GRİLL PLATE DÜZ ELEKTRİKLİ 40*70*30- SERT KROM KAPLI",pisirme,39917,47579,,-16.1,,equsto,https://www.mutbex.com/oztiryakiler-elektrikli-grill-plate-duz-40x70x30-cm-krom-kapli-oge-4070-c
7864.N1.40703.01,"700 SERİ SET ÜSTÜ GRİLL PLATE OLUKLU ELEKTRİKLİ 40*70*30",pisirme,37997,45289,39322,-16.1,-3.4,equsto,https://www.mutbex.com/oztiryakiler-elektrikli-grill-plate-oluklu-40x70x30-cm-oge-4070-n
7864.N1.40703.01C,"700 SERİ SET ÜSTÜ GRİLL PLATE OLUKLU ELEKTRİKLİ 40*70*30-SERT KROM KAPLI",pisirme,42145,50235,,-16.1,,equsto,https://www.mutbex.com/oztiryakiler-elektrikli-grill-plate-oluklu-40x70x30-cm-krom-kapli-oge-4070-n-c
7864.N1.80703.17,"700 SERİ SET ÜSTÜ GRİLL PLATE DÜZ ELEKTRİKLİ 80*70*30",pisirme,56917,63730,,-10.7,,equsto,https://www.mutbex.com/oztiryakiler-elektrikli-grill-plate-duz-80x70x30-cm-oge-8070
7864.N1.80703.17C,"700 SERİ SET ÜSTÜ GRİLL PLATE DÜZ ELEKTRİKLİ 80*70*30-SERT KROM KAPLI",pisirme,66754,79565,,-16.1,,equsto,https://www.mutbex.com/oztiryakiler-elektrikli-grill-plate-duz-80x70x30-cm-krom-kapli-oge-8070-c
7864.N1.80703.14,"700 SERİ SET ÜSTÜ GRİLL PLATE Y.OLUKLU ELEKTRİKLİ 80*70*30",pisirme,58819,70109,,-16.1,,equsto,https://www.mutbex.com/oztiryakiler-elektrikli-grill-plate-yari-oluklu-80x70x30-cm-oge-8070-1-2-n
7864.N1.80703.14C,"700 SERİ SET ÜSTÜ GRİLL PLATE Y.OLUKLU ELEKTRİKLİ 80*70*30-SERT KROM KAPLI",pisirme,68194,81282,,-16.1,,equsto,https://www.mutbex.com/oztiryakiler-elektrikli-grill-plate-yari-oluklu-80x70x30-cm-krom-kapli-oge-8070-1-2-n-c
7864.N1.80703.11,"700 SERİ SET ÜSTÜ GRİLL PLATE OLUKLU ELEKTRİKLİ 80*70*30",pisirme,62046,69473,,-10.7,,equsto,https://www.mutbex.com/oztiryakiler-elektrikli-grill-plate-oluklu-80x70x30-cm-oge-8070-n
7864.N1.80703.11C,"700 SERİ SET ÜSTÜ GRİLL PLATE OLUKLU ELEKTRİKLİ 80*70*30-SERT KROM KAPLI",pisirme,71056,84694,,-16.1,,equsto,https://www.mutbex.com/oztiryakiler-elektrikli-grill-plate-oluklu-80x70x30-cm-krom-kapli-oge-8070-n-c
7864.N1.40703.12,"700 SERİ SET ÜSTÜ LAVATAŞLI IZGARA GAZLI 40*70*30",pisirme,36805,41211,38089,-10.7,-3.4,equsto,https://www.mutbex.com/oztiryakiler-lavatasli-izgara-gazli-40x70x30-cm-olg-4070
7864.N1.80703.20,"700 SERİ SET ÜSTÜ LAVATAŞLI IZGARA GAZLI 80*70*30",pisirme,60260,71826,62362,-16.1,-3.4,equsto,https://www.mutbex.com/oztiryakiler-lavatasli-izgara-gazli-80x70x30-cm-olg-8070
7864.N1.40703.72,"700 SERİ SET ÜSTÜ DOKUM IZGARA GAZLI V2 MODEL 40*70*30",pisirme,34769,38931,,-10.7,,equsto,https://www.mutbex.com/oztiryakiler-dokum-izgara-gazli-40x70x30-cm-v2-model
7864.N1.80703.72,"700 SERİ SET ÜSTÜ DOKUM IZGARA GAZLI V2 MODEL 80*70*30",pisirme,68731,76958,,-10.7,,equsto,https://www.mutbex.com/oztiryakiler-odg-8070-e-set-ustu-dokum-izgara-gazli-v2-model-80x70x30-cm
7864.N1.80703.70,"700 SERİ SET ÜSTÜ DOKUM IZGARA GAZLI 80*70*30",pisirme,384190,123640,107349,210.7,257.9,cafemarkt,https://www.mutbex.com/oztiryakiler-dokum-izgara-gazli-80x70x30-cm-odg-8070
7864.N1.12703.72,"700 SERİ SET ÜSTÜ DOKUM IZGARA GAZLI V2 MODEL 120*70*30",pisirme,97085,115718,,-16.1,,equsto,https://www.mutbex.com/oztiryakiler-set-ustu-dokum-izgara-gazli-v2-model-120x70x30-cm
2864.N1.70802.IZ,"ÇUBUK IZGARA YENİ 700 80*70 DÖKÜM IZGARA ICIN 650*490*20",pisirme,6340,7482,,-15.3,,equsto,https://www.mutbex.com/oztiryakiler-cubuk-izgara-yeni-700-seri-80x70-cm-dokum-izgara-icin-65x49x2-cm-17487
7856.N1.40703.11,"700 SERİ SET ÜSTÜ FRİTÖZ ELEKTRİKLİ 40*70*30",pisirme,42684,47792,44172,-10.7,-3.4,equsto,https://www.mutbex.com/oztiryakiler-set-ustu-elektrikli-fritoz-tekli-40x70x30-cm-ofei-4070
7856.N1.80703.11,"700 SERİ SET ÜSTÜ FRİTÖZ ELEKTRİKLİ 80*70*30",pisirme,77722,87024,80432,-10.7,-3.4,equsto,https://www.mutbex.com/oztiryakiler-set-ustu-elektrikli-fritoz-ciftli-80x70x30-cm-ofei-8070
7856.N1.40703.03,"700 SERİ SET ÜSTÜ FRİTÖZ GAZLI 40*70*30",pisirme,45583,51040,,-10.7,,equsto,https://www.mutbex.com/oztiryakiler-set-ustu-gazli-fritoz-tekli-40x70x30-cm-ofgi-4070
7856.N1.80703.13,"700 SERİ SET ÜSTÜ FRİTÖZ GAZLI 80*70*30",pisirme,81448,91197,84289,-10.7,-3.4,equsto,https://www.mutbex.com/oztiryakiler-set-ustu-gazli-fritoz-ciftli-80x70x30-cm-ofgi-8070
7858.N1.40703.11,"700 SERİ SET ÜSTÜ MAKARNA FRİTÖZÜ ELEKTRİKLİ 40*70*30",pisirme,34788,38952,36002,-10.7,-3.4,equsto,https://www.mutbex.com/oztiryakiler-set-ustu-elektrikli-makarna-fritozu-40x70x30-cm-ome-4070
7854.N1.40703.13,"700 SERİ SET ÜSTÜ BAİN MARİE GAZLI 40*70*30-GN KAPLAR HARİÇ",pisirme,25876,30841,,-16.1,,equsto,https://www.mutbex.com/oztiryakiler-yeni-700-set-ustu-bain-marie-gazli-40x70x30-gn-kaplar-haric-obg-4070
7854.N1.80703.13,"700 SERİ SET ÜSTÜ BAİN MARİE GAZLI 80*70*30-GN KAPLAR HARİÇ",pisirme,29755,35466,,-16.1,,equsto,https://www.mutbex.com/oztiryakiler-yeni-700-set-ustu-bain-marie-gazli-80x70x30-gn-kaplar-haric-obg-8070
7854.N1.40703.11,"700 SERİ SET ÜSTÜ BAİN MARİE ELEKTRİKLİ 40*70*30-GN KAPLAR HARİÇ",pisirme,21688,24283,22444,-10.7,-3.4,equsto,https://www.mutbex.com/oztiryakiler-yeni-700-serisi-set-ustu-elektrikli-bain-marie-40x70x30-gn-kaplar-haric-obe-4070
7854.N1.80703.11,"700 SERİ SET ÜSTÜ BAİN MARİE ELEKTRİKLİ 80*70*30-GN KAPLAR HARİÇ",pisirme,29467,35123,,-16.1,,equsto,https://www.mutbex.com/oztiryakiler-yeni-700-serisi-set-ustu-elektrikli-bain-marie-80x70x30-gn-kaplar-haric-obe-8070
7855.N1.80708.04,"700 SERİ KAYNATMA TENCERESİ İNDİREKT GAZLI 60 LT. 80*70*85",pisirme,154444,205534,,-24.9,,equsto,https://www.mutbex.com/oztiryakiler-700-seri-indirekt-kaynatma-tenceresi-gazli-60-lt-807085-otgi-60
7855.N1.80708.14,"700 SERİ KAYNATMA TENCERESİ DİREKT GAZLI 60 LT. 80*70*85",pisirme,122269,162714,,-24.9,,equsto,https://www.mutbex.com/oztiryakiler-700-seri-direkt-kaynatma-tenceresi-gazli-60-lt-80-70-85-otgd-60
7855.N1.80708.01,"700 SERİ KAYNATMA TENCERESİ İNDİREKT ELEKTRİKLİ 60 LT. 80*70*85",pisirme,143130,190476,,-24.9,,equsto,https://www.mutbex.com/oztiryakiler-700-seri-indirekt-kaynatma-tenceresi-elektrikli-60-lt-80x70x85-cm-otei-60
0339.01313.01,"MAKARNA FRITÖZ SEPETİ 13*13*20",pisirme,3488,,3225,,8.2,cafemarkt,
7890.N1.60605.11,"600 SERİ SET ALTI FIRIN ELEKTRİKLİ 60*55*61",pisirme,30736,36079,,-14.8,,equsto,https://www.mutbex.com/oztiryakiler-elektrikli-firin-gn-1-1-oifne-6060
7865.N1.40603.33,"600 SERİ SET ÜSTÜ İKİLİ OCAK GAZLI 40*60*26",pisirme,18730,21542,,-13.1,,equsto,https://www.mutbex.com/oztiryakiler-gazli-setustu-ocak-osog-4060
7865.N1.60603.35,"600 SERİ SET ÜSTÜ DÖRTLÜ OCAK GAZLI 60*60*26",pisirme,29909,34416,,-13.1,,equsto,https://www.mutbex.com/oztiryakiler-gazli-setustu-ocak-osog-6060
7865.N1.40603.13,"600 SERİ SET ÜSTÜ OCAK ELEKTRİKLİ 40*60*26",pisirme,13678,16302,,-16.1,,equsto,https://www.mutbex.com/oztiryakiler-setustu-elektrikli-ocak-osoe-4060
7865.N1.60603.14,"600 SERİ SET ÜSTÜ OCAK DÖRTLÜ ELEKTRİKLİ 60*60*26",pisirme,21438,25552,,-16.1,,equsto,https://www.mutbex.com/oztiryakiler-setustu-elektrikli-ocak-osoe-6060
7865.N1.60608.02,"600 SERİ KUZİNE FIRINLI ELEKTRİKLİ 4 YUV. PLATE 60*60*85",pisirme,51424,60365,,-14.8,,equsto,https://www.mutbex.com/oztiryakiler-setustu-firinli-elektrikli-ocak-osoef-6060
7865.N1.40603.WK,"600 SERİ SET ÜSTÜ WOK OCAK GAZLI 40*60*26",pisirme,18056,21854,,-17.4,,equsto,https://www.mutbex.com/oztiryakiler-wok-ocak-owg-4060
7864.N1.60603.70,"600 SERİ SET ÜSTÜ DÖKÜM IZGARA GAZLI 60*60*26",pisirme,37344,44510,,-16.1,,equsto,https://www.mutbex.com/oztiryakiler-gazli-dokum-izgara-odg-6060
7864.N1.40603.06,"600 SERİ SET ÜSTÜ GRİLL PLATE DÜZ GAZLI 40*60*26",pisirme,25126,29948,,-16.1,,equsto,https://www.mutbex.com/oztiryakiler-gazli-izgara-ogg-4060
7864.N1.40603.03,"600 SERİ SET ÜSTÜ GRİLL PLATE OLUKLU GAZLI 40*60*26",pisirme,26663,31780,,-16.1,,equsto,https://www.mutbex.com/oztiryakiler-gazli-izgara-oluklu-ogg-4060n
7864.N1.60603.19,"600 SERİ SET ÜSTÜ GRİLL PLATE DÜZ GAZLI 60*60*26",pisirme,35346,42129,,-16.1,,equsto,https://www.mutbex.com/oztiryakiler-gazli-izgara-ogg-6060
7864.N1.40603.04,"600 SERİ SET ÜSTÜ GRİLL PLATE DÜZ ELEKTRİKLİ 40*60*26",pisirme,20419,24339,,-16.1,,equsto,https://www.mutbex.com/oztiryakiler-elektrikli-izgara-oge-4060
7864.N1.40603.01,"600 SERİ SET ÜSTÜ GRİLL PLATE OLUKLU ELEKTRİKLİ 40*60*26",pisirme,21976,26193,,-16.1,,equsto,https://www.mutbex.com/oztiryakiler-elektrikli-izgara-oluklu-oge-4060n
7864.N1.60603.17,"600 SERİ SET ÜSTÜ GRİLL PLATE DÜZ ELEKTRİKLİ 60*60*26",pisirme,26375,31437,,-16.1,,equsto,https://www.mutbex.com/oztiryakiler-elektrikli-izgara-oge-6060
7856.N1.40603.11,"600 SERİ SET ÜSTÜ FRİTÖZ ELEKTRİKLİ 40*60*26",pisirme,26548,29725,,-10.7,,equsto,https://www.mutbex.com/oztiryakiler-600-seri-elektrikli-fritoz-tekli-7-lt-40x60x24-cm-ofe-4060
7856.N1.60603.21,"600 SERİ SET ÜSTÜ FRİTÖZ ELEKTRİKLİ 60*60*26",pisirme,46103,51621,,-10.7,,equsto,https://www.mutbex.com/oztiryakiler-elektrikli-fritoz-ciftli-60x60x24-cm-ofe-6060n
7858.N1.40603.11,"600 SERİ SETÜSTÜ MAKARNA FRİTÖZÜ 40*60*26",pisirme,26375,31437,,-16.1,,equsto,https://www.mutbex.com/oztiryakiler-elektrikli-makarna-fritozu-ome-4060
7854.N1.40603.11,"600 SERİ SET ÜSTÜ BAİN MARİE ELEKTRİKLİ  40*60*26-GN KAPLAR HARİÇ",pisirme,17615,20996,,-16.1,,equsto,https://www.mutbex.com/oztiryakiler-elektrikli-bain-marie-obg-4060
7890.C1.10E11.01,"KONVEKSIYONLU KOMBİ FIRIN ELEKTRİKLİ 10*GN 1/1 KIZAKLI",pisirme,465389,546305,,-14.8,,equsto,https://www.mutbex.com/oztiryakiler-okfe-101-c-elektrikli-kombi-firin-10-x-gn-1-1
7890.C1.10E21.01,"KONVEKSIYONLU KOMBİ FIRIN ELEKTRİKLİ 10*GN 2/1 KIZAKLI",pisirme,510416,599161,,-14.8,,equsto,https://www.mutbex.com/oztiryakiler-okfe-102-c-elektrikli-kombi-firin-10-x-gn-2-1-tepsili
7890.C1.10G21.03,"KONVEKSIYONLU KOMBİ FIRIN GAZLI 10*GN 2/1 KIZAKLI",pisirme,573769,673529,,-14.8,,equsto,https://www.mutbex.com/oztiryakiler-okfg-102-c-gazli-kombi-firin-10-x-gn-2-1-tepsili
7890.C1.20E21.01,"KONVEKSIYONLU KOMBİ FIRIN ELEKTRİKLİ 20*GN 2/1 TEPSI KIT ARABALI",pisirme,803380,943062,,-14.8,,equsto,https://www.mutbex.com/oztiryakiler-okfe-202-c-elektrikli-kombi-firin-20-x-gn-2-1-kit-arabali
7890.C1.20G21.03,"KONVEKSIYONLU KOMBİ FIRIN GAZLI 20*GN 2/1 TEPSI KIT ARABALI",pisirme,867193,1017971,,-14.8,,equsto,https://www.mutbex.com/oztiryakiler-okfg-202-c-gazli-kombi-firin-20-x-gn-2-1-tepsili-kit-arabali
7890.20G21.03,"KONVEKSIYONLU FIRIN GAZLI 20*GN 2/1 KIZAKLI",pisirme,334476,392631,,-14.8,,equsto,https://www.mutbex.com/oztiryakiler-konveksiyonlu-gazli-firin-20-gn-2-1-kizakli-okfg-202
7890.20G21.01,"KONVEKSIYONLU FIRIN ELEKTRİKLİ 20*GN 2/1 KIZAKLI",pisirme,312385,366699,,-14.8,,equsto,https://www.mutbex.com/oztiryakiler-konveksiyonlu-elektrikli-firin-20-gn-2-1-kizakli-okfe-202
7890.20G21.03TK,"KONVEKSIYONLU FIRIN GAZLI 20*GN 2/1 KIZAKLI-KIT ARABALI",pisirme,402958,473019,,-14.8,,equsto,https://www.mutbex.com/oztiryakiler-konveksiyonlu-gazli-firin-20-gn-2-1-kizakli-kit-arabali-okfg-202
7890.20G21.01TK,"KONVEKSIYONLU FIRIN ELEKTRİKLİ 20*GN 2/1 KIZAKLI-KIT ARABALI",pisirme,380848,346620,,9.9,,mutbex,https://www.mutbex.com/oztiryakiler-konveksiyonlu-elektrikli-firin-20-gn-2-1-kizakli-kit-arabali-okfe-202
7890.10G21.03,"KONVEKSIYONLU FIRIN GAZLI 10*GN 2/1 KIZAKLI",pisirme,219852,258078,,-14.8,,equsto,https://www.mutbex.com/oztiryakiler-konveksiyonlu-gazli-firin-10-gn-2-1-kizakli-okfg-102
7890.10G21.01,"KONVEKSIYONLU FIRIN ELEKTRİKLİ 10*GN2/1 KIZAKLI",pisirme,189578,222540,,-14.8,,equsto,https://www.mutbex.com/oztiryakiler-konveksiyonlu-elektrikli-firin-10-gn2-1-kizakli-okfe-102
7890.95701.03,"KONVEKSIYONLU FIRIN GAZLI 10*GN 1/1 KIZAKLI",pisirme,196820,231041,203685,-14.8,-3.4,equsto,https://www.mutbex.com/oztiryakiler-konveksiyonlu-gazli-firin-10-gn-1-1-kizakli-okfg-101
7890.10G11.01,"KONVEKSIYONLU FIRIN ELEKTRİKLİ 10*GN1/1 KIZAKLI",pisirme,179129,210273,,-14.8,,equsto,https://www.mutbex.com/oztiryakiler-konveksiyonlu-elektrikli-firin-10-gn-1-1-kizakli-okfe-101
7890.95708.01,"KONVEKSIYONLU FIRIN ELEKTRIKLI 6*GN 1/1 KIZAKLI",pisirme,155405,182425,160825,-14.8,-3.4,equsto,https://www.mutbex.com/oztiryakiler-konveksiyonlu-elektrikli-firin-6-gn-1-1-kizakli-okfe-601
7890.60400.4T,"KONVEKSIYONLU FIRIN ELEKTRIKLI 60x40 TEPSİLİ, 4 KIZAKLI",pisirme,72150,62130,,16.1,,mutbex,https://www.mutbex.com/oztiryakiler-4-tepsili-pastane-firini-40x60-cm-elektrikli-okfbe-40604
7890.60400.3T,"KONVEKSIYONLU FIRIN ELEKTRIKLI 60x40 TEPSİLİ, 3 KIZAKLI",pisirme,57610,67626,,-14.8,,equsto,https://www.mutbex.com/oztiryakiler-3-tepsili-pastane-firini-40x60-cm-elektrikli-okfbe-40603
7890.60400.4TE,"KONVEKSIYONLU FIRIN ELEKTRIKLI 60x40 TEPSİLİ, 4 KIZAKLI -ELEKTRONİK KONTROLLÜ",pisirme,74974,62130,,20.7,,mutbex,https://www.mutbex.com/oztiryakiler-okfbe-40604-e-konveksiyonlu-pastane-firini-4-tepsi-kapasiteli-elektrikli-dijital-40x60-cm
7890.60400.3TE,"KONVEKSIYONLU FIRIN ELEKTRIKLI 60x40 TEPSİLİ, 3 KIZAKLI -ELEKTRONİK KONTROLLÜ",pisirme,60260,70738,,-14.8,,equsto,https://www.mutbex.com/oztiryakiler-konveksiyonlu-pastane-firini-elektrikli-3-tepsili-40x60-cm-elektronik-kontrollu
7890.60400.4T2,"KONVEKSIYONLU FIRIN ELEKTRIKLI 60x40 TEPSİLİ, 4 KIZAKLI -MONOFAZE",pisirme,72881,85553,,-14.8,,equsto,https://www.mutbex.com/oztiryakiler-konveksiyonlu-pastane-firini-elektrikli-4-tepsili-40x60-cm
7890.33360.4T,"KONVEKSIYONLU FIRIN ELEKTRIKLI 33x36 TEPSİLİ, 4 KIZAKLI",pisirme,56015,65754,57968,-14.8,-3.4,equsto,https://www.mutbex.com/oztiryakiler-4-tepsili-pastane-firini-gn-2-3-elektrikli-okfbe-33364
7868.40608.MD,"MAYALAMA DOLABI 40x60 8 TEPSİ RAYLI- 807*730*807",pisirme,47773,56080,,-14.8,,equsto,https://www.mutbex.com/oztiryakiler-8-tepsili-mayalama-dolabi-60x40-cm-omd-40608
8890.G1502.00,"KONVOYERLU PIZZA FIRINI GAZLI  G1502",pisirme,515878,540072,,-4.5,,equsto,https://www.mutbex.com/oztiryakiler-gazli-konveyorlu-pizza-firini-g1502
8890.G1702.00,"KONVEYORLU PIZZA FIRINI GAZLI G1702",pisirme,693852,726394,,-4.5,,equsto,https://www.mutbex.com/oztiryakiler-gazli-konveyorlu-pizza-firini-g1702
8890.G2002.00,"KONVEYORLU PIZZA FIRINI GAZLI  G2002",pisirme,889872,931608,,-4.5,,equsto,https://www.mutbex.com/oztiryakiler-gazli-konveyorlu-pizza-firini-g2002
8890.OKF15.00,"KONVEYORLU PIZZA FIRINI OKF 1500",pisirme,491608,514665,,-4.5,,equsto,https://www.mutbex.com/oztiryakiler-elektrikli-konveyorlu-pizza-firini-okf-1500
8890.OKF17.00,"KONVEYORLU PIZZA FIRINI OKF 1700",pisirme,637846,667761,,-4.5,,equsto,https://www.mutbex.com/oztiryakiler-elektrikli-konveyorlu-pizza-firini-okf-1700
8890.OKF20.00,"KONVEYORLU PIZZA FIRINI OKF 2000",pisirme,858757,899034,,-4.5,,equsto,https://www.mutbex.com/oztiryakiler-elektrikli-konveyorlu-pizza-firini-okf-20
8890.P5050.01,"PIZZA FIRINI 4 LU ELEKTRIKLI 380 V",pisirme,33438,35006,34150,-4.5,-2.1,equsto,https://www.mutbex.com/oztiryakiler-elektrikli-pizza-firini-4-pizza-kapasiteli
8890.P5050.02,"PIZZA FIRINI 4+4 ELEKTRIKLI 380 V",pisirme,48539,50815,49572,-4.5,-2.1,equsto,https://www.mutbex.com/oztiryakiler-elektrikli-pizza-firini-44-pizza-kapasiteli
8890.P6262.01,"PIZZA FIRINI 5'LI ELEKTRIKLI 380 V",pisirme,37213,38958,38006,-4.5,-2.1,equsto,https://www.mutbex.com/oztiryakiler-elektrikli-pizza-firini-5-pizza-kapasiteli
8890.P6262.02,"PIZZA FIRINI 5+5 ELEKTRIKLI 380 V",pisirme,64072,67076,,-4.5,,equsto,https://www.mutbex.com/oztiryakiler-elektrikli-pizza-firini-55-pizza-kapasiteli
8890.P9262.01,"PIZZA FIRINI 6'LI ELEKTR. 380 V",pisirme,59326,62107,60588,-4.5,-2.1,equsto,https://www.mutbex.com/oztiryakiler-elektrikli-pizza-firini-6-pizza-kapasiteli
8890.P9262.02,"PIZZA FIRINI 6+6'LI ELEKTR. 380 V",pisirme,90605,94855,,-4.5,,equsto,https://www.mutbex.com/oztiryakiler-elektrikli-pizza-firini-66-pizza-kapasiteli
8890.P9292.01,"PIZZA FIRINI 9'LU ELEKTRIKLI 380 V",pisirme,74426,77916,,-4.5,,equsto,https://www.mutbex.com/oztiryakiler-elektrikli-pizza-firini-9-pizza-kapasiteli
8890.P9292.02,"PIZZA FIRINI 9+9 ELEK 380 V",pisirme,116492,121956,,-4.5,,equsto,https://www.mutbex.com/oztiryakiler-elektrikli-pizza-firini-99-pizza-kapasiteli
8890.10570.DE,"PIZZA LAHMACUN FIRINI 2 KATLI + TEZGAH  PROFI 10570",pisirme,238544,249732,,-4.5,,equsto,https://www.mutbex.com/oztiryakiler-2-katli-pizza-lahmacun-firini-tezgahli-12-pizza-kapasiteli-10570
8890.10570.01,"PIZZA LAHMACUN FIRINI TEK KATLI + TEZGAH  PROFI 10570 E-1",pisirme,145201,152011,,-4.5,,equsto,https://www.mutbex.com/oztiryakiler-tek-katli-pizza-lahmacun-firini-tezgahli-6-pizza-kapasiteli-10570-e-1
8890.10570.00,"PIZZA LAHMACUN FIRINI TEK KATLI PROFI 10570 E",pisirme,98530,103150,,-4.5,,equsto,https://www.mutbex.com/oztiryakiler-tek-katli-pizza-lahmacun-firini-6-pizza-kapasiteli-10570-e
8890.OF800.52,"KONVEYORLU LAHMACUN FIRINI OF800-52",pisirme,868092,841488,,3.2,,mutbex,https://www.mutbex.com/oztiryakiler-elektrikli-konveyorlu-pide-lahmacun-firini-of800-52
8890.OF130.0L,"KONVEYORLU LAHMACUN FIRIN OF1300L",pisirme,1194793,1158176,,3.2,,mutbex,https://www.mutbex.com/oztiryakiler-elektrikli-konveyorlu-pide-lahmacun-firini-of1300l
8890.OF190.0L,"KONVEYORLU LAHMACUN FIRIN OF1900L",pisirme,1518384,1471849,,3.2,,mutbex,https://www.mutbex.com/oztiryakiler-elektrikli-konveyorlu-pide-lahmacun-firini-of1900l
7890.12908.54,"TEK KATLI FIRIN GAZ/ELEKTRİKLİ 120*90*83",pisirme,193691,146165,,32.5,,mutbex,https://www.mutbex.com/tek-katli-firin-gaz-elektrikli-1209083
7890.12901.55,"İKİ KATLI FIRIN GAZ/ELEKTRIKLİ 120*90*154",pisirme,393270,296773,,32.5,,mutbex,https://www.mutbex.com/iki-katli-firin-gaz-elektrikli-12090154
8890.MT120.02,"ÇOK AMAÇLI FIRIN MAYALAMA KABİNLİ MT1200  2 KATLI",pisirme,412784,400134,,3.2,,mutbex,https://www.mutbex.com/cok-amacli-firin-mayalama-kabinli-mt1200-2-katli
8890.MT120.03,"ÇOK AMAÇLI FIRIN MAYALAMA KABİNLİ  MT1200  3 KATLI",pisirme,578729,560992,,3.2,,mutbex,https://www.mutbex.com/oztiryakiler-cok-amacli-firin-mayalama-kabinli-3-katli-mt1200
8890.MT800.02,"ÇOK AMAÇLI FIRIN  MAYALAMA KABINLI  MT800  2 KATLI",pisirme,336036,325737,,3.2,,mutbex,https://www.mutbex.com/cok-amacli-firin-mayalama-kabinli-mt800-2-katli
8890.MT800.03,"ÇOK AMAÇLI FIRIN  MAYALAMA KABINLI MT800  3 KATLI",pisirme,472939,458445,,3.2,,mutbex,https://www.mutbex.com/oztiryakiler-cok-amacli-firin-mayalama-kabinli-3-katli-mt-800
8890.MD120.01,"ÇOK AMAÇLI FIRIN TEZGAHLI MD1200 TEK KATLI",pisirme,243730,236260,,3.2,,mutbex,https://www.mutbex.com/oztiryakiler-md1200-cok-amacli-firin-tek-katli-tezgahli-40x60-cm-4-tepsi-kapasiteli
8890.MD120.02,"ÇOK AMAÇLI FIRIN TEZGAHLI MD1200 2  KATLI",pisirme,383744,371984,,3.2,,mutbex,https://www.mutbex.com/oztiryakiler-2-katli-cok-amacli-firin-tezgahli-40x60-cm-4-tepsi-kapasiteli
8890.ME120.01,"ÇOK AMAÇLI FIRIN ME1200",pisirme,186686,180965,,3.2,,mutbex,https://www.mutbex.com/oztiryakiler-cok-amacli-firin-me1200-elektrikli
8890.ME800.01,"ÇOK AMAÇLI FIRIN ME800",pisirme,138978,134718,,3.2,,mutbex,https://www.mutbex.com/oztiryakiler-me800-cok-amacli-firin-tek-katli-40x60-cm-2-tepsi-kapasiteli
9890.D90D2.30,"OZTIRYAKILER MIKRODALGA FIRIN",pisirme,21149,5788,,265.4,,mutbex,https://www.mutbex.com/oztiryakiler-mikrodalga-firin-d9023-ep
7865.N1.10100.10,"KUZİNE 1 M2 GAZLI FIRINLI-100*100*85",pisirme,75378,92313,,-18.3,,equsto,https://www.mutbex.com/oztiryakiler-gazli-firinli-kuzine-4-gozlu-gazli-ocak-100x100x85-cm-osogf-1010
7865.40402.01,"OCAK TEKLİ GAZLI COMPACT SERI 40*40",pisirme,10258,11486,,-10.7,,equsto,https://www.mutbex.com/oztiryakiler-set-ustu-gazli-ocak-tekli-40x40x145-cm-osog-4040-p
7865.40402.26,"OCAK TEKLİ ELEKTRİKLİ COMPACT SERI 40*40  2,6 KW",pisirme,9221,10606,,-13.1,,equsto,https://www.mutbex.com/oztiryakiler-set-ustu-elektrikli-ocak-tekli-26-kw-40x40x145-cm-oso-4040
7865.80402.02,"OCAK İKİLİ GAZLI COMPACT SERI 75*40",pisirme,16712,19237,17295,-13.1,-3.4,equsto,https://www.mutbex.com/oztiryakiler-set-ustu-gazli-ocak-ikili-75x40x145-cm-osog-4075-pa
7865.80402.26,"OCAK İKİLİ ELEKTRİKLİ COMPACT SERI 75*40 5,2 KW",pisirme,15233,18157,15764,-16.1,-3.4,equsto,https://www.mutbex.com/oztiryakiler-set-ustu-elektrikli-ocak-ikili-52-kw-75x40x145-cm-oso-40751
7864.40401.04,"GRILL PLATE TEKLI DUZ ELEKTRIKLI COMPACT SERI 40*40",pisirme,17827,21248,18448,-16.1,-3.4,equsto,https://www.mutbex.com/oztiryakiler-elektrikli-grill-plate-tekli-duz-compact-serisi-40x40-cm-ocge-4040
7856.GN130.05,"FRİTÖZ GN 1/3 ELEKTRIKLI 5 LT. 3KW",pisirme,10969,12281,11351,-10.7,-3.4,equsto,https://www.mutbex.com/oztiryakiler-elektrikli-fritoz-tekli-5-lt-176x43x31-cm-of-5
7856.GN120.08,"FRITOZ GN 1/2 ELEKTRIKLİ 8 LT 3 KW. EF8",pisirme,11641,13034,12047,-10.7,-3.4,equsto,https://www.mutbex.com/oztiryakiler-set-ustu-elektrikli-fritoz-tekli-8-lt-265x43x31-cm-monofaze-of-8
7856.GN12S.08,"FRITOZ GN 1/2 ELEKTRIKLİ 8 LT 6KW EF8S",pisirme,14810,16583,15327,-10.7,-3.4,equsto,https://www.mutbex.com/oztiryakiler-elektrikli-fritoz-tekli-8-lt-265x43x31-cm-trifaze-of-8s
7856.GN23S.10,"FRITOZ GN 2/3 ELEKTRIKLI 10 LT 9 KW EF 10 S",pisirme,19536,19162,20217,2,-3.4,mutbex,https://www.mutbex.com/oztiryakiler-set-ustu-elektrikli-fritoz-tek-sepetli-35x42x37-cm-of-10s
7856.EF8D0.08,"FRİTÖZ ELEKTRİKLİ 2*8 LİTRE 3+3 KW EF8D",pisirme,21899,24520,,-10.7,,equsto,https://www.mutbex.com/oztiryakiler-elektrikli-fritoz-ciftli-16-lt-monofaze-6-kw-53x43x31-cm-of-8d
7856.EF8DS.08,"FRITOZ ELEKTRIKLI 2*8 LİTRE TRIFAZE 12 KW EF8DS",pisirme,27392,32650,28348,-16.1,-3.4,equsto,https://www.mutbex.com/oztiryakiler-elektrikli-fritoz-trifaze-12-kw-53x43x31-cm-of-8ds
7856.EF10D.S0,"FRITOZ ELEKTRIKLI 2*10 LITRE TRIFAZE",pisirme,39380,44093,40753,-10.7,-3.4,equsto,https://www.mutbex.com/oztiryakiler-elektrikli-fritoz-trifaze-ciftli-715x42x37-cm-of-10ds
9868.BT350.KCT,"ÖZTİRYAKİLER İNDİKSÜYONLU ISITICI-PİŞİRİCİ SETÜSTÜ 500-3500 W  33.9x42.8x11.7 CM",pisirme,21034,17770,,18.4,,mutbex,https://www.mutbex.com/oztiryakiler-set-ustu-induksiyonlu-ocak-339-x-428-x-117-cm-bt350-kc
9868.BT350.T0,"ÖZTİRYAKİLER İNDİKSÜYONLU ISITICI-PİŞİRİCİ GÖMME 500-3500 W  36X38X12 CM",pisirme,21034,17770,,18.4,,mutbex,https://www.mutbex.com/oztiryakiler-gomme-induksiyonlu-ocak-36-x-38-x-12-cm-bt350-t
9865.BT200.T1,"ÖZTİRYAKİLER İNDİKSÜYONLU ISITICI GÖMME 500-2000 W  30.2X37.2X7.7 CM",pisirme,8297,7336,,13.1,,mutbex,https://www.mutbex.com/oztiryakiler-gomme-induksiyonlu-isitici-ocak-302x372x77-cm-bt-200-t
9868.ET700.A0,"ÖZTİRYAKİLER İNDİKSÜYONLU PİŞİRİCİ GÖMME 7000W  69,8 X 34,9 X 9,4 CM DİKEY",pisirme,38092,32182,,18.4,,mutbex,https://www.mutbex.com/oztiryakiler-gomme-induksiyonlu-pisirici-ocak-ikili-698x349x94-cm-et700-a
9865.BT350.KCT1,"ÖZTİRYAKİLER İNDİKSÜYONLU WOK ISITICI-PİŞİRİCİ SETÜSTÜ 500-3500 W  33.9x42.8x11.7 CM",pisirme,21294,17990,,18.4,,mutbex,https://www.mutbex.com/oztiryakiler-set-ustu-induksiyonlu-wok-ocak-339x428x117-cm-bt350-kt
9865.APF35.00,"ÖZTİRYAKİLER İNDİKSÜYONLU WOK ISITICI-PİŞİRİCİ GÖMME 500-3500 W  36X38X12 CM",pisirme,22657,19142,,18.4,,mutbex,https://www.mutbex.com/oztiryakiler-gomme-induksiyonlu-wok-ocak-36x38x12-cm-apf-35
7865.70705.44,"YER OCAGI GAZLI DORT YANISLI 70*85*50",pisirme,31594,37015,,-14.6,,equsto,https://www.mutbex.com/oztiryakiler-gazli-yer-ocagi-dort-yanisli-85x70x50-cm-oyog-7070-ps
7865.70705.21,"YER OCAĞI GAZLI CIFT YANISLI 70*70*50",pisirme,23872,29241,,-18.4,,equsto,https://www.mutbex.com/oztiryakiler-gazli-yer-ocagi-cift-yanisli-70x70x50-cm-oyog-7070-p
7865.60605.21,"YER OCAGI GAZLI CIFT YANISLI 60*60*50",pisirme,21616,26677,,-19,,equsto,https://www.mutbex.com/oztiryakiler-gazli-yer-ocagi-cift-yanisli-60x60x50-cm-oyog-6060-p
7865.50505.22,"YER OCAGI GAZLI CIFT YANISLI 10 KW  50*50",pisirme,19172,20842,,-8,,equsto,https://www.mutbex.com/oztiryakiler-gazli-yer-ocagi-cift-yanisli-50x50x50-cm-oyog-5050-ps
7865.40405.21,"YER OCAĞI GAZLI GAZLI TEK YANIŞ 40*40",pisirme,13354,16020,,-16.6,,equsto,https://www.mutbex.com/oztiryakiler-gazli-yer-ocagi-tek-yanisli-40x40x50-cm-oyog-4040-p
7865.55555.01,"YER OCAĞI ELEKTRİKLİ  55*55*50",pisirme,38140,45708,45852,-16.6,-16.8,equsto,https://www.mutbex.com/oztiryakiler-elektrikli-yer-ocagi-55x55x50-cm-oyo-5555
7959.95856.00,"KAZAN TAŞIMA ARABASI (YER OCAĞI ÜSTÜ) 95*85*60",pisirme,27630,26160,,5.6,,mutbex,https://www.mutbex.com/oztiryakiler-kazan-tasima-arabasi-yer-ocagi-ustu-95x85x65-cm
7912.N1.00014.00,"STERİL BIÇAK DOLABI 14 BIÇAKLIK-EKO MODEL",pisirme,9202,10801,,-14.8,,equsto,https://www.mutbex.com/oztiryakiler-steril-bicak-dolabi-14-bicaklik-eko-model
8864.07050.02,"IZGARA DUZ  IZG 7050 02",pisirme,24746,23988,,3.2,,mutbex,https://www.mutbex.com/izgara-duz-izg-7050-02
7850.58575.70,"SALAMANDER ELEKTRİKLİ",pisirme,32732,39015,,-16.1,,equsto,https://www.mutbex.com/oztiryakiler-salamander-os-200
7850.N1.58575.70,"SALAMANDER ELEKTRİKLİ-SERAMİK REZİSTANSLI",pisirme,45008,53646,,-16.1,,equsto,https://www.mutbex.com/oztiryakiler-elektrikli-salamander-seramik-rezistansli-dijital-ekranli-os-200-e
7864.10503.04,"KOMURLU IZGARA 100*50",pisirme,22063,25532,,-13.6,,equsto,https://www.mutbex.com/oztiryakiler-komurlu-izgara-10050
7890.KYK00.01,"KATI YAKITLI KUZİNE DOLAPLI",pisirme,175478,209158,,-16.1,,equsto,https://www.mutbex.com/oztiryakiler-kati-yakitli-kuzine-dolapli
7890.KYK00.02,"KATI YAKITLI KUZİNE SETÜSTÜ",pisirme,154444,185137,,-16.6,,equsto,https://www.mutbex.com/oztiryakiler-set-ustu-kati-yakitli-kuzine
7865.N1.80908.11G,"900 SERİ KUZİNE FIRINLI ELEKTRİKLİ 4 KARE PLATE 80*90*85-GEMİ MODEL",pisirme,164952,196611,,-16.1,,equsto,https://www.mutbex.com/oztiryakiler-900-seri-firinli-elektrikli-kuzine-gemi-model-4-kare-plate-80x90x85-cm-osoef-8090-s
7865.N1.80708.02G,"700 SERİ KUZİNE FIRINLI ELEKTRİKLİ 4 YUV.BÜYÜK PLATE 80*70*85-GEMİ MODEL",pisirme,82754,98637,,-16.1,,equsto,https://www.mutbex.com/oztiryakiler-700-seri-firinli-elektrikli-kuzine-gemi-model-4-yuvarlak-buyuk-plate-80x70x85-cm-osoef-8070-s
7850.58575.70G,"SALAMANDER ELEKTRIKLI GEMI MODEL",pisirme,33310,39702,,-16.1,,equsto,https://www.mutbex.com/salamander-elektrikli-gemi-model
8859.OGSDK.8R,"OZTIRYAKILER GAZLI SIS KEBAP DONER OCAGI - 8 RADYANLI (BÜYÜK TİP)",pisirme,98660,117596,,-16.1,,equsto,https://www.mutbex.com/oztiryakiler-gazli-sis-kebap-8-radyanli-ogskdo-22p
8859.OGSDK.4R,"OZTIRYAKILER GAZLI SIS KEBAP DONER OCAGI - 4 RADYANLI (KUCUK TIP)",pisirme,48446,57745,,-16.1,,equsto,https://www.mutbex.com/oztiryakiler-gazli-sis-kebap-4-radyanli-ogsdk-11p
7959.05070.00,"DONER OCAĞI ALT ARABASI 50*70",pisirme,48863,51226,,-4.6,,equsto,https://www.mutbex.com/doner-ocagi-alt-arabasi-5070
7854.2GN11.00,"HAREKETLİ BAIN MARIE TABAN RAFLI ELEKTRIKLI 2*GN1/1 KONTROL PANELI YANDA",pisirme,47120,56165,,-16.1,,equsto,https://www.mutbex.com/oztiryakiler-elektrikli-bain-marie-ohbety-2gn
7854.3GN11.00,"HAREKETLI BAIN MARIE TABAN RAFLI ELEKTRIKLI 3*GN1/1-200 KONTROL PANELI YANDA",pisirme,61721,73566,,-16.1,,equsto,https://www.mutbex.com/oztiryakiler-elektrikli-bain-marie-ohbety-3gn
7854.4GN11.00,"HAREKETLI BAIN MARIE TABAN RAFLI ELEKTRIKLI 4*GN1/1-150 PANELI YANDA",pisirme,80296,95707,,-16.1,,equsto,https://www.mutbex.com/oztiryakiler-elektrikli-bain-marie-ohbety-4gn
7854.07128.15,"BAIN MARIE DOLAPLI HAREKETLİ ELEKTRİKLİ 120*70",pisirme,64370,76726,,-16.1,,equsto,https://www.mutbex.com/oztiryakiler-elektrikli-bain-marie-ohbed-12070
7854.07098.25,"BAIN MARIE TABAN RAFLI HAREKETLİ ELEKTRİKLİ 90*70",pisirme,42300,50418,,-16.1,,equsto,https://www.mutbex.com/oztiryakiler-elektrikli-bain-marie-ohbet-9070
7854.13785.10,"BAIN MARIE ELEKTRİKLİ  HAREKETLİ SERV.RAFLI GR.ÇEKM.130*70",pisirme,85175,101522,88145,-16.1,-3.4,equsto,https://www.mutbex.com/oztiryakiler-bain-marie-elektrikli-hareketli-servis-rafli-cekmeceli-130x70-ohbe-13070
2864.N1.90802.IZ,"ÇUBUK IZGARA YENİ 900 80*90 DÖKÜM IZGARA İÇİN 650*540*20",set-ustu-mutfak,5000,5919,,-15.5,,equsto,https://www.mutbex.com/oztriyakiler-cubuk-izgara-yeni-900-seri-80x90-cm-dokum-izgara-icin-65x54x2-cm
7831.N1.40703.01,"700 SERİ SET ÜSTÜ PATATES DİNLENDİRME ELEKTRİKLİ 40*70",set-ustu-mutfak,17807,19939,18428,-10.7,-3.4,equsto,https://www.mutbex.com/oztiryakiler-set-ustu-patates-dinlendirme-makinesi-40x70x28-cm
7867.N1.80708.04,"700 SERİ DEVRİLİR TAVA 50 LT. GAZLI  80*70*85-ELEKTRONİK ATEŞLEMELİ",set-ustu-mutfak,186966,222850,193487,-16.1,-3.4,equsto,https://www.mutbex.com/oztiryakiler-700-seri-devrilir-tava-50-lt-gazli-807085-elektronik-ateslemeli-otg-50
7867.N1.80708.01,"700 SERİ DEVRİLİR TAVA ELEKTRİKLİ 50 LT. 80*70*85",set-ustu-mutfak,172829,205998,,-16.1,,equsto,https://www.mutbex.com/oztiryakiler-700-seri-devrilir-tava-elektrikli-50-lt-807085-ote-50
2864.N1.70802.IZ,"ÇUBUK IZGARA YENİ 700 80*70 DÖKÜM IZGARA ICIN 650*490*20",set-ustu-mutfak,6340,7482,,-15.3,,equsto,https://www.mutbex.com/oztiryakiler-cubuk-izgara-yeni-700-seri-80x70-cm-dokum-izgara-icin-65x49x2-cm-17487
7831.N1.40603.01,"600 SERİ SETÜSTÜ PATATES DİNLENDİRME 40*60*26",set-ustu-mutfak,15022,17905,,-16.1,,equsto,https://www.mutbex.com/oztiryakiler-elektrikli-patates-dinlendirme-unitesi-ope-4060
7911.08267.11,"FIRIN ALT TEZGAHI DEM.- 10GN1/1 KONVEKSIYONLU FIRIN ICIN 85*61*60",set-ustu-mutfak,7242,8501,,-14.8,,equsto,https://www.mutbex.com/oztiryakiler-firin-alt-tezgahi-demonte-10gn1-1-firin-icin-85x65x60-cm
7911.10572.08,"FIRIN ALT TEZGAHI DEMONTE 105*72*60- 10GN2/1 KONV. FIRIN ICIN",set-ustu-mutfak,8837,10373,,-14.8,,equsto,https://www.mutbex.com/firin-alti-demonte-tezgah-105x72x60-cm
7895.FK102.10,"FIRIN KIT ARABASI OKF102 ICIN",set-ustu-mutfak,14868,17819,,-16.6,,equsto,https://www.mutbex.com/firin-kit-arabasi-okf102-icin
7895.FK202.40,"FIRIN TABAK KIT / ARABASI 202 KOMBİ FIRIN İÇİN",set-ustu-mutfak,94319,110718,,-14.8,,equsto,https://www.mutbex.com/oztiryakiler-tabak-tasima-arabasi-202-kombi-firinlar-icin
7895.FK202.20,"FIRIN TEPSI KIT / ARABASI OKFG202 V2 FIRIN ICIN",set-ustu-mutfak,55304,64920,,-14.8,,equsto,https://www.mutbex.com/oztiryakiler-firin-tepsisi-kiti-tasima-arabasi
7895.FK202.30,"FIRIN TEPSI KIT / ARABASI 202 KOMBİ FIRIN İÇİN",set-ustu-mutfak,62316,73150,,-14.8,,equsto,https://www.mutbex.com/oztiryakiler-kombi-firin-tepsi-tasima-arabasi-202-modeller-icin
7853.NM425.02,"OEK-NM 425 EKMEK KIZARTMA MAKİNESİ",set-ustu-mutfak,27322,30607,,-10.7,,equsto,https://www.mutbex.com/oztiryakiler-oek-425-02-konveyorlu-ekmek-kizartma-makinesi
8850.WKM25.00,"WAFFLE MAKINESİ  TEKLI KARE WKM 25",set-ustu-mutfak,17632,17098,,3.1,,mutbex,https://www.mutbex.com/oztiryakiler-wkm-25-waffle-makinesi-tek-kullanim-alanli
8850.WKM25.02,"WAFFLE MAKINESİ  IKILI KARE WKM 25 02",set-ustu-mutfak,33188,32172,,3.2,,mutbex,https://www.mutbex.com/oztiryakiler-wkm-25-02-waffle-makinesi-cift-kullanim-alanli
8850.0WM25.00,"WAFFLE MAKINESİ  WM 25",set-ustu-mutfak,17268,16739,,3.2,,mutbex,https://www.mutbex.com/oztiryakiler-wm-25-waffle-makinesi-tek-kullanim-alanli
8850.0WM25.02,"WAFFLE MAKINESİ  IKILI  WM 25 02",set-ustu-mutfak,33188,32172,,3.2,,mutbex,https://www.mutbex.com/oztiryakiler-wm-25-02-waffle-makinesi-cift-kullanim-alanli
8850.WF25E.00,"WAFFLE MAKINASI CUBUKLU TEKLI",set-ustu-mutfak,17632,17098,,3.1,,mutbex,https://www.mutbex.com/oztiryakiler-wf-25-cubuklu-waffle-makinesi-tekli
8850.WF25E.02,"WAFFLE MAKINASI CUBUKLU IKILI",set-ustu-mutfak,33188,32172,,3.2,,mutbex,https://www.mutbex.com/oztiryakiler-wf-25-02-cubuklu-waffle-makinesi-ikili
7850.40402.20,"KREP MAKİNASI",set-ustu-mutfak,14849,17699,15367,-16.1,-3.4,equsto,https://www.mutbex.com/oztiryakiler-krep-makinasi-okm-1
7850.50801.20,"KREP MAKINASI+SOSLUK 50*80*12",set-ustu-mutfak,21246,25323,,-16.1,,equsto,https://www.mutbex.com/oztiryakiler-krep-makinasi-ve-sosluk-50x80x12-cm
8845.0CRG2.00,"PILIC CEVIRME MAKINASI 2 SIS 8-10  PILIC KAPASITE GAZLI",set-ustu-mutfak,91792,88978,,3.2,,mutbex,https://www.mutbex.com/pilic-cevirme-makinasi-2-sis-8-10-pilic-kapasite-gazli
8845.0CRG3.00,"PILIC CEVIRME MAKINASI 3 SIS 12-15 PILIC KAPASITE GAZLI",set-ustu-mutfak,108907,105570,,3.2,,mutbex,https://www.mutbex.com/pilic-cevirme-makinasi-3-sis-12-15-pilic-kapasite-gazli
8845.0CRG4.00,"PILIC CEVIRME MAKINASI 4 SIS 16-20 PILIC KAPASITE GAZLI",set-ustu-mutfak,128606,124665,,3.2,,mutbex,https://www.mutbex.com/pilic-cevirme-makinasi-4-sis-16-20-pilic-kapasite-gazli
8845.0CRG5.00,"PILIC CEVIRME MAKINASI 5 SIS 20-25  PILIC KAPASITE GAZLI",set-ustu-mutfak,160751,155824,,3.2,,mutbex,https://www.mutbex.com/pilic-cevirme-makinasi-5-sis-20-25-pilic-kapasite-gazli
8845.0CRG6.00,"PILIC CEVIRME MAKINASI 6 SIS 24-30 PILIC KAPASITE GAZLI",set-ustu-mutfak,179434,173935,,3.2,,mutbex,https://www.mutbex.com/oztiryakiler-gazli-pilic-cevirme-makinesi-6-sis-28-35-pilic-kapasitesi
8845.0CRG7.00,"PILIC CEVIRME MAKINASI 7 SIS  28-35 PILIC KAPASITE GAZLI",set-ustu-mutfak,201714,195532,,3.2,,mutbex,https://www.mutbex.com/pilic-cevirme-makinasi-7-sis-28-35-pilic-kapasite-gazli
8845.0CRG8.00,"PILIC CEVIRME MAKINASI 8 SIS 32-40  PILIC KAPASITE GAZLI",set-ustu-mutfak,211056,204588,,3.2,,mutbex,https://www.mutbex.com/pilic-cevirme-makinasi-8-sis-32-40-pilic-kapasite-gazli
8845.0CRE2.00,"PILIC CEVIRME MAKINASI 2 SIS 8-10  PILIC KAPASITE ELEKTRIKLI",set-ustu-mutfak,79867,77420,,3.2,,mutbex,https://www.mutbex.com/pilic-cevirme-makinasi-2-sis-8-10-pilic-kapasite-elektrikli
8845.0CRE3.00,"PILIC CEVIRNE MAKINASI 3 SIS 12-15 PILIC KAPASITE ELEKTRIKLI",set-ustu-mutfak,96984,94012,,3.2,,mutbex,https://www.mutbex.com/pilic-cevirme-makinasi-3-sis-12-15-pilic-kapasite-elektrikli
8845.0CRE4.00,"PILIC CEVIRME MAKINASI 4 SIS 16-20 PILIC KAPASITE ELEKTRIKLI",set-ustu-mutfak,108907,105570,,3.2,,mutbex,https://www.mutbex.com/piilic-cevirme-makinasi-4-sis-16-20-pilic-kapasite-elektrikli
8845.0CRE5.00,"PILIC CEVIRME MAKINASI 5 SIS 20-25  PILIC KAPASITE ELEKTRIKLI",set-ustu-mutfak,134844,130711,,3.2,,mutbex,https://www.mutbex.com/pilic-cevirme-makinasi-5-sis-20-25-pilic-kapasite-elektrikli
8845.0CRE6.00,"PILIC CEVIRNE MAKINASI 6 SIS 24-30 PILIC KAPASITE ELEKTRIKLI",set-ustu-mutfak,148828,144266,,3.2,,mutbex,https://www.mutbex.com/pilic-cevirne-makinasi-6-sis-24-30-pilic-kapasite-elektrikli
7912.00012.00,"STERIL BIÇAK DOLABI 14 BIÇAKLIK",set-ustu-mutfak,11161,13303,,-16.1,,equsto,https://www.mutbex.com/steril-bicak-dolabi-14-bicaklik
0840.00010.11,"PATATES SOYMA MAKINASI 10 KG TRIFAZE",set-ustu-mutfak,108358,127197,112136,-14.8,-3.4,equsto,https://www.mutbex.com/oztiryakiler-patates-soyma-makinesi-10-kg-psm-10-tf
0840.00010.14,"PATATES SOYMA MAKINASI  10 KG MONOFAZE",set-ustu-mutfak,111252,132604,115132,-16.1,-3.4,equsto,https://www.mutbex.com/oztiryakiler-patates-soyma-makinesi-10-kg-psm-10-mf
0840.00020.01,"PATATES SOYMA MAKINASI  20 KG TRIFAZE MEKANIK KONTROL",set-ustu-mutfak,135299,161266,140017,-16.1,-3.4,equsto,https://www.mutbex.com/oztiryakiler-patates-soyma-makinesi-20-kg-psm-20-tf
0840.00030.01,"PATATES SOYMA MAKINASI  30 KG TRIFAZE MEKANIK KONTROL",set-ustu-mutfak,148801,177360,153990,-16.1,-3.4,equsto,https://www.mutbex.com/oztiryakiler-patates-soyma-makinesi-30-kg-psm-30-tf
0840.00010.21,"PATATES SOYMA MAKINASI  10 KG TRIFAZE FILTRELI",set-ustu-mutfak,130058,155020,,-16.1,,equsto,https://www.mutbex.com/oztiryakiler-filtreli-patates-soyma-makinesi-10-kg-psm-10-tf
0840.00020.21,"PATATES SOYMA MAKINASI  20 KG TRIFAZE MEKANIK KONTROL FILTRELI",set-ustu-mutfak,156428,186452,,-16.1,,equsto,https://www.mutbex.com/oztiryakiler-filtreli-patates-soyma-makinesi-20-kg-psm-20-tf
0840.00030.21,"PATATES SOYMA MAKINASI  30 KG TRIFAZE MEKANIK KONTROL FILTRELI",set-ustu-mutfak,172847,202900,,-14.8,,equsto,https://www.mutbex.com/oztiryakiler-filtreli-patates-soyma-makinesi-30-kg-psm-30-tf
0840.00005.00,"SARIMSAK SOYMA MAKINASI 5 KG TRIFAZE",set-ustu-mutfak,84755,99490,,-14.8,,equsto,https://www.mutbex.com/oztiryakiler-sarimsak-soyma-makinesi-ssm-5
0840.00010.33,"SOGAN SOYMA MAKINASI 10 KG TRIFAZE FILTRE",set-ustu-mutfak,137813,164263,,-16.1,,equsto,https://www.mutbex.com/oztiryakiler-sogan-soyma-makinesi-10-kg-trifaze-filtre-ssm10
0830.00010.00,"10 LT SEBZE PARCALAMA MAKINASI INVERTOR KONTROL",set-ustu-mutfak,90692,108098,,-16.1,,equsto,https://www.mutbex.com/oztiryakiler-sebze-parcalama-makinesi-10-lt-invertor-kontrollu
0830.00010.11,"10 LT SEBZE PARCALAMA MAKINASI TEK DEVIR MONOFAZE",set-ustu-mutfak,71970,84484,,-14.8,,equsto,https://www.mutbex.com/oztiryakiler-sebze-parcalama-makinesi-10-l-tek-devir-monofaze
0830.00010.02,"10 LT SEBZE PARCALAMA MAKINASI CIFT DEVIR",set-ustu-mutfak,83044,97481,,-14.8,,equsto,https://www.mutbex.com/oztiryakiler-sebze-parcalama-makinesi-10-lt-cift-devir
0830.00020.00,"20 LT SEBZE PARCALAMA MAKINASI INVERTOR KONTROL",set-ustu-mutfak,171157,200915,,-14.8,,equsto,https://www.mutbex.com/oztiryakiler-sebze-parcalama-makinesi-20-lt-invertor-kontrollu
0830.00020.02,"20 LT SEBZE PARCALAMA MAKINASI CIFT DEVIR",set-ustu-mutfak,152435,181692,,-16.1,,equsto,https://www.mutbex.com/oztiryakiler-sebze-parcalama-makinesi-20-lt-cift-devir
0830.00030.00,"30 LT SEBZE PARCALAMA MAKINASI INVERTOR KONTROL",set-ustu-mutfak,172763,202801,,-14.8,,equsto,https://www.mutbex.com/oztiryakiler-sebze-parcalama-makinesi-30-lt-invertor-kontrollu
0830.00050.00,"50 LT SEBZE PARCALAMA MAKINASI INVERTOR KONTROL",set-ustu-mutfak,241225,283167,,-14.8,,equsto,https://www.mutbex.com/oztiryakiler-sebze-parcalama-makinesi-50-lt-invertor-kontrollu
0830.00050.02,"50 LT SEBZE PARCALAMA MAKINASI CIFT DEVIR",set-ustu-mutfak,210755,251205,,-16.1,,equsto,https://www.mutbex.com/oztiryakiler-sebze-parcalama-makinesi-50-lt-cift-devir
0830.00070.00,"70 LT SEBZE PARCALAMA MAKINASI INVERTOR KONTROL",set-ustu-mutfak,301616,359505,,-16.1,,equsto,https://www.mutbex.com/oztiryakiler-sebze-parcalama-makinesi-70-lt-invertor-kontrollu
8358.OKM12.MN,"KOMPLE PASLANMAZ ET KIYMA MK 12 MONOFAZE",set-ustu-mutfak,62994,61063,,3.2,,mutbex,https://www.mutbex.com/oztiryakiler-komple-paslanmaz-et-kiyma-makinesi-no12-monofaze-220v
8358.OKM22.MN,"KOMPLE PASLANMAZ ET KIYMA MK 22 MONOFAZE",set-ustu-mutfak,96164,93217,,3.2,,mutbex,https://www.mutbex.com/oztiryakiler-komple-paslanmaz-et-kiyma-makinesi-no22-monofaze-220v
8358.OKM22.TR,"KOMPLE PASLANMAZ ET KIYMA MK 22 TRİFAZE",set-ustu-mutfak,96164,93217,,3.2,,mutbex,https://www.mutbex.com/oztiryakiler-komple-paslanmaz-et-kiyma-makinesi-no22-trifaze-380v
8358.OKM32.MN,"KOMPLE PASLANMAZ ET KIYMA MK 32 MONOFAZE",set-ustu-mutfak,109315,105964,,3.2,,mutbex,https://www.mutbex.com/oztiryakiler-komple-paslanmaz-et-kiyma-makinesi-no32-monofaze-220v
8358.OKM32.TR,"KOMPLE PASLANMAZ ET KIYMA MK 32 TRİFAZE",set-ustu-mutfak,104969,101752,,3.2,,mutbex,https://www.mutbex.com/oztiryakiler-komple-paslanmaz-et-kiyma-makinesi-no32-trifaze-380v
8358.OKM42.TR,"KOMPLE PASLANMAZ ET KIYMA MK 42 TRİFAZE",set-ustu-mutfak,284034,275329,,3.2,,mutbex,https://www.mutbex.com/oztiryakiler-komple-paslanmaz-et-kiyma-makinesi-no42-trifaze-380v
8358.OKM22.SMN,"KOMPLE PASLANMAZ ET KIYMA MK 22 SOGUTMALI MONOFAZE",set-ustu-mutfak,135499,131347,,3.2,,mutbex,https://www.mutbex.com/oztiryakiler-komple-paslanmaz-et-kiyma-makinesi-sogutmali-no22-monofaze-220v
8358.OKM22.STR,"KOMPLE PASLANMAZ ET KIYMA MK 22 SOGUTMALI TRİFAZE",set-ustu-mutfak,131154,127135,,3.2,,mutbex,https://www.mutbex.com/oztiryakiler-komple-paslanmaz-et-kiyma-makinesi-sogutmali-no22-trifaze-380v
8358.OKM32.SMN,"KOMPLE PASLANMAZ ET KIYMA MK 32 SOGUTMALI MONOFAZE",set-ustu-mutfak,145676,141212,,3.2,,mutbex,https://www.mutbex.com/oztiryakiler-komple-paslanmaz-et-kiyma-makinesi-sogutmali-no32-monofaze-220v
8358.OKM32.STR,"KOMPLE PASLANMAZ ET KIYMA MK 32 SOGUTMALI TRİFAZE",set-ustu-mutfak,142818,138441,,3.2,,mutbex,https://www.mutbex.com/oztiryakiler-komple-paslanmaz-et-kiyma-makinesi-sogutmali-no32-trifaze-380v
8358.OKM42.STR,"KOMPLE PASLANMAZ ET KIYMA MK 42 SOGUTMALI TRIFAZE",set-ustu-mutfak,327257,317227,,3.2,,mutbex,https://www.mutbex.com/oztiryakiler-komple-paslanmaz-et-kiyma-makinesi-sogutmali-no42-trifaze-380v
9830.S220A.F0,"FAC GIDA DILIMLEME MAKINASI S AF220 AF",set-ustu-mutfak,29243,31591,,-7.4,,equsto,https://www.mutbex.com/fac-gida-dilimleme-makinasi-s-af220-af
9830.F250E.00,"FAC GIDA DILIMLEME MAKINASI F 250 R",set-ustu-mutfak,35306,36390,,-3,,equsto,https://www.mutbex.com/fac-gida-dilimleme-makinasi-f-250-r
9830.F275E.00,"FAC GIDA DILIMLEME MAKINASI F 275 E",set-ustu-mutfak,35306,38780,,-9,,equsto,https://www.mutbex.com/fac-gida-dilimleme-makinasi-f-275-e
9830.F300E.00,"FAC GIDA DILIMLEME MAKINASI F 300 R",set-ustu-mutfak,49697,51295,,-3.1,,equsto,https://www.mutbex.com/fac-gida-dilimleme-makinasi-f-300-r
8357.UKT01.T0,"ET KEMIK TESTERESI FRENSIZ 184 Ø  SETUSTU TRIFAZE",set-ustu-mutfak,144304,133220,,8.3,,mutbex,https://www.mutbex.com/oztiryakiler-et-kemik-testeresi-setustu-trifaze
8916.0MV20.00,"VAKUM MAKINASI SET USTU 20 M3 / TEK YAPISTIRMA CENELI",set-ustu-mutfak,145201,122673,,18.4,,mutbex,https://www.mutbex.com/oztiryakiler-vakum-makinesi-20-m3-kapasite-tek-yapistirma-ceneli
8916.0MV20.02,"VAKUM MAKINASI SET USTU 20M3 / CIFT YAPISTIRMA CENELI",set-ustu-mutfak,145201,122673,,18.4,,mutbex,https://www.mutbex.com/oztiryakiler-vakum-makinesi-20-m-kapasite-cift-yapistirma-ceneli
8916.AV106.00,"VAKUM MAKINASI TEKERLEKLI AV10 60 M3",set-ustu-mutfak,269658,227820,,18.4,,mutbex,https://www.mutbex.com/oztiryakiler-vakum-makinesi-60-m3-kapasite-tekerlekli
8830.30610.00,"PARMAK PATATES KESME",set-ustu-mutfak,17632,17091,,3.2,,mutbex,https://www.mutbex.com/parmak-patates-kesme
8325.ACSH7.W3,"TARTIM TERAZISI 3 KG",set-ustu-mutfak,5192,4591,,13.1,,mutbex,https://www.mutbex.com/oztiryakiler-tartim-terazisi-3-kg
8325.ACSH7.W6,"TARTIM TERAZISI 6 KG",set-ustu-mutfak,5192,4591,,13.1,,mutbex,https://www.mutbex.com/oztiryakiler-tartim-terazisi-6-kg
8325.ACSH7.W15,"TARTIM TERAZISI 15 KG",set-ustu-mutfak,5192,4591,,13.1,,mutbex,https://www.mutbex.com/oztiryakiler-tartim-terazisi-15-kg
8325.ACSH7.W30,"TARTIM TERAZISI 30 KG",set-ustu-mutfak,5192,4591,,13.1,,mutbex,https://www.mutbex.com/oztiryakiler-tartim-terazisi-30-kg-1-g
8325.ACSHA.30,"FİYAT HESAPLAMALI TARTIM TERAZİSİ 30 KG",set-ustu-mutfak,7775,6874,,13.1,,mutbex,https://www.mutbex.com/oztiryakiler-tartim-terazisi-30-kg-5-10-g
8325.B5300.7080,"TARTIM BASKULU 300 KG / 70*80 PLATFORMLU",set-ustu-mutfak,12242,10824,,13.1,,mutbex,https://www.mutbex.com/oztiryakiler-b5300-tartim-baskulu-70x80-cm-platformlu-300-kg
8325.B5300.7080P,"TARTIM BASKULU PASLANMAZ 300 KG /70*80 PLATFORMLU",set-ustu-mutfak,45896,40578,,13.1,,mutbex,https://www.mutbex.com/oztiryakiler-b5300-paslanmaz-tartim-baskulu-70x80-cm-platformlu-300-kg
8880.OS050.00,"SOGUK SU SEBILI KOMPLE PASLANMAZ MONOBLOK KAZANLI 50 LT",set-ustu-mutfak,40864,33731,,21.1,,mutbex,https://www.mutbex.com/komple-paslanmaz-monoblok-kazanli-soguk-su-sebili-50-litre
8880.00200.02,"SOGUK SU SEBILI PASLANMAZ GOVDE-IC HAZNE  200 LT 4 MUSLUKLU",set-ustu-mutfak,198096,163468,,21.2,,mutbex,https://www.mutbex.com/oztiryakiler-soguk-su-sebili-krom-govde-200-lt-ic-hazne-4-musluklu
8880.00250.04,"SOGUK SU SEBILI PASLANMAZ GOVDE-IC HAZNE  250 LT 4 MUSLUKLU",set-ustu-mutfak,224024,184865,,21.2,,mutbex,https://www.mutbex.com/soguk-su-sebili-krom-govde-ic-hazne-250-lt-4-musluklu
8880.0EMMK.A0,"SOGUK SU SEBILI+GUNLUK 600 LT ARITMALI KOMPLE PASLANMAZ MONOBLOK KAZANLI 80 LT.",set-ustu-mutfak,94381,77883,,21.2,,mutbex,https://www.mutbex.com/oztiryakiler-soguk-su-sebili-komple-paslanmaz-80-lt-monoblok-kazanli-gunluk-600-lt-aritmali
8880.00120.02,"SOGUK SU SEBILI PASLANMAZ GOVDE-IC HAZNE  120 LT 2 MUSLUKLU",set-ustu-mutfak,127570,105270,,21.2,,mutbex,https://www.mutbex.com/soguk-su-sebili-krom-govde-ic-hazne-120-lt-2-musluklu
8880.00150.02,"SOGUK SU SEBILI PASLANMAZ GOVDE-IC HAZNE  150 LT 2 MUSLUKLU",set-ustu-mutfak,160758,132658,,21.2,,mutbex,https://www.mutbex.com/soguk-su-sebili-krom-govde-ic-azne-150-lt-2-musluklu
8919.00000.05,"ET TESHIR DOLABI LEOPARD 800 L:1350 MM",set-ustu-mutfak,187151,189853,,-1.4,,equsto,https://www.mutbex.com/oztiryakiler-leopard-800-et-teshir-dolabi-135x80x122-cm
8919.01037.00,"ET TESHIR DOLABI LEOPARD 800 L:1037 MM",set-ustu-mutfak,165335,167722,,-1.4,,equsto,https://www.mutbex.com/oztiryakiler-leopard-800-et-teshir-dolabi-1037x80x122-cm
8919.02000.00,"ET TESHIR DOLABI LEOPARD 800 L:2000 MM",set-ustu-mutfak,251614,255246,,-1.4,,equsto,https://www.mutbex.com/oztiryakiler-leopard-800-et-teshir-dolabi-200x80x122-cm
8919.02600.00,"ET TESHIR DOLABI LEOPARD 800 L:2600 MM",set-ustu-mutfak,304530,308927,,-1.4,,equsto,https://www.mutbex.com/oztiryakiler-leopard-800-et-teshir-dolabi-260x80x122
8919.02912.00,"ET TESHIR DOLABI LEOPARD 800 L:2912 MM",set-ustu-mutfak,340184,345096,,-1.4,,equsto,https://www.mutbex.com/oztiryakiler-leopard-800-et-teshir-dolabi-2912x80x122-cm
8919.03225.00,"ET TESHIR DOLABI LEOPARD 800 L:3225 MM",set-ustu-mutfak,376100,381531,,-1.4,,equsto,https://www.mutbex.com/oztiryakiler-leopard-800-et-teshir-dolabi-3225x80x120-cm
8919.03850.00,"ET TESHIR DOLABI LEOPARD 800 L:3850  MM",set-ustu-mutfak,423475,429590,,-1.4,,equsto,https://www.mutbex.com/oztiryakiler-leopard-800-et-teshir-dolabi-385x80x122-cm
7959.60578.40,"BASKET TASIMA ARABASI KULPLU 60*60*85",set-ustu-mutfak,15972,18050,,-11.5,,equsto,https://www.mutbex.com/basket-tasima-arabasi-kulplu-606085
7912.07070.51,"KUVER ÜNİTESİ T.K.STANDLI AHŞAP KAPLI 70*70",set-ustu-mutfak,35498,,38411,,-7.6,equsto,
7912.08070.51,"KUVER ÜNİTESİ T.K.STANDLI AHŞAP KAPLI 80*70",set-ustu-mutfak,36863,,39887,,-7.6,equsto,
7912.10070.51,"KUVER ÜNİTESİ T.K.STANDLI AHŞAP KAPLI 100*70",set-ustu-mutfak,41416,,44812,,-7.6,equsto,
7897.14030.05,"TEPSI KAYDIRMA STANDI 140*30",set-ustu-mutfak,4572,,6262,,-27,equsto,
7897.15030.05,"TEPSI KAYDIRMA STANDI 150*30",set-ustu-mutfak,4668,,6393,,-27,equsto,
7868.44780.00,"TABAK DISPANSERI CIFTLI NOTR 44*78",set-ustu-mutfak,29198,36912,,-20.9,,equsto,https://www.mutbex.com/tabak-dispanseri-ciftli-notr-4478
7868.04444.01,"TABAK DISPANSERI TEKLI ISITMALI 44*44",set-ustu-mutfak,23839,,30838,,-22.7,equsto,
7868.04444.00,"TABAK DISPANSERI TEKLI NOTR 44*44",set-ustu-mutfak,18250,23070,,-20.9,,equsto,https://www.mutbex.com/tabak-diispanseri-tekli-notr-4444
7868.00030.01,"TABAK KARTUŞU ISITMALI",set-ustu-mutfak,13177,16659,,-20.9,,equsto,https://www.mutbex.com/tabak-kartusu-isitmali
7868.00030.00,"TABAK KARTUŞU NÖTR",set-ustu-mutfak,11161,14109,,-20.9,,equsto,https://www.mutbex.com/tabak-kartusu-notr
7912.15070.O0,"SALAT BAR ASANSORLU OSBA 150*70 (MESE)",set-ustu-mutfak,124727,157676,129077,-20.9,-3.4,equsto,https://www.mutbex.com/salat-bar-asansorlu-osba-15070-mese
7912.16894.O0,"SALADBAR (MEŞE)",set-ustu-mutfak,84559,103783,,-18.5,,equsto,https://www.mutbex.com/oztiryakiler-saladbar-mese-osbe16894
7912.16894.M0,"SALADBAR (MAUN)",set-ustu-mutfak,84559,103783,,-18.5,,equsto,https://www.mutbex.com/oztiryakiler-saladbar-maun-osbe16894
7912.16894.W0,"SALADBAR (CEVIZ)",set-ustu-mutfak,84559,103783,,-18.5,,equsto,https://www.mutbex.com/oztiryakiler-saladbar-ceviz-osbe-16894
8893.04070.00,"COP KOVASI PEDALLI PASL. END.TIP 70 LT",set-ustu-mutfak,7253,,7583,,-4.4,equsto,
9479.10061.HK,"OZTIRYAKILER CORBALIK SB-6000",set-ustu-mutfak,16710,14902,,12.1,,mutbex,https://www.mutbex.com/oztiryakiler-corbalik-10-litre
8860.OPS01.28,"PORTAKAL SIKMA MAKINASI CAFE TIPI   OPS01 28",set-ustu-mutfak,119273,112928,,5.6,,mutbex,https://www.mutbex.com/oztiryakiler-portakal-sikma-makinesi
8860.OPS02.38,"PORTAKAL SIKMA MAKINASI BARDAKLI OTOMATIK  OPS02 38",set-ustu-mutfak,225061,213090,,5.6,,mutbex,https://www.mutbex.com/oztiryakiler-portakal-sikma-makinesi-bardakli
8860.OPS03.38,"PORTAKAL SIKMA MAKINASI DEPOLU OTOMATIK  OPS03 38",set-ustu-mutfak,237508,224874,,5.6,,mutbex,https://www.mutbex.com/oztiryakiler-portakal-sikma-makinesi-depolu
8860.OPS04.38,"PORTAKAL SIKMA MAKINASI STANTLI OTOMATIK  OPS04 38",set-ustu-mutfak,288067,272745,,5.6,,mutbex,https://www.mutbex.com/oztiryakiler-portakal-sikma-makinesi-standli
8564.00001.01,"MEYVE SIKMA PRESI KUCUK",set-ustu-mutfak,5705,5401,,5.6,,mutbex,https://www.mutbex.com/oztiryakiler-meyve-sikma-presi-kucuk
8564.00001.03,"MEYVE SIKMA PRESI KROM BUYUK",set-ustu-mutfak,8297,7856,,5.6,,mutbex,https://www.mutbex.com/oztiryakiler-meyve-sikma-presi-krom-buyuk
7919.06NMV.00,"GN 600 NMV TEK INOX KAPI DIK TIP BUZDOLABI",sogutma,76069,93417,,-18.6,,equsto,https://www.mutbex.com/oztiryakiler-monoblok-tek-kapili-dik-tip-buzdolabi-gn-600-nmv-model-304-kalite
7919.12NMV.00,"GN 1200 NMV CIFT INOX KAPI DIK TIP BUZDOLABI",sogutma,114008,140008,,-18.6,,equsto,https://www.mutbex.com/oztiryakiler-monoblok-cift-kapili-dik-tip-buzdolabi-gn-1200-nmv-model-304-kalite
7919.06NMV.10,"GN 600 NMV CIFT YARIM INOX KAPI DIK TIP BUZDOLABI",sogutma,82236,100990,,-18.6,,equsto,https://www.mutbex.com/oztiryakiler-monoblok-cift-kapili-dik-tip-buzdolabi-gn-600-nmv-model-304-kalite
7919.12NMV.10,"GN 1200 NMV 4 YARIM INOX KAPI DIK TIP BUZDOLABI",sogutma,124266,152605,,-18.6,,equsto,https://www.mutbex.com/oztiryakiler-monoblok-4-kapili-dik-tip-buzdolabi-gn-1200-nmv-model-304-kalite
7919.06NMV.01,"GN 600 NMV TEK CAM KAPI DIK TIP BUZDOLABI",sogutma,84194,103396,,-18.6,,equsto,https://www.mutbex.com/oztiryakiler-monoblok-tek-cam-kapili-dik-tip-buzdolabi-gn-600-nmv-model-304-kalite
7919.12NMV.01,"GN 1200 NMV CIFT CAM KAPI DIK TIP BUZDOLABI",sogutma,123479,151638,,-18.6,,equsto,https://www.mutbex.com/oztiryakiler-monoblok-cift-cam-kapili-dik-tip-buzdolabi-gn-1200-nmv-model-304-kalite
7919.06NMV.11,"GN 600 NMV CIFT YARIM CAM KAPI DIK TIP BUZDOLABI",sogutma,90208,110779,,-18.6,,equsto,https://www.mutbex.com/oztiryakiler-cift-cam-kapili-dik-tip-buzdolabi-gn-600-nmv-model-304-model
7919.12NMV.11,"GN 1200 NMV 4 YARIM CAM KAPI DIK TIP BUZDOLABI",sogutma,133564,164022,,-18.6,,equsto,https://www.mutbex.com/buzdolabi-gn-tipi-gn-1200-nmv11-monoblok-4-cam-kapili
79K3.06NMV.00,"GN 600 NMV TEK INOX KAPI DIK TIP BUZDOLABI K TİP",sogutma,70441,81417,,-13.5,,equsto,https://www.mutbex.com/oztiryakiler-tek-inox-kapili-dik-tip-buzdolabi-gn-600-ntv-model-304-kalite
79K3.12NMV.00,"GN 1200 NMV CIFT INOX KAPI DIK TIP BUZDOLABI K TİP",sogutma,105499,111180,,-5.1,,equsto,https://www.mutbex.com/oztiryakiler-cift-inox-kapi-dik-tip-buzdolabi-gn-1200-ntv-model-304-kalite
79K4.06NMV.00,"GN 600 NMV TEK INOX KAPI DIK TIP BUZDOLABI K TİP",sogutma,64159,74156,,-13.5,,equsto,https://www.mutbex.com/oztiryakiler-tek-kapili-dik-tip-buzdolabi-gn-600-nmv-eco-model-430-kalite
79K4.12NMV.00,"GN 1200 NMV CIFT INOX KAPI DIK TIP BUZDOLABI K TİP",sogutma,94472,93195,,1.4,,mutbex,https://www.mutbex.com/oztiryakiler-cift-kapili-dik-tip-buzdolabi-gn-1200-nmv-eco-model-430-kalite
79K4.06NMV.10,"GN 600 NMV IKI YARIM KAPILI BUZDOLABI 430 K TIP",sogutma,68848,84547,,-18.6,,equsto,https://www.mutbex.com/oztiryakiler-iki-yarim-kapili-buzdolabi-gn-600-nmv-k-tip-430-kalite
79K4.12NMV.10,"GN 1200 NMV DORT YARIM KAPILI BUZDOLABI 430 K TIP",sogutma,103692,127340,,-18.6,,equsto,https://www.mutbex.com/oztiryakiler-dort-yarim-kapili-buzdolabi-gn-1200-nmv-k-tip-430-kalite
79K3.12NMV.10,"GN 1200 NMV DORT YARIM KAPILI BUZDOLABI  K TIP",sogutma,116256,142768,,-18.6,,equsto,https://www.mutbex.com/oztiryakiler-dort-yarim-kapili-oztiryakiler-dort-yarim-kapili-dik-tip-buzdolabi-gn-1200-nmv-k-tip-304-kalitedik-tip-buzdolabi-gn-1200-nmv-k-tip-430-kalite
79K3.06NMV.10,"GN 600 NMV IKI YARIM KAPILI BUZDOLABI  K TIP",sogutma,76511,93960,,-18.6,,equsto,https://www.mutbex.com/oztiryakiler-iki-yarim-kapili-dik-tip-buzdolabi-k-tip-gn-600-nmv-model-304-kalite
79K3.06NMV.11,"GN 600 NMV IKI YARIM  CAM KAPILI BUZDOLABI  K TIP",sogutma,84944,104316,,-18.6,,equsto,https://www.mutbex.com/oztiryakiler-iki-yarim-cam-kapili-dik-tip-buzdolabi-k-tip-gn-600-nmv-model-304-kalite
79K3.12NMV.11,"GN 1200 NMV DORT YARIM CAM KAPILI BUZDOLABI  K TIP",sogutma,123344,151473,,-18.6,,equsto,https://www.mutbex.com/oztiryakiler-dort-yarim-cam-kapili-dik-tip-buzdolabi-k-tip-gn-1200-nmv-model-304-kalite
79K3.06NMV.01,"GN 600 NMV TEK CAM KAPILI BUZDOLABI  K TIP",sogutma,78664,96602,,-18.6,,equsto,https://www.mutbex.com/oztiryakiler-tek-cam-kapili-dik-tip-buzdolabi-k-tip-gn-600-nmv-model-304-kalite
79K3.12NMV.01,"GN 1200 NMV IKI CAM KAPILI BUZDOLABI  K TIP",sogutma,111934,137460,,-18.6,,equsto,https://www.mutbex.com/oztiryakiler-cift-cam-kapili-dik-tip-buzdolabi-k-tipi-304-kalite-gn-1200-nmv-model
79K4.06NMV.01,"GN 600 NMV TEK CAM KAPILI BUZDOLABI 430 K TIP",sogutma,70940,87119,,-18.6,,equsto,https://www.mutbex.com/oztiryakiler-tek-cam-kapili-dik-tip-buzdolabi-k-tip-gn-600-nmv-model-430-kalite
79K4.12NMV.01,"GN 1200 NMV IKI CAM KAPILI BUZDOLABI 430 K TIP",sogutma,101464,124603,,-18.6,,equsto,https://www.mutbex.com/oztiryakiler-cift-cam-kapili-dik-tip-buzdolabi-k-tipi-430-kalite-gn-1200-nmv-model
79K4.12NMV.11,"GN 1200 NMV DORT YARIM CAM KAPILI BUZDOLABI 430 K TIP",sogutma,114162,140196,,-18.6,,equsto,https://www.mutbex.com/oztiryakiler-dort-yarim-cam-kapili-dik-tip-buzdolabi-k-tip-gn-1200-nmv-model-430-kalite
79E3.26NMV.00,"TA 260 NMV CIFT INOX KAPI YATAY TIP BUZDOLABI",sogutma,66503,81669,,-18.6,,equsto,https://www.mutbex.com/ta-260-nmv-cift-inox-kapi-yatay-tip-buzdolabi
79E3.36NMV.00,"TA 360 NMV 3 INOX KAPI YATAY TIP BUZDOLABI",sogutma,83330,102334,,-18.6,,equsto,https://www.mutbex.com/ta-360-nmv-3-inox-kapi-yatay-tip-buzdolabi
79E3.46NMV.00,"TA 460 NMV 4 INOX KAPI YATAY TIP BUZDOLABI",sogutma,99851,122622,,-18.6,,equsto,https://www.mutbex.com/ta-460-nmv-4-inox-kapi-yatay-tip-buzdolabi
79E3.26LMV.00,"TA 260 LMV CIFT INOX KAPI YATAY TIP DERIN DONDURUCU",sogutma,70115,86104,,-18.6,,equsto,https://www.mutbex.com/oztiryakiler-cift-kapili-yatay-tip-derin-dondurucu-ta-260-lmv-304-kalite
79E3.36LMV.00,"TA 360 LMV 3 INOX KAPI YATAY TIP DERIN DONDURUCU",sogutma,86423,106132,,-18.6,,equsto,https://www.mutbex.com/oztiryakiler-3-inox-kapili-yatay-tip-derin-dondurucu-ta-360-lmv-304-kalite
79E3.46LMV.00,"TA 460 LMV 4 INOX KAPI YATAY TIP DERIN DONDURUCU",sogutma,103463,127057,,-18.6,,equsto,https://www.mutbex.com/oztiryakiler-4-inox-kapili-yatay-tip-derin-dondurucu-ta-460-lmv-304-kalite
79E3.26NMV.01,"TA 260 NMV CIFT CAM KAPI YATAY TIP BUZDOLABI",sogutma,67253,82589,,-18.6,,equsto,https://www.mutbex.com/ta-260-nmv-cift-cam-kapi-yatay-tip-buzdolabi
79E3.36NMV.01,"TA 360 NMV 3 CAM KAPI YATAY TIP BUZDOLABI",sogutma,84464,103726,,-18.6,,equsto,https://www.mutbex.com/buzdolabi-ta-36001-nmv-uc-cam-kapili
79E3.46NMV.01,"TA 460 NMV 4 CAM KAPI YATAY TIP BUZDOLABI",sogutma,101350,124462,,-18.6,,equsto,https://www.mutbex.com/ta-460-nmv-4-cam-kapi-yatay-tip-buzdolabi
79E3.26NMV.02,"TA 260 NMV 4  CEKMECE YATAY TIP BUZDOLABI",sogutma,91379,112218,,-18.6,,equsto,https://www.mutbex.com/ta-260-nmv-4-cekmece-yatay-tip-buzdolabi
79E3.36NMV.02,"TA 360 NMV 6  CEKMECE YATAY TIP BUZDOLABI",sogutma,111358,136752,,-18.6,,equsto,https://www.mutbex.com/ta-360-nmv-6-cekmece-yatay-tip-buzdolabi
79E3.46NMV.02,"TA 460 NMV 8  CEKMECE YATAY TIP BUZDOLABI",sogutma,138923,170604,,-18.6,,equsto,https://www.mutbex.com/oztiryakiler-8-cekmeceli-yatay-tip-buzdolabi-ta-460-nmv
79E3.26LMV.02,"TA 260 LMV 4  CEKMECE YATAY TIP DERIN DONDURUCU",sogutma,100657,123613,,-18.6,,equsto,https://www.mutbex.com/oztiryakiler-4-cekmeceli-yatay-tip-derin-dondurucu-ta-260-lmv-304-kalite
79E3.36LMV.02,"TA 360 LMV 6  CEKMECE YATAY TIP DERIN DONDURUCU",sogutma,127166,156167,,-18.6,,equsto,https://www.mutbex.com/oztiryakiler-6-cekmeceli-yatay-tip-derin-dondurucu-ta-360-lmv-304-kalite
79E3.46LMV.02,"TA 460 LMV 8  CEKMECE YATAY TIP DERIN DONDURUCU",sogutma,160130,196648,,-18.6,,equsto,https://www.mutbex.com/oztiryakiler-8-cekmeceli-yatay-tip-derin-dondurucu-ta-460-lmv-304-kalite
79E3.26NMV.03,"TA 260 NMV 6  CEKMECE YATAY TIP BUZDOLABI",sogutma,102214,125523,,-18.6,,equsto,https://www.mutbex.com/ta-260-nmv-6-cekmece-yatay-tip-buzdolabi
79E3.36NMV.03,"TA 360 NMV 9  CEKMECE YATAY TIP BUZDOLABI",sogutma,129913,159540,,-18.6,,equsto,https://www.mutbex.com/ta-360-nmv-9-cekmece-yatay-tip-buzdolabi
79E3.46NMV.03,"TA 460 NMV 12  CEKMECE YATAY TIP BUZDOLABI",sogutma,159804,196247,,-18.6,,equsto,https://www.mutbex.com/ta-460-nmv-12-cekmece-yatay-tip-buzdolabi
79E3.26LMV.03,"TA 260 LMV 6  CEKMECE YATAY TIP DERIN DONDURUCU",sogutma,112490,138144,,-18.6,,equsto,https://www.mutbex.com/oztiryakiler-6-cekmeceli-yatay-tip-derin-dondurucu-ta-260-lmv-304-kalite
79E3.36LMV.03,"TA 360 LMV 9  CEKMECE YATAY TIP DERIN DONDURUCU",sogutma,146050,179356,,-18.6,,equsto,https://www.mutbex.com/oztiryakiler-9-cekmeceli-yatay-tip-derin-dondurucu-ta-360-lmv-304-kalite
79E3.46LMV.03,"TA 460 LMV 12  CEKMECE YATAY TIP DERIN DONDURUCU",sogutma,184430,226489,,-18.6,,equsto,https://www.mutbex.com/oztiryakiler-12-cekmeceli-yatay-tip-derin-dondurucu-ta-460-lmv-304-kalite
79E3.27NMV.00,"TAG 270 NMV CIFT INOX KAPI YATAY TIP BUZDOLABI",sogutma,69307,85113,,-18.6,,equsto,https://www.mutbex.com/oztiryakiler-cift-inox-kapili-yatay-tip-buzdolabi-tag-270-nmv-304-kalite
79E3.37NMV.00,"TAG 370 NMV 3 INOX KAPI YATAY TIP BUZDOLABI",sogutma,86616,100111,,-13.5,,equsto,https://www.mutbex.com/oztiryakiler-3-kapili-monoblok-tezgah-alti-buzdolabi-gn-tipi-tag-370-nmv-304-kalite
79E3.47NMV.00,"TAG 470 NMV 4 INOX KAPI YATAY TIP BUZDOLABI",sogutma,103655,127293,,-18.6,,equsto,https://www.mutbex.com/oztiryakiler-4-inox-kapili-yatay-tip-buzdolabi-tag-470-nmv
79E4.27NMV.00,"TAG 270 NMV CIFT INOX KAPI YATAY TIP BUZDOLABI",sogutma,61547,71137,,-13.5,,equsto,https://www.mutbex.com/oztiryakiler-cift-inox-kapili-yatay-tip-buzdolabi-tag-270-nmv-430-kalite
79E4.37NMV.00,"TAG 370 NMV 3 INOX KAPI YATAY TIP BUZDOLABI",sogutma,77146,89165,,-13.5,,equsto,https://www.mutbex.com/oztiryakiler-3-inox-kapili-gn-tipi-buzdolabi-tag-370-nmv-430-kalite
79E4.47NMV.00,"TAG 470 NMV 4 INOX KAPI YATAY TIP BUZDOLABI",sogutma,91206,112006,,-18.6,,equsto,https://www.mutbex.com/tag-470-nmv-4-inox-kapi-yatay-tip-buzdolabi
79E3.27LMV.00,"TAG 270 LMV CIFT INOX KAPI YATAY TIP DERIN DONDURUCU",sogutma,72919,89548,,-18.6,,equsto,https://www.mutbex.com/oztiryakiler-cift-inox-kapili-yatay-tip-derin-dondurucu-tag-270-lmv-304-kalite
79E3.37LMV.00,"TAG 370 LMV 3 INOX KAPI YATAY TIP DERIN DONDURUCU",sogutma,89689,110143,,-18.6,,equsto,https://www.mutbex.com/oztiryakiler-3-inox-kapili-yatay-tip-derin-dondurucu-tag-370-lmv-304-kalite
79E3.47LMV.00,"TAG 470 LMV 4 INOX KAPI YATAY TIP DERIN DONDURUCU",sogutma,107266,131728,,-18.6,,equsto,https://www.mutbex.com/oztiryakiler-4-inox-kapili-yatay-tip-derin-dondurucu-tag-470-lmv-304-kalite
79E4.27LMV.00,"TAG 270 LMV CIFT INOX KAPI YATAY TIP DERIN DONDURUCU",sogutma,65159,75311,,-13.5,,equsto,https://www.mutbex.com/oztiryakiler-cift-inox-kapili-yatay-tip-derin-dondurucu-tag-270-lmv-430-kalite
79E4.37LMV.00,"TAG 370 LMV 3 INOX KAPI YATAY TIP DERIN DONDURUCU",sogutma,80219,98513,,-18.6,,equsto,https://www.mutbex.com/oztiryakiler-3-inox-kapili-yatay-tip-derin-dondurucu-tag-370-lmv-430-kalite
79E4.47LMV.00,"TAG 470 LMV 4 INOX KAPI YATAY TIP DERIN DONDURUCU",sogutma,94818,116441,,-18.6,,equsto,https://www.mutbex.com/oztiryakiler-4-inox-kapili-yatay-tip-derin-dondurucu-tag-470-lmv-430-kalite
79E3.27NMV.01,"TAG 270 NMV CIFT CAM KAPI YATAY TIP BUZDOLABI",sogutma,70057,86033,,-18.6,,equsto,https://www.mutbex.com/oztiryakiler-cift-cam-kapili-yatay-tip-buzdolabi-tag-270-nmv-304-kalite
79E3.37NMV.01,"TAG 370 NMV 3 CAM KAPI YATAY TIP BUZDOLABI",sogutma,87730,107736,,-18.6,,equsto,https://www.mutbex.com/oztiryakiler-3-cam-kapili-yatay-tip-buzdolabi-tag-370-nmv-304-kalite
79E3.47NMV.01,"TAG 470 NMV 4 CAM KAPI YATAY TIP BUZDOLABI",sogutma,105133,129109,,-18.6,,equsto,https://www.mutbex.com/oztiryakiler-4-cam-kapili-yatay-tip-buzdolabi-tag-470-nmv-304-kalite
79E4.27NMV.01,"TAG 270 NMV CIFT CAM KAPI YATAY TIP BUZDOLABI",sogutma,62756,77069,,-18.6,,equsto,https://www.mutbex.com/oztiryakiler-cift-cam-kapili-yatay-tip-buzdolabi-tag-270-nmv-model
79E4.37NMV.01,"TAG 370 NMV 3 CAM KAPI YATAY TIP BUZDOLABI",sogutma,78932,96932,,-18.6,,equsto,https://www.mutbex.com/oztiryakiler-3-cam-kapili-yatay-tip-buzdolabi-tag-370-nmv-430-kalite
79E4.47NMV.01,"TAG 470 NMV 4 CAM KAPI YATAY TIP BUZDOLABI",sogutma,93570,114908,,-18.6,,equsto,https://www.mutbex.com/tag-470-nmv-4-cam-kapi-yatay-tip-buzdolabi
79E3.27NMV.02,"TAG 270 NMV 4  CEKMECE YATAY TIP BUZDOLABI",sogutma,93666,108259,,-13.5,,equsto,https://www.mutbex.com/oztiryakiler-4-cekmeceli-yatay-tip-buzdolabi-tag-270-nmv-304-kalite
79E3.37NMV.02,"TAG 370 NMV 6  CEKMECE YATAY TIP BUZDOLABI",sogutma,123018,151071,,-18.6,,equsto,https://www.mutbex.com/tag-370-nmv-6-cekmece-yatay-tip-buzdolabi
79E3.47NMV.02,"TAG 470 NMV 8  CEKMECE YATAY TIP BUZDOLABI",sogutma,152370,187117,,-18.6,,equsto,https://www.mutbex.com/tag-470-nmv-8-cekmece-yatay-tip-buzdolabi
79E4.27NMV.02,"TAG 270 NMV 4  CEKMECE YATAY TIP BUZDOLABI",sogutma,83599,102664,,-18.6,,equsto,https://www.mutbex.com/tag-270-nmv-4-cekmece-yatay-tip-buzdolabi-557
79E4.37NMV.02,"TAG 370 NMV 6  CEKMECE YATAY TIP BUZDOLABI",sogutma,110089,135195,,-18.6,,equsto,https://www.mutbex.com/tag-370-nmv-6-cekmece-yatay-tip-buzdolabi-556
79E4.47NMV.02,"TAG 470 NMV 8  CEKMECE YATAY TIP BUZDOLABI",sogutma,135331,166193,,-18.6,,equsto,https://www.mutbex.com/tag-470-nmv-8-cekmece-yatay-tip-buzdolabi-555
79E3.27LMV.02,"TAG 270 LMV 4  CEKMECE YATAY TIP DERIN DONDURUCU",sogutma,103327,126892,,-18.6,,equsto,https://www.mutbex.com/oztiryakiler-4-cekmeceli-yatay-tip-derin-dondurucu-tag-270-lmv-304-kalite
79E3.37LMV.02,"TAG 370 LMV 6  CEKMECE YATAY TIP DERIN DONDURUCU",sogutma,132103,162230,,-18.6,,equsto,https://www.mutbex.com/oztiryakiler-6-cekmeceli-yatay-tip-derin-dondurucu-tag-370-lmv-304-kalite
79E3.47LMV.02,"TAG 470 LMV 8  CEKMECE YATAY TIP DERIN DONDURUCU",sogutma,164338,201814,,-18.6,,equsto,https://www.mutbex.com/oztiryakiler-8-cekmeceli-yatay-tip-derin-dondurucu-tag-470-lmv-304-kalite
79E4.27LMV.02,"TAG 270 LMV 4  CEKMECE YATAY TIP DERIN DONDURUCU",sogutma,89785,110260,,-18.6,,equsto,https://www.mutbex.com/oztiryakiler-4-cekmeceli-yatay-tip-derin-dondurucu-tag-270-lmv-430-kalite
79E4.37LMV.02,"TAG 370 LMV 6  CEKMECE YATAY TIP DERIN DONDURUCU",sogutma,118177,145127,,-18.6,,equsto,https://www.mutbex.com/oztiryakiler-6-cekmeceli-yatay-tip-derin-dondurucu-tag-370-lmv-430-kalite
79E4.47LMV.02,"TAG 470 LMV 8  CEKMECE YATAY TIP DERIN DONDURUCU",sogutma,144398,177327,,-18.6,,equsto,https://www.mutbex.com/oztiryakiler-8-cekmeceli-yatay-tip-derin-dondurucu-tag-470-lmv-430-kalite
79E4.27NMV.03,"TAG 270 NMV 6  CEKMECE YATAY TIP BUZDOLABI",sogutma,96048,117951,,-18.6,,equsto,https://www.mutbex.com/tag-270-nmv-6-cekmece-yatay-tip-buzdolabi-548
79E4.37NMV.03,"TAG 370 NMV 9  CEKMECE YATAY TIP BUZDOLABI",sogutma,128876,158266,,-18.6,,equsto,https://www.mutbex.com/tag-370-nmv-9-cekmece-yatay-tip-buzdolabi-547
79E4.47NMV.03,"TAG 470 NMV 12  CEKMECE YATAY TIP BUZDOLABI",sogutma,160342,196907,,-18.6,,equsto,https://www.mutbex.com/tag-470-nmv-12-cekmece-yatay-tip-buzdolabi-546
79E4.27LMV.03,"TAG 270 LMV 6  CEKMECE YATAY TIP DERIN DONDURUCU",sogutma,100966,123990,,-18.6,,equsto,https://www.mutbex.com/oztiryakiler-6-cekmeceli-yatay-tip-derin-donudurucu-tag-270-lmv-430-kalite
79E4.37LMV.03,"TAG 370 LMV 9  CEKMECE YATAY TIP DERIN DONDURUCU",sogutma,136810,168009,,-18.6,,equsto,https://www.mutbex.com/oztiryakiler-9-cekmeceli-yatay-tip-derin-dondurucu-tag-370-lmv-430-kalite
79E4.47LMV.03,"TAG 470 LMV 12  CEKMECE YATAY TIP DERIN DONDURUCU",sogutma,168409,206815,,-18.6,,equsto,https://www.mutbex.com/oztiryakiler-12-cekmeceli-yatay-tip-derin-dondurucu-tag-470-lmv-430-kalite
79E3.27NMV.03,"TAG 270 NMV 6  CEKMECE YATAY TIP BUZDOLABI",sogutma,105768,129887,,-18.6,,equsto,https://www.mutbex.com/oztiryakiler-6-cekmeceli-yatay-tip-buzdolabi-tag-270-nmv-304-kalite
79E3.37NMV.03,"TAG 370 NMV 9  CEKMECE YATAY TIP BUZDOLABI",sogutma,141209,173411,,-18.6,,equsto,https://www.mutbex.com/oztiryakiler-9-cekmeceli-yatay-tip-buzdolabi-tag-370-nmv-304-kalite
79E3.47NMV.03,"TAG 470 NMV 12  CEKMECE YATAY TIP BUZDOLABI",sogutma,176632,216912,,-18.6,,equsto,https://www.mutbex.com/oztiryakiler-12-cekmeceli-yatay-tip-buzdolabi-tag-470-nmv-304-kalite
79E3.27LMV.03,"TAG 270 LMV 6  CEKMECE YATAY TIP DERIN DONDURUCU",sogutma,114316,140385,,-18.6,,equsto,https://www.mutbex.com/oztiryakiler-6-cekmeceli-yatay-tip-derin-dondurucu-tag-270-lmv-304-kalite
79E3.37LMV.03,"TAG 370 LMV 9  CEKMECE YATAY TIP DERIN DONDURUCU",sogutma,149681,183815,,-18.6,,equsto,https://www.mutbex.com/oztiryakiler-9-cekmeceli-yatay-tip-derin-dondurucu-tag-370-lmv-304-kalite
79E3.47LMV.03,"TAG 470 LMV 12  CEKMECE YATAY TIP DERIN DONDURUCU",sogutma,186832,229438,,-18.6,,equsto,https://www.mutbex.com/oztiryakiler-12-cekmeceli-yatay-tip-derin-dondurucu-tag-470-lmv-304-kalite
7919.10NTS.00,"SLIM 100 NTS INOX KAPI BUZDOLABI",sogutma,58550,71903,,-18.6,,equsto,https://www.mutbex.com/buzdolabi-slim100-nts-tek-kapili
7919.15NTS.00,"SLIM 150 NTS INOX KAPI BUZDOLABI",sogutma,59531,73106,,-18.6,,equsto,https://www.mutbex.com/oztiryakiler-tek-kapili-slim-buzdolabi-slim-150-nts
7919.27NTV.E0,"TAG 270 NTV İKİ INOX KAPILI EVYELİ BUZDOLABI",sogutma,104634,128496,,-18.6,,equsto,https://www.mutbex.com/oztiryakiler-2-kapili-monoblok-tezgah-alti-buzdolabievyeli-gn-tipi-tag-270-ntve-304-kalite
7919.37NTV.E0,"TAG 370 NTV ÜÇ INOX KAPILI EVYELİ BUZDOLABI",sogutma,136022,167042,,-18.6,,equsto,https://www.mutbex.com/oztiryakiler-3-kapili-monoblok-tezgah-alti-buzdolabievyeli-gn-tipi-tag-370-ntve-304-kalite-26408
7919.27NTV.S0,"TAG 270 NTV İKİ INOX KAPILI BUZDOLABI PİZZA HAZIRLIK TABLALI 142*70",sogutma,97354,119555,,-18.6,,equsto,https://www.mutbex.com/oztiryakiler-cift-inox-kapili-buzdolabi-pizza-hazirlik-tablali-tag-270-ntv-142x70-cm
7919.37NTV.S0,"TAG 370 NTV ÜÇ INOX KAPILI BUZDOLABI PİZZA HAZIRLIK TABLALI 188*70",sogutma,131239,161168,,-18.6,,equsto,https://www.mutbex.com/oztiryakiler-tezgah-tipi-pizza-hazirlik-uniteli-buzdolabi-tag-37ntvs
7919.47NTV.S0,"TAG 470 NTV DÖRT INOX KAPILI BUZDOLABI PİZZA HAZIRLIK TABLALI 240*70",sogutma,152658,187471,,-18.6,,equsto,https://www.mutbex.com/oztiryakiler-dort-inox-kapili-buzdolabi-pizza-hazirlik-tablali-tag-470-ntv-240x70-cm
7919.27NTV.24,"TAG 270 NTV CIFT INOX KAPI BUZDOLABI SOGUK SERVIS BANKOSU 142*70",sogutma,79796,97994,88112,-18.6,-9.4,equsto,https://www.mutbex.com/oztiryakiler-soguk-servis-bankosu-140x70-cm-tag-270-ntv
7919.37NTV.24,"TAG 370 NTV 3 INOX KAPI BUZDOLABI SOGUK SERVIS BANKOSU 188*70",sogutma,103519,127127,114308,-18.6,-9.4,equsto,https://www.mutbex.com/oztiryakiler-soguk-servis-bankosu-190x70-cm-tag-370-ntv
7919.47NTV.24,"TAG 470 NTV 4 INOX KAPI BUZDOLABI SOGUK SERVIS BANKOSU 240*70",sogutma,118888,146000,131277,-18.6,-9.4,equsto,https://www.mutbex.com/oztiryakiler-soguk-servis-bankosu-240x70-cm-tag-47024-ntv
7919.28NTV.PJ,"MAKE UP BUZDOLABI 2 KAPILI",sogutma,201719,247720,,-18.6,,equsto,https://www.mutbex.com/oztiryakiler-2-kapili-pizza-hazirlik-dolabi
7919.38NTV.PJ,"MAKE UP PİZZA HAZIRLIK DOLABI 188X80 ÖZEL PİZZA ÖNÜ TELLİ",sogutma,235163,288791,,-18.6,,equsto,https://www.mutbex.com/oztiryakiler-make-up-pizza-hazirlik-dolabi-180x80-cm-onu-telli
7919.48NTV.PJ,"MAKE UP PİZZA HAZIRLIK DOLABI 240X80 ÖZEL PİZZA ÖNÜ GN KAP TELLİ",sogutma,262171,321959,,-18.6,,equsto,https://www.mutbex.com/oztiryakiler-4-kapili-pizza-hazirlik-dolabi-240x80-cm
79E3.PZC35.L0,"PZC 35 ALCAK PLEXIGLASS KAPAKLI  PIZZA HAZIRLIK UNITESI",sogutma,32617,40056,,-18.6,,equsto,https://www.mutbex.com/oztiryakiler-pizza-hazirlik-unitesi-pleksiglas-kapakli-sogutmali-tag-270-uyumlu-pzc-35
79E3.PZC54.L0,"PZC 54 ALCAK PLEXIGLASS KAPAKLI  PIZZA HAZIRLIK UNITESI",sogutma,35076,43076,,-18.6,,equsto,https://www.mutbex.com/oztiryakiler-pizza-hazirlik-unitesi-pleksiglas-kapakli-sogutmali-tag-370-uyumlu-pzc-54
79E3.PZC72.L0,"PZC 72 ALCAK PLEXIGLASS KAPAKLI  PIZZA HAZIRLIK UNITESI",sogutma,46007,56498,,-18.6,,equsto,https://www.mutbex.com/oztiryakiler-pizza-hazirlik-unitesi-pleksiglas-kapakli-sogutmali-pzc-72
79E3.PZC35.H0,"PZC 35 YUKSEK PLEXIGLASS KAPAKLI  PIZZA HAZIRLIK UNITESI",sogutma,32022,37012,,-13.5,,equsto,https://www.mutbex.com/oztiryakiler-yuksek-pizza-hazirlik-unitesi-pleksiglas-kapakli-sogutmali-tag-270-uyumlu-pzc-35
79E3.PZC54.H0,"PZC 54 YUKSEK PLEXIGLASS KAPAKLI  PIZZA HAZIRLIK UNITESI",sogutma,36191,44444,,-18.6,,equsto,https://www.mutbex.com/oztiryakiler-yuksek-pizza-hazirlik-unitesi-pleksiglas-kapakli-sogutmali-tag-370-uyumlu-pzc-54
79E3.PZC72.H0,"PZC 72 YUKSEK PLEXIGLASS KAPAKLI  PIZZA HAZIRLIK UNITESI",sogutma,47448,58268,,-18.6,,equsto,https://www.mutbex.com/oztiryakiler-yuksek-pizza-hazirlik-unitesi-pleksiglas-kapakli-sogutmali-pzc-72
79E3.PZC35.00,"PZC 35 TEZGAH USTU CAMLI PIZZA HAZIRLIK UNITESI",sogutma,34231,42038,,-18.6,,equsto,https://www.mutbex.com/oztiryakiler-cam-kapakli-pizza-hazirlik-unitesi-sogutmali-tezgah-ustu-pzc-35
79E3.PZC54.00,"PZC 54 TEZGAH USTU CAMLI PIZZA HAZIRLIK UNITESI",sogutma,38131,46826,,-18.6,,equsto,https://www.mutbex.com/oztiryakiler-cam-kapakli-pizza-hazirlik-unitesi-sogutmali-tezgah-ustu-pzc-54
79E3.PZC72.00,"PZC 72 TEZGAH USTU CAMLI PIZZA HAZIRLIK UNITESI",sogutma,43510,53432,,-18.6,,equsto,https://www.mutbex.com/oztiryakiler-cam-kapakli-pizza-hazirlik-unitesi-sogutmali-tezgah-ustu-pzc-72
7506.0B390.00,"BUZ KONTEYNERI B 390 S",sogutma,71716,54951,,30.5,,mutbex,https://www.mutbex.com/oztiryakiler-buz-konteyneri-b-390-s-model-80x80x105-cm
9805.OKB22.A0,"OZTI BUZ MAKINESI OKB22A 22KG/GUN HAZNE 4 KG FULL CUBE",sogutma,56862,51274,,10.9,,mutbex,https://www.mutbex.com/oztiryakiler-okb22a-kup-buz-makinesi-22-kg-gun-kapasiteli-4-kg-saklama-hazneli
9805.OKB25.A0,"OZTI BUZ MAKINESI OKB22A 25KG/GUN HAZNE 6 KG FULL CUBE",sogutma,63824,57552,,10.9,,mutbex,https://www.mutbex.com/oztiryakiler-okb25a-kup-buz-makinesi-25-kg-gun-kapasiteli-6-kg-saklama-hazneli
9805.OKB37.A0,"OZTI BUZ MAKINESI OKB37A 37KG/GUN HAZNE 16 KG FULL CUBE",sogutma,78445,70737,,10.9,,mutbex,https://www.mutbex.com/oztiryakiler-okb37a-kup-buz-makinesi-37-kg-gun-kapasiteli-16-kg-saklama-hazneli
9805.OKB46.A0,"OZTI BUZ MAKINESI OKB46A 46KG/GUN HAZNE 16 KG FULL CUBE",sogutma,81841,83022,,-1.4,,equsto,https://www.mutbex.com/oztiryakiler-okb46a-kup-buz-makinesi-46-kg-gun-kapasiteli-25-kg-saklama-hazneli
9805.OKB68.A0,"OZTI BUZ MAKINESI OKB68A 68KG/GUN HAZNE 40 KG FULL CUBE",sogutma,120164,108355,,10.9,,mutbex,https://www.mutbex.com/oztiryakiler-okb68a-kup-buz-makinesi-68-kg-gun-kapasiteli-40-kg-saklama-hazneli
9805.OKB88.A0,"OZTI BUZ MAKINESI OKB88A 88KG/GUN HAZNE 40 KG FULL CUBE",sogutma,126460,114031,,10.9,,mutbex,https://www.mutbex.com/oztiryakiler-okb88a-kup-buz-makinesi-88-kg-gun-kapasiteli-40-kg-saklama-hazneli
9805.OFB10.0A,"OZTI BUZ MAKINESI OFB100A 100KG/GUN HAZNE 20 KG FLAKE",sogutma,150944,136110,,10.9,,mutbex,https://www.mutbex.com/oztiryakiler-ofb100a-kar-buz-makinesi-100-kg-gun-kapasiteli-20-kg-saklama-hazneli
9805.ODB14.0A,"OZTI BUZ MAKINESI ODB140A 140KG/GUN FLAT ICE CUBE",sogutma,152221,137262,,10.9,,mutbex,https://www.mutbex.com/oztiryakiler-odb140a-flat-kup-buz-makinesi-140-kg-gun-kapasiteli-saklama-haznesiz
9805.ODB20.0A,"OZTI BUZ MAKINESI ODB200A 200KG/GUN FLAT ICE CUBE",sogutma,188051,169569,,10.9,,mutbex,https://www.mutbex.com/oztiryakiler-odb200a-flat-kup-buz-makinesi-200-kg-gun-kapasiteli-saklama-haznesiz
9805.ODB41.4A,"OZTI BUZ MAKINESI ODB414A 414KG/GUN FLAT ICE CUBE",sogutma,251323,226624,,10.9,,mutbex,https://www.mutbex.com/oztiryakiler-odb414a-flat-kup-buz-makinesi-414-kg-gun-kapasiteli-saklama-haznesiz
9805.OFB16.5A,"OZTI BUZ MAKINESI OFB165A 165KG/GUN FLAKE",sogutma,177432,159995,,10.9,,mutbex,https://www.mutbex.com/oztiryakiler-ofb165a-kar-buz-makinesi-165-kg-gun-kapasiteli-saklama-haznesiz
9805.OFB32.0A,"OZTI BUZ MAKINESI OFB320A 320KG/GUN FLAKE",sogutma,243722,219770,,10.9,,mutbex,https://www.mutbex.com/oztiryakiler-ofb320a-kar-buz-makinesi-320-kg-gun-kapasiteli-saklama-haznesiz
8919.OEF15.00,"DONDURMA MAKINASI SET USTU TEK KOLLU 8LT OEF1500",sogutma,546526,554417,558164,-1.4,-2.1,equsto,https://www.mutbex.com/oztiryakiler-tek-kollu-dondurma-makinesi-set-ustu-16-lt
8919.OEF15.0A,"DONDURMA VE FROZEN YOGURT  MAKINASI SET USTU TEK KOLLU KARISTIRICILI 15 LT OEF1500A",sogutma,637532,646738,,-1.4,,equsto,https://www.mutbex.com/dondurma-ve-frozen-yogurt-makinasi-set-ustu-tek-kollu-karistiricili-15-lt-oef1500a
8919.OEF15.0P,"DONDURMA MAKINASI SET USTU TEK KOLLU POMPALI OEF1500P",sogutma,728539,739059,744053,-1.4,-2.1,equsto,https://www.mutbex.com/dondurma-makinasi-set-ustu-tek-kollu-pompali-oef1500p
8919.OEF15.AP,"DONDURMA VE FROZEN YOGURT  MAKINASI SET USTU TEK KOLLU POMPALI KARISTIRICILI 11 LT OEF1500AP",sogutma,819790,831626,,-1.4,,equsto,https://www.mutbex.com/oztiryakiler-tek-kollu-dondurma-makinesi-set-ustu-pompali-karistiricili-11-lt
8919.OEF15.APS,"DONDURMA VE FROZEN YOGURT  MAKINASI SET USTU TEK KOLLU POMPALI KARISTIRICILI 11 LT OEF1500APS",sogutma,865212,877704,,-1.4,,equsto,https://www.mutbex.com/dondurma-ve-frozen-yogurt-makinesi-set-ustu-tek-kollu-pompali-karistiricili-11-lt-oef1500aps
8919.OEF15.APHT,"DONDURMA MAKINASI SET USTU TEK KOLLU PASTORIZATORLU POMPALI KARISTIRICILI 11 LT OEF1500APHT",sogutma,1040423,1055446,,-1.4,,equsto,https://www.mutbex.com/dondurma-makinasi-set-ustu-tel-kollu-pastorizatorlu-pompali-karistiricili-11-lt-oef1500apht
8919.OEF15.APSHT,"DONDURMA MAKINASI SET USTU TEK KOLLU PASTORIZATORLU POMPALI KARISTIRICILI 11 LT OEF1500APSHT",sogutma,1088437,1104152,,-1.4,,equsto,https://www.mutbex.com/dondurma-makinasi-set-ustu-tek-kollu-pastorizatorlu-pompali-karistiricili-11-lt-oef1500apsht
8919.OEF25.00,"DONDURMA MAKINASI SET USTU 3 KOLLU 2x6LT OEF2500",sogutma,826266,838197,843861,-1.4,-2.1,equsto,https://www.mutbex.com/oztiryakiler-3-kollu-dondurma-makinesi-set-ustu-2x8-lt
8919.OEF25.0A,"DONDURMA VE FROZEN YOGURT MAKINASI SET USTU UC KOLLU KARISTIRICILI 2X15 LT OEF2500A",sogutma,1004880,1019388,,-1.4,,equsto,https://www.mutbex.com/dondurma-ve-frozen-yogurt-makinasi-set-ustu-uc-kollu-karistiricili-2x15-lt-oef2500a
8919.OEF25.0P,"DONDURMA MAKINASI SET USTU 3 KOLLU 2X10LT POMPALI OEF2500P",sogutma,1183573,1200662,1208776,-1.4,-2.1,equsto,https://www.mutbex.com/dondruma-makinasi-set-ustu-3-kollu-2x10-litre-pompali-oef2500p
8919.OEF25.AP,"DONDURMA VE FROZEN YOGURT MAKINASI SET USTU UC KOLLU POMPALI KARISTIRICILI 2x11 LT OEF2500AP",sogutma,1362186,1381854,,-1.4,,equsto,https://www.mutbex.com/dondruma-ve-frozen-yogurt-makinasi-set-ustu-uc-kollu-pompalii-karistiricili-2x11-lt-oef2500ap
8919.OEF40.00,"DONDURMA MAKINASI 3 KOLLU 2x6LT OEF4000",sogutma,956299,970107,976663,-1.4,-2.1,equsto,https://www.mutbex.com/oztiryakiler-3-kollu-dondurma-makinesi-2x15-lt
8919.OEF40.0A,"DONDURMA VE FROZEN YOGURT MAKINASI UC KOLLU  KARISTIRICILI 2X15 LT OEF4000A",sogutma,1138393,1154830,,-1.4,,equsto,https://www.mutbex.com/dondurma-ve-frozen-yogurt-makinesi-uc-kollu-karistiricili-2x15-lt-oef4000a
8919.OEF40.0P,"DONDURMA MAKINASI 3 KOLLU 2x10 POMPALI OEF4000P",sogutma,1343401,1362798,1372008,-1.4,-2.1,equsto,https://www.mutbex.com/oztiryakiler-3-kollu-dondurma-makinesi-pompali-2x11-lt
8919.OEF40.AP,"DONDURMA VE FROZEN YOGURT  MAKINASI UC KOLLU POMPALI KARISTIRICILI 2x11 LT OEF4000AP",sogutma,1525577,1547604,,-1.4,,equsto,https://www.mutbex.com/dondurma-ve-frozen-yogurt-makinasi-uc-kollu-pompali-karistiricili-2x11-lt-oef4000ap
8919.OEF40.APS,"DONDURMA VE FROZEN YOGURT  MAKINASI UC KOLLU POMPALI KARISTIRICILI 2x11 LT OEF4000APS",sogutma,1616584,1639925,,-1.4,,equsto,https://www.mutbex.com/oztiryakiler-uc-kollu-dondurma-ve-donmus-yogurt-makinesi-pompali-karistiricili-2x11-lt-inox
8919.OEF40.APHT,"DONDURMA MAKINASI UC KOLLU PASTORIZATORLU POMPALI KARISTIRICILI 2x11 LT OEF4000APHT",sogutma,1998827,2027688,,-1.4,,equsto,https://www.mutbex.com/dondurma-makinasi-uc-kollu-pastorizatorlu-pompali-karistiricili-2x11-lt-oef4000apht
8919.OEF40.APSHT,"DONDURMA MAKINASI UC KOLLU PASTORIZATORLU POMPALI KARISTIRICILI 2x11 LT OEF4000APSHT",sogutma,2057123,2086826,,-1.4,,equsto,https://www.mutbex.com/dondurma-makinasi-uc-kollu-pastorizatorlu-pompali-karistiricili-2x11-lt-oef4000apsht
7919.CR1515.00,"SOĞUK ODA PANEL-SPLİT TİP, 0/+5 C",sogutma,254348,312174,,-18.5,,equsto,https://www.mutbex.com/oztiryakiler-soguk-oda-panel-split-tip-5-c-150x150x240-cm
7919.CR1517.00,"COLD ROOM 150*175*240 cm",sogutma,255263,313295,,-18.5,,equsto,https://www.mutbex.com/oztiryakiler-soguk-oda-panel-split-tip-0-5-c-150x175x240-cm
7919.CR2015.00,"SOĞUK ODA PANEL-SPLİT TİP, 0/+5 C",sogutma,263730,323687,,-18.5,,equsto,https://www.mutbex.com/oztiryakiler-soguk-oda-panel-split-tip-0-5-c-200x150x240-cm
7919.CR2020.00,"SOĞUK ODA PANEL-SPLİT TİP, 0/+5 C",sogutma,286706,351888,,-18.5,,equsto,https://www.mutbex.com/oztiryakiler-soguk-oda-panel-split-tip-0-5-c-200x200x240-cm
7919.CR2022.00,"COLD ROOM200*225*240 cm",sogutma,295379,362532,,-18.5,,equsto,https://www.mutbex.com/oztiryakiler-soguk-oda-panel-split-tip-0-5-c-200x225x240-cm
7919.CR2515.00,"SOĞUK ODA PANEL-SPLİT TİP, 0/+5 C  250X150X240 CM",sogutma,289374,355161,,-18.5,,equsto,https://www.mutbex.com/oztiryakiler-soguk-oda-panel-split-tip-0-5-250x150x240-cm-fiyati
7919.CR2517.00,"COLD ROOM250*175*240 cm",sogutma,303044,371940,,-18.5,,equsto,https://www.mutbex.com/oztiryakiler-ssoguk-oda-panel-split-tip-0
7919.CR2520.00,"SOĞUK ODA PANEL-SPLİT TİP, 0/+5 C",sogutma,304200,373359,,-18.5,,equsto,https://www.mutbex.com/oztiryakiler-soguk-oda-panel-split-tip-0-5-c-250x200x240-cm
7919.CR2525.00,"SOĞUK ODA PANEL-SPLİT TİP, 0/+5 C",sogutma,344316,422595,,-18.5,,equsto,https://www.mutbex.com/oztiryakiler-soguk-oda-panel-splittip-0-5-c-250x250x240-cm
7919.CR3015.00,"SOĞUK ODA PANEL-SPLİT TİP, 0/+5 C",sogutma,298735,366652,,-18.5,,equsto,https://www.mutbex.com/oztiryakiler-soguk-oda-panel-split-tip-0-5-c-300x150x240-cm
7919.CR3020.00,"SOĞUK ODA PANEL-SPLİT TİP, 0/+5 C",sogutma,332381,407946,,-18.5,,equsto,https://www.mutbex.com/oztiryakiler-soguk-oda-panel-split-tip-0-5-c-300x200x240-cm
7919.CR3025.00,"SOĞUK ODA PANEL-SPLİT TİP, 0/+5 C",sogutma,354480,435070,,-18.5,,equsto,https://www.mutbex.com/oztiryakiler-soguk-oda-panel-split-tip-0-5-c-300x250x240-cm
7919.CR3030.00,"SOĞUK ODA PANEL-SPLİT TİP, 0/+5 C",sogutma,388517,476844,,-18.5,,equsto,https://www.mutbex.com/ztiryakiler-soguk-oda-panel-split-tip-0-5-c-300x300x240-cm
7919.CR3515.00,"SOĞUK ODA PANEL-SPLİT TİP, 0/+5 C",sogutma,312761,383865,,-18.5,,equsto,https://www.mutbex.com/oztiryakiler-soguk-oda-panel-split-tip-0-5-c-350x150x240-cm
7919.CR3017.00,"COLD ROOM300*175*240 cm",sogutma,313507,384781,,-18.5,,equsto,https://www.mutbex.com/oztiryakiler-soguk-oda-panel-split-tip-0-5-c-300x175x240-cm
7919.CR3520.00,"SOĞUK ODA PANEL-SPLİT TİP, 0/+5 C",sogutma,348176,427333,,-18.5,,equsto,https://www.mutbex.com/soguk-oda-panel-split-tip-05-c-642
7919.CR3525.00,"SOĞUK ODA PANEL-SPLİT TİP, 0/+5 C",sogutma,384023,471328,,-18.5,,equsto,https://www.mutbex.com/oztiryakiler-soguk-oda-panel-split-tip-0-5-c-350x250x240-cm
7919.CR3530.00,"SOĞUK ODA PANEL-SPLİT TİP, 0/+5 C",sogutma,408565,501451,,-18.5,,equsto,https://www.mutbex.com/oztiryakiler-soguk-oda-panel-split-tip-0-5-c-350x300x240-cm
7919.CR3535.00,"SOĞUK ODA PANEL-SPLİT TİP, 0/+5 C",sogutma,447787,549589,,-18.5,,equsto,https://www.mutbex.com/oztiryakiler-soguk-oda-panel-split-tip-0-5-c-350x350x240-cm
7919.CR4015.00,"SOĞUK ODA PANEL-SPLİT TİP, 0/+5 C",sogutma,340027,417330,,-18.5,,equsto,https://www.mutbex.com/oztiryakiler-soguk-oda-panel-split-tip-0-5-c-400x150x240-cm
7919.CR4020.00,"SOĞUK ODA PANEL-SPLİT TİP, 0/+5 C",sogutma,377980,463912,,-18.5,,equsto,https://www.mutbex.com/oztiryakiler-soguk-oda-panel-split-tip-0-5-c-400x200x240-cm
7919.CR4025.00,"SOĞUK ODA PANEL-SPLİT TİP, 0/+5 C",sogutma,405338,497491,,-18.5,,equsto,https://www.mutbex.com/oztiryakiler-soguk-oda-panel-split-tip-0-5-c-400x250x240-cm
7919.CR4030.00,"SOĞUK ODA PANEL-SPLİT TİP, 0/+5 C",sogutma,447358,549062,,-18.5,,equsto,https://www.mutbex.com/oztiryakiler-soguk-oda-panel-split-tip-0-5-c-400x300x240-cm
7919.CR4035.00,"SOĞUK ODA PANEL-SPLİT TİP, 0/+5 C",sogutma,474419,582276,,-18.5,,equsto,https://www.mutbex.com/oztiryakiler-soguk-oda-panel-split-tip-0-5-c-400x350x240-cm
7919.CR4040.00,"SOĞUK ODA PANEL-SPLİT TİP, 0/+5 C",sogutma,534714,656279,,-18.5,,equsto,https://www.mutbex.com/oztiryakiler-soguk-oda-panel-split-tip-0-5-c-400x400x240-cm
7919.CR4515.00,"SOĞUK ODA PANEL-SPLİT TİP, 0/+5 C",sogutma,349558,429027,,-18.5,,equsto,https://www.mutbex.com/oztiryakiler-soguk-doda-panel-split-tip-0
7919.CR4520.00,"SOĞUK ODA PANEL-SPLİT TİP, 0/+5 C",sogutma,388106,476341,,-18.5,,equsto,https://www.mutbex.com/oztiryakiler-soguk-oda-panel-split-tip-0-5-c-450x200x240-cm
7919.CR4530.00,"SOĞUK ODA PANEL-SPLİT TİP, 0/+5 C",sogutma,458194,562362,,-18.5,,equsto,https://www.mutbex.com/oztiryakiler-soguk-oda-panel-split-tip-0-5-c-450x300x240-cm
7919.CR4535.00,"SOĞUK ODA PANEL-SPLİT TİP, 0/+5 C",sogutma,518712,636640,,-18.5,,equsto,https://www.mutbex.com/oztiryakiler-soguk-oda-panel-split-tip-0-5-c-450x350x240-cm
7919.CR4540.00,"SOĞUK ODA PANEL-SPLİT TİP, 0/+5 C",sogutma,552544,678162,,-18.5,,equsto,https://www.mutbex.com/oztiryakiler-soguk-oda-panel-split-tip-0
7919.CR4545.00,"SOĞUK ODA PANEL-SPLİT TİP, 0/+5 C",sogutma,582011,714328,,-18.5,,equsto,https://www.mutbex.com/oztiryakiler-soguk-oda-panel-split-tip-0-5-c-450x450x240-cm
7919.CR5025.00,"SOĞUK ODA PANEL-SPLİT TİP, 0/+5 C",sogutma,465859,571769,,-18.5,,equsto,https://www.mutbex.com/oztiryakiler-soguk-oda-panel-split-tip-0-5-c-500x250x240-cm
7919.CR5030.00,"SOĞUK ODA PANEL-SPLİT TİP, 0/+5 C",sogutma,530462,651060,,-18.5,,equsto,https://www.mutbex.com/oztiryakiler-soguk-oda-panel-split-tip-0-5-c-500x300x240-cm
7919.CR5035.00,"SOĞUK ODA PANEL-SPLİT TİP, 0/+5 C",sogutma,562410,690271,,-18.5,,equsto,https://www.mutbex.com/oztiryakiler-soguk-oda-panel-split-tip-0-5-c-500x350x240-cm
7919.CR5040.00,"SOĞUK ODA PANEL-SPLİT TİP, 0/+5 C",sogutma,595998,731496,,-18.5,,equsto,https://www.mutbex.com/oztiryakiler-soguk-oda-panel-split-tip-0-5-c-500x400x240-cm
7919.CR5045.00,"SOĞUK ODA PANEL-SPLİT TİP, 0/+5 C",sogutma,627926,770683,,-18.5,,equsto,https://www.mutbex.com/oztiryakiler-soguk-oda-panel-split-tip-0-5-c-500x450x240-cm
7919.CR5050.00,"SOĞUK ODA PANEL-SPLİT TİP, 0/+5 C",sogutma,659614,809574,,-18.5,,equsto,https://www.mutbex.com/oztiryakiler-soguk-oda-panel-split-tip-0-5-c-500x500x240-cm
7919.CR6030.00,"SOĞUK ODA PANEL-SPLİT TİP, 0/+5 C",sogutma,567072,695993,,-18.5,,equsto,https://www.mutbex.com/oztiryakiler-soguk-oda-panel-split-tip-0-5-c-600x300x240-cm
7919.CR6040.00,"SOĞUK ODA PANEL-SPLİT TİP, 0/+5 C",sogutma,649356,796984,,-18.5,,equsto,https://www.mutbex.com/oztiryakiler-soguk-oda-panel-split-tip-0-5-c-600x400x240-cm
7919.CR6045.00,"SOĞUK ODA PANEL-SPLİT TİP, 0/+5 C",sogutma,685592,841459,,-18.5,,equsto,https://www.mutbex.com/oztiryakiler-soguk-oda-panel-split-tip-0-5-c-600x450x240-cm
7919.CR6050.00,"SOĞUK ODA PANEL-SPLİT TİP, 0/+5 C",sogutma,757153,929288,,-18.5,,equsto,https://www.mutbex.com/oztiryakiler-soguk-oda-panel-split-tip-0-5-c-600x500x240-cm
7919.CR6055.00,"SOĞUK ODA PANEL-SPLİT TİP, 0/+5 C",sogutma,793370,973741,,-18.5,,equsto,https://www.mutbex.com/oztiryakiler-soguk-oda-panel-split-tip-0-5-c-600x550x240-cm
7919.CR6060.00,"SOĞUK ODA PANEL-SPLİT TİP, 0/+5 C",sogutma,854804,1049140,,-18.5,,equsto,https://www.mutbex.com/oztiryakiler-soguk-oda-panel-split-tip-0-5-c-600x600x240-cm
7919.DF1515.00,"DEEP FREEZE PANEL-SPLİT TİP, -22/-18 C",sogutma,293010,359625,,-18.5,,equsto,https://www.mutbex.com/oztiryakiler-deep-freeze-panel-split-tip-22-18-c-150x150x240-cm
7919.DF1517.00,"DEEP FREEZER150*175*240 cm",sogutma,293942,360769,,-18.5,,equsto,https://www.mutbex.com/oztiryakiler-deep-freeze-panel-split-tip-22-18-c-150x170x240-cm
7919.DF2015.00,"DEEP FREEZE PANEL-SPLİT TİP, -22/-18 C",sogutma,303809,372878,,-18.5,,equsto,https://www.mutbex.com/oztiryakiler-deep-freeze-panel-split-tip-22-18-c-200x150x240
7919.DF2020.00,"DEEP FREEZE PANEL-SPLİT TİP, -22/-18 C",sogutma,344783,423167,,-18.5,,equsto,https://www.mutbex.com/oztiryakiler-deep-freeze-panel-split-tip-22-18-c-200x200x240
7919.DF2022.00,"DEEP FREEZER200*225*240 cm",sogutma,354798,435459,,-18.5,,equsto,https://www.mutbex.com/oztiryakiler-deep-freeze-panel-split-tip-22-18-c-200x220x240-cm
7919.DF2515.00,"DEEP FREEZE PANEL-SPLİT TİP, -22/-18 C  250X150X240 CM",sogutma,347300,426258,,-18.5,,equsto,https://www.mutbex.com/deep-freeze-panel-split-tip-22-18-c-250x150x240-cm
7919.DF2517.00,"DEEP FREEZER250*175*240 cm",sogutma,363731,446424,,-18.5,,equsto,https://www.mutbex.com/oztiryakiler-deep-freeze-panel-split-tip-22
7919.DF2520.00,"DEEP FREEZE PANEL-SPLİT TİP, -22/-18 C",sogutma,364943,447912,,-18.5,,equsto,https://www.mutbex.com/oztiryakiler-deep-freeze-panel-split-tip-22-18-c-250x200x240
7919.DF2525.00,"DEEP FREEZE PANEL-SPLİT TİP, -22/-18 C",sogutma,397208,487511,,-18.5,,equsto,https://www.mutbex.com/oztiryakiler-deep-freeze-panel-split-tip-22-18-c-250x250x240-cm
7919.DF3015.00,"DEEP FREEZE PANEL-SPLİT TİP, -22/-18 C",sogutma,358098,439511,,-18.5,,equsto,https://www.mutbex.com/oztiryakiler-deep-freeze-panel-split-tip-22-18-c-300x150x240-cm
7919.DF3020.00,"DEEP FREEZE PANEL-SPLİT TİP, -22/-18 C",sogutma,383314,470458,,-18.5,,equsto,https://www.mutbex.com/oztiryakiler-deep-freeze-panel-split-tip-22-18-c-300x200x240
7919.DF3025.00,"DEEP FREEZE PANEL-SPLİT TİP, -22/-18 C",sogutma,434434,533200,,-18.5,,equsto,https://www.mutbex.com/oztiryakiler-deep-freeze-panel-split-tip-22-18-c-300x250x240-cm
7919.DF3030.00,"DEEP FREEZE PANEL-SPLİT TİP, -22/-18 C",sogutma,460282,564925,,-18.5,,equsto,https://www.mutbex.com/oztiryakiler-deep-freeze-panel-split-tip-22-18-c-300x300x240
7919.DF3515.00,"DEEP FREEZE PANEL-SPLİT TİP, -22/-18 C",sogutma,374119,459173,,-18.5,,equsto,https://www.mutbex.com/deep-freeze-panel-split-tip-22-18-c-648
7919.DF3017.00,"DEEP FREEZER300*175*240 cm",sogutma,375238,460547,,-18.5,,equsto,https://www.mutbex.com/deep-freezer-300x170x240-cm
7919.DF3520.00,"DEEP FREEZE PANEL-SPLİT TİP, -22/-18 C",sogutma,401554,492845,,-18.5,,equsto,https://www.mutbex.com/oztiryakiler-deep-freeze-panel-split-tip-22-18-c-350x200x240-cm
7919.DF3525.00,"DEEP FREEZE PANEL-SPLİT TİP, -22/-18 C",sogutma,455135,558608,,-18.5,,equsto,https://www.mutbex.com/oztiryakiler-deep-freeze-panel-split-tip-22-18-c-350x250x240-cm
7919.DF3530.00,"DEEP FREEZE PANEL-SPLİT TİP, -22/-18 C",sogutma,483371,593263,,-18.5,,equsto,https://www.mutbex.com/oztiryakiler-deep-freeze-panel-split-tip-22-18-c-350x300x240-cm
7919.DF3535.00,"DEEP FREEZE PANEL-SPLİT TİP, -22/-18 C",sogutma,575240,706019,,-18.5,,equsto,https://www.mutbex.com/deep-freeze-panel-split-tip-22-18-c-618-350x350x240-cm
7919.DF4015.00,"DEEP FREEZE PANEL-SPLİT TİP, -22/-18 C",sogutma,391668,480713,,-18.5,,equsto,https://www.mutbex.com/oztiryakiler-deep-freeze-panel-split-tip-22-18-c-400x150x240-cm
7919.DF4020.00,"DEEP FREEZE PANEL-SPLİT TİP, -22/-18 C",sogutma,448010,549864,,-18.5,,equsto,https://www.mutbex.com/oztiryakiler-deep-freeze-panel-split-tip-22-18-c-400x200x240-cm
7919.DF4025.00,"DEEP FREEZE PANEL-SPLİT TİP, -22/-18 C",sogutma,479100,588021,,-18.5,,equsto,https://www.mutbex.com/deep-freeze-panel-split-tip-22-18-c-673
7919.DF4030.00,"DEEP FREEZE PANEL-SPLİT TİP, -22/-18 C",sogutma,574121,704646,,-18.5,,equsto,https://www.mutbex.com/oztiryakiler-deep-freeze-panel-split-tip-22-18-c-400x300x240-cm
7919.DF4035.00,"DEEP FREEZE PANEL-SPLİT TİP, -22/-18 C",sogutma,605230,742826,,-18.5,,equsto,https://www.mutbex.com/oztiryakiler-deep-freeze-panel-split-tip-22-18-c-400x350x240-cm
7919.DF4040.00,"DEEP FREEZE PANEL-SPLİT TİP, -22/-18 C",sogutma,636319,780984,,-18.5,,equsto,https://www.mutbex.com/deep-freeze-panel-split-tip-22-18-c-400040002400mm
7919.DF4515.00,"DEEP FREEZE PANEL-SPLİT TİP, -22/-18 C",sogutma,402523,494035,,-18.5,,equsto,https://www.mutbex.com/deep-freeze-panel-split-tip-22-18-c-617-450x150x240-cm
7919.DF4520.00,"DEEP FREEZE PANEL-SPLİT TİP, -22/-18 C",sogutma,459574,564055,,-18.5,,equsto,https://www.mutbex.com/oztiryakiler-deep-freeze-panel-split-tip-22-18-c-450x200x240-cm
7919.DF4525.00,"DEEP FREEZE PANEL-SPLİT TİP, -22/-18 C",sogutma,490849,602442,,-18.5,,equsto,https://www.mutbex.com/deep-freeze-panel-split-tip-22-18-c-616
7919.DF4530.00,"DEEP FREEZE PANEL-SPLİT TİP, -22/-18 C",sogutma,586393,719707,,-18.5,,equsto,https://www.mutbex.com/deep-freeze-panel-split-tip-22-18-c-615-450x300x240-cm
7919.DF4535.00,"DEEP FREEZE PANEL-SPLİT TİP, -22/-18 C",sogutma,617706,758140,,-18.5,,equsto,https://www.mutbex.com/oztiryakiler-deep-freeze-panel-split-tip-22-18-c-450x350x240-cm
7919.DF4540.00,"DEEP FREEZE PANEL-SPLİT TİP, -22/-18 C",sogutma,655790,804881,,-18.5,,equsto,https://www.mutbex.com/oztiryakiler-deep-freeze-panel-split-tip-22-18-c-450x400x240-cm
7919.DF4545.00,"DEEP FREEZE PANEL-SPLİT TİP, -22/-18 C",sogutma,678413,832647,,-18.5,,equsto,https://www.mutbex.com/deep-freeze-panel-split-tip-22-18-c-614-450x450x240
7919.DF5025.00,"DEEP FREEZE PANEL-SPLİT TİP, -22/-18 C",sogutma,594208,729298,,-18.5,,equsto,https://www.mutbex.com/oztiryakiler-deep-freeze-panel-split-tip-22-18-c-500x250x240-cm
7919.DF5030.00,"DEEP FREEZE PANEL-SPLİT TİP, -22/-18 C",sogutma,630538,773888,,-18.5,,equsto,https://www.mutbex.com/deep-freeze-panel-sp-tip-22-18-c-500x300x240-cm
7919.DF5035.00,"DEEP FREEZE PANEL-SPLİT TİP, -22/-18 C",sogutma,666868,818478,,-18.5,,equsto,https://www.mutbex.com/deep-freeze-panel-split-tip-22-18-c-402-500x350x240
7919.DF5040.00,"DEEP FREEZE PANEL-SPLİT TİP, -22/-18 C",sogutma,694210,852034,,-18.5,,equsto,https://www.mutbex.com/deep-freeze-panel-split-tip-22-18-c500x400x240-cm
7919.DF5045.00,"DEEP FREEZE PANEL-SPLİT TİP, -22/-18 C",sogutma,749730,920178,,-18.5,,equsto,https://www.mutbex.com/deep-freeze-panel-split-tip-22-18-c-613-500x450x240-cm
7919.DF5050.00,"DEEP FREEZE PANEL-SPLİT TİP, -22/-18 C",sogutma,786060,964768,,-18.5,,equsto,https://www.mutbex.com/oztiryakiler-deep-freeze-panel-split-tip-22-18-c-500x500x240-cm-fiyati
7919.DF6030.00,"DEEP FREEZE PANEL-SPLİT TİP, -22/-18 C",sogutma,671418,824063,,-18.5,,equsto,https://www.mutbex.com/oztiryakiler-deep-freeze-panel-split-tip-22-18-c-600x300x240-cm-fiya
7919.DF6040.00,"DEEP FREEZE PANEL-SPLİT TİP, -22/-18 C",sogutma,777257,953964,,-18.5,,equsto,https://www.mutbex.com/deep-freeze-panel-split-tip-22-18-c-612-600x400x240-cm
7919.DF6045.00,"DEEP FREEZE PANEL-SPLİT TİP, -22/-18 C",sogutma,819108,1005329,,-18.5,,equsto,https://www.mutbex.com/deep-freeze-panel-split-tip-22-18-c-611-600x450x240-cm
7919.DF6050.00,"DEEP FREEZE PANEL-SPLİT TİP, -22/-18 C",sogutma,1037443,1273302,,-18.5,,equsto,https://www.mutbex.com/deep-freeze-panel-split-tip-22-18-c-610-600x500x240-cm
7919.DF6055.00,"DEEP FREEZE PANEL-SPLİT TİP, -22/-18 C",sogutma,1163219,1427672,,-18.5,,equsto,https://www.mutbex.com/deep-freeze-panel-split-tip-22-18-c-609-600x550x240-cm
7919.DF6060.00,"DEEP FREEZE PANEL-SPLİT TİP, -22/-18 C",sogutma,1204808,1478717,,-18.5,,equsto,https://www.mutbex.com/deep-freeze-panel-split-tip-22-18-c-608-600x600x240-cm
7919.27NTV.24,"TAG 270 NTV CIFT INOX KAPI BUZDOLABI SOGUK SERVIS BANKOSU 142*70",sogutma,79796,97994,88112,-18.6,-9.4,equsto,https://www.mutbex.com/oztiryakiler-soguk-servis-bankosu-140x70-cm-tag-270-ntv
7919.37NTV.24,"TAG 370 NTV 3 INOX KAPI BUZDOLABI SOGUK SERVIS BANKOSU 188*70",sogutma,103519,127127,114308,-18.6,-9.4,equsto,https://www.mutbex.com/oztiryakiler-soguk-servis-bankosu-190x70-cm-tag-370-ntv
7912.12070.00,"SICAK SERV.ÜNİTESİ ELEKTRİKLİ  120*70",tasima,45143,57535,,-21.5,,equsto,https://www.mutbex.com/sicak-servunitesi-elektrikli-12070
7912.15070.00,"SICAK SERV.UNITESI ELEKTRİKLİ  150*70",tasima,49714,62847,53792,-20.9,-7.6,equsto,https://www.mutbex.com/sicak-servisunitesi-elektrikli-15070
7912.19070.00,"SICAK SERV.ÜNİTESİ ELEKTRİKLİ  190*70",tasima,59165,74795,45914,-20.9,28.9,cafemarkt,https://www.mutbex.com/sicak-servunitesi-elektrikli-19070
7911.12070.80,"NÖTR SERV.ÜNİTESİ ARA RAFLI 120*70",tasima,29353,,37970,,-22.7,equsto,
7911.14070.80,"NÖTR SERV.ÜNİTESİ ARA RAFLI 140*70",tasima,30888,,39958,,-22.7,equsto,
7911.16070.80,"NÖTR SERV.ÜNİTESİ ARA RAFLI 160*70",tasima,34231,,37039,,-7.6,equsto,
7911.19070.80,"NÖTR SERV.ÜNİTESİ ARA RAFLI 190*70",tasima,39629,,42879,,-7.6,equsto,
7912.12070.10,"SICAK SERV.ÜNİTESİ ELEKTRİKLİ  SICAKLIK DOL.120*70",tasima,65773,85568,71168,-23.1,-7.6,equsto,https://www.mutbex.com/sicak-servunitesi-elektrikli-sicaklik-dol12070
7912.15070.10,"SICAK SERV.ÜNİTESİ ELEKTRİKLİ  SICAKLIK DOL.150*70",tasima,72017,93089,77923,-22.6,-7.6,equsto,https://www.mutbex.com/sicak-servunitesi-elektrikli-sicaklik-dol15070
7912.19070.10,"SICAK SERV.ÜNİTESİ ELEKTRİKLİ  SICAKLIK DOL.190*70",tasima,94914,123562,64018,-23.2,48.3,cafemarkt,https://www.mutbex.com/sicak-servunitesi-elektrikli-sicaklik-dol19070
7912.12070.A0,"SICAK SERVIS UNITESI ELK.AHSAP KAPLI 120*70",tasima,46871,60878,50715,-23,-7.6,equsto,https://www.mutbex.com/sicak-servis-unitesi-elkahsap-kapli-12070
7912.15070.A0,"SICAK SERVIS UNITESI ELEKTRIKLI AHSAP KAPLI 150*70",tasima,51712,65694,55953,-21.3,-7.6,equsto,https://www.mutbex.com/sicak-servis-unitesi-elektrikli-ahsap-kapli-15070
7912.19070.A0,"AHSAP KAPLAMALI GN SICAK SERVIS BANKOSU 190*70",tasima,63218,79919,102699,-20.9,-38.4,equsto,https://www.mutbex.com/ahsap-kaplamali-gn-sicak-servis-bankosu-19070
7912.12078.A8,"NOTR SERVIS UNITESI ARA RAFLI AHSAP KAPLI 120*70",tasima,34692,,37538,,-7.6,equsto,
7912.14078.A8,"AHSAP KAPLAMALI GN NOTR SERVIS BANKOSU  140*70",tasima,38054,48107,41175,-20.9,-7.6,equsto,https://www.mutbex.com/ahsap-kaplamali-gn-notr-servis-bankosu-14070
7912.16078.A8,"AHSAP KAPLAMALI GN NOTR SERVIS BANKOSU  160*70",tasima,42434,53643,45914,-20.9,-7.6,equsto,https://www.mutbex.com/ahsap-kaplamali-gn-notr-servis-bankosu-16070
7912.19078.A8,"NOTR SERVIS UNITESI ARA RAFLI AHSAP KAPLI 190*70",tasima,49369,,106274,,-53.5,equsto,
7912.12070.A1,"AHSAP KAPLAMALI GN SICAK SERVIS BANKOSU SICAKLIK DOLAPLI 120*70",tasima,68251,88778,73850,-23.1,-7.6,equsto,https://www.mutbex.com/ahsap-kaplamali-gn-sicak-servis-bankosu-sicaklik-dolapli-12070
7912.15070.A1,"AHSAP KAPLAMALI GN SICAK SERVIS BANKOSU SICAKLIK DOLAPLI 150*70",tasima,74303,96652,80396,-23.1,-7.6,equsto,https://www.mutbex.com/ahsap-kaplamali-gn-sicak-servis-bankosu-sicaklik-dolapli-15070
7912.19070.A1,"AHSAP KAPLAMALI GN SICAK SERVIS BANKOSU SICAKLIK DOLAPLI 190*70",tasima,98219,127849,68404,-23.2,43.6,cafemarkt,https://www.mutbex.com/ahsap-kaplamali-gn-sicak-servis-bankosu-sicaklik-dolapli-19070
7919.27NTV.A4,"AHSAP KAPLAMALI GN SOGUK SERVIS BANKOSU",tasima,85482,104976,,-18.6,,equsto,https://www.mutbex.com/oztiryakiler-ahsap-kaplamali-gn-soguk-servis-bankosu
7919.14018.00,"14018 ISITMALI CIFT INOX KAPI  BANKET",tasima,138424,174991,,-20.9,,equsto,https://www.mutbex.com/oztiryakiler-isitmali-cift-inox-kapili-banket-arabasi-14018
7919.70182.00,"70182 ISITMALI TEK INOX KAPI  BANKET",tasima,88940,112435,,-20.9,,equsto,https://www.mutbex.com/oztiryakiler-isitmali-banket-arabasi-oba-70182-304-kalite-11-gn-2-1-100-kapasite-50-80-c-910x827x1816-mm
7943.70182.00,"OBA 70182 ISITMALI BANKET ARABASI",tasima,77376,97816,,-20.9,,equsto,https://www.mutbex.com/oztiryakiler-isitmali-banket-arabasi-oba-70182-430-kalite-11-gn-2-1-100-kapasite-50-80-c-91x827x1816-cm
7919.14018.01,"14018 ISITMALI CIFT CAM KAPI  BANKET",tasima,131546,166297,,-20.9,,equsto,https://www.mutbex.com/oztiryakiler-cam-kapili-isitmali-banket-arabasi-obac-14018
7919.70182.01,"70182 ISITMALI TEK CAM KAPI  BANKET",tasima,85597,108210,,-20.9,,equsto,https://www.mutbex.com/oba-70182-cam-kapili-isitmali-banket-arabasi
7919.70130.00,"70130 ISITMALI TEK INOX KAPI  BANKET",tasima,70230,88782,,-20.9,,equsto,https://www.mutbex.com/oztiryakiler-oba-70130-isitmali-banket-arabasi-5-adet-gn-2-1-kapasiteli-91x827x116-cm
7919.70182.03,"70182 NOTR TEK INOX KAPI  BANKET",tasima,54402,68772,56299,-20.9,-3.4,equsto,https://www.mutbex.com/notr-banket-arabasi-gn-21-x-11
7919.GNB05.00,"GN 2/1 SOGUTMALI BANKET ARABASI",tasima,89260,111053,,-19.6,,equsto,https://www.mutbex.com/sogutmali-banket-arabasi-gn-21
7868.52108.11,"BANKET ARABASI 1-1 10 TEPSİ NEM KONTROLLÜ",tasima,72420,91551,,-20.9,,equsto,https://www.mutbex.com/oztiryakiler-isitmali-banket-arabasi-nem-kontrollu-gn-11-10-tepsi-kapasiteli
7868.52144.11,"BANKET ARABASI 1-1 15 TEPSİ NEM KONTROLLÜ",tasima,78259,98933,,-20.9,,equsto,https://www.mutbex.com/oztiryakiler-isitmali-banket-arabasi-nem-kontrollu-gn-11-15-tepsi-kapasiteli
7868.52180.11,"BANKET ARABASI 1-1 20 TEPSİ NEM KONTROLLÜ",tasima,83792,105927,,-20.9,,equsto,https://www.mutbex.com/oztiryakiler-isitmali-banket-arabasi-nem-kontrollu-gn-11-20-tepsi-kapasiteli
7868.77108.12,"BANKET ARABASI 2-1 10 TEPSİ NEM KONTROLLÜ",tasima,79585,100609,,-20.9,,equsto,https://www.mutbex.com/oztiryakiler-isitmali-banket-arabasi-nem-kontrollu-gn-21-10-tepsi-kapasiteli
7868.77144.12,"BANKET ARABASI 2-1 15 TEPSİ NEM KONTROLLÜ",tasima,88459,111828,,-20.9,,equsto,https://www.mutbex.com/oztiryakiler-isitmali-banket-arabasi-nem-kontrollu-gn-21-15-tepsi-kapasiteli
7868.77180.12,"BANKET ARABASI 2-1 20 TEPSİ NEM KONTROLLÜ",tasima,100043,126471,,-20.9,,equsto,https://www.mutbex.com/oztiryakiler-isitmali-banket-arabasi-nem-kontrollu-gn-21-20-tepsi-kapasiteli
7868.52108.10,"BANKET ARABASI 1-1 10 TEPSİ",tasima,68424,86500,,-20.9,,equsto,https://www.mutbex.com/oztiryakiler-isitmali-banket-arabasi-gn-11-10-tepsi-kapasiteli
7868.52144.10,"BANKET ARABASI 1-1 15 TEPSİ",tasima,75128,94975,,-20.9,,equsto,https://www.mutbex.com/oztiryakiler-isitmali-banket-arabasi-gn-11-15-tepsi-kapasiteli
7868.52180.10,"BANKET ARABASI 1-1 20 TEPSİ",tasima,80680,101993,,-20.9,,equsto,https://www.mutbex.com/oztiryakiler-isitmali-banket-arabasi-gn-11-20-tepsi-kapasiteli
7868.77108.10,"BANKET ARABASI 2-1 10 TEPSİ",tasima,74802,94562,,-20.9,,equsto,https://www.mutbex.com/oztiryakiler-isitmali-banket-arabasi-gn-21-10-tepsi-kapasiteli
7868.77144.10,"BANKET ARABASI 2-1 15 TEPSİ",tasima,83350,105368,,-20.9,,equsto,https://www.mutbex.com/oztiryakiler-isitmali-banket-arabasi-gn-21-15-tepsi-kapasiteli
7868.77180.10,"BANKET ARABASI 2-1 20 TEPSİ",tasima,95624,120886,,-20.9,,equsto,https://www.mutbex.com/oztiryakiler-isitmali-banket-arabasi-gn-21-20-tepsi-kapasiteli
7819.15G11.01,"SOĞUK BANKET ARABASI 1-1 15 RAFLI",tasima,100620,127200,,-20.9,,equsto,https://www.mutbex.com/oztiryakiler-sogutmali-banket-arabasi-gn-1-1-15-tepsi-kapasiteli
7819.15G21.01,"SOĞUK BANKET ARABASI 2-1 15 RAFLI",tasima,110647,139876,,-20.9,,equsto,https://www.mutbex.com/oztiryakiler-sogutmali-banket-arabasi-gn-2/1-15-tepsi-kapasiteli
7895.46615.00,"TEPSİ TASIMA ARABASI 40*60 TEPSİ YE GÖRE 20 RAFLI DEM.",tasima,24460,27823,,-12.1,,equsto,https://www.mutbex.com/oztiryakiler-20-rafli-tepsi-tasima-arabasi-demonte-40x60-tepsi-icin
7895.46615.01,"TEPSI TASIMA ARABASI - 40*60 TEPSI - 20 RAFLI - KAYNAKLI STOPER CUBUKLU",tasima,22904,26046,,-12.1,,equsto,https://www.mutbex.com/oztiryakiler-20-rafli-tepsi-tasima-arabasi-kaynakli-stoper-cubuklu-40x60-tepsi-icin
7895.40550.00,"TEPSİ TASIMA ARABASI 1/1 GN 17 RAFLI DEM.",tasima,20051,22819,,-12.1,,equsto,https://www.mutbex.com/oztiryakiler-17-rafli-tepsi-tasima-arabasi-demonte-1-1-gn
7895.40550.01,"TEPSI TASIMA ARABASI 1/1 GN 17 RAFLI MONTE",tasima,18668,21229,,-12.1,,equsto,https://www.mutbex.com/oztiryakiler-17-rafli-tepsi-tasima-arabasi-monte-1-1-gn
7895.58660.00,"TEPSİ TASIMA ARABASI 2/1 GN 17 RAFLI DEM.",tasima,21001,23895,,-12.1,,equsto,https://www.mutbex.com/oztiryakiler-17-rafli-tepsi-tasima-arabasi-demonte-2-1-gn
7895.58660.01,"TEPSI TASIMA ARABASI 2/1 GN 17 RAFLI MONTE",tasima,19619,22305,,-12,,equsto,https://www.mutbex.com/oztiryakiler-17-rafli-tepsi-tasima-arabasi-monte-2-1-gn
7959.60578.40,"BASKET TASIMA ARABASI KULPLU 60*60*85",tasima,13310,18050,,-26.3,,equsto,https://www.mutbex.com/basket-tasima-arabasi-kulplu-606085
7772.06080.01,"KAZAN TASIMA ARABASI 60*80",tasima,22298,25344,,-12,,equsto,https://www.mutbex.com/oztiryakiler-kazan-tasima-arabasi
7270.10060.00,"ET ASKI ARABASI 100*60",tasima,27224,29459,,-7.6,,equsto,https://www.mutbex.com/oztiryakiler-et-aski-arabasi-10060
7270.14060.00,"ET ASKI ARABASI 140*60",tasima,29818,32265,,-7.6,,equsto,https://www.mutbex.com/oztiryakiler-et-aski-arabasi-14060
7270.12060.00,"ET ASKI ARABASI 120*60",tasima,27830,30114,,-7.6,,equsto,https://www.mutbex.com/oztiryakiler-et-aski-arabasi-12060
7270.16060.00,"ET ASKI ARABASI 160*60*175 cm",tasima,29818,32265,,-7.6,,equsto,https://www.mutbex.com/oztiryakiler-et-aski-arabasi-16060
7270.19060.00,"ET ASKI ARABASI 190*60",tasima,31115,33668,,-7.6,,equsto,https://www.mutbex.com/oztiryakiler-et-aski-arabasi-19060
7772.06080.00,"YUK TASIMA ARABASI 60*80",tasima,18582,21136,,-12.1,,equsto,https://www.mutbex.com/yuk-tasima-arabasi-6080
7959.10052.80,"TABAK TASIMA ARABASI 98*50",tasima,23855,27121,,-12,,equsto,https://www.mutbex.com/tabak-tasima-arabasi-9850
7959.87579.50,"HAVUZLU BOŞ TOPLAMA ARABASI 80*55",tasima,19014,21604,,-12,,equsto,https://www.mutbex.com/havuzlu-bos-toplama-arabasi-8055
0913.00507.01,"SERVİS ARABASI İKİ KATLI 55*80 (DEMONTE)",tasima,10798,12035,,-10.3,,equsto,https://www.mutbex.com/oztiryakiler-servis-arabasi-iki-katli-demonte-5580
0913.00508.01,"SERVİS ARABASI ÜÇ KATLI 55*80 (DEMONTE)",tasima,13824,15408,13795,-10.3,0.2,cafemarkt,https://www.mutbex.com/oztiryakiler-servis-arabasi-uc-katli-demonte-5580
7959.65758.00,"ET SEBZE BASMA ARABASI 65*75",tasima,38287,43534,,-12.1,,equsto,https://www.mutbex.com/et-sebze-basma-arabasi-6575
7772.00750.10,"YUK TASIMA ARABASI BOYALI 750x1000x900",tasima,25064,28524,,-12.1,,equsto,https://www.mutbex.com/oztiryakiler-boyali-yuk-tasima-arabasi-75x100x90-cm
7370.50505.80,"UN SEKER ARABASI 50*50 PASLANMAZ",tasima,19014,21604,,-12,,equsto,https://www.mutbex.com/oztiryakiler-un-ve-seker-arabasi-5050-cm
7370.64436.80,"UN SEKER ARABASI 45*65 PASLANMAZ",tasima,20830,23661,,-12,,equsto,https://www.mutbex.com/oztiryakiler-un-ve-seker-arabasi-4565-cm
8370.USA10.20,"UN SEKER ARABASI  USA102 - 102 LT - 46010010",tasima,3742,3309,,13.1,,mutbex,https://www.mutbex.com/un-seker-arabasi-020-m-kup
8895.TTA37.53,"TEPSI TASIMA ARABASI POLIETILEN 12 CIFT RAFLI 24 TEPSI KAPASITEL",tasima,30337,26822,,13.1,,mutbex,https://www.mutbex.com/oztiryakiler-polietilen-tepsi-tasima-arabasi-12-cift-rafli-24-tepsi-kapasiteli
8959.0TAA6.00,"TABAK DISPANSERI 6 BOLMELI TAA6",tasima,38270,33837,,13.1,,mutbex,https://www.mutbex.com/tabak-tasima-dispanseri-arabasi-6-bolmeli-taa6
8959.125PM.84,"PLATE MATE  TABAK TASIMA ARABASI 125 PM84",tasima,64463,65393,,-1.4,,equsto,https://www.mutbex.com/plate-mate-tabak-tasima-arabasi
8959.155PM.48,"PLATEMATE KATLI TABAK ARABASI KATLANABILIR  155PM 48",tasima,45518,46176,,-1.4,,equsto,https://www.mutbex.com/oztiryakiler-platemate-katli-tabak-arabasi-katlanabilir-155pm-48
8959.145PM.60,"PLATEMATE KATLI TABAK ARABASI KATLANABILIR  145PM 60",tasima,51698,52444,,-1.4,,equsto,https://www.mutbex.com/oztiryakiler-platemate-katli-tabak-arabasi-katlanabilir-145pm-60
8959.135PM.84,"PLATE MATE  KATLANABILIR TABAK TASIMA ARABASI 135 PM 84",tasima,65130,66070,,-1.4,,equsto,https://www.mutbex.com/oztiryakiler-platemate-tabak-tasima-arabasi-135-pm-84
8959.160PM.96,"PLATEMATE KATLI TABAK ARABASI IKILI 160PM 96",tasima,61561,62450,,-1.4,,equsto,https://www.mutbex.com/oztiryakiler-platemate-katli-tabak-arabasi-ikili-160pm-96
8959.170PM.120,"PLATEMATE KATLI TABAK ARABASI IKILI 170PM 120",tasima,68089,69072,,-1.4,,equsto,https://www.mutbex.com/oztiryakiler-platemate-katli-tabak-arabasi-ikili-170pm-120
8959.180PM.168,"PLATEMATE KATLI TABAK ARABASI IKILI 180PM 168",tasima,82478,83669,,-1.4,,equsto,https://www.mutbex.com/oztiryakiler-platemate-katli-tabak-arabasi-ikili-180pm-168
8959.TIA20.00,"TABAK TASIMA ARABASI TIA20",tasima,8645,8770,,-1.4,,equsto,https://www.mutbex.com/oztiryakiler-tabak-tasima-arabasi-tia20
073M.00000.AD,"BARDAK YIKAMA MAKINASI MEKANIK, (35x35 cm) OBY 35M",yikama,42800,42510,,0.7,,mutbex,https://www.mutbex.com/oztiryakiler-bardak-yikama-makinesi-oby-35m-35x35-cm-sepetli
073M.11010.AD,"BARDAK YIKAMA MAKINASI OBY 500 B Plus (35x35) PDT",yikama,52482,49704,,5.6,,mutbex,https://www.mutbex.com/oztiryakiler-bardak-yikama-makinesi-oby-500-35m-ptd-35x35-cm-sepetli-parlatici-deterjan-tahliye-pompali
074M.00000.AD,"BARDAK YIKAMA MAKINASI MEKANIK, (40x40 cm) OBY 40M",yikama,49295,49050,,0.5,,mutbex,https://www.mutbex.com/oztiryakiler-bardak-yikama-makinesi-oby-500-40m-40x40-cm-sepetli
074M.11010.AD,"BARDAK YIKAMA MAKINASI MEKANIK, (40x40 cm) OBY 40M PDT",yikama,58937,55590,,6,,mutbex,https://www.mutbex.com/oztiryakiler-bardak-yikama-makinesi-oby-500-40m-pdt-40x40-cm-sepetli-parlatici-deterjan-tahliye-pompali
075T.00010.AD,"TEZGAHALTI BULASIK YIKAMA MAK. TOUCH OBY 50T T",yikama,56476,48396,,16.7,,mutbex,https://www.mutbex.com/oztiryakiler-sanayi-tipi-bulasik-yikama-makinesitouch-ekran-oby-50t-tahliye-pompali
075T.11110.AD,"TEZGAHALTI BULASIK YIKAMA MAK. TOUCH OBY 50T PDRT",yikama,62124,63765,,-2.6,,equsto,https://www.mutbex.com/oztiryakiler-sanayi-tipi-bulasik-yikama-makinesi-touch-ekran-oby-50t-pdrt-plus-50x50-cm-sepetli-4-pompali
071T.00000.BB,"GIYOTIN TIP BULASIK YIKAMA MAK. TOUCH OBM 1080T",yikama,88748,76845,91843,15.5,-3.4,mutbex,https://www.mutbex.com/oztiryakiler-giyotin-tip-bulasik-yikama-makinesi-touch-ekran-obm-1080-t
071T.11110.BB,"GIYOTIN TIP BULASIK YIKAMA MAK. TOUCH OBM 1080T PDRT",yikama,106921,98100,110650,9,-3.4,mutbex,https://www.mutbex.com/oztiryakiler-giyotin-tip-bulasik-yikama-makinesi-obm-1080-t-plus-touch-ekran-4-pompali
076R.00100.BD,"KONVEYORLU BULASIK YIKAMA MAK. SAG GIRIS, OBK 1500 E",yikama,312917,327766,,-4.5,,equsto,https://www.mutbex.com/bulasik-makinesi-obk-1500-sag-girisli-kurutmasiz
076R.0010K.BD,"KONVEYORLU BULASIK YIKAMA MAK. SAG GIRIS/KURUTMALI, OBK 1500",yikama,362233,379421,,-4.5,,equsto,https://www.mutbex.com/oztiryakiler-konveyorlu-bulasik-yikama-makinesi-obk-1500-kurutmali
072R.0010K.BD,"KONVEYORLU BULASIK YIKAMA MAK. SAG GIRIS/KURUTMALI, OBK 2000",yikama,380668,398731,,-4.5,,equsto,https://www.mutbex.com/oztiryakiler-konveyorlu-bulasik-yikama-makinesi-sag-girisli-kurutmali-obk-2000
077L.0010K.BD,"KONVEYORLU BULASIK YIKAMA MAK. SOL GIRIS/KURUTMALI, OBK 3000",yikama,486480,509564,,-4.5,,equsto,https://www.mutbex.com/oztiryakiler-konveyorlu-bulasik-yikama-makinesi-sol-girisli-kurutmali-obk-3000
078M.11110.BD,"KAZAN YIKAMA BULASIK MAKINASI, OKY",yikama,290226,303998,,-4.5,,equsto,https://www.mutbex.com/oztiryakiler-kazan-yikama-makinesi-oky
079M.00000.AD,"SEBZE YIKAMA MAKINASI MEKANIK, KURUTMASIZ OSY",yikama,97421,116119,,-16.1,,equsto,https://www.mutbex.com/oztiryakiler-sebze-yikama-makinesi-osy
0840.40035.01,"SALATA VE SEBZE KURUTMA MAKINESI",yikama,163190,194511,,-16.1,,equsto,https://www.mutbex.com/oztiryakiler-salata-ve-sebze-kurutma-makinesi-40-lt-skm-4035
7711.07075.22,"B.Y.M GİRİŞ TEZG.1 EVYELİ,SOLDAN 70*75",yikama,16021,,20724,,-22.7,equsto,
7711.09075.22,"B.Y.M GİRİŞ TEZG.1 EVYELİ,SOLDAN 90*75",yikama,17136,,22165,,-22.7,equsto,
7711.12075.22,"B.Y.M GİRİŞ TEZG.1 EVYELİ,SOLDAN 120*75",yikama,17672,,22862,,-22.7,equsto,
7711.14075.22,"B.Y.M GİRİŞ TEZG.1 EVYELİ,SOLDAN 140*75",yikama,18442,,23855,,-22.7,equsto,
7711.19075.22,"B.Y.M GİRİŞ TEZG.1 EVYELİ,SOLDAN 190*75",yikama,22705,,29372,,-22.7,equsto,
7711.09075.12,"B.Y.M ÇIKIŞ TEZG.ALT TABLALI SOLDAN 90*75",yikama,15868,,20525,,-22.7,equsto,
7711.12075.12,"B.Y.M ÇIKIŞ TEZG.ALT TABLALI SOLDAN  120*75",yikama,17923,,23184,,-22.7,equsto,
7711.14075.12,"B.Y.M ÇIKIŞ TEZG.ALT TABLALI SOLDAN 140*75",yikama,20016,,25893,,-22.7,equsto,
7711.16075.12,"B.Y.M ÇIKIŞ TEZG.ALT TABLALI SOLDAN 160*75",yikama,22801,,29496,,-22.7,equsto,
7711.19075.12,"B.Y.M ÇIKIŞ TEZG.ALT TABLALI SOLDAN 190*75",yikama,25703,,33248,,-22.7,equsto,
7711.07075.21,"B.Y.M GİRİŞ TEZG.1 EVYELİ,SAĞDAN 70*75",yikama,16098,,20824,,-22.7,equsto,
7711.09075.21,"B.Y.M GİRİŞ TEZG.1 EVYELİ,SAĞDAN 90*75",yikama,16732,,21644,,-22.7,equsto,
7711.12075.21,"B.Y.M GİRİŞ TEZG.1 EVYELI,SAGDAN 120*75",yikama,17692,,22886,,-22.7,equsto,
7711.14075.21,"B.Y.M GİRİŞ TEZG.1 EVYELİ,SAĞDAN 140*75",yikama,18749,,24253,,-22.7,equsto,
7711.16075.21,"B.Y.M GİRİŞ TEZG.1 EVYELİ,SAĞDAN 160*75",yikama,21745,,28130,,-22.7,equsto,
7711.19075.21,"B.Y.M GİRİŞ TEZG.1 EVYELİ,SAĞDAN 190*75",yikama,22648,,29297,,-22.7,equsto,
7711.07075.13,"B.Y.M ÇIKIŞ TEZG.ALT TABLALI SAĞDAN 70*75",yikama,14522,,18786,,-22.7,equsto,
7711.12075.13,"B.Y.M ÇIKIŞ TEZG.ALT TABLALI SAGDAN 120*75",yikama,17923,,23184,,-22.7,equsto,
7711.14075.13,"B.Y.M ÇIKIŞ TEZG.ALT TABLALI SAĞDAN 140*75",yikama,20016,,20525,,-2.5,equsto,
7711.16075.13,"B.Y.M ÇIKIŞ TEZG.ALT TABLALI SAĞDAN 160*75",yikama,22801,,29496,,-22.7,equsto,
7711.19075.13,"B.Y.M ÇIKIŞ TEZG.ALT TABLALI SAĞDAN 190*75",yikama,25703,,33248,,-22.7,equsto,
0759.40311.31,"EL YIKAMA EVYESİ ALT SIRTLI",yikama,2454,,3360,,-27,equsto,
7711.09075.12,"B.Y.M ÇIKIŞ TEZG.ALT TABLALI SOLDAN 90*75",yikama,15868,,20525,,-22.7,equsto,
7711.12075.12,"B.Y.M ÇIKIŞ TEZG.ALT TABLALI SOLDAN  120*75",yikama,17923,,23184,,-22.7,equsto,
7711.14075.12,"B.Y.M ÇIKIŞ TEZG.ALT TABLALI SOLDAN 140*75",yikama,20016,,25893,,-22.7,equsto,
7711.16075.12,"B.Y.M ÇIKIŞ TEZG.ALT TABLALI SOLDAN 160*75",yikama,22801,,29496,,-22.7,equsto,
7711.19075.12,"B.Y.M ÇIKIŞ TEZG.ALT TABLALI SOLDAN 190*75",yikama,25703,,33248,,-22.7,equsto,
7711.07075.13,"B.Y.M ÇIKIŞ TEZG.ALT TABLALI SAĞDAN 70*75",yikama,14522,,18786,,-22.7,equsto,
7711.12075.13,"B.Y.M ÇIKIŞ TEZG.ALT TABLALI SAGDAN 120*75",yikama,17923,,23184,,-22.7,equsto,
7711.14075.13,"B.Y.M ÇIKIŞ TEZG.ALT TABLALI SAĞDAN 140*75",yikama,20016,,20525,,-2.5,equsto,
7711.16075.13,"B.Y.M ÇIKIŞ TEZG.ALT TABLALI SAĞDAN 160*75",yikama,22801,,29496,,-22.7,equsto,
7711.19075.13,"B.Y.M ÇIKIŞ TEZG.ALT TABLALI SAĞDAN 190*75",yikama,25703,,33248,,-22.7,equsto,
7711.07075.21,"B.Y.M GİRİŞ TEZG.1 EVYELİ,SAĞDAN 70*75",yikama,16098,,20824,,-22.7,equsto,
7711.09075.21,"B.Y.M GİRİŞ TEZG.1 EVYELİ,SAĞDAN 90*75",yikama,16732,,21644,,-22.7,equsto,
7711.12075.21,"B.Y.M GİRİŞ TEZG.1 EVYELI,SAGDAN 120*75",yikama,17692,,22886,,-22.7,equsto,
7711.14075.21,"B.Y.M GİRİŞ TEZG.1 EVYELİ,SAĞDAN 140*75",yikama,18749,,24253,,-22.7,equsto,
7711.16075.21,"B.Y.M GİRİŞ TEZG.1 EVYELİ,SAĞDAN 160*75",yikama,21745,,28130,,-22.7,equsto,
7711.19075.21,"B.Y.M GİRİŞ TEZG.1 EVYELİ,SAĞDAN 190*75",yikama,22648,,29297,,-22.7,equsto,
7711.07075.22,"B.Y.M GİRİŞ TEZG.1 EVYELİ,SOLDAN 70*75",yikama,16021,,20724,,-22.7,equsto,
7711.09075.22,"B.Y.M GİRİŞ TEZG.1 EVYELİ,SOLDAN 90*75",yikama,17136,,22165,,-22.7,equsto,
7711.12075.22,"B.Y.M GİRİŞ TEZG.1 EVYELİ,SOLDAN 120*75",yikama,17672,,22862,,-22.7,equsto,
7711.14075.22,"B.Y.M GİRİŞ TEZG.1 EVYELİ,SOLDAN 140*75",yikama,18442,,23855,,-22.7,equsto,
7711.19075.22,"B.Y.M GİRİŞ TEZG.1 EVYELİ,SOLDAN 190*75",yikama,22705,,29372,,-22.7,equsto,
7771.12080.00,"KAZAN YIKAMA EVYESİ 120*80",yikama,32214,,41672,,-22.7,equsto,
7771.14080.00,"KAZAN YIKAMA EVYESİ 140*80",yikama,35748,,46245,,-22.7,equsto,
7771.16080.00,"KAZAN YIKAMA EVYESİ 160*80",yikama,39610,,51239,,-22.7,equsto,
7771.19080.00,"KAZAN YIKAMA EVYESİ 190*80",yikama,44509,,57576,,-22.7,equsto,