url	issue_type	http_status	final_url	canonical	details
https://equsto.com/projeler	MISSING_CANONICAL	200	https://equsto.com/projeler		
https://equsto.com/projeler/istanbul-yuksek-hacim-catering-demode	MISSING_CANONICAL	200	https://equsto.com/projeler/istanbul-yuksek-hacim-catering-demode		
https://equsto.com/projeler/izmir-moduler-bar-icecek-demode	MISSING_CANONICAL	200	https://equsto.com/projeler/izmir-moduler-bar-icecek-demode		
https://equsto.com/en	WRONG_CANONICAL	200	https://equsto.com/en	https://equsto.com	
https://equsto.com/en/blog	MISSING_CANONICAL	200	https://equsto.com/en/blog		
https://equsto.com/en/contact	ERROR	ERROR	https://equsto.com/en/contact		Failed to parse URL from /en/iletisim
https://equsto.com/en/cart	WRONG_CANONICAL	200	https://equsto.com/en/cart	https://equsto.com/sepet	
https://equsto.com/en/search	WRONG_CANONICAL	200	https://equsto.com/en/search	https://equsto.com/arama	
https://equsto.com/shop	ERROR	ERROR	https://equsto.com/shop		Failed to parse URL from /
https://equsto.com/besos	MISSING_CANONICAL	200	https://equsto.com/besos		
https://equsto.com/arama	NOINDEX	200	https://equsto.com/arama	https://equsto.com/arama	
https://equsto.com/shop/dolap	ERROR	ERROR	https://equsto.com/shop/dolap		Failed to parse URL from /shop/tezgah
https://equsto.com/pfos/restoran/istanbul/modern/150m2	SITEMAP_URL_404	404	https://equsto.com/pfos/restoran/istanbul/modern/150m2		
https://equsto.com/pfos/kafe/istanbul/ozgun/80m2	SITEMAP_URL_404	404	https://equsto.com/pfos/kafe/istanbul/ozgun/80m2		
https://equsto.com/pfos/catering/istanbul/klasik/200m2	SITEMAP_URL_404	404	https://equsto.com/pfos/catering/istanbul/klasik/200m2		
https://equsto.com/pfos/steakhouse/istanbul/modern/150m2	SITEMAP_URL_404	404	https://equsto.com/pfos/steakhouse/istanbul/modern/150m2		
https://equsto.com/pfos/bar/istanbul/ozgun/100m2	SITEMAP_URL_404	404	https://equsto.com/pfos/bar/istanbul/ozgun/100m2		
https://equsto.com/pfos/bulut-mutfak/istanbul/modern/120m2	SITEMAP_URL_404	404	https://equsto.com/pfos/bulut-mutfak/istanbul/modern/120m2		
https://equsto.com/pfos/restoran/ankara/modern/150m2	SITEMAP_URL_404	404	https://equsto.com/pfos/restoran/ankara/modern/150m2		
https://equsto.com/pfos/kafe/ankara/ozgun/80m2	SITEMAP_URL_404	404	https://equsto.com/pfos/kafe/ankara/ozgun/80m2		
https://equsto.com/pfos/catering/ankara/klasik/200m2	SITEMAP_URL_404	404	https://equsto.com/pfos/catering/ankara/klasik/200m2		
https://equsto.com/pfos/steakhouse/ankara/modern/150m2	SITEMAP_URL_404	404	https://equsto.com/pfos/steakhouse/ankara/modern/150m2		
https://equsto.com/pfos/restoran/izmir/modern/120m2	SITEMAP_URL_404	404	https://equsto.com/pfos/restoran/izmir/modern/120m2		
https://equsto.com/pfos/kafe/izmir/ozgun/100m2	SITEMAP_URL_404	404	https://equsto.com/pfos/kafe/izmir/ozgun/100m2		
https://equsto.com/pfos/bar/izmir/ozgun/80m2	SITEMAP_URL_404	404	https://equsto.com/pfos/bar/izmir/ozgun/80m2		
https://equsto.com/pfos/steakhouse/izmir/modern/150m2	SITEMAP_URL_404	404	https://equsto.com/pfos/steakhouse/izmir/modern/150m2		
https://equsto.com/pfos/restoran/bursa/modern/150m2	SITEMAP_URL_404	404	https://equsto.com/pfos/restoran/bursa/modern/150m2		
https://equsto.com/pfos/kafe/bursa/ozgun/80m2	SITEMAP_URL_404	404	https://equsto.com/pfos/kafe/bursa/ozgun/80m2		
https://equsto.com/pfos/catering/bursa/klasik/200m2	SITEMAP_URL_404	404	https://equsto.com/pfos/catering/bursa/klasik/200m2		
https://equsto.com/pfos/restoran/antalya/modern/150m2	SITEMAP_URL_404	404	https://equsto.com/pfos/restoran/antalya/modern/150m2		
https://equsto.com/pfos/kafe/antalya/ozgun/100m2	SITEMAP_URL_404	404	https://equsto.com/pfos/kafe/antalya/ozgun/100m2		
https://equsto.com/pfos/bar/antalya/ozgun/80m2	SITEMAP_URL_404	404	https://equsto.com/pfos/bar/antalya/ozgun/80m2		
https://equsto.com/pfos/restoran/adana/modern/150m2	SITEMAP_URL_404	404	https://equsto.com/pfos/restoran/adana/modern/150m2		
https://equsto.com/pfos/steakhouse/adana/modern/150m2	SITEMAP_URL_404	404	https://equsto.com/pfos/steakhouse/adana/modern/150m2		
https://equsto.com/pfos/restoran/gaziantep/modern/150m2	SITEMAP_URL_404	404	https://equsto.com/pfos/restoran/gaziantep/modern/150m2		
https://equsto.com/pfos/kafe/gaziantep/ozgun/80m2	SITEMAP_URL_404	404	https://equsto.com/pfos/kafe/gaziantep/ozgun/80m2		
https://equsto.com/pfos/restoran/kocaeli/modern/150m2	SITEMAP_URL_404	404	https://equsto.com/pfos/restoran/kocaeli/modern/150m2		
https://equsto.com/pfos/catering/kocaeli/klasik/200m2	SITEMAP_URL_404	404	https://equsto.com/pfos/catering/kocaeli/klasik/200m2		
https://equsto.com/en/shop	SITEMAP_URL_404	404	https://equsto.com/en/shop		
https://equsto.com/en/shop/marka	WRONG_CANONICAL	200	https://equsto.com/en/shop/marka	https://equsto.com/shop/marka	
https://equsto.com/en/sepet	ERROR	ERROR	https://equsto.com/en/sepet		Failed to parse URL from /en/cart
https://equsto.com/en/pfos/restaurant/istanbul/modern/150m2	SITEMAP_URL_404	404	https://equsto.com/en/pfos/restaurant/istanbul/modern/150m2		
https://equsto.com/en/pfos/cafe/istanbul/signature/80m2	SITEMAP_URL_404	404	https://equsto.com/en/pfos/cafe/istanbul/signature/80m2		
https://equsto.com/en/pfos/catering/istanbul/classic/200m2	SITEMAP_URL_404	404	https://equsto.com/en/pfos/catering/istanbul/classic/200m2		
https://equsto.com/en/pfos/steakhouse/istanbul/modern/150m2	SITEMAP_URL_404	404	https://equsto.com/en/pfos/steakhouse/istanbul/modern/150m2		
https://equsto.com/en/pfos/bar/istanbul/signature/100m2	SITEMAP_URL_404	404	https://equsto.com/en/pfos/bar/istanbul/signature/100m2		
https://equsto.com/en/pfos/cloud-kitchen/istanbul/modern/120m2	SITEMAP_URL_404	404	https://equsto.com/en/pfos/cloud-kitchen/istanbul/modern/120m2		
https://equsto.com/en/pfos/restaurant/ankara/modern/150m2	SITEMAP_URL_404	404	https://equsto.com/en/pfos/restaurant/ankara/modern/150m2		
https://equsto.com/en/pfos/cafe/ankara/signature/80m2	SITEMAP_URL_404	404	https://equsto.com/en/pfos/cafe/ankara/signature/80m2		
https://equsto.com/en/pfos/catering/ankara/classic/200m2	SITEMAP_URL_404	404	https://equsto.com/en/pfos/catering/ankara/classic/200m2		
https://equsto.com/en/pfos/steakhouse/ankara/modern/150m2	SITEMAP_URL_404	404	https://equsto.com/en/pfos/steakhouse/ankara/modern/150m2		
https://equsto.com/en/pfos/restaurant/izmir/modern/120m2	SITEMAP_URL_404	404	https://equsto.com/en/pfos/restaurant/izmir/modern/120m2		
https://equsto.com/en/pfos/cafe/izmir/signature/100m2	SITEMAP_URL_404	404	https://equsto.com/en/pfos/cafe/izmir/signature/100m2		
https://equsto.com/en/pfos/bar/izmir/signature/80m2	SITEMAP_URL_404	404	https://equsto.com/en/pfos/bar/izmir/signature/80m2		
https://equsto.com/en/pfos/steakhouse/izmir/modern/150m2	SITEMAP_URL_404	404	https://equsto.com/en/pfos/steakhouse/izmir/modern/150m2		
https://equsto.com/en/pfos/restaurant/bursa/modern/150m2	SITEMAP_URL_404	404	https://equsto.com/en/pfos/restaurant/bursa/modern/150m2		
https://equsto.com/en/pfos/cafe/bursa/signature/80m2	SITEMAP_URL_404	404	https://equsto.com/en/pfos/cafe/bursa/signature/80m2		
https://equsto.com/en/pfos/catering/bursa/classic/200m2	SITEMAP_URL_404	404	https://equsto.com/en/pfos/catering/bursa/classic/200m2		
https://equsto.com/en/pfos/restaurant/antalya/modern/150m2	SITEMAP_URL_404	404	https://equsto.com/en/pfos/restaurant/antalya/modern/150m2		
https://equsto.com/en/pfos/cafe/antalya/signature/100m2	SITEMAP_URL_404	404	https://equsto.com/en/pfos/cafe/antalya/signature/100m2		
https://equsto.com/en/pfos/bar/antalya/signature/80m2	SITEMAP_URL_404	404	https://equsto.com/en/pfos/bar/antalya/signature/80m2		
https://equsto.com/en/pfos/restaurant/adana/modern/150m2	SITEMAP_URL_404	404	https://equsto.com/en/pfos/restaurant/adana/modern/150m2		
https://equsto.com/en/pfos/steakhouse/adana/modern/150m2	SITEMAP_URL_404	404	https://equsto.com/en/pfos/steakhouse/adana/modern/150m2		
https://equsto.com/en/pfos/restaurant/gaziantep/modern/150m2	SITEMAP_URL_404	404	https://equsto.com/en/pfos/restaurant/gaziantep/modern/150m2		
https://equsto.com/en/pfos/cafe/gaziantep/signature/80m2	SITEMAP_URL_404	404	https://equsto.com/en/pfos/cafe/gaziantep/signature/80m2		
https://equsto.com/en/pfos/restaurant/kocaeli/modern/150m2	SITEMAP_URL_404	404	https://equsto.com/en/pfos/restaurant/kocaeli/modern/150m2		
https://equsto.com/en/pfos/catering/kocaeli/classic/200m2	SITEMAP_URL_404	404	https://equsto.com/en/pfos/catering/kocaeli/classic/200m2		
https://equsto.com/shop/pisirme?tip=firinlar	PARAMETER_CANONICAL	200	https://equsto.com/shop/pisirme?tip=firinlar	https://equsto.com/shop/pisirme	
https://equsto.com/en/shop/pisirme?tip=firinlar	PARAMETER_CANONICAL	200	https://equsto.com/en/shop/pisirme?tip=firinlar	https://equsto.com/en/shop/pisirme	
https://equsto.com/shop/pisirme?tip=kombi-firin	PARAMETER_CANONICAL	200	https://equsto.com/shop/pisirme?tip=kombi-firin	https://equsto.com/shop/pisirme	
https://equsto.com/en/shop/pisirme?tip=kombi-firin	PARAMETER_CANONICAL	200	https://equsto.com/en/shop/pisirme?tip=kombi-firin	https://equsto.com/en/shop/pisirme	
https://equsto.com/shop/pisirme?tip=konveksiyonlu-firin	PARAMETER_CANONICAL	200	https://equsto.com/shop/pisirme?tip=konveksiyonlu-firin	https://equsto.com/shop/pisirme	
https://equsto.com/en/shop/pisirme?tip=konveksiyonlu-firin	PARAMETER_CANONICAL	200	https://equsto.com/en/shop/pisirme?tip=konveksiyonlu-firin	https://equsto.com/en/shop/pisirme	
https://equsto.com/shop/pisirme?tip=jet-mikrodalga-firin	PARAMETER_CANONICAL	200	https://equsto.com/shop/pisirme?tip=jet-mikrodalga-firin	https://equsto.com/shop/pisirme	
https://equsto.com/en/shop/pisirme?tip=jet-mikrodalga-firin	PARAMETER_CANONICAL	200	https://equsto.com/en/shop/pisirme?tip=jet-mikrodalga-firin	https://equsto.com/en/shop/pisirme	
https://equsto.com/shop/pisirme?tip=komurlu-firin	PARAMETER_CANONICAL	200	https://equsto.com/shop/pisirme?tip=komurlu-firin	https://equsto.com/shop/pisirme	
https://equsto.com/en/shop/pisirme?tip=komurlu-firin	PARAMETER_CANONICAL	200	https://equsto.com/en/shop/pisirme?tip=komurlu-firin	https://equsto.com/en/shop/pisirme	
https://equsto.com/shop/pisirme?tip=pizza-firinlari	PARAMETER_CANONICAL	200	https://equsto.com/shop/pisirme?tip=pizza-firinlari	https://equsto.com/shop/pisirme	
https://equsto.com/en/shop/pisirme?tip=pizza-firinlari	PARAMETER_CANONICAL	200	https://equsto.com/en/shop/pisirme?tip=pizza-firinlari	https://equsto.com/en/shop/pisirme	
https://equsto.com/shop/pisirme?tip=mayalama-dolabi	PARAMETER_CANONICAL	200	https://equsto.com/shop/pisirme?tip=mayalama-dolabi	https://equsto.com/shop/pisirme	
https://equsto.com/en/shop/pisirme?tip=mayalama-dolabi	PARAMETER_CANONICAL	200	https://equsto.com/en/shop/pisirme?tip=mayalama-dolabi	https://equsto.com/en/shop/pisirme	
https://equsto.com/shop/pisirme?tip=induksiyonlu-ocak	PARAMETER_CANONICAL	200	https://equsto.com/shop/pisirme?tip=induksiyonlu-ocak	https://equsto.com/shop/pisirme	
https://equsto.com/en/shop/pisirme?tip=induksiyonlu-ocak	PARAMETER_CANONICAL	200	https://equsto.com/en/shop/pisirme?tip=induksiyonlu-ocak	https://equsto.com/en/shop/pisirme	
https://equsto.com/shop/pisirme?tip=asansorlu-izgara	PARAMETER_CANONICAL	200	https://equsto.com/shop/pisirme?tip=asansorlu-izgara	https://equsto.com/shop/pisirme	
https://equsto.com/en/shop/pisirme?tip=asansorlu-izgara	PARAMETER_CANONICAL	200	https://equsto.com/en/shop/pisirme?tip=asansorlu-izgara	https://equsto.com/en/shop/pisirme	
https://equsto.com/shop/pisirme?tip=doner-ocaklari	PARAMETER_CANONICAL	200	https://equsto.com/shop/pisirme?tip=doner-ocaklari	https://equsto.com/shop/pisirme	
https://equsto.com/en/shop/pisirme?tip=doner-ocaklari	PARAMETER_CANONICAL	200	https://equsto.com/en/shop/pisirme?tip=doner-ocaklari	https://equsto.com/en/shop/pisirme	
https://equsto.com/shop/pisirme?tip=pilic-cevirme	PARAMETER_CANONICAL	200	https://equsto.com/shop/pisirme?tip=pilic-cevirme	https://equsto.com/shop/pisirme	
https://equsto.com/en/shop/pisirme?tip=pilic-cevirme	PARAMETER_CANONICAL	200	https://equsto.com/en/shop/pisirme?tip=pilic-cevirme	https://equsto.com/en/shop/pisirme	
https://equsto.com/shop/pisirme?tip=lavtasli_izgara	PARAMETER_CANONICAL	200	https://equsto.com/shop/pisirme?tip=lavtasli_izgara	https://equsto.com/shop/pisirme	
https://equsto.com/en/shop/pisirme?tip=lavtasli_izgara	PARAMETER_CANONICAL	200	https://equsto.com/en/shop/pisirme?tip=lavtasli_izgara	https://equsto.com/en/shop/pisirme	
https://equsto.com/shop/pisirme?tip=char_izgara	PARAMETER_CANONICAL	200	https://equsto.com/shop/pisirme?tip=char_izgara	https://equsto.com/shop/pisirme	
https://equsto.com/en/shop/pisirme?tip=char_izgara	PARAMETER_CANONICAL	200	https://equsto.com/en/shop/pisirme?tip=char_izgara	https://equsto.com/en/shop/pisirme	
https://equsto.com/shop/pisirme?tip=salamander	PARAMETER_CANONICAL	200	https://equsto.com/shop/pisirme?tip=salamander	https://equsto.com/shop/pisirme	
https://equsto.com/en/shop/pisirme?tip=salamander	PARAMETER_CANONICAL	200	https://equsto.com/en/shop/pisirme?tip=salamander	https://equsto.com/en/shop/pisirme	
https://equsto.com/shop/pisirme?tip=patates_dinlendirme	PARAMETER_CANONICAL	200	https://equsto.com/shop/pisirme?tip=patates_dinlendirme	https://equsto.com/shop/pisirme	
https://equsto.com/en/shop/pisirme?tip=patates_dinlendirme	PARAMETER_CANONICAL	200	https://equsto.com/en/shop/pisirme?tip=patates_dinlendirme	https://equsto.com/en/shop/pisirme	
https://equsto.com/shop/pisirme?tip=setustu-bain-marie	PARAMETER_CANONICAL	200	https://equsto.com/shop/pisirme?tip=setustu-bain-marie	https://equsto.com/shop/pisirme	
https://equsto.com/en/shop/pisirme?tip=setustu-bain-marie	PARAMETER_CANONICAL	200	https://equsto.com/en/shop/pisirme?tip=setustu-bain-marie	https://equsto.com/en/shop/pisirme	
https://equsto.com/shop/pisirme?tip=hareketli-bain-marie	PARAMETER_CANONICAL	200	https://equsto.com/shop/pisirme?tip=hareketli-bain-marie	https://equsto.com/shop/pisirme	
https://equsto.com/en/shop/pisirme?tip=hareketli-bain-marie	PARAMETER_CANONICAL	200	https://equsto.com/en/shop/pisirme?tip=hareketli-bain-marie	https://equsto.com/en/shop/pisirme	
https://equsto.com/shop/pisirme?tip=sanayi-ocaklari	PARAMETER_CANONICAL	200	https://equsto.com/shop/pisirme?tip=sanayi-ocaklari	https://equsto.com/shop/pisirme	
https://equsto.com/en/shop/pisirme?tip=sanayi-ocaklari	PARAMETER_CANONICAL	200	https://equsto.com/en/shop/pisirme?tip=sanayi-ocaklari	https://equsto.com/en/shop/pisirme	
https://equsto.com/shop/pisirme?tip=ocak-vitrini	PARAMETER_CANONICAL	200	https://equsto.com/shop/pisirme?tip=ocak-vitrini	https://equsto.com/shop/pisirme	
https://equsto.com/en/shop/pisirme?tip=ocak-vitrini	PARAMETER_CANONICAL	200	https://equsto.com/en/shop/pisirme?tip=ocak-vitrini	https://equsto.com/en/shop/pisirme	
https://equsto.com/shop/pisirme?tip=sanayi-tipi-izgaralar	PARAMETER_CANONICAL	200	https://equsto.com/shop/pisirme?tip=sanayi-tipi-izgaralar	https://equsto.com/shop/pisirme	
https://equsto.com/en/shop/pisirme?tip=sanayi-tipi-izgaralar	PARAMETER_CANONICAL	200	https://equsto.com/en/shop/pisirme?tip=sanayi-tipi-izgaralar	https://equsto.com/en/shop/pisirme	
https://equsto.com/shop/pisirme?tip=kuzineler	PARAMETER_CANONICAL	200	https://equsto.com/shop/pisirme?tip=kuzineler	https://equsto.com/shop/pisirme	
https://equsto.com/en/shop/pisirme?tip=kuzineler	PARAMETER_CANONICAL	200	https://equsto.com/en/shop/pisirme?tip=kuzineler	https://equsto.com/en/shop/pisirme	
https://equsto.com/shop/pisirme?tip=fritozler	PARAMETER_CANONICAL	200	https://equsto.com/shop/pisirme?tip=fritozler	https://equsto.com/shop/pisirme	
https://equsto.com/en/shop/pisirme?tip=fritozler	PARAMETER_CANONICAL	200	https://equsto.com/en/shop/pisirme?tip=fritozler	https://equsto.com/en/shop/pisirme	
https://equsto.com/shop/pisirme?tip=doner-ocaklari-	PARAMETER_CANONICAL	200	https://equsto.com/shop/pisirme?tip=doner-ocaklari-	https://equsto.com/shop/pisirme	
https://equsto.com/en/shop/pisirme?tip=doner-ocaklari-	PARAMETER_CANONICAL	200	https://equsto.com/en/shop/pisirme?tip=doner-ocaklari-	https://equsto.com/en/shop/pisirme	
https://equsto.com/shop/pisirme?tip=tost-makineleri	PARAMETER_CANONICAL	200	https://equsto.com/shop/pisirme?tip=tost-makineleri	https://equsto.com/shop/pisirme	
https://equsto.com/en/shop/pisirme?tip=tost-makineleri	PARAMETER_CANONICAL	200	https://equsto.com/en/shop/pisirme?tip=tost-makineleri	https://equsto.com/en/shop/pisirme	
https://equsto.com/shop/pisirme?tip=pilic-cevirme-makineleri	PARAMETER_CANONICAL	200	https://equsto.com/shop/pisirme?tip=pilic-cevirme-makineleri	https://equsto.com/shop/pisirme	
https://equsto.com/en/shop/pisirme?tip=pilic-cevirme-makineleri	PARAMETER_CANONICAL	200	https://equsto.com/en/shop/pisirme?tip=pilic-cevirme-makineleri	https://equsto.com/en/shop/pisirme	
https://equsto.com/shop/pisirme?tip=ocakbasi-izgara	PARAMETER_CANONICAL	200	https://equsto.com/shop/pisirme?tip=ocakbasi-izgara	https://equsto.com/shop/pisirme	
https://equsto.com/en/shop/pisirme?tip=ocakbasi-izgara	PARAMETER_CANONICAL	200	https://equsto.com/en/shop/pisirme?tip=ocakbasi-izgara	https://equsto.com/en/shop/pisirme	
https://equsto.com/shop/sogutma?tip=sogutma-ekipmanlari	PARAMETER_CANONICAL	200	https://equsto.com/shop/sogutma?tip=sogutma-ekipmanlari	https://equsto.com/shop/sogutma	
https://equsto.com/en/shop/sogutma?tip=sogutma-ekipmanlari	PARAMETER_CANONICAL	200	https://equsto.com/en/shop/sogutma?tip=sogutma-ekipmanlari	https://equsto.com/en/shop/sogutma	
https://equsto.com/shop/sogutma?tip=tezgah-tipi-buzdolabi	PARAMETER_CANONICAL	200	https://equsto.com/shop/sogutma?tip=tezgah-tipi-buzdolabi	https://equsto.com/shop/sogutma	
https://equsto.com/en/shop/sogutma?tip=tezgah-tipi-buzdolabi	PARAMETER_CANONICAL	200	https://equsto.com/en/shop/sogutma?tip=tezgah-tipi-buzdolabi	https://equsto.com/en/shop/sogutma	
https://equsto.com/shop/sogutma?tip=make-up-dolabi	PARAMETER_CANONICAL	200	https://equsto.com/shop/sogutma?tip=make-up-dolabi	https://equsto.com/shop/sogutma	
https://equsto.com/en/shop/sogutma?tip=make-up-dolabi	PARAMETER_CANONICAL	200	https://equsto.com/en/shop/sogutma?tip=make-up-dolabi	https://equsto.com/en/shop/sogutma	
https://equsto.com/shop/sogutma?tip=dik-tip-buzdolap	PARAMETER_CANONICAL	200	https://equsto.com/shop/sogutma?tip=dik-tip-buzdolap	https://equsto.com/shop/sogutma	
https://equsto.com/en/shop/sogutma?tip=dik-tip-buzdolap	PARAMETER_CANONICAL	200	https://equsto.com/en/shop/sogutma?tip=dik-tip-buzdolap	https://equsto.com/en/shop/sogutma	
https://equsto.com/shop/sogutma?tip=buz-makinesi	PARAMETER_CANONICAL	200	https://equsto.com/shop/sogutma?tip=buz-makinesi	https://equsto.com/shop/sogutma	
https://equsto.com/en/shop/sogutma?tip=buz-makinesi	PARAMETER_CANONICAL	200	https://equsto.com/en/shop/sogutma?tip=buz-makinesi	https://equsto.com/en/shop/sogutma	
https://equsto.com/shop/sogutma?tip=derin-dondurucu	PARAMETER_CANONICAL	200	https://equsto.com/shop/sogutma?tip=derin-dondurucu	https://equsto.com/shop/sogutma	
https://equsto.com/en/shop/sogutma?tip=derin-dondurucu	PARAMETER_CANONICAL	200	https://equsto.com/en/shop/sogutma?tip=derin-dondurucu	https://equsto.com/en/shop/sogutma	
https://equsto.com/shop/sogutma?tip=dry_age_dolabi	PARAMETER_CANONICAL	200	https://equsto.com/shop/sogutma?tip=dry_age_dolabi	https://equsto.com/shop/sogutma	
https://equsto.com/en/shop/sogutma?tip=dry_age_dolabi	PARAMETER_CANONICAL	200	https://equsto.com/en/shop/sogutma?tip=dry_age_dolabi	https://equsto.com/en/shop/sogutma	
https://equsto.com/shop/sogutma?tip=blast-chiller	PARAMETER_CANONICAL	200	https://equsto.com/shop/sogutma?tip=blast-chiller	https://equsto.com/shop/sogutma	
https://equsto.com/en/shop/sogutma?tip=blast-chiller	PARAMETER_CANONICAL	200	https://equsto.com/en/shop/sogutma?tip=blast-chiller	https://equsto.com/en/shop/sogutma	
https://equsto.com/shop/sogutma?tip=soguk-oda	PARAMETER_CANONICAL	200	https://equsto.com/shop/sogutma?tip=soguk-oda	https://equsto.com/shop/sogutma	
https://equsto.com/en/shop/sogutma?tip=soguk-oda	PARAMETER_CANONICAL	200	https://equsto.com/en/shop/sogutma?tip=soguk-oda	https://equsto.com/en/shop/sogutma	
https://equsto.com/shop/sogutma?tip=balik-teshir	PARAMETER_CANONICAL	200	https://equsto.com/shop/sogutma?tip=balik-teshir	https://equsto.com/shop/sogutma	
https://equsto.com/en/shop/sogutma?tip=balik-teshir	PARAMETER_CANONICAL	200	https://equsto.com/en/shop/sogutma?tip=balik-teshir	https://equsto.com/en/shop/sogutma	
https://equsto.com/shop/sogutma?tip=sarap-dolabi	PARAMETER_CANONICAL	200	https://equsto.com/shop/sogutma?tip=sarap-dolabi	https://equsto.com/shop/sogutma	
https://equsto.com/en/shop/sogutma?tip=sarap-dolabi	PARAMETER_CANONICAL	200	https://equsto.com/en/shop/sogutma?tip=sarap-dolabi	https://equsto.com/en/shop/sogutma	
https://equsto.com/shop/kahve?tip=espresso-makinesi	PARAMETER_CANONICAL	200	https://equsto.com/shop/kahve?tip=espresso-makinesi	https://equsto.com/shop/kahve	
https://equsto.com/en/shop/kahve?tip=espresso-makinesi	PARAMETER_CANONICAL	200	https://equsto.com/en/shop/kahve?tip=espresso-makinesi	https://equsto.com/en/shop/kahve	
https://equsto.com/shop/kahve?tip=kahve-degirmeni	PARAMETER_CANONICAL	200	https://equsto.com/shop/kahve?tip=kahve-degirmeni	https://equsto.com/shop/kahve	
https://equsto.com/en/shop/kahve?tip=kahve-degirmeni	PARAMETER_CANONICAL	200	https://equsto.com/en/shop/kahve?tip=kahve-degirmeni	https://equsto.com/en/shop/kahve	
https://equsto.com/shop/kahve?tip=filtre-kahve	PARAMETER_CANONICAL	200	https://equsto.com/shop/kahve?tip=filtre-kahve	https://equsto.com/shop/kahve	
https://equsto.com/en/shop/kahve?tip=filtre-kahve	PARAMETER_CANONICAL	200	https://equsto.com/en/shop/kahve?tip=filtre-kahve	https://equsto.com/en/shop/kahve	
https://equsto.com/shop/kahve?tip=kahve-sut-potlari	PARAMETER_CANONICAL	200	https://equsto.com/shop/kahve?tip=kahve-sut-potlari	https://equsto.com/shop/kahve	
https://equsto.com/en/shop/kahve?tip=kahve-sut-potlari	PARAMETER_CANONICAL	200	https://equsto.com/en/shop/kahve?tip=kahve-sut-potlari	https://equsto.com/en/shop/kahve	
https://equsto.com/shop/kahve?tip=turk-kahve	PARAMETER_CANONICAL	200	https://equsto.com/shop/kahve?tip=turk-kahve	https://equsto.com/shop/kahve	
https://equsto.com/en/shop/kahve?tip=turk-kahve	PARAMETER_CANONICAL	200	https://equsto.com/en/shop/kahve?tip=turk-kahve	https://equsto.com/en/shop/kahve	
https://equsto.com/shop/yikama?tip=bulasik-makineleri	PARAMETER_CANONICAL	200	https://equsto.com/shop/yikama?tip=bulasik-makineleri	https://equsto.com/shop/yikama	
https://equsto.com/en/shop/yikama?tip=bulasik-makineleri	PARAMETER_CANONICAL	200	https://equsto.com/en/shop/yikama?tip=bulasik-makineleri	https://equsto.com/en/shop/yikama	
https://equsto.com/shop/yikama?tip=setalti-bulasik	PARAMETER_CANONICAL	200	https://equsto.com/shop/yikama?tip=setalti-bulasik	https://equsto.com/shop/yikama	
https://equsto.com/en/shop/yikama?tip=setalti-bulasik	PARAMETER_CANONICAL	200	https://equsto.com/en/shop/yikama?tip=setalti-bulasik	https://equsto.com/en/shop/yikama	
https://equsto.com/shop/yikama?tip=giyotin-bulasik	PARAMETER_CANONICAL	200	https://equsto.com/shop/yikama?tip=giyotin-bulasik	https://equsto.com/shop/yikama	
https://equsto.com/en/shop/yikama?tip=giyotin-bulasik	PARAMETER_CANONICAL	200	https://equsto.com/en/shop/yikama?tip=giyotin-bulasik	https://equsto.com/en/shop/yikama	
https://equsto.com/shop/yikama?tip=bardak-yikama	PARAMETER_CANONICAL	200	https://equsto.com/shop/yikama?tip=bardak-yikama	https://equsto.com/shop/yikama	
https://equsto.com/en/shop/yikama?tip=bardak-yikama	PARAMETER_CANONICAL	200	https://equsto.com/en/shop/yikama?tip=bardak-yikama	https://equsto.com/en/shop/yikama	
https://equsto.com/shop/yikama?tip=konveyorlu-bulasik	PARAMETER_CANONICAL	200	https://equsto.com/shop/yikama?tip=konveyorlu-bulasik	https://equsto.com/shop/yikama	
https://equsto.com/en/shop/yikama?tip=konveyorlu-bulasik	PARAMETER_CANONICAL	200	https://equsto.com/en/shop/yikama?tip=konveyorlu-bulasik	https://equsto.com/en/shop/yikama	
https://equsto.com/shop/yikama?tip=flight-bulasik	PARAMETER_CANONICAL	200	https://equsto.com/shop/yikama?tip=flight-bulasik	https://equsto.com/shop/yikama	
https://equsto.com/en/shop/yikama?tip=flight-bulasik	PARAMETER_CANONICAL	200	https://equsto.com/en/shop/yikama?tip=flight-bulasik	https://equsto.com/en/shop/yikama	
https://equsto.com/shop/yikama?tip=tirnakli-bulasik	PARAMETER_CANONICAL	200	https://equsto.com/shop/yikama?tip=tirnakli-bulasik	https://equsto.com/shop/yikama	
https://equsto.com/en/shop/yikama?tip=tirnakli-bulasik	PARAMETER_CANONICAL	200	https://equsto.com/en/shop/yikama?tip=tirnakli-bulasik	https://equsto.com/en/shop/yikama	
https://equsto.com/shop/yikama?tip=kazan-yikama	PARAMETER_CANONICAL	200	https://equsto.com/shop/yikama?tip=kazan-yikama	https://equsto.com/shop/yikama	
https://equsto.com/en/shop/yikama?tip=kazan-yikama	PARAMETER_CANONICAL	200	https://equsto.com/en/shop/yikama?tip=kazan-yikama	https://equsto.com/en/shop/yikama	
https://equsto.com/shop/yikama?tip=bulasik-makinesi-giris-ve-cikis-tezgahlari	PARAMETER_CANONICAL	200	https://equsto.com/shop/yikama?tip=bulasik-makinesi-giris-ve-cikis-tezgahlari	https://equsto.com/shop/yikama	
https://equsto.com/en/shop/yikama?tip=bulasik-makinesi-giris-ve-cikis-tezgahlari	PARAMETER_CANONICAL	200	https://equsto.com/en/shop/yikama?tip=bulasik-makinesi-giris-ve-cikis-tezgahlari	https://equsto.com/en/shop/yikama	
https://equsto.com/shop/yikama?tip=calisma-tezgahlari-bulasik-makinesi-tezgahlari	PARAMETER_CANONICAL	200	https://equsto.com/shop/yikama?tip=calisma-tezgahlari-bulasik-makinesi-tezgahlari	https://equsto.com/shop/yikama	
https://equsto.com/en/shop/yikama?tip=calisma-tezgahlari-bulasik-makinesi-tezgahlari	PARAMETER_CANONICAL	200	https://equsto.com/en/shop/yikama?tip=calisma-tezgahlari-bulasik-makinesi-tezgahlari	https://equsto.com/en/shop/yikama	
https://equsto.com/shop/yikama?tip=el-yikama-evyeleri	PARAMETER_CANONICAL	200	https://equsto.com/shop/yikama?tip=el-yikama-evyeleri	https://equsto.com/shop/yikama	
https://equsto.com/en/shop/yikama?tip=el-yikama-evyeleri	PARAMETER_CANONICAL	200	https://equsto.com/en/shop/yikama?tip=el-yikama-evyeleri	https://equsto.com/en/shop/yikama	
https://equsto.com/shop/hazirlik?tip=et-hazirlik	PARAMETER_CANONICAL	200	https://equsto.com/shop/hazirlik?tip=et-hazirlik	https://equsto.com/shop/hazirlik	
https://equsto.com/en/shop/hazirlik?tip=et-hazirlik	PARAMETER_CANONICAL	200	https://equsto.com/en/shop/hazirlik?tip=et-hazirlik	https://equsto.com/en/shop/hazirlik	
https://equsto.com/shop/hazirlik?tip=et_kutugu	PARAMETER_CANONICAL	200	https://equsto.com/shop/hazirlik?tip=et_kutugu	https://equsto.com/shop/hazirlik	
https://equsto.com/en/shop/hazirlik?tip=et_kutugu	PARAMETER_CANONICAL	200	https://equsto.com/en/shop/hazirlik?tip=et_kutugu	https://equsto.com/en/shop/hazirlik	
https://equsto.com/shop/hazirlik?tip=kiyma_makinesi	PARAMETER_CANONICAL	200	https://equsto.com/shop/hazirlik?tip=kiyma_makinesi	https://equsto.com/shop/hazirlik	
https://equsto.com/en/shop/hazirlik?tip=kiyma_makinesi	PARAMETER_CANONICAL	200	https://equsto.com/en/shop/hazirlik?tip=kiyma_makinesi	https://equsto.com/en/shop/hazirlik	
https://equsto.com/shop/hazirlik?tip=et_kemik_testeresi	PARAMETER_CANONICAL	200	https://equsto.com/shop/hazirlik?tip=et_kemik_testeresi	https://equsto.com/shop/hazirlik	
https://equsto.com/en/shop/hazirlik?tip=et_kemik_testeresi	PARAMETER_CANONICAL	200	https://equsto.com/en/shop/hazirlik?tip=et_kemik_testeresi	https://equsto.com/en/shop/hazirlik	
https://equsto.com/shop/hazirlik?tip=sebze-dograma	PARAMETER_CANONICAL	200	https://equsto.com/shop/hazirlik?tip=sebze-dograma	https://equsto.com/shop/hazirlik	
https://equsto.com/en/shop/hazirlik?tip=sebze-dograma	PARAMETER_CANONICAL	200	https://equsto.com/en/shop/hazirlik?tip=sebze-dograma	https://equsto.com/en/shop/hazirlik	
https://equsto.com/shop/hazirlik?tip=hamur-hazirlik	PARAMETER_CANONICAL	200	https://equsto.com/shop/hazirlik?tip=hamur-hazirlik	https://equsto.com/shop/hazirlik	
https://equsto.com/en/shop/hazirlik?tip=hamur-hazirlik	PARAMETER_CANONICAL	200	https://equsto.com/en/shop/hazirlik?tip=hamur-hazirlik	https://equsto.com/en/shop/hazirlik	
https://equsto.com/shop/hazirlik?tip=vakum-makinesi	PARAMETER_CANONICAL	200	https://equsto.com/shop/hazirlik?tip=vakum-makinesi	https://equsto.com/shop/hazirlik	
https://equsto.com/en/shop/hazirlik?tip=vakum-makinesi	PARAMETER_CANONICAL	200	https://equsto.com/en/shop/hazirlik?tip=vakum-makinesi	https://equsto.com/en/shop/hazirlik	
https://equsto.com/shop/hazirlik?tip=sous-vide	PARAMETER_CANONICAL	200	https://equsto.com/shop/hazirlik?tip=sous-vide	https://equsto.com/shop/hazirlik	
https://equsto.com/en/shop/hazirlik?tip=sous-vide	PARAMETER_CANONICAL	200	https://equsto.com/en/shop/hazirlik?tip=sous-vide	https://equsto.com/en/shop/hazirlik	
https://equsto.com/shop/icecek?tip=bar-blender	PARAMETER_CANONICAL	200	https://equsto.com/shop/icecek?tip=bar-blender	https://equsto.com/shop/icecek	
https://equsto.com/en/shop/icecek?tip=bar-blender	PARAMETER_CANONICAL	200	https://equsto.com/en/shop/icecek?tip=bar-blender	https://equsto.com/en/shop/icecek	
https://equsto.com/shop/icecek?tip=portakal-sikma	PARAMETER_CANONICAL	200	https://equsto.com/shop/icecek?tip=portakal-sikma	https://equsto.com/shop/icecek	
https://equsto.com/en/shop/icecek?tip=portakal-sikma	PARAMETER_CANONICAL	200	https://equsto.com/en/shop/icecek?tip=portakal-sikma	https://equsto.com/en/shop/icecek	
https://equsto.com/shop/icecek?tip=kati-meyve-sikacagi	PARAMETER_CANONICAL	200	https://equsto.com/shop/icecek?tip=kati-meyve-sikacagi	https://equsto.com/shop/icecek	
https://equsto.com/en/shop/icecek?tip=kati-meyve-sikacagi	PARAMETER_CANONICAL	200	https://equsto.com/en/shop/icecek?tip=kati-meyve-sikacagi	https://equsto.com/en/shop/icecek	
https://equsto.com/shop/icecek?tip=soguk-dispenser	PARAMETER_CANONICAL	200	https://equsto.com/shop/icecek?tip=soguk-dispenser	https://equsto.com/shop/icecek	
https://equsto.com/en/shop/icecek?tip=soguk-dispenser	PARAMETER_CANONICAL	200	https://equsto.com/en/shop/icecek?tip=soguk-dispenser	https://equsto.com/en/shop/icecek	
https://equsto.com/shop/icecek?tip=limonata-serbet	PARAMETER_CANONICAL	200	https://equsto.com/shop/icecek?tip=limonata-serbet	https://equsto.com/shop/icecek	
https://equsto.com/en/shop/icecek?tip=limonata-serbet	PARAMETER_CANONICAL	200	https://equsto.com/en/shop/icecek?tip=limonata-serbet	https://equsto.com/en/shop/icecek	
https://equsto.com/shop/icecek?tip=ayran-makinesi	PARAMETER_CANONICAL	200	https://equsto.com/shop/icecek?tip=ayran-makinesi	https://equsto.com/shop/icecek	
https://equsto.com/en/shop/icecek?tip=ayran-makinesi	PARAMETER_CANONICAL	200	https://equsto.com/en/shop/icecek?tip=ayran-makinesi	https://equsto.com/en/shop/icecek	
https://equsto.com/shop/icecek?tip=granita-slush	PARAMETER_CANONICAL	200	https://equsto.com/shop/icecek?tip=granita-slush	https://equsto.com/shop/icecek	
https://equsto.com/en/shop/icecek?tip=granita-slush	PARAMETER_CANONICAL	200	https://equsto.com/en/shop/icecek?tip=granita-slush	https://equsto.com/en/shop/icecek	
https://equsto.com/shop/icecek?tip=sicak-cikolata	PARAMETER_CANONICAL	200	https://equsto.com/shop/icecek?tip=sicak-cikolata	https://equsto.com/shop/icecek	
https://equsto.com/en/shop/icecek?tip=sicak-cikolata	PARAMETER_CANONICAL	200	https://equsto.com/en/shop/icecek?tip=sicak-cikolata	https://equsto.com/en/shop/icecek	
https://equsto.com/shop/icecek?tip=sicak-icecek-disp	PARAMETER_CANONICAL	200	https://equsto.com/shop/icecek?tip=sicak-icecek-disp	https://equsto.com/shop/icecek	
https://equsto.com/en/shop/icecek?tip=sicak-icecek-disp	PARAMETER_CANONICAL	200	https://equsto.com/en/shop/icecek?tip=sicak-icecek-disp	https://equsto.com/en/shop/icecek	
https://equsto.com/shop/icecek?tip=cay-makinesi	PARAMETER_CANONICAL	200	https://equsto.com/shop/icecek?tip=cay-makinesi	https://equsto.com/shop/icecek	
https://equsto.com/en/shop/icecek?tip=cay-makinesi	PARAMETER_CANONICAL	200	https://equsto.com/en/shop/icecek?tip=cay-makinesi	https://equsto.com/en/shop/icecek	
https://equsto.com/shop/icecek?tip=cay-kazani	PARAMETER_CANONICAL	200	https://equsto.com/shop/icecek?tip=cay-kazani	https://equsto.com/shop/icecek	
https://equsto.com/en/shop/icecek?tip=cay-kazani	PARAMETER_CANONICAL	200	https://equsto.com/en/shop/icecek?tip=cay-kazani	https://equsto.com/en/shop/icecek	
https://equsto.com/shop/icecek?tip=kahveci-demlik	PARAMETER_CANONICAL	200	https://equsto.com/shop/icecek?tip=kahveci-demlik	https://equsto.com/shop/icecek	
https://equsto.com/en/shop/icecek?tip=kahveci-demlik	PARAMETER_CANONICAL	200	https://equsto.com/en/shop/icecek?tip=kahveci-demlik	https://equsto.com/en/shop/icecek	
https://equsto.com/shop/icecek?tip=cay-otomat	PARAMETER_CANONICAL	200	https://equsto.com/shop/icecek?tip=cay-otomat	https://equsto.com/shop/icecek	
https://equsto.com/en/shop/icecek?tip=cay-otomat	PARAMETER_CANONICAL	200	https://equsto.com/en/shop/icecek?tip=cay-otomat	https://equsto.com/en/shop/icecek	
https://equsto.com/shop/icecek?tip=cay-ocagi	PARAMETER_CANONICAL	200	https://equsto.com/shop/icecek?tip=cay-ocagi	https://equsto.com/shop/icecek	
https://equsto.com/en/shop/icecek?tip=cay-ocagi	PARAMETER_CANONICAL	200	https://equsto.com/en/shop/icecek?tip=cay-ocagi	https://equsto.com/en/shop/icecek	
https://equsto.com/shop/icecek?tip=cay-sunum	PARAMETER_CANONICAL	200	https://equsto.com/shop/icecek?tip=cay-sunum	https://equsto.com/shop/icecek	
https://equsto.com/en/shop/icecek?tip=cay-sunum	PARAMETER_CANONICAL	200	https://equsto.com/en/shop/icecek?tip=cay-sunum	https://equsto.com/en/shop/icecek	
https://equsto.com/shop/icecek?tip=su-aritma	PARAMETER_CANONICAL	200	https://equsto.com/shop/icecek?tip=su-aritma	https://equsto.com/shop/icecek	
https://equsto.com/en/shop/icecek?tip=su-aritma	PARAMETER_CANONICAL	200	https://equsto.com/en/shop/icecek?tip=su-aritma	https://equsto.com/en/shop/icecek	
https://equsto.com/shop/icecek?tip=su-otomat	PARAMETER_CANONICAL	200	https://equsto.com/shop/icecek?tip=su-otomat	https://equsto.com/shop/icecek	
https://equsto.com/en/shop/icecek?tip=su-otomat	PARAMETER_CANONICAL	200	https://equsto.com/en/shop/icecek?tip=su-otomat	https://equsto.com/en/shop/icecek	
https://equsto.com/shop/icecek?tip=icecek-otomat	PARAMETER_CANONICAL	200	https://equsto.com/shop/icecek?tip=icecek-otomat	https://equsto.com/shop/icecek	
https://equsto.com/en/shop/icecek?tip=icecek-otomat	PARAMETER_CANONICAL	200	https://equsto.com/en/shop/icecek?tip=icecek-otomat	https://equsto.com/en/shop/icecek	
https://equsto.com/shop/icecek?tip=kahve-sunum	PARAMETER_CANONICAL	200	https://equsto.com/shop/icecek?tip=kahve-sunum	https://equsto.com/shop/icecek	
https://equsto.com/en/shop/icecek?tip=kahve-sunum	PARAMETER_CANONICAL	200	https://equsto.com/en/shop/icecek?tip=kahve-sunum	https://equsto.com/en/shop/icecek	
https://equsto.com/shop/icecek?tip=cafe-ankastre	PARAMETER_CANONICAL	200	https://equsto.com/shop/icecek?tip=cafe-ankastre	https://equsto.com/shop/icecek	
https://equsto.com/en/shop/icecek?tip=cafe-ankastre	PARAMETER_CANONICAL	200	https://equsto.com/en/shop/icecek?tip=cafe-ankastre	https://equsto.com/en/shop/icecek	
https://equsto.com/shop/icecek?tip=cafe-aksesuar	PARAMETER_CANONICAL	200	https://equsto.com/shop/icecek?tip=cafe-aksesuar	https://equsto.com/shop/icecek	
https://equsto.com/en/shop/icecek?tip=cafe-aksesuar	PARAMETER_CANONICAL	200	https://equsto.com/en/shop/icecek?tip=cafe-aksesuar	https://equsto.com/en/shop/icecek	
https://equsto.com/shop/icecek?tip=slug-cay	PARAMETER_CANONICAL	200	https://equsto.com/shop/icecek?tip=slug-cay	https://equsto.com/shop/icecek	
https://equsto.com/en/shop/icecek?tip=slug-cay	PARAMETER_CANONICAL	200	https://equsto.com/en/shop/icecek?tip=slug-cay	https://equsto.com/en/shop/icecek	
https://equsto.com/shop/icecek?tip=slug-otom	PARAMETER_CANONICAL	200	https://equsto.com/shop/icecek?tip=slug-otom	https://equsto.com/shop/icecek	
https://equsto.com/en/shop/icecek?tip=slug-otom	PARAMETER_CANONICAL	200	https://equsto.com/en/shop/icecek?tip=slug-otom	https://equsto.com/en/shop/icecek	
https://equsto.com/shop/tezgah?tip=taban-rafli	PARAMETER_CANONICAL	200	https://equsto.com/shop/tezgah?tip=taban-rafli	https://equsto.com/shop/tezgah	
https://equsto.com/en/shop/tezgah?tip=taban-rafli	PARAMETER_CANONICAL	200	https://equsto.com/en/shop/tezgah?tip=taban-rafli	https://equsto.com/en/shop/tezgah	
https://equsto.com/shop/tezgah?tip=taban-ve-ara-rafli	PARAMETER_CANONICAL	200	https://equsto.com/shop/tezgah?tip=taban-ve-ara-rafli	https://equsto.com/shop/tezgah	
https://equsto.com/en/shop/tezgah?tip=taban-ve-ara-rafli	PARAMETER_CANONICAL	200	https://equsto.com/en/shop/tezgah?tip=taban-ve-ara-rafli	https://equsto.com/en/shop/tezgah	
https://equsto.com/shop/tezgah?tip=dolapli-tezgah	PARAMETER_CANONICAL	200	https://equsto.com/shop/tezgah?tip=dolapli-tezgah	https://equsto.com/shop/tezgah	
https://equsto.com/en/shop/tezgah?tip=dolapli-tezgah	PARAMETER_CANONICAL	200	https://equsto.com/en/shop/tezgah?tip=dolapli-tezgah	https://equsto.com/en/shop/tezgah	
https://equsto.com/shop/market-reyonlari?tip=proso-tumu	PARAMETER_CANONICAL	200	https://equsto.com/shop/market-reyonlari?tip=proso-tumu	https://equsto.com/shop/market-reyonlari	
https://equsto.com/en/shop/market-reyonlari?tip=proso-tumu	PARAMETER_CANONICAL	200	https://equsto.com/en/shop/market-reyonlari?tip=proso-tumu	https://equsto.com/en/shop/market-reyonlari	
https://equsto.com/shop/market-reyonlari?tip=proso-sutluk	PARAMETER_CANONICAL	200	https://equsto.com/shop/market-reyonlari?tip=proso-sutluk	https://equsto.com/shop/market-reyonlari	
https://equsto.com/en/shop/market-reyonlari?tip=proso-sutluk	PARAMETER_CANONICAL	200	https://equsto.com/en/shop/market-reyonlari?tip=proso-sutluk	https://equsto.com/en/shop/market-reyonlari	
https://equsto.com/shop/market-reyonlari?tip=proso-kisa-sutluk	PARAMETER_CANONICAL	200	https://equsto.com/shop/market-reyonlari?tip=proso-kisa-sutluk	https://equsto.com/shop/market-reyonlari	
https://equsto.com/en/shop/market-reyonlari?tip=proso-kisa-sutluk	PARAMETER_CANONICAL	200	https://equsto.com/en/shop/market-reyonlari?tip=proso-kisa-sutluk	https://equsto.com/en/shop/market-reyonlari	
https://equsto.com/shop/market-reyonlari?tip=proso-sarkuteri	PARAMETER_CANONICAL	200	https://equsto.com/shop/market-reyonlari?tip=proso-sarkuteri	https://equsto.com/shop/market-reyonlari	
https://equsto.com/en/shop/market-reyonlari?tip=proso-sarkuteri	PARAMETER_CANONICAL	200	https://equsto.com/en/shop/market-reyonlari?tip=proso-sarkuteri	https://equsto.com/en/shop/market-reyonlari	
https://equsto.com/shop/market-reyonlari?tip=proso-dikey-dondurucu	PARAMETER_CANONICAL	200	https://equsto.com/shop/market-reyonlari?tip=proso-dikey-dondurucu	https://equsto.com/shop/market-reyonlari	
https://equsto.com/en/shop/market-reyonlari?tip=proso-dikey-dondurucu	PARAMETER_CANONICAL	200	https://equsto.com/en/shop/market-reyonlari?tip=proso-dikey-dondurucu	https://equsto.com/en/shop/market-reyonlari	
https://equsto.com/shop/market-reyonlari?tip=proso-ada-tipi	PARAMETER_CANONICAL	200	https://equsto.com/shop/market-reyonlari?tip=proso-ada-tipi	https://equsto.com/shop/market-reyonlari	
https://equsto.com/en/shop/market-reyonlari?tip=proso-ada-tipi	PARAMETER_CANONICAL	200	https://equsto.com/en/shop/market-reyonlari?tip=proso-ada-tipi	https://equsto.com/en/shop/market-reyonlari	
https://equsto.com/shop/market-reyonlari?tip=proso-plugin	PARAMETER_CANONICAL	200	https://equsto.com/shop/market-reyonlari?tip=proso-plugin	https://equsto.com/shop/market-reyonlari	
https://equsto.com/en/shop/market-reyonlari?tip=proso-plugin	PARAMETER_CANONICAL	200	https://equsto.com/en/shop/market-reyonlari?tip=proso-plugin	https://equsto.com/en/shop/market-reyonlari	
https://equsto.com/shop/market-reyonlari?tip=proso-butik	PARAMETER_CANONICAL	200	https://equsto.com/shop/market-reyonlari?tip=proso-butik	https://equsto.com/shop/market-reyonlari	
https://equsto.com/en/shop/market-reyonlari?tip=proso-butik	PARAMETER_CANONICAL	200	https://equsto.com/en/shop/market-reyonlari?tip=proso-butik	https://equsto.com/en/shop/market-reyonlari	
https://equsto.com/shop/market-reyonlari?tip=proso-soguk-hava	PARAMETER_CANONICAL	200	https://equsto.com/shop/market-reyonlari?tip=proso-soguk-hava	https://equsto.com/shop/market-reyonlari	
https://equsto.com/en/shop/market-reyonlari?tip=proso-soguk-hava	PARAMETER_CANONICAL	200	https://equsto.com/en/shop/market-reyonlari?tip=proso-soguk-hava	https://equsto.com/en/shop/market-reyonlari	
https://equsto.com/shop/market-reyonlari?tip=proso-sogutma-sistemleri	PARAMETER_CANONICAL	200	https://equsto.com/shop/market-reyonlari?tip=proso-sogutma-sistemleri	https://equsto.com/shop/market-reyonlari	
https://equsto.com/en/shop/market-reyonlari?tip=proso-sogutma-sistemleri	PARAMETER_CANONICAL	200	https://equsto.com/en/shop/market-reyonlari?tip=proso-sogutma-sistemleri	https://equsto.com/en/shop/market-reyonlari	
https://equsto.com/shop/market-reyonlari?tip=proso-sise-sogutucu	PARAMETER_CANONICAL	200	https://equsto.com/shop/market-reyonlari?tip=proso-sise-sogutucu	https://equsto.com/shop/market-reyonlari	
https://equsto.com/en/shop/market-reyonlari?tip=proso-sise-sogutucu	PARAMETER_CANONICAL	200	https://equsto.com/en/shop/market-reyonlari?tip=proso-sise-sogutucu	https://equsto.com/en/shop/market-reyonlari	
https://equsto.com/shop/market-reyonlari?tip=caglayan-tumu	PARAMETER_CANONICAL	200	https://equsto.com/shop/market-reyonlari?tip=caglayan-tumu	https://equsto.com/shop/market-reyonlari	
https://equsto.com/en/shop/market-reyonlari?tip=caglayan-tumu	PARAMETER_CANONICAL	200	https://equsto.com/en/shop/market-reyonlari?tip=caglayan-tumu	https://equsto.com/en/shop/market-reyonlari	
https://equsto.com/shop/market-reyonlari?tip=caglayan-nilufer	PARAMETER_CANONICAL	200	https://equsto.com/shop/market-reyonlari?tip=caglayan-nilufer	https://equsto.com/shop/market-reyonlari	
https://equsto.com/en/shop/market-reyonlari?tip=caglayan-nilufer	PARAMETER_CANONICAL	200	https://equsto.com/en/shop/market-reyonlari?tip=caglayan-nilufer	https://equsto.com/en/shop/market-reyonlari	
https://equsto.com/shop/market-reyonlari?tip=caglayan-lotus	PARAMETER_CANONICAL	200	https://equsto.com/shop/market-reyonlari?tip=caglayan-lotus	https://equsto.com/shop/market-reyonlari	
https://equsto.com/en/shop/market-reyonlari?tip=caglayan-lotus	PARAMETER_CANONICAL	200	https://equsto.com/en/shop/market-reyonlari?tip=caglayan-lotus	https://equsto.com/en/shop/market-reyonlari	
https://equsto.com/shop/market-reyonlari?tip=caglayan-nergis	PARAMETER_CANONICAL	200	https://equsto.com/shop/market-reyonlari?tip=caglayan-nergis	https://equsto.com/shop/market-reyonlari	
https://equsto.com/en/shop/market-reyonlari?tip=caglayan-nergis	PARAMETER_CANONICAL	200	https://equsto.com/en/shop/market-reyonlari?tip=caglayan-nergis	https://equsto.com/en/shop/market-reyonlari	
https://equsto.com/shop/market-reyonlari?tip=caglayan-lale	PARAMETER_CANONICAL	200	https://equsto.com/shop/market-reyonlari?tip=caglayan-lale	https://equsto.com/shop/market-reyonlari	
https://equsto.com/en/shop/market-reyonlari?tip=caglayan-lale	PARAMETER_CANONICAL	200	https://equsto.com/en/shop/market-reyonlari?tip=caglayan-lale	https://equsto.com/en/shop/market-reyonlari	
https://equsto.com/shop/market-reyonlari?tip=caglayan-inci	PARAMETER_CANONICAL	200	https://equsto.com/shop/market-reyonlari?tip=caglayan-inci	https://equsto.com/shop/market-reyonlari	
https://equsto.com/en/shop/market-reyonlari?tip=caglayan-inci	PARAMETER_CANONICAL	200	https://equsto.com/en/shop/market-reyonlari?tip=caglayan-inci	https://equsto.com/en/shop/market-reyonlari	
https://equsto.com/shop/market-reyonlari?tip=caglayan-hercai	PARAMETER_CANONICAL	200	https://equsto.com/shop/market-reyonlari?tip=caglayan-hercai	https://equsto.com/shop/market-reyonlari	
https://equsto.com/en/shop/market-reyonlari?tip=caglayan-hercai	PARAMETER_CANONICAL	200	https://equsto.com/en/shop/market-reyonlari?tip=caglayan-hercai	https://equsto.com/en/shop/market-reyonlari	
https://equsto.com/shop/market-reyonlari?tip=caglayan-reyhan	PARAMETER_CANONICAL	200	https://equsto.com/shop/market-reyonlari?tip=caglayan-reyhan	https://equsto.com/shop/market-reyonlari	
https://equsto.com/en/shop/market-reyonlari?tip=caglayan-reyhan	PARAMETER_CANONICAL	200	https://equsto.com/en/shop/market-reyonlari?tip=caglayan-reyhan	https://equsto.com/en/shop/market-reyonlari	
https://equsto.com/shop/market-reyonlari?tip=caglayan-sardunya	PARAMETER_CANONICAL	200	https://equsto.com/shop/market-reyonlari?tip=caglayan-sardunya	https://equsto.com/shop/market-reyonlari	
https://equsto.com/en/shop/market-reyonlari?tip=caglayan-sardunya	PARAMETER_CANONICAL	200	https://equsto.com/en/shop/market-reyonlari?tip=caglayan-sardunya	https://equsto.com/en/shop/market-reyonlari	
https://equsto.com/shop/market-reyonlari?tip=caglayan-gardenya	PARAMETER_CANONICAL	200	https://equsto.com/shop/market-reyonlari?tip=caglayan-gardenya	https://equsto.com/shop/market-reyonlari	
https://equsto.com/en/shop/market-reyonlari?tip=caglayan-gardenya	PARAMETER_CANONICAL	200	https://equsto.com/en/shop/market-reyonlari?tip=caglayan-gardenya	https://equsto.com/en/shop/market-reyonlari	
https://equsto.com/shop/market-reyonlari?tip=caglayan-anemon	PARAMETER_CANONICAL	200	https://equsto.com/shop/market-reyonlari?tip=caglayan-anemon	https://equsto.com/shop/market-reyonlari	
https://equsto.com/en/shop/market-reyonlari?tip=caglayan-anemon	PARAMETER_CANONICAL	200	https://equsto.com/en/shop/market-reyonlari?tip=caglayan-anemon	https://equsto.com/en/shop/market-reyonlari	
https://equsto.com/shop/market-reyonlari?tip=caglayan-akasya	PARAMETER_CANONICAL	200	https://equsto.com/shop/market-reyonlari?tip=caglayan-akasya	https://equsto.com/shop/market-reyonlari	
https://equsto.com/en/shop/market-reyonlari?tip=caglayan-akasya	PARAMETER_CANONICAL	200	https://equsto.com/en/shop/market-reyonlari?tip=caglayan-akasya	https://equsto.com/en/shop/market-reyonlari	
https://equsto.com/shop/market-reyonlari?tip=caglayan-begonvil	PARAMETER_CANONICAL	200	https://equsto.com/shop/market-reyonlari?tip=caglayan-begonvil	https://equsto.com/shop/market-reyonlari	
https://equsto.com/en/shop/market-reyonlari?tip=caglayan-begonvil	PARAMETER_CANONICAL	200	https://equsto.com/en/shop/market-reyonlari?tip=caglayan-begonvil	https://equsto.com/en/shop/market-reyonlari	
https://equsto.com/shop/market-reyonlari?tip=caglayan-defne	PARAMETER_CANONICAL	200	https://equsto.com/shop/market-reyonlari?tip=caglayan-defne	https://equsto.com/shop/market-reyonlari	
https://equsto.com/en/shop/market-reyonlari?tip=caglayan-defne	PARAMETER_CANONICAL	200	https://equsto.com/en/shop/market-reyonlari?tip=caglayan-defne	https://equsto.com/en/shop/market-reyonlari	
https://equsto.com/shop/market-reyonlari?tip=caglayan-erguvan	PARAMETER_CANONICAL	200	https://equsto.com/shop/market-reyonlari?tip=caglayan-erguvan	https://equsto.com/shop/market-reyonlari	
https://equsto.com/en/shop/market-reyonlari?tip=caglayan-erguvan	PARAMETER_CANONICAL	200	https://equsto.com/en/shop/market-reyonlari?tip=caglayan-erguvan	https://equsto.com/en/shop/market-reyonlari	
https://equsto.com/shop/market-reyonlari?tip=caglayan-leylak	PARAMETER_CANONICAL	200	https://equsto.com/shop/market-reyonlari?tip=caglayan-leylak	https://equsto.com/shop/market-reyonlari	
https://equsto.com/en/shop/market-reyonlari?tip=caglayan-leylak	PARAMETER_CANONICAL	200	https://equsto.com/en/shop/market-reyonlari?tip=caglayan-leylak	https://equsto.com/en/shop/market-reyonlari	
https://equsto.com/shop/market-reyonlari?tip=caglayan-manolya	PARAMETER_CANONICAL	200	https://equsto.com/shop/market-reyonlari?tip=caglayan-manolya	https://equsto.com/shop/market-reyonlari	
https://equsto.com/en/shop/market-reyonlari?tip=caglayan-manolya	PARAMETER_CANONICAL	200	https://equsto.com/en/shop/market-reyonlari?tip=caglayan-manolya	https://equsto.com/en/shop/market-reyonlari	
https://equsto.com/shop/market-reyonlari?tip=caglayan-krizantem	PARAMETER_CANONICAL	200	https://equsto.com/shop/market-reyonlari?tip=caglayan-krizantem	https://equsto.com/shop/market-reyonlari	
https://equsto.com/en/shop/market-reyonlari?tip=caglayan-krizantem	PARAMETER_CANONICAL	200	https://equsto.com/en/shop/market-reyonlari?tip=caglayan-krizantem	https://equsto.com/en/shop/market-reyonlari	
https://equsto.com/shop/market-reyonlari?tip=soguk-teshir	PARAMETER_CANONICAL	200	https://equsto.com/shop/market-reyonlari?tip=soguk-teshir	https://equsto.com/shop/market-reyonlari	
https://equsto.com/en/shop/market-reyonlari?tip=soguk-teshir	PARAMETER_CANONICAL	200	https://equsto.com/en/shop/market-reyonlari?tip=soguk-teshir	https://equsto.com/en/shop/market-reyonlari	
https://equsto.com/shop/market-reyonlari?tip=dondurma-reyon	PARAMETER_CANONICAL	200	https://equsto.com/shop/market-reyonlari?tip=dondurma-reyon	https://equsto.com/shop/market-reyonlari	
https://equsto.com/en/shop/market-reyonlari?tip=dondurma-reyon	PARAMETER_CANONICAL	200	https://equsto.com/en/shop/market-reyonlari?tip=dondurma-reyon	https://equsto.com/en/shop/market-reyonlari	
https://equsto.com/shop/market-reyonlari?tip=balik-sarkuteri	PARAMETER_CANONICAL	200	https://equsto.com/shop/market-reyonlari?tip=balik-sarkuteri	https://equsto.com/shop/market-reyonlari	
https://equsto.com/en/shop/market-reyonlari?tip=balik-sarkuteri	PARAMETER_CANONICAL	200	https://equsto.com/en/shop/market-reyonlari?tip=balik-sarkuteri	https://equsto.com/en/shop/market-reyonlari	
https://equsto.com/shop/market-reyonlari?tip=camli-dolap	PARAMETER_CANONICAL	200	https://equsto.com/shop/market-reyonlari?tip=camli-dolap	https://equsto.com/shop/market-reyonlari	
https://equsto.com/en/shop/market-reyonlari?tip=camli-dolap	PARAMETER_CANONICAL	200	https://equsto.com/en/shop/market-reyonlari?tip=camli-dolap	https://equsto.com/en/shop/market-reyonlari	
https://equsto.com/shop/market-reyonlari?tip=set-ustu	PARAMETER_CANONICAL	200	https://equsto.com/shop/market-reyonlari?tip=set-ustu	https://equsto.com/shop/market-reyonlari	
https://equsto.com/en/shop/market-reyonlari?tip=set-ustu	PARAMETER_CANONICAL	200	https://equsto.com/en/shop/market-reyonlari?tip=set-ustu	https://equsto.com/en/shop/market-reyonlari	
https://equsto.com/shop/market-reyonlari?tip=self-servis	PARAMETER_CANONICAL	200	https://equsto.com/shop/market-reyonlari?tip=self-servis	https://equsto.com/shop/market-reyonlari	
https://equsto.com/en/shop/market-reyonlari?tip=self-servis	PARAMETER_CANONICAL	200	https://equsto.com/en/shop/market-reyonlari?tip=self-servis	https://equsto.com/en/shop/market-reyonlari	
https://equsto.com/shop/market-reyonlari?tip=icecek-vitrin	PARAMETER_CANONICAL	200	https://equsto.com/shop/market-reyonlari?tip=icecek-vitrin	https://equsto.com/shop/market-reyonlari	
https://equsto.com/en/shop/market-reyonlari?tip=icecek-vitrin	PARAMETER_CANONICAL	200	https://equsto.com/en/shop/market-reyonlari?tip=icecek-vitrin	https://equsto.com/en/shop/market-reyonlari	
https://equsto.com/shop/set-ustu-mutfak?tip=servis-gerecleri	PARAMETER_CANONICAL	200	https://equsto.com/shop/set-ustu-mutfak?tip=servis-gerecleri	https://equsto.com/shop/set-ustu-mutfak	
https://equsto.com/en/shop/set-ustu-mutfak?tip=servis-gerecleri	PARAMETER_CANONICAL	200	https://equsto.com/en/shop/set-ustu-mutfak?tip=servis-gerecleri	https://equsto.com/en/shop/set-ustu-mutfak	
https://equsto.com/shop/set-ustu-mutfak?tip=chafing-dish	PARAMETER_CANONICAL	200	https://equsto.com/shop/set-ustu-mutfak?tip=chafing-dish	https://equsto.com/shop/set-ustu-mutfak	
https://equsto.com/en/shop/set-ustu-mutfak?tip=chafing-dish	PARAMETER_CANONICAL	200	https://equsto.com/en/shop/set-ustu-mutfak?tip=chafing-dish	https://equsto.com/en/shop/set-ustu-mutfak	
https://equsto.com/shop/set-ustu-mutfak?tip=helvane-sig-tencere	PARAMETER_CANONICAL	200	https://equsto.com/shop/set-ustu-mutfak?tip=helvane-sig-tencere	https://equsto.com/shop/set-ustu-mutfak	
https://equsto.com/en/shop/set-ustu-mutfak?tip=helvane-sig-tencere	PARAMETER_CANONICAL	200	https://equsto.com/en/shop/set-ustu-mutfak?tip=helvane-sig-tencere	https://equsto.com/en/shop/set-ustu-mutfak	
https://equsto.com/shop/set-ustu-mutfak?tip=silindirik-tencere	PARAMETER_CANONICAL	200	https://equsto.com/shop/set-ustu-mutfak?tip=silindirik-tencere	https://equsto.com/shop/set-ustu-mutfak	
https://equsto.com/en/shop/set-ustu-mutfak?tip=silindirik-tencere	PARAMETER_CANONICAL	200	https://equsto.com/en/shop/set-ustu-mutfak?tip=silindirik-tencere	https://equsto.com/en/shop/set-ustu-mutfak	
https://equsto.com/shop/set-ustu-mutfak?tip=kaserola-buharli	PARAMETER_CANONICAL	200	https://equsto.com/shop/set-ustu-mutfak?tip=kaserola-buharli	https://equsto.com/shop/set-ustu-mutfak	
https://equsto.com/en/shop/set-ustu-mutfak?tip=kaserola-buharli	PARAMETER_CANONICAL	200	https://equsto.com/en/shop/set-ustu-mutfak?tip=kaserola-buharli	https://equsto.com/en/shop/set-ustu-mutfak	
https://equsto.com/shop/set-ustu-mutfak?tip=tavalar	PARAMETER_CANONICAL	200	https://equsto.com/shop/set-ustu-mutfak?tip=tavalar	https://equsto.com/shop/set-ustu-mutfak	
https://equsto.com/en/shop/set-ustu-mutfak?tip=tavalar	PARAMETER_CANONICAL	200	https://equsto.com/en/shop/set-ustu-mutfak?tip=tavalar	https://equsto.com/en/shop/set-ustu-mutfak	
https://equsto.com/shop/set-ustu-mutfak?tip=bakir-sunum	PARAMETER_CANONICAL	200	https://equsto.com/shop/set-ustu-mutfak?tip=bakir-sunum	https://equsto.com/shop/set-ustu-mutfak	
https://equsto.com/en/shop/set-ustu-mutfak?tip=bakir-sunum	PARAMETER_CANONICAL	200	https://equsto.com/en/shop/set-ustu-mutfak?tip=bakir-sunum	https://equsto.com/en/shop/set-ustu-mutfak	
https://equsto.com/shop/set-ustu-mutfak?tip=dokum-tencere-tava	PARAMETER_CANONICAL	200	https://equsto.com/shop/set-ustu-mutfak?tip=dokum-tencere-tava	https://equsto.com/shop/set-ustu-mutfak	
https://equsto.com/en/shop/set-ustu-mutfak?tip=dokum-tencere-tava	PARAMETER_CANONICAL	200	https://equsto.com/en/shop/set-ustu-mutfak?tip=dokum-tencere-tava	https://equsto.com/en/shop/set-ustu-mutfak	
https://equsto.com/shop/set-ustu-mutfak?tip=masaustu-ekipman	PARAMETER_CANONICAL	200	https://equsto.com/shop/set-ustu-mutfak?tip=masaustu-ekipman	https://equsto.com/shop/set-ustu-mutfak	
https://equsto.com/en/shop/set-ustu-mutfak?tip=masaustu-ekipman	PARAMETER_CANONICAL	200	https://equsto.com/en/shop/set-ustu-mutfak?tip=masaustu-ekipman	https://equsto.com/en/shop/set-ustu-mutfak	
https://equsto.com/shop/set-ustu-mutfak?tip=gastronorm-kuvet	PARAMETER_CANONICAL	200	https://equsto.com/shop/set-ustu-mutfak?tip=gastronorm-kuvet	https://equsto.com/shop/set-ustu-mutfak	
https://equsto.com/en/shop/set-ustu-mutfak?tip=gastronorm-kuvet	PARAMETER_CANONICAL	200	https://equsto.com/en/shop/set-ustu-mutfak?tip=gastronorm-kuvet	https://equsto.com/en/shop/set-ustu-mutfak	
https://equsto.com/shop/set-ustu-mutfak?tip=pres-baski-tepsi	PARAMETER_CANONICAL	200	https://equsto.com/shop/set-ustu-mutfak?tip=pres-baski-tepsi	https://equsto.com/shop/set-ustu-mutfak	
https://equsto.com/en/shop/set-ustu-mutfak?tip=pres-baski-tepsi	PARAMETER_CANONICAL	200	https://equsto.com/en/shop/set-ustu-mutfak?tip=pres-baski-tepsi	https://equsto.com/en/shop/set-ustu-mutfak	
https://equsto.com/shop/set-ustu-mutfak?tip=tasima-ekipman	PARAMETER_CANONICAL	200	https://equsto.com/shop/set-ustu-mutfak?tip=tasima-ekipman	https://equsto.com/shop/set-ustu-mutfak	
https://equsto.com/en/shop/set-ustu-mutfak?tip=tasima-ekipman	PARAMETER_CANONICAL	200	https://equsto.com/en/shop/set-ustu-mutfak?tip=tasima-ekipman	https://equsto.com/en/shop/set-ustu-mutfak	
https://equsto.com/shop/set-ustu-mutfak?tip=bain-marie-kap	PARAMETER_CANONICAL	200	https://equsto.com/shop/set-ustu-mutfak?tip=bain-marie-kap	https://equsto.com/shop/set-ustu-mutfak	
https://equsto.com/en/shop/set-ustu-mutfak?tip=bain-marie-kap	PARAMETER_CANONICAL	200	https://equsto.com/en/shop/set-ustu-mutfak?tip=bain-marie-kap	https://equsto.com/en/shop/set-ustu-mutfak	
https://equsto.com/shop/set-ustu-mutfak?tip=melamin-sunum	PARAMETER_CANONICAL	200	https://equsto.com/shop/set-ustu-mutfak?tip=melamin-sunum	https://equsto.com/shop/set-ustu-mutfak	
https://equsto.com/en/shop/set-ustu-mutfak?tip=melamin-sunum	PARAMETER_CANONICAL	200	https://equsto.com/en/shop/set-ustu-mutfak?tip=melamin-sunum	https://equsto.com/en/shop/set-ustu-mutfak	
https://equsto.com/shop/set-ustu-mutfak?tip=karistirma-suzgec	PARAMETER_CANONICAL	200	https://equsto.com/shop/set-ustu-mutfak?tip=karistirma-suzgec	https://equsto.com/shop/set-ustu-mutfak	
https://equsto.com/en/shop/set-ustu-mutfak?tip=karistirma-suzgec	PARAMETER_CANONICAL	200	https://equsto.com/en/shop/set-ustu-mutfak?tip=karistirma-suzgec	https://equsto.com/en/shop/set-ustu-mutfak	
https://equsto.com/shop/set-ustu-mutfak?tip=pp-pc-gn	PARAMETER_CANONICAL	200	https://equsto.com/shop/set-ustu-mutfak?tip=pp-pc-gn	https://equsto.com/shop/set-ustu-mutfak	
https://equsto.com/en/shop/set-ustu-mutfak?tip=pp-pc-gn	PARAMETER_CANONICAL	200	https://equsto.com/en/shop/set-ustu-mutfak?tip=pp-pc-gn	https://equsto.com/en/shop/set-ustu-mutfak	
https://equsto.com/shop/set-ustu-mutfak?tip=kesme-tahtasi	PARAMETER_CANONICAL	200	https://equsto.com/shop/set-ustu-mutfak?tip=kesme-tahtasi	https://equsto.com/shop/set-ustu-mutfak	
https://equsto.com/en/shop/set-ustu-mutfak?tip=kesme-tahtasi	PARAMETER_CANONICAL	200	https://equsto.com/en/shop/set-ustu-mutfak?tip=kesme-tahtasi	https://equsto.com/en/shop/set-ustu-mutfak	
https://equsto.com/shop/set-ustu-mutfak?tip=gurmeaid-bicak	PARAMETER_CANONICAL	200	https://equsto.com/shop/set-ustu-mutfak?tip=gurmeaid-bicak	https://equsto.com/shop/set-ustu-mutfak	
https://equsto.com/en/shop/set-ustu-mutfak?tip=gurmeaid-bicak	PARAMETER_CANONICAL	200	https://equsto.com/en/shop/set-ustu-mutfak?tip=gurmeaid-bicak	https://equsto.com/en/shop/set-ustu-mutfak	
https://equsto.com/shop/set-ustu-mutfak?tip=gurmeaid-aksesuar	PARAMETER_CANONICAL	200	https://equsto.com/shop/set-ustu-mutfak?tip=gurmeaid-aksesuar	https://equsto.com/shop/set-ustu-mutfak	
https://equsto.com/en/shop/set-ustu-mutfak?tip=gurmeaid-aksesuar	PARAMETER_CANONICAL	200	https://equsto.com/en/shop/set-ustu-mutfak?tip=gurmeaid-aksesuar	https://equsto.com/en/shop/set-ustu-mutfak	
https://equsto.com/shop/set-ustu-mutfak?tip=mutfak-aksesuar	PARAMETER_CANONICAL	200	https://equsto.com/shop/set-ustu-mutfak?tip=mutfak-aksesuar	https://equsto.com/shop/set-ustu-mutfak	
https://equsto.com/en/shop/set-ustu-mutfak?tip=mutfak-aksesuar	PARAMETER_CANONICAL	200	https://equsto.com/en/shop/set-ustu-mutfak?tip=mutfak-aksesuar	https://equsto.com/en/shop/set-ustu-mutfak	
https://equsto.com/shop/set-ustu-mutfak?tip=sinek-oldurucu	PARAMETER_CANONICAL	200	https://equsto.com/shop/set-ustu-mutfak?tip=sinek-oldurucu	https://equsto.com/shop/set-ustu-mutfak	
https://equsto.com/en/shop/set-ustu-mutfak?tip=sinek-oldurucu	PARAMETER_CANONICAL	200	https://equsto.com/en/shop/set-ustu-mutfak?tip=sinek-oldurucu	https://equsto.com/en/shop/set-ustu-mutfak	
https://equsto.com/shop/set-ustu-mutfak?tip=sicak-soguk-servis	PARAMETER_CANONICAL	200	https://equsto.com/shop/set-ustu-mutfak?tip=sicak-soguk-servis	https://equsto.com/shop/set-ustu-mutfak	
https://equsto.com/en/shop/set-ustu-mutfak?tip=sicak-soguk-servis	PARAMETER_CANONICAL	200	https://equsto.com/en/shop/set-ustu-mutfak?tip=sicak-soguk-servis	https://equsto.com/en/shop/set-ustu-mutfak	
https://equsto.com/shop/set-ustu-mutfak?tip=isitici-lamba	PARAMETER_CANONICAL	200	https://equsto.com/shop/set-ustu-mutfak?tip=isitici-lamba	https://equsto.com/shop/set-ustu-mutfak	
https://equsto.com/en/shop/set-ustu-mutfak?tip=isitici-lamba	PARAMETER_CANONICAL	200	https://equsto.com/en/shop/set-ustu-mutfak?tip=isitici-lamba	https://equsto.com/en/shop/set-ustu-mutfak	
https://equsto.com/shop/set-ustu-mutfak?tip=patlamis-pamuk	PARAMETER_CANONICAL	200	https://equsto.com/shop/set-ustu-mutfak?tip=patlamis-pamuk	https://equsto.com/shop/set-ustu-mutfak	
https://equsto.com/en/shop/set-ustu-mutfak?tip=patlamis-pamuk	PARAMETER_CANONICAL	200	https://equsto.com/en/shop/set-ustu-mutfak?tip=patlamis-pamuk	https://equsto.com/en/shop/set-ustu-mutfak	
https://equsto.com/shop/kuvetler?tip=gastronorm-kuvet	PARAMETER_CANONICAL	200	https://equsto.com/shop/kuvetler?tip=gastronorm-kuvet	https://equsto.com/shop/kuvetler	
https://equsto.com/en/shop/kuvetler?tip=gastronorm-kuvet	PARAMETER_CANONICAL	200	https://equsto.com/en/shop/kuvetler?tip=gastronorm-kuvet	https://equsto.com/en/shop/kuvetler	
https://equsto.com/shop/kuvetler?tip=pp-pc-gn	PARAMETER_CANONICAL	200	https://equsto.com/shop/kuvetler?tip=pp-pc-gn	https://equsto.com/shop/kuvetler	
https://equsto.com/en/shop/kuvetler?tip=pp-pc-gn	PARAMETER_CANONICAL	200	https://equsto.com/en/shop/kuvetler?tip=pp-pc-gn	https://equsto.com/en/shop/kuvetler	
https://equsto.com/shop/kuvetler?tip=bain-marie-kap	PARAMETER_CANONICAL	200	https://equsto.com/shop/kuvetler?tip=bain-marie-kap	https://equsto.com/shop/kuvetler	
https://equsto.com/en/shop/kuvetler?tip=bain-marie-kap	PARAMETER_CANONICAL	200	https://equsto.com/en/shop/kuvetler?tip=bain-marie-kap	https://equsto.com/en/shop/kuvetler	
https://equsto.com/shop/kuvetler?tip=karistirma-suzgec	PARAMETER_CANONICAL	200	https://equsto.com/shop/kuvetler?tip=karistirma-suzgec	https://equsto.com/shop/kuvetler	
https://equsto.com/en/shop/kuvetler?tip=karistirma-suzgec	PARAMETER_CANONICAL	200	https://equsto.com/en/shop/kuvetler?tip=karistirma-suzgec	https://equsto.com/en/shop/kuvetler	
https://equsto.com/besos	MISSING_CANONICAL	200	https://equsto.com/besos		
https://equsto.com/shop/dolap/922612	ERROR	ERROR	https://equsto.com/shop/dolap/922612		Failed to parse URL from /shop/tezgah/922612
https://equsto.com/shop/dolap/922613	ERROR	ERROR	https://equsto.com/shop/dolap/922613		Failed to parse URL from /shop/tezgah/922613
https://equsto.com/shop/dolap/7876-n1-40705-00	ERROR	ERROR	https://equsto.com/shop/dolap/7876-n1-40705-00		Failed to parse URL from /shop/tezgah/7876-n1-40705-00
https://equsto.com/shop/dolap/7876-n1-80705-00	ERROR	ERROR	https://equsto.com/shop/dolap/7876-n1-80705-00		Failed to parse URL from /shop/tezgah/7876-n1-80705-00
https://equsto.com/shop/dolap/7876-n1-40705-10	ERROR	ERROR	https://equsto.com/shop/dolap/7876-n1-40705-10		Failed to parse URL from /shop/tezgah/7876-n1-40705-10
https://equsto.com/shop/dolap/7876-n1-80705-10	ERROR	ERROR	https://equsto.com/shop/dolap/7876-n1-80705-10		Failed to parse URL from /shop/tezgah/7876-n1-80705-10
https://equsto.com/shop/dolap/7911-n1-40603-00	ERROR	ERROR	https://equsto.com/shop/dolap/7911-n1-40603-00		Failed to parse URL from /shop/tezgah/7911-n1-40603-00
https://equsto.com/shop/dolap/7911-n1-60603-00	ERROR	ERROR	https://equsto.com/shop/dolap/7911-n1-60603-00		Failed to parse URL from /shop/tezgah/7911-n1-60603-00
https://equsto.com/shop/dolap/7876-n1-40605-00	ERROR	ERROR	https://equsto.com/shop/dolap/7876-n1-40605-00		Failed to parse URL from /shop/tezgah/7876-n1-40605-00
https://equsto.com/shop/dolap/7876-n1-60605-00	ERROR	ERROR	https://equsto.com/shop/dolap/7876-n1-60605-00		Failed to parse URL from /shop/tezgah/7876-n1-60605-00
https://equsto.com/shop/dolap/7868-17107-md	ERROR	ERROR	https://equsto.com/shop/dolap/7868-17107-md		Failed to parse URL from /shop/tezgah/7868-17107-md
https://equsto.com/shop/dolap/7868-98987-md	ERROR	ERROR	https://equsto.com/shop/dolap/7868-98987-md		Failed to parse URL from /shop/tezgah/7868-98987-md
https://equsto.com/shop/dolap/7919-70182-md	ERROR	ERROR	https://equsto.com/shop/dolap/7919-70182-md		Failed to parse URL from /shop/tezgah/7919-70182-md
https://equsto.com/shop/dolap/7919-06lmv-00	ERROR	ERROR	https://equsto.com/shop/dolap/7919-06lmv-00		Failed to parse URL from /shop/tezgah/7919-06lmv-00
https://equsto.com/shop/dolap/7919-12lmv-00	ERROR	ERROR	https://equsto.com/shop/dolap/7919-12lmv-00		Failed to parse URL from /shop/tezgah/7919-12lmv-00
https://equsto.com/shop/dolap/7919-06lmv-10	ERROR	ERROR	https://equsto.com/shop/dolap/7919-06lmv-10		Failed to parse URL from /shop/tezgah/7919-06lmv-10
https://equsto.com/shop/dolap/7919-12lmv-10	ERROR	ERROR	https://equsto.com/shop/dolap/7919-12lmv-10		Failed to parse URL from /shop/tezgah/7919-12lmv-10
https://equsto.com/shop/dolap/79k3-06lmv-00	ERROR	ERROR	https://equsto.com/shop/dolap/79k3-06lmv-00		Failed to parse URL from /shop/tezgah/79k3-06lmv-00
https://equsto.com/shop/dolap/79k3-12lmv-00	ERROR	ERROR	https://equsto.com/shop/dolap/79k3-12lmv-00		Failed to parse URL from /shop/tezgah/79k3-12lmv-00
https://equsto.com/shop/dolap/79k4-06lmv-00	ERROR	ERROR	https://equsto.com/shop/dolap/79k4-06lmv-00		Failed to parse URL from /shop/tezgah/79k4-06lmv-00
https://equsto.com/shop/dolap/79k4-12lmv-00	ERROR	ERROR	https://equsto.com/shop/dolap/79k4-12lmv-00		Failed to parse URL from /shop/tezgah/79k4-12lmv-00
https://equsto.com/shop/dolap/79k4-06lmv-10	ERROR	ERROR	https://equsto.com/shop/dolap/79k4-06lmv-10		Failed to parse URL from /shop/tezgah/79k4-06lmv-10
https://equsto.com/shop/dolap/79k3-06lmv-10	ERROR	ERROR	https://equsto.com/shop/dolap/79k3-06lmv-10		Failed to parse URL from /shop/tezgah/79k3-06lmv-10
https://equsto.com/shop/dolap/79k3-12lmv-10	ERROR	ERROR	https://equsto.com/shop/dolap/79k3-12lmv-10		Failed to parse URL from /shop/tezgah/79k3-12lmv-10
https://equsto.com/shop/dolap/79k4-12lmv-10	ERROR	ERROR	https://equsto.com/shop/dolap/79k4-12lmv-10		Failed to parse URL from /shop/tezgah/79k4-12lmv-10
https://equsto.com/shop/dolap/7919-06lmv-13	ERROR	ERROR	https://equsto.com/shop/dolap/7919-06lmv-13		Failed to parse URL from /shop/tezgah/7919-06lmv-13
https://equsto.com/shop/dolap/7919-10lts-00	ERROR	ERROR	https://equsto.com/shop/dolap/7919-10lts-00		Failed to parse URL from /shop/tezgah/7919-10lts-00
https://equsto.com/shop/dolap/7919-15lts-00	ERROR	ERROR	https://equsto.com/shop/dolap/7919-15lts-00		Failed to parse URL from /shop/tezgah/7919-15lts-00
https://equsto.com/shop/dolap/7919-27ntv-t1	ERROR	ERROR	https://equsto.com/shop/dolap/7919-27ntv-t1		Failed to parse URL from /shop/tezgah/7919-27ntv-t1
https://equsto.com/shop/dolap/7919-37ntv-t1	ERROR	ERROR	https://equsto.com/shop/dolap/7919-37ntv-t1		Failed to parse URL from /shop/tezgah/7919-37ntv-t1
https://equsto.com/shop/dolap/7919-47ntv-t1	ERROR	ERROR	https://equsto.com/shop/dolap/7919-47ntv-t1		Failed to parse URL from /shop/tezgah/7919-47ntv-t1
https://equsto.com/shop/dolap/7919-26ntv-c1	ERROR	ERROR	https://equsto.com/shop/dolap/7919-26ntv-c1		Failed to parse URL from /shop/tezgah/7919-26ntv-c1
https://equsto.com/shop/dolap/7919-27ntv-c1	ERROR	ERROR	https://equsto.com/shop/dolap/7919-27ntv-c1		Failed to parse URL from /shop/tezgah/7919-27ntv-c1
https://equsto.com/shop/dolap/7919-36ntv-c1	ERROR	ERROR	https://equsto.com/shop/dolap/7919-36ntv-c1		Failed to parse URL from /shop/tezgah/7919-36ntv-c1
https://equsto.com/shop/dolap/7919-37ntv-c1	ERROR	ERROR	https://equsto.com/shop/dolap/7919-37ntv-c1		Failed to parse URL from /shop/tezgah/7919-37ntv-c1
https://equsto.com/shop/dolap/7919-46ntv-c1	ERROR	ERROR	https://equsto.com/shop/dolap/7919-46ntv-c1		Failed to parse URL from /shop/tezgah/7919-46ntv-c1
https://equsto.com/shop/dolap/7919-47ntv-c1	ERROR	ERROR	https://equsto.com/shop/dolap/7919-47ntv-c1		Failed to parse URL from /shop/tezgah/7919-47ntv-c1
https://equsto.com/shop/dolap/7919-26ntv-c2	ERROR	ERROR	https://equsto.com/shop/dolap/7919-26ntv-c2		Failed to parse URL from /shop/tezgah/7919-26ntv-c2
https://equsto.com/shop/dolap/7919-27ntv-c2	ERROR	ERROR	https://equsto.com/shop/dolap/7919-27ntv-c2		Failed to parse URL from /shop/tezgah/7919-27ntv-c2
https://equsto.com/shop/dolap/7919-36ntv-c2	ERROR	ERROR	https://equsto.com/shop/dolap/7919-36ntv-c2		Failed to parse URL from /shop/tezgah/7919-36ntv-c2
https://equsto.com/shop/dolap/7919-37ntv-c2	ERROR	ERROR	https://equsto.com/shop/dolap/7919-37ntv-c2		Failed to parse URL from /shop/tezgah/7919-37ntv-c2
https://equsto.com/shop/dolap/7919-46ntv-c2	ERROR	ERROR	https://equsto.com/shop/dolap/7919-46ntv-c2		Failed to parse URL from /shop/tezgah/7919-46ntv-c2
https://equsto.com/shop/dolap/7919-47ntv-c2	ERROR	ERROR	https://equsto.com/shop/dolap/7919-47ntv-c2		Failed to parse URL from /shop/tezgah/7919-47ntv-c2
https://equsto.com/shop/dolap/7758-106a8-11	ERROR	ERROR	https://equsto.com/shop/dolap/7758-106a8-11		Failed to parse URL from /shop/tezgah/7758-106a8-11
https://equsto.com/shop/dolap/7758-126a8-11	ERROR	ERROR	https://equsto.com/shop/dolap/7758-126a8-11		Failed to parse URL from /shop/tezgah/7758-126a8-11
https://equsto.com/shop/dolap/7758-146e8-11	ERROR	ERROR	https://equsto.com/shop/dolap/7758-146e8-11		Failed to parse URL from /shop/tezgah/7758-146e8-11
https://equsto.com/shop/dolap/7758-107c8-11	ERROR	ERROR	https://equsto.com/shop/dolap/7758-107c8-11		Failed to parse URL from /shop/tezgah/7758-107c8-11
https://equsto.com/shop/dolap/7758-127c8-11	ERROR	ERROR	https://equsto.com/shop/dolap/7758-127c8-11		Failed to parse URL from /shop/tezgah/7758-127c8-11
https://equsto.com/shop/dolap/7758-147c8-11	ERROR	ERROR	https://equsto.com/shop/dolap/7758-147c8-11		Failed to parse URL from /shop/tezgah/7758-147c8-11
https://equsto.com/shop/dolap/7758-147d8-11	ERROR	ERROR	https://equsto.com/shop/dolap/7758-147d8-11		Failed to parse URL from /shop/tezgah/7758-147d8-11
https://equsto.com/shop/dolap/7758-106a8-15	ERROR	ERROR	https://equsto.com/shop/dolap/7758-106a8-15		Failed to parse URL from /shop/tezgah/7758-106a8-15
https://equsto.com/shop/dolap/7758-126a8-15	ERROR	ERROR	https://equsto.com/shop/dolap/7758-126a8-15		Failed to parse URL from /shop/tezgah/7758-126a8-15
https://equsto.com/shop/dolap/7758-146e8-15	ERROR	ERROR	https://equsto.com/shop/dolap/7758-146e8-15		Failed to parse URL from /shop/tezgah/7758-146e8-15
https://equsto.com/shop/dolap/7758-107c8-15	ERROR	ERROR	https://equsto.com/shop/dolap/7758-107c8-15		Failed to parse URL from /shop/tezgah/7758-107c8-15
https://equsto.com/shop/dolap/7758-127c8-15	ERROR	ERROR	https://equsto.com/shop/dolap/7758-127c8-15		Failed to parse URL from /shop/tezgah/7758-127c8-15
https://equsto.com/shop/dolap/7758-147c8-15	ERROR	ERROR	https://equsto.com/shop/dolap/7758-147c8-15		Failed to parse URL from /shop/tezgah/7758-147c8-15
https://equsto.com/shop/dolap/7758-147d8-15	ERROR	ERROR	https://equsto.com/shop/dolap/7758-147d8-15		Failed to parse URL from /shop/tezgah/7758-147d8-15
https://equsto.com/shop/dolap/7754-106a8-11	ERROR	ERROR	https://equsto.com/shop/dolap/7754-106a8-11		Failed to parse URL from /shop/tezgah/7754-106a8-11
https://equsto.com/shop/dolap/7754-126a8-11	ERROR	ERROR	https://equsto.com/shop/dolap/7754-126a8-11		Failed to parse URL from /shop/tezgah/7754-126a8-11
https://equsto.com/shop/dolap/7754-146e8-11	ERROR	ERROR	https://equsto.com/shop/dolap/7754-146e8-11		Failed to parse URL from /shop/tezgah/7754-146e8-11
https://equsto.com/shop/dolap/7754-107c8-11	ERROR	ERROR	https://equsto.com/shop/dolap/7754-107c8-11		Failed to parse URL from /shop/tezgah/7754-107c8-11
https://equsto.com/shop/dolap/7754-127c8-11	ERROR	ERROR	https://equsto.com/shop/dolap/7754-127c8-11		Failed to parse URL from /shop/tezgah/7754-127c8-11
https://equsto.com/shop/dolap/7754-147c8-11	ERROR	ERROR	https://equsto.com/shop/dolap/7754-147c8-11		Failed to parse URL from /shop/tezgah/7754-147c8-11
https://equsto.com/shop/dolap/7754-147d8-11	ERROR	ERROR	https://equsto.com/shop/dolap/7754-147d8-11		Failed to parse URL from /shop/tezgah/7754-147d8-11
https://equsto.com/shop/dolap/7754-106a8-15	ERROR	ERROR	https://equsto.com/shop/dolap/7754-106a8-15		Failed to parse URL from /shop/tezgah/7754-106a8-15
https://equsto.com/shop/dolap/7754-126a8-15	ERROR	ERROR	https://equsto.com/shop/dolap/7754-126a8-15		Failed to parse URL from /shop/tezgah/7754-126a8-15
https://equsto.com/shop/dolap/7754-146e8-15	ERROR	ERROR	https://equsto.com/shop/dolap/7754-146e8-15		Failed to parse URL from /shop/tezgah/7754-146e8-15
https://equsto.com/shop/dolap/7754-107c8-15	ERROR	ERROR	https://equsto.com/shop/dolap/7754-107c8-15		Failed to parse URL from /shop/tezgah/7754-107c8-15
https://equsto.com/shop/dolap/7754-127c8-15	ERROR	ERROR	https://equsto.com/shop/dolap/7754-127c8-15		Failed to parse URL from /shop/tezgah/7754-127c8-15
https://equsto.com/shop/dolap/7754-147c8-15	ERROR	ERROR	https://equsto.com/shop/dolap/7754-147c8-15		Failed to parse URL from /shop/tezgah/7754-147c8-15
https://equsto.com/shop/dolap/7754-147d8-15	ERROR	ERROR	https://equsto.com/shop/dolap/7754-147d8-15		Failed to parse URL from /shop/tezgah/7754-147d8-15
https://equsto.com/shop/dolap/7758-126e8-27	ERROR	ERROR	https://equsto.com/shop/dolap/7758-126e8-27		Failed to parse URL from /shop/tezgah/7758-126e8-27
https://equsto.com/shop/dolap/7758-146e8-27	ERROR	ERROR	https://equsto.com/shop/dolap/7758-146e8-27		Failed to parse URL from /shop/tezgah/7758-146e8-27
https://equsto.com/shop/dolap/7758-127c8-27	ERROR	ERROR	https://equsto.com/shop/dolap/7758-127c8-27		Failed to parse URL from /shop/tezgah/7758-127c8-27
https://equsto.com/shop/dolap/7758-147c8-27	ERROR	ERROR	https://equsto.com/shop/dolap/7758-147c8-27		Failed to parse URL from /shop/tezgah/7758-147c8-27
https://equsto.com/shop/dolap/7758-147d8-27	ERROR	ERROR	https://equsto.com/shop/dolap/7758-147d8-27		Failed to parse URL from /shop/tezgah/7758-147d8-27
https://equsto.com/shop/dolap/7754-126e8-27	ERROR	ERROR	https://equsto.com/shop/dolap/7754-126e8-27		Failed to parse URL from /shop/tezgah/7754-126e8-27
https://equsto.com/shop/dolap/7754-146e8-27	ERROR	ERROR	https://equsto.com/shop/dolap/7754-146e8-27		Failed to parse URL from /shop/tezgah/7754-146e8-27
https://equsto.com/shop/dolap/7754-127c8-27	ERROR	ERROR	https://equsto.com/shop/dolap/7754-127c8-27		Failed to parse URL from /shop/tezgah/7754-127c8-27
https://equsto.com/shop/dolap/7754-147c8-27	ERROR	ERROR	https://equsto.com/shop/dolap/7754-147c8-27		Failed to parse URL from /shop/tezgah/7754-147c8-27
https://equsto.com/shop/dolap/7754-147d8-27	ERROR	ERROR	https://equsto.com/shop/dolap/7754-147d8-27		Failed to parse URL from /shop/tezgah/7754-147d8-27
https://equsto.com/shop/dolap/7758-056a8-01	ERROR	ERROR	https://equsto.com/shop/dolap/7758-056a8-01		Failed to parse URL from /shop/tezgah/7758-056a8-01
https://equsto.com/shop/dolap/7758-066a8-01	ERROR	ERROR	https://equsto.com/shop/dolap/7758-066a8-01		Failed to parse URL from /shop/tezgah/7758-066a8-01
https://equsto.com/shop/dolap/7758-066e8-01	ERROR	ERROR	https://equsto.com/shop/dolap/7758-066e8-01		Failed to parse URL from /shop/tezgah/7758-066e8-01
https://equsto.com/shop/dolap/7758-076e8-01	ERROR	ERROR	https://equsto.com/shop/dolap/7758-076e8-01		Failed to parse URL from /shop/tezgah/7758-076e8-01
https://equsto.com/shop/dolap/7758-057b8-01	ERROR	ERROR	https://equsto.com/shop/dolap/7758-057b8-01		Failed to parse URL from /shop/tezgah/7758-057b8-01
https://equsto.com/shop/dolap/7758-067b8-01	ERROR	ERROR	https://equsto.com/shop/dolap/7758-067b8-01		Failed to parse URL from /shop/tezgah/7758-067b8-01
https://equsto.com/shop/dolap/7758-067c8-01	ERROR	ERROR	https://equsto.com/shop/dolap/7758-067c8-01		Failed to parse URL from /shop/tezgah/7758-067c8-01
https://equsto.com/shop/dolap/7758-077c8-01	ERROR	ERROR	https://equsto.com/shop/dolap/7758-077c8-01		Failed to parse URL from /shop/tezgah/7758-077c8-01
https://equsto.com/shop/dolap/7758-077d8-01	ERROR	ERROR	https://equsto.com/shop/dolap/7758-077d8-01		Failed to parse URL from /shop/tezgah/7758-077d8-01
https://equsto.com/shop/dolap/7758-087d8-01	ERROR	ERROR	https://equsto.com/shop/dolap/7758-087d8-01		Failed to parse URL from /shop/tezgah/7758-087d8-01
https://equsto.com/shop/dolap/7754-056a8-01	ERROR	ERROR	https://equsto.com/shop/dolap/7754-056a8-01		Failed to parse URL from /shop/tezgah/7754-056a8-01
https://equsto.com/shop/dolap/7754-066a8-01	ERROR	ERROR	https://equsto.com/shop/dolap/7754-066a8-01		Failed to parse URL from /shop/tezgah/7754-066a8-01
https://equsto.com/shop/dolap/7754-066e8-01	ERROR	ERROR	https://equsto.com/shop/dolap/7754-066e8-01		Failed to parse URL from /shop/tezgah/7754-066e8-01
https://equsto.com/shop/dolap/7754-076e8-01	ERROR	ERROR	https://equsto.com/shop/dolap/7754-076e8-01		Failed to parse URL from /shop/tezgah/7754-076e8-01
https://equsto.com/shop/dolap/7754-057b8-01	ERROR	ERROR	https://equsto.com/shop/dolap/7754-057b8-01		Failed to parse URL from /shop/tezgah/7754-057b8-01
https://equsto.com/shop/dolap/7754-067b8-01	ERROR	ERROR	https://equsto.com/shop/dolap/7754-067b8-01		Failed to parse URL from /shop/tezgah/7754-067b8-01
https://equsto.com/shop/dolap/7754-067c8-01	ERROR	ERROR	https://equsto.com/shop/dolap/7754-067c8-01		Failed to parse URL from /shop/tezgah/7754-067c8-01
https://equsto.com/shop/dolap/7754-077c8-01	ERROR	ERROR	https://equsto.com/shop/dolap/7754-077c8-01		Failed to parse URL from /shop/tezgah/7754-077c8-01
https://equsto.com/shop/dolap/7754-077d8-01	ERROR	ERROR	https://equsto.com/shop/dolap/7754-077d8-01		Failed to parse URL from /shop/tezgah/7754-077d8-01
https://equsto.com/shop/dolap/7754-087d8-01	ERROR	ERROR	https://equsto.com/shop/dolap/7754-087d8-01		Failed to parse URL from /shop/tezgah/7754-087d8-01
https://equsto.com/shop/dolap/7758-196a8-41	ERROR	ERROR	https://equsto.com/shop/dolap/7758-196a8-41		Failed to parse URL from /shop/tezgah/7758-196a8-41
https://equsto.com/shop/dolap/7758-216a8-41	ERROR	ERROR	https://equsto.com/shop/dolap/7758-216a8-41		Failed to parse URL from /shop/tezgah/7758-216a8-41
https://equsto.com/shop/dolap/7758-246e8-41	ERROR	ERROR	https://equsto.com/shop/dolap/7758-246e8-41		Failed to parse URL from /shop/tezgah/7758-246e8-41
https://equsto.com/shop/dolap/7754-196a8-41	ERROR	ERROR	https://equsto.com/shop/dolap/7754-196a8-41		Failed to parse URL from /shop/tezgah/7754-196a8-41
https://equsto.com/shop/dolap/7754-216a8-41	ERROR	ERROR	https://equsto.com/shop/dolap/7754-216a8-41		Failed to parse URL from /shop/tezgah/7754-216a8-41
https://equsto.com/shop/dolap/7754-246e8-41	ERROR	ERROR	https://equsto.com/shop/dolap/7754-246e8-41		Failed to parse URL from /shop/tezgah/7754-246e8-41
https://equsto.com/shop/dolap/7758-126a8-13	ERROR	ERROR	https://equsto.com/shop/dolap/7758-126a8-13		Failed to parse URL from /shop/tezgah/7758-126a8-13
https://equsto.com/shop/dolap/7758-146a8-13	ERROR	ERROR	https://equsto.com/shop/dolap/7758-146a8-13		Failed to parse URL from /shop/tezgah/7758-146a8-13
https://equsto.com/shop/dolap/7758-166a8-13	ERROR	ERROR	https://equsto.com/shop/dolap/7758-166a8-13		Failed to parse URL from /shop/tezgah/7758-166a8-13
https://equsto.com/shop/dolap/7758-147c8-13	ERROR	ERROR	https://equsto.com/shop/dolap/7758-147c8-13		Failed to parse URL from /shop/tezgah/7758-147c8-13
https://equsto.com/shop/dolap/7758-167c8-13	ERROR	ERROR	https://equsto.com/shop/dolap/7758-167c8-13		Failed to parse URL from /shop/tezgah/7758-167c8-13
https://equsto.com/shop/dolap/7754-126a8-13	ERROR	ERROR	https://equsto.com/shop/dolap/7754-126a8-13		Failed to parse URL from /shop/tezgah/7754-126a8-13
https://equsto.com/shop/dolap/7754-146a8-13	ERROR	ERROR	https://equsto.com/shop/dolap/7754-146a8-13		Failed to parse URL from /shop/tezgah/7754-146a8-13
https://equsto.com/shop/dolap/7754-166a8-13	ERROR	ERROR	https://equsto.com/shop/dolap/7754-166a8-13		Failed to parse URL from /shop/tezgah/7754-166a8-13
https://equsto.com/shop/dolap/7754-147c8-13	ERROR	ERROR	https://equsto.com/shop/dolap/7754-147c8-13		Failed to parse URL from /shop/tezgah/7754-147c8-13
https://equsto.com/shop/dolap/7754-167c8-13	ERROR	ERROR	https://equsto.com/shop/dolap/7754-167c8-13		Failed to parse URL from /shop/tezgah/7754-167c8-13
https://equsto.com/shop/dolap/7758-126a5-13	ERROR	ERROR	https://equsto.com/shop/dolap/7758-126a5-13		Failed to parse URL from /shop/tezgah/7758-126a5-13
https://equsto.com/shop/dolap/7758-146a5-13	ERROR	ERROR	https://equsto.com/shop/dolap/7758-146a5-13		Failed to parse URL from /shop/tezgah/7758-146a5-13
https://equsto.com/shop/dolap/7758-166a5-13	ERROR	ERROR	https://equsto.com/shop/dolap/7758-166a5-13		Failed to parse URL from /shop/tezgah/7758-166a5-13
https://equsto.com/shop/dolap/7758-147c5-13	ERROR	ERROR	https://equsto.com/shop/dolap/7758-147c5-13		Failed to parse URL from /shop/tezgah/7758-147c5-13
https://equsto.com/shop/dolap/7758-167c5-13	ERROR	ERROR	https://equsto.com/shop/dolap/7758-167c5-13		Failed to parse URL from /shop/tezgah/7758-167c5-13
https://equsto.com/shop/dolap/7754-126a5-13	ERROR	ERROR	https://equsto.com/shop/dolap/7754-126a5-13		Failed to parse URL from /shop/tezgah/7754-126a5-13
https://equsto.com/shop/dolap/7754-146a5-13	ERROR	ERROR	https://equsto.com/shop/dolap/7754-146a5-13		Failed to parse URL from /shop/tezgah/7754-146a5-13
https://equsto.com/shop/dolap/7754-166a5-13	ERROR	ERROR	https://equsto.com/shop/dolap/7754-166a5-13		Failed to parse URL from /shop/tezgah/7754-166a5-13
https://equsto.com/shop/dolap/7754-147c5-13	ERROR	ERROR	https://equsto.com/shop/dolap/7754-147c5-13		Failed to parse URL from /shop/tezgah/7754-147c5-13
https://equsto.com/shop/dolap/7754-167c5-13	ERROR	ERROR	https://equsto.com/shop/dolap/7754-167c5-13		Failed to parse URL from /shop/tezgah/7754-167c5-13
https://equsto.com/shop/dolap/7758-146eb-11	ERROR	ERROR	https://equsto.com/shop/dolap/7758-146eb-11		Failed to parse URL from /shop/tezgah/7758-146eb-11
https://equsto.com/shop/dolap/7758-127cb-11	ERROR	ERROR	https://equsto.com/shop/dolap/7758-127cb-11		Failed to parse URL from /shop/tezgah/7758-127cb-11
https://equsto.com/shop/dolap/7758-146eb-15	ERROR	ERROR	https://equsto.com/shop/dolap/7758-146eb-15		Failed to parse URL from /shop/tezgah/7758-146eb-15
https://equsto.com/shop/dolap/7758-127cb-15	ERROR	ERROR	https://equsto.com/shop/dolap/7758-127cb-15		Failed to parse URL from /shop/tezgah/7758-127cb-15
https://equsto.com/shop/dolap/7758-147cb-15	ERROR	ERROR	https://equsto.com/shop/dolap/7758-147cb-15		Failed to parse URL from /shop/tezgah/7758-147cb-15
https://equsto.com/shop/dolap/7754-126ab-11	ERROR	ERROR	https://equsto.com/shop/dolap/7754-126ab-11		Failed to parse URL from /shop/tezgah/7754-126ab-11
https://equsto.com/shop/dolap/7754-146eb-11	ERROR	ERROR	https://equsto.com/shop/dolap/7754-146eb-11		Failed to parse URL from /shop/tezgah/7754-146eb-11
https://equsto.com/shop/dolap/7754-127cb-11	ERROR	ERROR	https://equsto.com/shop/dolap/7754-127cb-11		Failed to parse URL from /shop/tezgah/7754-127cb-11
https://equsto.com/shop/dolap/7754-147cb-11	ERROR	ERROR	https://equsto.com/shop/dolap/7754-147cb-11		Failed to parse URL from /shop/tezgah/7754-147cb-11
https://equsto.com/shop/dolap/7754-126ab-15	ERROR	ERROR	https://equsto.com/shop/dolap/7754-126ab-15		Failed to parse URL from /shop/tezgah/7754-126ab-15
https://equsto.com/shop/dolap/7754-146eb-15	ERROR	ERROR	https://equsto.com/shop/dolap/7754-146eb-15		Failed to parse URL from /shop/tezgah/7754-146eb-15
https://equsto.com/shop/dolap/7754-127cb-15	ERROR	ERROR	https://equsto.com/shop/dolap/7754-127cb-15		Failed to parse URL from /shop/tezgah/7754-127cb-15
https://equsto.com/shop/dolap/7754-147cb-15	ERROR	ERROR	https://equsto.com/shop/dolap/7754-147cb-15		Failed to parse URL from /shop/tezgah/7754-147cb-15
https://equsto.com/shop/dolap/7758-187cb-21	ERROR	ERROR	https://equsto.com/shop/dolap/7758-187cb-21		Failed to parse URL from /shop/tezgah/7758-187cb-21
https://equsto.com/shop/dolap/7758-207cb-21	ERROR	ERROR	https://equsto.com/shop/dolap/7758-207cb-21		Failed to parse URL from /shop/tezgah/7758-207cb-21
https://equsto.com/shop/dolap/7758-187cb-25	ERROR	ERROR	https://equsto.com/shop/dolap/7758-187cb-25		Failed to parse URL from /shop/tezgah/7758-187cb-25
https://equsto.com/shop/dolap/7758-197cb-25	ERROR	ERROR	https://equsto.com/shop/dolap/7758-197cb-25		Failed to parse URL from /shop/tezgah/7758-197cb-25
https://equsto.com/shop/dolap/7754-166ab-21	ERROR	ERROR	https://equsto.com/shop/dolap/7754-166ab-21		Failed to parse URL from /shop/tezgah/7754-166ab-21
https://equsto.com/shop/dolap/7754-186eb-21	ERROR	ERROR	https://equsto.com/shop/dolap/7754-186eb-21		Failed to parse URL from /shop/tezgah/7754-186eb-21
https://equsto.com/shop/dolap/7754-187cb-21	ERROR	ERROR	https://equsto.com/shop/dolap/7754-187cb-21		Failed to parse URL from /shop/tezgah/7754-187cb-21
https://equsto.com/shop/dolap/7754-197cb-21	ERROR	ERROR	https://equsto.com/shop/dolap/7754-197cb-21		Failed to parse URL from /shop/tezgah/7754-197cb-21
https://equsto.com/shop/dolap/7754-207cb-21	ERROR	ERROR	https://equsto.com/shop/dolap/7754-207cb-21		Failed to parse URL from /shop/tezgah/7754-207cb-21
https://equsto.com/shop/dolap/7754-166ab-25	ERROR	ERROR	https://equsto.com/shop/dolap/7754-166ab-25		Failed to parse URL from /shop/tezgah/7754-166ab-25
https://equsto.com/shop/dolap/7754-186eb-25	ERROR	ERROR	https://equsto.com/shop/dolap/7754-186eb-25		Failed to parse URL from /shop/tezgah/7754-186eb-25
https://equsto.com/shop/dolap/7754-187cb-25	ERROR	ERROR	https://equsto.com/shop/dolap/7754-187cb-25		Failed to parse URL from /shop/tezgah/7754-187cb-25
https://equsto.com/shop/dolap/7754-197cb-25	ERROR	ERROR	https://equsto.com/shop/dolap/7754-197cb-25		Failed to parse URL from /shop/tezgah/7754-197cb-25
https://equsto.com/shop/dolap/7754-207cb-25	ERROR	ERROR	https://equsto.com/shop/dolap/7754-207cb-25		Failed to parse URL from /shop/tezgah/7754-207cb-25
https://equsto.com/shop/dolap/7758-146a5-21	ERROR	ERROR	https://equsto.com/shop/dolap/7758-146a5-21		Failed to parse URL from /shop/tezgah/7758-146a5-21
https://equsto.com/shop/dolap/7758-156a5-21	ERROR	ERROR	https://equsto.com/shop/dolap/7758-156a5-21		Failed to parse URL from /shop/tezgah/7758-156a5-21
https://equsto.com/shop/dolap/7758-166a5-21	ERROR	ERROR	https://equsto.com/shop/dolap/7758-166a5-21		Failed to parse URL from /shop/tezgah/7758-166a5-21
https://equsto.com/shop/dolap/7758-166e5-21	ERROR	ERROR	https://equsto.com/shop/dolap/7758-166e5-21		Failed to parse URL from /shop/tezgah/7758-166e5-21
https://equsto.com/shop/dolap/7758-186e5-21	ERROR	ERROR	https://equsto.com/shop/dolap/7758-186e5-21		Failed to parse URL from /shop/tezgah/7758-186e5-21
https://equsto.com/shop/dolap/7758-196e5-21	ERROR	ERROR	https://equsto.com/shop/dolap/7758-196e5-21		Failed to parse URL from /shop/tezgah/7758-196e5-21
https://equsto.com/shop/dolap/7758-157b5-21	ERROR	ERROR	https://equsto.com/shop/dolap/7758-157b5-21		Failed to parse URL from /shop/tezgah/7758-157b5-21
https://equsto.com/shop/dolap/7758-167b5-21	ERROR	ERROR	https://equsto.com/shop/dolap/7758-167b5-21		Failed to parse URL from /shop/tezgah/7758-167b5-21
https://equsto.com/shop/dolap/7758-167c5-21	ERROR	ERROR	https://equsto.com/shop/dolap/7758-167c5-21		Failed to parse URL from /shop/tezgah/7758-167c5-21
https://equsto.com/shop/dolap/7758-187c5-21	ERROR	ERROR	https://equsto.com/shop/dolap/7758-187c5-21		Failed to parse URL from /shop/tezgah/7758-187c5-21
https://equsto.com/shop/dolap/7758-197c5-21	ERROR	ERROR	https://equsto.com/shop/dolap/7758-197c5-21		Failed to parse URL from /shop/tezgah/7758-197c5-21
https://equsto.com/shop/dolap/7758-197d5-21	ERROR	ERROR	https://equsto.com/shop/dolap/7758-197d5-21		Failed to parse URL from /shop/tezgah/7758-197d5-21
https://equsto.com/shop/dolap/7758-207c5-21	ERROR	ERROR	https://equsto.com/shop/dolap/7758-207c5-21		Failed to parse URL from /shop/tezgah/7758-207c5-21
https://equsto.com/shop/dolap/7758-217d5-21	ERROR	ERROR	https://equsto.com/shop/dolap/7758-217d5-21		Failed to parse URL from /shop/tezgah/7758-217d5-21
https://equsto.com/shop/dolap/7758-146a5-25	ERROR	ERROR	https://equsto.com/shop/dolap/7758-146a5-25		Failed to parse URL from /shop/tezgah/7758-146a5-25
https://equsto.com/shop/dolap/7758-156a5-25	ERROR	ERROR	https://equsto.com/shop/dolap/7758-156a5-25		Failed to parse URL from /shop/tezgah/7758-156a5-25
https://equsto.com/shop/dolap/7758-166a5-25	ERROR	ERROR	https://equsto.com/shop/dolap/7758-166a5-25		Failed to parse URL from /shop/tezgah/7758-166a5-25
https://equsto.com/shop/dolap/7758-166e5-25	ERROR	ERROR	https://equsto.com/shop/dolap/7758-166e5-25		Failed to parse URL from /shop/tezgah/7758-166e5-25
https://equsto.com/shop/dolap/7758-186e5-25	ERROR	ERROR	https://equsto.com/shop/dolap/7758-186e5-25		Failed to parse URL from /shop/tezgah/7758-186e5-25
https://equsto.com/shop/dolap/7758-196e5-25	ERROR	ERROR	https://equsto.com/shop/dolap/7758-196e5-25		Failed to parse URL from /shop/tezgah/7758-196e5-25
https://equsto.com/shop/dolap/7758-157b5-25	ERROR	ERROR	https://equsto.com/shop/dolap/7758-157b5-25		Failed to parse URL from /shop/tezgah/7758-157b5-25
https://equsto.com/shop/dolap/7758-167b5-25	ERROR	ERROR	https://equsto.com/shop/dolap/7758-167b5-25		Failed to parse URL from /shop/tezgah/7758-167b5-25
https://equsto.com/shop/dolap/7758-167c5-25	ERROR	ERROR	https://equsto.com/shop/dolap/7758-167c5-25		Failed to parse URL from /shop/tezgah/7758-167c5-25
https://equsto.com/shop/dolap/7758-187c5-25	ERROR	ERROR	https://equsto.com/shop/dolap/7758-187c5-25		Failed to parse URL from /shop/tezgah/7758-187c5-25
https://equsto.com/shop/dolap/7758-197c5-25	ERROR	ERROR	https://equsto.com/shop/dolap/7758-197c5-25		Failed to parse URL from /shop/tezgah/7758-197c5-25
https://equsto.com/shop/dolap/7758-197d5-25	ERROR	ERROR	https://equsto.com/shop/dolap/7758-197d5-25		Failed to parse URL from /shop/tezgah/7758-197d5-25
https://equsto.com/shop/dolap/7758-207c5-25	ERROR	ERROR	https://equsto.com/shop/dolap/7758-207c5-25		Failed to parse URL from /shop/tezgah/7758-207c5-25
https://equsto.com/shop/dolap/7758-217d5-25	ERROR	ERROR	https://equsto.com/shop/dolap/7758-217d5-25		Failed to parse URL from /shop/tezgah/7758-217d5-25
https://equsto.com/shop/dolap/7754-146a5-21	ERROR	ERROR	https://equsto.com/shop/dolap/7754-146a5-21		Failed to parse URL from /shop/tezgah/7754-146a5-21
https://equsto.com/shop/dolap/7754-156a5-21	ERROR	ERROR	https://equsto.com/shop/dolap/7754-156a5-21		Failed to parse URL from /shop/tezgah/7754-156a5-21
https://equsto.com/shop/dolap/7754-166a5-21	ERROR	ERROR	https://equsto.com/shop/dolap/7754-166a5-21		Failed to parse URL from /shop/tezgah/7754-166a5-21
https://equsto.com/shop/dolap/7754-166e5-21	ERROR	ERROR	https://equsto.com/shop/dolap/7754-166e5-21		Failed to parse URL from /shop/tezgah/7754-166e5-21
https://equsto.com/shop/dolap/7754-186e5-21	ERROR	ERROR	https://equsto.com/shop/dolap/7754-186e5-21		Failed to parse URL from /shop/tezgah/7754-186e5-21
https://equsto.com/shop/dolap/7754-196e5-21	ERROR	ERROR	https://equsto.com/shop/dolap/7754-196e5-21		Failed to parse URL from /shop/tezgah/7754-196e5-21
https://equsto.com/shop/dolap/7754-157b5-21	ERROR	ERROR	https://equsto.com/shop/dolap/7754-157b5-21		Failed to parse URL from /shop/tezgah/7754-157b5-21
https://equsto.com/shop/dolap/7754-167b5-21	ERROR	ERROR	https://equsto.com/shop/dolap/7754-167b5-21		Failed to parse URL from /shop/tezgah/7754-167b5-21
https://equsto.com/shop/dolap/7754-167c5-21	ERROR	ERROR	https://equsto.com/shop/dolap/7754-167c5-21		Failed to parse URL from /shop/tezgah/7754-167c5-21
https://equsto.com/shop/dolap/7754-187c5-21	ERROR	ERROR	https://equsto.com/shop/dolap/7754-187c5-21		Failed to parse URL from /shop/tezgah/7754-187c5-21
https://equsto.com/shop/dolap/7754-197c5-21	ERROR	ERROR	https://equsto.com/shop/dolap/7754-197c5-21		Failed to parse URL from /shop/tezgah/7754-197c5-21
https://equsto.com/shop/dolap/7754-197d5-21	ERROR	ERROR	https://equsto.com/shop/dolap/7754-197d5-21		Failed to parse URL from /shop/tezgah/7754-197d5-21
https://equsto.com/shop/dolap/7754-207c5-21	ERROR	ERROR	https://equsto.com/shop/dolap/7754-207c5-21		Failed to parse URL from /shop/tezgah/7754-207c5-21
https://equsto.com/shop/dolap/7754-217d5-21	ERROR	ERROR	https://equsto.com/shop/dolap/7754-217d5-21		Failed to parse URL from /shop/tezgah/7754-217d5-21
https://equsto.com/shop/dolap/7754-146a5-25	ERROR	ERROR	https://equsto.com/shop/dolap/7754-146a5-25		Failed to parse URL from /shop/tezgah/7754-146a5-25
https://equsto.com/shop/dolap/7754-156a5-25	ERROR	ERROR	https://equsto.com/shop/dolap/7754-156a5-25		Failed to parse URL from /shop/tezgah/7754-156a5-25
https://equsto.com/shop/dolap/7754-166a5-25	ERROR	ERROR	https://equsto.com/shop/dolap/7754-166a5-25		Failed to parse URL from /shop/tezgah/7754-166a5-25
https://equsto.com/shop/dolap/7754-166e5-25	ERROR	ERROR	https://equsto.com/shop/dolap/7754-166e5-25		Failed to parse URL from /shop/tezgah/7754-166e5-25
https://equsto.com/shop/dolap/7754-186e5-25	ERROR	ERROR	https://equsto.com/shop/dolap/7754-186e5-25		Failed to parse URL from /shop/tezgah/7754-186e5-25
https://equsto.com/shop/dolap/7754-196e5-25	ERROR	ERROR	https://equsto.com/shop/dolap/7754-196e5-25		Failed to parse URL from /shop/tezgah/7754-196e5-25
https://equsto.com/shop/dolap/7754-157b5-25	ERROR	ERROR	https://equsto.com/shop/dolap/7754-157b5-25		Failed to parse URL from /shop/tezgah/7754-157b5-25
https://equsto.com/shop/dolap/7754-167b5-25	ERROR	ERROR	https://equsto.com/shop/dolap/7754-167b5-25		Failed to parse URL from /shop/tezgah/7754-167b5-25
https://equsto.com/shop/dolap/7754-167c5-25	ERROR	ERROR	https://equsto.com/shop/dolap/7754-167c5-25		Failed to parse URL from /shop/tezgah/7754-167c5-25
https://equsto.com/shop/dolap/7754-187c5-25	ERROR	ERROR	https://equsto.com/shop/dolap/7754-187c5-25		Failed to parse URL from /shop/tezgah/7754-187c5-25
https://equsto.com/shop/dolap/7754-197c5-25	ERROR	ERROR	https://equsto.com/shop/dolap/7754-197c5-25		Failed to parse URL from /shop/tezgah/7754-197c5-25
https://equsto.com/shop/dolap/7754-197d5-25	ERROR	ERROR	https://equsto.com/shop/dolap/7754-197d5-25		Failed to parse URL from /shop/tezgah/7754-197d5-25
https://equsto.com/shop/dolap/7754-207c5-25	ERROR	ERROR	https://equsto.com/shop/dolap/7754-207c5-25		Failed to parse URL from /shop/tezgah/7754-207c5-25
https://equsto.com/shop/dolap/7754-217d5-25	ERROR	ERROR	https://equsto.com/shop/dolap/7754-217d5-25		Failed to parse URL from /shop/tezgah/7754-217d5-25
https://equsto.com/shop/dolap/7758-146a8-21	ERROR	ERROR	https://equsto.com/shop/dolap/7758-146a8-21		Failed to parse URL from /shop/tezgah/7758-146a8-21
https://equsto.com/shop/dolap/7758-156a8-21	ERROR	ERROR	https://equsto.com/shop/dolap/7758-156a8-21		Failed to parse URL from /shop/tezgah/7758-156a8-21
https://equsto.com/shop/dolap/7758-166a8-21	ERROR	ERROR	https://equsto.com/shop/dolap/7758-166a8-21		Failed to parse URL from /shop/tezgah/7758-166a8-21
https://equsto.com/shop/dolap/7758-166e8-21	ERROR	ERROR	https://equsto.com/shop/dolap/7758-166e8-21		Failed to parse URL from /shop/tezgah/7758-166e8-21
https://equsto.com/shop/dolap/7758-186e8-21	ERROR	ERROR	https://equsto.com/shop/dolap/7758-186e8-21		Failed to parse URL from /shop/tezgah/7758-186e8-21
https://equsto.com/shop/dolap/7758-196e8-21	ERROR	ERROR	https://equsto.com/shop/dolap/7758-196e8-21		Failed to parse URL from /shop/tezgah/7758-196e8-21
https://equsto.com/shop/dolap/7758-157b8-21	ERROR	ERROR	https://equsto.com/shop/dolap/7758-157b8-21		Failed to parse URL from /shop/tezgah/7758-157b8-21
https://equsto.com/shop/dolap/7758-167b8-21	ERROR	ERROR	https://equsto.com/shop/dolap/7758-167b8-21		Failed to parse URL from /shop/tezgah/7758-167b8-21
https://equsto.com/shop/dolap/7758-167c8-21	ERROR	ERROR	https://equsto.com/shop/dolap/7758-167c8-21		Failed to parse URL from /shop/tezgah/7758-167c8-21
https://equsto.com/shop/dolap/7758-187c8-21	ERROR	ERROR	https://equsto.com/shop/dolap/7758-187c8-21		Failed to parse URL from /shop/tezgah/7758-187c8-21
https://equsto.com/shop/dolap/7758-197c8-21	ERROR	ERROR	https://equsto.com/shop/dolap/7758-197c8-21		Failed to parse URL from /shop/tezgah/7758-197c8-21
https://equsto.com/shop/dolap/7758-197d8-21	ERROR	ERROR	https://equsto.com/shop/dolap/7758-197d8-21		Failed to parse URL from /shop/tezgah/7758-197d8-21
https://equsto.com/shop/dolap/7758-207c8-21	ERROR	ERROR	https://equsto.com/shop/dolap/7758-207c8-21		Failed to parse URL from /shop/tezgah/7758-207c8-21
https://equsto.com/shop/dolap/7758-217d8-21	ERROR	ERROR	https://equsto.com/shop/dolap/7758-217d8-21		Failed to parse URL from /shop/tezgah/7758-217d8-21
https://equsto.com/shop/dolap/7758-146a8-25	ERROR	ERROR	https://equsto.com/shop/dolap/7758-146a8-25		Failed to parse URL from /shop/tezgah/7758-146a8-25
https://equsto.com/shop/dolap/7758-156a8-25	ERROR	ERROR	https://equsto.com/shop/dolap/7758-156a8-25		Failed to parse URL from /shop/tezgah/7758-156a8-25
https://equsto.com/shop/dolap/7758-166a8-25	ERROR	ERROR	https://equsto.com/shop/dolap/7758-166a8-25		Failed to parse URL from /shop/tezgah/7758-166a8-25
https://equsto.com/shop/dolap/7758-166e8-25	ERROR	ERROR	https://equsto.com/shop/dolap/7758-166e8-25		Failed to parse URL from /shop/tezgah/7758-166e8-25
https://equsto.com/shop/dolap/7758-186e8-25	ERROR	ERROR	https://equsto.com/shop/dolap/7758-186e8-25		Failed to parse URL from /shop/tezgah/7758-186e8-25
https://equsto.com/shop/dolap/7758-196e8-25	ERROR	ERROR	https://equsto.com/shop/dolap/7758-196e8-25		Failed to parse URL from /shop/tezgah/7758-196e8-25
https://equsto.com/shop/dolap/7758-157b8-25	ERROR	ERROR	https://equsto.com/shop/dolap/7758-157b8-25		Failed to parse URL from /shop/tezgah/7758-157b8-25
https://equsto.com/shop/dolap/7758-167b8-25	ERROR	ERROR	https://equsto.com/shop/dolap/7758-167b8-25		Failed to parse URL from /shop/tezgah/7758-167b8-25
https://equsto.com/shop/dolap/7758-167c8-25	ERROR	ERROR	https://equsto.com/shop/dolap/7758-167c8-25		Failed to parse URL from /shop/tezgah/7758-167c8-25
https://equsto.com/shop/dolap/7758-187c8-25	ERROR	ERROR	https://equsto.com/shop/dolap/7758-187c8-25		Failed to parse URL from /shop/tezgah/7758-187c8-25
https://equsto.com/shop/dolap/7758-197c8-25	ERROR	ERROR	https://equsto.com/shop/dolap/7758-197c8-25		Failed to parse URL from /shop/tezgah/7758-197c8-25
https://equsto.com/shop/dolap/7758-197d8-25	ERROR	ERROR	https://equsto.com/shop/dolap/7758-197d8-25		Failed to parse URL from /shop/tezgah/7758-197d8-25
https://equsto.com/shop/dolap/7758-207c8-25	ERROR	ERROR	https://equsto.com/shop/dolap/7758-207c8-25		Failed to parse URL from /shop/tezgah/7758-207c8-25
https://equsto.com/shop/dolap/7758-217d8-25	ERROR	ERROR	https://equsto.com/shop/dolap/7758-217d8-25		Failed to parse URL from /shop/tezgah/7758-217d8-25
https://equsto.com/shop/dolap/7754-146a8-21	ERROR	ERROR	https://equsto.com/shop/dolap/7754-146a8-21		Failed to parse URL from /shop/tezgah/7754-146a8-21
https://equsto.com/shop/dolap/7754-156a8-21	ERROR	ERROR	https://equsto.com/shop/dolap/7754-156a8-21		Failed to parse URL from /shop/tezgah/7754-156a8-21
https://equsto.com/shop/dolap/7754-166a8-21	ERROR	ERROR	https://equsto.com/shop/dolap/7754-166a8-21		Failed to parse URL from /shop/tezgah/7754-166a8-21
https://equsto.com/shop/dolap/7754-166e8-21	ERROR	ERROR	https://equsto.com/shop/dolap/7754-166e8-21		Failed to parse URL from /shop/tezgah/7754-166e8-21
https://equsto.com/shop/dolap/7754-186e8-21	ERROR	ERROR	https://equsto.com/shop/dolap/7754-186e8-21		Failed to parse URL from /shop/tezgah/7754-186e8-21
https://equsto.com/shop/dolap/7754-196e8-21	ERROR	ERROR	https://equsto.com/shop/dolap/7754-196e8-21		Failed to parse URL from /shop/tezgah/7754-196e8-21
https://equsto.com/shop/dolap/7754-157b8-21	ERROR	ERROR	https://equsto.com/shop/dolap/7754-157b8-21		Failed to parse URL from /shop/tezgah/7754-157b8-21
https://equsto.com/shop/dolap/7754-167b8-21	ERROR	ERROR	https://equsto.com/shop/dolap/7754-167b8-21		Failed to parse URL from /shop/tezgah/7754-167b8-21
https://equsto.com/shop/dolap/7754-167c8-21	ERROR	ERROR	https://equsto.com/shop/dolap/7754-167c8-21		Failed to parse URL from /shop/tezgah/7754-167c8-21
https://equsto.com/shop/dolap/7754-187c8-21	ERROR	ERROR	https://equsto.com/shop/dolap/7754-187c8-21		Failed to parse URL from /shop/tezgah/7754-187c8-21
https://equsto.com/shop/dolap/7754-197c8-21	ERROR	ERROR	https://equsto.com/shop/dolap/7754-197c8-21		Failed to parse URL from /shop/tezgah/7754-197c8-21
https://equsto.com/shop/dolap/7754-197d8-21	ERROR	ERROR	https://equsto.com/shop/dolap/7754-197d8-21		Failed to parse URL from /shop/tezgah/7754-197d8-21
https://equsto.com/shop/dolap/7754-207c8-21	ERROR	ERROR	https://equsto.com/shop/dolap/7754-207c8-21		Failed to parse URL from /shop/tezgah/7754-207c8-21
https://equsto.com/shop/dolap/7754-217d8-21	ERROR	ERROR	https://equsto.com/shop/dolap/7754-217d8-21		Failed to parse URL from /shop/tezgah/7754-217d8-21
https://equsto.com/shop/dolap/7754-146a8-25	ERROR	ERROR	https://equsto.com/shop/dolap/7754-146a8-25		Failed to parse URL from /shop/tezgah/7754-146a8-25
https://equsto.com/shop/dolap/7754-156a8-25	ERROR	ERROR	https://equsto.com/shop/dolap/7754-156a8-25		Failed to parse URL from /shop/tezgah/7754-156a8-25
https://equsto.com/shop/dolap/7754-166a8-25	ERROR	ERROR	https://equsto.com/shop/dolap/7754-166a8-25		Failed to parse URL from /shop/tezgah/7754-166a8-25
https://equsto.com/shop/dolap/7754-166e8-25	ERROR	ERROR	https://equsto.com/shop/dolap/7754-166e8-25		Failed to parse URL from /shop/tezgah/7754-166e8-25
https://equsto.com/shop/dolap/7754-186e8-25	ERROR	ERROR	https://equsto.com/shop/dolap/7754-186e8-25		Failed to parse URL from /shop/tezgah/7754-186e8-25
https://equsto.com/shop/dolap/7754-196e8-25	ERROR	ERROR	https://equsto.com/shop/dolap/7754-196e8-25		Failed to parse URL from /shop/tezgah/7754-196e8-25
https://equsto.com/shop/dolap/7754-157b8-25	ERROR	ERROR	https://equsto.com/shop/dolap/7754-157b8-25		Failed to parse URL from /shop/tezgah/7754-157b8-25
https://equsto.com/shop/dolap/7754-167b8-25	ERROR	ERROR	https://equsto.com/shop/dolap/7754-167b8-25		Failed to parse URL from /shop/tezgah/7754-167b8-25
https://equsto.com/shop/dolap/7754-167c8-25	ERROR	ERROR	https://equsto.com/shop/dolap/7754-167c8-25		Failed to parse URL from /shop/tezgah/7754-167c8-25
https://equsto.com/shop/dolap/7754-187c8-25	ERROR	ERROR	https://equsto.com/shop/dolap/7754-187c8-25		Failed to parse URL from /shop/tezgah/7754-187c8-25
https://equsto.com/shop/dolap/7754-197c8-25	ERROR	ERROR	https://equsto.com/shop/dolap/7754-197c8-25		Failed to parse URL from /shop/tezgah/7754-197c8-25
https://equsto.com/shop/dolap/7754-197d8-25	ERROR	ERROR	https://equsto.com/shop/dolap/7754-197d8-25		Failed to parse URL from /shop/tezgah/7754-197d8-25
https://equsto.com/shop/dolap/7754-207c8-25	ERROR	ERROR	https://equsto.com/shop/dolap/7754-207c8-25		Failed to parse URL from /shop/tezgah/7754-207c8-25
https://equsto.com/shop/dolap/7754-217d8-25	ERROR	ERROR	https://equsto.com/shop/dolap/7754-217d8-25		Failed to parse URL from /shop/tezgah/7754-217d8-25
https://equsto.com/shop/dolap/7758-166a5-23	ERROR	ERROR	https://equsto.com/shop/dolap/7758-166a5-23		Failed to parse URL from /shop/tezgah/7758-166a5-23
https://equsto.com/shop/dolap/7758-186e5-23	ERROR	ERROR	https://equsto.com/shop/dolap/7758-186e5-23		Failed to parse URL from /shop/tezgah/7758-186e5-23
https://equsto.com/shop/dolap/7758-196e5-23	ERROR	ERROR	https://equsto.com/shop/dolap/7758-196e5-23		Failed to parse URL from /shop/tezgah/7758-196e5-23
https://equsto.com/shop/dolap/7758-216e5-23	ERROR	ERROR	https://equsto.com/shop/dolap/7758-216e5-23		Failed to parse URL from /shop/tezgah/7758-216e5-23
https://equsto.com/shop/dolap/7758-246e5-23	ERROR	ERROR	https://equsto.com/shop/dolap/7758-246e5-23		Failed to parse URL from /shop/tezgah/7758-246e5-23
https://equsto.com/shop/dolap/7758-187c5-23	ERROR	ERROR	https://equsto.com/shop/dolap/7758-187c5-23		Failed to parse URL from /shop/tezgah/7758-187c5-23
https://equsto.com/shop/dolap/7758-197c5-23	ERROR	ERROR	https://equsto.com/shop/dolap/7758-197c5-23		Failed to parse URL from /shop/tezgah/7758-197c5-23
https://equsto.com/shop/dolap/7758-207c5-23	ERROR	ERROR	https://equsto.com/shop/dolap/7758-207c5-23		Failed to parse URL from /shop/tezgah/7758-207c5-23
https://equsto.com/shop/dolap/7758-247d5-23	ERROR	ERROR	https://equsto.com/shop/dolap/7758-247d5-23		Failed to parse URL from /shop/tezgah/7758-247d5-23
https://equsto.com/shop/dolap/7754-166a5-23	ERROR	ERROR	https://equsto.com/shop/dolap/7754-166a5-23		Failed to parse URL from /shop/tezgah/7754-166a5-23
https://equsto.com/shop/dolap/7754-186e5-23	ERROR	ERROR	https://equsto.com/shop/dolap/7754-186e5-23		Failed to parse URL from /shop/tezgah/7754-186e5-23
https://equsto.com/shop/dolap/7754-196e5-23	ERROR	ERROR	https://equsto.com/shop/dolap/7754-196e5-23		Failed to parse URL from /shop/tezgah/7754-196e5-23
https://equsto.com/shop/dolap/7754-216e5-23	ERROR	ERROR	https://equsto.com/shop/dolap/7754-216e5-23		Failed to parse URL from /shop/tezgah/7754-216e5-23
https://equsto.com/shop/dolap/7754-246e5-23	ERROR	ERROR	https://equsto.com/shop/dolap/7754-246e5-23		Failed to parse URL from /shop/tezgah/7754-246e5-23
https://equsto.com/shop/dolap/7754-187c5-23	ERROR	ERROR	https://equsto.com/shop/dolap/7754-187c5-23		Failed to parse URL from /shop/tezgah/7754-187c5-23
https://equsto.com/shop/dolap/7754-197c5-23	ERROR	ERROR	https://equsto.com/shop/dolap/7754-197c5-23		Failed to parse URL from /shop/tezgah/7754-197c5-23
https://equsto.com/shop/dolap/7754-207c5-23	ERROR	ERROR	https://equsto.com/shop/dolap/7754-207c5-23		Failed to parse URL from /shop/tezgah/7754-207c5-23
https://equsto.com/shop/dolap/7754-247d5-23	ERROR	ERROR	https://equsto.com/shop/dolap/7754-247d5-23		Failed to parse URL from /shop/tezgah/7754-247d5-23
https://equsto.com/shop/dolap/7758-166a5-35	ERROR	ERROR	https://equsto.com/shop/dolap/7758-166a5-35		Failed to parse URL from /shop/tezgah/7758-166a5-35
https://equsto.com/shop/dolap/7758-186e5-35	ERROR	ERROR	https://equsto.com/shop/dolap/7758-186e5-35		Failed to parse URL from /shop/tezgah/7758-186e5-35
https://equsto.com/shop/dolap/7758-196e5-35	ERROR	ERROR	https://equsto.com/shop/dolap/7758-196e5-35		Failed to parse URL from /shop/tezgah/7758-196e5-35
https://equsto.com/shop/dolap/7758-187c5-35	ERROR	ERROR	https://equsto.com/shop/dolap/7758-187c5-35		Failed to parse URL from /shop/tezgah/7758-187c5-35
https://equsto.com/shop/dolap/7758-197c5-35	ERROR	ERROR	https://equsto.com/shop/dolap/7758-197c5-35		Failed to parse URL from /shop/tezgah/7758-197c5-35
https://equsto.com/shop/dolap/7754-166a5-35	ERROR	ERROR	https://equsto.com/shop/dolap/7754-166a5-35		Failed to parse URL from /shop/tezgah/7754-166a5-35
https://equsto.com/shop/dolap/7754-186e5-35	ERROR	ERROR	https://equsto.com/shop/dolap/7754-186e5-35		Failed to parse URL from /shop/tezgah/7754-186e5-35
https://equsto.com/shop/dolap/7754-196e5-35	ERROR	ERROR	https://equsto.com/shop/dolap/7754-196e5-35		Failed to parse URL from /shop/tezgah/7754-196e5-35
https://equsto.com/shop/dolap/7754-187c5-35	ERROR	ERROR	https://equsto.com/shop/dolap/7754-187c5-35		Failed to parse URL from /shop/tezgah/7754-187c5-35
https://equsto.com/shop/dolap/7754-197c5-35	ERROR	ERROR	https://equsto.com/shop/dolap/7754-197c5-35		Failed to parse URL from /shop/tezgah/7754-197c5-35
https://equsto.com/shop/dolap/7758-166a8-35	ERROR	ERROR	https://equsto.com/shop/dolap/7758-166a8-35		Failed to parse URL from /shop/tezgah/7758-166a8-35
https://equsto.com/shop/dolap/7758-186e8-35	ERROR	ERROR	https://equsto.com/shop/dolap/7758-186e8-35		Failed to parse URL from /shop/tezgah/7758-186e8-35
https://equsto.com/shop/dolap/7758-196e8-35	ERROR	ERROR	https://equsto.com/shop/dolap/7758-196e8-35		Failed to parse URL from /shop/tezgah/7758-196e8-35
https://equsto.com/shop/dolap/7758-187c8-35	ERROR	ERROR	https://equsto.com/shop/dolap/7758-187c8-35		Failed to parse URL from /shop/tezgah/7758-187c8-35
https://equsto.com/shop/dolap/7758-197c8-35	ERROR	ERROR	https://equsto.com/shop/dolap/7758-197c8-35		Failed to parse URL from /shop/tezgah/7758-197c8-35
https://equsto.com/shop/dolap/7754-166a8-35	ERROR	ERROR	https://equsto.com/shop/dolap/7754-166a8-35		Failed to parse URL from /shop/tezgah/7754-166a8-35
https://equsto.com/shop/dolap/7754-186e8-35	ERROR	ERROR	https://equsto.com/shop/dolap/7754-186e8-35		Failed to parse URL from /shop/tezgah/7754-186e8-35
https://equsto.com/shop/dolap/7754-196e8-35	ERROR	ERROR	https://equsto.com/shop/dolap/7754-196e8-35		Failed to parse URL from /shop/tezgah/7754-196e8-35
https://equsto.com/shop/dolap/7754-187c8-35	ERROR	ERROR	https://equsto.com/shop/dolap/7754-187c8-35		Failed to parse URL from /shop/tezgah/7754-187c8-35
https://equsto.com/shop/dolap/7754-197c8-35	ERROR	ERROR	https://equsto.com/shop/dolap/7754-197c8-35		Failed to parse URL from /shop/tezgah/7754-197c8-35
https://equsto.com/shop/dolap/7758-166a8-23	ERROR	ERROR	https://equsto.com/shop/dolap/7758-166a8-23		Failed to parse URL from /shop/tezgah/7758-166a8-23
https://equsto.com/shop/dolap/7758-186e8-23	ERROR	ERROR	https://equsto.com/shop/dolap/7758-186e8-23		Failed to parse URL from /shop/tezgah/7758-186e8-23
https://equsto.com/shop/dolap/7758-196e8-23	ERROR	ERROR	https://equsto.com/shop/dolap/7758-196e8-23		Failed to parse URL from /shop/tezgah/7758-196e8-23
https://equsto.com/shop/dolap/7758-216e8-23	ERROR	ERROR	https://equsto.com/shop/dolap/7758-216e8-23		Failed to parse URL from /shop/tezgah/7758-216e8-23
https://equsto.com/shop/dolap/7758-246e8-23	ERROR	ERROR	https://equsto.com/shop/dolap/7758-246e8-23		Failed to parse URL from /shop/tezgah/7758-246e8-23
https://equsto.com/shop/dolap/7758-187c8-23	ERROR	ERROR	https://equsto.com/shop/dolap/7758-187c8-23		Failed to parse URL from /shop/tezgah/7758-187c8-23
https://equsto.com/shop/dolap/7758-197c8-23	ERROR	ERROR	https://equsto.com/shop/dolap/7758-197c8-23		Failed to parse URL from /shop/tezgah/7758-197c8-23
https://equsto.com/shop/dolap/7758-207c8-23	ERROR	ERROR	https://equsto.com/shop/dolap/7758-207c8-23		Failed to parse URL from /shop/tezgah/7758-207c8-23
https://equsto.com/shop/dolap/7758-247d8-23	ERROR	ERROR	https://equsto.com/shop/dolap/7758-247d8-23		Failed to parse URL from /shop/tezgah/7758-247d8-23
https://equsto.com/shop/dolap/7754-166a8-23	ERROR	ERROR	https://equsto.com/shop/dolap/7754-166a8-23		Failed to parse URL from /shop/tezgah/7754-166a8-23
https://equsto.com/shop/dolap/7754-186e8-23	ERROR	ERROR	https://equsto.com/shop/dolap/7754-186e8-23		Failed to parse URL from /shop/tezgah/7754-186e8-23
https://equsto.com/shop/dolap/7754-196e8-23	ERROR	ERROR	https://equsto.com/shop/dolap/7754-196e8-23		Failed to parse URL from /shop/tezgah/7754-196e8-23
https://equsto.com/shop/dolap/7754-216e8-23	ERROR	ERROR	https://equsto.com/shop/dolap/7754-216e8-23		Failed to parse URL from /shop/tezgah/7754-216e8-23
https://equsto.com/shop/dolap/7754-246e8-23	ERROR	ERROR	https://equsto.com/shop/dolap/7754-246e8-23		Failed to parse URL from /shop/tezgah/7754-246e8-23
https://equsto.com/shop/dolap/7754-187c8-23	ERROR	ERROR	https://equsto.com/shop/dolap/7754-187c8-23		Failed to parse URL from /shop/tezgah/7754-187c8-23
https://equsto.com/shop/dolap/7754-197c8-23	ERROR	ERROR	https://equsto.com/shop/dolap/7754-197c8-23		Failed to parse URL from /shop/tezgah/7754-197c8-23
https://equsto.com/shop/dolap/7754-207c8-23	ERROR	ERROR	https://equsto.com/shop/dolap/7754-207c8-23		Failed to parse URL from /shop/tezgah/7754-207c8-23
https://equsto.com/shop/dolap/7754-247d8-23	ERROR	ERROR	https://equsto.com/shop/dolap/7754-247d8-23		Failed to parse URL from /shop/tezgah/7754-247d8-23
https://equsto.com/shop/dolap/7758-196a5-31	ERROR	ERROR	https://equsto.com/shop/dolap/7758-196a5-31		Failed to parse URL from /shop/tezgah/7758-196a5-31
https://equsto.com/shop/dolap/7758-216e5-31	ERROR	ERROR	https://equsto.com/shop/dolap/7758-216e5-31		Failed to parse URL from /shop/tezgah/7758-216e5-31
https://equsto.com/shop/dolap/7758-246e5-31	ERROR	ERROR	https://equsto.com/shop/dolap/7758-246e5-31		Failed to parse URL from /shop/tezgah/7758-246e5-31
https://equsto.com/shop/dolap/7758-247c5-31	ERROR	ERROR	https://equsto.com/shop/dolap/7758-247c5-31		Failed to parse URL from /shop/tezgah/7758-247c5-31
https://equsto.com/shop/dolap/7758-196a5-33	ERROR	ERROR	https://equsto.com/shop/dolap/7758-196a5-33		Failed to parse URL from /shop/tezgah/7758-196a5-33
https://equsto.com/shop/dolap/7758-216e5-33	ERROR	ERROR	https://equsto.com/shop/dolap/7758-216e5-33		Failed to parse URL from /shop/tezgah/7758-216e5-33
https://equsto.com/shop/dolap/7758-246e5-33	ERROR	ERROR	https://equsto.com/shop/dolap/7758-246e5-33		Failed to parse URL from /shop/tezgah/7758-246e5-33
https://equsto.com/shop/dolap/7758-247c5-33	ERROR	ERROR	https://equsto.com/shop/dolap/7758-247c5-33		Failed to parse URL from /shop/tezgah/7758-247c5-33
https://equsto.com/shop/dolap/7754-196a5-31	ERROR	ERROR	https://equsto.com/shop/dolap/7754-196a5-31		Failed to parse URL from /shop/tezgah/7754-196a5-31
https://equsto.com/shop/dolap/7754-216e5-31	ERROR	ERROR	https://equsto.com/shop/dolap/7754-216e5-31		Failed to parse URL from /shop/tezgah/7754-216e5-31
https://equsto.com/shop/dolap/7754-246e5-31	ERROR	ERROR	https://equsto.com/shop/dolap/7754-246e5-31		Failed to parse URL from /shop/tezgah/7754-246e5-31
https://equsto.com/shop/dolap/7754-247c5-31	ERROR	ERROR	https://equsto.com/shop/dolap/7754-247c5-31		Failed to parse URL from /shop/tezgah/7754-247c5-31
https://equsto.com/shop/dolap/7754-196a5-33	ERROR	ERROR	https://equsto.com/shop/dolap/7754-196a5-33		Failed to parse URL from /shop/tezgah/7754-196a5-33
https://equsto.com/shop/dolap/7754-216e5-33	ERROR	ERROR	https://equsto.com/shop/dolap/7754-216e5-33		Failed to parse URL from /shop/tezgah/7754-216e5-33
https://equsto.com/shop/dolap/7754-246e5-33	ERROR	ERROR	https://equsto.com/shop/dolap/7754-246e5-33		Failed to parse URL from /shop/tezgah/7754-246e5-33
https://equsto.com/shop/dolap/7754-247c5-33	ERROR	ERROR	https://equsto.com/shop/dolap/7754-247c5-33		Failed to parse URL from /shop/tezgah/7754-247c5-33
https://equsto.com/shop/dolap/7758-196a8-31	ERROR	ERROR	https://equsto.com/shop/dolap/7758-196a8-31		Failed to parse URL from /shop/tezgah/7758-196a8-31
https://equsto.com/shop/dolap/7758-216e8-31	ERROR	ERROR	https://equsto.com/shop/dolap/7758-216e8-31		Failed to parse URL from /shop/tezgah/7758-216e8-31
https://equsto.com/shop/dolap/7758-246e8-31	ERROR	ERROR	https://equsto.com/shop/dolap/7758-246e8-31		Failed to parse URL from /shop/tezgah/7758-246e8-31
https://equsto.com/shop/dolap/7758-247c8-31	ERROR	ERROR	https://equsto.com/shop/dolap/7758-247c8-31		Failed to parse URL from /shop/tezgah/7758-247c8-31
https://equsto.com/shop/dolap/7758-196a8-33	ERROR	ERROR	https://equsto.com/shop/dolap/7758-196a8-33		Failed to parse URL from /shop/tezgah/7758-196a8-33
https://equsto.com/shop/dolap/7758-216e8-33	ERROR	ERROR	https://equsto.com/shop/dolap/7758-216e8-33		Failed to parse URL from /shop/tezgah/7758-216e8-33
https://equsto.com/shop/dolap/7758-246e8-33	ERROR	ERROR	https://equsto.com/shop/dolap/7758-246e8-33		Failed to parse URL from /shop/tezgah/7758-246e8-33
https://equsto.com/shop/dolap/7758-247c8-33	ERROR	ERROR	https://equsto.com/shop/dolap/7758-247c8-33		Failed to parse URL from /shop/tezgah/7758-247c8-33
https://equsto.com/shop/dolap/7754-196a8-31	ERROR	ERROR	https://equsto.com/shop/dolap/7754-196a8-31		Failed to parse URL from /shop/tezgah/7754-196a8-31
https://equsto.com/shop/dolap/7754-216e8-31	ERROR	ERROR	https://equsto.com/shop/dolap/7754-216e8-31		Failed to parse URL from /shop/tezgah/7754-216e8-31
https://equsto.com/shop/dolap/7754-246e8-31	ERROR	ERROR	https://equsto.com/shop/dolap/7754-246e8-31		Failed to parse URL from /shop/tezgah/7754-246e8-31
https://equsto.com/shop/dolap/7754-247c8-31	ERROR	ERROR	https://equsto.com/shop/dolap/7754-247c8-31		Failed to parse URL from /shop/tezgah/7754-247c8-31
https://equsto.com/shop/dolap/7754-196a8-33	ERROR	ERROR	https://equsto.com/shop/dolap/7754-196a8-33		Failed to parse URL from /shop/tezgah/7754-196a8-33
https://equsto.com/shop/dolap/7754-216e8-33	ERROR	ERROR	https://equsto.com/shop/dolap/7754-216e8-33		Failed to parse URL from /shop/tezgah/7754-216e8-33
https://equsto.com/shop/dolap/7754-246e8-33	ERROR	ERROR	https://equsto.com/shop/dolap/7754-246e8-33		Failed to parse URL from /shop/tezgah/7754-246e8-33
https://equsto.com/shop/dolap/7754-247c8-33	ERROR	ERROR	https://equsto.com/shop/dolap/7754-247c8-33		Failed to parse URL from /shop/tezgah/7754-247c8-33
https://equsto.com/shop/dolap/7911-06060-94	ERROR	ERROR	https://equsto.com/shop/dolap/7911-06060-94		Failed to parse URL from /shop/tezgah/7911-06060-94
https://equsto.com/shop/dolap/7911-09060-94	ERROR	ERROR	https://equsto.com/shop/dolap/7911-09060-94		Failed to parse URL from /shop/tezgah/7911-09060-94
https://equsto.com/shop/dolap/7911-10060-94	ERROR	ERROR	https://equsto.com/shop/dolap/7911-10060-94		Failed to parse URL from /shop/tezgah/7911-10060-94
https://equsto.com/shop/dolap/7911-12060-94	ERROR	ERROR	https://equsto.com/shop/dolap/7911-12060-94		Failed to parse URL from /shop/tezgah/7911-12060-94
https://equsto.com/shop/dolap/7911-14060-94	ERROR	ERROR	https://equsto.com/shop/dolap/7911-14060-94		Failed to parse URL from /shop/tezgah/7911-14060-94
https://equsto.com/shop/dolap/7911-16060-94	ERROR	ERROR	https://equsto.com/shop/dolap/7911-16060-94		Failed to parse URL from /shop/tezgah/7911-16060-94
https://equsto.com/shop/dolap/7911-19060-94	ERROR	ERROR	https://equsto.com/shop/dolap/7911-19060-94		Failed to parse URL from /shop/tezgah/7911-19060-94
https://equsto.com/shop/dolap/7911-06070-94	ERROR	ERROR	https://equsto.com/shop/dolap/7911-06070-94		Failed to parse URL from /shop/tezgah/7911-06070-94
https://equsto.com/shop/dolap/7911-09070-94	ERROR	ERROR	https://equsto.com/shop/dolap/7911-09070-94		Failed to parse URL from /shop/tezgah/7911-09070-94
https://equsto.com/shop/dolap/7911-10070-94	ERROR	ERROR	https://equsto.com/shop/dolap/7911-10070-94		Failed to parse URL from /shop/tezgah/7911-10070-94
https://equsto.com/shop/dolap/7911-12070-94	ERROR	ERROR	https://equsto.com/shop/dolap/7911-12070-94		Failed to parse URL from /shop/tezgah/7911-12070-94
https://equsto.com/shop/dolap/7911-14070-94	ERROR	ERROR	https://equsto.com/shop/dolap/7911-14070-94		Failed to parse URL from /shop/tezgah/7911-14070-94
https://equsto.com/shop/dolap/7911-16070-94	ERROR	ERROR	https://equsto.com/shop/dolap/7911-16070-94		Failed to parse URL from /shop/tezgah/7911-16070-94
https://equsto.com/shop/dolap/7911-19070-94	ERROR	ERROR	https://equsto.com/shop/dolap/7911-19070-94		Failed to parse URL from /shop/tezgah/7911-19070-94
https://equsto.com/shop/dolap/7911-06060-84	ERROR	ERROR	https://equsto.com/shop/dolap/7911-06060-84		Failed to parse URL from /shop/tezgah/7911-06060-84
https://equsto.com/shop/dolap/7911-09060-84	ERROR	ERROR	https://equsto.com/shop/dolap/7911-09060-84		Failed to parse URL from /shop/tezgah/7911-09060-84
https://equsto.com/shop/dolap/7911-10060-84	ERROR	ERROR	https://equsto.com/shop/dolap/7911-10060-84		Failed to parse URL from /shop/tezgah/7911-10060-84
https://equsto.com/shop/dolap/7911-12060-84	ERROR	ERROR	https://equsto.com/shop/dolap/7911-12060-84		Failed to parse URL from /shop/tezgah/7911-12060-84
https://equsto.com/shop/dolap/7911-14060-84	ERROR	ERROR	https://equsto.com/shop/dolap/7911-14060-84		Failed to parse URL from /shop/tezgah/7911-14060-84
https://equsto.com/shop/dolap/7911-16060-84	ERROR	ERROR	https://equsto.com/shop/dolap/7911-16060-84		Failed to parse URL from /shop/tezgah/7911-16060-84
https://equsto.com/shop/dolap/7911-19060-84	ERROR	ERROR	https://equsto.com/shop/dolap/7911-19060-84		Failed to parse URL from /shop/tezgah/7911-19060-84
https://equsto.com/shop/dolap/7911-06070-84	ERROR	ERROR	https://equsto.com/shop/dolap/7911-06070-84		Failed to parse URL from /shop/tezgah/7911-06070-84
https://equsto.com/shop/dolap/7911-09070-84	ERROR	ERROR	https://equsto.com/shop/dolap/7911-09070-84		Failed to parse URL from /shop/tezgah/7911-09070-84
https://equsto.com/shop/dolap/7911-10070-84	ERROR	ERROR	https://equsto.com/shop/dolap/7911-10070-84		Failed to parse URL from /shop/tezgah/7911-10070-84
https://equsto.com/shop/dolap/7911-12070-84	ERROR	ERROR	https://equsto.com/shop/dolap/7911-12070-84		Failed to parse URL from /shop/tezgah/7911-12070-84
https://equsto.com/shop/dolap/7911-14070-84	ERROR	ERROR	https://equsto.com/shop/dolap/7911-14070-84		Failed to parse URL from /shop/tezgah/7911-14070-84
https://equsto.com/shop/dolap/7911-16070-84	ERROR	ERROR	https://equsto.com/shop/dolap/7911-16070-84		Failed to parse URL from /shop/tezgah/7911-16070-84
https://equsto.com/shop/dolap/7911-19070-84	ERROR	ERROR	https://equsto.com/shop/dolap/7911-19070-84		Failed to parse URL from /shop/tezgah/7911-19070-84
https://equsto.com/shop/dolap/7911-06060-95	ERROR	ERROR	https://equsto.com/shop/dolap/7911-06060-95		Failed to parse URL from /shop/tezgah/7911-06060-95
https://equsto.com/shop/dolap/7911-09060-95	ERROR	ERROR	https://equsto.com/shop/dolap/7911-09060-95		Failed to parse URL from /shop/tezgah/7911-09060-95
https://equsto.com/shop/dolap/7911-10060-95	ERROR	ERROR	https://equsto.com/shop/dolap/7911-10060-95		Failed to parse URL from /shop/tezgah/7911-10060-95
https://equsto.com/shop/dolap/7911-12060-95	ERROR	ERROR	https://equsto.com/shop/dolap/7911-12060-95		Failed to parse URL from /shop/tezgah/7911-12060-95
https://equsto.com/shop/dolap/7911-14060-95	ERROR	ERROR	https://equsto.com/shop/dolap/7911-14060-95		Failed to parse URL from /shop/tezgah/7911-14060-95
https://equsto.com/shop/dolap/7911-16060-95	ERROR	ERROR	https://equsto.com/shop/dolap/7911-16060-95		Failed to parse URL from /shop/tezgah/7911-16060-95
https://equsto.com/shop/dolap/7911-19060-95	ERROR	ERROR	https://equsto.com/shop/dolap/7911-19060-95		Failed to parse URL from /shop/tezgah/7911-19060-95
https://equsto.com/shop/dolap/7911-06070-95	ERROR	ERROR	https://equsto.com/shop/dolap/7911-06070-95		Failed to parse URL from /shop/tezgah/7911-06070-95
https://equsto.com/shop/dolap/7911-09070-95	ERROR	ERROR	https://equsto.com/shop/dolap/7911-09070-95		Failed to parse URL from /shop/tezgah/7911-09070-95
https://equsto.com/shop/dolap/7911-10070-95	ERROR	ERROR	https://equsto.com/shop/dolap/7911-10070-95		Failed to parse URL from /shop/tezgah/7911-10070-95
https://equsto.com/shop/dolap/7911-12070-95	ERROR	ERROR	https://equsto.com/shop/dolap/7911-12070-95		Failed to parse URL from /shop/tezgah/7911-12070-95
https://equsto.com/shop/dolap/7911-14070-95	ERROR	ERROR	https://equsto.com/shop/dolap/7911-14070-95		Failed to parse URL from /shop/tezgah/7911-14070-95
https://equsto.com/shop/dolap/7911-16070-95	ERROR	ERROR	https://equsto.com/shop/dolap/7911-16070-95		Failed to parse URL from /shop/tezgah/7911-16070-95
https://equsto.com/shop/dolap/7911-19070-95	ERROR	ERROR	https://equsto.com/shop/dolap/7911-19070-95		Failed to parse URL from /shop/tezgah/7911-19070-95
https://equsto.com/shop/dolap/7911-06060-85	ERROR	ERROR	https://equsto.com/shop/dolap/7911-06060-85		Failed to parse URL from /shop/tezgah/7911-06060-85
https://equsto.com/shop/dolap/7911-09060-85	ERROR	ERROR	https://equsto.com/shop/dolap/7911-09060-85		Failed to parse URL from /shop/tezgah/7911-09060-85
https://equsto.com/shop/dolap/7911-10060-85	ERROR	ERROR	https://equsto.com/shop/dolap/7911-10060-85		Failed to parse URL from /shop/tezgah/7911-10060-85
https://equsto.com/shop/dolap/7911-12060-85	ERROR	ERROR	https://equsto.com/shop/dolap/7911-12060-85		Failed to parse URL from /shop/tezgah/7911-12060-85
https://equsto.com/shop/dolap/7911-14060-85	ERROR	ERROR	https://equsto.com/shop/dolap/7911-14060-85		Failed to parse URL from /shop/tezgah/7911-14060-85
https://equsto.com/shop/dolap/7911-16060-85	ERROR	ERROR	https://equsto.com/shop/dolap/7911-16060-85		Failed to parse URL from /shop/tezgah/7911-16060-85
https://equsto.com/shop/dolap/7911-19060-85	ERROR	ERROR	https://equsto.com/shop/dolap/7911-19060-85		Failed to parse URL from /shop/tezgah/7911-19060-85
https://equsto.com/shop/dolap/7911-06070-85	ERROR	ERROR	https://equsto.com/shop/dolap/7911-06070-85		Failed to parse URL from /shop/tezgah/7911-06070-85
https://equsto.com/shop/dolap/7911-09070-85	ERROR	ERROR	https://equsto.com/shop/dolap/7911-09070-85		Failed to parse URL from /shop/tezgah/7911-09070-85
https://equsto.com/shop/dolap/7911-10070-85	ERROR	ERROR	https://equsto.com/shop/dolap/7911-10070-85		Failed to parse URL from /shop/tezgah/7911-10070-85
https://equsto.com/shop/dolap/7911-12070-85	ERROR	ERROR	https://equsto.com/shop/dolap/7911-12070-85		Failed to parse URL from /shop/tezgah/7911-12070-85
https://equsto.com/shop/dolap/7911-14070-85	ERROR	ERROR	https://equsto.com/shop/dolap/7911-14070-85		Failed to parse URL from /shop/tezgah/7911-14070-85
https://equsto.com/shop/dolap/7911-16070-85	ERROR	ERROR	https://equsto.com/shop/dolap/7911-16070-85		Failed to parse URL from /shop/tezgah/7911-16070-85
https://equsto.com/shop/dolap/7911-19070-85	ERROR	ERROR	https://equsto.com/shop/dolap/7911-19070-85		Failed to parse URL from /shop/tezgah/7911-19070-85
https://equsto.com/shop/dolap/7911-06060-96	ERROR	ERROR	https://equsto.com/shop/dolap/7911-06060-96		Failed to parse URL from /shop/tezgah/7911-06060-96
https://equsto.com/shop/dolap/7911-09060-96	ERROR	ERROR	https://equsto.com/shop/dolap/7911-09060-96		Failed to parse URL from /shop/tezgah/7911-09060-96
https://equsto.com/shop/dolap/7911-10060-96	ERROR	ERROR	https://equsto.com/shop/dolap/7911-10060-96		Failed to parse URL from /shop/tezgah/7911-10060-96
https://equsto.com/shop/dolap/7911-12060-96	ERROR	ERROR	https://equsto.com/shop/dolap/7911-12060-96		Failed to parse URL from /shop/tezgah/7911-12060-96
https://equsto.com/shop/dolap/7911-14060-96	ERROR	ERROR	https://equsto.com/shop/dolap/7911-14060-96		Failed to parse URL from /shop/tezgah/7911-14060-96
https://equsto.com/shop/dolap/7911-16060-96	ERROR	ERROR	https://equsto.com/shop/dolap/7911-16060-96		Failed to parse URL from /shop/tezgah/7911-16060-96
https://equsto.com/shop/dolap/7911-19060-96	ERROR	ERROR	https://equsto.com/shop/dolap/7911-19060-96		Failed to parse URL from /shop/tezgah/7911-19060-96
https://equsto.com/shop/dolap/7911-06070-96	ERROR	ERROR	https://equsto.com/shop/dolap/7911-06070-96		Failed to parse URL from /shop/tezgah/7911-06070-96
https://equsto.com/shop/dolap/7911-09070-96	ERROR	ERROR	https://equsto.com/shop/dolap/7911-09070-96		Failed to parse URL from /shop/tezgah/7911-09070-96
https://equsto.com/shop/dolap/7911-10070-96	ERROR	ERROR	https://equsto.com/shop/dolap/7911-10070-96		Failed to parse URL from /shop/tezgah/7911-10070-96
https://equsto.com/shop/dolap/7911-12070-96	ERROR	ERROR	https://equsto.com/shop/dolap/7911-12070-96		Failed to parse URL from /shop/tezgah/7911-12070-96
https://equsto.com/shop/dolap/7911-14070-96	ERROR	ERROR	https://equsto.com/shop/dolap/7911-14070-96		Failed to parse URL from /shop/tezgah/7911-14070-96
https://equsto.com/shop/dolap/7911-16070-96	ERROR	ERROR	https://equsto.com/shop/dolap/7911-16070-96		Failed to parse URL from /shop/tezgah/7911-16070-96
https://equsto.com/shop/dolap/7911-19070-96	ERROR	ERROR	https://equsto.com/shop/dolap/7911-19070-96		Failed to parse URL from /shop/tezgah/7911-19070-96
https://equsto.com/shop/dolap/7911-06060-79	ERROR	ERROR	https://equsto.com/shop/dolap/7911-06060-79		Failed to parse URL from /shop/tezgah/7911-06060-79
https://equsto.com/shop/dolap/7911-09060-79	ERROR	ERROR	https://equsto.com/shop/dolap/7911-09060-79		Failed to parse URL from /shop/tezgah/7911-09060-79
https://equsto.com/shop/dolap/7911-10060-79	ERROR	ERROR	https://equsto.com/shop/dolap/7911-10060-79		Failed to parse URL from /shop/tezgah/7911-10060-79
https://equsto.com/shop/dolap/7911-12060-79	ERROR	ERROR	https://equsto.com/shop/dolap/7911-12060-79		Failed to parse URL from /shop/tezgah/7911-12060-79
https://equsto.com/shop/dolap/7911-14060-79	ERROR	ERROR	https://equsto.com/shop/dolap/7911-14060-79		Failed to parse URL from /shop/tezgah/7911-14060-79
https://equsto.com/shop/dolap/7911-16060-79	ERROR	ERROR	https://equsto.com/shop/dolap/7911-16060-79		Failed to parse URL from /shop/tezgah/7911-16060-79
https://equsto.com/shop/dolap/7911-19060-79	ERROR	ERROR	https://equsto.com/shop/dolap/7911-19060-79		Failed to parse URL from /shop/tezgah/7911-19060-79
https://equsto.com/shop/dolap/7911-06070-79	ERROR	ERROR	https://equsto.com/shop/dolap/7911-06070-79		Failed to parse URL from /shop/tezgah/7911-06070-79
https://equsto.com/shop/dolap/7911-09070-79	ERROR	ERROR	https://equsto.com/shop/dolap/7911-09070-79		Failed to parse URL from /shop/tezgah/7911-09070-79
https://equsto.com/shop/dolap/7911-10070-79	ERROR	ERROR	https://equsto.com/shop/dolap/7911-10070-79		Failed to parse URL from /shop/tezgah/7911-10070-79
https://equsto.com/shop/dolap/7911-12070-79	ERROR	ERROR	https://equsto.com/shop/dolap/7911-12070-79		Failed to parse URL from /shop/tezgah/7911-12070-79
https://equsto.com/shop/dolap/7911-14070-79	ERROR	ERROR	https://equsto.com/shop/dolap/7911-14070-79		Failed to parse URL from /shop/tezgah/7911-14070-79
https://equsto.com/shop/dolap/7911-16070-79	ERROR	ERROR	https://equsto.com/shop/dolap/7911-16070-79		Failed to parse URL from /shop/tezgah/7911-16070-79
https://equsto.com/shop/dolap/7911-19070-79	ERROR	ERROR	https://equsto.com/shop/dolap/7911-19070-79		Failed to parse URL from /shop/tezgah/7911-19070-79
https://equsto.com/shop/dolap/7911-06060-83	ERROR	ERROR	https://equsto.com/shop/dolap/7911-06060-83		Failed to parse URL from /shop/tezgah/7911-06060-83
https://equsto.com/shop/dolap/7911-09060-83	ERROR	ERROR	https://equsto.com/shop/dolap/7911-09060-83		Failed to parse URL from /shop/tezgah/7911-09060-83
https://equsto.com/shop/dolap/7911-10060-83	ERROR	ERROR	https://equsto.com/shop/dolap/7911-10060-83		Failed to parse URL from /shop/tezgah/7911-10060-83
https://equsto.com/shop/dolap/7911-12060-83	ERROR	ERROR	https://equsto.com/shop/dolap/7911-12060-83		Failed to parse URL from /shop/tezgah/7911-12060-83
https://equsto.com/shop/dolap/7911-14060-83	ERROR	ERROR	https://equsto.com/shop/dolap/7911-14060-83		Failed to parse URL from /shop/tezgah/7911-14060-83
https://equsto.com/shop/dolap/7911-16060-83	ERROR	ERROR	https://equsto.com/shop/dolap/7911-16060-83		Failed to parse URL from /shop/tezgah/7911-16060-83
https://equsto.com/shop/dolap/7911-19060-83	ERROR	ERROR	https://equsto.com/shop/dolap/7911-19060-83		Failed to parse URL from /shop/tezgah/7911-19060-83
https://equsto.com/shop/dolap/7911-06070-83	ERROR	ERROR	https://equsto.com/shop/dolap/7911-06070-83		Failed to parse URL from /shop/tezgah/7911-06070-83
https://equsto.com/shop/dolap/7911-09070-83	ERROR	ERROR	https://equsto.com/shop/dolap/7911-09070-83		Failed to parse URL from /shop/tezgah/7911-09070-83
https://equsto.com/shop/dolap/7911-10070-83	ERROR	ERROR	https://equsto.com/shop/dolap/7911-10070-83		Failed to parse URL from /shop/tezgah/7911-10070-83
https://equsto.com/shop/dolap/7911-12070-83	ERROR	ERROR	https://equsto.com/shop/dolap/7911-12070-83		Failed to parse URL from /shop/tezgah/7911-12070-83
https://equsto.com/shop/dolap/7911-14070-83	ERROR	ERROR	https://equsto.com/shop/dolap/7911-14070-83		Failed to parse URL from /shop/tezgah/7911-14070-83
https://equsto.com/shop/dolap/7911-16070-83	ERROR	ERROR	https://equsto.com/shop/dolap/7911-16070-83		Failed to parse URL from /shop/tezgah/7911-16070-83
https://equsto.com/shop/dolap/7911-19070-83	ERROR	ERROR	https://equsto.com/shop/dolap/7911-19070-83		Failed to parse URL from /shop/tezgah/7911-19070-83
https://equsto.com/shop/dolap/7911-06060-00	ERROR	ERROR	https://equsto.com/shop/dolap/7911-06060-00		Failed to parse URL from /shop/tezgah/7911-06060-00
https://equsto.com/shop/dolap/7911-09060-00	ERROR	ERROR	https://equsto.com/shop/dolap/7911-09060-00		Failed to parse URL from /shop/tezgah/7911-09060-00
https://equsto.com/shop/dolap/7911-10060-00	ERROR	ERROR	https://equsto.com/shop/dolap/7911-10060-00		Failed to parse URL from /shop/tezgah/7911-10060-00
https://equsto.com/shop/dolap/7911-12060-00	ERROR	ERROR	https://equsto.com/shop/dolap/7911-12060-00		Failed to parse URL from /shop/tezgah/7911-12060-00
https://equsto.com/shop/dolap/7911-14060-00	ERROR	ERROR	https://equsto.com/shop/dolap/7911-14060-00		Failed to parse URL from /shop/tezgah/7911-14060-00
https://equsto.com/shop/dolap/7911-16060-00	ERROR	ERROR	https://equsto.com/shop/dolap/7911-16060-00		Failed to parse URL from /shop/tezgah/7911-16060-00
https://equsto.com/shop/dolap/7911-19060-00	ERROR	ERROR	https://equsto.com/shop/dolap/7911-19060-00		Failed to parse URL from /shop/tezgah/7911-19060-00
https://equsto.com/shop/dolap/7911-06070-00	ERROR	ERROR	https://equsto.com/shop/dolap/7911-06070-00		Failed to parse URL from /shop/tezgah/7911-06070-00
https://equsto.com/shop/dolap/7911-09070-00	ERROR	ERROR	https://equsto.com/shop/dolap/7911-09070-00		Failed to parse URL from /shop/tezgah/7911-09070-00
https://equsto.com/shop/dolap/7911-10070-00	ERROR	ERROR	https://equsto.com/shop/dolap/7911-10070-00		Failed to parse URL from /shop/tezgah/7911-10070-00
https://equsto.com/shop/dolap/7911-12070-00	ERROR	ERROR	https://equsto.com/shop/dolap/7911-12070-00		Failed to parse URL from /shop/tezgah/7911-12070-00
https://equsto.com/shop/dolap/7911-14070-00	ERROR	ERROR	https://equsto.com/shop/dolap/7911-14070-00		Failed to parse URL from /shop/tezgah/7911-14070-00
https://equsto.com/shop/dolap/7911-16070-00	ERROR	ERROR	https://equsto.com/shop/dolap/7911-16070-00		Failed to parse URL from /shop/tezgah/7911-16070-00
https://equsto.com/shop/dolap/7911-19070-00	ERROR	ERROR	https://equsto.com/shop/dolap/7911-19070-00		Failed to parse URL from /shop/tezgah/7911-19070-00
https://equsto.com/shop/dolap/7911-06060-81	ERROR	ERROR	https://equsto.com/shop/dolap/7911-06060-81		Failed to parse URL from /shop/tezgah/7911-06060-81
https://equsto.com/shop/dolap/7911-09060-81	ERROR	ERROR	https://equsto.com/shop/dolap/7911-09060-81		Failed to parse URL from /shop/tezgah/7911-09060-81
https://equsto.com/shop/dolap/7911-10060-81	ERROR	ERROR	https://equsto.com/shop/dolap/7911-10060-81		Failed to parse URL from /shop/tezgah/7911-10060-81
https://equsto.com/shop/dolap/7911-12060-81	ERROR	ERROR	https://equsto.com/shop/dolap/7911-12060-81		Failed to parse URL from /shop/tezgah/7911-12060-81
https://equsto.com/shop/dolap/7911-14060-81	ERROR	ERROR	https://equsto.com/shop/dolap/7911-14060-81		Failed to parse URL from /shop/tezgah/7911-14060-81
https://equsto.com/shop/dolap/7911-16060-81	ERROR	ERROR	https://equsto.com/shop/dolap/7911-16060-81		Failed to parse URL from /shop/tezgah/7911-16060-81
https://equsto.com/shop/dolap/7911-19060-81	ERROR	ERROR	https://equsto.com/shop/dolap/7911-19060-81		Failed to parse URL from /shop/tezgah/7911-19060-81
https://equsto.com/shop/dolap/7911-06070-81	ERROR	ERROR	https://equsto.com/shop/dolap/7911-06070-81		Failed to parse URL from /shop/tezgah/7911-06070-81
https://equsto.com/shop/dolap/7911-09070-81	ERROR	ERROR	https://equsto.com/shop/dolap/7911-09070-81		Failed to parse URL from /shop/tezgah/7911-09070-81
https://equsto.com/shop/dolap/7911-10070-81	ERROR	ERROR	https://equsto.com/shop/dolap/7911-10070-81		Failed to parse URL from /shop/tezgah/7911-10070-81
https://equsto.com/shop/dolap/7911-12070-81	ERROR	ERROR	https://equsto.com/shop/dolap/7911-12070-81		Failed to parse URL from /shop/tezgah/7911-12070-81
https://equsto.com/shop/dolap/7911-14070-81	ERROR	ERROR	https://equsto.com/shop/dolap/7911-14070-81		Failed to parse URL from /shop/tezgah/7911-14070-81
https://equsto.com/shop/dolap/7911-16070-81	ERROR	ERROR	https://equsto.com/shop/dolap/7911-16070-81		Failed to parse URL from /shop/tezgah/7911-16070-81
https://equsto.com/shop/dolap/7911-19070-81	ERROR	ERROR	https://equsto.com/shop/dolap/7911-19070-81		Failed to parse URL from /shop/tezgah/7911-19070-81
https://equsto.com/shop/dolap/7911-06060-08	ERROR	ERROR	https://equsto.com/shop/dolap/7911-06060-08		Failed to parse URL from /shop/tezgah/7911-06060-08
https://equsto.com/shop/dolap/7911-09060-08	ERROR	ERROR	https://equsto.com/shop/dolap/7911-09060-08		Failed to parse URL from /shop/tezgah/7911-09060-08
https://equsto.com/shop/dolap/7911-10060-08	ERROR	ERROR	https://equsto.com/shop/dolap/7911-10060-08		Failed to parse URL from /shop/tezgah/7911-10060-08
https://equsto.com/shop/dolap/7911-12060-08	ERROR	ERROR	https://equsto.com/shop/dolap/7911-12060-08		Failed to parse URL from /shop/tezgah/7911-12060-08
https://equsto.com/shop/dolap/7911-14060-08	ERROR	ERROR	https://equsto.com/shop/dolap/7911-14060-08		Failed to parse URL from /shop/tezgah/7911-14060-08
https://equsto.com/shop/dolap/7911-16060-08	ERROR	ERROR	https://equsto.com/shop/dolap/7911-16060-08		Failed to parse URL from /shop/tezgah/7911-16060-08
https://equsto.com/shop/dolap/7911-19060-08	ERROR	ERROR	https://equsto.com/shop/dolap/7911-19060-08		Failed to parse URL from /shop/tezgah/7911-19060-08
https://equsto.com/shop/dolap/7911-06070-08	ERROR	ERROR	https://equsto.com/shop/dolap/7911-06070-08		Failed to parse URL from /shop/tezgah/7911-06070-08
https://equsto.com/shop/dolap/7911-09070-08	ERROR	ERROR	https://equsto.com/shop/dolap/7911-09070-08		Failed to parse URL from /shop/tezgah/7911-09070-08
https://equsto.com/shop/dolap/7911-10070-08	ERROR	ERROR	https://equsto.com/shop/dolap/7911-10070-08		Failed to parse URL from /shop/tezgah/7911-10070-08
https://equsto.com/shop/dolap/7911-12070-08	ERROR	ERROR	https://equsto.com/shop/dolap/7911-12070-08		Failed to parse URL from /shop/tezgah/7911-12070-08
https://equsto.com/shop/dolap/7911-14070-08	ERROR	ERROR	https://equsto.com/shop/dolap/7911-14070-08		Failed to parse URL from /shop/tezgah/7911-14070-08
https://equsto.com/shop/dolap/7911-16070-08	ERROR	ERROR	https://equsto.com/shop/dolap/7911-16070-08		Failed to parse URL from /shop/tezgah/7911-16070-08
https://equsto.com/shop/dolap/7911-19070-08	ERROR	ERROR	https://equsto.com/shop/dolap/7911-19070-08		Failed to parse URL from /shop/tezgah/7911-19070-08
https://equsto.com/shop/dolap/7911-06060-82	ERROR	ERROR	https://equsto.com/shop/dolap/7911-06060-82		Failed to parse URL from /shop/tezgah/7911-06060-82
https://equsto.com/shop/dolap/7911-09060-82	ERROR	ERROR	https://equsto.com/shop/dolap/7911-09060-82		Failed to parse URL from /shop/tezgah/7911-09060-82
https://equsto.com/shop/dolap/7911-10060-82	ERROR	ERROR	https://equsto.com/shop/dolap/7911-10060-82		Failed to parse URL from /shop/tezgah/7911-10060-82
https://equsto.com/shop/dolap/7911-12060-82	ERROR	ERROR	https://equsto.com/shop/dolap/7911-12060-82		Failed to parse URL from /shop/tezgah/7911-12060-82
https://equsto.com/shop/dolap/7911-14060-82	ERROR	ERROR	https://equsto.com/shop/dolap/7911-14060-82		Failed to parse URL from /shop/tezgah/7911-14060-82
https://equsto.com/shop/dolap/7911-16060-82	ERROR	ERROR	https://equsto.com/shop/dolap/7911-16060-82		Failed to parse URL from /shop/tezgah/7911-16060-82
https://equsto.com/shop/dolap/7911-19060-82	ERROR	ERROR	https://equsto.com/shop/dolap/7911-19060-82		Failed to parse URL from /shop/tezgah/7911-19060-82
https://equsto.com/shop/dolap/7911-06070-82	ERROR	ERROR	https://equsto.com/shop/dolap/7911-06070-82		Failed to parse URL from /shop/tezgah/7911-06070-82
https://equsto.com/shop/dolap/7911-09070-82	ERROR	ERROR	https://equsto.com/shop/dolap/7911-09070-82		Failed to parse URL from /shop/tezgah/7911-09070-82
https://equsto.com/shop/dolap/7911-10070-82	ERROR	ERROR	https://equsto.com/shop/dolap/7911-10070-82		Failed to parse URL from /shop/tezgah/7911-10070-82
https://equsto.com/shop/dolap/7911-12070-82	ERROR	ERROR	https://equsto.com/shop/dolap/7911-12070-82		Failed to parse URL from /shop/tezgah/7911-12070-82
https://equsto.com/shop/dolap/7911-14070-82	ERROR	ERROR	https://equsto.com/shop/dolap/7911-14070-82		Failed to parse URL from /shop/tezgah/7911-14070-82
https://equsto.com/shop/dolap/7911-16070-82	ERROR	ERROR	https://equsto.com/shop/dolap/7911-16070-82		Failed to parse URL from /shop/tezgah/7911-16070-82
https://equsto.com/shop/dolap/7911-19070-82	ERROR	ERROR	https://equsto.com/shop/dolap/7911-19070-82		Failed to parse URL from /shop/tezgah/7911-19070-82
https://equsto.com/shop/dolap/7911-06060-04	ERROR	ERROR	https://equsto.com/shop/dolap/7911-06060-04		Failed to parse URL from /shop/tezgah/7911-06060-04
https://equsto.com/shop/dolap/7911-09060-04	ERROR	ERROR	https://equsto.com/shop/dolap/7911-09060-04		Failed to parse URL from /shop/tezgah/7911-09060-04
https://equsto.com/shop/dolap/7911-10060-04	ERROR	ERROR	https://equsto.com/shop/dolap/7911-10060-04		Failed to parse URL from /shop/tezgah/7911-10060-04
https://equsto.com/shop/dolap/7911-12060-04	ERROR	ERROR	https://equsto.com/shop/dolap/7911-12060-04		Failed to parse URL from /shop/tezgah/7911-12060-04
https://equsto.com/shop/dolap/7911-14060-04	ERROR	ERROR	https://equsto.com/shop/dolap/7911-14060-04		Failed to parse URL from /shop/tezgah/7911-14060-04
https://equsto.com/shop/dolap/7911-16060-04	ERROR	ERROR	https://equsto.com/shop/dolap/7911-16060-04		Failed to parse URL from /shop/tezgah/7911-16060-04
https://equsto.com/shop/dolap/7911-19060-04	ERROR	ERROR	https://equsto.com/shop/dolap/7911-19060-04		Failed to parse URL from /shop/tezgah/7911-19060-04
https://equsto.com/shop/dolap/7911-06070-04	ERROR	ERROR	https://equsto.com/shop/dolap/7911-06070-04		Failed to parse URL from /shop/tezgah/7911-06070-04
https://equsto.com/shop/dolap/7911-09070-04	ERROR	ERROR	https://equsto.com/shop/dolap/7911-09070-04		Failed to parse URL from /shop/tezgah/7911-09070-04
https://equsto.com/shop/dolap/7911-10070-04	ERROR	ERROR	https://equsto.com/shop/dolap/7911-10070-04		Failed to parse URL from /shop/tezgah/7911-10070-04
https://equsto.com/shop/dolap/7911-12070-04	ERROR	ERROR	https://equsto.com/shop/dolap/7911-12070-04		Failed to parse URL from /shop/tezgah/7911-12070-04
https://equsto.com/shop/dolap/7911-14070-04	ERROR	ERROR	https://equsto.com/shop/dolap/7911-14070-04		Failed to parse URL from /shop/tezgah/7911-14070-04
https://equsto.com/shop/dolap/7911-16070-04	ERROR	ERROR	https://equsto.com/shop/dolap/7911-16070-04		Failed to parse URL from /shop/tezgah/7911-16070-04
https://equsto.com/shop/dolap/7911-19070-04	ERROR	ERROR	https://equsto.com/shop/dolap/7911-19070-04		Failed to parse URL from /shop/tezgah/7911-19070-04
https://equsto.com/shop/dolap/7911-12060-28	ERROR	ERROR	https://equsto.com/shop/dolap/7911-12060-28		Failed to parse URL from /shop/tezgah/7911-12060-28
https://equsto.com/shop/dolap/7911-14060-28	ERROR	ERROR	https://equsto.com/shop/dolap/7911-14060-28		Failed to parse URL from /shop/tezgah/7911-14060-28
https://equsto.com/shop/dolap/7911-16060-28	ERROR	ERROR	https://equsto.com/shop/dolap/7911-16060-28		Failed to parse URL from /shop/tezgah/7911-16060-28
https://equsto.com/shop/dolap/7911-19060-28	ERROR	ERROR	https://equsto.com/shop/dolap/7911-19060-28		Failed to parse URL from /shop/tezgah/7911-19060-28
https://equsto.com/shop/dolap/7911-12070-28	ERROR	ERROR	https://equsto.com/shop/dolap/7911-12070-28		Failed to parse URL from /shop/tezgah/7911-12070-28
https://equsto.com/shop/dolap/7911-14070-28	ERROR	ERROR	https://equsto.com/shop/dolap/7911-14070-28		Failed to parse URL from /shop/tezgah/7911-14070-28
https://equsto.com/shop/dolap/7911-16070-28	ERROR	ERROR	https://equsto.com/shop/dolap/7911-16070-28		Failed to parse URL from /shop/tezgah/7911-16070-28
https://equsto.com/shop/dolap/7911-19070-28	ERROR	ERROR	https://equsto.com/shop/dolap/7911-19070-28		Failed to parse URL from /shop/tezgah/7911-19070-28
https://equsto.com/shop/dolap/7911-12060-20	ERROR	ERROR	https://equsto.com/shop/dolap/7911-12060-20		Failed to parse URL from /shop/tezgah/7911-12060-20
https://equsto.com/shop/dolap/7911-14060-20	ERROR	ERROR	https://equsto.com/shop/dolap/7911-14060-20		Failed to parse URL from /shop/tezgah/7911-14060-20
https://equsto.com/shop/dolap/7911-16060-20	ERROR	ERROR	https://equsto.com/shop/dolap/7911-16060-20		Failed to parse URL from /shop/tezgah/7911-16060-20
https://equsto.com/shop/dolap/7911-19060-20	ERROR	ERROR	https://equsto.com/shop/dolap/7911-19060-20		Failed to parse URL from /shop/tezgah/7911-19060-20
https://equsto.com/shop/dolap/7911-12070-20	ERROR	ERROR	https://equsto.com/shop/dolap/7911-12070-20		Failed to parse URL from /shop/tezgah/7911-12070-20
https://equsto.com/shop/dolap/7911-14070-20	ERROR	ERROR	https://equsto.com/shop/dolap/7911-14070-20		Failed to parse URL from /shop/tezgah/7911-14070-20
https://equsto.com/shop/dolap/7911-16070-20	ERROR	ERROR	https://equsto.com/shop/dolap/7911-16070-20		Failed to parse URL from /shop/tezgah/7911-16070-20
https://equsto.com/shop/dolap/7911-19070-20	ERROR	ERROR	https://equsto.com/shop/dolap/7911-19070-20		Failed to parse URL from /shop/tezgah/7911-19070-20
https://equsto.com/shop/dolap/7911-12060-24	ERROR	ERROR	https://equsto.com/shop/dolap/7911-12060-24		Failed to parse URL from /shop/tezgah/7911-12060-24
https://equsto.com/shop/dolap/7911-14060-24	ERROR	ERROR	https://equsto.com/shop/dolap/7911-14060-24		Failed to parse URL from /shop/tezgah/7911-14060-24
https://equsto.com/shop/dolap/7911-16060-24	ERROR	ERROR	https://equsto.com/shop/dolap/7911-16060-24		Failed to parse URL from /shop/tezgah/7911-16060-24
https://equsto.com/shop/dolap/7911-19060-24	ERROR	ERROR	https://equsto.com/shop/dolap/7911-19060-24		Failed to parse URL from /shop/tezgah/7911-19060-24
https://equsto.com/shop/dolap/7911-12070-24	ERROR	ERROR	https://equsto.com/shop/dolap/7911-12070-24		Failed to parse URL from /shop/tezgah/7911-12070-24
https://equsto.com/shop/dolap/7911-14070-24	ERROR	ERROR	https://equsto.com/shop/dolap/7911-14070-24		Failed to parse URL from /shop/tezgah/7911-14070-24
https://equsto.com/shop/dolap/7911-16070-24	ERROR	ERROR	https://equsto.com/shop/dolap/7911-16070-24		Failed to parse URL from /shop/tezgah/7911-16070-24
https://equsto.com/shop/dolap/7911-19070-24	ERROR	ERROR	https://equsto.com/shop/dolap/7911-19070-24		Failed to parse URL from /shop/tezgah/7911-19070-24
https://equsto.com/shop/dolap/7911-12060-44	ERROR	ERROR	https://equsto.com/shop/dolap/7911-12060-44		Failed to parse URL from /shop/tezgah/7911-12060-44
https://equsto.com/shop/dolap/7911-14060-44	ERROR	ERROR	https://equsto.com/shop/dolap/7911-14060-44		Failed to parse URL from /shop/tezgah/7911-14060-44
https://equsto.com/shop/dolap/7911-16060-44	ERROR	ERROR	https://equsto.com/shop/dolap/7911-16060-44		Failed to parse URL from /shop/tezgah/7911-16060-44
https://equsto.com/shop/dolap/7911-19060-44	ERROR	ERROR	https://equsto.com/shop/dolap/7911-19060-44		Failed to parse URL from /shop/tezgah/7911-19060-44
https://equsto.com/shop/dolap/7911-12070-44	ERROR	ERROR	https://equsto.com/shop/dolap/7911-12070-44		Failed to parse URL from /shop/tezgah/7911-12070-44
https://equsto.com/shop/dolap/7911-14070-44	ERROR	ERROR	https://equsto.com/shop/dolap/7911-14070-44		Failed to parse URL from /shop/tezgah/7911-14070-44
https://equsto.com/shop/dolap/7911-16070-44	ERROR	ERROR	https://equsto.com/shop/dolap/7911-16070-44		Failed to parse URL from /shop/tezgah/7911-16070-44
https://equsto.com/shop/dolap/7911-19070-44	ERROR	ERROR	https://equsto.com/shop/dolap/7911-19070-44		Failed to parse URL from /shop/tezgah/7911-19070-44
https://equsto.com/shop/dolap/7911-12060-48	ERROR	ERROR	https://equsto.com/shop/dolap/7911-12060-48		Failed to parse URL from /shop/tezgah/7911-12060-48
https://equsto.com/shop/dolap/7911-14060-48	ERROR	ERROR	https://equsto.com/shop/dolap/7911-14060-48		Failed to parse URL from /shop/tezgah/7911-14060-48
https://equsto.com/shop/dolap/7911-16060-48	ERROR	ERROR	https://equsto.com/shop/dolap/7911-16060-48		Failed to parse URL from /shop/tezgah/7911-16060-48
https://equsto.com/shop/dolap/7911-19060-48	ERROR	ERROR	https://equsto.com/shop/dolap/7911-19060-48		Failed to parse URL from /shop/tezgah/7911-19060-48
https://equsto.com/shop/dolap/7911-12070-48	ERROR	ERROR	https://equsto.com/shop/dolap/7911-12070-48		Failed to parse URL from /shop/tezgah/7911-12070-48
https://equsto.com/shop/dolap/7911-14070-48	ERROR	ERROR	https://equsto.com/shop/dolap/7911-14070-48		Failed to parse URL from /shop/tezgah/7911-14070-48
https://equsto.com/shop/dolap/7911-16070-48	ERROR	ERROR	https://equsto.com/shop/dolap/7911-16070-48		Failed to parse URL from /shop/tezgah/7911-16070-48
https://equsto.com/shop/dolap/7911-19070-48	ERROR	ERROR	https://equsto.com/shop/dolap/7911-19070-48		Failed to parse URL from /shop/tezgah/7911-19070-48
https://equsto.com/shop/dolap/7911-12060-13	ERROR	ERROR	https://equsto.com/shop/dolap/7911-12060-13		Failed to parse URL from /shop/tezgah/7911-12060-13
https://equsto.com/shop/dolap/7911-14060-13	ERROR	ERROR	https://equsto.com/shop/dolap/7911-14060-13		Failed to parse URL from /shop/tezgah/7911-14060-13
https://equsto.com/shop/dolap/7911-16060-13	ERROR	ERROR	https://equsto.com/shop/dolap/7911-16060-13		Failed to parse URL from /shop/tezgah/7911-16060-13
https://equsto.com/shop/dolap/7911-19060-13	ERROR	ERROR	https://equsto.com/shop/dolap/7911-19060-13		Failed to parse URL from /shop/tezgah/7911-19060-13
https://equsto.com/shop/dolap/7911-12070-13	ERROR	ERROR	https://equsto.com/shop/dolap/7911-12070-13		Failed to parse URL from /shop/tezgah/7911-12070-13
https://equsto.com/shop/dolap/7911-14070-13	ERROR	ERROR	https://equsto.com/shop/dolap/7911-14070-13		Failed to parse URL from /shop/tezgah/7911-14070-13
https://equsto.com/shop/dolap/7911-16070-13	ERROR	ERROR	https://equsto.com/shop/dolap/7911-16070-13		Failed to parse URL from /shop/tezgah/7911-16070-13
https://equsto.com/shop/dolap/7911-19070-13	ERROR	ERROR	https://equsto.com/shop/dolap/7911-19070-13		Failed to parse URL from /shop/tezgah/7911-19070-13
https://equsto.com/shop/dolap/7911-12060-12	ERROR	ERROR	https://equsto.com/shop/dolap/7911-12060-12		Failed to parse URL from /shop/tezgah/7911-12060-12
https://equsto.com/shop/dolap/7911-14060-12	ERROR	ERROR	https://equsto.com/shop/dolap/7911-14060-12		Failed to parse URL from /shop/tezgah/7911-14060-12
https://equsto.com/shop/dolap/7911-16060-12	ERROR	ERROR	https://equsto.com/shop/dolap/7911-16060-12		Failed to parse URL from /shop/tezgah/7911-16060-12
https://equsto.com/shop/dolap/7911-19060-12	ERROR	ERROR	https://equsto.com/shop/dolap/7911-19060-12		Failed to parse URL from /shop/tezgah/7911-19060-12
https://equsto.com/shop/dolap/7911-12070-12	ERROR	ERROR	https://equsto.com/shop/dolap/7911-12070-12		Failed to parse URL from /shop/tezgah/7911-12070-12
https://equsto.com/shop/dolap/7911-14070-12	ERROR	ERROR	https://equsto.com/shop/dolap/7911-14070-12		Failed to parse URL from /shop/tezgah/7911-14070-12
https://equsto.com/shop/dolap/7911-16070-12	ERROR	ERROR	https://equsto.com/shop/dolap/7911-16070-12		Failed to parse URL from /shop/tezgah/7911-16070-12
https://equsto.com/shop/dolap/7911-19070-12	ERROR	ERROR	https://equsto.com/shop/dolap/7911-19070-12		Failed to parse URL from /shop/tezgah/7911-19070-12
https://equsto.com/shop/dolap/7911-12060-56	ERROR	ERROR	https://equsto.com/shop/dolap/7911-12060-56		Failed to parse URL from /shop/tezgah/7911-12060-56
https://equsto.com/shop/dolap/7911-14060-56	ERROR	ERROR	https://equsto.com/shop/dolap/7911-14060-56		Failed to parse URL from /shop/tezgah/7911-14060-56
https://equsto.com/shop/dolap/7911-16060-56	ERROR	ERROR	https://equsto.com/shop/dolap/7911-16060-56		Failed to parse URL from /shop/tezgah/7911-16060-56
https://equsto.com/shop/dolap/7911-19060-56	ERROR	ERROR	https://equsto.com/shop/dolap/7911-19060-56		Failed to parse URL from /shop/tezgah/7911-19060-56
https://equsto.com/shop/dolap/7911-12070-56	ERROR	ERROR	https://equsto.com/shop/dolap/7911-12070-56		Failed to parse URL from /shop/tezgah/7911-12070-56
https://equsto.com/shop/dolap/7911-14070-56	ERROR	ERROR	https://equsto.com/shop/dolap/7911-14070-56		Failed to parse URL from /shop/tezgah/7911-14070-56
https://equsto.com/shop/dolap/7911-16070-56	ERROR	ERROR	https://equsto.com/shop/dolap/7911-16070-56		Failed to parse URL from /shop/tezgah/7911-16070-56
https://equsto.com/shop/dolap/7911-19070-56	ERROR	ERROR	https://equsto.com/shop/dolap/7911-19070-56		Failed to parse URL from /shop/tezgah/7911-19070-56
https://equsto.com/shop/dolap/7911-12060-52	ERROR	ERROR	https://equsto.com/shop/dolap/7911-12060-52		Failed to parse URL from /shop/tezgah/7911-12060-52
https://equsto.com/shop/dolap/7911-14060-52	ERROR	ERROR	https://equsto.com/shop/dolap/7911-14060-52		Failed to parse URL from /shop/tezgah/7911-14060-52
https://equsto.com/shop/dolap/7911-16060-52	ERROR	ERROR	https://equsto.com/shop/dolap/7911-16060-52		Failed to parse URL from /shop/tezgah/7911-16060-52
https://equsto.com/shop/dolap/7911-19060-52	ERROR	ERROR	https://equsto.com/shop/dolap/7911-19060-52		Failed to parse URL from /shop/tezgah/7911-19060-52
https://equsto.com/shop/dolap/7911-12070-52	ERROR	ERROR	https://equsto.com/shop/dolap/7911-12070-52		Failed to parse URL from /shop/tezgah/7911-12070-52
https://equsto.com/shop/dolap/7911-14070-52	ERROR	ERROR	https://equsto.com/shop/dolap/7911-14070-52		Failed to parse URL from /shop/tezgah/7911-14070-52
https://equsto.com/shop/dolap/7911-16070-52	ERROR	ERROR	https://equsto.com/shop/dolap/7911-16070-52		Failed to parse URL from /shop/tezgah/7911-16070-52
https://equsto.com/shop/dolap/7911-19070-52	ERROR	ERROR	https://equsto.com/shop/dolap/7911-19070-52		Failed to parse URL from /shop/tezgah/7911-19070-52
https://equsto.com/shop/dolap/7911-12060-15	ERROR	ERROR	https://equsto.com/shop/dolap/7911-12060-15		Failed to parse URL from /shop/tezgah/7911-12060-15
https://equsto.com/shop/dolap/7911-14060-15	ERROR	ERROR	https://equsto.com/shop/dolap/7911-14060-15		Failed to parse URL from /shop/tezgah/7911-14060-15
https://equsto.com/shop/dolap/7911-16060-15	ERROR	ERROR	https://equsto.com/shop/dolap/7911-16060-15		Failed to parse URL from /shop/tezgah/7911-16060-15
https://equsto.com/shop/dolap/7911-19060-15	ERROR	ERROR	https://equsto.com/shop/dolap/7911-19060-15		Failed to parse URL from /shop/tezgah/7911-19060-15
https://equsto.com/shop/dolap/7911-12070-15	ERROR	ERROR	https://equsto.com/shop/dolap/7911-12070-15		Failed to parse URL from /shop/tezgah/7911-12070-15
https://equsto.com/shop/dolap/7911-14070-15	ERROR	ERROR	https://equsto.com/shop/dolap/7911-14070-15		Failed to parse URL from /shop/tezgah/7911-14070-15
https://equsto.com/shop/dolap/7911-16070-15	ERROR	ERROR	https://equsto.com/shop/dolap/7911-16070-15		Failed to parse URL from /shop/tezgah/7911-16070-15
https://equsto.com/shop/dolap/7911-19070-15	ERROR	ERROR	https://equsto.com/shop/dolap/7911-19070-15		Failed to parse URL from /shop/tezgah/7911-19070-15
https://equsto.com/shop/dolap/7911-12060-35	ERROR	ERROR	https://equsto.com/shop/dolap/7911-12060-35		Failed to parse URL from /shop/tezgah/7911-12060-35
https://equsto.com/shop/dolap/7911-14060-35	ERROR	ERROR	https://equsto.com/shop/dolap/7911-14060-35		Failed to parse URL from /shop/tezgah/7911-14060-35
https://equsto.com/shop/dolap/7911-16060-35	ERROR	ERROR	https://equsto.com/shop/dolap/7911-16060-35		Failed to parse URL from /shop/tezgah/7911-16060-35
https://equsto.com/shop/dolap/7911-19060-35	ERROR	ERROR	https://equsto.com/shop/dolap/7911-19060-35		Failed to parse URL from /shop/tezgah/7911-19060-35
https://equsto.com/shop/dolap/7911-12070-35	ERROR	ERROR	https://equsto.com/shop/dolap/7911-12070-35		Failed to parse URL from /shop/tezgah/7911-12070-35
https://equsto.com/shop/dolap/7911-14070-35	ERROR	ERROR	https://equsto.com/shop/dolap/7911-14070-35		Failed to parse URL from /shop/tezgah/7911-14070-35
https://equsto.com/shop/dolap/7911-16070-35	ERROR	ERROR	https://equsto.com/shop/dolap/7911-16070-35		Failed to parse URL from /shop/tezgah/7911-16070-35
https://equsto.com/shop/dolap/7911-19070-35	ERROR	ERROR	https://equsto.com/shop/dolap/7911-19070-35		Failed to parse URL from /shop/tezgah/7911-19070-35
https://equsto.com/shop/dolap/7911-12060-14	ERROR	ERROR	https://equsto.com/shop/dolap/7911-12060-14		Failed to parse URL from /shop/tezgah/7911-12060-14
https://equsto.com/shop/dolap/7911-14060-14	ERROR	ERROR	https://equsto.com/shop/dolap/7911-14060-14		Failed to parse URL from /shop/tezgah/7911-14060-14
https://equsto.com/shop/dolap/7911-16060-14	ERROR	ERROR	https://equsto.com/shop/dolap/7911-16060-14		Failed to parse URL from /shop/tezgah/7911-16060-14
https://equsto.com/shop/dolap/7911-19060-14	ERROR	ERROR	https://equsto.com/shop/dolap/7911-19060-14		Failed to parse URL from /shop/tezgah/7911-19060-14
https://equsto.com/shop/dolap/7911-12070-14	ERROR	ERROR	https://equsto.com/shop/dolap/7911-12070-14		Failed to parse URL from /shop/tezgah/7911-12070-14
https://equsto.com/shop/dolap/7911-14070-14	ERROR	ERROR	https://equsto.com/shop/dolap/7911-14070-14		Failed to parse URL from /shop/tezgah/7911-14070-14
https://equsto.com/shop/dolap/7911-16070-14	ERROR	ERROR	https://equsto.com/shop/dolap/7911-16070-14		Failed to parse URL from /shop/tezgah/7911-16070-14
https://equsto.com/shop/dolap/7911-19070-14	ERROR	ERROR	https://equsto.com/shop/dolap/7911-19070-14		Failed to parse URL from /shop/tezgah/7911-19070-14
https://equsto.com/shop/dolap/7911-12070-30	ERROR	ERROR	https://equsto.com/shop/dolap/7911-12070-30		Failed to parse URL from /shop/tezgah/7911-12070-30
https://equsto.com/shop/dolap/7911-14070-30	ERROR	ERROR	https://equsto.com/shop/dolap/7911-14070-30		Failed to parse URL from /shop/tezgah/7911-14070-30
https://equsto.com/shop/dolap/7911-16070-30	ERROR	ERROR	https://equsto.com/shop/dolap/7911-16070-30		Failed to parse URL from /shop/tezgah/7911-16070-30
https://equsto.com/shop/dolap/7911-19070-30	ERROR	ERROR	https://equsto.com/shop/dolap/7911-19070-30		Failed to parse URL from /shop/tezgah/7911-19070-30
https://equsto.com/shop/dolap/7911-12080-30	ERROR	ERROR	https://equsto.com/shop/dolap/7911-12080-30		Failed to parse URL from /shop/tezgah/7911-12080-30
https://equsto.com/shop/dolap/7911-14080-30	ERROR	ERROR	https://equsto.com/shop/dolap/7911-14080-30		Failed to parse URL from /shop/tezgah/7911-14080-30
https://equsto.com/shop/dolap/7911-16080-30	ERROR	ERROR	https://equsto.com/shop/dolap/7911-16080-30		Failed to parse URL from /shop/tezgah/7911-16080-30
https://equsto.com/shop/dolap/7911-19080-30	ERROR	ERROR	https://equsto.com/shop/dolap/7911-19080-30		Failed to parse URL from /shop/tezgah/7911-19080-30
https://equsto.com/shop/dolap/7911-12070-22	ERROR	ERROR	https://equsto.com/shop/dolap/7911-12070-22		Failed to parse URL from /shop/tezgah/7911-12070-22
https://equsto.com/shop/dolap/7911-14070-22	ERROR	ERROR	https://equsto.com/shop/dolap/7911-14070-22		Failed to parse URL from /shop/tezgah/7911-14070-22
https://equsto.com/shop/dolap/7911-16070-22	ERROR	ERROR	https://equsto.com/shop/dolap/7911-16070-22		Failed to parse URL from /shop/tezgah/7911-16070-22
https://equsto.com/shop/dolap/7911-19070-22	ERROR	ERROR	https://equsto.com/shop/dolap/7911-19070-22		Failed to parse URL from /shop/tezgah/7911-19070-22
https://equsto.com/shop/dolap/7911-12080-22	ERROR	ERROR	https://equsto.com/shop/dolap/7911-12080-22		Failed to parse URL from /shop/tezgah/7911-12080-22
https://equsto.com/shop/dolap/7911-14080-22	ERROR	ERROR	https://equsto.com/shop/dolap/7911-14080-22		Failed to parse URL from /shop/tezgah/7911-14080-22
https://equsto.com/shop/dolap/7911-16080-22	ERROR	ERROR	https://equsto.com/shop/dolap/7911-16080-22		Failed to parse URL from /shop/tezgah/7911-16080-22
https://equsto.com/shop/dolap/7911-19080-22	ERROR	ERROR	https://equsto.com/shop/dolap/7911-19080-22		Failed to parse URL from /shop/tezgah/7911-19080-22
https://equsto.com/shop/dolap/7911-12070-30m	ERROR	ERROR	https://equsto.com/shop/dolap/7911-12070-30m		Failed to parse URL from /shop/tezgah/7911-12070-30m
https://equsto.com/shop/dolap/7911-14070-30m	ERROR	ERROR	https://equsto.com/shop/dolap/7911-14070-30m		Failed to parse URL from /shop/tezgah/7911-14070-30m
https://equsto.com/shop/dolap/7911-16070-30m	ERROR	ERROR	https://equsto.com/shop/dolap/7911-16070-30m		Failed to parse URL from /shop/tezgah/7911-16070-30m
https://equsto.com/shop/dolap/7911-19070-30m	ERROR	ERROR	https://equsto.com/shop/dolap/7911-19070-30m		Failed to parse URL from /shop/tezgah/7911-19070-30m
https://equsto.com/shop/dolap/7911-12080-30m	ERROR	ERROR	https://equsto.com/shop/dolap/7911-12080-30m		Failed to parse URL from /shop/tezgah/7911-12080-30m
https://equsto.com/shop/dolap/7911-14080-30m	ERROR	ERROR	https://equsto.com/shop/dolap/7911-14080-30m		Failed to parse URL from /shop/tezgah/7911-14080-30m
https://equsto.com/shop/dolap/7911-16080-30m	ERROR	ERROR	https://equsto.com/shop/dolap/7911-16080-30m		Failed to parse URL from /shop/tezgah/7911-16080-30m
https://equsto.com/shop/dolap/7911-19080-30m	ERROR	ERROR	https://equsto.com/shop/dolap/7911-19080-30m		Failed to parse URL from /shop/tezgah/7911-19080-30m
https://equsto.com/shop/dolap/7911-12070-22m	ERROR	ERROR	https://equsto.com/shop/dolap/7911-12070-22m		Failed to parse URL from /shop/tezgah/7911-12070-22m
https://equsto.com/shop/dolap/7911-14070-22m	ERROR	ERROR	https://equsto.com/shop/dolap/7911-14070-22m		Failed to parse URL from /shop/tezgah/7911-14070-22m
https://equsto.com/shop/dolap/7911-16070-22m	ERROR	ERROR	https://equsto.com/shop/dolap/7911-16070-22m		Failed to parse URL from /shop/tezgah/7911-16070-22m
https://equsto.com/shop/dolap/7911-19070-22m	ERROR	ERROR	https://equsto.com/shop/dolap/7911-19070-22m		Failed to parse URL from /shop/tezgah/7911-19070-22m
https://equsto.com/shop/dolap/7911-12080-22m	ERROR	ERROR	https://equsto.com/shop/dolap/7911-12080-22m		Failed to parse URL from /shop/tezgah/7911-12080-22m
https://equsto.com/shop/dolap/7911-14080-22m	ERROR	ERROR	https://equsto.com/shop/dolap/7911-14080-22m		Failed to parse URL from /shop/tezgah/7911-14080-22m
https://equsto.com/shop/dolap/7911-16080-22m	ERROR	ERROR	https://equsto.com/shop/dolap/7911-16080-22m		Failed to parse URL from /shop/tezgah/7911-16080-22m
https://equsto.com/shop/dolap/7911-19080-22m	ERROR	ERROR	https://equsto.com/shop/dolap/7911-19080-22m		Failed to parse URL from /shop/tezgah/7911-19080-22m
https://equsto.com/shop/dolap/7911-05050-90	ERROR	ERROR	https://equsto.com/shop/dolap/7911-05050-90		Failed to parse URL from /shop/tezgah/7911-05050-90
https://equsto.com/shop/dolap/7911-06060-90	ERROR	ERROR	https://equsto.com/shop/dolap/7911-06060-90		Failed to parse URL from /shop/tezgah/7911-06060-90
https://equsto.com/shop/dolap/7911-06070-90	ERROR	ERROR	https://equsto.com/shop/dolap/7911-06070-90		Failed to parse URL from /shop/tezgah/7911-06070-90
https://equsto.com/shop/dolap/7911-07070-90	ERROR	ERROR	https://equsto.com/shop/dolap/7911-07070-90		Failed to parse URL from /shop/tezgah/7911-07070-90
https://equsto.com/shop/dolap/7911-05050-91	ERROR	ERROR	https://equsto.com/shop/dolap/7911-05050-91		Failed to parse URL from /shop/tezgah/7911-05050-91
https://equsto.com/shop/dolap/7911-06060-91	ERROR	ERROR	https://equsto.com/shop/dolap/7911-06060-91		Failed to parse URL from /shop/tezgah/7911-06060-91
https://equsto.com/shop/dolap/7911-06070-91	ERROR	ERROR	https://equsto.com/shop/dolap/7911-06070-91		Failed to parse URL from /shop/tezgah/7911-06070-91
https://equsto.com/shop/dolap/7911-07070-91	ERROR	ERROR	https://equsto.com/shop/dolap/7911-07070-91		Failed to parse URL from /shop/tezgah/7911-07070-91
https://equsto.com/shop/dolap/7911-12060-09	ERROR	ERROR	https://equsto.com/shop/dolap/7911-12060-09		Failed to parse URL from /shop/tezgah/7911-12060-09
https://equsto.com/shop/dolap/7911-14060-09	ERROR	ERROR	https://equsto.com/shop/dolap/7911-14060-09		Failed to parse URL from /shop/tezgah/7911-14060-09
https://equsto.com/shop/dolap/7911-16060-09	ERROR	ERROR	https://equsto.com/shop/dolap/7911-16060-09		Failed to parse URL from /shop/tezgah/7911-16060-09
https://equsto.com/shop/dolap/7911-19060-09	ERROR	ERROR	https://equsto.com/shop/dolap/7911-19060-09		Failed to parse URL from /shop/tezgah/7911-19060-09
https://equsto.com/shop/dolap/7911-12070-09	ERROR	ERROR	https://equsto.com/shop/dolap/7911-12070-09		Failed to parse URL from /shop/tezgah/7911-12070-09
https://equsto.com/shop/dolap/7911-14070-09	ERROR	ERROR	https://equsto.com/shop/dolap/7911-14070-09		Failed to parse URL from /shop/tezgah/7911-14070-09
https://equsto.com/shop/dolap/7911-16070-09	ERROR	ERROR	https://equsto.com/shop/dolap/7911-16070-09		Failed to parse URL from /shop/tezgah/7911-16070-09
https://equsto.com/shop/dolap/7911-19070-09	ERROR	ERROR	https://equsto.com/shop/dolap/7911-19070-09		Failed to parse URL from /shop/tezgah/7911-19070-09
https://equsto.com/shop/dolap/7911-12060-21a	ERROR	ERROR	https://equsto.com/shop/dolap/7911-12060-21a		Failed to parse URL from /shop/tezgah/7911-12060-21a
https://equsto.com/shop/dolap/7911-14060-21a	ERROR	ERROR	https://equsto.com/shop/dolap/7911-14060-21a		Failed to parse URL from /shop/tezgah/7911-14060-21a
https://equsto.com/shop/dolap/7911-16060-21a	ERROR	ERROR	https://equsto.com/shop/dolap/7911-16060-21a		Failed to parse URL from /shop/tezgah/7911-16060-21a
https://equsto.com/shop/dolap/7911-19060-21a	ERROR	ERROR	https://equsto.com/shop/dolap/7911-19060-21a		Failed to parse URL from /shop/tezgah/7911-19060-21a
https://equsto.com/shop/dolap/7911-12070-21a	ERROR	ERROR	https://equsto.com/shop/dolap/7911-12070-21a		Failed to parse URL from /shop/tezgah/7911-12070-21a
https://equsto.com/shop/dolap/7911-14070-21a	ERROR	ERROR	https://equsto.com/shop/dolap/7911-14070-21a		Failed to parse URL from /shop/tezgah/7911-14070-21a
https://equsto.com/shop/dolap/7911-16070-21a	ERROR	ERROR	https://equsto.com/shop/dolap/7911-16070-21a		Failed to parse URL from /shop/tezgah/7911-16070-21a
https://equsto.com/shop/dolap/7911-19070-21a	ERROR	ERROR	https://equsto.com/shop/dolap/7911-19070-21a		Failed to parse URL from /shop/tezgah/7911-19070-21a
https://equsto.com/shop/dolap/7911-12060-04a	ERROR	ERROR	https://equsto.com/shop/dolap/7911-12060-04a		Failed to parse URL from /shop/tezgah/7911-12060-04a
https://equsto.com/shop/dolap/7911-14060-04a	ERROR	ERROR	https://equsto.com/shop/dolap/7911-14060-04a		Failed to parse URL from /shop/tezgah/7911-14060-04a
https://equsto.com/shop/dolap/7911-16060-04a	ERROR	ERROR	https://equsto.com/shop/dolap/7911-16060-04a		Failed to parse URL from /shop/tezgah/7911-16060-04a
https://equsto.com/shop/dolap/7911-19060-04a	ERROR	ERROR	https://equsto.com/shop/dolap/7911-19060-04a		Failed to parse URL from /shop/tezgah/7911-19060-04a
https://equsto.com/shop/dolap/7911-12070-04a	ERROR	ERROR	https://equsto.com/shop/dolap/7911-12070-04a		Failed to parse URL from /shop/tezgah/7911-12070-04a
https://equsto.com/shop/dolap/7911-14070-04a	ERROR	ERROR	https://equsto.com/shop/dolap/7911-14070-04a		Failed to parse URL from /shop/tezgah/7911-14070-04a
https://equsto.com/shop/dolap/7911-16070-04a	ERROR	ERROR	https://equsto.com/shop/dolap/7911-16070-04a		Failed to parse URL from /shop/tezgah/7911-16070-04a
https://equsto.com/shop/dolap/7911-19070-04a	ERROR	ERROR	https://equsto.com/shop/dolap/7911-19070-04a		Failed to parse URL from /shop/tezgah/7911-19070-04a
https://equsto.com/shop/dolap/7911-12060-23p	ERROR	ERROR	https://equsto.com/shop/dolap/7911-12060-23p		Failed to parse URL from /shop/tezgah/7911-12060-23p
https://equsto.com/shop/dolap/7911-14060-23p	ERROR	ERROR	https://equsto.com/shop/dolap/7911-14060-23p		Failed to parse URL from /shop/tezgah/7911-14060-23p
https://equsto.com/shop/dolap/7911-16060-23p	ERROR	ERROR	https://equsto.com/shop/dolap/7911-16060-23p		Failed to parse URL from /shop/tezgah/7911-16060-23p
https://equsto.com/shop/dolap/7911-19060-23p	ERROR	ERROR	https://equsto.com/shop/dolap/7911-19060-23p		Failed to parse URL from /shop/tezgah/7911-19060-23p
https://equsto.com/shop/dolap/7911-12070-23p	ERROR	ERROR	https://equsto.com/shop/dolap/7911-12070-23p		Failed to parse URL from /shop/tezgah/7911-12070-23p
https://equsto.com/shop/dolap/7911-14070-23p	ERROR	ERROR	https://equsto.com/shop/dolap/7911-14070-23p		Failed to parse URL from /shop/tezgah/7911-14070-23p
https://equsto.com/shop/dolap/7911-16070-23p	ERROR	ERROR	https://equsto.com/shop/dolap/7911-16070-23p		Failed to parse URL from /shop/tezgah/7911-16070-23p
https://equsto.com/shop/dolap/7911-19070-23p	ERROR	ERROR	https://equsto.com/shop/dolap/7911-19070-23p		Failed to parse URL from /shop/tezgah/7911-19070-23p
https://equsto.com/shop/dolap/7911-12060-31p	ERROR	ERROR	https://equsto.com/shop/dolap/7911-12060-31p		Failed to parse URL from /shop/tezgah/7911-12060-31p
https://equsto.com/shop/dolap/7911-14060-31p	ERROR	ERROR	https://equsto.com/shop/dolap/7911-14060-31p		Failed to parse URL from /shop/tezgah/7911-14060-31p
https://equsto.com/shop/dolap/7911-16060-31p	ERROR	ERROR	https://equsto.com/shop/dolap/7911-16060-31p		Failed to parse URL from /shop/tezgah/7911-16060-31p
https://equsto.com/shop/dolap/7911-19060-31p	ERROR	ERROR	https://equsto.com/shop/dolap/7911-19060-31p		Failed to parse URL from /shop/tezgah/7911-19060-31p
https://equsto.com/shop/dolap/7911-12070-31p	ERROR	ERROR	https://equsto.com/shop/dolap/7911-12070-31p		Failed to parse URL from /shop/tezgah/7911-12070-31p
https://equsto.com/shop/dolap/7911-14070-31p	ERROR	ERROR	https://equsto.com/shop/dolap/7911-14070-31p		Failed to parse URL from /shop/tezgah/7911-14070-31p
https://equsto.com/shop/dolap/7911-16070-31p	ERROR	ERROR	https://equsto.com/shop/dolap/7911-16070-31p		Failed to parse URL from /shop/tezgah/7911-16070-31p
https://equsto.com/shop/dolap/7911-19070-31p	ERROR	ERROR	https://equsto.com/shop/dolap/7911-19070-31p		Failed to parse URL from /shop/tezgah/7911-19070-31p
https://equsto.com/shop/dolap/7911-12060-23	ERROR	ERROR	https://equsto.com/shop/dolap/7911-12060-23		Failed to parse URL from /shop/tezgah/7911-12060-23
https://equsto.com/shop/dolap/7911-14060-23	ERROR	ERROR	https://equsto.com/shop/dolap/7911-14060-23		Failed to parse URL from /shop/tezgah/7911-14060-23
https://equsto.com/shop/dolap/7911-16060-23	ERROR	ERROR	https://equsto.com/shop/dolap/7911-16060-23		Failed to parse URL from /shop/tezgah/7911-16060-23
https://equsto.com/shop/dolap/7911-19060-23	ERROR	ERROR	https://equsto.com/shop/dolap/7911-19060-23		Failed to parse URL from /shop/tezgah/7911-19060-23
https://equsto.com/shop/dolap/7911-12070-23	ERROR	ERROR	https://equsto.com/shop/dolap/7911-12070-23		Failed to parse URL from /shop/tezgah/7911-12070-23
https://equsto.com/shop/dolap/7911-14070-23	ERROR	ERROR	https://equsto.com/shop/dolap/7911-14070-23		Failed to parse URL from /shop/tezgah/7911-14070-23
https://equsto.com/shop/dolap/7911-16070-23	ERROR	ERROR	https://equsto.com/shop/dolap/7911-16070-23		Failed to parse URL from /shop/tezgah/7911-16070-23
https://equsto.com/shop/dolap/7911-19070-23	ERROR	ERROR	https://equsto.com/shop/dolap/7911-19070-23		Failed to parse URL from /shop/tezgah/7911-19070-23
https://equsto.com/shop/dolap/7911-12060-31	ERROR	ERROR	https://equsto.com/shop/dolap/7911-12060-31		Failed to parse URL from /shop/tezgah/7911-12060-31
https://equsto.com/shop/dolap/7911-14060-31	ERROR	ERROR	https://equsto.com/shop/dolap/7911-14060-31		Failed to parse URL from /shop/tezgah/7911-14060-31
https://equsto.com/shop/dolap/7911-16060-31	ERROR	ERROR	https://equsto.com/shop/dolap/7911-16060-31		Failed to parse URL from /shop/tezgah/7911-16060-31
https://equsto.com/shop/dolap/7911-19060-31	ERROR	ERROR	https://equsto.com/shop/dolap/7911-19060-31		Failed to parse URL from /shop/tezgah/7911-19060-31
https://equsto.com/shop/dolap/7911-12070-31	ERROR	ERROR	https://equsto.com/shop/dolap/7911-12070-31		Failed to parse URL from /shop/tezgah/7911-12070-31
https://equsto.com/shop/dolap/7911-14070-31	ERROR	ERROR	https://equsto.com/shop/dolap/7911-14070-31		Failed to parse URL from /shop/tezgah/7911-14070-31
https://equsto.com/shop/dolap/7911-16070-31	ERROR	ERROR	https://equsto.com/shop/dolap/7911-16070-31		Failed to parse URL from /shop/tezgah/7911-16070-31
https://equsto.com/shop/dolap/7911-19070-31	ERROR	ERROR	https://equsto.com/shop/dolap/7911-19070-31		Failed to parse URL from /shop/tezgah/7911-19070-31
https://equsto.com/shop/dolap/7712-12090-01	ERROR	ERROR	https://equsto.com/shop/dolap/7712-12090-01		Failed to parse URL from /shop/tezgah/7712-12090-01
https://equsto.com/shop/dolap/7712-14090-01	ERROR	ERROR	https://equsto.com/shop/dolap/7712-14090-01		Failed to parse URL from /shop/tezgah/7712-14090-01
https://equsto.com/shop/dolap/7712-16090-01	ERROR	ERROR	https://equsto.com/shop/dolap/7712-16090-01		Failed to parse URL from /shop/tezgah/7712-16090-01
https://equsto.com/shop/dolap/7712-19090-01	ERROR	ERROR	https://equsto.com/shop/dolap/7712-19090-01		Failed to parse URL from /shop/tezgah/7712-19090-01
https://equsto.com/shop/dolap/7712-12011-01	ERROR	ERROR	https://equsto.com/shop/dolap/7712-12011-01		Failed to parse URL from /shop/tezgah/7712-12011-01
https://equsto.com/shop/dolap/7712-14011-01	ERROR	ERROR	https://equsto.com/shop/dolap/7712-14011-01		Failed to parse URL from /shop/tezgah/7712-14011-01
https://equsto.com/shop/dolap/7712-16011-01	ERROR	ERROR	https://equsto.com/shop/dolap/7712-16011-01		Failed to parse URL from /shop/tezgah/7712-16011-01
https://equsto.com/shop/dolap/7712-19011-01	ERROR	ERROR	https://equsto.com/shop/dolap/7712-19011-01		Failed to parse URL from /shop/tezgah/7712-19011-01
https://equsto.com/shop/dolap/7712-12060-03	ERROR	ERROR	https://equsto.com/shop/dolap/7712-12060-03		Failed to parse URL from /shop/tezgah/7712-12060-03
https://equsto.com/shop/dolap/7712-14060-03	ERROR	ERROR	https://equsto.com/shop/dolap/7712-14060-03		Failed to parse URL from /shop/tezgah/7712-14060-03
https://equsto.com/shop/dolap/7712-16060-03	ERROR	ERROR	https://equsto.com/shop/dolap/7712-16060-03		Failed to parse URL from /shop/tezgah/7712-16060-03
https://equsto.com/shop/dolap/7712-19060-03	ERROR	ERROR	https://equsto.com/shop/dolap/7712-19060-03		Failed to parse URL from /shop/tezgah/7712-19060-03
https://equsto.com/shop/dolap/7712-12070-03	ERROR	ERROR	https://equsto.com/shop/dolap/7712-12070-03		Failed to parse URL from /shop/tezgah/7712-12070-03
https://equsto.com/shop/dolap/7712-14070-03	ERROR	ERROR	https://equsto.com/shop/dolap/7712-14070-03		Failed to parse URL from /shop/tezgah/7712-14070-03
https://equsto.com/shop/dolap/7712-16070-03	ERROR	ERROR	https://equsto.com/shop/dolap/7712-16070-03		Failed to parse URL from /shop/tezgah/7712-16070-03
https://equsto.com/shop/dolap/7712-19070-03	ERROR	ERROR	https://equsto.com/shop/dolap/7712-19070-03		Failed to parse URL from /shop/tezgah/7712-19070-03
https://equsto.com/shop/dolap/7876-12060-00	ERROR	ERROR	https://equsto.com/shop/dolap/7876-12060-00		Failed to parse URL from /shop/tezgah/7876-12060-00
https://equsto.com/shop/dolap/7876-14060-00	ERROR	ERROR	https://equsto.com/shop/dolap/7876-14060-00		Failed to parse URL from /shop/tezgah/7876-14060-00
https://equsto.com/shop/dolap/7876-16060-00	ERROR	ERROR	https://equsto.com/shop/dolap/7876-16060-00		Failed to parse URL from /shop/tezgah/7876-16060-00
https://equsto.com/shop/dolap/7876-19060-00	ERROR	ERROR	https://equsto.com/shop/dolap/7876-19060-00		Failed to parse URL from /shop/tezgah/7876-19060-00
https://equsto.com/shop/dolap/7876-12070-00	ERROR	ERROR	https://equsto.com/shop/dolap/7876-12070-00		Failed to parse URL from /shop/tezgah/7876-12070-00
https://equsto.com/shop/dolap/7876-14070-00	ERROR	ERROR	https://equsto.com/shop/dolap/7876-14070-00		Failed to parse URL from /shop/tezgah/7876-14070-00
https://equsto.com/shop/dolap/7876-16070-00	ERROR	ERROR	https://equsto.com/shop/dolap/7876-16070-00		Failed to parse URL from /shop/tezgah/7876-16070-00
https://equsto.com/shop/dolap/7876-19070-00	ERROR	ERROR	https://equsto.com/shop/dolap/7876-19070-00		Failed to parse URL from /shop/tezgah/7876-19070-00
https://equsto.com/shop/dolap/7910-10040-00	ERROR	ERROR	https://equsto.com/shop/dolap/7910-10040-00		Failed to parse URL from /shop/tezgah/7910-10040-00
https://equsto.com/shop/dolap/7910-12040-00	ERROR	ERROR	https://equsto.com/shop/dolap/7910-12040-00		Failed to parse URL from /shop/tezgah/7910-12040-00
https://equsto.com/shop/dolap/7910-14040-00	ERROR	ERROR	https://equsto.com/shop/dolap/7910-14040-00		Failed to parse URL from /shop/tezgah/7910-14040-00
https://equsto.com/shop/dolap/7910-16040-00	ERROR	ERROR	https://equsto.com/shop/dolap/7910-16040-00		Failed to parse URL from /shop/tezgah/7910-16040-00
https://equsto.com/shop/dolap/7910-19040-00	ERROR	ERROR	https://equsto.com/shop/dolap/7910-19040-00		Failed to parse URL from /shop/tezgah/7910-19040-00
https://equsto.com/shop/dolap/7910-10040-01	ERROR	ERROR	https://equsto.com/shop/dolap/7910-10040-01		Failed to parse URL from /shop/tezgah/7910-10040-01
https://equsto.com/shop/dolap/7910-12040-01	ERROR	ERROR	https://equsto.com/shop/dolap/7910-12040-01		Failed to parse URL from /shop/tezgah/7910-12040-01
https://equsto.com/shop/dolap/7910-14040-01	ERROR	ERROR	https://equsto.com/shop/dolap/7910-14040-01		Failed to parse URL from /shop/tezgah/7910-14040-01
https://equsto.com/shop/dolap/7910-16040-01	ERROR	ERROR	https://equsto.com/shop/dolap/7910-16040-01		Failed to parse URL from /shop/tezgah/7910-16040-01
https://equsto.com/shop/dolap/7910-19040-01	ERROR	ERROR	https://equsto.com/shop/dolap/7910-19040-01		Failed to parse URL from /shop/tezgah/7910-19040-01
https://equsto.com/shop/dolap/7868-12608-23	ERROR	ERROR	https://equsto.com/shop/dolap/7868-12608-23		Failed to parse URL from /shop/tezgah/7868-12608-23
https://equsto.com/shop/dolap/7868-14608-23	ERROR	ERROR	https://equsto.com/shop/dolap/7868-14608-23		Failed to parse URL from /shop/tezgah/7868-14608-23
https://equsto.com/shop/dolap/7868-16608-23	ERROR	ERROR	https://equsto.com/shop/dolap/7868-16608-23		Failed to parse URL from /shop/tezgah/7868-16608-23
https://equsto.com/shop/dolap/7868-19608-23	ERROR	ERROR	https://equsto.com/shop/dolap/7868-19608-23		Failed to parse URL from /shop/tezgah/7868-19608-23
https://equsto.com/shop/dolap/7868-12708-23	ERROR	ERROR	https://equsto.com/shop/dolap/7868-12708-23		Failed to parse URL from /shop/tezgah/7868-12708-23
https://equsto.com/shop/dolap/7868-14708-23	ERROR	ERROR	https://equsto.com/shop/dolap/7868-14708-23		Failed to parse URL from /shop/tezgah/7868-14708-23
https://equsto.com/shop/dolap/7868-16708-23	ERROR	ERROR	https://equsto.com/shop/dolap/7868-16708-23		Failed to parse URL from /shop/tezgah/7868-16708-23
https://equsto.com/shop/dolap/7868-19708-23	ERROR	ERROR	https://equsto.com/shop/dolap/7868-19708-23		Failed to parse URL from /shop/tezgah/7868-19708-23
https://equsto.com/shop/dolap/7897-10030-30	ERROR	ERROR	https://equsto.com/shop/dolap/7897-10030-30		Failed to parse URL from /shop/tezgah/7897-10030-30
https://equsto.com/shop/dolap/7897-12030-30	ERROR	ERROR	https://equsto.com/shop/dolap/7897-12030-30		Failed to parse URL from /shop/tezgah/7897-12030-30
https://equsto.com/shop/dolap/7897-14030-30	ERROR	ERROR	https://equsto.com/shop/dolap/7897-14030-30		Failed to parse URL from /shop/tezgah/7897-14030-30
https://equsto.com/shop/dolap/7897-16030-30	ERROR	ERROR	https://equsto.com/shop/dolap/7897-16030-30		Failed to parse URL from /shop/tezgah/7897-16030-30
https://equsto.com/shop/dolap/7897-19030-30	ERROR	ERROR	https://equsto.com/shop/dolap/7897-19030-30		Failed to parse URL from /shop/tezgah/7897-19030-30
https://equsto.com/shop/dolap/7897-10030-31	ERROR	ERROR	https://equsto.com/shop/dolap/7897-10030-31		Failed to parse URL from /shop/tezgah/7897-10030-31
https://equsto.com/shop/dolap/7897-12030-31	ERROR	ERROR	https://equsto.com/shop/dolap/7897-12030-31		Failed to parse URL from /shop/tezgah/7897-12030-31
https://equsto.com/shop/dolap/7897-14030-31	ERROR	ERROR	https://equsto.com/shop/dolap/7897-14030-31		Failed to parse URL from /shop/tezgah/7897-14030-31
https://equsto.com/shop/dolap/7897-16030-31	ERROR	ERROR	https://equsto.com/shop/dolap/7897-16030-31		Failed to parse URL from /shop/tezgah/7897-16030-31
https://equsto.com/shop/dolap/7897-19030-31	ERROR	ERROR	https://equsto.com/shop/dolap/7897-19030-31		Failed to parse URL from /shop/tezgah/7897-19030-31
https://equsto.com/shop/dolap/7897-12030-03	ERROR	ERROR	https://equsto.com/shop/dolap/7897-12030-03		Failed to parse URL from /shop/tezgah/7897-12030-03
https://equsto.com/shop/dolap/7897-14030-03	ERROR	ERROR	https://equsto.com/shop/dolap/7897-14030-03		Failed to parse URL from /shop/tezgah/7897-14030-03
https://equsto.com/shop/dolap/7897-15030-03	ERROR	ERROR	https://equsto.com/shop/dolap/7897-15030-03		Failed to parse URL from /shop/tezgah/7897-15030-03
https://equsto.com/shop/dolap/7897-16030-03	ERROR	ERROR	https://equsto.com/shop/dolap/7897-16030-03		Failed to parse URL from /shop/tezgah/7897-16030-03
https://equsto.com/shop/dolap/7897-19030-03	ERROR	ERROR	https://equsto.com/shop/dolap/7897-19030-03		Failed to parse URL from /shop/tezgah/7897-19030-03
https://equsto.com/shop/dolap/7897-12030-04	ERROR	ERROR	https://equsto.com/shop/dolap/7897-12030-04		Failed to parse URL from /shop/tezgah/7897-12030-04
https://equsto.com/shop/dolap/7897-14030-04	ERROR	ERROR	https://equsto.com/shop/dolap/7897-14030-04		Failed to parse URL from /shop/tezgah/7897-14030-04
https://equsto.com/shop/dolap/7897-15030-04	ERROR	ERROR	https://equsto.com/shop/dolap/7897-15030-04		Failed to parse URL from /shop/tezgah/7897-15030-04
https://equsto.com/shop/dolap/7897-16030-04	ERROR	ERROR	https://equsto.com/shop/dolap/7897-16030-04		Failed to parse URL from /shop/tezgah/7897-16030-04
https://equsto.com/shop/dolap/7897-19030-04	ERROR	ERROR	https://equsto.com/shop/dolap/7897-19030-04		Failed to parse URL from /shop/tezgah/7897-19030-04
https://equsto.com/shop/dolap/7897-12030-08	ERROR	ERROR	https://equsto.com/shop/dolap/7897-12030-08		Failed to parse URL from /shop/tezgah/7897-12030-08
https://equsto.com/shop/dolap/7897-14030-08	ERROR	ERROR	https://equsto.com/shop/dolap/7897-14030-08		Failed to parse URL from /shop/tezgah/7897-14030-08
https://equsto.com/shop/dolap/7897-15030-08	ERROR	ERROR	https://equsto.com/shop/dolap/7897-15030-08		Failed to parse URL from /shop/tezgah/7897-15030-08
https://equsto.com/shop/dolap/7897-16030-08	ERROR	ERROR	https://equsto.com/shop/dolap/7897-16030-08		Failed to parse URL from /shop/tezgah/7897-16030-08
https://equsto.com/shop/dolap/7897-19030-08	ERROR	ERROR	https://equsto.com/shop/dolap/7897-19030-08		Failed to parse URL from /shop/tezgah/7897-19030-08
https://equsto.com/shop/dolap/7897-12030-07	ERROR	ERROR	https://equsto.com/shop/dolap/7897-12030-07		Failed to parse URL from /shop/tezgah/7897-12030-07
https://equsto.com/shop/dolap/7897-14030-07	ERROR	ERROR	https://equsto.com/shop/dolap/7897-14030-07		Failed to parse URL from /shop/tezgah/7897-14030-07
https://equsto.com/shop/dolap/7897-15030-07	ERROR	ERROR	https://equsto.com/shop/dolap/7897-15030-07		Failed to parse URL from /shop/tezgah/7897-15030-07
https://equsto.com/shop/dolap/7897-16030-07	ERROR	ERROR	https://equsto.com/shop/dolap/7897-16030-07		Failed to parse URL from /shop/tezgah/7897-16030-07
https://equsto.com/shop/dolap/7897-19030-07	ERROR	ERROR	https://equsto.com/shop/dolap/7897-19030-07		Failed to parse URL from /shop/tezgah/7897-19030-07
https://equsto.com/shop/dolap/7897-12030-02	ERROR	ERROR	https://equsto.com/shop/dolap/7897-12030-02		Failed to parse URL from /shop/tezgah/7897-12030-02
https://equsto.com/shop/dolap/7897-14030-02	ERROR	ERROR	https://equsto.com/shop/dolap/7897-14030-02		Failed to parse URL from /shop/tezgah/7897-14030-02
https://equsto.com/shop/dolap/7897-15030-02	ERROR	ERROR	https://equsto.com/shop/dolap/7897-15030-02		Failed to parse URL from /shop/tezgah/7897-15030-02
https://equsto.com/shop/dolap/7897-16030-02	ERROR	ERROR	https://equsto.com/shop/dolap/7897-16030-02		Failed to parse URL from /shop/tezgah/7897-16030-02
https://equsto.com/shop/dolap/7897-19030-02	ERROR	ERROR	https://equsto.com/shop/dolap/7897-19030-02		Failed to parse URL from /shop/tezgah/7897-19030-02
https://equsto.com/shop/dolap/9868-rtr12-0l	ERROR	ERROR	https://equsto.com/shop/dolap/9868-rtr12-0l		Failed to parse URL from /shop/tezgah/9868-rtr12-0l
https://equsto.com/shop/dolap/9868-rtr16-0l	ERROR	ERROR	https://equsto.com/shop/dolap/9868-rtr16-0l		Failed to parse URL from /shop/tezgah/9868-rtr16-0l
https://equsto.com/en/shop/dolap/922612	ERROR	ERROR	https://equsto.com/en/shop/dolap/922612		Failed to parse URL from /en/shop/tezgah/922612
https://equsto.com/en/shop/dolap/922613	ERROR	ERROR	https://equsto.com/en/shop/dolap/922613		Failed to parse URL from /en/shop/tezgah/922613
https://equsto.com/en/shop/dolap/7876-n1-40705-00	ERROR	ERROR	https://equsto.com/en/shop/dolap/7876-n1-40705-00		Failed to parse URL from /en/shop/tezgah/7876-n1-40705-00
https://equsto.com/en/shop/dolap/7876-n1-80705-00	ERROR	ERROR	https://equsto.com/en/shop/dolap/7876-n1-80705-00		Failed to parse URL from /en/shop/tezgah/7876-n1-80705-00
https://equsto.com/en/shop/dolap/7876-n1-40705-10	ERROR	ERROR	https://equsto.com/en/shop/dolap/7876-n1-40705-10		Failed to parse URL from /en/shop/tezgah/7876-n1-40705-10
https://equsto.com/en/shop/dolap/7876-n1-80705-10	ERROR	ERROR	https://equsto.com/en/shop/dolap/7876-n1-80705-10		Failed to parse URL from /en/shop/tezgah/7876-n1-80705-10
https://equsto.com/en/shop/dolap/7911-n1-40603-00	ERROR	ERROR	https://equsto.com/en/shop/dolap/7911-n1-40603-00		Failed to parse URL from /en/shop/tezgah/7911-n1-40603-00
https://equsto.com/en/shop/dolap/7911-n1-60603-00	ERROR	ERROR	https://equsto.com/en/shop/dolap/7911-n1-60603-00		Failed to parse URL from /en/shop/tezgah/7911-n1-60603-00
https://equsto.com/en/shop/dolap/7876-n1-40605-00	ERROR	ERROR	https://equsto.com/en/shop/dolap/7876-n1-40605-00		Failed to parse URL from /en/shop/tezgah/7876-n1-40605-00
https://equsto.com/en/shop/dolap/7876-n1-60605-00	ERROR	ERROR	https://equsto.com/en/shop/dolap/7876-n1-60605-00		Failed to parse URL from /en/shop/tezgah/7876-n1-60605-00
https://equsto.com/en/shop/dolap/7868-17107-md	ERROR	ERROR	https://equsto.com/en/shop/dolap/7868-17107-md		Failed to parse URL from /en/shop/tezgah/7868-17107-md
https://equsto.com/en/shop/dolap/7868-98987-md	ERROR	ERROR	https://equsto.com/en/shop/dolap/7868-98987-md		Failed to parse URL from /en/shop/tezgah/7868-98987-md
https://equsto.com/en/shop/dolap/7919-70182-md	ERROR	ERROR	https://equsto.com/en/shop/dolap/7919-70182-md		Failed to parse URL from /en/shop/tezgah/7919-70182-md
https://equsto.com/en/shop/dolap/7919-06lmv-00	ERROR	ERROR	https://equsto.com/en/shop/dolap/7919-06lmv-00		Failed to parse URL from /en/shop/tezgah/7919-06lmv-00
https://equsto.com/en/shop/dolap/7919-12lmv-00	ERROR	ERROR	https://equsto.com/en/shop/dolap/7919-12lmv-00		Failed to parse URL from /en/shop/tezgah/7919-12lmv-00
https://equsto.com/en/shop/dolap/7919-06lmv-10	ERROR	ERROR	https://equsto.com/en/shop/dolap/7919-06lmv-10		Failed to parse URL from /en/shop/tezgah/7919-06lmv-10
https://equsto.com/en/shop/dolap/7919-12lmv-10	ERROR	ERROR	https://equsto.com/en/shop/dolap/7919-12lmv-10		Failed to parse URL from /en/shop/tezgah/7919-12lmv-10
https://equsto.com/en/shop/dolap/79k3-06lmv-00	ERROR	ERROR	https://equsto.com/en/shop/dolap/79k3-06lmv-00		Failed to parse URL from /en/shop/tezgah/79k3-06lmv-00
https://equsto.com/en/shop/dolap/79k3-12lmv-00	ERROR	ERROR	https://equsto.com/en/shop/dolap/79k3-12lmv-00		Failed to parse URL from /en/shop/tezgah/79k3-12lmv-00
https://equsto.com/en/shop/dolap/79k4-06lmv-00	ERROR	ERROR	https://equsto.com/en/shop/dolap/79k4-06lmv-00		Failed to parse URL from /en/shop/tezgah/79k4-06lmv-00
https://equsto.com/en/shop/dolap/79k4-12lmv-00	ERROR	ERROR	https://equsto.com/en/shop/dolap/79k4-12lmv-00		Failed to parse URL from /en/shop/tezgah/79k4-12lmv-00
https://equsto.com/en/shop/dolap/79k4-06lmv-10	ERROR	ERROR	https://equsto.com/en/shop/dolap/79k4-06lmv-10		Failed to parse URL from /en/shop/tezgah/79k4-06lmv-10
https://equsto.com/en/shop/dolap/79k3-06lmv-10	ERROR	ERROR	https://equsto.com/en/shop/dolap/79k3-06lmv-10		Failed to parse URL from /en/shop/tezgah/79k3-06lmv-10
https://equsto.com/en/shop/dolap/79k3-12lmv-10	ERROR	ERROR	https://equsto.com/en/shop/dolap/79k3-12lmv-10		Failed to parse URL from /en/shop/tezgah/79k3-12lmv-10
https://equsto.com/en/shop/dolap/79k4-12lmv-10	ERROR	ERROR	https://equsto.com/en/shop/dolap/79k4-12lmv-10		Failed to parse URL from /en/shop/tezgah/79k4-12lmv-10
https://equsto.com/en/shop/dolap/7919-06lmv-13	ERROR	ERROR	https://equsto.com/en/shop/dolap/7919-06lmv-13		Failed to parse URL from /en/shop/tezgah/7919-06lmv-13
https://equsto.com/en/shop/dolap/7919-10lts-00	ERROR	ERROR	https://equsto.com/en/shop/dolap/7919-10lts-00		Failed to parse URL from /en/shop/tezgah/7919-10lts-00
https://equsto.com/en/shop/dolap/7919-15lts-00	ERROR	ERROR	https://equsto.com/en/shop/dolap/7919-15lts-00		Failed to parse URL from /en/shop/tezgah/7919-15lts-00
https://equsto.com/en/shop/dolap/7919-27ntv-t1	ERROR	ERROR	https://equsto.com/en/shop/dolap/7919-27ntv-t1		Failed to parse URL from /en/shop/tezgah/7919-27ntv-t1
https://equsto.com/en/shop/dolap/7919-37ntv-t1	ERROR	ERROR	https://equsto.com/en/shop/dolap/7919-37ntv-t1		Failed to parse URL from /en/shop/tezgah/7919-37ntv-t1
https://equsto.com/en/shop/dolap/7919-47ntv-t1	ERROR	ERROR	https://equsto.com/en/shop/dolap/7919-47ntv-t1		Failed to parse URL from /en/shop/tezgah/7919-47ntv-t1
https://equsto.com/en/shop/dolap/7919-26ntv-c1	ERROR	ERROR	https://equsto.com/en/shop/dolap/7919-26ntv-c1		Failed to parse URL from /en/shop/tezgah/7919-26ntv-c1
https://equsto.com/en/shop/dolap/7919-27ntv-c1	ERROR	ERROR	https://equsto.com/en/shop/dolap/7919-27ntv-c1		Failed to parse URL from /en/shop/tezgah/7919-27ntv-c1
https://equsto.com/en/shop/dolap/7919-36ntv-c1	ERROR	ERROR	https://equsto.com/en/shop/dolap/7919-36ntv-c1		Failed to parse URL from /en/shop/tezgah/7919-36ntv-c1
https://equsto.com/en/shop/dolap/7919-37ntv-c1	ERROR	ERROR	https://equsto.com/en/shop/dolap/7919-37ntv-c1		Failed to parse URL from /en/shop/tezgah/7919-37ntv-c1
https://equsto.com/en/shop/dolap/7919-46ntv-c1	ERROR	ERROR	https://equsto.com/en/shop/dolap/7919-46ntv-c1		Failed to parse URL from /en/shop/tezgah/7919-46ntv-c1
https://equsto.com/en/shop/dolap/7919-47ntv-c1	ERROR	ERROR	https://equsto.com/en/shop/dolap/7919-47ntv-c1		Failed to parse URL from /en/shop/tezgah/7919-47ntv-c1
https://equsto.com/en/shop/dolap/7919-26ntv-c2	ERROR	ERROR	https://equsto.com/en/shop/dolap/7919-26ntv-c2		Failed to parse URL from /en/shop/tezgah/7919-26ntv-c2
https://equsto.com/en/shop/dolap/7919-27ntv-c2	ERROR	ERROR	https://equsto.com/en/shop/dolap/7919-27ntv-c2		Failed to parse URL from /en/shop/tezgah/7919-27ntv-c2
https://equsto.com/en/shop/dolap/7919-36ntv-c2	ERROR	ERROR	https://equsto.com/en/shop/dolap/7919-36ntv-c2		Failed to parse URL from /en/shop/tezgah/7919-36ntv-c2
https://equsto.com/en/shop/dolap/7919-37ntv-c2	ERROR	ERROR	https://equsto.com/en/shop/dolap/7919-37ntv-c2		Failed to parse URL from /en/shop/tezgah/7919-37ntv-c2
https://equsto.com/en/shop/dolap/7919-46ntv-c2	ERROR	ERROR	https://equsto.com/en/shop/dolap/7919-46ntv-c2		Failed to parse URL from /en/shop/tezgah/7919-46ntv-c2
https://equsto.com/en/shop/dolap/7919-47ntv-c2	ERROR	ERROR	https://equsto.com/en/shop/dolap/7919-47ntv-c2		Failed to parse URL from /en/shop/tezgah/7919-47ntv-c2
https://equsto.com/en/shop/dolap/7758-106a8-11	ERROR	ERROR	https://equsto.com/en/shop/dolap/7758-106a8-11		Failed to parse URL from /en/shop/tezgah/7758-106a8-11
https://equsto.com/en/shop/dolap/7758-126a8-11	ERROR	ERROR	https://equsto.com/en/shop/dolap/7758-126a8-11		Failed to parse URL from /en/shop/tezgah/7758-126a8-11
https://equsto.com/en/shop/dolap/7758-146e8-11	ERROR	ERROR	https://equsto.com/en/shop/dolap/7758-146e8-11		Failed to parse URL from /en/shop/tezgah/7758-146e8-11
https://equsto.com/en/shop/dolap/7758-107c8-11	ERROR	ERROR	https://equsto.com/en/shop/dolap/7758-107c8-11		Failed to parse URL from /en/shop/tezgah/7758-107c8-11
https://equsto.com/en/shop/dolap/7758-127c8-11	ERROR	ERROR	https://equsto.com/en/shop/dolap/7758-127c8-11		Failed to parse URL from /en/shop/tezgah/7758-127c8-11
https://equsto.com/en/shop/dolap/7758-147c8-11	ERROR	ERROR	https://equsto.com/en/shop/dolap/7758-147c8-11		Failed to parse URL from /en/shop/tezgah/7758-147c8-11
https://equsto.com/en/shop/dolap/7758-147d8-11	ERROR	ERROR	https://equsto.com/en/shop/dolap/7758-147d8-11		Failed to parse URL from /en/shop/tezgah/7758-147d8-11
https://equsto.com/en/shop/dolap/7758-106a8-15	ERROR	ERROR	https://equsto.com/en/shop/dolap/7758-106a8-15		Failed to parse URL from /en/shop/tezgah/7758-106a8-15
https://equsto.com/en/shop/dolap/7758-126a8-15	ERROR	ERROR	https://equsto.com/en/shop/dolap/7758-126a8-15		Failed to parse URL from /en/shop/tezgah/7758-126a8-15
https://equsto.com/en/shop/dolap/7758-146e8-15	ERROR	ERROR	https://equsto.com/en/shop/dolap/7758-146e8-15		Failed to parse URL from /en/shop/tezgah/7758-146e8-15
https://equsto.com/en/shop/dolap/7758-107c8-15	ERROR	ERROR	https://equsto.com/en/shop/dolap/7758-107c8-15		Failed to parse URL from /en/shop/tezgah/7758-107c8-15
https://equsto.com/en/shop/dolap/7758-127c8-15	ERROR	ERROR	https://equsto.com/en/shop/dolap/7758-127c8-15		Failed to parse URL from /en/shop/tezgah/7758-127c8-15
https://equsto.com/en/shop/dolap/7758-147c8-15	ERROR	ERROR	https://equsto.com/en/shop/dolap/7758-147c8-15		Failed to parse URL from /en/shop/tezgah/7758-147c8-15
https://equsto.com/en/shop/dolap/7758-147d8-15	ERROR	ERROR	https://equsto.com/en/shop/dolap/7758-147d8-15		Failed to parse URL from /en/shop/tezgah/7758-147d8-15
https://equsto.com/en/shop/dolap/7754-106a8-11	ERROR	ERROR	https://equsto.com/en/shop/dolap/7754-106a8-11		Failed to parse URL from /en/shop/tezgah/7754-106a8-11
https://equsto.com/en/shop/dolap/7754-126a8-11	ERROR	ERROR	https://equsto.com/en/shop/dolap/7754-126a8-11		Failed to parse URL from /en/shop/tezgah/7754-126a8-11
https://equsto.com/en/shop/dolap/7754-146e8-11	ERROR	ERROR	https://equsto.com/en/shop/dolap/7754-146e8-11		Failed to parse URL from /en/shop/tezgah/7754-146e8-11
https://equsto.com/en/shop/dolap/7754-107c8-11	ERROR	ERROR	https://equsto.com/en/shop/dolap/7754-107c8-11		Failed to parse URL from /en/shop/tezgah/7754-107c8-11
https://equsto.com/en/shop/dolap/7754-127c8-11	ERROR	ERROR	https://equsto.com/en/shop/dolap/7754-127c8-11		Failed to parse URL from /en/shop/tezgah/7754-127c8-11
https://equsto.com/en/shop/dolap/7754-147c8-11	ERROR	ERROR	https://equsto.com/en/shop/dolap/7754-147c8-11		Failed to parse URL from /en/shop/tezgah/7754-147c8-11
https://equsto.com/en/shop/dolap/7754-147d8-11	ERROR	ERROR	https://equsto.com/en/shop/dolap/7754-147d8-11		Failed to parse URL from /en/shop/tezgah/7754-147d8-11
https://equsto.com/en/shop/dolap/7754-106a8-15	ERROR	ERROR	https://equsto.com/en/shop/dolap/7754-106a8-15		Failed to parse URL from /en/shop/tezgah/7754-106a8-15
https://equsto.com/en/shop/dolap/7754-126a8-15	ERROR	ERROR	https://equsto.com/en/shop/dolap/7754-126a8-15		Failed to parse URL from /en/shop/tezgah/7754-126a8-15
https://equsto.com/en/shop/dolap/7754-146e8-15	ERROR	ERROR	https://equsto.com/en/shop/dolap/7754-146e8-15		Failed to parse URL from /en/shop/tezgah/7754-146e8-15
https://equsto.com/en/shop/dolap/7754-107c8-15	ERROR	ERROR	https://equsto.com/en/shop/dolap/7754-107c8-15		Failed to parse URL from /en/shop/tezgah/7754-107c8-15
https://equsto.com/en/shop/dolap/7754-127c8-15	ERROR	ERROR	https://equsto.com/en/shop/dolap/7754-127c8-15		Failed to parse URL from /en/shop/tezgah/7754-127c8-15
https://equsto.com/en/shop/dolap/7754-147c8-15	ERROR	ERROR	https://equsto.com/en/shop/dolap/7754-147c8-15		Failed to parse URL from /en/shop/tezgah/7754-147c8-15
https://equsto.com/en/shop/dolap/7754-147d8-15	ERROR	ERROR	https://equsto.com/en/shop/dolap/7754-147d8-15		Failed to parse URL from /en/shop/tezgah/7754-147d8-15
https://equsto.com/en/shop/dolap/7758-126e8-27	ERROR	ERROR	https://equsto.com/en/shop/dolap/7758-126e8-27		Failed to parse URL from /en/shop/tezgah/7758-126e8-27
https://equsto.com/en/shop/dolap/7758-146e8-27	ERROR	ERROR	https://equsto.com/en/shop/dolap/7758-146e8-27		Failed to parse URL from /en/shop/tezgah/7758-146e8-27
https://equsto.com/en/shop/dolap/7758-127c8-27	ERROR	ERROR	https://equsto.com/en/shop/dolap/7758-127c8-27		Failed to parse URL from /en/shop/tezgah/7758-127c8-27
https://equsto.com/en/shop/dolap/7758-147c8-27	ERROR	ERROR	https://equsto.com/en/shop/dolap/7758-147c8-27		Failed to parse URL from /en/shop/tezgah/7758-147c8-27
https://equsto.com/en/shop/dolap/7758-147d8-27	ERROR	ERROR	https://equsto.com/en/shop/dolap/7758-147d8-27		Failed to parse URL from /en/shop/tezgah/7758-147d8-27
https://equsto.com/en/shop/dolap/7754-126e8-27	ERROR	ERROR	https://equsto.com/en/shop/dolap/7754-126e8-27		Failed to parse URL from /en/shop/tezgah/7754-126e8-27
https://equsto.com/en/shop/dolap/7754-146e8-27	ERROR	ERROR	https://equsto.com/en/shop/dolap/7754-146e8-27		Failed to parse URL from /en/shop/tezgah/7754-146e8-27
https://equsto.com/en/shop/dolap/7754-127c8-27	ERROR	ERROR	https://equsto.com/en/shop/dolap/7754-127c8-27		Failed to parse URL from /en/shop/tezgah/7754-127c8-27
https://equsto.com/en/shop/dolap/7754-147c8-27	ERROR	ERROR	https://equsto.com/en/shop/dolap/7754-147c8-27		Failed to parse URL from /en/shop/tezgah/7754-147c8-27
https://equsto.com/en/shop/dolap/7754-147d8-27	ERROR	ERROR	https://equsto.com/en/shop/dolap/7754-147d8-27		Failed to parse URL from /en/shop/tezgah/7754-147d8-27
https://equsto.com/en/shop/dolap/7758-056a8-01	ERROR	ERROR	https://equsto.com/en/shop/dolap/7758-056a8-01		Failed to parse URL from /en/shop/tezgah/7758-056a8-01
https://equsto.com/en/shop/dolap/7758-066a8-01	ERROR	ERROR	https://equsto.com/en/shop/dolap/7758-066a8-01		Failed to parse URL from /en/shop/tezgah/7758-066a8-01
https://equsto.com/en/shop/dolap/7758-066e8-01	ERROR	ERROR	https://equsto.com/en/shop/dolap/7758-066e8-01		Failed to parse URL from /en/shop/tezgah/7758-066e8-01
https://equsto.com/en/shop/dolap/7758-076e8-01	ERROR	ERROR	https://equsto.com/en/shop/dolap/7758-076e8-01		Failed to parse URL from /en/shop/tezgah/7758-076e8-01
https://equsto.com/en/shop/dolap/7758-057b8-01	ERROR	ERROR	https://equsto.com/en/shop/dolap/7758-057b8-01		Failed to parse URL from /en/shop/tezgah/7758-057b8-01
https://equsto.com/en/shop/dolap/7758-067b8-01	ERROR	ERROR	https://equsto.com/en/shop/dolap/7758-067b8-01		Failed to parse URL from /en/shop/tezgah/7758-067b8-01
https://equsto.com/en/shop/dolap/7758-067c8-01	ERROR	ERROR	https://equsto.com/en/shop/dolap/7758-067c8-01		Failed to parse URL from /en/shop/tezgah/7758-067c8-01
https://equsto.com/en/shop/dolap/7758-077c8-01	ERROR	ERROR	https://equsto.com/en/shop/dolap/7758-077c8-01		Failed to parse URL from /en/shop/tezgah/7758-077c8-01
https://equsto.com/en/shop/dolap/7758-077d8-01	ERROR	ERROR	https://equsto.com/en/shop/dolap/7758-077d8-01		Failed to parse URL from /en/shop/tezgah/7758-077d8-01
https://equsto.com/en/shop/dolap/7758-087d8-01	ERROR	ERROR	https://equsto.com/en/shop/dolap/7758-087d8-01		Failed to parse URL from /en/shop/tezgah/7758-087d8-01
https://equsto.com/en/shop/dolap/7754-056a8-01	ERROR	ERROR	https://equsto.com/en/shop/dolap/7754-056a8-01		Failed to parse URL from /en/shop/tezgah/7754-056a8-01
https://equsto.com/en/shop/dolap/7754-066a8-01	ERROR	ERROR	https://equsto.com/en/shop/dolap/7754-066a8-01		Failed to parse URL from /en/shop/tezgah/7754-066a8-01
https://equsto.com/en/shop/dolap/7754-066e8-01	ERROR	ERROR	https://equsto.com/en/shop/dolap/7754-066e8-01		Failed to parse URL from /en/shop/tezgah/7754-066e8-01
https://equsto.com/en/shop/dolap/7754-076e8-01	ERROR	ERROR	https://equsto.com/en/shop/dolap/7754-076e8-01		Failed to parse URL from /en/shop/tezgah/7754-076e8-01
https://equsto.com/en/shop/dolap/7754-057b8-01	ERROR	ERROR	https://equsto.com/en/shop/dolap/7754-057b8-01		Failed to parse URL from /en/shop/tezgah/7754-057b8-01
https://equsto.com/en/shop/dolap/7754-067b8-01	ERROR	ERROR	https://equsto.com/en/shop/dolap/7754-067b8-01		Failed to parse URL from /en/shop/tezgah/7754-067b8-01
https://equsto.com/en/shop/dolap/7754-067c8-01	ERROR	ERROR	https://equsto.com/en/shop/dolap/7754-067c8-01		Failed to parse URL from /en/shop/tezgah/7754-067c8-01
https://equsto.com/en/shop/dolap/7754-077c8-01	ERROR	ERROR	https://equsto.com/en/shop/dolap/7754-077c8-01		Failed to parse URL from /en/shop/tezgah/7754-077c8-01
https://equsto.com/en/shop/dolap/7754-077d8-01	ERROR	ERROR	https://equsto.com/en/shop/dolap/7754-077d8-01		Failed to parse URL from /en/shop/tezgah/7754-077d8-01
https://equsto.com/en/shop/dolap/7754-087d8-01	ERROR	ERROR	https://equsto.com/en/shop/dolap/7754-087d8-01		Failed to parse URL from /en/shop/tezgah/7754-087d8-01
https://equsto.com/en/shop/dolap/7758-196a8-41	ERROR	ERROR	https://equsto.com/en/shop/dolap/7758-196a8-41		Failed to parse URL from /en/shop/tezgah/7758-196a8-41
https://equsto.com/en/shop/dolap/7758-216a8-41	TIMEOUT	TIMEOUT	https://equsto.com/en/shop/dolap/7758-216a8-41		This operation was aborted
https://equsto.com/en/shop/dolap/7758-246e8-41	ERROR	ERROR	https://equsto.com/en/shop/dolap/7758-246e8-41		Failed to parse URL from /en/shop/tezgah/7758-246e8-41
https://equsto.com/en/shop/dolap/7754-196a8-41	ERROR	ERROR	https://equsto.com/en/shop/dolap/7754-196a8-41		Failed to parse URL from /en/shop/tezgah/7754-196a8-41
https://equsto.com/en/shop/dolap/7754-216a8-41	ERROR	ERROR	https://equsto.com/en/shop/dolap/7754-216a8-41		Failed to parse URL from /en/shop/tezgah/7754-216a8-41
https://equsto.com/en/shop/dolap/7754-246e8-41	ERROR	ERROR	https://equsto.com/en/shop/dolap/7754-246e8-41		Failed to parse URL from /en/shop/tezgah/7754-246e8-41
https://equsto.com/en/shop/dolap/7758-126a8-13	ERROR	ERROR	https://equsto.com/en/shop/dolap/7758-126a8-13		Failed to parse URL from /en/shop/tezgah/7758-126a8-13
https://equsto.com/en/shop/dolap/7758-146a8-13	ERROR	ERROR	https://equsto.com/en/shop/dolap/7758-146a8-13		Failed to parse URL from /en/shop/tezgah/7758-146a8-13
https://equsto.com/en/shop/dolap/7758-166a8-13	TIMEOUT	TIMEOUT	https://equsto.com/en/shop/dolap/7758-166a8-13		This operation was aborted
https://equsto.com/en/shop/dolap/7758-147c8-13	ERROR	ERROR	https://equsto.com/en/shop/dolap/7758-147c8-13		Failed to parse URL from /en/shop/tezgah/7758-147c8-13
https://equsto.com/en/shop/dolap/7758-167c8-13	ERROR	ERROR	https://equsto.com/en/shop/dolap/7758-167c8-13		Failed to parse URL from /en/shop/tezgah/7758-167c8-13
https://equsto.com/en/shop/dolap/7754-126a8-13	ERROR	ERROR	https://equsto.com/en/shop/dolap/7754-126a8-13		Failed to parse URL from /en/shop/tezgah/7754-126a8-13
https://equsto.com/en/shop/dolap/7754-146a8-13	TIMEOUT	TIMEOUT	https://equsto.com/en/shop/dolap/7754-146a8-13		This operation was aborted
https://equsto.com/en/shop/dolap/7754-166a8-13	ERROR	ERROR	https://equsto.com/en/shop/dolap/7754-166a8-13		Failed to parse URL from /en/shop/tezgah/7754-166a8-13
https://equsto.com/en/shop/dolap/7754-147c8-13	ERROR	ERROR	https://equsto.com/en/shop/dolap/7754-147c8-13		Failed to parse URL from /en/shop/tezgah/7754-147c8-13
https://equsto.com/en/shop/dolap/7754-167c8-13	ERROR	ERROR	https://equsto.com/en/shop/dolap/7754-167c8-13		Failed to parse URL from /en/shop/tezgah/7754-167c8-13
https://equsto.com/en/shop/dolap/7758-126a5-13	ERROR	ERROR	https://equsto.com/en/shop/dolap/7758-126a5-13		Failed to parse URL from /en/shop/tezgah/7758-126a5-13
https://equsto.com/en/shop/dolap/7758-146a5-13	TIMEOUT	TIMEOUT	https://equsto.com/en/shop/dolap/7758-146a5-13		This operation was aborted
https://equsto.com/en/shop/dolap/7758-166a5-13	ERROR	ERROR	https://equsto.com/en/shop/dolap/7758-166a5-13		Failed to parse URL from /en/shop/tezgah/7758-166a5-13
https://equsto.com/en/shop/dolap/7758-147c5-13	ERROR	ERROR	https://equsto.com/en/shop/dolap/7758-147c5-13		Failed to parse URL from /en/shop/tezgah/7758-147c5-13
https://equsto.com/en/shop/dolap/7758-167c5-13	ERROR	ERROR	https://equsto.com/en/shop/dolap/7758-167c5-13		Failed to parse URL from /en/shop/tezgah/7758-167c5-13
https://equsto.com/en/shop/dolap/7754-126a5-13	TIMEOUT	TIMEOUT	https://equsto.com/en/shop/dolap/7754-126a5-13		This operation was aborted
https://equsto.com/en/shop/dolap/7754-146a5-13	ERROR	ERROR	https://equsto.com/en/shop/dolap/7754-146a5-13		Failed to parse URL from /en/shop/tezgah/7754-146a5-13
https://equsto.com/en/shop/dolap/7754-166a5-13	ERROR	ERROR	https://equsto.com/en/shop/dolap/7754-166a5-13		Failed to parse URL from /en/shop/tezgah/7754-166a5-13
https://equsto.com/en/shop/dolap/7754-147c5-13	ERROR	ERROR	https://equsto.com/en/shop/dolap/7754-147c5-13		Failed to parse URL from /en/shop/tezgah/7754-147c5-13
https://equsto.com/en/shop/dolap/7754-167c5-13	ERROR	ERROR	https://equsto.com/en/shop/dolap/7754-167c5-13		Failed to parse URL from /en/shop/tezgah/7754-167c5-13
https://equsto.com/en/shop/dolap/7758-146eb-11	ERROR	ERROR	https://equsto.com/en/shop/dolap/7758-146eb-11		Failed to parse URL from /en/shop/tezgah/7758-146eb-11
https://equsto.com/en/shop/dolap/7758-127cb-11	ERROR	ERROR	https://equsto.com/en/shop/dolap/7758-127cb-11		Failed to parse URL from /en/shop/tezgah/7758-127cb-11
https://equsto.com/en/shop/dolap/7758-146eb-15	ERROR	ERROR	https://equsto.com/en/shop/dolap/7758-146eb-15		Failed to parse URL from /en/shop/tezgah/7758-146eb-15
https://equsto.com/en/shop/dolap/7758-127cb-15	ERROR	ERROR	https://equsto.com/en/shop/dolap/7758-127cb-15		Failed to parse URL from /en/shop/tezgah/7758-127cb-15
https://equsto.com/en/shop/dolap/7758-147cb-15	ERROR	ERROR	https://equsto.com/en/shop/dolap/7758-147cb-15		Failed to parse URL from /en/shop/tezgah/7758-147cb-15
https://equsto.com/en/shop/dolap/7754-126ab-11	ERROR	ERROR	https://equsto.com/en/shop/dolap/7754-126ab-11		Failed to parse URL from /en/shop/tezgah/7754-126ab-11
https://equsto.com/en/shop/dolap/7754-146eb-11	ERROR	ERROR	https://equsto.com/en/shop/dolap/7754-146eb-11		Failed to parse URL from /en/shop/tezgah/7754-146eb-11
https://equsto.com/en/shop/dolap/7754-127cb-11	ERROR	ERROR	https://equsto.com/en/shop/dolap/7754-127cb-11		Failed to parse URL from /en/shop/tezgah/7754-127cb-11
https://equsto.com/en/shop/dolap/7754-147cb-11	ERROR	ERROR	https://equsto.com/en/shop/dolap/7754-147cb-11		Failed to parse URL from /en/shop/tezgah/7754-147cb-11
https://equsto.com/en/shop/dolap/7754-126ab-15	ERROR	ERROR	https://equsto.com/en/shop/dolap/7754-126ab-15		Failed to parse URL from /en/shop/tezgah/7754-126ab-15
https://equsto.com/en/shop/dolap/7754-146eb-15	ERROR	ERROR	https://equsto.com/en/shop/dolap/7754-146eb-15		Failed to parse URL from /en/shop/tezgah/7754-146eb-15
https://equsto.com/en/shop/dolap/7754-127cb-15	ERROR	ERROR	https://equsto.com/en/shop/dolap/7754-127cb-15		Failed to parse URL from /en/shop/tezgah/7754-127cb-15
https://equsto.com/en/shop/dolap/7754-147cb-15	ERROR	ERROR	https://equsto.com/en/shop/dolap/7754-147cb-15		Failed to parse URL from /en/shop/tezgah/7754-147cb-15
https://equsto.com/en/shop/dolap/7758-187cb-21	ERROR	ERROR	https://equsto.com/en/shop/dolap/7758-187cb-21		Failed to parse URL from /en/shop/tezgah/7758-187cb-21
https://equsto.com/en/shop/dolap/7758-207cb-21	ERROR	ERROR	https://equsto.com/en/shop/dolap/7758-207cb-21		Failed to parse URL from /en/shop/tezgah/7758-207cb-21
https://equsto.com/en/shop/dolap/7758-187cb-25	ERROR	ERROR	https://equsto.com/en/shop/dolap/7758-187cb-25		Failed to parse URL from /en/shop/tezgah/7758-187cb-25
https://equsto.com/en/shop/dolap/7758-197cb-25	ERROR	ERROR	https://equsto.com/en/shop/dolap/7758-197cb-25		Failed to parse URL from /en/shop/tezgah/7758-197cb-25
https://equsto.com/en/shop/dolap/7754-166ab-21	ERROR	ERROR	https://equsto.com/en/shop/dolap/7754-166ab-21		Failed to parse URL from /en/shop/tezgah/7754-166ab-21
https://equsto.com/en/shop/dolap/7754-186eb-21	ERROR	ERROR	https://equsto.com/en/shop/dolap/7754-186eb-21		Failed to parse URL from /en/shop/tezgah/7754-186eb-21
https://equsto.com/en/shop/dolap/7754-187cb-21	ERROR	ERROR	https://equsto.com/en/shop/dolap/7754-187cb-21		Failed to parse URL from /en/shop/tezgah/7754-187cb-21
https://equsto.com/en/shop/dolap/7754-197cb-21	ERROR	ERROR	https://equsto.com/en/shop/dolap/7754-197cb-21		Failed to parse URL from /en/shop/tezgah/7754-197cb-21
https://equsto.com/en/shop/dolap/7754-207cb-21	TIMEOUT	TIMEOUT	https://equsto.com/en/shop/dolap/7754-207cb-21		This operation was aborted
https://equsto.com/en/shop/dolap/7754-166ab-25	TIMEOUT	TIMEOUT	https://equsto.com/en/shop/dolap/7754-166ab-25		This operation was aborted
https://equsto.com/en/shop/dolap/7754-186eb-25	ERROR	ERROR	https://equsto.com/en/shop/dolap/7754-186eb-25		Failed to parse URL from /en/shop/tezgah/7754-186eb-25
https://equsto.com/en/shop/dolap/7754-187cb-25	ERROR	ERROR	https://equsto.com/en/shop/dolap/7754-187cb-25		Failed to parse URL from /en/shop/tezgah/7754-187cb-25
https://equsto.com/en/shop/dolap/7754-197cb-25	TIMEOUT	TIMEOUT	https://equsto.com/en/shop/dolap/7754-197cb-25		This operation was aborted
https://equsto.com/en/shop/dolap/7754-207cb-25	TIMEOUT	TIMEOUT	https://equsto.com/en/shop/dolap/7754-207cb-25		This operation was aborted
https://equsto.com/en/shop/dolap/7758-146a5-21	ERROR	ERROR	https://equsto.com/en/shop/dolap/7758-146a5-21		Failed to parse URL from /en/shop/tezgah/7758-146a5-21
https://equsto.com/en/shop/dolap/7758-156a5-21	ERROR	ERROR	https://equsto.com/en/shop/dolap/7758-156a5-21		Failed to parse URL from /en/shop/tezgah/7758-156a5-21
https://equsto.com/en/shop/dolap/7758-166a5-21	ERROR	ERROR	https://equsto.com/en/shop/dolap/7758-166a5-21		Failed to parse URL from /en/shop/tezgah/7758-166a5-21
https://equsto.com/en/shop/dolap/7758-166e5-21	TIMEOUT	TIMEOUT	https://equsto.com/en/shop/dolap/7758-166e5-21		This operation was aborted
https://equsto.com/en/shop/dolap/7758-186e5-21	ERROR	ERROR	https://equsto.com/en/shop/dolap/7758-186e5-21		Failed to parse URL from /en/shop/tezgah/7758-186e5-21
https://equsto.com/en/shop/dolap/7758-196e5-21	ERROR	ERROR	https://equsto.com/en/shop/dolap/7758-196e5-21		Failed to parse URL from /en/shop/tezgah/7758-196e5-21
https://equsto.com/en/shop/dolap/7758-157b5-21	ERROR	ERROR	https://equsto.com/en/shop/dolap/7758-157b5-21		Failed to parse URL from /en/shop/tezgah/7758-157b5-21
https://equsto.com/en/shop/dolap/7758-167b5-21	ERROR	ERROR	https://equsto.com/en/shop/dolap/7758-167b5-21		Failed to parse URL from /en/shop/tezgah/7758-167b5-21
https://equsto.com/en/shop/dolap/7758-167c5-21	ERROR	ERROR	https://equsto.com/en/shop/dolap/7758-167c5-21		Failed to parse URL from /en/shop/tezgah/7758-167c5-21
https://equsto.com/en/shop/dolap/7758-187c5-21	ERROR	ERROR	https://equsto.com/en/shop/dolap/7758-187c5-21		Failed to parse URL from /en/shop/tezgah/7758-187c5-21
https://equsto.com/en/shop/dolap/7758-197c5-21	ERROR	ERROR	https://equsto.com/en/shop/dolap/7758-197c5-21		Failed to parse URL from /en/shop/tezgah/7758-197c5-21
https://equsto.com/en/shop/dolap/7758-197d5-21	ERROR	ERROR	https://equsto.com/en/shop/dolap/7758-197d5-21		Failed to parse URL from /en/shop/tezgah/7758-197d5-21
https://equsto.com/en/shop/dolap/7758-207c5-21	ERROR	ERROR	https://equsto.com/en/shop/dolap/7758-207c5-21		Failed to parse URL from /en/shop/tezgah/7758-207c5-21
https://equsto.com/en/shop/dolap/7758-217d5-21	ERROR	ERROR	https://equsto.com/en/shop/dolap/7758-217d5-21		Failed to parse URL from /en/shop/tezgah/7758-217d5-21
https://equsto.com/en/shop/dolap/7758-146a5-25	ERROR	ERROR	https://equsto.com/en/shop/dolap/7758-146a5-25		Failed to parse URL from /en/shop/tezgah/7758-146a5-25
https://equsto.com/en/shop/dolap/7758-156a5-25	ERROR	ERROR	https://equsto.com/en/shop/dolap/7758-156a5-25		Failed to parse URL from /en/shop/tezgah/7758-156a5-25
https://equsto.com/en/shop/dolap/7758-166a5-25	ERROR	ERROR	https://equsto.com/en/shop/dolap/7758-166a5-25		Failed to parse URL from /en/shop/tezgah/7758-166a5-25
https://equsto.com/en/shop/dolap/7758-166e5-25	ERROR	ERROR	https://equsto.com/en/shop/dolap/7758-166e5-25		Failed to parse URL from /en/shop/tezgah/7758-166e5-25
https://equsto.com/en/shop/dolap/7758-186e5-25	ERROR	ERROR	https://equsto.com/en/shop/dolap/7758-186e5-25		Failed to parse URL from /en/shop/tezgah/7758-186e5-25
https://equsto.com/en/shop/dolap/7758-196e5-25	ERROR	ERROR	https://equsto.com/en/shop/dolap/7758-196e5-25		Failed to parse URL from /en/shop/tezgah/7758-196e5-25
https://equsto.com/en/shop/dolap/7758-157b5-25	ERROR	ERROR	https://equsto.com/en/shop/dolap/7758-157b5-25		Failed to parse URL from /en/shop/tezgah/7758-157b5-25
https://equsto.com/en/shop/dolap/7758-167b5-25	ERROR	ERROR	https://equsto.com/en/shop/dolap/7758-167b5-25		Failed to parse URL from /en/shop/tezgah/7758-167b5-25
https://equsto.com/en/shop/dolap/7758-167c5-25	ERROR	ERROR	https://equsto.com/en/shop/dolap/7758-167c5-25		Failed to parse URL from /en/shop/tezgah/7758-167c5-25
https://equsto.com/en/shop/dolap/7758-187c5-25	ERROR	ERROR	https://equsto.com/en/shop/dolap/7758-187c5-25		Failed to parse URL from /en/shop/tezgah/7758-187c5-25
https://equsto.com/en/shop/dolap/7758-197c5-25	TIMEOUT	TIMEOUT	https://equsto.com/en/shop/dolap/7758-197c5-25		This operation was aborted
https://equsto.com/en/shop/dolap/7758-197d5-25	ERROR	ERROR	https://equsto.com/en/shop/dolap/7758-197d5-25		Failed to parse URL from /en/shop/tezgah/7758-197d5-25
https://equsto.com/en/shop/dolap/7758-207c5-25	TIMEOUT	TIMEOUT	https://equsto.com/en/shop/dolap/7758-207c5-25		This operation was aborted
https://equsto.com/en/shop/dolap/7758-217d5-25	ERROR	ERROR	https://equsto.com/en/shop/dolap/7758-217d5-25		Failed to parse URL from /en/shop/tezgah/7758-217d5-25
https://equsto.com/en/shop/dolap/7754-146a5-21	ERROR	ERROR	https://equsto.com/en/shop/dolap/7754-146a5-21		Failed to parse URL from /en/shop/tezgah/7754-146a5-21
https://equsto.com/en/shop/dolap/7754-156a5-21	ERROR	ERROR	https://equsto.com/en/shop/dolap/7754-156a5-21		Failed to parse URL from /en/shop/tezgah/7754-156a5-21
https://equsto.com/en/shop/dolap/7754-166a5-21	ERROR	ERROR	https://equsto.com/en/shop/dolap/7754-166a5-21		Failed to parse URL from /en/shop/tezgah/7754-166a5-21
https://equsto.com/en/shop/dolap/7754-166e5-21	TIMEOUT	TIMEOUT	https://equsto.com/en/shop/dolap/7754-166e5-21		This operation was aborted
https://equsto.com/en/shop/dolap/7754-186e5-21	TIMEOUT	TIMEOUT	https://equsto.com/en/shop/dolap/7754-186e5-21		This operation was aborted
https://equsto.com/en/shop/dolap/7754-196e5-21	TIMEOUT	TIMEOUT	https://equsto.com/en/shop/dolap/7754-196e5-21		This operation was aborted
https://equsto.com/en/shop/dolap/7754-157b5-21	ERROR	ERROR	https://equsto.com/en/shop/dolap/7754-157b5-21		Failed to parse URL from /en/shop/tezgah/7754-157b5-21
https://equsto.com/en/shop/dolap/7754-167b5-21	ERROR	ERROR	https://equsto.com/en/shop/dolap/7754-167b5-21		Failed to parse URL from /en/shop/tezgah/7754-167b5-21
https://equsto.com/en/shop/dolap/7754-167c5-21	ERROR	ERROR	https://equsto.com/en/shop/dolap/7754-167c5-21		Failed to parse URL from /en/shop/tezgah/7754-167c5-21
https://equsto.com/en/shop/dolap/7754-187c5-21	ERROR	ERROR	https://equsto.com/en/shop/dolap/7754-187c5-21		Failed to parse URL from /en/shop/tezgah/7754-187c5-21
https://equsto.com/en/shop/dolap/7754-197c5-21	ERROR	ERROR	https://equsto.com/en/shop/dolap/7754-197c5-21		Failed to parse URL from /en/shop/tezgah/7754-197c5-21
https://equsto.com/en/shop/dolap/7754-197d5-21	ERROR	ERROR	https://equsto.com/en/shop/dolap/7754-197d5-21		Failed to parse URL from /en/shop/tezgah/7754-197d5-21
https://equsto.com/en/shop/dolap/7754-207c5-21	ERROR	ERROR	https://equsto.com/en/shop/dolap/7754-207c5-21		Failed to parse URL from /en/shop/tezgah/7754-207c5-21
https://equsto.com/en/shop/dolap/7754-217d5-21	ERROR	ERROR	https://equsto.com/en/shop/dolap/7754-217d5-21		Failed to parse URL from /en/shop/tezgah/7754-217d5-21
https://equsto.com/en/shop/dolap/7754-146a5-25	TIMEOUT	TIMEOUT	https://equsto.com/en/shop/dolap/7754-146a5-25		This operation was aborted
https://equsto.com/en/shop/dolap/7754-156a5-25	ERROR	ERROR	https://equsto.com/en/shop/dolap/7754-156a5-25		Failed to parse URL from /en/shop/tezgah/7754-156a5-25
https://equsto.com/en/shop/dolap/7754-166a5-25	ERROR	ERROR	https://equsto.com/en/shop/dolap/7754-166a5-25		Failed to parse URL from /en/shop/tezgah/7754-166a5-25
https://equsto.com/en/shop/dolap/7754-166e5-25	ERROR	ERROR	https://equsto.com/en/shop/dolap/7754-166e5-25		Failed to parse URL from /en/shop/tezgah/7754-166e5-25
https://equsto.com/en/shop/dolap/7754-186e5-25	ERROR	ERROR	https://equsto.com/en/shop/dolap/7754-186e5-25		Failed to parse URL from /en/shop/tezgah/7754-186e5-25
https://equsto.com/en/shop/dolap/7754-196e5-25	ERROR	ERROR	https://equsto.com/en/shop/dolap/7754-196e5-25		Failed to parse URL from /en/shop/tezgah/7754-196e5-25
https://equsto.com/en/shop/dolap/7754-157b5-25	ERROR	ERROR	https://equsto.com/en/shop/dolap/7754-157b5-25		Failed to parse URL from /en/shop/tezgah/7754-157b5-25
https://equsto.com/en/shop/dolap/7754-167b5-25	ERROR	ERROR	https://equsto.com/en/shop/dolap/7754-167b5-25		Failed to parse URL from /en/shop/tezgah/7754-167b5-25
https://equsto.com/en/shop/dolap/7754-167c5-25	ERROR	ERROR	https://equsto.com/en/shop/dolap/7754-167c5-25		Failed to parse URL from /en/shop/tezgah/7754-167c5-25
https://equsto.com/en/shop/dolap/7754-187c5-25	ERROR	ERROR	https://equsto.com/en/shop/dolap/7754-187c5-25		Failed to parse URL from /en/shop/tezgah/7754-187c5-25
https://equsto.com/en/shop/dolap/7754-197c5-25	ERROR	ERROR	https://equsto.com/en/shop/dolap/7754-197c5-25		Failed to parse URL from /en/shop/tezgah/7754-197c5-25
https://equsto.com/en/shop/dolap/7754-197d5-25	ERROR	ERROR	https://equsto.com/en/shop/dolap/7754-197d5-25		Failed to parse URL from /en/shop/tezgah/7754-197d5-25
https://equsto.com/en/shop/dolap/7754-207c5-25	ERROR	ERROR	https://equsto.com/en/shop/dolap/7754-207c5-25		Failed to parse URL from /en/shop/tezgah/7754-207c5-25
https://equsto.com/en/shop/dolap/7754-217d5-25	ERROR	ERROR	https://equsto.com/en/shop/dolap/7754-217d5-25		Failed to parse URL from /en/shop/tezgah/7754-217d5-25
https://equsto.com/en/shop/dolap/7758-146a8-21	ERROR	ERROR	https://equsto.com/en/shop/dolap/7758-146a8-21		Failed to parse URL from /en/shop/tezgah/7758-146a8-21
https://equsto.com/en/shop/dolap/7758-156a8-21	ERROR	ERROR	https://equsto.com/en/shop/dolap/7758-156a8-21		Failed to parse URL from /en/shop/tezgah/7758-156a8-21
https://equsto.com/en/shop/dolap/7758-166a8-21	ERROR	ERROR	https://equsto.com/en/shop/dolap/7758-166a8-21		Failed to parse URL from /en/shop/tezgah/7758-166a8-21
https://equsto.com/en/shop/dolap/7758-166e8-21	ERROR	ERROR	https://equsto.com/en/shop/dolap/7758-166e8-21		Failed to parse URL from /en/shop/tezgah/7758-166e8-21
https://equsto.com/en/shop/dolap/7758-186e8-21	ERROR	ERROR	https://equsto.com/en/shop/dolap/7758-186e8-21		Failed to parse URL from /en/shop/tezgah/7758-186e8-21
https://equsto.com/en/shop/dolap/7758-196e8-21	ERROR	ERROR	https://equsto.com/en/shop/dolap/7758-196e8-21		Failed to parse URL from /en/shop/tezgah/7758-196e8-21
https://equsto.com/en/shop/dolap/7758-157b8-21	ERROR	ERROR	https://equsto.com/en/shop/dolap/7758-157b8-21		Failed to parse URL from /en/shop/tezgah/7758-157b8-21
https://equsto.com/en/shop/dolap/7758-167b8-21	ERROR	ERROR	https://equsto.com/en/shop/dolap/7758-167b8-21		Failed to parse URL from /en/shop/tezgah/7758-167b8-21
https://equsto.com/en/shop/dolap/7758-167c8-21	ERROR	ERROR	https://equsto.com/en/shop/dolap/7758-167c8-21		Failed to parse URL from /en/shop/tezgah/7758-167c8-21
https://equsto.com/en/shop/dolap/7758-187c8-21	ERROR	ERROR	https://equsto.com/en/shop/dolap/7758-187c8-21		Failed to parse URL from /en/shop/tezgah/7758-187c8-21
https://equsto.com/en/shop/dolap/7758-197c8-21	ERROR	ERROR	https://equsto.com/en/shop/dolap/7758-197c8-21		Failed to parse URL from /en/shop/tezgah/7758-197c8-21
https://equsto.com/en/shop/dolap/7758-197d8-21	ERROR	ERROR	https://equsto.com/en/shop/dolap/7758-197d8-21		Failed to parse URL from /en/shop/tezgah/7758-197d8-21
https://equsto.com/en/shop/dolap/7758-207c8-21	ERROR	ERROR	https://equsto.com/en/shop/dolap/7758-207c8-21		Failed to parse URL from /en/shop/tezgah/7758-207c8-21
https://equsto.com/en/shop/dolap/7758-217d8-21	ERROR	ERROR	https://equsto.com/en/shop/dolap/7758-217d8-21		Failed to parse URL from /en/shop/tezgah/7758-217d8-21
https://equsto.com/en/shop/dolap/7758-146a8-25	ERROR	ERROR	https://equsto.com/en/shop/dolap/7758-146a8-25		Failed to parse URL from /en/shop/tezgah/7758-146a8-25
https://equsto.com/en/shop/dolap/7758-156a8-25	ERROR	ERROR	https://equsto.com/en/shop/dolap/7758-156a8-25		Failed to parse URL from /en/shop/tezgah/7758-156a8-25
https://equsto.com/en/shop/dolap/7758-166a8-25	ERROR	ERROR	https://equsto.com/en/shop/dolap/7758-166a8-25		Failed to parse URL from /en/shop/tezgah/7758-166a8-25
https://equsto.com/en/shop/dolap/7758-166e8-25	ERROR	ERROR	https://equsto.com/en/shop/dolap/7758-166e8-25		Failed to parse URL from /en/shop/tezgah/7758-166e8-25
https://equsto.com/en/shop/dolap/7758-186e8-25	ERROR	ERROR	https://equsto.com/en/shop/dolap/7758-186e8-25		Failed to parse URL from /en/shop/tezgah/7758-186e8-25
https://equsto.com/en/shop/dolap/7758-196e8-25	ERROR	ERROR	https://equsto.com/en/shop/dolap/7758-196e8-25		Failed to parse URL from /en/shop/tezgah/7758-196e8-25
https://equsto.com/en/shop/dolap/7758-157b8-25	ERROR	ERROR	https://equsto.com/en/shop/dolap/7758-157b8-25		Failed to parse URL from /en/shop/tezgah/7758-157b8-25
https://equsto.com/en/shop/dolap/7758-167b8-25	ERROR	ERROR	https://equsto.com/en/shop/dolap/7758-167b8-25		Failed to parse URL from /en/shop/tezgah/7758-167b8-25
https://equsto.com/en/shop/dolap/7758-167c8-25	ERROR	ERROR	https://equsto.com/en/shop/dolap/7758-167c8-25		Failed to parse URL from /en/shop/tezgah/7758-167c8-25
https://equsto.com/en/shop/dolap/7758-187c8-25	ERROR	ERROR	https://equsto.com/en/shop/dolap/7758-187c8-25		Failed to parse URL from /en/shop/tezgah/7758-187c8-25
https://equsto.com/en/shop/dolap/7758-197c8-25	ERROR	ERROR	https://equsto.com/en/shop/dolap/7758-197c8-25		Failed to parse URL from /en/shop/tezgah/7758-197c8-25
https://equsto.com/en/shop/dolap/7758-197d8-25	ERROR	ERROR	https://equsto.com/en/shop/dolap/7758-197d8-25		Failed to parse URL from /en/shop/tezgah/7758-197d8-25
https://equsto.com/en/shop/dolap/7758-207c8-25	ERROR	ERROR	https://equsto.com/en/shop/dolap/7758-207c8-25		Failed to parse URL from /en/shop/tezgah/7758-207c8-25
https://equsto.com/en/shop/dolap/7758-217d8-25	ERROR	ERROR	https://equsto.com/en/shop/dolap/7758-217d8-25		Failed to parse URL from /en/shop/tezgah/7758-217d8-25
https://equsto.com/en/shop/dolap/7754-146a8-21	ERROR	ERROR	https://equsto.com/en/shop/dolap/7754-146a8-21		Failed to parse URL from /en/shop/tezgah/7754-146a8-21
https://equsto.com/en/shop/dolap/7754-156a8-21	ERROR	ERROR	https://equsto.com/en/shop/dolap/7754-156a8-21		Failed to parse URL from /en/shop/tezgah/7754-156a8-21
https://equsto.com/en/shop/dolap/7754-166a8-21	ERROR	ERROR	https://equsto.com/en/shop/dolap/7754-166a8-21		Failed to parse URL from /en/shop/tezgah/7754-166a8-21
https://equsto.com/en/shop/dolap/7754-166e8-21	ERROR	ERROR	https://equsto.com/en/shop/dolap/7754-166e8-21		Failed to parse URL from /en/shop/tezgah/7754-166e8-21
https://equsto.com/en/shop/dolap/7754-186e8-21	ERROR	ERROR	https://equsto.com/en/shop/dolap/7754-186e8-21		Failed to parse URL from /en/shop/tezgah/7754-186e8-21
https://equsto.com/en/shop/dolap/7754-196e8-21	ERROR	ERROR	https://equsto.com/en/shop/dolap/7754-196e8-21		Failed to parse URL from /en/shop/tezgah/7754-196e8-21
https://equsto.com/en/shop/dolap/7754-157b8-21	ERROR	ERROR	https://equsto.com/en/shop/dolap/7754-157b8-21		Failed to parse URL from /en/shop/tezgah/7754-157b8-21
https://equsto.com/en/shop/dolap/7754-167b8-21	ERROR	ERROR	https://equsto.com/en/shop/dolap/7754-167b8-21		Failed to parse URL from /en/shop/tezgah/7754-167b8-21
https://equsto.com/en/shop/dolap/7754-167c8-21	ERROR	ERROR	https://equsto.com/en/shop/dolap/7754-167c8-21		Failed to parse URL from /en/shop/tezgah/7754-167c8-21
https://equsto.com/en/shop/dolap/7754-187c8-21	ERROR	ERROR	https://equsto.com/en/shop/dolap/7754-187c8-21		Failed to parse URL from /en/shop/tezgah/7754-187c8-21
https://equsto.com/en/shop/dolap/7754-197c8-21	ERROR	ERROR	https://equsto.com/en/shop/dolap/7754-197c8-21		Failed to parse URL from /en/shop/tezgah/7754-197c8-21
https://equsto.com/en/shop/dolap/7754-197d8-21	ERROR	ERROR	https://equsto.com/en/shop/dolap/7754-197d8-21		Failed to parse URL from /en/shop/tezgah/7754-197d8-21
https://equsto.com/en/shop/dolap/7754-207c8-21	ERROR	ERROR	https://equsto.com/en/shop/dolap/7754-207c8-21		Failed to parse URL from /en/shop/tezgah/7754-207c8-21
https://equsto.com/en/shop/dolap/7754-217d8-21	ERROR	ERROR	https://equsto.com/en/shop/dolap/7754-217d8-21		Failed to parse URL from /en/shop/tezgah/7754-217d8-21
https://equsto.com/en/shop/dolap/7754-146a8-25	ERROR	ERROR	https://equsto.com/en/shop/dolap/7754-146a8-25		Failed to parse URL from /en/shop/tezgah/7754-146a8-25
https://equsto.com/en/shop/dolap/7754-156a8-25	ERROR	ERROR	https://equsto.com/en/shop/dolap/7754-156a8-25		Failed to parse URL from /en/shop/tezgah/7754-156a8-25
https://equsto.com/en/shop/dolap/7754-166a8-25	ERROR	ERROR	https://equsto.com/en/shop/dolap/7754-166a8-25		Failed to parse URL from /en/shop/tezgah/7754-166a8-25
https://equsto.com/en/shop/dolap/7754-166e8-25	ERROR	ERROR	https://equsto.com/en/shop/dolap/7754-166e8-25		Failed to parse URL from /en/shop/tezgah/7754-166e8-25
https://equsto.com/en/shop/dolap/7754-186e8-25	ERROR	ERROR	https://equsto.com/en/shop/dolap/7754-186e8-25		Failed to parse URL from /en/shop/tezgah/7754-186e8-25
https://equsto.com/en/shop/dolap/7754-196e8-25	ERROR	ERROR	https://equsto.com/en/shop/dolap/7754-196e8-25		Failed to parse URL from /en/shop/tezgah/7754-196e8-25
https://equsto.com/en/shop/dolap/7754-157b8-25	ERROR	ERROR	https://equsto.com/en/shop/dolap/7754-157b8-25		Failed to parse URL from /en/shop/tezgah/7754-157b8-25
https://equsto.com/en/shop/dolap/7754-167b8-25	ERROR	ERROR	https://equsto.com/en/shop/dolap/7754-167b8-25		Failed to parse URL from /en/shop/tezgah/7754-167b8-25
https://equsto.com/en/shop/dolap/7754-167c8-25	ERROR	ERROR	https://equsto.com/en/shop/dolap/7754-167c8-25		Failed to parse URL from /en/shop/tezgah/7754-167c8-25
https://equsto.com/en/shop/dolap/7754-187c8-25	ERROR	ERROR	https://equsto.com/en/shop/dolap/7754-187c8-25		Failed to parse URL from /en/shop/tezgah/7754-187c8-25
https://equsto.com/en/shop/dolap/7754-197c8-25	ERROR	ERROR	https://equsto.com/en/shop/dolap/7754-197c8-25		Failed to parse URL from /en/shop/tezgah/7754-197c8-25
https://equsto.com/en/shop/dolap/7754-197d8-25	ERROR	ERROR	https://equsto.com/en/shop/dolap/7754-197d8-25		Failed to parse URL from /en/shop/tezgah/7754-197d8-25
https://equsto.com/en/shop/dolap/7754-207c8-25	ERROR	ERROR	https://equsto.com/en/shop/dolap/7754-207c8-25		Failed to parse URL from /en/shop/tezgah/7754-207c8-25
https://equsto.com/en/shop/dolap/7754-217d8-25	ERROR	ERROR	https://equsto.com/en/shop/dolap/7754-217d8-25		Failed to parse URL from /en/shop/tezgah/7754-217d8-25
https://equsto.com/en/shop/dolap/7758-166a5-23	ERROR	ERROR	https://equsto.com/en/shop/dolap/7758-166a5-23		Failed to parse URL from /en/shop/tezgah/7758-166a5-23
https://equsto.com/en/shop/dolap/7758-186e5-23	ERROR	ERROR	https://equsto.com/en/shop/dolap/7758-186e5-23		Failed to parse URL from /en/shop/tezgah/7758-186e5-23
https://equsto.com/en/shop/dolap/7758-196e5-23	ERROR	ERROR	https://equsto.com/en/shop/dolap/7758-196e5-23		Failed to parse URL from /en/shop/tezgah/7758-196e5-23
https://equsto.com/en/shop/dolap/7758-216e5-23	ERROR	ERROR	https://equsto.com/en/shop/dolap/7758-216e5-23		Failed to parse URL from /en/shop/tezgah/7758-216e5-23
https://equsto.com/en/shop/dolap/7758-246e5-23	ERROR	ERROR	https://equsto.com/en/shop/dolap/7758-246e5-23		Failed to parse URL from /en/shop/tezgah/7758-246e5-23
https://equsto.com/en/shop/dolap/7758-187c5-23	ERROR	ERROR	https://equsto.com/en/shop/dolap/7758-187c5-23		Failed to parse URL from /en/shop/tezgah/7758-187c5-23
https://equsto.com/en/shop/dolap/7758-197c5-23	ERROR	ERROR	https://equsto.com/en/shop/dolap/7758-197c5-23		Failed to parse URL from /en/shop/tezgah/7758-197c5-23
https://equsto.com/en/shop/dolap/7758-207c5-23	ERROR	ERROR	https://equsto.com/en/shop/dolap/7758-207c5-23		Failed to parse URL from /en/shop/tezgah/7758-207c5-23
https://equsto.com/en/shop/dolap/7758-247d5-23	ERROR	ERROR	https://equsto.com/en/shop/dolap/7758-247d5-23		Failed to parse URL from /en/shop/tezgah/7758-247d5-23
https://equsto.com/en/shop/dolap/7754-166a5-23	ERROR	ERROR	https://equsto.com/en/shop/dolap/7754-166a5-23		Failed to parse URL from /en/shop/tezgah/7754-166a5-23
https://equsto.com/en/shop/dolap/7754-186e5-23	ERROR	ERROR	https://equsto.com/en/shop/dolap/7754-186e5-23		Failed to parse URL from /en/shop/tezgah/7754-186e5-23
https://equsto.com/en/shop/dolap/7754-196e5-23	ERROR	ERROR	https://equsto.com/en/shop/dolap/7754-196e5-23		Failed to parse URL from /en/shop/tezgah/7754-196e5-23
https://equsto.com/en/shop/dolap/7754-216e5-23	ERROR	ERROR	https://equsto.com/en/shop/dolap/7754-216e5-23		Failed to parse URL from /en/shop/tezgah/7754-216e5-23
https://equsto.com/en/shop/dolap/7754-246e5-23	ERROR	ERROR	https://equsto.com/en/shop/dolap/7754-246e5-23		Failed to parse URL from /en/shop/tezgah/7754-246e5-23
https://equsto.com/en/shop/dolap/7754-187c5-23	ERROR	ERROR	https://equsto.com/en/shop/dolap/7754-187c5-23		Failed to parse URL from /en/shop/tezgah/7754-187c5-23
https://equsto.com/en/shop/dolap/7754-197c5-23	ERROR	ERROR	https://equsto.com/en/shop/dolap/7754-197c5-23		Failed to parse URL from /en/shop/tezgah/7754-197c5-23
https://equsto.com/en/shop/dolap/7754-207c5-23	ERROR	ERROR	https://equsto.com/en/shop/dolap/7754-207c5-23		Failed to parse URL from /en/shop/tezgah/7754-207c5-23
https://equsto.com/en/shop/dolap/7754-247d5-23	ERROR	ERROR	https://equsto.com/en/shop/dolap/7754-247d5-23		Failed to parse URL from /en/shop/tezgah/7754-247d5-23
https://equsto.com/en/shop/dolap/7758-166a5-35	ERROR	ERROR	https://equsto.com/en/shop/dolap/7758-166a5-35		Failed to parse URL from /en/shop/tezgah/7758-166a5-35
https://equsto.com/en/shop/dolap/7758-186e5-35	ERROR	ERROR	https://equsto.com/en/shop/dolap/7758-186e5-35		Failed to parse URL from /en/shop/tezgah/7758-186e5-35
https://equsto.com/en/shop/dolap/7758-196e5-35	ERROR	ERROR	https://equsto.com/en/shop/dolap/7758-196e5-35		Failed to parse URL from /en/shop/tezgah/7758-196e5-35
https://equsto.com/en/shop/dolap/7758-187c5-35	ERROR	ERROR	https://equsto.com/en/shop/dolap/7758-187c5-35		Failed to parse URL from /en/shop/tezgah/7758-187c5-35
https://equsto.com/en/shop/dolap/7758-197c5-35	ERROR	ERROR	https://equsto.com/en/shop/dolap/7758-197c5-35		Failed to parse URL from /en/shop/tezgah/7758-197c5-35
https://equsto.com/en/shop/dolap/7754-166a5-35	ERROR	ERROR	https://equsto.com/en/shop/dolap/7754-166a5-35		Failed to parse URL from /en/shop/tezgah/7754-166a5-35
https://equsto.com/en/shop/dolap/7754-186e5-35	ERROR	ERROR	https://equsto.com/en/shop/dolap/7754-186e5-35		Failed to parse URL from /en/shop/tezgah/7754-186e5-35
https://equsto.com/en/shop/dolap/7754-196e5-35	ERROR	ERROR	https://equsto.com/en/shop/dolap/7754-196e5-35		Failed to parse URL from /en/shop/tezgah/7754-196e5-35
https://equsto.com/en/shop/dolap/7754-187c5-35	ERROR	ERROR	https://equsto.com/en/shop/dolap/7754-187c5-35		Failed to parse URL from /en/shop/tezgah/7754-187c5-35
https://equsto.com/en/shop/dolap/7754-197c5-35	ERROR	ERROR	https://equsto.com/en/shop/dolap/7754-197c5-35		Failed to parse URL from /en/shop/tezgah/7754-197c5-35
https://equsto.com/en/shop/dolap/7758-166a8-35	ERROR	ERROR	https://equsto.com/en/shop/dolap/7758-166a8-35		Failed to parse URL from /en/shop/tezgah/7758-166a8-35
https://equsto.com/en/shop/dolap/7758-186e8-35	ERROR	ERROR	https://equsto.com/en/shop/dolap/7758-186e8-35		Failed to parse URL from /en/shop/tezgah/7758-186e8-35
https://equsto.com/en/shop/dolap/7758-196e8-35	ERROR	ERROR	https://equsto.com/en/shop/dolap/7758-196e8-35		Failed to parse URL from /en/shop/tezgah/7758-196e8-35
https://equsto.com/en/shop/dolap/7758-187c8-35	ERROR	ERROR	https://equsto.com/en/shop/dolap/7758-187c8-35		Failed to parse URL from /en/shop/tezgah/7758-187c8-35
https://equsto.com/en/shop/dolap/7758-197c8-35	ERROR	ERROR	https://equsto.com/en/shop/dolap/7758-197c8-35		Failed to parse URL from /en/shop/tezgah/7758-197c8-35
https://equsto.com/en/shop/dolap/7754-166a8-35	ERROR	ERROR	https://equsto.com/en/shop/dolap/7754-166a8-35		Failed to parse URL from /en/shop/tezgah/7754-166a8-35
https://equsto.com/en/shop/dolap/7754-186e8-35	ERROR	ERROR	https://equsto.com/en/shop/dolap/7754-186e8-35		Failed to parse URL from /en/shop/tezgah/7754-186e8-35
https://equsto.com/en/shop/dolap/7754-196e8-35	ERROR	ERROR	https://equsto.com/en/shop/dolap/7754-196e8-35		Failed to parse URL from /en/shop/tezgah/7754-196e8-35
https://equsto.com/en/shop/dolap/7754-187c8-35	ERROR	ERROR	https://equsto.com/en/shop/dolap/7754-187c8-35		Failed to parse URL from /en/shop/tezgah/7754-187c8-35
https://equsto.com/en/shop/dolap/7754-197c8-35	ERROR	ERROR	https://equsto.com/en/shop/dolap/7754-197c8-35		Failed to parse URL from /en/shop/tezgah/7754-197c8-35
https://equsto.com/en/shop/dolap/7758-166a8-23	ERROR	ERROR	https://equsto.com/en/shop/dolap/7758-166a8-23		Failed to parse URL from /en/shop/tezgah/7758-166a8-23
https://equsto.com/en/shop/dolap/7758-186e8-23	ERROR	ERROR	https://equsto.com/en/shop/dolap/7758-186e8-23		Failed to parse URL from /en/shop/tezgah/7758-186e8-23
https://equsto.com/en/shop/dolap/7758-196e8-23	ERROR	ERROR	https://equsto.com/en/shop/dolap/7758-196e8-23		Failed to parse URL from /en/shop/tezgah/7758-196e8-23
https://equsto.com/en/shop/dolap/7758-216e8-23	ERROR	ERROR	https://equsto.com/en/shop/dolap/7758-216e8-23		Failed to parse URL from /en/shop/tezgah/7758-216e8-23
https://equsto.com/en/shop/dolap/7758-246e8-23	ERROR	ERROR	https://equsto.com/en/shop/dolap/7758-246e8-23		Failed to parse URL from /en/shop/tezgah/7758-246e8-23
https://equsto.com/en/shop/dolap/7758-187c8-23	ERROR	ERROR	https://equsto.com/en/shop/dolap/7758-187c8-23		Failed to parse URL from /en/shop/tezgah/7758-187c8-23
https://equsto.com/en/shop/dolap/7758-197c8-23	ERROR	ERROR	https://equsto.com/en/shop/dolap/7758-197c8-23		Failed to parse URL from /en/shop/tezgah/7758-197c8-23
https://equsto.com/en/shop/dolap/7758-207c8-23	ERROR	ERROR	https://equsto.com/en/shop/dolap/7758-207c8-23		Failed to parse URL from /en/shop/tezgah/7758-207c8-23
https://equsto.com/en/shop/dolap/7758-247d8-23	ERROR	ERROR	https://equsto.com/en/shop/dolap/7758-247d8-23		Failed to parse URL from /en/shop/tezgah/7758-247d8-23
https://equsto.com/en/shop/dolap/7754-166a8-23	ERROR	ERROR	https://equsto.com/en/shop/dolap/7754-166a8-23		Failed to parse URL from /en/shop/tezgah/7754-166a8-23
https://equsto.com/en/shop/dolap/7754-186e8-23	ERROR	ERROR	https://equsto.com/en/shop/dolap/7754-186e8-23		Failed to parse URL from /en/shop/tezgah/7754-186e8-23
https://equsto.com/en/shop/dolap/7754-196e8-23	ERROR	ERROR	https://equsto.com/en/shop/dolap/7754-196e8-23		Failed to parse URL from /en/shop/tezgah/7754-196e8-23
https://equsto.com/en/shop/dolap/7754-216e8-23	ERROR	ERROR	https://equsto.com/en/shop/dolap/7754-216e8-23		Failed to parse URL from /en/shop/tezgah/7754-216e8-23
https://equsto.com/en/shop/dolap/7754-246e8-23	ERROR	ERROR	https://equsto.com/en/shop/dolap/7754-246e8-23		Failed to parse URL from /en/shop/tezgah/7754-246e8-23
https://equsto.com/en/shop/dolap/7754-187c8-23	ERROR	ERROR	https://equsto.com/en/shop/dolap/7754-187c8-23		Failed to parse URL from /en/shop/tezgah/7754-187c8-23
https://equsto.com/en/shop/dolap/7754-197c8-23	ERROR	ERROR	https://equsto.com/en/shop/dolap/7754-197c8-23		Failed to parse URL from /en/shop/tezgah/7754-197c8-23
https://equsto.com/en/shop/dolap/7754-207c8-23	ERROR	ERROR	https://equsto.com/en/shop/dolap/7754-207c8-23		Failed to parse URL from /en/shop/tezgah/7754-207c8-23
https://equsto.com/en/shop/dolap/7754-247d8-23	ERROR	ERROR	https://equsto.com/en/shop/dolap/7754-247d8-23		Failed to parse URL from /en/shop/tezgah/7754-247d8-23
https://equsto.com/en/shop/dolap/7758-196a5-31	ERROR	ERROR	https://equsto.com/en/shop/dolap/7758-196a5-31		Failed to parse URL from /en/shop/tezgah/7758-196a5-31
https://equsto.com/en/shop/dolap/7758-216e5-31	ERROR	ERROR	https://equsto.com/en/shop/dolap/7758-216e5-31		Failed to parse URL from /en/shop/tezgah/7758-216e5-31
https://equsto.com/en/shop/dolap/7758-246e5-31	ERROR	ERROR	https://equsto.com/en/shop/dolap/7758-246e5-31		Failed to parse URL from /en/shop/tezgah/7758-246e5-31
https://equsto.com/en/shop/dolap/7758-247c5-31	ERROR	ERROR	https://equsto.com/en/shop/dolap/7758-247c5-31		Failed to parse URL from /en/shop/tezgah/7758-247c5-31
https://equsto.com/en/shop/dolap/7758-196a5-33	ERROR	ERROR	https://equsto.com/en/shop/dolap/7758-196a5-33		Failed to parse URL from /en/shop/tezgah/7758-196a5-33
https://equsto.com/en/shop/dolap/7758-216e5-33	ERROR	ERROR	https://equsto.com/en/shop/dolap/7758-216e5-33		Failed to parse URL from /en/shop/tezgah/7758-216e5-33
https://equsto.com/en/shop/dolap/7758-246e5-33	ERROR	ERROR	https://equsto.com/en/shop/dolap/7758-246e5-33		Failed to parse URL from /en/shop/tezgah/7758-246e5-33
https://equsto.com/en/shop/dolap/7758-247c5-33	ERROR	ERROR	https://equsto.com/en/shop/dolap/7758-247c5-33		Failed to parse URL from /en/shop/tezgah/7758-247c5-33
https://equsto.com/en/shop/dolap/7754-196a5-31	ERROR	ERROR	https://equsto.com/en/shop/dolap/7754-196a5-31		Failed to parse URL from /en/shop/tezgah/7754-196a5-31
https://equsto.com/en/shop/dolap/7754-216e5-31	ERROR	ERROR	https://equsto.com/en/shop/dolap/7754-216e5-31		Failed to parse URL from /en/shop/tezgah/7754-216e5-31
https://equsto.com/en/shop/dolap/7754-246e5-31	ERROR	ERROR	https://equsto.com/en/shop/dolap/7754-246e5-31		Failed to parse URL from /en/shop/tezgah/7754-246e5-31
https://equsto.com/en/shop/dolap/7754-247c5-31	ERROR	ERROR	https://equsto.com/en/shop/dolap/7754-247c5-31		Failed to parse URL from /en/shop/tezgah/7754-247c5-31
https://equsto.com/en/shop/dolap/7754-196a5-33	ERROR	ERROR	https://equsto.com/en/shop/dolap/7754-196a5-33		Failed to parse URL from /en/shop/tezgah/7754-196a5-33
https://equsto.com/en/shop/dolap/7754-216e5-33	ERROR	ERROR	https://equsto.com/en/shop/dolap/7754-216e5-33		Failed to parse URL from /en/shop/tezgah/7754-216e5-33
https://equsto.com/en/shop/dolap/7754-246e5-33	ERROR	ERROR	https://equsto.com/en/shop/dolap/7754-246e5-33		Failed to parse URL from /en/shop/tezgah/7754-246e5-33
https://equsto.com/en/shop/dolap/7754-247c5-33	ERROR	ERROR	https://equsto.com/en/shop/dolap/7754-247c5-33		Failed to parse URL from /en/shop/tezgah/7754-247c5-33
https://equsto.com/en/shop/dolap/7758-196a8-31	ERROR	ERROR	https://equsto.com/en/shop/dolap/7758-196a8-31		Failed to parse URL from /en/shop/tezgah/7758-196a8-31
https://equsto.com/en/shop/dolap/7758-216e8-31	ERROR	ERROR	https://equsto.com/en/shop/dolap/7758-216e8-31		Failed to parse URL from /en/shop/tezgah/7758-216e8-31
https://equsto.com/en/shop/dolap/7758-246e8-31	ERROR	ERROR	https://equsto.com/en/shop/dolap/7758-246e8-31		Failed to parse URL from /en/shop/tezgah/7758-246e8-31
https://equsto.com/en/shop/dolap/7758-247c8-31	ERROR	ERROR	https://equsto.com/en/shop/dolap/7758-247c8-31		Failed to parse URL from /en/shop/tezgah/7758-247c8-31
https://equsto.com/en/shop/dolap/7758-196a8-33	ERROR	ERROR	https://equsto.com/en/shop/dolap/7758-196a8-33		Failed to parse URL from /en/shop/tezgah/7758-196a8-33
https://equsto.com/en/shop/dolap/7758-216e8-33	ERROR	ERROR	https://equsto.com/en/shop/dolap/7758-216e8-33		Failed to parse URL from /en/shop/tezgah/7758-216e8-33
https://equsto.com/en/shop/dolap/7758-246e8-33	ERROR	ERROR	https://equsto.com/en/shop/dolap/7758-246e8-33		Failed to parse URL from /en/shop/tezgah/7758-246e8-33
https://equsto.com/en/shop/dolap/7758-247c8-33	ERROR	ERROR	https://equsto.com/en/shop/dolap/7758-247c8-33		Failed to parse URL from /en/shop/tezgah/7758-247c8-33
https://equsto.com/en/shop/dolap/7754-196a8-31	ERROR	ERROR	https://equsto.com/en/shop/dolap/7754-196a8-31		Failed to parse URL from /en/shop/tezgah/7754-196a8-31
https://equsto.com/en/shop/dolap/7754-216e8-31	ERROR	ERROR	https://equsto.com/en/shop/dolap/7754-216e8-31		Failed to parse URL from /en/shop/tezgah/7754-216e8-31
https://equsto.com/en/shop/dolap/7754-246e8-31	ERROR	ERROR	https://equsto.com/en/shop/dolap/7754-246e8-31		Failed to parse URL from /en/shop/tezgah/7754-246e8-31
https://equsto.com/en/shop/dolap/7754-247c8-31	ERROR	ERROR	https://equsto.com/en/shop/dolap/7754-247c8-31		Failed to parse URL from /en/shop/tezgah/7754-247c8-31
https://equsto.com/en/shop/dolap/7754-196a8-33	ERROR	ERROR	https://equsto.com/en/shop/dolap/7754-196a8-33		Failed to parse URL from /en/shop/tezgah/7754-196a8-33
https://equsto.com/en/shop/dolap/7754-216e8-33	ERROR	ERROR	https://equsto.com/en/shop/dolap/7754-216e8-33		Failed to parse URL from /en/shop/tezgah/7754-216e8-33
https://equsto.com/en/shop/dolap/7754-246e8-33	ERROR	ERROR	https://equsto.com/en/shop/dolap/7754-246e8-33		Failed to parse URL from /en/shop/tezgah/7754-246e8-33
https://equsto.com/en/shop/dolap/7754-247c8-33	ERROR	ERROR	https://equsto.com/en/shop/dolap/7754-247c8-33		Failed to parse URL from /en/shop/tezgah/7754-247c8-33
https://equsto.com/en/shop/dolap/7911-06060-94	ERROR	ERROR	https://equsto.com/en/shop/dolap/7911-06060-94		Failed to parse URL from /en/shop/tezgah/7911-06060-94
https://equsto.com/en/shop/dolap/7911-09060-94	ERROR	ERROR	https://equsto.com/en/shop/dolap/7911-09060-94		Failed to parse URL from /en/shop/tezgah/7911-09060-94
https://equsto.com/en/shop/dolap/7911-10060-94	ERROR	ERROR	https://equsto.com/en/shop/dolap/7911-10060-94		Failed to parse URL from /en/shop/tezgah/7911-10060-94
https://equsto.com/en/shop/dolap/7911-12060-94	ERROR	ERROR	https://equsto.com/en/shop/dolap/7911-12060-94		Failed to parse URL from /en/shop/tezgah/7911-12060-94
https://equsto.com/en/shop/dolap/7911-14060-94	ERROR	ERROR	https://equsto.com/en/shop/dolap/7911-14060-94		Failed to parse URL from /en/shop/tezgah/7911-14060-94
https://equsto.com/en/shop/dolap/7911-16060-94	ERROR	ERROR	https://equsto.com/en/shop/dolap/7911-16060-94		Failed to parse URL from /en/shop/tezgah/7911-16060-94
https://equsto.com/en/shop/dolap/7911-19060-94	ERROR	ERROR	https://equsto.com/en/shop/dolap/7911-19060-94		Failed to parse URL from /en/shop/tezgah/7911-19060-94
https://equsto.com/en/shop/dolap/7911-06070-94	ERROR	ERROR	https://equsto.com/en/shop/dolap/7911-06070-94		Failed to parse URL from /en/shop/tezgah/7911-06070-94
https://equsto.com/en/shop/dolap/7911-09070-94	ERROR	ERROR	https://equsto.com/en/shop/dolap/7911-09070-94		Failed to parse URL from /en/shop/tezgah/7911-09070-94
https://equsto.com/en/shop/dolap/7911-10070-94	ERROR	ERROR	https://equsto.com/en/shop/dolap/7911-10070-94		Failed to parse URL from /en/shop/tezgah/7911-10070-94
https://equsto.com/en/shop/dolap/7911-12070-94	ERROR	ERROR	https://equsto.com/en/shop/dolap/7911-12070-94		Failed to parse URL from /en/shop/tezgah/7911-12070-94
https://equsto.com/en/shop/dolap/7911-14070-94	ERROR	ERROR	https://equsto.com/en/shop/dolap/7911-14070-94		Failed to parse URL from /en/shop/tezgah/7911-14070-94
https://equsto.com/en/shop/dolap/7911-16070-94	ERROR	ERROR	https://equsto.com/en/shop/dolap/7911-16070-94		Failed to parse URL from /en/shop/tezgah/7911-16070-94
https://equsto.com/en/shop/dolap/7911-19070-94	ERROR	ERROR	https://equsto.com/en/shop/dolap/7911-19070-94		Failed to parse URL from /en/shop/tezgah/7911-19070-94
https://equsto.com/en/shop/dolap/7911-06060-84	ERROR	ERROR	https://equsto.com/en/shop/dolap/7911-06060-84		Failed to parse URL from /en/shop/tezgah/7911-06060-84
https://equsto.com/en/shop/dolap/7911-09060-84	ERROR	ERROR	https://equsto.com/en/shop/dolap/7911-09060-84		Failed to parse URL from /en/shop/tezgah/7911-09060-84
https://equsto.com/en/shop/dolap/7911-10060-84	ERROR	ERROR	https://equsto.com/en/shop/dolap/7911-10060-84		Failed to parse URL from /en/shop/tezgah/7911-10060-84
https://equsto.com/en/shop/dolap/7911-12060-84	ERROR	ERROR	https://equsto.com/en/shop/dolap/7911-12060-84		Failed to parse URL from /en/shop/tezgah/7911-12060-84
https://equsto.com/en/shop/dolap/7911-14060-84	ERROR	ERROR	https://equsto.com/en/shop/dolap/7911-14060-84		Failed to parse URL from /en/shop/tezgah/7911-14060-84
https://equsto.com/en/shop/dolap/7911-16060-84	ERROR	ERROR	https://equsto.com/en/shop/dolap/7911-16060-84		Failed to parse URL from /en/shop/tezgah/7911-16060-84
https://equsto.com/en/shop/dolap/7911-19060-84	ERROR	ERROR	https://equsto.com/en/shop/dolap/7911-19060-84		Failed to parse URL from /en/shop/tezgah/7911-19060-84
https://equsto.com/en/shop/dolap/7911-06070-84	ERROR	ERROR	https://equsto.com/en/shop/dolap/7911-06070-84		Failed to parse URL from /en/shop/tezgah/7911-06070-84
https://equsto.com/en/shop/dolap/7911-09070-84	ERROR	ERROR	https://equsto.com/en/shop/dolap/7911-09070-84		Failed to parse URL from /en/shop/tezgah/7911-09070-84
https://equsto.com/en/shop/dolap/7911-10070-84	ERROR	ERROR	https://equsto.com/en/shop/dolap/7911-10070-84		Failed to parse URL from /en/shop/tezgah/7911-10070-84
https://equsto.com/en/shop/dolap/7911-12070-84	ERROR	ERROR	https://equsto.com/en/shop/dolap/7911-12070-84		Failed to parse URL from /en/shop/tezgah/7911-12070-84
https://equsto.com/en/shop/dolap/7911-14070-84	ERROR	ERROR	https://equsto.com/en/shop/dolap/7911-14070-84		Failed to parse URL from /en/shop/tezgah/7911-14070-84
https://equsto.com/en/shop/dolap/7911-16070-84	ERROR	ERROR	https://equsto.com/en/shop/dolap/7911-16070-84		Failed to parse URL from /en/shop/tezgah/7911-16070-84
https://equsto.com/en/shop/dolap/7911-19070-84	ERROR	ERROR	https://equsto.com/en/shop/dolap/7911-19070-84		Failed to parse URL from /en/shop/tezgah/7911-19070-84
https://equsto.com/en/shop/dolap/7911-06060-95	ERROR	ERROR	https://equsto.com/en/shop/dolap/7911-06060-95		Failed to parse URL from /en/shop/tezgah/7911-06060-95
https://equsto.com/en/shop/dolap/7911-09060-95	ERROR	ERROR	https://equsto.com/en/shop/dolap/7911-09060-95		Failed to parse URL from /en/shop/tezgah/7911-09060-95
https://equsto.com/en/shop/dolap/7911-10060-95	ERROR	ERROR	https://equsto.com/en/shop/dolap/7911-10060-95		Failed to parse URL from /en/shop/tezgah/7911-10060-95
https://equsto.com/en/shop/dolap/7911-12060-95	ERROR	ERROR	https://equsto.com/en/shop/dolap/7911-12060-95		Failed to parse URL from /en/shop/tezgah/7911-12060-95
https://equsto.com/en/shop/dolap/7911-14060-95	ERROR	ERROR	https://equsto.com/en/shop/dolap/7911-14060-95		Failed to parse URL from /en/shop/tezgah/7911-14060-95
https://equsto.com/en/shop/dolap/7911-16060-95	ERROR	ERROR	https://equsto.com/en/shop/dolap/7911-16060-95		Failed to parse URL from /en/shop/tezgah/7911-16060-95
https://equsto.com/en/shop/dolap/7911-19060-95	ERROR	ERROR	https://equsto.com/en/shop/dolap/7911-19060-95		Failed to parse URL from /en/shop/tezgah/7911-19060-95
https://equsto.com/en/shop/dolap/7911-06070-95	ERROR	ERROR	https://equsto.com/en/shop/dolap/7911-06070-95		Failed to parse URL from /en/shop/tezgah/7911-06070-95
https://equsto.com/en/shop/dolap/7911-09070-95	ERROR	ERROR	https://equsto.com/en/shop/dolap/7911-09070-95		Failed to parse URL from /en/shop/tezgah/7911-09070-95
https://equsto.com/en/shop/dolap/7911-10070-95	ERROR	ERROR	https://equsto.com/en/shop/dolap/7911-10070-95		Failed to parse URL from /en/shop/tezgah/7911-10070-95
https://equsto.com/en/shop/dolap/7911-12070-95	ERROR	ERROR	https://equsto.com/en/shop/dolap/7911-12070-95		Failed to parse URL from /en/shop/tezgah/7911-12070-95
https://equsto.com/en/shop/dolap/7911-14070-95	ERROR	ERROR	https://equsto.com/en/shop/dolap/7911-14070-95		Failed to parse URL from /en/shop/tezgah/7911-14070-95
https://equsto.com/en/shop/dolap/7911-16070-95	ERROR	ERROR	https://equsto.com/en/shop/dolap/7911-16070-95		Failed to parse URL from /en/shop/tezgah/7911-16070-95
https://equsto.com/en/shop/dolap/7911-19070-95	ERROR	ERROR	https://equsto.com/en/shop/dolap/7911-19070-95		Failed to parse URL from /en/shop/tezgah/7911-19070-95
https://equsto.com/en/shop/dolap/7911-06060-85	ERROR	ERROR	https://equsto.com/en/shop/dolap/7911-06060-85		Failed to parse URL from /en/shop/tezgah/7911-06060-85
https://equsto.com/en/shop/dolap/7911-09060-85	ERROR	ERROR	https://equsto.com/en/shop/dolap/7911-09060-85		Failed to parse URL from /en/shop/tezgah/7911-09060-85
https://equsto.com/en/shop/dolap/7911-10060-85	ERROR	ERROR	https://equsto.com/en/shop/dolap/7911-10060-85		Failed to parse URL from /en/shop/tezgah/7911-10060-85
https://equsto.com/en/shop/dolap/7911-12060-85	ERROR	ERROR	https://equsto.com/en/shop/dolap/7911-12060-85		Failed to parse URL from /en/shop/tezgah/7911-12060-85
https://equsto.com/en/shop/dolap/7911-14060-85	ERROR	ERROR	https://equsto.com/en/shop/dolap/7911-14060-85		Failed to parse URL from /en/shop/tezgah/7911-14060-85
https://equsto.com/en/shop/dolap/7911-16060-85	ERROR	ERROR	https://equsto.com/en/shop/dolap/7911-16060-85		Failed to parse URL from /en/shop/tezgah/7911-16060-85
https://equsto.com/en/shop/dolap/7911-19060-85	ERROR	ERROR	https://equsto.com/en/shop/dolap/7911-19060-85		Failed to parse URL from /en/shop/tezgah/7911-19060-85
https://equsto.com/en/shop/dolap/7911-06070-85	ERROR	ERROR	https://equsto.com/en/shop/dolap/7911-06070-85		Failed to parse URL from /en/shop/tezgah/7911-06070-85
https://equsto.com/en/shop/dolap/7911-09070-85	ERROR	ERROR	https://equsto.com/en/shop/dolap/7911-09070-85		Failed to parse URL from /en/shop/tezgah/7911-09070-85
https://equsto.com/en/shop/dolap/7911-10070-85	ERROR	ERROR	https://equsto.com/en/shop/dolap/7911-10070-85		Failed to parse URL from /en/shop/tezgah/7911-10070-85
https://equsto.com/en/shop/dolap/7911-12070-85	ERROR	ERROR	https://equsto.com/en/shop/dolap/7911-12070-85		Failed to parse URL from /en/shop/tezgah/7911-12070-85
https://equsto.com/en/shop/dolap/7911-14070-85	ERROR	ERROR	https://equsto.com/en/shop/dolap/7911-14070-85		Failed to parse URL from /en/shop/tezgah/7911-14070-85
https://equsto.com/en/shop/dolap/7911-16070-85	ERROR	ERROR	https://equsto.com/en/shop/dolap/7911-16070-85		Failed to parse URL from /en/shop/tezgah/7911-16070-85
https://equsto.com/en/shop/dolap/7911-19070-85	ERROR	ERROR	https://equsto.com/en/shop/dolap/7911-19070-85		Failed to parse URL from /en/shop/tezgah/7911-19070-85
https://equsto.com/en/shop/dolap/7911-06060-96	ERROR	ERROR	https://equsto.com/en/shop/dolap/7911-06060-96		Failed to parse URL from /en/shop/tezgah/7911-06060-96
https://equsto.com/en/shop/dolap/7911-09060-96	ERROR	ERROR	https://equsto.com/en/shop/dolap/7911-09060-96		Failed to parse URL from /en/shop/tezgah/7911-09060-96
https://equsto.com/en/shop/dolap/7911-10060-96	ERROR	ERROR	https://equsto.com/en/shop/dolap/7911-10060-96		Failed to parse URL from /en/shop/tezgah/7911-10060-96
https://equsto.com/en/shop/dolap/7911-12060-96	ERROR	ERROR	https://equsto.com/en/shop/dolap/7911-12060-96		Failed to parse URL from /en/shop/tezgah/7911-12060-96
https://equsto.com/en/shop/dolap/7911-14060-96	TIMEOUT	TIMEOUT	https://equsto.com/en/shop/dolap/7911-14060-96		This operation was aborted
https://equsto.com/en/shop/dolap/7911-16060-96	ERROR	ERROR	https://equsto.com/en/shop/dolap/7911-16060-96		Failed to parse URL from /en/shop/tezgah/7911-16060-96
https://equsto.com/en/shop/dolap/7911-19060-96	ERROR	ERROR	https://equsto.com/en/shop/dolap/7911-19060-96		Failed to parse URL from /en/shop/tezgah/7911-19060-96
https://equsto.com/en/shop/dolap/7911-06070-96	ERROR	ERROR	https://equsto.com/en/shop/dolap/7911-06070-96		Failed to parse URL from /en/shop/tezgah/7911-06070-96
https://equsto.com/en/shop/dolap/7911-09070-96	TIMEOUT	TIMEOUT	https://equsto.com/en/shop/dolap/7911-09070-96		This operation was aborted
https://equsto.com/en/shop/dolap/7911-10070-96	TIMEOUT	TIMEOUT	https://equsto.com/en/shop/dolap/7911-10070-96		This operation was aborted
https://equsto.com/en/shop/dolap/7911-12070-96	TIMEOUT	TIMEOUT	https://equsto.com/en/shop/dolap/7911-12070-96		This operation was aborted
https://equsto.com/en/shop/dolap/7911-14070-96	TIMEOUT	TIMEOUT	https://equsto.com/en/shop/dolap/7911-14070-96		This operation was aborted
https://equsto.com/en/shop/dolap/7911-16070-96	TIMEOUT	TIMEOUT	https://equsto.com/en/shop/dolap/7911-16070-96		This operation was aborted
https://equsto.com/en/shop/dolap/7911-19070-96	ERROR	ERROR	https://equsto.com/en/shop/dolap/7911-19070-96		Failed to parse URL from /en/shop/tezgah/7911-19070-96
https://equsto.com/en/shop/dolap/7911-06060-79	TIMEOUT	TIMEOUT	https://equsto.com/en/shop/dolap/7911-06060-79		This operation was aborted
https://equsto.com/en/shop/dolap/7911-09060-79	ERROR	ERROR	https://equsto.com/en/shop/dolap/7911-09060-79		Failed to parse URL from /en/shop/tezgah/7911-09060-79
https://equsto.com/en/shop/dolap/7911-10060-79	TIMEOUT	TIMEOUT	https://equsto.com/en/shop/dolap/7911-10060-79		This operation was aborted
https://equsto.com/en/shop/dolap/7911-12060-79	TIMEOUT	TIMEOUT	https://equsto.com/en/shop/dolap/7911-12060-79		This operation was aborted
https://equsto.com/en/shop/dolap/7911-14060-79	TIMEOUT	TIMEOUT	https://equsto.com/en/shop/dolap/7911-14060-79		This operation was aborted
https://equsto.com/en/shop/dolap/7911-16060-79	TIMEOUT	TIMEOUT	https://equsto.com/en/shop/dolap/7911-16060-79		This operation was aborted
https://equsto.com/en/shop/dolap/7911-19060-79	TIMEOUT	TIMEOUT	https://equsto.com/en/shop/dolap/7911-19060-79		This operation was aborted
https://equsto.com/en/shop/dolap/7911-06070-79	TIMEOUT	TIMEOUT	https://equsto.com/en/shop/dolap/7911-06070-79		This operation was aborted
https://equsto.com/en/shop/dolap/7911-09070-79	ERROR	ERROR	https://equsto.com/en/shop/dolap/7911-09070-79		Failed to parse URL from /en/shop/tezgah/7911-09070-79
https://equsto.com/en/shop/dolap/7911-10070-79	ERROR	ERROR	https://equsto.com/en/shop/dolap/7911-10070-79		Failed to parse URL from /en/shop/tezgah/7911-10070-79
https://equsto.com/en/shop/dolap/7911-12070-79	ERROR	ERROR	https://equsto.com/en/shop/dolap/7911-12070-79		Failed to parse URL from /en/shop/tezgah/7911-12070-79
https://equsto.com/en/shop/dolap/7911-14070-79	ERROR	ERROR	https://equsto.com/en/shop/dolap/7911-14070-79		Failed to parse URL from /en/shop/tezgah/7911-14070-79
https://equsto.com/en/shop/dolap/7911-16070-79	ERROR	ERROR	https://equsto.com/en/shop/dolap/7911-16070-79		Failed to parse URL from /en/shop/tezgah/7911-16070-79
https://equsto.com/en/shop/dolap/7911-19070-79	ERROR	ERROR	https://equsto.com/en/shop/dolap/7911-19070-79		Failed to parse URL from /en/shop/tezgah/7911-19070-79
https://equsto.com/en/shop/dolap/7911-06060-83	TIMEOUT	TIMEOUT	https://equsto.com/en/shop/dolap/7911-06060-83		This operation was aborted
https://equsto.com/en/shop/dolap/7911-09060-83	ERROR	ERROR	https://equsto.com/en/shop/dolap/7911-09060-83		Failed to parse URL from /en/shop/tezgah/7911-09060-83
https://equsto.com/en/shop/dolap/7911-10060-83	ERROR	ERROR	https://equsto.com/en/shop/dolap/7911-10060-83		Failed to parse URL from /en/shop/tezgah/7911-10060-83
https://equsto.com/en/shop/dolap/7911-12060-83	ERROR	ERROR	https://equsto.com/en/shop/dolap/7911-12060-83		Failed to parse URL from /en/shop/tezgah/7911-12060-83
https://equsto.com/en/shop/dolap/7911-14060-83	TIMEOUT	TIMEOUT	https://equsto.com/en/shop/dolap/7911-14060-83		This operation was aborted
https://equsto.com/en/shop/dolap/7911-16060-83	TIMEOUT	TIMEOUT	https://equsto.com/en/shop/dolap/7911-16060-83		This operation was aborted
https://equsto.com/en/shop/dolap/7911-19060-83	ERROR	ERROR	https://equsto.com/en/shop/dolap/7911-19060-83		Failed to parse URL from /en/shop/tezgah/7911-19060-83
https://equsto.com/en/shop/dolap/7911-06070-83	TIMEOUT	TIMEOUT	https://equsto.com/en/shop/dolap/7911-06070-83		This operation was aborted
https://equsto.com/en/shop/dolap/7911-09070-83	TIMEOUT	TIMEOUT	https://equsto.com/en/shop/dolap/7911-09070-83		This operation was aborted
https://equsto.com/en/shop/dolap/7911-10070-83	ERROR	ERROR	https://equsto.com/en/shop/dolap/7911-10070-83		Failed to parse URL from /en/shop/tezgah/7911-10070-83
https://equsto.com/en/shop/dolap/7911-12070-83	ERROR	ERROR	https://equsto.com/en/shop/dolap/7911-12070-83		Failed to parse URL from /en/shop/tezgah/7911-12070-83
https://equsto.com/en/shop/dolap/7911-14070-83	TIMEOUT	TIMEOUT	https://equsto.com/en/shop/dolap/7911-14070-83		This operation was aborted
https://equsto.com/en/shop/dolap/7911-16070-83	TIMEOUT	TIMEOUT	https://equsto.com/en/shop/dolap/7911-16070-83		This operation was aborted
https://equsto.com/en/shop/dolap/7911-19070-83	ERROR	ERROR	https://equsto.com/en/shop/dolap/7911-19070-83		Failed to parse URL from /en/shop/tezgah/7911-19070-83
https://equsto.com/en/shop/dolap/7911-06060-00	ERROR	ERROR	https://equsto.com/en/shop/dolap/7911-06060-00		Failed to parse URL from /en/shop/tezgah/7911-06060-00
https://equsto.com/en/shop/dolap/7911-09060-00	ERROR	ERROR	https://equsto.com/en/shop/dolap/7911-09060-00		Failed to parse URL from /en/shop/tezgah/7911-09060-00
https://equsto.com/en/shop/dolap/7911-10060-00	ERROR	ERROR	https://equsto.com/en/shop/dolap/7911-10060-00		Failed to parse URL from /en/shop/tezgah/7911-10060-00
https://equsto.com/en/shop/dolap/7911-12060-00	TIMEOUT	TIMEOUT	https://equsto.com/en/shop/dolap/7911-12060-00		This operation was aborted
https://equsto.com/en/shop/dolap/7911-14060-00	TIMEOUT	TIMEOUT	https://equsto.com/en/shop/dolap/7911-14060-00		This operation was aborted
https://equsto.com/en/shop/dolap/7911-16060-00	TIMEOUT	TIMEOUT	https://equsto.com/en/shop/dolap/7911-16060-00		This operation was aborted
https://equsto.com/en/shop/dolap/7911-19060-00	TIMEOUT	TIMEOUT	https://equsto.com/en/shop/dolap/7911-19060-00		This operation was aborted
https://equsto.com/en/shop/dolap/7911-06070-00	TIMEOUT	TIMEOUT	https://equsto.com/en/shop/dolap/7911-06070-00		This operation was aborted
https://equsto.com/en/shop/dolap/7911-09070-00	TIMEOUT	TIMEOUT	https://equsto.com/en/shop/dolap/7911-09070-00		This operation was aborted
https://equsto.com/en/shop/dolap/7911-10070-00	TIMEOUT	TIMEOUT	https://equsto.com/en/shop/dolap/7911-10070-00		This operation was aborted
https://equsto.com/en/shop/dolap/7911-12070-00	TIMEOUT	TIMEOUT	https://equsto.com/en/shop/dolap/7911-12070-00		This operation was aborted
https://equsto.com/en/shop/dolap/7911-14070-00	TIMEOUT	TIMEOUT	https://equsto.com/en/shop/dolap/7911-14070-00		This operation was aborted
https://equsto.com/en/shop/dolap/7911-16070-00	TIMEOUT	TIMEOUT	https://equsto.com/en/shop/dolap/7911-16070-00		This operation was aborted
https://equsto.com/en/shop/dolap/7911-19070-00	TIMEOUT	TIMEOUT	https://equsto.com/en/shop/dolap/7911-19070-00		This operation was aborted
https://equsto.com/en/shop/dolap/7911-06060-81	TIMEOUT	TIMEOUT	https://equsto.com/en/shop/dolap/7911-06060-81		This operation was aborted
https://equsto.com/en/shop/dolap/7911-09060-81	TIMEOUT	TIMEOUT	https://equsto.com/en/shop/dolap/7911-09060-81		This operation was aborted
https://equsto.com/en/shop/dolap/7911-10060-81	TIMEOUT	TIMEOUT	https://equsto.com/en/shop/dolap/7911-10060-81		This operation was aborted
https://equsto.com/en/shop/dolap/7911-12060-81	TIMEOUT	TIMEOUT	https://equsto.com/en/shop/dolap/7911-12060-81		This operation was aborted
https://equsto.com/en/shop/dolap/7911-14060-81	ERROR	ERROR	https://equsto.com/en/shop/dolap/7911-14060-81		Failed to parse URL from /en/shop/tezgah/7911-14060-81
https://equsto.com/en/shop/dolap/7911-16060-81	ERROR	ERROR	https://equsto.com/en/shop/dolap/7911-16060-81		Failed to parse URL from /en/shop/tezgah/7911-16060-81
https://equsto.com/en/shop/dolap/7911-19060-81	ERROR	ERROR	https://equsto.com/en/shop/dolap/7911-19060-81		Failed to parse URL from /en/shop/tezgah/7911-19060-81
https://equsto.com/en/shop/dolap/7911-06070-81	ERROR	ERROR	https://equsto.com/en/shop/dolap/7911-06070-81		Failed to parse URL from /en/shop/tezgah/7911-06070-81
https://equsto.com/en/shop/dolap/7911-09070-81	TIMEOUT	TIMEOUT	https://equsto.com/en/shop/dolap/7911-09070-81		This operation was aborted
https://equsto.com/en/shop/dolap/7911-10070-81	TIMEOUT	TIMEOUT	https://equsto.com/en/shop/dolap/7911-10070-81		This operation was aborted
https://equsto.com/en/shop/dolap/7911-12070-81	TIMEOUT	TIMEOUT	https://equsto.com/en/shop/dolap/7911-12070-81		This operation was aborted
https://equsto.com/en/shop/dolap/7911-14070-81	ERROR	ERROR	https://equsto.com/en/shop/dolap/7911-14070-81		Failed to parse URL from /en/shop/tezgah/7911-14070-81
https://equsto.com/en/shop/dolap/7911-16070-81	TIMEOUT	TIMEOUT	https://equsto.com/en/shop/dolap/7911-16070-81		This operation was aborted
https://equsto.com/en/shop/dolap/7911-19070-81	ERROR	ERROR	https://equsto.com/en/shop/dolap/7911-19070-81		Failed to parse URL from /en/shop/tezgah/7911-19070-81
https://equsto.com/en/shop/dolap/7911-06060-08	TIMEOUT	TIMEOUT	https://equsto.com/en/shop/dolap/7911-06060-08		This operation was aborted
https://equsto.com/en/shop/dolap/7911-09060-08	ERROR	ERROR	https://equsto.com/en/shop/dolap/7911-09060-08		Failed to parse URL from /en/shop/tezgah/7911-09060-08
https://equsto.com/en/shop/dolap/7911-10060-08	ERROR	ERROR	https://equsto.com/en/shop/dolap/7911-10060-08		Failed to parse URL from /en/shop/tezgah/7911-10060-08
https://equsto.com/en/shop/dolap/7911-12060-08	ERROR	ERROR	https://equsto.com/en/shop/dolap/7911-12060-08		Failed to parse URL from /en/shop/tezgah/7911-12060-08
https://equsto.com/en/shop/dolap/7911-14060-08	ERROR	ERROR	https://equsto.com/en/shop/dolap/7911-14060-08		Failed to parse URL from /en/shop/tezgah/7911-14060-08
https://equsto.com/en/shop/dolap/7911-16060-08	ERROR	ERROR	https://equsto.com/en/shop/dolap/7911-16060-08		Failed to parse URL from /en/shop/tezgah/7911-16060-08
https://equsto.com/en/shop/dolap/7911-19060-08	TIMEOUT	TIMEOUT	https://equsto.com/en/shop/dolap/7911-19060-08		This operation was aborted
https://equsto.com/en/shop/dolap/7911-06070-08	TIMEOUT	TIMEOUT	https://equsto.com/en/shop/dolap/7911-06070-08		This operation was aborted
https://equsto.com/en/shop/dolap/7911-09070-08	TIMEOUT	TIMEOUT	https://equsto.com/en/shop/dolap/7911-09070-08		This operation was aborted
https://equsto.com/en/shop/dolap/7911-10070-08	TIMEOUT	TIMEOUT	https://equsto.com/en/shop/dolap/7911-10070-08		This operation was aborted
https://equsto.com/en/shop/dolap/7911-12070-08	TIMEOUT	TIMEOUT	https://equsto.com/en/shop/dolap/7911-12070-08		This operation was aborted
https://equsto.com/en/shop/dolap/7911-14070-08	TIMEOUT	TIMEOUT	https://equsto.com/en/shop/dolap/7911-14070-08		This operation was aborted
https://equsto.com/en/shop/dolap/7911-16070-08	TIMEOUT	TIMEOUT	https://equsto.com/en/shop/dolap/7911-16070-08		This operation was aborted
https://equsto.com/en/shop/dolap/7911-19070-08	TIMEOUT	TIMEOUT	https://equsto.com/en/shop/dolap/7911-19070-08		This operation was aborted
https://equsto.com/en/shop/dolap/7911-06060-82	ERROR	ERROR	https://equsto.com/en/shop/dolap/7911-06060-82		Failed to parse URL from /en/shop/tezgah/7911-06060-82
https://equsto.com/en/shop/dolap/7911-09060-82	TIMEOUT	TIMEOUT	https://equsto.com/en/shop/dolap/7911-09060-82		This operation was aborted
https://equsto.com/en/shop/dolap/7911-10060-82	TIMEOUT	TIMEOUT	https://equsto.com/en/shop/dolap/7911-10060-82		This operation was aborted
https://equsto.com/en/shop/dolap/7911-12060-82	TIMEOUT	TIMEOUT	https://equsto.com/en/shop/dolap/7911-12060-82		This operation was aborted
https://equsto.com/en/shop/dolap/7911-14060-82	TIMEOUT	TIMEOUT	https://equsto.com/en/shop/dolap/7911-14060-82		This operation was aborted
https://equsto.com/en/shop/dolap/7911-16060-82	ERROR	ERROR	https://equsto.com/en/shop/dolap/7911-16060-82		Failed to parse URL from /en/shop/tezgah/7911-16060-82
https://equsto.com/en/shop/dolap/7911-19060-82	ERROR	ERROR	https://equsto.com/en/shop/dolap/7911-19060-82		Failed to parse URL from /en/shop/tezgah/7911-19060-82
https://equsto.com/en/shop/dolap/7911-06070-82	ERROR	ERROR	https://equsto.com/en/shop/dolap/7911-06070-82		Failed to parse URL from /en/shop/tezgah/7911-06070-82
https://equsto.com/en/shop/dolap/7911-09070-82	ERROR	ERROR	https://equsto.com/en/shop/dolap/7911-09070-82		Failed to parse URL from /en/shop/tezgah/7911-09070-82
https://equsto.com/en/shop/dolap/7911-10070-82	ERROR	ERROR	https://equsto.com/en/shop/dolap/7911-10070-82		Failed to parse URL from /en/shop/tezgah/7911-10070-82
https://equsto.com/en/shop/dolap/7911-12070-82	ERROR	ERROR	https://equsto.com/en/shop/dolap/7911-12070-82		Failed to parse URL from /en/shop/tezgah/7911-12070-82
https://equsto.com/en/shop/dolap/7911-14070-82	ERROR	ERROR	https://equsto.com/en/shop/dolap/7911-14070-82		Failed to parse URL from /en/shop/tezgah/7911-14070-82
https://equsto.com/en/shop/dolap/7911-16070-82	ERROR	ERROR	https://equsto.com/en/shop/dolap/7911-16070-82		Failed to parse URL from /en/shop/tezgah/7911-16070-82
https://equsto.com/en/shop/dolap/7911-19070-82	ERROR	ERROR	https://equsto.com/en/shop/dolap/7911-19070-82		Failed to parse URL from /en/shop/tezgah/7911-19070-82
https://equsto.com/en/shop/dolap/7911-06060-04	ERROR	ERROR	https://equsto.com/en/shop/dolap/7911-06060-04		Failed to parse URL from /en/shop/tezgah/7911-06060-04
https://equsto.com/en/shop/dolap/7911-09060-04	ERROR	ERROR	https://equsto.com/en/shop/dolap/7911-09060-04		Failed to parse URL from /en/shop/tezgah/7911-09060-04
https://equsto.com/en/shop/dolap/7911-10060-04	ERROR	ERROR	https://equsto.com/en/shop/dolap/7911-10060-04		Failed to parse URL from /en/shop/tezgah/7911-10060-04
https://equsto.com/en/shop/dolap/7911-12060-04	ERROR	ERROR	https://equsto.com/en/shop/dolap/7911-12060-04		Failed to parse URL from /en/shop/tezgah/7911-12060-04
https://equsto.com/en/shop/dolap/7911-14060-04	ERROR	ERROR	https://equsto.com/en/shop/dolap/7911-14060-04		Failed to parse URL from /en/shop/tezgah/7911-14060-04
https://equsto.com/en/shop/dolap/7911-16060-04	ERROR	ERROR	https://equsto.com/en/shop/dolap/7911-16060-04		Failed to parse URL from /en/shop/tezgah/7911-16060-04
https://equsto.com/en/shop/dolap/7911-19060-04	ERROR	ERROR	https://equsto.com/en/shop/dolap/7911-19060-04		Failed to parse URL from /en/shop/tezgah/7911-19060-04
https://equsto.com/en/shop/dolap/7911-06070-04	ERROR	ERROR	https://equsto.com/en/shop/dolap/7911-06070-04		Failed to parse URL from /en/shop/tezgah/7911-06070-04
https://equsto.com/en/shop/dolap/7911-09070-04	ERROR	ERROR	https://equsto.com/en/shop/dolap/7911-09070-04		Failed to parse URL from /en/shop/tezgah/7911-09070-04
https://equsto.com/en/shop/dolap/7911-10070-04	ERROR	ERROR	https://equsto.com/en/shop/dolap/7911-10070-04		Failed to parse URL from /en/shop/tezgah/7911-10070-04
https://equsto.com/en/shop/dolap/7911-12070-04	ERROR	ERROR	https://equsto.com/en/shop/dolap/7911-12070-04		Failed to parse URL from /en/shop/tezgah/7911-12070-04
https://equsto.com/en/shop/dolap/7911-14070-04	ERROR	ERROR	https://equsto.com/en/shop/dolap/7911-14070-04		Failed to parse URL from /en/shop/tezgah/7911-14070-04
https://equsto.com/en/shop/dolap/7911-16070-04	ERROR	ERROR	https://equsto.com/en/shop/dolap/7911-16070-04		Failed to parse URL from /en/shop/tezgah/7911-16070-04
https://equsto.com/en/shop/dolap/7911-19070-04	ERROR	ERROR	https://equsto.com/en/shop/dolap/7911-19070-04		Failed to parse URL from /en/shop/tezgah/7911-19070-04
https://equsto.com/en/shop/dolap/7911-12060-28	ERROR	ERROR	https://equsto.com/en/shop/dolap/7911-12060-28		Failed to parse URL from /en/shop/tezgah/7911-12060-28
https://equsto.com/en/shop/dolap/7911-14060-28	ERROR	ERROR	https://equsto.com/en/shop/dolap/7911-14060-28		Failed to parse URL from /en/shop/tezgah/7911-14060-28
https://equsto.com/en/shop/dolap/7911-16060-28	ERROR	ERROR	https://equsto.com/en/shop/dolap/7911-16060-28		Failed to parse URL from /en/shop/tezgah/7911-16060-28
https://equsto.com/en/shop/dolap/7911-19060-28	ERROR	ERROR	https://equsto.com/en/shop/dolap/7911-19060-28		Failed to parse URL from /en/shop/tezgah/7911-19060-28
https://equsto.com/en/shop/dolap/7911-12070-28	ERROR	ERROR	https://equsto.com/en/shop/dolap/7911-12070-28		Failed to parse URL from /en/shop/tezgah/7911-12070-28
https://equsto.com/en/shop/dolap/7911-14070-28	ERROR	ERROR	https://equsto.com/en/shop/dolap/7911-14070-28		Failed to parse URL from /en/shop/tezgah/7911-14070-28
https://equsto.com/en/shop/dolap/7911-16070-28	ERROR	ERROR	https://equsto.com/en/shop/dolap/7911-16070-28		Failed to parse URL from /en/shop/tezgah/7911-16070-28
https://equsto.com/en/shop/dolap/7911-19070-28	ERROR	ERROR	https://equsto.com/en/shop/dolap/7911-19070-28		Failed to parse URL from /en/shop/tezgah/7911-19070-28
https://equsto.com/en/shop/dolap/7911-12060-20	ERROR	ERROR	https://equsto.com/en/shop/dolap/7911-12060-20		Failed to parse URL from /en/shop/tezgah/7911-12060-20
https://equsto.com/en/shop/dolap/7911-14060-20	ERROR	ERROR	https://equsto.com/en/shop/dolap/7911-14060-20		Failed to parse URL from /en/shop/tezgah/7911-14060-20
https://equsto.com/en/shop/dolap/7911-16060-20	ERROR	ERROR	https://equsto.com/en/shop/dolap/7911-16060-20		Failed to parse URL from /en/shop/tezgah/7911-16060-20
https://equsto.com/en/shop/dolap/7911-19060-20	ERROR	ERROR	https://equsto.com/en/shop/dolap/7911-19060-20		Failed to parse URL from /en/shop/tezgah/7911-19060-20
https://equsto.com/en/shop/dolap/7911-12070-20	ERROR	ERROR	https://equsto.com/en/shop/dolap/7911-12070-20		Failed to parse URL from /en/shop/tezgah/7911-12070-20
https://equsto.com/en/shop/dolap/7911-14070-20	ERROR	ERROR	https://equsto.com/en/shop/dolap/7911-14070-20		Failed to parse URL from /en/shop/tezgah/7911-14070-20
https://equsto.com/en/shop/dolap/7911-16070-20	ERROR	ERROR	https://equsto.com/en/shop/dolap/7911-16070-20		Failed to parse URL from /en/shop/tezgah/7911-16070-20
https://equsto.com/en/shop/dolap/7911-19070-20	ERROR	ERROR	https://equsto.com/en/shop/dolap/7911-19070-20		Failed to parse URL from /en/shop/tezgah/7911-19070-20
https://equsto.com/en/shop/dolap/7911-12060-24	ERROR	ERROR	https://equsto.com/en/shop/dolap/7911-12060-24		Failed to parse URL from /en/shop/tezgah/7911-12060-24
https://equsto.com/en/shop/dolap/7911-14060-24	ERROR	ERROR	https://equsto.com/en/shop/dolap/7911-14060-24		Failed to parse URL from /en/shop/tezgah/7911-14060-24
https://equsto.com/en/shop/dolap/7911-16060-24	ERROR	ERROR	https://equsto.com/en/shop/dolap/7911-16060-24		Failed to parse URL from /en/shop/tezgah/7911-16060-24
https://equsto.com/en/shop/dolap/7911-19060-24	ERROR	ERROR	https://equsto.com/en/shop/dolap/7911-19060-24		Failed to parse URL from /en/shop/tezgah/7911-19060-24
https://equsto.com/en/shop/dolap/7911-12070-24	ERROR	ERROR	https://equsto.com/en/shop/dolap/7911-12070-24		Failed to parse URL from /en/shop/tezgah/7911-12070-24
https://equsto.com/en/shop/dolap/7911-14070-24	ERROR	ERROR	https://equsto.com/en/shop/dolap/7911-14070-24		Failed to parse URL from /en/shop/tezgah/7911-14070-24
https://equsto.com/en/shop/dolap/7911-16070-24	ERROR	ERROR	https://equsto.com/en/shop/dolap/7911-16070-24		Failed to parse URL from /en/shop/tezgah/7911-16070-24
https://equsto.com/en/shop/dolap/7911-19070-24	ERROR	ERROR	https://equsto.com/en/shop/dolap/7911-19070-24		Failed to parse URL from /en/shop/tezgah/7911-19070-24
https://equsto.com/en/shop/dolap/7911-12060-44	ERROR	ERROR	https://equsto.com/en/shop/dolap/7911-12060-44		Failed to parse URL from /en/shop/tezgah/7911-12060-44
https://equsto.com/en/shop/dolap/7911-14060-44	ERROR	ERROR	https://equsto.com/en/shop/dolap/7911-14060-44		Failed to parse URL from /en/shop/tezgah/7911-14060-44
https://equsto.com/en/shop/dolap/7911-16060-44	ERROR	ERROR	https://equsto.com/en/shop/dolap/7911-16060-44		Failed to parse URL from /en/shop/tezgah/7911-16060-44
https://equsto.com/en/shop/dolap/7911-19060-44	ERROR	ERROR	https://equsto.com/en/shop/dolap/7911-19060-44		Failed to parse URL from /en/shop/tezgah/7911-19060-44
https://equsto.com/en/shop/dolap/7911-12070-44	ERROR	ERROR	https://equsto.com/en/shop/dolap/7911-12070-44		Failed to parse URL from /en/shop/tezgah/7911-12070-44
https://equsto.com/en/shop/dolap/7911-14070-44	ERROR	ERROR	https://equsto.com/en/shop/dolap/7911-14070-44		Failed to parse URL from /en/shop/tezgah/7911-14070-44
https://equsto.com/en/shop/dolap/7911-16070-44	ERROR	ERROR	https://equsto.com/en/shop/dolap/7911-16070-44		Failed to parse URL from /en/shop/tezgah/7911-16070-44
https://equsto.com/en/shop/dolap/7911-19070-44	ERROR	ERROR	https://equsto.com/en/shop/dolap/7911-19070-44		Failed to parse URL from /en/shop/tezgah/7911-19070-44
https://equsto.com/en/shop/dolap/7911-12060-48	ERROR	ERROR	https://equsto.com/en/shop/dolap/7911-12060-48		Failed to parse URL from /en/shop/tezgah/7911-12060-48
https://equsto.com/en/shop/dolap/7911-14060-48	ERROR	ERROR	https://equsto.com/en/shop/dolap/7911-14060-48		Failed to parse URL from /en/shop/tezgah/7911-14060-48
https://equsto.com/en/shop/dolap/7911-16060-48	ERROR	ERROR	https://equsto.com/en/shop/dolap/7911-16060-48		Failed to parse URL from /en/shop/tezgah/7911-16060-48
https://equsto.com/en/shop/dolap/7911-19060-48	ERROR	ERROR	https://equsto.com/en/shop/dolap/7911-19060-48		Failed to parse URL from /en/shop/tezgah/7911-19060-48
https://equsto.com/en/shop/dolap/7911-12070-48	ERROR	ERROR	https://equsto.com/en/shop/dolap/7911-12070-48		Failed to parse URL from /en/shop/tezgah/7911-12070-48
https://equsto.com/en/shop/dolap/7911-14070-48	ERROR	ERROR	https://equsto.com/en/shop/dolap/7911-14070-48		Failed to parse URL from /en/shop/tezgah/7911-14070-48
https://equsto.com/en/shop/dolap/7911-16070-48	ERROR	ERROR	https://equsto.com/en/shop/dolap/7911-16070-48		Failed to parse URL from /en/shop/tezgah/7911-16070-48
https://equsto.com/en/shop/dolap/7911-19070-48	ERROR	ERROR	https://equsto.com/en/shop/dolap/7911-19070-48		Failed to parse URL from /en/shop/tezgah/7911-19070-48
https://equsto.com/en/shop/dolap/7911-12060-13	ERROR	ERROR	https://equsto.com/en/shop/dolap/7911-12060-13		Failed to parse URL from /en/shop/tezgah/7911-12060-13
https://equsto.com/en/shop/dolap/7911-14060-13	ERROR	ERROR	https://equsto.com/en/shop/dolap/7911-14060-13		Failed to parse URL from /en/shop/tezgah/7911-14060-13
https://equsto.com/en/shop/dolap/7911-16060-13	ERROR	ERROR	https://equsto.com/en/shop/dolap/7911-16060-13		Failed to parse URL from /en/shop/tezgah/7911-16060-13
https://equsto.com/en/shop/dolap/7911-19060-13	ERROR	ERROR	https://equsto.com/en/shop/dolap/7911-19060-13		Failed to parse URL from /en/shop/tezgah/7911-19060-13
https://equsto.com/en/shop/dolap/7911-12070-13	ERROR	ERROR	https://equsto.com/en/shop/dolap/7911-12070-13		Failed to parse URL from /en/shop/tezgah/7911-12070-13
https://equsto.com/en/shop/dolap/7911-14070-13	ERROR	ERROR	https://equsto.com/en/shop/dolap/7911-14070-13		Failed to parse URL from /en/shop/tezgah/7911-14070-13
https://equsto.com/en/shop/dolap/7911-16070-13	ERROR	ERROR	https://equsto.com/en/shop/dolap/7911-16070-13		Failed to parse URL from /en/shop/tezgah/7911-16070-13
https://equsto.com/en/shop/dolap/7911-19070-13	ERROR	ERROR	https://equsto.com/en/shop/dolap/7911-19070-13		Failed to parse URL from /en/shop/tezgah/7911-19070-13
https://equsto.com/en/shop/dolap/7911-12060-12	ERROR	ERROR	https://equsto.com/en/shop/dolap/7911-12060-12		Failed to parse URL from /en/shop/tezgah/7911-12060-12
https://equsto.com/en/shop/dolap/7911-14060-12	ERROR	ERROR	https://equsto.com/en/shop/dolap/7911-14060-12		Failed to parse URL from /en/shop/tezgah/7911-14060-12
https://equsto.com/en/shop/dolap/7911-16060-12	ERROR	ERROR	https://equsto.com/en/shop/dolap/7911-16060-12		Failed to parse URL from /en/shop/tezgah/7911-16060-12
https://equsto.com/en/shop/dolap/7911-19060-12	ERROR	ERROR	https://equsto.com/en/shop/dolap/7911-19060-12		Failed to parse URL from /en/shop/tezgah/7911-19060-12
https://equsto.com/en/shop/dolap/7911-12070-12	ERROR	ERROR	https://equsto.com/en/shop/dolap/7911-12070-12		Failed to parse URL from /en/shop/tezgah/7911-12070-12
https://equsto.com/en/shop/dolap/7911-14070-12	ERROR	ERROR	https://equsto.com/en/shop/dolap/7911-14070-12		Failed to parse URL from /en/shop/tezgah/7911-14070-12
https://equsto.com/en/shop/dolap/7911-16070-12	ERROR	ERROR	https://equsto.com/en/shop/dolap/7911-16070-12		Failed to parse URL from /en/shop/tezgah/7911-16070-12
https://equsto.com/en/shop/dolap/7911-19070-12	ERROR	ERROR	https://equsto.com/en/shop/dolap/7911-19070-12		Failed to parse URL from /en/shop/tezgah/7911-19070-12
https://equsto.com/en/shop/dolap/7911-12060-56	ERROR	ERROR	https://equsto.com/en/shop/dolap/7911-12060-56		Failed to parse URL from /en/shop/tezgah/7911-12060-56
https://equsto.com/en/shop/dolap/7911-14060-56	ERROR	ERROR	https://equsto.com/en/shop/dolap/7911-14060-56		Failed to parse URL from /en/shop/tezgah/7911-14060-56
https://equsto.com/en/shop/dolap/7911-16060-56	ERROR	ERROR	https://equsto.com/en/shop/dolap/7911-16060-56		Failed to parse URL from /en/shop/tezgah/7911-16060-56
https://equsto.com/en/shop/dolap/7911-19060-56	ERROR	ERROR	https://equsto.com/en/shop/dolap/7911-19060-56		Failed to parse URL from /en/shop/tezgah/7911-19060-56
https://equsto.com/en/shop/dolap/7911-12070-56	ERROR	ERROR	https://equsto.com/en/shop/dolap/7911-12070-56		Failed to parse URL from /en/shop/tezgah/7911-12070-56
https://equsto.com/en/shop/dolap/7911-14070-56	ERROR	ERROR	https://equsto.com/en/shop/dolap/7911-14070-56		Failed to parse URL from /en/shop/tezgah/7911-14070-56
https://equsto.com/en/shop/dolap/7911-16070-56	ERROR	ERROR	https://equsto.com/en/shop/dolap/7911-16070-56		Failed to parse URL from /en/shop/tezgah/7911-16070-56
https://equsto.com/en/shop/dolap/7911-19070-56	ERROR	ERROR	https://equsto.com/en/shop/dolap/7911-19070-56		Failed to parse URL from /en/shop/tezgah/7911-19070-56
https://equsto.com/en/shop/dolap/7911-12060-52	ERROR	ERROR	https://equsto.com/en/shop/dolap/7911-12060-52		Failed to parse URL from /en/shop/tezgah/7911-12060-52
https://equsto.com/en/shop/dolap/7911-14060-52	ERROR	ERROR	https://equsto.com/en/shop/dolap/7911-14060-52		Failed to parse URL from /en/shop/tezgah/7911-14060-52
https://equsto.com/en/shop/dolap/7911-16060-52	ERROR	ERROR	https://equsto.com/en/shop/dolap/7911-16060-52		Failed to parse URL from /en/shop/tezgah/7911-16060-52
https://equsto.com/en/shop/dolap/7911-19060-52	ERROR	ERROR	https://equsto.com/en/shop/dolap/7911-19060-52		Failed to parse URL from /en/shop/tezgah/7911-19060-52
https://equsto.com/en/shop/dolap/7911-12070-52	ERROR	ERROR	https://equsto.com/en/shop/dolap/7911-12070-52		Failed to parse URL from /en/shop/tezgah/7911-12070-52
https://equsto.com/en/shop/dolap/7911-14070-52	ERROR	ERROR	https://equsto.com/en/shop/dolap/7911-14070-52		Failed to parse URL from /en/shop/tezgah/7911-14070-52
https://equsto.com/en/shop/dolap/7911-16070-52	ERROR	ERROR	https://equsto.com/en/shop/dolap/7911-16070-52		Failed to parse URL from /en/shop/tezgah/7911-16070-52
https://equsto.com/en/shop/dolap/7911-19070-52	ERROR	ERROR	https://equsto.com/en/shop/dolap/7911-19070-52		Failed to parse URL from /en/shop/tezgah/7911-19070-52
https://equsto.com/en/shop/dolap/7911-12060-15	ERROR	ERROR	https://equsto.com/en/shop/dolap/7911-12060-15		Failed to parse URL from /en/shop/tezgah/7911-12060-15
https://equsto.com/en/shop/dolap/7911-14060-15	ERROR	ERROR	https://equsto.com/en/shop/dolap/7911-14060-15		Failed to parse URL from /en/shop/tezgah/7911-14060-15
https://equsto.com/en/shop/dolap/7911-16060-15	ERROR	ERROR	https://equsto.com/en/shop/dolap/7911-16060-15		Failed to parse URL from /en/shop/tezgah/7911-16060-15
https://equsto.com/en/shop/dolap/7911-19060-15	ERROR	ERROR	https://equsto.com/en/shop/dolap/7911-19060-15		Failed to parse URL from /en/shop/tezgah/7911-19060-15
https://equsto.com/en/shop/dolap/7911-12070-15	ERROR	ERROR	https://equsto.com/en/shop/dolap/7911-12070-15		Failed to parse URL from /en/shop/tezgah/7911-12070-15
https://equsto.com/en/shop/dolap/7911-14070-15	ERROR	ERROR	https://equsto.com/en/shop/dolap/7911-14070-15		Failed to parse URL from /en/shop/tezgah/7911-14070-15
https://equsto.com/en/shop/dolap/7911-16070-15	ERROR	ERROR	https://equsto.com/en/shop/dolap/7911-16070-15		Failed to parse URL from /en/shop/tezgah/7911-16070-15
https://equsto.com/en/shop/dolap/7911-19070-15	ERROR	ERROR	https://equsto.com/en/shop/dolap/7911-19070-15		Failed to parse URL from /en/shop/tezgah/7911-19070-15
https://equsto.com/en/shop/dolap/7911-12060-35	ERROR	ERROR	https://equsto.com/en/shop/dolap/7911-12060-35		Failed to parse URL from /en/shop/tezgah/7911-12060-35
https://equsto.com/en/shop/dolap/7911-14060-35	ERROR	ERROR	https://equsto.com/en/shop/dolap/7911-14060-35		Failed to parse URL from /en/shop/tezgah/7911-14060-35
https://equsto.com/en/shop/dolap/7911-16060-35	ERROR	ERROR	https://equsto.com/en/shop/dolap/7911-16060-35		Failed to parse URL from /en/shop/tezgah/7911-16060-35
https://equsto.com/en/shop/dolap/7911-19060-35	ERROR	ERROR	https://equsto.com/en/shop/dolap/7911-19060-35		Failed to parse URL from /en/shop/tezgah/7911-19060-35
https://equsto.com/en/shop/dolap/7911-12070-35	ERROR	ERROR	https://equsto.com/en/shop/dolap/7911-12070-35		Failed to parse URL from /en/shop/tezgah/7911-12070-35
https://equsto.com/en/shop/dolap/7911-14070-35	ERROR	ERROR	https://equsto.com/en/shop/dolap/7911-14070-35		Failed to parse URL from /en/shop/tezgah/7911-14070-35
https://equsto.com/en/shop/dolap/7911-16070-35	ERROR	ERROR	https://equsto.com/en/shop/dolap/7911-16070-35		Failed to parse URL from /en/shop/tezgah/7911-16070-35
https://equsto.com/en/shop/dolap/7911-19070-35	ERROR	ERROR	https://equsto.com/en/shop/dolap/7911-19070-35		Failed to parse URL from /en/shop/tezgah/7911-19070-35
https://equsto.com/en/shop/dolap/7911-12060-14	ERROR	ERROR	https://equsto.com/en/shop/dolap/7911-12060-14		Failed to parse URL from /en/shop/tezgah/7911-12060-14
https://equsto.com/en/shop/dolap/7911-14060-14	ERROR	ERROR	https://equsto.com/en/shop/dolap/7911-14060-14		Failed to parse URL from /en/shop/tezgah/7911-14060-14
https://equsto.com/en/shop/dolap/7911-16060-14	ERROR	ERROR	https://equsto.com/en/shop/dolap/7911-16060-14		Failed to parse URL from /en/shop/tezgah/7911-16060-14
https://equsto.com/en/shop/dolap/7911-19060-14	ERROR	ERROR	https://equsto.com/en/shop/dolap/7911-19060-14		Failed to parse URL from /en/shop/tezgah/7911-19060-14
https://equsto.com/en/shop/dolap/7911-12070-14	ERROR	ERROR	https://equsto.com/en/shop/dolap/7911-12070-14		Failed to parse URL from /en/shop/tezgah/7911-12070-14
https://equsto.com/en/shop/dolap/7911-14070-14	ERROR	ERROR	https://equsto.com/en/shop/dolap/7911-14070-14		Failed to parse URL from /en/shop/tezgah/7911-14070-14
https://equsto.com/en/shop/dolap/7911-16070-14	ERROR	ERROR	https://equsto.com/en/shop/dolap/7911-16070-14		Failed to parse URL from /en/shop/tezgah/7911-16070-14
https://equsto.com/en/shop/dolap/7911-19070-14	TIMEOUT	TIMEOUT	https://equsto.com/en/shop/dolap/7911-19070-14		This operation was aborted
https://equsto.com/en/shop/dolap/7911-12070-30	ERROR	ERROR	https://equsto.com/en/shop/dolap/7911-12070-30		Failed to parse URL from /en/shop/tezgah/7911-12070-30
https://equsto.com/en/shop/dolap/7911-14070-30	ERROR	ERROR	https://equsto.com/en/shop/dolap/7911-14070-30		Failed to parse URL from /en/shop/tezgah/7911-14070-30
https://equsto.com/en/shop/dolap/7911-16070-30	ERROR	ERROR	https://equsto.com/en/shop/dolap/7911-16070-30		Failed to parse URL from /en/shop/tezgah/7911-16070-30
https://equsto.com/en/shop/dolap/7911-19070-30	ERROR	ERROR	https://equsto.com/en/shop/dolap/7911-19070-30		Failed to parse URL from /en/shop/tezgah/7911-19070-30
https://equsto.com/en/shop/dolap/7911-12080-30	ERROR	ERROR	https://equsto.com/en/shop/dolap/7911-12080-30		Failed to parse URL from /en/shop/tezgah/7911-12080-30
https://equsto.com/en/shop/dolap/7911-14080-30	ERROR	ERROR	https://equsto.com/en/shop/dolap/7911-14080-30		Failed to parse URL from /en/shop/tezgah/7911-14080-30
https://equsto.com/en/shop/dolap/7911-16080-30	ERROR	ERROR	https://equsto.com/en/shop/dolap/7911-16080-30		Failed to parse URL from /en/shop/tezgah/7911-16080-30
https://equsto.com/en/shop/dolap/7911-19080-30	ERROR	ERROR	https://equsto.com/en/shop/dolap/7911-19080-30		Failed to parse URL from /en/shop/tezgah/7911-19080-30
https://equsto.com/en/shop/dolap/7911-12070-22	ERROR	ERROR	https://equsto.com/en/shop/dolap/7911-12070-22		Failed to parse URL from /en/shop/tezgah/7911-12070-22
https://equsto.com/en/shop/dolap/7911-14070-22	ERROR	ERROR	https://equsto.com/en/shop/dolap/7911-14070-22		Failed to parse URL from /en/shop/tezgah/7911-14070-22
https://equsto.com/en/shop/dolap/7911-16070-22	ERROR	ERROR	https://equsto.com/en/shop/dolap/7911-16070-22		Failed to parse URL from /en/shop/tezgah/7911-16070-22
https://equsto.com/en/shop/dolap/7911-19070-22	ERROR	ERROR	https://equsto.com/en/shop/dolap/7911-19070-22		Failed to parse URL from /en/shop/tezgah/7911-19070-22
https://equsto.com/en/shop/dolap/7911-12080-22	TIMEOUT	TIMEOUT	https://equsto.com/en/shop/dolap/7911-12080-22		This operation was aborted
https://equsto.com/en/shop/dolap/7911-14080-22	ERROR	ERROR	https://equsto.com/en/shop/dolap/7911-14080-22		Failed to parse URL from /en/shop/tezgah/7911-14080-22
https://equsto.com/en/shop/dolap/7911-16080-22	TIMEOUT	TIMEOUT	https://equsto.com/en/shop/dolap/7911-16080-22		This operation was aborted
https://equsto.com/en/shop/dolap/7911-19080-22	ERROR	ERROR	https://equsto.com/en/shop/dolap/7911-19080-22		Failed to parse URL from /en/shop/tezgah/7911-19080-22
https://equsto.com/en/shop/dolap/7911-12070-30m	ERROR	ERROR	https://equsto.com/en/shop/dolap/7911-12070-30m		Failed to parse URL from /en/shop/tezgah/7911-12070-30m
https://equsto.com/en/shop/dolap/7911-14070-30m	ERROR	ERROR	https://equsto.com/en/shop/dolap/7911-14070-30m		Failed to parse URL from /en/shop/tezgah/7911-14070-30m
https://equsto.com/en/shop/dolap/7911-16070-30m	ERROR	ERROR	https://equsto.com/en/shop/dolap/7911-16070-30m		Failed to parse URL from /en/shop/tezgah/7911-16070-30m
https://equsto.com/en/shop/dolap/7911-19070-30m	ERROR	ERROR	https://equsto.com/en/shop/dolap/7911-19070-30m		Failed to parse URL from /en/shop/tezgah/7911-19070-30m
https://equsto.com/en/shop/dolap/7911-12080-30m	ERROR	ERROR	https://equsto.com/en/shop/dolap/7911-12080-30m		Failed to parse URL from /en/shop/tezgah/7911-12080-30m
https://equsto.com/en/shop/dolap/7911-14080-30m	ERROR	ERROR	https://equsto.com/en/shop/dolap/7911-14080-30m		Failed to parse URL from /en/shop/tezgah/7911-14080-30m
https://equsto.com/en/shop/dolap/7911-16080-30m	ERROR	ERROR	https://equsto.com/en/shop/dolap/7911-16080-30m		Failed to parse URL from /en/shop/tezgah/7911-16080-30m
https://equsto.com/en/shop/dolap/7911-19080-30m	ERROR	ERROR	https://equsto.com/en/shop/dolap/7911-19080-30m		Failed to parse URL from /en/shop/tezgah/7911-19080-30m
https://equsto.com/en/shop/dolap/7911-12070-22m	ERROR	ERROR	https://equsto.com/en/shop/dolap/7911-12070-22m		Failed to parse URL from /en/shop/tezgah/7911-12070-22m
https://equsto.com/en/shop/dolap/7911-14070-22m	ERROR	ERROR	https://equsto.com/en/shop/dolap/7911-14070-22m		Failed to parse URL from /en/shop/tezgah/7911-14070-22m
https://equsto.com/en/shop/dolap/7911-16070-22m	ERROR	ERROR	https://equsto.com/en/shop/dolap/7911-16070-22m		Failed to parse URL from /en/shop/tezgah/7911-16070-22m
https://equsto.com/en/shop/dolap/7911-19070-22m	ERROR	ERROR	https://equsto.com/en/shop/dolap/7911-19070-22m		Failed to parse URL from /en/shop/tezgah/7911-19070-22m
https://equsto.com/en/shop/dolap/7911-12080-22m	ERROR	ERROR	https://equsto.com/en/shop/dolap/7911-12080-22m		Failed to parse URL from /en/shop/tezgah/7911-12080-22m
https://equsto.com/en/shop/dolap/7911-14080-22m	ERROR	ERROR	https://equsto.com/en/shop/dolap/7911-14080-22m		Failed to parse URL from /en/shop/tezgah/7911-14080-22m
https://equsto.com/en/shop/dolap/7911-16080-22m	ERROR	ERROR	https://equsto.com/en/shop/dolap/7911-16080-22m		Failed to parse URL from /en/shop/tezgah/7911-16080-22m
https://equsto.com/en/shop/dolap/7911-19080-22m	TIMEOUT	TIMEOUT	https://equsto.com/en/shop/dolap/7911-19080-22m		This operation was aborted
https://equsto.com/en/shop/dolap/7911-05050-90	ERROR	ERROR	https://equsto.com/en/shop/dolap/7911-05050-90		Failed to parse URL from /en/shop/tezgah/7911-05050-90
https://equsto.com/en/shop/dolap/7911-06060-90	ERROR	ERROR	https://equsto.com/en/shop/dolap/7911-06060-90		Failed to parse URL from /en/shop/tezgah/7911-06060-90
https://equsto.com/en/shop/dolap/7911-06070-90	ERROR	ERROR	https://equsto.com/en/shop/dolap/7911-06070-90		Failed to parse URL from /en/shop/tezgah/7911-06070-90
https://equsto.com/en/shop/dolap/7911-07070-90	ERROR	ERROR	https://equsto.com/en/shop/dolap/7911-07070-90		Failed to parse URL from /en/shop/tezgah/7911-07070-90
https://equsto.com/en/shop/dolap/7911-05050-91	ERROR	ERROR	https://equsto.com/en/shop/dolap/7911-05050-91		Failed to parse URL from /en/shop/tezgah/7911-05050-91
https://equsto.com/en/shop/dolap/7911-06060-91	ERROR	ERROR	https://equsto.com/en/shop/dolap/7911-06060-91		Failed to parse URL from /en/shop/tezgah/7911-06060-91
https://equsto.com/en/shop/dolap/7911-06070-91	ERROR	ERROR	https://equsto.com/en/shop/dolap/7911-06070-91		Failed to parse URL from /en/shop/tezgah/7911-06070-91
https://equsto.com/en/shop/dolap/7911-07070-91	ERROR	ERROR	https://equsto.com/en/shop/dolap/7911-07070-91		Failed to parse URL from /en/shop/tezgah/7911-07070-91
https://equsto.com/en/shop/dolap/7911-12060-09	ERROR	ERROR	https://equsto.com/en/shop/dolap/7911-12060-09		Failed to parse URL from /en/shop/tezgah/7911-12060-09
https://equsto.com/en/shop/dolap/7911-14060-09	TIMEOUT	TIMEOUT	https://equsto.com/en/shop/dolap/7911-14060-09		This operation was aborted
https://equsto.com/en/shop/dolap/7911-16060-09	ERROR	ERROR	https://equsto.com/en/shop/dolap/7911-16060-09		Failed to parse URL from /en/shop/tezgah/7911-16060-09
https://equsto.com/en/shop/dolap/7911-19060-09	ERROR	ERROR	https://equsto.com/en/shop/dolap/7911-19060-09		Failed to parse URL from /en/shop/tezgah/7911-19060-09
https://equsto.com/en/shop/dolap/7911-12070-09	ERROR	ERROR	https://equsto.com/en/shop/dolap/7911-12070-09		Failed to parse URL from /en/shop/tezgah/7911-12070-09
https://equsto.com/en/shop/dolap/7911-14070-09	ERROR	ERROR	https://equsto.com/en/shop/dolap/7911-14070-09		Failed to parse URL from /en/shop/tezgah/7911-14070-09
https://equsto.com/en/shop/dolap/7911-16070-09	ERROR	ERROR	https://equsto.com/en/shop/dolap/7911-16070-09		Failed to parse URL from /en/shop/tezgah/7911-16070-09
https://equsto.com/en/shop/dolap/7911-19070-09	ERROR	ERROR	https://equsto.com/en/shop/dolap/7911-19070-09		Failed to parse URL from /en/shop/tezgah/7911-19070-09
https://equsto.com/en/shop/dolap/7911-12060-21a	ERROR	ERROR	https://equsto.com/en/shop/dolap/7911-12060-21a		Failed to parse URL from /en/shop/tezgah/7911-12060-21a
https://equsto.com/en/shop/dolap/7911-14060-21a	ERROR	ERROR	https://equsto.com/en/shop/dolap/7911-14060-21a		Failed to parse URL from /en/shop/tezgah/7911-14060-21a
https://equsto.com/en/shop/dolap/7911-16060-21a	ERROR	ERROR	https://equsto.com/en/shop/dolap/7911-16060-21a		Failed to parse URL from /en/shop/tezgah/7911-16060-21a
https://equsto.com/en/shop/dolap/7911-19060-21a	ERROR	ERROR	https://equsto.com/en/shop/dolap/7911-19060-21a		Failed to parse URL from /en/shop/tezgah/7911-19060-21a
https://equsto.com/en/shop/dolap/7911-12070-21a	ERROR	ERROR	https://equsto.com/en/shop/dolap/7911-12070-21a		Failed to parse URL from /en/shop/tezgah/7911-12070-21a
https://equsto.com/en/shop/dolap/7911-14070-21a	ERROR	ERROR	https://equsto.com/en/shop/dolap/7911-14070-21a		Failed to parse URL from /en/shop/tezgah/7911-14070-21a
https://equsto.com/en/shop/dolap/7911-16070-21a	ERROR	ERROR	https://equsto.com/en/shop/dolap/7911-16070-21a		Failed to parse URL from /en/shop/tezgah/7911-16070-21a
https://equsto.com/en/shop/dolap/7911-19070-21a	TIMEOUT	TIMEOUT	https://equsto.com/en/shop/dolap/7911-19070-21a		This operation was aborted
https://equsto.com/en/shop/dolap/7911-12060-04a	TIMEOUT	TIMEOUT	https://equsto.com/en/shop/dolap/7911-12060-04a		This operation was aborted
https://equsto.com/en/shop/dolap/7911-14060-04a	ERROR	ERROR	https://equsto.com/en/shop/dolap/7911-14060-04a		Failed to parse URL from /en/shop/tezgah/7911-14060-04a
https://equsto.com/en/shop/dolap/7911-16060-04a	TIMEOUT	TIMEOUT	https://equsto.com/en/shop/dolap/7911-16060-04a		This operation was aborted
https://equsto.com/en/shop/dolap/7911-19060-04a	TIMEOUT	TIMEOUT	https://equsto.com/en/shop/dolap/7911-19060-04a		This operation was aborted
https://equsto.com/en/shop/dolap/7911-12070-04a	TIMEOUT	TIMEOUT	https://equsto.com/en/shop/dolap/7911-12070-04a		This operation was aborted
https://equsto.com/en/shop/dolap/7911-14070-04a	ERROR	ERROR	https://equsto.com/en/shop/dolap/7911-14070-04a		Failed to parse URL from /en/shop/tezgah/7911-14070-04a
https://equsto.com/en/shop/dolap/7911-16070-04a	TIMEOUT	TIMEOUT	https://equsto.com/en/shop/dolap/7911-16070-04a		This operation was aborted
https://equsto.com/en/shop/dolap/7911-19070-04a	TIMEOUT	TIMEOUT	https://equsto.com/en/shop/dolap/7911-19070-04a		This operation was aborted
https://equsto.com/en/shop/dolap/7911-12060-23p	TIMEOUT	TIMEOUT	https://equsto.com/en/shop/dolap/7911-12060-23p		This operation was aborted
https://equsto.com/en/shop/dolap/7911-14060-23p	ERROR	ERROR	https://equsto.com/en/shop/dolap/7911-14060-23p		Failed to parse URL from /en/shop/tezgah/7911-14060-23p
https://equsto.com/en/shop/dolap/7911-16060-23p	ERROR	ERROR	https://equsto.com/en/shop/dolap/7911-16060-23p		Failed to parse URL from /en/shop/tezgah/7911-16060-23p
https://equsto.com/en/shop/dolap/7911-19060-23p	ERROR	ERROR	https://equsto.com/en/shop/dolap/7911-19060-23p		Failed to parse URL from /en/shop/tezgah/7911-19060-23p
https://equsto.com/en/shop/dolap/7911-12070-23p	ERROR	ERROR	https://equsto.com/en/shop/dolap/7911-12070-23p		Failed to parse URL from /en/shop/tezgah/7911-12070-23p
https://equsto.com/en/shop/dolap/7911-14070-23p	ERROR	ERROR	https://equsto.com/en/shop/dolap/7911-14070-23p		Failed to parse URL from /en/shop/tezgah/7911-14070-23p
https://equsto.com/en/shop/dolap/7911-16070-23p	ERROR	ERROR	https://equsto.com/en/shop/dolap/7911-16070-23p		Failed to parse URL from /en/shop/tezgah/7911-16070-23p
https://equsto.com/en/shop/dolap/7911-19070-23p	ERROR	ERROR	https://equsto.com/en/shop/dolap/7911-19070-23p		Failed to parse URL from /en/shop/tezgah/7911-19070-23p
https://equsto.com/en/shop/dolap/7911-12060-31p	ERROR	ERROR	https://equsto.com/en/shop/dolap/7911-12060-31p		Failed to parse URL from /en/shop/tezgah/7911-12060-31p
https://equsto.com/en/shop/dolap/7911-14060-31p	TIMEOUT	TIMEOUT	https://equsto.com/en/shop/dolap/7911-14060-31p		This operation was aborted
https://equsto.com/en/shop/dolap/7911-16060-31p	TIMEOUT	TIMEOUT	https://equsto.com/en/shop/dolap/7911-16060-31p		This operation was aborted
https://equsto.com/en/shop/dolap/7911-19060-31p	ERROR	ERROR	https://equsto.com/en/shop/dolap/7911-19060-31p		Failed to parse URL from /en/shop/tezgah/7911-19060-31p
https://equsto.com/en/shop/dolap/7911-12070-31p	ERROR	ERROR	https://equsto.com/en/shop/dolap/7911-12070-31p		Failed to parse URL from /en/shop/tezgah/7911-12070-31p
https://equsto.com/en/shop/dolap/7911-14070-31p	TIMEOUT	TIMEOUT	https://equsto.com/en/shop/dolap/7911-14070-31p		This operation was aborted
https://equsto.com/en/shop/dolap/7911-16070-31p	TIMEOUT	TIMEOUT	https://equsto.com/en/shop/dolap/7911-16070-31p		This operation was aborted
https://equsto.com/en/shop/dolap/7911-19070-31p	ERROR	ERROR	https://equsto.com/en/shop/dolap/7911-19070-31p		Failed to parse URL from /en/shop/tezgah/7911-19070-31p
https://equsto.com/en/shop/dolap/7911-12060-23	ERROR	ERROR	https://equsto.com/en/shop/dolap/7911-12060-23		Failed to parse URL from /en/shop/tezgah/7911-12060-23
https://equsto.com/en/shop/dolap/7911-14060-23	ERROR	ERROR	https://equsto.com/en/shop/dolap/7911-14060-23		Failed to parse URL from /en/shop/tezgah/7911-14060-23
https://equsto.com/en/shop/dolap/7911-16060-23	ERROR	ERROR	https://equsto.com/en/shop/dolap/7911-16060-23		Failed to parse URL from /en/shop/tezgah/7911-16060-23
https://equsto.com/en/shop/dolap/7911-19060-23	ERROR	ERROR	https://equsto.com/en/shop/dolap/7911-19060-23		Failed to parse URL from /en/shop/tezgah/7911-19060-23
https://equsto.com/en/shop/dolap/7911-12070-23	ERROR	ERROR	https://equsto.com/en/shop/dolap/7911-12070-23		Failed to parse URL from /en/shop/tezgah/7911-12070-23
https://equsto.com/en/shop/dolap/7911-14070-23	ERROR	ERROR	https://equsto.com/en/shop/dolap/7911-14070-23		Failed to parse URL from /en/shop/tezgah/7911-14070-23
https://equsto.com/en/shop/dolap/7911-16070-23	ERROR	ERROR	https://equsto.com/en/shop/dolap/7911-16070-23		Failed to parse URL from /en/shop/tezgah/7911-16070-23
https://equsto.com/en/shop/dolap/7911-19070-23	ERROR	ERROR	https://equsto.com/en/shop/dolap/7911-19070-23		Failed to parse URL from /en/shop/tezgah/7911-19070-23
https://equsto.com/en/shop/dolap/7911-12060-31	ERROR	ERROR	https://equsto.com/en/shop/dolap/7911-12060-31		Failed to parse URL from /en/shop/tezgah/7911-12060-31
https://equsto.com/en/shop/dolap/7911-14060-31	ERROR	ERROR	https://equsto.com/en/shop/dolap/7911-14060-31		Failed to parse URL from /en/shop/tezgah/7911-14060-31
https://equsto.com/en/shop/dolap/7911-16060-31	ERROR	ERROR	https://equsto.com/en/shop/dolap/7911-16060-31		Failed to parse URL from /en/shop/tezgah/7911-16060-31
https://equsto.com/en/shop/dolap/7911-19060-31	ERROR	ERROR	https://equsto.com/en/shop/dolap/7911-19060-31		Failed to parse URL from /en/shop/tezgah/7911-19060-31
https://equsto.com/en/shop/dolap/7911-12070-31	ERROR	ERROR	https://equsto.com/en/shop/dolap/7911-12070-31		Failed to parse URL from /en/shop/tezgah/7911-12070-31
https://equsto.com/en/shop/dolap/7911-14070-31	ERROR	ERROR	https://equsto.com/en/shop/dolap/7911-14070-31		Failed to parse URL from /en/shop/tezgah/7911-14070-31
https://equsto.com/en/shop/dolap/7911-16070-31	ERROR	ERROR	https://equsto.com/en/shop/dolap/7911-16070-31		Failed to parse URL from /en/shop/tezgah/7911-16070-31
https://equsto.com/en/shop/dolap/7911-19070-31	ERROR	ERROR	https://equsto.com/en/shop/dolap/7911-19070-31		Failed to parse URL from /en/shop/tezgah/7911-19070-31
https://equsto.com/en/shop/dolap/7712-12090-01	ERROR	ERROR	https://equsto.com/en/shop/dolap/7712-12090-01		Failed to parse URL from /en/shop/tezgah/7712-12090-01
https://equsto.com/en/shop/dolap/7712-14090-01	ERROR	ERROR	https://equsto.com/en/shop/dolap/7712-14090-01		Failed to parse URL from /en/shop/tezgah/7712-14090-01
https://equsto.com/en/shop/dolap/7712-16090-01	ERROR	ERROR	https://equsto.com/en/shop/dolap/7712-16090-01		Failed to parse URL from /en/shop/tezgah/7712-16090-01
https://equsto.com/en/shop/dolap/7712-19090-01	TIMEOUT	TIMEOUT	https://equsto.com/en/shop/dolap/7712-19090-01		This operation was aborted
https://equsto.com/en/shop/dolap/7712-12011-01	TIMEOUT	TIMEOUT	https://equsto.com/en/shop/dolap/7712-12011-01		This operation was aborted
https://equsto.com/en/shop/dolap/7712-14011-01	TIMEOUT	TIMEOUT	https://equsto.com/en/shop/dolap/7712-14011-01		This operation was aborted
https://equsto.com/en/shop/dolap/7712-16011-01	ERROR	ERROR	https://equsto.com/en/shop/dolap/7712-16011-01		Failed to parse URL from /en/shop/tezgah/7712-16011-01
https://equsto.com/en/shop/dolap/7712-19011-01	TIMEOUT	TIMEOUT	https://equsto.com/en/shop/dolap/7712-19011-01		This operation was aborted
https://equsto.com/en/shop/dolap/7712-12060-03	TIMEOUT	TIMEOUT	https://equsto.com/en/shop/dolap/7712-12060-03		This operation was aborted
https://equsto.com/en/shop/dolap/7712-14060-03	TIMEOUT	TIMEOUT	https://equsto.com/en/shop/dolap/7712-14060-03		This operation was aborted
https://equsto.com/en/shop/dolap/7712-16060-03	ERROR	ERROR	https://equsto.com/en/shop/dolap/7712-16060-03		Failed to parse URL from /en/shop/tezgah/7712-16060-03
https://equsto.com/en/shop/dolap/7712-19060-03	TIMEOUT	TIMEOUT	https://equsto.com/en/shop/dolap/7712-19060-03		This operation was aborted
https://equsto.com/en/shop/dolap/7712-12070-03	ERROR	ERROR	https://equsto.com/en/shop/dolap/7712-12070-03		Failed to parse URL from /en/shop/tezgah/7712-12070-03
https://equsto.com/en/shop/dolap/7712-14070-03	ERROR	ERROR	https://equsto.com/en/shop/dolap/7712-14070-03		Failed to parse URL from /en/shop/tezgah/7712-14070-03
https://equsto.com/en/shop/dolap/7712-16070-03	ERROR	ERROR	https://equsto.com/en/shop/dolap/7712-16070-03		Failed to parse URL from /en/shop/tezgah/7712-16070-03
https://equsto.com/en/shop/dolap/7712-19070-03	ERROR	ERROR	https://equsto.com/en/shop/dolap/7712-19070-03		Failed to parse URL from /en/shop/tezgah/7712-19070-03
https://equsto.com/en/shop/dolap/7876-12060-00	ERROR	ERROR	https://equsto.com/en/shop/dolap/7876-12060-00		Failed to parse URL from /en/shop/tezgah/7876-12060-00
https://equsto.com/en/shop/dolap/7876-14060-00	ERROR	ERROR	https://equsto.com/en/shop/dolap/7876-14060-00		Failed to parse URL from /en/shop/tezgah/7876-14060-00
https://equsto.com/en/shop/dolap/7876-16060-00	ERROR	ERROR	https://equsto.com/en/shop/dolap/7876-16060-00		Failed to parse URL from /en/shop/tezgah/7876-16060-00
https://equsto.com/en/shop/dolap/7876-19060-00	ERROR	ERROR	https://equsto.com/en/shop/dolap/7876-19060-00		Failed to parse URL from /en/shop/tezgah/7876-19060-00
https://equsto.com/en/shop/dolap/7876-12070-00	ERROR	ERROR	https://equsto.com/en/shop/dolap/7876-12070-00		Failed to parse URL from /en/shop/tezgah/7876-12070-00
https://equsto.com/en/shop/dolap/7876-14070-00	ERROR	ERROR	https://equsto.com/en/shop/dolap/7876-14070-00		Failed to parse URL from /en/shop/tezgah/7876-14070-00
https://equsto.com/en/shop/dolap/7876-16070-00	ERROR	ERROR	https://equsto.com/en/shop/dolap/7876-16070-00		Failed to parse URL from /en/shop/tezgah/7876-16070-00
https://equsto.com/en/shop/dolap/7876-19070-00	TIMEOUT	TIMEOUT	https://equsto.com/en/shop/dolap/7876-19070-00		This operation was aborted
https://equsto.com/en/shop/dolap/7910-10040-00	ERROR	ERROR	https://equsto.com/en/shop/dolap/7910-10040-00		Failed to parse URL from /en/shop/tezgah/7910-10040-00
https://equsto.com/en/shop/dolap/7910-12040-00	ERROR	ERROR	https://equsto.com/en/shop/dolap/7910-12040-00		Failed to parse URL from /en/shop/tezgah/7910-12040-00
https://equsto.com/en/shop/dolap/7910-14040-00	ERROR	ERROR	https://equsto.com/en/shop/dolap/7910-14040-00		Failed to parse URL from /en/shop/tezgah/7910-14040-00
https://equsto.com/en/shop/dolap/7910-16040-00	ERROR	ERROR	https://equsto.com/en/shop/dolap/7910-16040-00		Failed to parse URL from /en/shop/tezgah/7910-16040-00
https://equsto.com/en/shop/dolap/7910-19040-00	ERROR	ERROR	https://equsto.com/en/shop/dolap/7910-19040-00		Failed to parse URL from /en/shop/tezgah/7910-19040-00
https://equsto.com/en/shop/dolap/7910-10040-01	TIMEOUT	TIMEOUT	https://equsto.com/en/shop/dolap/7910-10040-01		This operation was aborted
https://equsto.com/en/shop/dolap/7910-12040-01	TIMEOUT	TIMEOUT	https://equsto.com/en/shop/dolap/7910-12040-01		This operation was aborted
https://equsto.com/en/shop/dolap/7910-14040-01	ERROR	ERROR	https://equsto.com/en/shop/dolap/7910-14040-01		Failed to parse URL from /en/shop/tezgah/7910-14040-01
https://equsto.com/en/shop/dolap/7910-16040-01	ERROR	ERROR	https://equsto.com/en/shop/dolap/7910-16040-01		Failed to parse URL from /en/shop/tezgah/7910-16040-01
https://equsto.com/en/shop/dolap/7910-19040-01	ERROR	ERROR	https://equsto.com/en/shop/dolap/7910-19040-01		Failed to parse URL from /en/shop/tezgah/7910-19040-01
https://equsto.com/en/shop/dolap/7868-12608-23	ERROR	ERROR	https://equsto.com/en/shop/dolap/7868-12608-23		Failed to parse URL from /en/shop/tezgah/7868-12608-23
https://equsto.com/en/shop/dolap/7868-14608-23	ERROR	ERROR	https://equsto.com/en/shop/dolap/7868-14608-23		Failed to parse URL from /en/shop/tezgah/7868-14608-23
https://equsto.com/en/shop/dolap/7868-16608-23	TIMEOUT	TIMEOUT	https://equsto.com/en/shop/dolap/7868-16608-23		This operation was aborted
https://equsto.com/en/shop/dolap/7868-19608-23	ERROR	ERROR	https://equsto.com/en/shop/dolap/7868-19608-23		Failed to parse URL from /en/shop/tezgah/7868-19608-23
https://equsto.com/en/shop/dolap/7868-12708-23	TIMEOUT	TIMEOUT	https://equsto.com/en/shop/dolap/7868-12708-23		This operation was aborted
https://equsto.com/en/shop/dolap/7868-14708-23	TIMEOUT	TIMEOUT	https://equsto.com/en/shop/dolap/7868-14708-23		This operation was aborted
https://equsto.com/en/shop/dolap/7868-16708-23	TIMEOUT	TIMEOUT	https://equsto.com/en/shop/dolap/7868-16708-23		This operation was aborted
https://equsto.com/en/shop/dolap/7868-19708-23	ERROR	ERROR	https://equsto.com/en/shop/dolap/7868-19708-23		Failed to parse URL from /en/shop/tezgah/7868-19708-23
https://equsto.com/en/shop/dolap/7897-10030-30	ERROR	ERROR	https://equsto.com/en/shop/dolap/7897-10030-30		Failed to parse URL from /en/shop/tezgah/7897-10030-30
https://equsto.com/en/shop/dolap/7897-12030-30	ERROR	ERROR	https://equsto.com/en/shop/dolap/7897-12030-30		Failed to parse URL from /en/shop/tezgah/7897-12030-30
https://equsto.com/en/shop/dolap/7897-14030-30	ERROR	ERROR	https://equsto.com/en/shop/dolap/7897-14030-30		Failed to parse URL from /en/shop/tezgah/7897-14030-30
https://equsto.com/en/shop/dolap/7897-16030-30	TIMEOUT	TIMEOUT	https://equsto.com/en/shop/dolap/7897-16030-30		This operation was aborted
https://equsto.com/en/shop/dolap/7897-19030-30	ERROR	ERROR	https://equsto.com/en/shop/dolap/7897-19030-30		Failed to parse URL from /en/shop/tezgah/7897-19030-30
https://equsto.com/en/shop/dolap/7897-10030-31	ERROR	ERROR	https://equsto.com/en/shop/dolap/7897-10030-31		Failed to parse URL from /en/shop/tezgah/7897-10030-31
https://equsto.com/en/shop/dolap/7897-12030-31	ERROR	ERROR	https://equsto.com/en/shop/dolap/7897-12030-31		Failed to parse URL from /en/shop/tezgah/7897-12030-31
https://equsto.com/en/shop/dolap/7897-14030-31	ERROR	ERROR	https://equsto.com/en/shop/dolap/7897-14030-31		Failed to parse URL from /en/shop/tezgah/7897-14030-31
https://equsto.com/en/shop/dolap/7897-16030-31	TIMEOUT	TIMEOUT	https://equsto.com/en/shop/dolap/7897-16030-31		This operation was aborted
https://equsto.com/en/shop/dolap/7897-19030-31	ERROR	ERROR	https://equsto.com/en/shop/dolap/7897-19030-31		Failed to parse URL from /en/shop/tezgah/7897-19030-31
https://equsto.com/en/shop/dolap/7897-12030-03	ERROR	ERROR	https://equsto.com/en/shop/dolap/7897-12030-03		Failed to parse URL from /en/shop/tezgah/7897-12030-03
https://equsto.com/en/shop/dolap/7897-14030-03	ERROR	ERROR	https://equsto.com/en/shop/dolap/7897-14030-03		Failed to parse URL from /en/shop/tezgah/7897-14030-03
https://equsto.com/en/shop/dolap/7897-15030-03	ERROR	ERROR	https://equsto.com/en/shop/dolap/7897-15030-03		Failed to parse URL from /en/shop/tezgah/7897-15030-03
https://equsto.com/en/shop/dolap/7897-16030-03	ERROR	ERROR	https://equsto.com/en/shop/dolap/7897-16030-03		Failed to parse URL from /en/shop/tezgah/7897-16030-03
https://equsto.com/en/shop/dolap/7897-19030-03	ERROR	ERROR	https://equsto.com/en/shop/dolap/7897-19030-03		Failed to parse URL from /en/shop/tezgah/7897-19030-03
https://equsto.com/en/shop/dolap/7897-12030-04	ERROR	ERROR	https://equsto.com/en/shop/dolap/7897-12030-04		Failed to parse URL from /en/shop/tezgah/7897-12030-04
https://equsto.com/en/shop/dolap/7897-14030-04	TIMEOUT	TIMEOUT	https://equsto.com/en/shop/dolap/7897-14030-04		This operation was aborted
https://equsto.com/en/shop/dolap/7897-15030-04	TIMEOUT	TIMEOUT	https://equsto.com/en/shop/dolap/7897-15030-04		This operation was aborted
https://equsto.com/en/shop/dolap/7897-16030-04	TIMEOUT	TIMEOUT	https://equsto.com/en/shop/dolap/7897-16030-04		This operation was aborted
https://equsto.com/en/shop/dolap/7897-19030-04	TIMEOUT	TIMEOUT	https://equsto.com/en/shop/dolap/7897-19030-04		This operation was aborted
https://equsto.com/en/shop/dolap/7897-12030-08	ERROR	ERROR	https://equsto.com/en/shop/dolap/7897-12030-08		Failed to parse URL from /en/shop/tezgah/7897-12030-08
https://equsto.com/en/shop/dolap/7897-14030-08	ERROR	ERROR	https://equsto.com/en/shop/dolap/7897-14030-08		Failed to parse URL from /en/shop/tezgah/7897-14030-08
https://equsto.com/en/shop/dolap/7897-15030-08	TIMEOUT	TIMEOUT	https://equsto.com/en/shop/dolap/7897-15030-08		This operation was aborted
https://equsto.com/en/shop/dolap/7897-16030-08	TIMEOUT	TIMEOUT	https://equsto.com/en/shop/dolap/7897-16030-08		This operation was aborted
https://equsto.com/en/shop/dolap/7897-19030-08	TIMEOUT	TIMEOUT	https://equsto.com/en/shop/dolap/7897-19030-08		This operation was aborted
https://equsto.com/en/shop/dolap/7897-12030-07	TIMEOUT	TIMEOUT	https://equsto.com/en/shop/dolap/7897-12030-07		This operation was aborted
https://equsto.com/en/shop/dolap/7897-14030-07	TIMEOUT	TIMEOUT	https://equsto.com/en/shop/dolap/7897-14030-07		This operation was aborted
https://equsto.com/en/shop/dolap/7897-15030-07	TIMEOUT	TIMEOUT	https://equsto.com/en/shop/dolap/7897-15030-07		This operation was aborted
https://equsto.com/en/shop/dolap/7897-16030-07	ERROR	ERROR	https://equsto.com/en/shop/dolap/7897-16030-07		Failed to parse URL from /en/shop/tezgah/7897-16030-07
https://equsto.com/en/shop/dolap/7897-19030-07	TIMEOUT	TIMEOUT	https://equsto.com/en/shop/dolap/7897-19030-07		This operation was aborted
https://equsto.com/en/shop/dolap/7897-12030-02	TIMEOUT	TIMEOUT	https://equsto.com/en/shop/dolap/7897-12030-02		This operation was aborted
https://equsto.com/en/shop/dolap/7897-14030-02	ERROR	ERROR	https://equsto.com/en/shop/dolap/7897-14030-02		Failed to parse URL from /en/shop/tezgah/7897-14030-02
https://equsto.com/en/shop/dolap/7897-15030-02	ERROR	ERROR	https://equsto.com/en/shop/dolap/7897-15030-02		Failed to parse URL from /en/shop/tezgah/7897-15030-02
https://equsto.com/en/shop/dolap/7897-16030-02	ERROR	ERROR	https://equsto.com/en/shop/dolap/7897-16030-02		Failed to parse URL from /en/shop/tezgah/7897-16030-02
https://equsto.com/en/shop/dolap/7897-19030-02	TIMEOUT	TIMEOUT	https://equsto.com/en/shop/dolap/7897-19030-02		This operation was aborted
https://equsto.com/en/shop/dolap/9868-rtr12-0l	TIMEOUT	TIMEOUT	https://equsto.com/en/shop/dolap/9868-rtr12-0l		This operation was aborted
https://equsto.com/en/shop/dolap/9868-rtr16-0l	ERROR	ERROR	https://equsto.com/en/shop/dolap/9868-rtr16-0l		Failed to parse URL from /en/shop/tezgah/9868-rtr16-0l
https://equsto.com/en/shop/hazirlik/tm34870l	TIMEOUT	TIMEOUT	https://equsto.com/en/shop/hazirlik/tm34870l		This operation was aborted
https://equsto.com/en/shop/hazirlik/tm24465	TIMEOUT	TIMEOUT	https://equsto.com/en/shop/hazirlik/tm24465		This operation was aborted
https://equsto.com/en/shop/hazirlik/tm34310a	TIMEOUT	TIMEOUT	https://equsto.com/en/shop/hazirlik/tm34310a		This operation was aborted
https://equsto.com/en/shop/hazirlik/tm34250a	TIMEOUT	TIMEOUT	https://equsto.com/en/shop/hazirlik/tm34250a		This operation was aborted
https://equsto.com/en/shop/hazirlik/tm34240a	TIMEOUT	TIMEOUT	https://equsto.com/en/shop/hazirlik/tm34240a		This operation was aborted
https://equsto.com/en/shop/hazirlik/tm34230a	TIMEOUT	TIMEOUT	https://equsto.com/en/shop/hazirlik/tm34230a		This operation was aborted
https://equsto.com/en/shop/hazirlik/celme-gida-dilimleme-makinesi-fa220	TIMEOUT	TIMEOUT	https://equsto.com/en/shop/hazirlik/celme-gida-dilimleme-makinesi-fa220		This operation was aborted
https://equsto.com/en/shop/hazirlik/118-bl25	TIMEOUT	TIMEOUT	https://equsto.com/en/shop/hazirlik/118-bl25		This operation was aborted
https://equsto.com/en/shop/hazirlik/118-bl25c	TIMEOUT	TIMEOUT	https://equsto.com/en/shop/hazirlik/118-bl25c		This operation was aborted
https://equsto.com/en/shop/hazirlik/118-bl25l35	TIMEOUT	TIMEOUT	https://equsto.com/en/shop/hazirlik/118-bl25l35		This operation was aborted
https://equsto.com/en/shop/hazirlik/118-bl25l35c	TIMEOUT	TIMEOUT	https://equsto.com/en/shop/hazirlik/118-bl25l35c		This operation was aborted
https://equsto.com/en/shop/hazirlik/118-bl40c	TIMEOUT	TIMEOUT	https://equsto.com/en/shop/hazirlik/118-bl40c		This operation was aborted
https://equsto.com/en/shop/hazirlik/118-bl40l50c	TIMEOUT	TIMEOUT	https://equsto.com/en/shop/hazirlik/118-bl40l50c		This operation was aborted
https://equsto.com/en/shop/hazirlik/118-bl40l60	TIMEOUT	TIMEOUT	https://equsto.com/en/shop/hazirlik/118-bl40l60		This operation was aborted
https://equsto.com/en/shop/hazirlik/118-bl40l60c	TIMEOUT	TIMEOUT	https://equsto.com/en/shop/hazirlik/118-bl40l60c		This operation was aborted
https://equsto.com/en/shop/hazirlik/118-bs-01	TIMEOUT	TIMEOUT	https://equsto.com/en/shop/hazirlik/118-bs-01		This operation was aborted
https://equsto.com/en/shop/hazirlik/118-emh15	TIMEOUT	TIMEOUT	https://equsto.com/en/shop/hazirlik/118-emh15		This operation was aborted
https://equsto.com/en/shop/hazirlik/118-dy-01	TIMEOUT	TIMEOUT	https://equsto.com/en/shop/hazirlik/118-dy-01		This operation was aborted
https://equsto.com/en/shop/hazirlik/118-dy-02	TIMEOUT	TIMEOUT	https://equsto.com/en/shop/hazirlik/118-dy-02		This operation was aborted
https://equsto.com/en/shop/hazirlik/118-dy-04	TIMEOUT	TIMEOUT	https://equsto.com/en/shop/hazirlik/118-dy-04		This operation was aborted
https://equsto.com/en/shop/hazirlik/118-ggm	TIMEOUT	TIMEOUT	https://equsto.com/en/shop/hazirlik/118-ggm		This operation was aborted
https://equsto.com/en/shop/hazirlik/118-ggm-m20	TIMEOUT	TIMEOUT	https://equsto.com/en/shop/hazirlik/118-ggm-m20		This operation was aborted
https://equsto.com/en/shop/hazirlik/118-ggm-m30	TIMEOUT	TIMEOUT	https://equsto.com/en/shop/hazirlik/118-ggm-m30		This operation was aborted
https://equsto.com/en/shop/hazirlik/118-ms10	TIMEOUT	TIMEOUT	https://equsto.com/en/shop/hazirlik/118-ms10		This operation was aborted
https://equsto.com/en/shop/hazirlik/118-aamh300	TIMEOUT	TIMEOUT	https://equsto.com/en/shop/hazirlik/118-aamh300		This operation was aborted
https://equsto.com/en/shop/hazirlik/286-vm01	TIMEOUT	TIMEOUT	https://equsto.com/en/shop/hazirlik/286-vm01		This operation was aborted
https://equsto.com/en/shop/hazirlik/118-sft-01	TIMEOUT	TIMEOUT	https://equsto.com/en/shop/hazirlik/118-sft-01		This operation was aborted
https://equsto.com/en/shop/hazirlik/118-sft-02-pro	TIMEOUT	TIMEOUT	https://equsto.com/en/shop/hazirlik/118-sft-02-pro		This operation was aborted
https://equsto.com/en/shop/hazirlik/118-sft-03-pro	TIMEOUT	TIMEOUT	https://equsto.com/en/shop/hazirlik/118-sft-03-pro		This operation was aborted
https://equsto.com/en/shop/hazirlik/118-semg-16k	TIMEOUT	TIMEOUT	https://equsto.com/en/shop/hazirlik/118-semg-16k		This operation was aborted
https://equsto.com/en/shop/hazirlik/208-650197	TIMEOUT	TIMEOUT	https://equsto.com/en/shop/hazirlik/208-650197		This operation was aborted
https://equsto.com/en/shop/hazirlik/208-600419	TIMEOUT	TIMEOUT	https://equsto.com/en/shop/hazirlik/208-600419		This operation was aborted
https://equsto.com/en/shop/hazirlik/208-600423	TIMEOUT	TIMEOUT	https://equsto.com/en/shop/hazirlik/208-600423		This operation was aborted
https://equsto.com/en/shop/hazirlik/208-600424	TIMEOUT	TIMEOUT	https://equsto.com/en/shop/hazirlik/208-600424		This operation was aborted
https://equsto.com/en/shop/hazirlik/208-600411	TIMEOUT	TIMEOUT	https://equsto.com/en/shop/hazirlik/208-600411		This operation was aborted
https://equsto.com/en/shop/hazirlik/208-600415	TIMEOUT	TIMEOUT	https://equsto.com/en/shop/hazirlik/208-600415		This operation was aborted
https://equsto.com/en/shop/market-reyonlari/eq-acelya-eq3	TIMEOUT	TIMEOUT	https://equsto.com/en/shop/market-reyonlari/eq-acelya-eq3		This operation was aborted
https://equsto.com/en/shop/market-reyonlari/eq-acelya-eq30	TIMEOUT	TIMEOUT	https://equsto.com/en/shop/market-reyonlari/eq-acelya-eq30		This operation was aborted
https://equsto.com/en/shop/market-reyonlari/eq-acelya-eq4	TIMEOUT	TIMEOUT	https://equsto.com/en/shop/market-reyonlari/eq-acelya-eq4		This operation was aborted
https://equsto.com/en/shop/market-reyonlari/eq-acelya-eq7	TIMEOUT	TIMEOUT	https://equsto.com/en/shop/market-reyonlari/eq-acelya-eq7		This operation was aborted
https://equsto.com/en/shop/market-reyonlari/eq-acelya-eq9	TIMEOUT	TIMEOUT	https://equsto.com/en/shop/market-reyonlari/eq-acelya-eq9		This operation was aborted
https://equsto.com/en/shop/market-reyonlari/eq-akasya-eq2	TIMEOUT	TIMEOUT	https://equsto.com/en/shop/market-reyonlari/eq-akasya-eq2		This operation was aborted
https://equsto.com/en/shop/market-reyonlari/eq-akasya-eq3	TIMEOUT	TIMEOUT	https://equsto.com/en/shop/market-reyonlari/eq-akasya-eq3		This operation was aborted
https://equsto.com/en/shop/market-reyonlari/eq-akasya-eq4	TIMEOUT	TIMEOUT	https://equsto.com/en/shop/market-reyonlari/eq-akasya-eq4		This operation was aborted
https://equsto.com/en/shop/market-reyonlari/eq-anemon-eq1	TIMEOUT	TIMEOUT	https://equsto.com/en/shop/market-reyonlari/eq-anemon-eq1		This operation was aborted
https://equsto.com/en/shop/market-reyonlari/eq-anemon-eq2	TIMEOUT	TIMEOUT	https://equsto.com/en/shop/market-reyonlari/eq-anemon-eq2		This operation was aborted
https://equsto.com/en/shop/market-reyonlari/eq-anemon-eq3	TIMEOUT	TIMEOUT	https://equsto.com/en/shop/market-reyonlari/eq-anemon-eq3		This operation was aborted
https://equsto.com/en/shop/market-reyonlari/eq-antoryum-eq1	TIMEOUT	TIMEOUT	https://equsto.com/en/shop/market-reyonlari/eq-antoryum-eq1		This operation was aborted
https://equsto.com/en/shop/market-reyonlari/eq-antoryum-eq2	TIMEOUT	TIMEOUT	https://equsto.com/en/shop/market-reyonlari/eq-antoryum-eq2		This operation was aborted
https://equsto.com/en/shop/market-reyonlari/eq-begonvil-eq1	TIMEOUT	TIMEOUT	https://equsto.com/en/shop/market-reyonlari/eq-begonvil-eq1		This operation was aborted
https://equsto.com/en/shop/market-reyonlari/eq-begonvil-eq2	TIMEOUT	TIMEOUT	https://equsto.com/en/shop/market-reyonlari/eq-begonvil-eq2		This operation was aborted
https://equsto.com/en/shop/market-reyonlari/eq-defne-eq1	TIMEOUT	TIMEOUT	https://equsto.com/en/shop/market-reyonlari/eq-defne-eq1		This operation was aborted
https://equsto.com/en/shop/market-reyonlari/eq-defne-eq2	TIMEOUT	TIMEOUT	https://equsto.com/en/shop/market-reyonlari/eq-defne-eq2		This operation was aborted
https://equsto.com/en/shop/market-reyonlari/eq-erguvan-eq1	TIMEOUT	TIMEOUT	https://equsto.com/en/shop/market-reyonlari/eq-erguvan-eq1		This operation was aborted
https://equsto.com/en/shop/market-reyonlari/eq-erguvan-eq2	TIMEOUT	TIMEOUT	https://equsto.com/en/shop/market-reyonlari/eq-erguvan-eq2		This operation was aborted
https://equsto.com/en/shop/market-reyonlari/eq-erguvan-eq3	TIMEOUT	TIMEOUT	https://equsto.com/en/shop/market-reyonlari/eq-erguvan-eq3		This operation was aborted
https://equsto.com/en/shop/market-reyonlari/eq-erguvan-eq4	TIMEOUT	TIMEOUT	https://equsto.com/en/shop/market-reyonlari/eq-erguvan-eq4		This operation was aborted
https://equsto.com/en/shop/market-reyonlari/eq-fulya-hf-fg-eq1	TIMEOUT	TIMEOUT	https://equsto.com/en/shop/market-reyonlari/eq-fulya-hf-fg-eq1		This operation was aborted
https://equsto.com/en/shop/market-reyonlari/eq-fulya-hf-fg-eq12	TIMEOUT	TIMEOUT	https://equsto.com/en/shop/market-reyonlari/eq-fulya-hf-fg-eq12		This operation was aborted
https://equsto.com/en/shop/market-reyonlari/eq-fulya-hf-fg-eq13	TIMEOUT	TIMEOUT	https://equsto.com/en/shop/market-reyonlari/eq-fulya-hf-fg-eq13		This operation was aborted
https://equsto.com/en/shop/market-reyonlari/eq-fulya-hf-fg-eq14	TIMEOUT	TIMEOUT	https://equsto.com/en/shop/market-reyonlari/eq-fulya-hf-fg-eq14		This operation was aborted
https://equsto.com/en/shop/market-reyonlari/eq-fulya-hf-fg-eq15	TIMEOUT	TIMEOUT	https://equsto.com/en/shop/market-reyonlari/eq-fulya-hf-fg-eq15		This operation was aborted
https://equsto.com/en/shop/market-reyonlari/eq-fulya-hf-fg-eq16	TIMEOUT	TIMEOUT	https://equsto.com/en/shop/market-reyonlari/eq-fulya-hf-fg-eq16		This operation was aborted
https://equsto.com/en/shop/market-reyonlari/eq-fulya-hf-fg-eq17	TIMEOUT	TIMEOUT	https://equsto.com/en/shop/market-reyonlari/eq-fulya-hf-fg-eq17		This operation was aborted
https://equsto.com/en/shop/market-reyonlari/eq-fulya-hf-fg-eq18	TIMEOUT	TIMEOUT	https://equsto.com/en/shop/market-reyonlari/eq-fulya-hf-fg-eq18		This operation was aborted
https://equsto.com/en/shop/market-reyonlari/eq-fulya-hf-fg-eq19	TIMEOUT	TIMEOUT	https://equsto.com/en/shop/market-reyonlari/eq-fulya-hf-fg-eq19		This operation was aborted
https://equsto.com/en/shop/market-reyonlari/eq-fulya-hf-fg-eq2	TIMEOUT	TIMEOUT	https://equsto.com/en/shop/market-reyonlari/eq-fulya-hf-fg-eq2		This operation was aborted
https://equsto.com/en/shop/market-reyonlari/eq-fulya-hf-fg-eq20	TIMEOUT	TIMEOUT	https://equsto.com/en/shop/market-reyonlari/eq-fulya-hf-fg-eq20		This operation was aborted
https://equsto.com/en/shop/market-reyonlari/eq-fulya-hf-fg-eq21	TIMEOUT	TIMEOUT	https://equsto.com/en/shop/market-reyonlari/eq-fulya-hf-fg-eq21		This operation was aborted
https://equsto.com/en/shop/market-reyonlari/eq-fulya-hf-fg-eq22	TIMEOUT	TIMEOUT	https://equsto.com/en/shop/market-reyonlari/eq-fulya-hf-fg-eq22		This operation was aborted
https://equsto.com/en/shop/market-reyonlari/eq-fulya-hf-fg-eq23	TIMEOUT	TIMEOUT	https://equsto.com/en/shop/market-reyonlari/eq-fulya-hf-fg-eq23		This operation was aborted
https://equsto.com/en/shop/market-reyonlari/eq-fulya-hf-fg-eq24	TIMEOUT	TIMEOUT	https://equsto.com/en/shop/market-reyonlari/eq-fulya-hf-fg-eq24		This operation was aborted
https://equsto.com/en/shop/market-reyonlari/eq-fulya-hf-fg-eq3	TIMEOUT	TIMEOUT	https://equsto.com/en/shop/market-reyonlari/eq-fulya-hf-fg-eq3		This operation was aborted
https://equsto.com/en/shop/market-reyonlari/eq-fulya-hf-fg-eq4	TIMEOUT	TIMEOUT	https://equsto.com/en/shop/market-reyonlari/eq-fulya-hf-fg-eq4		This operation was aborted
https://equsto.com/en/shop/market-reyonlari/eq-fulya-hf-fg-eq5	TIMEOUT	TIMEOUT	https://equsto.com/en/shop/market-reyonlari/eq-fulya-hf-fg-eq5		This operation was aborted
https://equsto.com/en/shop/market-reyonlari/eq-fulya-hf-fg-eq7	TIMEOUT	TIMEOUT	https://equsto.com/en/shop/market-reyonlari/eq-fulya-hf-fg-eq7		This operation was aborted
https://equsto.com/en/shop/market-reyonlari/eq-fulya-hf-fg-eq8	TIMEOUT	TIMEOUT	https://equsto.com/en/shop/market-reyonlari/eq-fulya-hf-fg-eq8		This operation was aborted
https://equsto.com/en/shop/market-reyonlari/eq-fulya-hf-fg-eq9	TIMEOUT	TIMEOUT	https://equsto.com/en/shop/market-reyonlari/eq-fulya-hf-fg-eq9		This operation was aborted
https://equsto.com/en/shop/market-reyonlari/eq-fulya-hf-fg-sky-eq1	TIMEOUT	TIMEOUT	https://equsto.com/en/shop/market-reyonlari/eq-fulya-hf-fg-sky-eq1		This operation was aborted
https://equsto.com/en/shop/market-reyonlari/eq-fulya-hf-fg-sky-eq10	TIMEOUT	TIMEOUT	https://equsto.com/en/shop/market-reyonlari/eq-fulya-hf-fg-sky-eq10		This operation was aborted
https://equsto.com/en/shop/market-reyonlari/eq-fulya-hf-fg-sky-eq11	TIMEOUT	TIMEOUT	https://equsto.com/en/shop/market-reyonlari/eq-fulya-hf-fg-sky-eq11		This operation was aborted
https://equsto.com/en/shop/market-reyonlari/eq-fulya-hf-fg-sky-eq12	TIMEOUT	TIMEOUT	https://equsto.com/en/shop/market-reyonlari/eq-fulya-hf-fg-sky-eq12		This operation was aborted
https://equsto.com/en/shop/market-reyonlari/eq-fulya-hf-fg-sky-eq13	TIMEOUT	TIMEOUT	https://equsto.com/en/shop/market-reyonlari/eq-fulya-hf-fg-sky-eq13		This operation was aborted
https://equsto.com/en/shop/market-reyonlari/eq-fulya-hf-fg-sky-eq14	TIMEOUT	TIMEOUT	https://equsto.com/en/shop/market-reyonlari/eq-fulya-hf-fg-sky-eq14		This operation was aborted
https://equsto.com/en/shop/market-reyonlari/eq-fulya-hf-fg-sky-eq15	TIMEOUT	TIMEOUT	https://equsto.com/en/shop/market-reyonlari/eq-fulya-hf-fg-sky-eq15		This operation was aborted
https://equsto.com/en/shop/market-reyonlari/eq-fulya-hf-fg-sky-eq16	TIMEOUT	TIMEOUT	https://equsto.com/en/shop/market-reyonlari/eq-fulya-hf-fg-sky-eq16		This operation was aborted
https://equsto.com/en/shop/market-reyonlari/eq-fulya-hf-fg-sky-eq17	TIMEOUT	TIMEOUT	https://equsto.com/en/shop/market-reyonlari/eq-fulya-hf-fg-sky-eq17		This operation was aborted
https://equsto.com/en/shop/market-reyonlari/eq-fulya-hf-fg-sky-eq18	TIMEOUT	TIMEOUT	https://equsto.com/en/shop/market-reyonlari/eq-fulya-hf-fg-sky-eq18		This operation was aborted
https://equsto.com/en/shop/market-reyonlari/eq-fulya-hf-fg-sky-eq2	TIMEOUT	TIMEOUT	https://equsto.com/en/shop/market-reyonlari/eq-fulya-hf-fg-sky-eq2		This operation was aborted
https://equsto.com/en/shop/market-reyonlari/eq-fulya-hf-fg-sky-eq20	TIMEOUT	TIMEOUT	https://equsto.com/en/shop/market-reyonlari/eq-fulya-hf-fg-sky-eq20		This operation was aborted
https://equsto.com/en/shop/market-reyonlari/eq-fulya-hf-fg-sky-eq21	TIMEOUT	TIMEOUT	https://equsto.com/en/shop/market-reyonlari/eq-fulya-hf-fg-sky-eq21		This operation was aborted
https://equsto.com/en/shop/market-reyonlari/eq-fulya-hf-fg-sky-eq22	TIMEOUT	TIMEOUT	https://equsto.com/en/shop/market-reyonlari/eq-fulya-hf-fg-sky-eq22		This operation was aborted
https://equsto.com/en/shop/market-reyonlari/eq-fulya-hf-fg-sky-eq23	TIMEOUT	TIMEOUT	https://equsto.com/en/shop/market-reyonlari/eq-fulya-hf-fg-sky-eq23		This operation was aborted
https://equsto.com/en/shop/market-reyonlari/eq-fulya-hf-fg-sky-eq24	TIMEOUT	TIMEOUT	https://equsto.com/en/shop/market-reyonlari/eq-fulya-hf-fg-sky-eq24		This operation was aborted
https://equsto.com/en/shop/market-reyonlari/eq-fulya-hf-fg-sky-eq3	TIMEOUT	TIMEOUT	https://equsto.com/en/shop/market-reyonlari/eq-fulya-hf-fg-sky-eq3		This operation was aborted
https://equsto.com/en/shop/market-reyonlari/eq-fulya-hf-fg-sky-eq4	TIMEOUT	TIMEOUT	https://equsto.com/en/shop/market-reyonlari/eq-fulya-hf-fg-sky-eq4		This operation was aborted
https://equsto.com/en/shop/market-reyonlari/eq-fulya-hf-fg-sky-eq5	TIMEOUT	TIMEOUT	https://equsto.com/en/shop/market-reyonlari/eq-fulya-hf-fg-sky-eq5		This operation was aborted
https://equsto.com/en/shop/market-reyonlari/eq-fulya-hf-fg-sky-eq6	TIMEOUT	TIMEOUT	https://equsto.com/en/shop/market-reyonlari/eq-fulya-hf-fg-sky-eq6		This operation was aborted
https://equsto.com/en/shop/market-reyonlari/eq-fulya-hf-fg-sky-eq7	TIMEOUT	TIMEOUT	https://equsto.com/en/shop/market-reyonlari/eq-fulya-hf-fg-sky-eq7		This operation was aborted
https://equsto.com/en/shop/market-reyonlari/eq-fulya-hf-fg-sky-eq8	TIMEOUT	TIMEOUT	https://equsto.com/en/shop/market-reyonlari/eq-fulya-hf-fg-sky-eq8		This operation was aborted
https://equsto.com/en/shop/market-reyonlari/eq-fulya-hf-fg-sky-eq9	TIMEOUT	TIMEOUT	https://equsto.com/en/shop/market-reyonlari/eq-fulya-hf-fg-sky-eq9		This operation was aborted
https://equsto.com/en/shop/market-reyonlari/eq-fulya-hf-fl-eq1	TIMEOUT	TIMEOUT	https://equsto.com/en/shop/market-reyonlari/eq-fulya-hf-fl-eq1		This operation was aborted
https://equsto.com/en/shop/market-reyonlari/eq-fulya-hf-fl-eq10	TIMEOUT	TIMEOUT	https://equsto.com/en/shop/market-reyonlari/eq-fulya-hf-fl-eq10		This operation was aborted
https://equsto.com/en/shop/market-reyonlari/eq-fulya-hf-fl-eq11	TIMEOUT	TIMEOUT	https://equsto.com/en/shop/market-reyonlari/eq-fulya-hf-fl-eq11		This operation was aborted
https://equsto.com/en/shop/market-reyonlari/eq-fulya-hf-fl-eq13	TIMEOUT	TIMEOUT	https://equsto.com/en/shop/market-reyonlari/eq-fulya-hf-fl-eq13		This operation was aborted
https://equsto.com/en/shop/market-reyonlari/eq-fulya-hf-fl-eq14	TIMEOUT	TIMEOUT	https://equsto.com/en/shop/market-reyonlari/eq-fulya-hf-fl-eq14		This operation was aborted
https://equsto.com/en/shop/market-reyonlari/eq-fulya-hf-fl-eq15	TIMEOUT	TIMEOUT	https://equsto.com/en/shop/market-reyonlari/eq-fulya-hf-fl-eq15		This operation was aborted
https://equsto.com/en/shop/market-reyonlari/eq-fulya-hf-fl-eq16	TIMEOUT	TIMEOUT	https://equsto.com/en/shop/market-reyonlari/eq-fulya-hf-fl-eq16		This operation was aborted
https://equsto.com/en/shop/market-reyonlari/eq-fulya-hf-fl-eq2	TIMEOUT	TIMEOUT	https://equsto.com/en/shop/market-reyonlari/eq-fulya-hf-fl-eq2		This operation was aborted
https://equsto.com/en/shop/market-reyonlari/eq-fulya-hf-fl-eq3	TIMEOUT	TIMEOUT	https://equsto.com/en/shop/market-reyonlari/eq-fulya-hf-fl-eq3		This operation was aborted
https://equsto.com/en/shop/market-reyonlari/eq-fulya-hf-fl-eq5	TIMEOUT	TIMEOUT	https://equsto.com/en/shop/market-reyonlari/eq-fulya-hf-fl-eq5		This operation was aborted
https://equsto.com/en/shop/market-reyonlari/eq-fulya-hf-fl-eq6	TIMEOUT	TIMEOUT	https://equsto.com/en/shop/market-reyonlari/eq-fulya-hf-fl-eq6		This operation was aborted
https://equsto.com/en/shop/market-reyonlari/eq-fulya-hf-fl-eq7	TIMEOUT	TIMEOUT	https://equsto.com/en/shop/market-reyonlari/eq-fulya-hf-fl-eq7		This operation was aborted
https://equsto.com/en/shop/market-reyonlari/eq-fulya-hf-fl-eq8	TIMEOUT	TIMEOUT	https://equsto.com/en/shop/market-reyonlari/eq-fulya-hf-fl-eq8		This operation was aborted
https://equsto.com/en/shop/market-reyonlari/eq-fulya-hf-fl-eq9	TIMEOUT	TIMEOUT	https://equsto.com/en/shop/market-reyonlari/eq-fulya-hf-fl-eq9		This operation was aborted
https://equsto.com/en/shop/market-reyonlari/eq-fulya-hf-lm-eq1	TIMEOUT	TIMEOUT	https://equsto.com/en/shop/market-reyonlari/eq-fulya-hf-lm-eq1		This operation was aborted
https://equsto.com/en/shop/market-reyonlari/eq-fulya-hf-lm-eq10	TIMEOUT	TIMEOUT	https://equsto.com/en/shop/market-reyonlari/eq-fulya-hf-lm-eq10		This operation was aborted
https://equsto.com/en/shop/market-reyonlari/eq-fulya-hf-lm-eq11	TIMEOUT	TIMEOUT	https://equsto.com/en/shop/market-reyonlari/eq-fulya-hf-lm-eq11		This operation was aborted
https://equsto.com/en/shop/market-reyonlari/eq-fulya-hf-lm-eq12	TIMEOUT	TIMEOUT	https://equsto.com/en/shop/market-reyonlari/eq-fulya-hf-lm-eq12		This operation was aborted
https://equsto.com/en/shop/market-reyonlari/eq-fulya-hf-lm-eq13	TIMEOUT	TIMEOUT	https://equsto.com/en/shop/market-reyonlari/eq-fulya-hf-lm-eq13		This operation was aborted
https://equsto.com/en/shop/market-reyonlari/eq-fulya-hf-lm-eq14	TIMEOUT	TIMEOUT	https://equsto.com/en/shop/market-reyonlari/eq-fulya-hf-lm-eq14		This operation was aborted
https://equsto.com/en/shop/market-reyonlari/eq-fulya-hf-lm-eq16	TIMEOUT	TIMEOUT	https://equsto.com/en/shop/market-reyonlari/eq-fulya-hf-lm-eq16		This operation was aborted
https://equsto.com/en/shop/market-reyonlari/eq-fulya-hf-lm-eq17	TIMEOUT	TIMEOUT	https://equsto.com/en/shop/market-reyonlari/eq-fulya-hf-lm-eq17		This operation was aborted
https://equsto.com/en/shop/market-reyonlari/eq-fulya-hf-lm-eq18	TIMEOUT	TIMEOUT	https://equsto.com/en/shop/market-reyonlari/eq-fulya-hf-lm-eq18		This operation was aborted
https://equsto.com/en/shop/market-reyonlari/eq-fulya-hf-lm-eq19	TIMEOUT	TIMEOUT	https://equsto.com/en/shop/market-reyonlari/eq-fulya-hf-lm-eq19		This operation was aborted
https://equsto.com/en/shop/market-reyonlari/eq-fulya-hf-lm-eq2	TIMEOUT	TIMEOUT	https://equsto.com/en/shop/market-reyonlari/eq-fulya-hf-lm-eq2		This operation was aborted
https://equsto.com/en/shop/market-reyonlari/eq-fulya-hf-lm-eq21	TIMEOUT	TIMEOUT	https://equsto.com/en/shop/market-reyonlari/eq-fulya-hf-lm-eq21		This operation was aborted
https://equsto.com/en/shop/market-reyonlari/eq-fulya-hf-lm-eq22	TIMEOUT	TIMEOUT	https://equsto.com/en/shop/market-reyonlari/eq-fulya-hf-lm-eq22		This operation was aborted
https://equsto.com/en/shop/market-reyonlari/eq-fulya-hf-lm-eq23	TIMEOUT	TIMEOUT	https://equsto.com/en/shop/market-reyonlari/eq-fulya-hf-lm-eq23		This operation was aborted
https://equsto.com/en/shop/market-reyonlari/eq-fulya-hf-lm-eq24	TIMEOUT	TIMEOUT	https://equsto.com/en/shop/market-reyonlari/eq-fulya-hf-lm-eq24		This operation was aborted
https://equsto.com/en/shop/market-reyonlari/eq-fulya-hf-lm-eq3	TIMEOUT	TIMEOUT	https://equsto.com/en/shop/market-reyonlari/eq-fulya-hf-lm-eq3		This operation was aborted
https://equsto.com/en/shop/market-reyonlari/eq-fulya-hf-lm-eq4	TIMEOUT	TIMEOUT	https://equsto.com/en/shop/market-reyonlari/eq-fulya-hf-lm-eq4		This operation was aborted
https://equsto.com/en/shop/market-reyonlari/eq-fulya-hf-lm-eq5	TIMEOUT	TIMEOUT	https://equsto.com/en/shop/market-reyonlari/eq-fulya-hf-lm-eq5		This operation was aborted
https://equsto.com/en/shop/market-reyonlari/eq-fulya-hf-lm-eq6	TIMEOUT	TIMEOUT	https://equsto.com/en/shop/market-reyonlari/eq-fulya-hf-lm-eq6		This operation was aborted
https://equsto.com/en/shop/market-reyonlari/eq-fulya-hf-lm-eq7	TIMEOUT	TIMEOUT	https://equsto.com/en/shop/market-reyonlari/eq-fulya-hf-lm-eq7		This operation was aborted
https://equsto.com/en/shop/market-reyonlari/eq-fulya-hf-lm-eq8	TIMEOUT	TIMEOUT	https://equsto.com/en/shop/market-reyonlari/eq-fulya-hf-lm-eq8		This operation was aborted
https://equsto.com/en/shop/market-reyonlari/eq-fulya-hf-lm-eq9	TIMEOUT	TIMEOUT	https://equsto.com/en/shop/market-reyonlari/eq-fulya-hf-lm-eq9		This operation was aborted
https://equsto.com/en/shop/market-reyonlari/eq-fulya-hf-pn-eq1	TIMEOUT	TIMEOUT	https://equsto.com/en/shop/market-reyonlari/eq-fulya-hf-pn-eq1		This operation was aborted
https://equsto.com/en/shop/market-reyonlari/eq-fulya-hf-pn-eq10	TIMEOUT	TIMEOUT	https://equsto.com/en/shop/market-reyonlari/eq-fulya-hf-pn-eq10		This operation was aborted
https://equsto.com/en/shop/market-reyonlari/eq-fulya-hf-pn-eq11	TIMEOUT	TIMEOUT	https://equsto.com/en/shop/market-reyonlari/eq-fulya-hf-pn-eq11		This operation was aborted
https://equsto.com/en/shop/market-reyonlari/eq-fulya-hf-pn-eq12	TIMEOUT	TIMEOUT	https://equsto.com/en/shop/market-reyonlari/eq-fulya-hf-pn-eq12		This operation was aborted
https://equsto.com/en/shop/market-reyonlari/eq-fulya-hf-pn-eq13	TIMEOUT	TIMEOUT	https://equsto.com/en/shop/market-reyonlari/eq-fulya-hf-pn-eq13		This operation was aborted
https://equsto.com/en/shop/market-reyonlari/eq-fulya-hf-pn-eq16	TIMEOUT	TIMEOUT	https://equsto.com/en/shop/market-reyonlari/eq-fulya-hf-pn-eq16		This operation was aborted
https://equsto.com/en/shop/market-reyonlari/eq-fulya-hf-pn-eq17	TIMEOUT	TIMEOUT	https://equsto.com/en/shop/market-reyonlari/eq-fulya-hf-pn-eq17		This operation was aborted
https://equsto.com/en/shop/market-reyonlari/eq-fulya-hf-pn-eq18	TIMEOUT	TIMEOUT	https://equsto.com/en/shop/market-reyonlari/eq-fulya-hf-pn-eq18		This operation was aborted
https://equsto.com/en/shop/market-reyonlari/eq-fulya-hf-pn-eq20	TIMEOUT	TIMEOUT	https://equsto.com/en/shop/market-reyonlari/eq-fulya-hf-pn-eq20		This operation was aborted
https://equsto.com/en/shop/market-reyonlari/eq-fulya-hf-pn-eq21	TIMEOUT	TIMEOUT	https://equsto.com/en/shop/market-reyonlari/eq-fulya-hf-pn-eq21		This operation was aborted
https://equsto.com/en/shop/market-reyonlari/eq-fulya-hf-pn-eq22	TIMEOUT	TIMEOUT	https://equsto.com/en/shop/market-reyonlari/eq-fulya-hf-pn-eq22		This operation was aborted
https://equsto.com/en/shop/market-reyonlari/eq-fulya-hf-pn-eq23	TIMEOUT	TIMEOUT	https://equsto.com/en/shop/market-reyonlari/eq-fulya-hf-pn-eq23		This operation was aborted
https://equsto.com/en/shop/market-reyonlari/eq-fulya-hf-pn-eq24	TIMEOUT	TIMEOUT	https://equsto.com/en/shop/market-reyonlari/eq-fulya-hf-pn-eq24		This operation was aborted
https://equsto.com/en/shop/market-reyonlari/eq-fulya-hf-pn-eq3	TIMEOUT	TIMEOUT	https://equsto.com/en/shop/market-reyonlari/eq-fulya-hf-pn-eq3		This operation was aborted
https://equsto.com/en/shop/market-reyonlari/eq-fulya-hf-pn-eq4	TIMEOUT	TIMEOUT	https://equsto.com/en/shop/market-reyonlari/eq-fulya-hf-pn-eq4		This operation was aborted
https://equsto.com/en/shop/market-reyonlari/eq-fulya-hf-pn-eq5	TIMEOUT	TIMEOUT	https://equsto.com/en/shop/market-reyonlari/eq-fulya-hf-pn-eq5		This operation was aborted
https://equsto.com/en/shop/market-reyonlari/eq-fulya-hf-pn-eq6	TIMEOUT	TIMEOUT	https://equsto.com/en/shop/market-reyonlari/eq-fulya-hf-pn-eq6		This operation was aborted
https://equsto.com/en/shop/market-reyonlari/eq-fulya-hf-pn-eq7	TIMEOUT	TIMEOUT	https://equsto.com/en/shop/market-reyonlari/eq-fulya-hf-pn-eq7		This operation was aborted
https://equsto.com/en/shop/market-reyonlari/eq-fulya-hf-pn-eq8	TIMEOUT	TIMEOUT	https://equsto.com/en/shop/market-reyonlari/eq-fulya-hf-pn-eq8		This operation was aborted
https://equsto.com/en/shop/market-reyonlari/eq-fulya-hf-pn-eq9	TIMEOUT	TIMEOUT	https://equsto.com/en/shop/market-reyonlari/eq-fulya-hf-pn-eq9		This operation was aborted
https://equsto.com/en/shop/market-reyonlari/eq-fulya-hf-tp-eq1	TIMEOUT	TIMEOUT	https://equsto.com/en/shop/market-reyonlari/eq-fulya-hf-tp-eq1		This operation was aborted
https://equsto.com/en/shop/market-reyonlari/eq-fulya-hf-tp-eq10	TIMEOUT	TIMEOUT	https://equsto.com/en/shop/market-reyonlari/eq-fulya-hf-tp-eq10		This operation was aborted
https://equsto.com/en/shop/market-reyonlari/eq-fulya-hf-tp-eq11	TIMEOUT	TIMEOUT	https://equsto.com/en/shop/market-reyonlari/eq-fulya-hf-tp-eq11		This operation was aborted
https://equsto.com/en/shop/market-reyonlari/eq-fulya-hf-tp-eq12	TIMEOUT	TIMEOUT	https://equsto.com/en/shop/market-reyonlari/eq-fulya-hf-tp-eq12		This operation was aborted
https://equsto.com/en/shop/market-reyonlari/eq-fulya-hf-tp-eq13	TIMEOUT	TIMEOUT	https://equsto.com/en/shop/market-reyonlari/eq-fulya-hf-tp-eq13		This operation was aborted
https://equsto.com/en/shop/market-reyonlari/eq-fulya-hf-tp-eq14	TIMEOUT	TIMEOUT	https://equsto.com/en/shop/market-reyonlari/eq-fulya-hf-tp-eq14		This operation was aborted
https://equsto.com/en/shop/market-reyonlari/eq-fulya-hf-tp-eq15	TIMEOUT	TIMEOUT	https://equsto.com/en/shop/market-reyonlari/eq-fulya-hf-tp-eq15		This operation was aborted
https://equsto.com/en/shop/market-reyonlari/eq-fulya-hf-tp-eq16	TIMEOUT	TIMEOUT	https://equsto.com/en/shop/market-reyonlari/eq-fulya-hf-tp-eq16		This operation was aborted
https://equsto.com/en/shop/market-reyonlari/eq-fulya-hf-tp-eq17	TIMEOUT	TIMEOUT	https://equsto.com/en/shop/market-reyonlari/eq-fulya-hf-tp-eq17		This operation was aborted
https://equsto.com/en/shop/market-reyonlari/eq-fulya-hf-tp-eq19	TIMEOUT	TIMEOUT	https://equsto.com/en/shop/market-reyonlari/eq-fulya-hf-tp-eq19		This operation was aborted
https://equsto.com/en/shop/market-reyonlari/eq-fulya-hf-tp-eq2	TIMEOUT	TIMEOUT	https://equsto.com/en/shop/market-reyonlari/eq-fulya-hf-tp-eq2		This operation was aborted
https://equsto.com/en/shop/market-reyonlari/eq-fulya-hf-tp-eq21	TIMEOUT	TIMEOUT	https://equsto.com/en/shop/market-reyonlari/eq-fulya-hf-tp-eq21		This operation was aborted
https://equsto.com/en/shop/market-reyonlari/eq-fulya-hf-tp-eq22	TIMEOUT	TIMEOUT	https://equsto.com/en/shop/market-reyonlari/eq-fulya-hf-tp-eq22		This operation was aborted
https://equsto.com/en/shop/market-reyonlari/eq-fulya-hf-tp-eq23	TIMEOUT	TIMEOUT	https://equsto.com/en/shop/market-reyonlari/eq-fulya-hf-tp-eq23		This operation was aborted
https://equsto.com/en/shop/market-reyonlari/eq-fulya-hf-tp-eq24	TIMEOUT	TIMEOUT	https://equsto.com/en/shop/market-reyonlari/eq-fulya-hf-tp-eq24		This operation was aborted
https://equsto.com/en/shop/market-reyonlari/eq-fulya-hf-tp-eq3	TIMEOUT	TIMEOUT	https://equsto.com/en/shop/market-reyonlari/eq-fulya-hf-tp-eq3		This operation was aborted
https://equsto.com/en/shop/market-reyonlari/eq-fulya-hf-tp-eq4	TIMEOUT	TIMEOUT	https://equsto.com/en/shop/market-reyonlari/eq-fulya-hf-tp-eq4		This operation was aborted
https://equsto.com/en/shop/market-reyonlari/eq-fulya-hf-tp-eq5	TIMEOUT	TIMEOUT	https://equsto.com/en/shop/market-reyonlari/eq-fulya-hf-tp-eq5		This operation was aborted
https://equsto.com/en/shop/market-reyonlari/eq-fulya-hf-tp-eq7	TIMEOUT	TIMEOUT	https://equsto.com/en/shop/market-reyonlari/eq-fulya-hf-tp-eq7		This operation was aborted
https://equsto.com/en/shop/market-reyonlari/eq-fulya-hf-tp-sky-eq1	TIMEOUT	TIMEOUT	https://equsto.com/en/shop/market-reyonlari/eq-fulya-hf-tp-sky-eq1		This operation was aborted
https://equsto.com/en/shop/market-reyonlari/eq-fulya-hf-tp-sky-eq10	TIMEOUT	TIMEOUT	https://equsto.com/en/shop/market-reyonlari/eq-fulya-hf-tp-sky-eq10		This operation was aborted
https://equsto.com/en/shop/market-reyonlari/eq-fulya-hf-tp-sky-eq12	TIMEOUT	TIMEOUT	https://equsto.com/en/shop/market-reyonlari/eq-fulya-hf-tp-sky-eq12		This operation was aborted
https://equsto.com/en/shop/market-reyonlari/eq-fulya-hf-tp-sky-eq14	TIMEOUT	TIMEOUT	https://equsto.com/en/shop/market-reyonlari/eq-fulya-hf-tp-sky-eq14		This operation was aborted
https://equsto.com/en/shop/market-reyonlari/eq-fulya-hf-tp-sky-eq18	TIMEOUT	TIMEOUT	https://equsto.com/en/shop/market-reyonlari/eq-fulya-hf-tp-sky-eq18		This operation was aborted
https://equsto.com/en/shop/market-reyonlari/eq-fulya-hf-tp-sky-eq19	TIMEOUT	TIMEOUT	https://equsto.com/en/shop/market-reyonlari/eq-fulya-hf-tp-sky-eq19		This operation was aborted
https://equsto.com/en/shop/market-reyonlari/eq-fulya-hf-tp-sky-eq2	TIMEOUT	TIMEOUT	https://equsto.com/en/shop/market-reyonlari/eq-fulya-hf-tp-sky-eq2		This operation was aborted
https://equsto.com/en/shop/market-reyonlari/eq-fulya-hf-tp-sky-eq20	TIMEOUT	TIMEOUT	https://equsto.com/en/shop/market-reyonlari/eq-fulya-hf-tp-sky-eq20		This operation was aborted
https://equsto.com/en/shop/market-reyonlari/eq-fulya-hf-tp-sky-eq21	TIMEOUT	TIMEOUT	https://equsto.com/en/shop/market-reyonlari/eq-fulya-hf-tp-sky-eq21		This operation was aborted
https://equsto.com/en/shop/market-reyonlari/eq-fulya-hf-tp-sky-eq22	TIMEOUT	TIMEOUT	https://equsto.com/en/shop/market-reyonlari/eq-fulya-hf-tp-sky-eq22		This operation was aborted
https://equsto.com/en/shop/market-reyonlari/eq-fulya-hf-tp-sky-eq24	TIMEOUT	TIMEOUT	https://equsto.com/en/shop/market-reyonlari/eq-fulya-hf-tp-sky-eq24		This operation was aborted
https://equsto.com/en/shop/market-reyonlari/eq-fulya-hf-tp-sky-eq3	TIMEOUT	TIMEOUT	https://equsto.com/en/shop/market-reyonlari/eq-fulya-hf-tp-sky-eq3		This operation was aborted
https://equsto.com/en/shop/market-reyonlari/eq-fulya-hf-tp-sky-eq4	TIMEOUT	TIMEOUT	https://equsto.com/en/shop/market-reyonlari/eq-fulya-hf-tp-sky-eq4		This operation was aborted
https://equsto.com/en/shop/market-reyonlari/eq-fulya-hf-tp-sky-eq5	TIMEOUT	TIMEOUT	https://equsto.com/en/shop/market-reyonlari/eq-fulya-hf-tp-sky-eq5		This operation was aborted
https://equsto.com/en/shop/market-reyonlari/eq-fulya-hf-tp-sky-eq6	TIMEOUT	TIMEOUT	https://equsto.com/en/shop/market-reyonlari/eq-fulya-hf-tp-sky-eq6		This operation was aborted
https://equsto.com/en/shop/market-reyonlari/eq-fulya-hf-tp-sky-eq7	TIMEOUT	TIMEOUT	https://equsto.com/en/shop/market-reyonlari/eq-fulya-hf-tp-sky-eq7		This operation was aborted
https://equsto.com/en/shop/market-reyonlari/eq-fulya-hf-tp-sky-eq8	TIMEOUT	TIMEOUT	https://equsto.com/en/shop/market-reyonlari/eq-fulya-hf-tp-sky-eq8		This operation was aborted
https://equsto.com/en/shop/market-reyonlari/eq-fulya-hf-tp-sky-eq9	TIMEOUT	TIMEOUT	https://equsto.com/en/shop/market-reyonlari/eq-fulya-hf-tp-sky-eq9		This operation was aborted
https://equsto.com/en/shop/market-reyonlari/eq-fulya-nv-fg-eq1	TIMEOUT	TIMEOUT	https://equsto.com/en/shop/market-reyonlari/eq-fulya-nv-fg-eq1		This operation was aborted
https://equsto.com/en/shop/market-reyonlari/eq-fulya-nv-fg-eq10	TIMEOUT	TIMEOUT	https://equsto.com/en/shop/market-reyonlari/eq-fulya-nv-fg-eq10		This operation was aborted
https://equsto.com/en/shop/market-reyonlari/eq-fulya-nv-fg-eq11	TIMEOUT	TIMEOUT	https://equsto.com/en/shop/market-reyonlari/eq-fulya-nv-fg-eq11		This operation was aborted
https://equsto.com/en/shop/market-reyonlari/eq-fulya-nv-fg-eq12	TIMEOUT	TIMEOUT	https://equsto.com/en/shop/market-reyonlari/eq-fulya-nv-fg-eq12		This operation was aborted
https://equsto.com/en/shop/market-reyonlari/eq-fulya-nv-fg-eq13	TIMEOUT	TIMEOUT	https://equsto.com/en/shop/market-reyonlari/eq-fulya-nv-fg-eq13		This operation was aborted
https://equsto.com/en/shop/market-reyonlari/eq-fulya-nv-fg-eq14	TIMEOUT	TIMEOUT	https://equsto.com/en/shop/market-reyonlari/eq-fulya-nv-fg-eq14		This operation was aborted
https://equsto.com/en/shop/market-reyonlari/eq-fulya-nv-fg-eq15	TIMEOUT	TIMEOUT	https://equsto.com/en/shop/market-reyonlari/eq-fulya-nv-fg-eq15		This operation was aborted
https://equsto.com/en/shop/market-reyonlari/eq-fulya-nv-fg-eq16	TIMEOUT	TIMEOUT	https://equsto.com/en/shop/market-reyonlari/eq-fulya-nv-fg-eq16		This operation was aborted
https://equsto.com/en/shop/market-reyonlari/eq-fulya-nv-fg-eq17	TIMEOUT	TIMEOUT	https://equsto.com/en/shop/market-reyonlari/eq-fulya-nv-fg-eq17		This operation was aborted
https://equsto.com/en/shop/market-reyonlari/eq-fulya-nv-fg-eq18	TIMEOUT	TIMEOUT	https://equsto.com/en/shop/market-reyonlari/eq-fulya-nv-fg-eq18		This operation was aborted
https://equsto.com/en/shop/market-reyonlari/eq-fulya-nv-fg-eq19	TIMEOUT	TIMEOUT	https://equsto.com/en/shop/market-reyonlari/eq-fulya-nv-fg-eq19		This operation was aborted
https://equsto.com/en/shop/market-reyonlari/eq-fulya-nv-fg-eq2	TIMEOUT	TIMEOUT	https://equsto.com/en/shop/market-reyonlari/eq-fulya-nv-fg-eq2		This operation was aborted
https://equsto.com/en/shop/market-reyonlari/eq-fulya-nv-fg-eq20	TIMEOUT	TIMEOUT	https://equsto.com/en/shop/market-reyonlari/eq-fulya-nv-fg-eq20		This operation was aborted
https://equsto.com/en/shop/market-reyonlari/eq-fulya-nv-fg-eq21	TIMEOUT	TIMEOUT	https://equsto.com/en/shop/market-reyonlari/eq-fulya-nv-fg-eq21		This operation was aborted
https://equsto.com/en/shop/market-reyonlari/eq-fulya-nv-fg-eq22	TIMEOUT	TIMEOUT	https://equsto.com/en/shop/market-reyonlari/eq-fulya-nv-fg-eq22		This operation was aborted
https://equsto.com/en/shop/market-reyonlari/eq-fulya-nv-fg-eq23	TIMEOUT	TIMEOUT	https://equsto.com/en/shop/market-reyonlari/eq-fulya-nv-fg-eq23		This operation was aborted
https://equsto.com/en/shop/market-reyonlari/eq-fulya-nv-fg-eq24	TIMEOUT	TIMEOUT	https://equsto.com/en/shop/market-reyonlari/eq-fulya-nv-fg-eq24		This operation was aborted
https://equsto.com/en/shop/market-reyonlari/eq-fulya-nv-fg-eq3	TIMEOUT	TIMEOUT	https://equsto.com/en/shop/market-reyonlari/eq-fulya-nv-fg-eq3		This operation was aborted
https://equsto.com/en/shop/market-reyonlari/eq-fulya-nv-fg-eq7	TIMEOUT	TIMEOUT	https://equsto.com/en/shop/market-reyonlari/eq-fulya-nv-fg-eq7		This operation was aborted
https://equsto.com/en/shop/market-reyonlari/eq-fulya-nv-fg-eq8	TIMEOUT	TIMEOUT	https://equsto.com/en/shop/market-reyonlari/eq-fulya-nv-fg-eq8		This operation was aborted
https://equsto.com/en/shop/market-reyonlari/eq-fulya-nv-fg-eq9	TIMEOUT	TIMEOUT	https://equsto.com/en/shop/market-reyonlari/eq-fulya-nv-fg-eq9		This operation was aborted
https://equsto.com/en/shop/market-reyonlari/eq-fulya-nv-fg-sky-eq1	TIMEOUT	TIMEOUT	https://equsto.com/en/shop/market-reyonlari/eq-fulya-nv-fg-sky-eq1		This operation was aborted
https://equsto.com/en/shop/market-reyonlari/eq-fulya-nv-fg-sky-eq10	TIMEOUT	TIMEOUT	https://equsto.com/en/shop/market-reyonlari/eq-fulya-nv-fg-sky-eq10		This operation was aborted
https://equsto.com/en/shop/market-reyonlari/eq-fulya-nv-fg-sky-eq11	TIMEOUT	TIMEOUT	https://equsto.com/en/shop/market-reyonlari/eq-fulya-nv-fg-sky-eq11		This operation was aborted
https://equsto.com/en/shop/market-reyonlari/eq-fulya-nv-fg-sky-eq12	TIMEOUT	TIMEOUT	https://equsto.com/en/shop/market-reyonlari/eq-fulya-nv-fg-sky-eq12		This operation was aborted
https://equsto.com/en/shop/market-reyonlari/eq-fulya-nv-fg-sky-eq14	TIMEOUT	TIMEOUT	https://equsto.com/en/shop/market-reyonlari/eq-fulya-nv-fg-sky-eq14		This operation was aborted
https://equsto.com/en/shop/market-reyonlari/eq-fulya-nv-fg-sky-eq15	TIMEOUT	TIMEOUT	https://equsto.com/en/shop/market-reyonlari/eq-fulya-nv-fg-sky-eq15		This operation was aborted
https://equsto.com/en/shop/market-reyonlari/eq-fulya-nv-fg-sky-eq16	TIMEOUT	TIMEOUT	https://equsto.com/en/shop/market-reyonlari/eq-fulya-nv-fg-sky-eq16		This operation was aborted
https://equsto.com/en/shop/market-reyonlari/eq-fulya-nv-fg-sky-eq17	TIMEOUT	TIMEOUT	https://equsto.com/en/shop/market-reyonlari/eq-fulya-nv-fg-sky-eq17		This operation was aborted
https://equsto.com/en/shop/market-reyonlari/eq-fulya-nv-fg-sky-eq18	TIMEOUT	TIMEOUT	https://equsto.com/en/shop/market-reyonlari/eq-fulya-nv-fg-sky-eq18		This operation was aborted
https://equsto.com/en/shop/market-reyonlari/eq-fulya-nv-fg-sky-eq19	TIMEOUT	TIMEOUT	https://equsto.com/en/shop/market-reyonlari/eq-fulya-nv-fg-sky-eq19		This operation was aborted
https://equsto.com/en/shop/market-reyonlari/eq-fulya-nv-fg-sky-eq2	TIMEOUT	TIMEOUT	https://equsto.com/en/shop/market-reyonlari/eq-fulya-nv-fg-sky-eq2		This operation was aborted
https://equsto.com/en/shop/market-reyonlari/eq-fulya-nv-fg-sky-eq20	TIMEOUT	TIMEOUT	https://equsto.com/en/shop/market-reyonlari/eq-fulya-nv-fg-sky-eq20		This operation was aborted
https://equsto.com/en/shop/market-reyonlari/eq-fulya-nv-fg-sky-eq21	TIMEOUT	TIMEOUT	https://equsto.com/en/shop/market-reyonlari/eq-fulya-nv-fg-sky-eq21		This operation was aborted
https://equsto.com/en/shop/market-reyonlari/eq-fulya-nv-fg-sky-eq24	TIMEOUT	TIMEOUT	https://equsto.com/en/shop/market-reyonlari/eq-fulya-nv-fg-sky-eq24		This operation was aborted
https://equsto.com/en/shop/market-reyonlari/eq-fulya-nv-fg-sky-eq3	TIMEOUT	TIMEOUT	https://equsto.com/en/shop/market-reyonlari/eq-fulya-nv-fg-sky-eq3		This operation was aborted
https://equsto.com/en/shop/market-reyonlari/eq-fulya-nv-fg-sky-eq4	TIMEOUT	TIMEOUT	https://equsto.com/en/shop/market-reyonlari/eq-fulya-nv-fg-sky-eq4		This operation was aborted
https://equsto.com/en/shop/market-reyonlari/eq-fulya-nv-fg-sky-eq5	TIMEOUT	TIMEOUT	https://equsto.com/en/shop/market-reyonlari/eq-fulya-nv-fg-sky-eq5		This operation was aborted
https://equsto.com/en/shop/market-reyonlari/eq-fulya-nv-fg-sky-eq6	TIMEOUT	TIMEOUT	https://equsto.com/en/shop/market-reyonlari/eq-fulya-nv-fg-sky-eq6		This operation was aborted
https://equsto.com/en/shop/market-reyonlari/eq-fulya-nv-fg-sky-eq7	TIMEOUT	TIMEOUT	https://equsto.com/en/shop/market-reyonlari/eq-fulya-nv-fg-sky-eq7		This operation was aborted
https://equsto.com/en/shop/market-reyonlari/eq-fulya-nv-fg-sky-eq8	TIMEOUT	TIMEOUT	https://equsto.com/en/shop/market-reyonlari/eq-fulya-nv-fg-sky-eq8		This operation was aborted
https://equsto.com/en/shop/market-reyonlari/eq-fulya-nv-fg-sky-eq9	TIMEOUT	TIMEOUT	https://equsto.com/en/shop/market-reyonlari/eq-fulya-nv-fg-sky-eq9		This operation was aborted
https://equsto.com/en/shop/market-reyonlari/eq-fulya-nv-lm-eq1	TIMEOUT	TIMEOUT	https://equsto.com/en/shop/market-reyonlari/eq-fulya-nv-lm-eq1		This operation was aborted
https://equsto.com/en/shop/market-reyonlari/eq-fulya-nv-lm-eq10	TIMEOUT	TIMEOUT	https://equsto.com/en/shop/market-reyonlari/eq-fulya-nv-lm-eq10		This operation was aborted
https://equsto.com/en/shop/market-reyonlari/eq-fulya-nv-lm-eq11	TIMEOUT	TIMEOUT	https://equsto.com/en/shop/market-reyonlari/eq-fulya-nv-lm-eq11		This operation was aborted
https://equsto.com/en/shop/market-reyonlari/eq-fulya-nv-lm-eq12	TIMEOUT	TIMEOUT	https://equsto.com/en/shop/market-reyonlari/eq-fulya-nv-lm-eq12		This operation was aborted
https://equsto.com/en/shop/market-reyonlari/eq-fulya-nv-lm-eq13	TIMEOUT	TIMEOUT	https://equsto.com/en/shop/market-reyonlari/eq-fulya-nv-lm-eq13		This operation was aborted
https://equsto.com/en/shop/market-reyonlari/eq-fulya-nv-lm-eq14	TIMEOUT	TIMEOUT	https://equsto.com/en/shop/market-reyonlari/eq-fulya-nv-lm-eq14		This operation was aborted
https://equsto.com/en/shop/market-reyonlari/eq-fulya-nv-lm-eq15	TIMEOUT	TIMEOUT	https://equsto.com/en/shop/market-reyonlari/eq-fulya-nv-lm-eq15		This operation was aborted
https://equsto.com/en/shop/market-reyonlari/eq-fulya-nv-lm-eq16	TIMEOUT	TIMEOUT	https://equsto.com/en/shop/market-reyonlari/eq-fulya-nv-lm-eq16		This operation was aborted
https://equsto.com/en/shop/market-reyonlari/eq-fulya-nv-lm-eq17	TIMEOUT	TIMEOUT	https://equsto.com/en/shop/market-reyonlari/eq-fulya-nv-lm-eq17		This operation was aborted
https://equsto.com/en/shop/market-reyonlari/eq-fulya-nv-lm-eq18	TIMEOUT	TIMEOUT	https://equsto.com/en/shop/market-reyonlari/eq-fulya-nv-lm-eq18		This operation was aborted
https://equsto.com/en/shop/market-reyonlari/eq-fulya-nv-lm-eq21	TIMEOUT	TIMEOUT	https://equsto.com/en/shop/market-reyonlari/eq-fulya-nv-lm-eq21		This operation was aborted
https://equsto.com/en/shop/market-reyonlari/eq-fulya-nv-lm-eq23	TIMEOUT	TIMEOUT	https://equsto.com/en/shop/market-reyonlari/eq-fulya-nv-lm-eq23		This operation was aborted
https://equsto.com/en/shop/market-reyonlari/eq-fulya-nv-lm-eq24	TIMEOUT	TIMEOUT	https://equsto.com/en/shop/market-reyonlari/eq-fulya-nv-lm-eq24		This operation was aborted
https://equsto.com/en/shop/market-reyonlari/eq-fulya-nv-lm-eq3	TIMEOUT	TIMEOUT	https://equsto.com/en/shop/market-reyonlari/eq-fulya-nv-lm-eq3		This operation was aborted
https://equsto.com/en/shop/market-reyonlari/eq-fulya-nv-lm-eq4	TIMEOUT	TIMEOUT	https://equsto.com/en/shop/market-reyonlari/eq-fulya-nv-lm-eq4		This operation was aborted
https://equsto.com/en/shop/market-reyonlari/eq-fulya-nv-lm-eq5	TIMEOUT	TIMEOUT	https://equsto.com/en/shop/market-reyonlari/eq-fulya-nv-lm-eq5		This operation was aborted
https://equsto.com/en/shop/market-reyonlari/eq-fulya-nv-lm-eq6	TIMEOUT	TIMEOUT	https://equsto.com/en/shop/market-reyonlari/eq-fulya-nv-lm-eq6		This operation was aborted
https://equsto.com/en/shop/market-reyonlari/eq-fulya-nv-lm-eq7	TIMEOUT	TIMEOUT	https://equsto.com/en/shop/market-reyonlari/eq-fulya-nv-lm-eq7		This operation was aborted
https://equsto.com/en/shop/market-reyonlari/eq-fulya-nv-lm-eq8	TIMEOUT	TIMEOUT	https://equsto.com/en/shop/market-reyonlari/eq-fulya-nv-lm-eq8		This operation was aborted
https://equsto.com/en/shop/market-reyonlari/eq-fulya-nv-lm-eq9	TIMEOUT	TIMEOUT	https://equsto.com/en/shop/market-reyonlari/eq-fulya-nv-lm-eq9		This operation was aborted
https://equsto.com/en/shop/market-reyonlari/eq-fulya-nv-pn-eq1	TIMEOUT	TIMEOUT	https://equsto.com/en/shop/market-reyonlari/eq-fulya-nv-pn-eq1		This operation was aborted
https://equsto.com/en/shop/market-reyonlari/eq-fulya-nv-pn-eq10	TIMEOUT	TIMEOUT	https://equsto.com/en/shop/market-reyonlari/eq-fulya-nv-pn-eq10		This operation was aborted
https://equsto.com/en/shop/market-reyonlari/eq-fulya-nv-pn-eq11	TIMEOUT	TIMEOUT	https://equsto.com/en/shop/market-reyonlari/eq-fulya-nv-pn-eq11		This operation was aborted
https://equsto.com/en/shop/market-reyonlari/eq-fulya-nv-pn-eq12	TIMEOUT	TIMEOUT	https://equsto.com/en/shop/market-reyonlari/eq-fulya-nv-pn-eq12		This operation was aborted
https://equsto.com/en/shop/market-reyonlari/eq-fulya-nv-pn-eq13	TIMEOUT	TIMEOUT	https://equsto.com/en/shop/market-reyonlari/eq-fulya-nv-pn-eq13		This operation was aborted
https://equsto.com/en/shop/market-reyonlari/eq-fulya-nv-pn-eq14	TIMEOUT	TIMEOUT	https://equsto.com/en/shop/market-reyonlari/eq-fulya-nv-pn-eq14		This operation was aborted
https://equsto.com/en/shop/market-reyonlari/eq-fulya-nv-pn-eq15	TIMEOUT	TIMEOUT	https://equsto.com/en/shop/market-reyonlari/eq-fulya-nv-pn-eq15		This operation was aborted
https://equsto.com/en/shop/market-reyonlari/eq-fulya-nv-pn-eq16	TIMEOUT	TIMEOUT	https://equsto.com/en/shop/market-reyonlari/eq-fulya-nv-pn-eq16		This operation was aborted
https://equsto.com/en/shop/market-reyonlari/eq-fulya-nv-pn-eq17	TIMEOUT	TIMEOUT	https://equsto.com/en/shop/market-reyonlari/eq-fulya-nv-pn-eq17		This operation was aborted
https://equsto.com/en/shop/market-reyonlari/eq-fulya-nv-pn-eq2	TIMEOUT	TIMEOUT	https://equsto.com/en/shop/market-reyonlari/eq-fulya-nv-pn-eq2		This operation was aborted
https://equsto.com/en/shop/market-reyonlari/eq-fulya-nv-pn-eq24	TIMEOUT	TIMEOUT	https://equsto.com/en/shop/market-reyonlari/eq-fulya-nv-pn-eq24		This operation was aborted
https://equsto.com/en/shop/market-reyonlari/eq-fulya-nv-pn-eq25	TIMEOUT	TIMEOUT	https://equsto.com/en/shop/market-reyonlari/eq-fulya-nv-pn-eq25		This operation was aborted
https://equsto.com/en/shop/market-reyonlari/eq-fulya-nv-pn-eq26	TIMEOUT	TIMEOUT	https://equsto.com/en/shop/market-reyonlari/eq-fulya-nv-pn-eq26		This operation was aborted
https://equsto.com/en/shop/market-reyonlari/eq-fulya-nv-pn-eq27	TIMEOUT	TIMEOUT	https://equsto.com/en/shop/market-reyonlari/eq-fulya-nv-pn-eq27		This operation was aborted
https://equsto.com/en/shop/market-reyonlari/eq-fulya-nv-pn-eq28	TIMEOUT	TIMEOUT	https://equsto.com/en/shop/market-reyonlari/eq-fulya-nv-pn-eq28		This operation was aborted
https://equsto.com/en/shop/market-reyonlari/eq-fulya-nv-pn-eq29	TIMEOUT	TIMEOUT	https://equsto.com/en/shop/market-reyonlari/eq-fulya-nv-pn-eq29		This operation was aborted
https://equsto.com/en/shop/market-reyonlari/eq-fulya-nv-pn-eq3	TIMEOUT	TIMEOUT	https://equsto.com/en/shop/market-reyonlari/eq-fulya-nv-pn-eq3		This operation was aborted
https://equsto.com/en/shop/market-reyonlari/eq-fulya-nv-pn-eq30	TIMEOUT	TIMEOUT	https://equsto.com/en/shop/market-reyonlari/eq-fulya-nv-pn-eq30		This operation was aborted
https://equsto.com/en/shop/market-reyonlari/eq-fulya-nv-pn-eq31	TIMEOUT	TIMEOUT	https://equsto.com/en/shop/market-reyonlari/eq-fulya-nv-pn-eq31		This operation was aborted
https://equsto.com/en/shop/market-reyonlari/eq-fulya-nv-pn-eq32	TIMEOUT	TIMEOUT	https://equsto.com/en/shop/market-reyonlari/eq-fulya-nv-pn-eq32		This operation was aborted
https://equsto.com/en/shop/market-reyonlari/eq-fulya-nv-pn-eq33	TIMEOUT	TIMEOUT	https://equsto.com/en/shop/market-reyonlari/eq-fulya-nv-pn-eq33		This operation was aborted
https://equsto.com/en/shop/market-reyonlari/eq-fulya-nv-pn-eq34	TIMEOUT	TIMEOUT	https://equsto.com/en/shop/market-reyonlari/eq-fulya-nv-pn-eq34		This operation was aborted
https://equsto.com/en/shop/market-reyonlari/eq-fulya-nv-pn-eq35	TIMEOUT	TIMEOUT	https://equsto.com/en/shop/market-reyonlari/eq-fulya-nv-pn-eq35		This operation was aborted
https://equsto.com/en/shop/market-reyonlari/eq-fulya-nv-pn-eq36	TIMEOUT	TIMEOUT	https://equsto.com/en/shop/market-reyonlari/eq-fulya-nv-pn-eq36		This operation was aborted
https://equsto.com/en/shop/market-reyonlari/eq-fulya-nv-pn-eq37	TIMEOUT	TIMEOUT	https://equsto.com/en/shop/market-reyonlari/eq-fulya-nv-pn-eq37		This operation was aborted
https://equsto.com/en/shop/market-reyonlari/eq-fulya-nv-pn-eq38	TIMEOUT	TIMEOUT	https://equsto.com/en/shop/market-reyonlari/eq-fulya-nv-pn-eq38		This operation was aborted
https://equsto.com/en/shop/market-reyonlari/eq-fulya-nv-pn-eq39	TIMEOUT	TIMEOUT	https://equsto.com/en/shop/market-reyonlari/eq-fulya-nv-pn-eq39		This operation was aborted
https://equsto.com/en/shop/market-reyonlari/eq-fulya-nv-pn-eq40	TIMEOUT	TIMEOUT	https://equsto.com/en/shop/market-reyonlari/eq-fulya-nv-pn-eq40		This operation was aborted
https://equsto.com/en/shop/market-reyonlari/eq-fulya-nv-pn-eq5	TIMEOUT	TIMEOUT	https://equsto.com/en/shop/market-reyonlari/eq-fulya-nv-pn-eq5		This operation was aborted
https://equsto.com/en/shop/market-reyonlari/eq-fulya-nv-pn-eq7	TIMEOUT	TIMEOUT	https://equsto.com/en/shop/market-reyonlari/eq-fulya-nv-pn-eq7		This operation was aborted
https://equsto.com/en/shop/market-reyonlari/eq-fulya-nv-pn-eq8	TIMEOUT	TIMEOUT	https://equsto.com/en/shop/market-reyonlari/eq-fulya-nv-pn-eq8		This operation was aborted
https://equsto.com/en/shop/market-reyonlari/eq-fulya-nv-pn-eq9	TIMEOUT	TIMEOUT	https://equsto.com/en/shop/market-reyonlari/eq-fulya-nv-pn-eq9		This operation was aborted
https://equsto.com/en/shop/market-reyonlari/eq-fulya-nv-tp-eq1	TIMEOUT	TIMEOUT	https://equsto.com/en/shop/market-reyonlari/eq-fulya-nv-tp-eq1		This operation was aborted
https://equsto.com/en/shop/market-reyonlari/eq-fulya-nv-tp-eq10	TIMEOUT	TIMEOUT	https://equsto.com/en/shop/market-reyonlari/eq-fulya-nv-tp-eq10		This operation was aborted
https://equsto.com/en/shop/market-reyonlari/eq-fulya-nv-tp-eq11	TIMEOUT	TIMEOUT	https://equsto.com/en/shop/market-reyonlari/eq-fulya-nv-tp-eq11		This operation was aborted
https://equsto.com/en/shop/market-reyonlari/eq-fulya-nv-tp-eq12	TIMEOUT	TIMEOUT	https://equsto.com/en/shop/market-reyonlari/eq-fulya-nv-tp-eq12		This operation was aborted
https://equsto.com/en/shop/market-reyonlari/eq-fulya-nv-tp-eq13	TIMEOUT	TIMEOUT	https://equsto.com/en/shop/market-reyonlari/eq-fulya-nv-tp-eq13		This operation was aborted
https://equsto.com/en/shop/market-reyonlari/eq-fulya-nv-tp-eq14	TIMEOUT	TIMEOUT	https://equsto.com/en/shop/market-reyonlari/eq-fulya-nv-tp-eq14		This operation was aborted
https://equsto.com/en/shop/market-reyonlari/eq-fulya-nv-tp-eq15	TIMEOUT	TIMEOUT	https://equsto.com/en/shop/market-reyonlari/eq-fulya-nv-tp-eq15		This operation was aborted
https://equsto.com/en/shop/market-reyonlari/eq-fulya-nv-tp-eq16	TIMEOUT	TIMEOUT	https://equsto.com/en/shop/market-reyonlari/eq-fulya-nv-tp-eq16		This operation was aborted
https://equsto.com/en/shop/market-reyonlari/eq-fulya-nv-tp-eq17	TIMEOUT	TIMEOUT	https://equsto.com/en/shop/market-reyonlari/eq-fulya-nv-tp-eq17		This operation was aborted
https://equsto.com/en/shop/market-reyonlari/eq-fulya-nv-tp-eq18	TIMEOUT	TIMEOUT	https://equsto.com/en/shop/market-reyonlari/eq-fulya-nv-tp-eq18		This operation was aborted
https://equsto.com/en/shop/market-reyonlari/eq-fulya-nv-tp-eq19	TIMEOUT	TIMEOUT	https://equsto.com/en/shop/market-reyonlari/eq-fulya-nv-tp-eq19		This operation was aborted
https://equsto.com/en/shop/market-reyonlari/eq-fulya-nv-tp-eq2	TIMEOUT	TIMEOUT	https://equsto.com/en/shop/market-reyonlari/eq-fulya-nv-tp-eq2		This operation was aborted
https://equsto.com/en/shop/market-reyonlari/eq-fulya-nv-tp-eq20	TIMEOUT	TIMEOUT	https://equsto.com/en/shop/market-reyonlari/eq-fulya-nv-tp-eq20		This operation was aborted
https://equsto.com/en/shop/market-reyonlari/eq-fulya-nv-tp-eq21	TIMEOUT	TIMEOUT	https://equsto.com/en/shop/market-reyonlari/eq-fulya-nv-tp-eq21		This operation was aborted
https://equsto.com/en/shop/market-reyonlari/eq-fulya-nv-tp-eq3	TIMEOUT	TIMEOUT	https://equsto.com/en/shop/market-reyonlari/eq-fulya-nv-tp-eq3		This operation was aborted
https://equsto.com/en/shop/market-reyonlari/eq-fulya-nv-tp-eq5	TIMEOUT	TIMEOUT	https://equsto.com/en/shop/market-reyonlari/eq-fulya-nv-tp-eq5		This operation was aborted
https://equsto.com/en/shop/market-reyonlari/eq-fulya-nv-tp-eq7	TIMEOUT	TIMEOUT	https://equsto.com/en/shop/market-reyonlari/eq-fulya-nv-tp-eq7		This operation was aborted
https://equsto.com/en/shop/market-reyonlari/eq-fulya-nv-tp-eq8	TIMEOUT	TIMEOUT	https://equsto.com/en/shop/market-reyonlari/eq-fulya-nv-tp-eq8		This operation was aborted
https://equsto.com/en/shop/market-reyonlari/eq-fulya-nv-tp-eq9	TIMEOUT	TIMEOUT	https://equsto.com/en/shop/market-reyonlari/eq-fulya-nv-tp-eq9		This operation was aborted
https://equsto.com/en/shop/market-reyonlari/eq-fulya-nv-tp-sky-eq1	TIMEOUT	TIMEOUT	https://equsto.com/en/shop/market-reyonlari/eq-fulya-nv-tp-sky-eq1		This operation was aborted
https://equsto.com/en/shop/market-reyonlari/eq-fulya-nv-tp-sky-eq10	TIMEOUT	TIMEOUT	https://equsto.com/en/shop/market-reyonlari/eq-fulya-nv-tp-sky-eq10		This operation was aborted
https://equsto.com/en/shop/market-reyonlari/eq-fulya-nv-tp-sky-eq11	TIMEOUT	TIMEOUT	https://equsto.com/en/shop/market-reyonlari/eq-fulya-nv-tp-sky-eq11		This operation was aborted
https://equsto.com/en/shop/market-reyonlari/eq-fulya-nv-tp-sky-eq12	TIMEOUT	TIMEOUT	https://equsto.com/en/shop/market-reyonlari/eq-fulya-nv-tp-sky-eq12		This operation was aborted
https://equsto.com/en/shop/market-reyonlari/eq-fulya-nv-tp-sky-eq13	TIMEOUT	TIMEOUT	https://equsto.com/en/shop/market-reyonlari/eq-fulya-nv-tp-sky-eq13		This operation was aborted
https://equsto.com/en/shop/market-reyonlari/eq-fulya-nv-tp-sky-eq14	TIMEOUT	TIMEOUT	https://equsto.com/en/shop/market-reyonlari/eq-fulya-nv-tp-sky-eq14		This operation was aborted
https://equsto.com/en/shop/market-reyonlari/eq-fulya-nv-tp-sky-eq15	TIMEOUT	TIMEOUT	https://equsto.com/en/shop/market-reyonlari/eq-fulya-nv-tp-sky-eq15		This operation was aborted
https://equsto.com/en/shop/market-reyonlari/eq-fulya-nv-tp-sky-eq16	TIMEOUT	TIMEOUT	https://equsto.com/en/shop/market-reyonlari/eq-fulya-nv-tp-sky-eq16		This operation was aborted
https://equsto.com/en/shop/market-reyonlari/eq-fulya-nv-tp-sky-eq18	TIMEOUT	TIMEOUT	https://equsto.com/en/shop/market-reyonlari/eq-fulya-nv-tp-sky-eq18		This operation was aborted
https://equsto.com/en/shop/market-reyonlari/eq-fulya-nv-tp-sky-eq19	TIMEOUT	TIMEOUT	https://equsto.com/en/shop/market-reyonlari/eq-fulya-nv-tp-sky-eq19		This operation was aborted
https://equsto.com/en/shop/market-reyonlari/eq-fulya-nv-tp-sky-eq2	TIMEOUT	TIMEOUT	https://equsto.com/en/shop/market-reyonlari/eq-fulya-nv-tp-sky-eq2		This operation was aborted
https://equsto.com/en/shop/market-reyonlari/eq-fulya-nv-tp-sky-eq20	TIMEOUT	TIMEOUT	https://equsto.com/en/shop/market-reyonlari/eq-fulya-nv-tp-sky-eq20		This operation was aborted
https://equsto.com/en/shop/market-reyonlari/eq-fulya-nv-tp-sky-eq21	TIMEOUT	TIMEOUT	https://equsto.com/en/shop/market-reyonlari/eq-fulya-nv-tp-sky-eq21		This operation was aborted
https://equsto.com/en/shop/market-reyonlari/eq-fulya-nv-tp-sky-eq23	TIMEOUT	TIMEOUT	https://equsto.com/en/shop/market-reyonlari/eq-fulya-nv-tp-sky-eq23		This operation was aborted
https://equsto.com/en/shop/market-reyonlari/eq-fulya-nv-tp-sky-eq24	TIMEOUT	TIMEOUT	https://equsto.com/en/shop/market-reyonlari/eq-fulya-nv-tp-sky-eq24		This operation was aborted
https://equsto.com/en/shop/market-reyonlari/eq-fulya-nv-tp-sky-eq3	TIMEOUT	TIMEOUT	https://equsto.com/en/shop/market-reyonlari/eq-fulya-nv-tp-sky-eq3		This operation was aborted
https://equsto.com/en/shop/market-reyonlari/eq-fulya-nv-tp-sky-eq4	TIMEOUT	TIMEOUT	https://equsto.com/en/shop/market-reyonlari/eq-fulya-nv-tp-sky-eq4		This operation was aborted
https://equsto.com/en/shop/market-reyonlari/eq-fulya-nv-tp-sky-eq7	TIMEOUT	TIMEOUT	https://equsto.com/en/shop/market-reyonlari/eq-fulya-nv-tp-sky-eq7		This operation was aborted
https://equsto.com/en/shop/market-reyonlari/eq-fulya-nv-tp-sky-eq9	TIMEOUT	TIMEOUT	https://equsto.com/en/shop/market-reyonlari/eq-fulya-nv-tp-sky-eq9		This operation was aborted
https://equsto.com/en/shop/market-reyonlari/eq-gardenya-eq1	TIMEOUT	TIMEOUT	https://equsto.com/en/shop/market-reyonlari/eq-gardenya-eq1		This operation was aborted
https://equsto.com/en/shop/market-reyonlari/eq-gardenya-eq10	TIMEOUT	TIMEOUT	https://equsto.com/en/shop/market-reyonlari/eq-gardenya-eq10		This operation was aborted
https://equsto.com/en/shop/market-reyonlari/eq-gardenya-eq11	TIMEOUT	TIMEOUT	https://equsto.com/en/shop/market-reyonlari/eq-gardenya-eq11		This operation was aborted
https://equsto.com/en/shop/market-reyonlari/eq-gardenya-eq12	TIMEOUT	TIMEOUT	https://equsto.com/en/shop/market-reyonlari/eq-gardenya-eq12		This operation was aborted
https://equsto.com/en/shop/market-reyonlari/eq-gardenya-eq14	TIMEOUT	TIMEOUT	https://equsto.com/en/shop/market-reyonlari/eq-gardenya-eq14		This operation was aborted
https://equsto.com/en/shop/market-reyonlari/eq-gardenya-eq15	TIMEOUT	TIMEOUT	https://equsto.com/en/shop/market-reyonlari/eq-gardenya-eq15		This operation was aborted
https://equsto.com/en/shop/market-reyonlari/eq-gardenya-eq16	TIMEOUT	TIMEOUT	https://equsto.com/en/shop/market-reyonlari/eq-gardenya-eq16		This operation was aborted
https://equsto.com/en/shop/market-reyonlari/eq-gardenya-eq17	TIMEOUT	TIMEOUT	https://equsto.com/en/shop/market-reyonlari/eq-gardenya-eq17		This operation was aborted
https://equsto.com/en/shop/market-reyonlari/eq-gardenya-eq18	TIMEOUT	TIMEOUT	https://equsto.com/en/shop/market-reyonlari/eq-gardenya-eq18		This operation was aborted
https://equsto.com/en/shop/market-reyonlari/eq-gardenya-eq19	TIMEOUT	TIMEOUT	https://equsto.com/en/shop/market-reyonlari/eq-gardenya-eq19		This operation was aborted
https://equsto.com/en/shop/market-reyonlari/eq-gardenya-eq2	TIMEOUT	TIMEOUT	https://equsto.com/en/shop/market-reyonlari/eq-gardenya-eq2		This operation was aborted
https://equsto.com/en/shop/market-reyonlari/eq-gardenya-eq20	TIMEOUT	TIMEOUT	https://equsto.com/en/shop/market-reyonlari/eq-gardenya-eq20		This operation was aborted
https://equsto.com/en/shop/market-reyonlari/eq-gardenya-eq3	TIMEOUT	TIMEOUT	https://equsto.com/en/shop/market-reyonlari/eq-gardenya-eq3		This operation was aborted
https://equsto.com/en/shop/market-reyonlari/eq-gardenya-eq7	TIMEOUT	TIMEOUT	https://equsto.com/en/shop/market-reyonlari/eq-gardenya-eq7		This operation was aborted
https://equsto.com/en/shop/market-reyonlari/eq-gardenya-eq8	TIMEOUT	TIMEOUT	https://equsto.com/en/shop/market-reyonlari/eq-gardenya-eq8		This operation was aborted
https://equsto.com/en/shop/market-reyonlari/eq-gardenya-eq9	TIMEOUT	TIMEOUT	https://equsto.com/en/shop/market-reyonlari/eq-gardenya-eq9		This operation was aborted
https://equsto.com/en/shop/market-reyonlari/eq-hercai-mr-eq1	TIMEOUT	TIMEOUT	https://equsto.com/en/shop/market-reyonlari/eq-hercai-mr-eq1		This operation was aborted
https://equsto.com/en/shop/market-reyonlari/eq-hercai-mr-eq10	TIMEOUT	TIMEOUT	https://equsto.com/en/shop/market-reyonlari/eq-hercai-mr-eq10		This operation was aborted
https://equsto.com/en/shop/market-reyonlari/eq-hercai-mr-eq11	TIMEOUT	TIMEOUT	https://equsto.com/en/shop/market-reyonlari/eq-hercai-mr-eq11		This operation was aborted
https://equsto.com/en/shop/market-reyonlari/eq-hercai-mr-eq12	TIMEOUT	TIMEOUT	https://equsto.com/en/shop/market-reyonlari/eq-hercai-mr-eq12		This operation was aborted
https://equsto.com/en/shop/market-reyonlari/eq-hercai-mr-eq2	TIMEOUT	TIMEOUT	https://equsto.com/en/shop/market-reyonlari/eq-hercai-mr-eq2		This operation was aborted
https://equsto.com/en/shop/market-reyonlari/eq-hercai-mr-eq3	TIMEOUT	TIMEOUT	https://equsto.com/en/shop/market-reyonlari/eq-hercai-mr-eq3		This operation was aborted
https://equsto.com/en/shop/market-reyonlari/eq-hercai-mr-eq4	TIMEOUT	TIMEOUT	https://equsto.com/en/shop/market-reyonlari/eq-hercai-mr-eq4		This operation was aborted
https://equsto.com/en/shop/market-reyonlari/eq-hercai-mr-eq5	TIMEOUT	TIMEOUT	https://equsto.com/en/shop/market-reyonlari/eq-hercai-mr-eq5		This operation was aborted
https://equsto.com/en/shop/market-reyonlari/eq-hercai-mr-eq6	TIMEOUT	TIMEOUT	https://equsto.com/en/shop/market-reyonlari/eq-hercai-mr-eq6		This operation was aborted
https://equsto.com/en/shop/market-reyonlari/eq-hercai-mr-eq7	TIMEOUT	TIMEOUT	https://equsto.com/en/shop/market-reyonlari/eq-hercai-mr-eq7		This operation was aborted
https://equsto.com/en/shop/market-reyonlari/eq-hercai-mr-eq8	TIMEOUT	TIMEOUT	https://equsto.com/en/shop/market-reyonlari/eq-hercai-mr-eq8		This operation was aborted
https://equsto.com/en/shop/market-reyonlari/eq-hercai-mr-eq9	TIMEOUT	TIMEOUT	https://equsto.com/en/shop/market-reyonlari/eq-hercai-mr-eq9		This operation was aborted
https://equsto.com/en/shop/market-reyonlari/eq-inci-eq1	TIMEOUT	TIMEOUT	https://equsto.com/en/shop/market-reyonlari/eq-inci-eq1		This operation was aborted
https://equsto.com/en/shop/market-reyonlari/eq-inci-eq10	TIMEOUT	TIMEOUT	https://equsto.com/en/shop/market-reyonlari/eq-inci-eq10		This operation was aborted
https://equsto.com/en/shop/market-reyonlari/eq-inci-eq2	TIMEOUT	TIMEOUT	https://equsto.com/en/shop/market-reyonlari/eq-inci-eq2		This operation was aborted
https://equsto.com/en/shop/market-reyonlari/eq-inci-eq3	TIMEOUT	TIMEOUT	https://equsto.com/en/shop/market-reyonlari/eq-inci-eq3		This operation was aborted
https://equsto.com/en/shop/market-reyonlari/eq-inci-eq4	TIMEOUT	TIMEOUT	https://equsto.com/en/shop/market-reyonlari/eq-inci-eq4		This operation was aborted
https://equsto.com/en/shop/market-reyonlari/eq-inci-eq5	TIMEOUT	TIMEOUT	https://equsto.com/en/shop/market-reyonlari/eq-inci-eq5		This operation was aborted
https://equsto.com/en/shop/market-reyonlari/eq-inci-eq7	TIMEOUT	TIMEOUT	https://equsto.com/en/shop/market-reyonlari/eq-inci-eq7		This operation was aborted
https://equsto.com/en/shop/market-reyonlari/eq-inci-eq9	TIMEOUT	TIMEOUT	https://equsto.com/en/shop/market-reyonlari/eq-inci-eq9		This operation was aborted
https://equsto.com/en/shop/market-reyonlari/eq-iris-eq1	TIMEOUT	TIMEOUT	https://equsto.com/en/shop/market-reyonlari/eq-iris-eq1		This operation was aborted
https://equsto.com/en/shop/market-reyonlari/eq-iris-eq2	TIMEOUT	TIMEOUT	https://equsto.com/en/shop/market-reyonlari/eq-iris-eq2		This operation was aborted
https://equsto.com/en/shop/market-reyonlari/eq-iris-eq3	TIMEOUT	TIMEOUT	https://equsto.com/en/shop/market-reyonlari/eq-iris-eq3		This operation was aborted
https://equsto.com/en/shop/market-reyonlari/eq-itir-eq1	TIMEOUT	TIMEOUT	https://equsto.com/en/shop/market-reyonlari/eq-itir-eq1		This operation was aborted
https://equsto.com/en/shop/market-reyonlari/eq-itir-eq2	TIMEOUT	TIMEOUT	https://equsto.com/en/shop/market-reyonlari/eq-itir-eq2		This operation was aborted
https://equsto.com/en/shop/market-reyonlari/eq-itir-eq3	TIMEOUT	TIMEOUT	https://equsto.com/en/shop/market-reyonlari/eq-itir-eq3		This operation was aborted
https://equsto.com/en/shop/market-reyonlari/eq-kazablanka-eq1	TIMEOUT	TIMEOUT	https://equsto.com/en/shop/market-reyonlari/eq-kazablanka-eq1		This operation was aborted
https://equsto.com/en/shop/market-reyonlari/eq-krizantem-eq1	TIMEOUT	TIMEOUT	https://equsto.com/en/shop/market-reyonlari/eq-krizantem-eq1		This operation was aborted
https://equsto.com/en/shop/market-reyonlari/eq-krizantem-eq2	TIMEOUT	TIMEOUT	https://equsto.com/en/shop/market-reyonlari/eq-krizantem-eq2		This operation was aborted
https://equsto.com/en/shop/market-reyonlari/eq-krizantem-eq3	TIMEOUT	TIMEOUT	https://equsto.com/en/shop/market-reyonlari/eq-krizantem-eq3		This operation was aborted
https://equsto.com/en/shop/market-reyonlari/eq-lale-eq1	TIMEOUT	TIMEOUT	https://equsto.com/en/shop/market-reyonlari/eq-lale-eq1		This operation was aborted
https://equsto.com/en/shop/market-reyonlari/eq-lale-eq10	TIMEOUT	TIMEOUT	https://equsto.com/en/shop/market-reyonlari/eq-lale-eq10		This operation was aborted
https://equsto.com/en/shop/market-reyonlari/eq-lale-eq11	TIMEOUT	TIMEOUT	https://equsto.com/en/shop/market-reyonlari/eq-lale-eq11		This operation was aborted
https://equsto.com/en/shop/market-reyonlari/eq-lale-eq12	TIMEOUT	TIMEOUT	https://equsto.com/en/shop/market-reyonlari/eq-lale-eq12		This operation was aborted
https://equsto.com/en/shop/market-reyonlari/eq-lale-eq13	TIMEOUT	TIMEOUT	https://equsto.com/en/shop/market-reyonlari/eq-lale-eq13		This operation was aborted
https://equsto.com/en/shop/market-reyonlari/eq-lale-eq14	TIMEOUT	TIMEOUT	https://equsto.com/en/shop/market-reyonlari/eq-lale-eq14		This operation was aborted
https://equsto.com/en/shop/market-reyonlari/eq-lale-eq15	TIMEOUT	TIMEOUT	https://equsto.com/en/shop/market-reyonlari/eq-lale-eq15		This operation was aborted
https://equsto.com/en/shop/market-reyonlari/eq-lale-eq16	TIMEOUT	TIMEOUT	https://equsto.com/en/shop/market-reyonlari/eq-lale-eq16		This operation was aborted
https://equsto.com/en/shop/market-reyonlari/eq-lale-eq17	TIMEOUT	TIMEOUT	https://equsto.com/en/shop/market-reyonlari/eq-lale-eq17		This operation was aborted
https://equsto.com/en/shop/market-reyonlari/eq-lale-eq18	TIMEOUT	TIMEOUT	https://equsto.com/en/shop/market-reyonlari/eq-lale-eq18		This operation was aborted
https://equsto.com/en/shop/market-reyonlari/eq-lale-eq19	TIMEOUT	TIMEOUT	https://equsto.com/en/shop/market-reyonlari/eq-lale-eq19		This operation was aborted
https://equsto.com/en/shop/market-reyonlari/eq-lale-eq2	TIMEOUT	TIMEOUT	https://equsto.com/en/shop/market-reyonlari/eq-lale-eq2		This operation was aborted
https://equsto.com/en/shop/market-reyonlari/eq-lale-eq20	TIMEOUT	TIMEOUT	https://equsto.com/en/shop/market-reyonlari/eq-lale-eq20		This operation was aborted
https://equsto.com/en/shop/market-reyonlari/eq-lale-eq21	TIMEOUT	TIMEOUT	https://equsto.com/en/shop/market-reyonlari/eq-lale-eq21		This operation was aborted
https://equsto.com/en/shop/market-reyonlari/eq-lale-eq22	TIMEOUT	TIMEOUT	https://equsto.com/en/shop/market-reyonlari/eq-lale-eq22		This operation was aborted
https://equsto.com/en/shop/market-reyonlari/eq-lale-eq23	TIMEOUT	TIMEOUT	https://equsto.com/en/shop/market-reyonlari/eq-lale-eq23		This operation was aborted
https://equsto.com/en/shop/market-reyonlari/eq-lale-eq24	TIMEOUT	TIMEOUT	https://equsto.com/en/shop/market-reyonlari/eq-lale-eq24		This operation was aborted
https://equsto.com/en/shop/market-reyonlari/eq-lale-eq25	TIMEOUT	TIMEOUT	https://equsto.com/en/shop/market-reyonlari/eq-lale-eq25		This operation was aborted
https://equsto.com/en/shop/market-reyonlari/eq-lale-eq26	TIMEOUT	TIMEOUT	https://equsto.com/en/shop/market-reyonlari/eq-lale-eq26		This operation was aborted
https://equsto.com/en/shop/market-reyonlari/eq-lale-eq27	TIMEOUT	TIMEOUT	https://equsto.com/en/shop/market-reyonlari/eq-lale-eq27		This operation was aborted
https://equsto.com/en/shop/market-reyonlari/eq-lale-eq28	TIMEOUT	TIMEOUT	https://equsto.com/en/shop/market-reyonlari/eq-lale-eq28		This operation was aborted
https://equsto.com/en/shop/market-reyonlari/eq-lale-eq29	TIMEOUT	TIMEOUT	https://equsto.com/en/shop/market-reyonlari/eq-lale-eq29		This operation was aborted
https://equsto.com/en/shop/market-reyonlari/eq-lale-eq3	TIMEOUT	TIMEOUT	https://equsto.com/en/shop/market-reyonlari/eq-lale-eq3		This operation was aborted
https://equsto.com/en/shop/market-reyonlari/eq-lale-eq31	TIMEOUT	TIMEOUT	https://equsto.com/en/shop/market-reyonlari/eq-lale-eq31		This operation was aborted
https://equsto.com/en/shop/market-reyonlari/eq-lale-eq32	TIMEOUT	TIMEOUT	https://equsto.com/en/shop/market-reyonlari/eq-lale-eq32		This operation was aborted
https://equsto.com/en/shop/market-reyonlari/eq-lale-eq33	TIMEOUT	TIMEOUT	https://equsto.com/en/shop/market-reyonlari/eq-lale-eq33		This operation was aborted
https://equsto.com/en/shop/market-reyonlari/eq-lale-eq34	TIMEOUT	TIMEOUT	https://equsto.com/en/shop/market-reyonlari/eq-lale-eq34		This operation was aborted
https://equsto.com/en/shop/market-reyonlari/eq-lale-eq35	TIMEOUT	TIMEOUT	https://equsto.com/en/shop/market-reyonlari/eq-lale-eq35		This operation was aborted
https://equsto.com/en/shop/market-reyonlari/eq-lale-eq36	TIMEOUT	TIMEOUT	https://equsto.com/en/shop/market-reyonlari/eq-lale-eq36		This operation was aborted
https://equsto.com/en/shop/market-reyonlari/eq-lale-eq37	TIMEOUT	TIMEOUT	https://equsto.com/en/shop/market-reyonlari/eq-lale-eq37		This operation was aborted
https://equsto.com/en/shop/market-reyonlari/eq-lale-eq38	TIMEOUT	TIMEOUT	https://equsto.com/en/shop/market-reyonlari/eq-lale-eq38		This operation was aborted
https://equsto.com/en/shop/market-reyonlari/eq-lale-eq39	TIMEOUT	TIMEOUT	https://equsto.com/en/shop/market-reyonlari/eq-lale-eq39		This operation was aborted
https://equsto.com/en/shop/market-reyonlari/eq-lale-eq40	TIMEOUT	TIMEOUT	https://equsto.com/en/shop/market-reyonlari/eq-lale-eq40		This operation was aborted
https://equsto.com/en/shop/market-reyonlari/eq-lale-eq6	TIMEOUT	TIMEOUT	https://equsto.com/en/shop/market-reyonlari/eq-lale-eq6		This operation was aborted
https://equsto.com/en/shop/market-reyonlari/eq-lale-eq7	TIMEOUT	TIMEOUT	https://equsto.com/en/shop/market-reyonlari/eq-lale-eq7		This operation was aborted
https://equsto.com/en/shop/market-reyonlari/eq-lale-eq8	TIMEOUT	TIMEOUT	https://equsto.com/en/shop/market-reyonlari/eq-lale-eq8		This operation was aborted
https://equsto.com/en/shop/market-reyonlari/eq-leylak-eq1	TIMEOUT	TIMEOUT	https://equsto.com/en/shop/market-reyonlari/eq-leylak-eq1		This operation was aborted
https://equsto.com/en/shop/market-reyonlari/eq-leylak-eq2	TIMEOUT	TIMEOUT	https://equsto.com/en/shop/market-reyonlari/eq-leylak-eq2		This operation was aborted
https://equsto.com/en/shop/market-reyonlari/eq-lilyum-bc-eq1	TIMEOUT	TIMEOUT	https://equsto.com/en/shop/market-reyonlari/eq-lilyum-bc-eq1		This operation was aborted
https://equsto.com/en/shop/market-reyonlari/eq-lilyum-dc-eq1	TIMEOUT	TIMEOUT	https://equsto.com/en/shop/market-reyonlari/eq-lilyum-dc-eq1		This operation was aborted
https://equsto.com/en/shop/market-reyonlari/eq-lilyum-md-eq1	TIMEOUT	TIMEOUT	https://equsto.com/en/shop/market-reyonlari/eq-lilyum-md-eq1		This operation was aborted
https://equsto.com/en/shop/market-reyonlari/eq-lilyum-md-eq2	TIMEOUT	TIMEOUT	https://equsto.com/en/shop/market-reyonlari/eq-lilyum-md-eq2		This operation was aborted
https://equsto.com/en/shop/market-reyonlari/eq-lotus-eq1	TIMEOUT	TIMEOUT	https://equsto.com/en/shop/market-reyonlari/eq-lotus-eq1		This operation was aborted
https://equsto.com/en/shop/market-reyonlari/eq-lotus-eq10	TIMEOUT	TIMEOUT	https://equsto.com/en/shop/market-reyonlari/eq-lotus-eq10		This operation was aborted
https://equsto.com/en/shop/market-reyonlari/eq-lotus-eq11	TIMEOUT	TIMEOUT	https://equsto.com/en/shop/market-reyonlari/eq-lotus-eq11		This operation was aborted
https://equsto.com/en/shop/market-reyonlari/eq-lotus-eq12	TIMEOUT	TIMEOUT	https://equsto.com/en/shop/market-reyonlari/eq-lotus-eq12		This operation was aborted
https://equsto.com/en/shop/market-reyonlari/eq-lotus-eq13	TIMEOUT	TIMEOUT	https://equsto.com/en/shop/market-reyonlari/eq-lotus-eq13		This operation was aborted
https://equsto.com/en/shop/market-reyonlari/eq-lotus-eq14	TIMEOUT	TIMEOUT	https://equsto.com/en/shop/market-reyonlari/eq-lotus-eq14		This operation was aborted
https://equsto.com/en/shop/market-reyonlari/eq-lotus-eq15	TIMEOUT	TIMEOUT	https://equsto.com/en/shop/market-reyonlari/eq-lotus-eq15		This operation was aborted
https://equsto.com/en/shop/market-reyonlari/eq-lotus-eq16	TIMEOUT	TIMEOUT	https://equsto.com/en/shop/market-reyonlari/eq-lotus-eq16		This operation was aborted
https://equsto.com/en/shop/market-reyonlari/eq-lotus-eq17	TIMEOUT	TIMEOUT	https://equsto.com/en/shop/market-reyonlari/eq-lotus-eq17		This operation was aborted
https://equsto.com/en/shop/market-reyonlari/eq-lotus-eq18	TIMEOUT	TIMEOUT	https://equsto.com/en/shop/market-reyonlari/eq-lotus-eq18		This operation was aborted
https://equsto.com/en/shop/market-reyonlari/eq-lotus-eq19	TIMEOUT	TIMEOUT	https://equsto.com/en/shop/market-reyonlari/eq-lotus-eq19		This operation was aborted
https://equsto.com/en/shop/market-reyonlari/eq-lotus-eq2	TIMEOUT	TIMEOUT	https://equsto.com/en/shop/market-reyonlari/eq-lotus-eq2		This operation was aborted
https://equsto.com/en/shop/market-reyonlari/eq-lotus-eq20	TIMEOUT	TIMEOUT	https://equsto.com/en/shop/market-reyonlari/eq-lotus-eq20		This operation was aborted
https://equsto.com/en/shop/market-reyonlari/eq-lotus-eq21	TIMEOUT	TIMEOUT	https://equsto.com/en/shop/market-reyonlari/eq-lotus-eq21		This operation was aborted
https://equsto.com/en/shop/market-reyonlari/eq-lotus-eq22	TIMEOUT	TIMEOUT	https://equsto.com/en/shop/market-reyonlari/eq-lotus-eq22		This operation was aborted
https://equsto.com/en/shop/market-reyonlari/eq-lotus-eq23	TIMEOUT	TIMEOUT	https://equsto.com/en/shop/market-reyonlari/eq-lotus-eq23		This operation was aborted
https://equsto.com/en/shop/market-reyonlari/eq-lotus-eq24	TIMEOUT	TIMEOUT	https://equsto.com/en/shop/market-reyonlari/eq-lotus-eq24		This operation was aborted
https://equsto.com/en/shop/market-reyonlari/eq-lotus-eq25	TIMEOUT	TIMEOUT	https://equsto.com/en/shop/market-reyonlari/eq-lotus-eq25		This operation was aborted
https://equsto.com/en/shop/market-reyonlari/eq-lotus-eq26	TIMEOUT	TIMEOUT	https://equsto.com/en/shop/market-reyonlari/eq-lotus-eq26		This operation was aborted
https://equsto.com/en/shop/market-reyonlari/eq-lotus-eq27	TIMEOUT	TIMEOUT	https://equsto.com/en/shop/market-reyonlari/eq-lotus-eq27		This operation was aborted
https://equsto.com/en/shop/market-reyonlari/eq-lotus-eq28	TIMEOUT	TIMEOUT	https://equsto.com/en/shop/market-reyonlari/eq-lotus-eq28		This operation was aborted
https://equsto.com/en/shop/market-reyonlari/eq-lotus-eq29	TIMEOUT	TIMEOUT	https://equsto.com/en/shop/market-reyonlari/eq-lotus-eq29		This operation was aborted
https://equsto.com/en/shop/market-reyonlari/eq-lotus-eq3	TIMEOUT	TIMEOUT	https://equsto.com/en/shop/market-reyonlari/eq-lotus-eq3		This operation was aborted
https://equsto.com/en/shop/market-reyonlari/eq-lotus-eq30	TIMEOUT	TIMEOUT	https://equsto.com/en/shop/market-reyonlari/eq-lotus-eq30		This operation was aborted
https://equsto.com/en/shop/market-reyonlari/eq-lotus-eq31	TIMEOUT	TIMEOUT	https://equsto.com/en/shop/market-reyonlari/eq-lotus-eq31		This operation was aborted
https://equsto.com/en/shop/market-reyonlari/eq-lotus-eq32	TIMEOUT	TIMEOUT	https://equsto.com/en/shop/market-reyonlari/eq-lotus-eq32		This operation was aborted
https://equsto.com/en/shop/market-reyonlari/eq-lotus-eq33	TIMEOUT	TIMEOUT	https://equsto.com/en/shop/market-reyonlari/eq-lotus-eq33		This operation was aborted
https://equsto.com/en/shop/market-reyonlari/eq-lotus-eq34	TIMEOUT	TIMEOUT	https://equsto.com/en/shop/market-reyonlari/eq-lotus-eq34		This operation was aborted
https://equsto.com/en/shop/market-reyonlari/eq-lotus-eq35	TIMEOUT	TIMEOUT	https://equsto.com/en/shop/market-reyonlari/eq-lotus-eq35		This operation was aborted
https://equsto.com/en/shop/market-reyonlari/eq-lotus-eq36	TIMEOUT	TIMEOUT	https://equsto.com/en/shop/market-reyonlari/eq-lotus-eq36		This operation was aborted
https://equsto.com/en/shop/market-reyonlari/eq-lotus-eq4	TIMEOUT	TIMEOUT	https://equsto.com/en/shop/market-reyonlari/eq-lotus-eq4		This operation was aborted
https://equsto.com/en/shop/market-reyonlari/eq-lotus-eq40	TIMEOUT	TIMEOUT	https://equsto.com/en/shop/market-reyonlari/eq-lotus-eq40		This operation was aborted
https://equsto.com/en/shop/market-reyonlari/eq-lotus-eq41	TIMEOUT	TIMEOUT	https://equsto.com/en/shop/market-reyonlari/eq-lotus-eq41		This operation was aborted
https://equsto.com/en/shop/market-reyonlari/eq-lotus-eq43	TIMEOUT	TIMEOUT	https://equsto.com/en/shop/market-reyonlari/eq-lotus-eq43		This operation was aborted
https://equsto.com/en/shop/market-reyonlari/eq-lotus-eq44	TIMEOUT	TIMEOUT	https://equsto.com/en/shop/market-reyonlari/eq-lotus-eq44		This operation was aborted
https://equsto.com/en/shop/market-reyonlari/eq-lotus-eq45	TIMEOUT	TIMEOUT	https://equsto.com/en/shop/market-reyonlari/eq-lotus-eq45		This operation was aborted
https://equsto.com/en/shop/market-reyonlari/eq-lotus-eq46	TIMEOUT	TIMEOUT	https://equsto.com/en/shop/market-reyonlari/eq-lotus-eq46		This operation was aborted
https://equsto.com/en/shop/market-reyonlari/eq-lotus-eq47	TIMEOUT	TIMEOUT	https://equsto.com/en/shop/market-reyonlari/eq-lotus-eq47		This operation was aborted
https://equsto.com/en/shop/market-reyonlari/eq-lotus-eq48	TIMEOUT	TIMEOUT	https://equsto.com/en/shop/market-reyonlari/eq-lotus-eq48		This operation was aborted
https://equsto.com/en/shop/market-reyonlari/eq-lotus-eq49	TIMEOUT	TIMEOUT	https://equsto.com/en/shop/market-reyonlari/eq-lotus-eq49		This operation was aborted
https://equsto.com/en/shop/market-reyonlari/eq-lotus-eq5	TIMEOUT	TIMEOUT	https://equsto.com/en/shop/market-reyonlari/eq-lotus-eq5		This operation was aborted
https://equsto.com/en/shop/market-reyonlari/eq-lotus-eq51	TIMEOUT	TIMEOUT	https://equsto.com/en/shop/market-reyonlari/eq-lotus-eq51		This operation was aborted
https://equsto.com/en/shop/market-reyonlari/eq-lotus-eq52	TIMEOUT	TIMEOUT	https://equsto.com/en/shop/market-reyonlari/eq-lotus-eq52		This operation was aborted
https://equsto.com/en/shop/market-reyonlari/eq-lotus-eq53	TIMEOUT	TIMEOUT	https://equsto.com/en/shop/market-reyonlari/eq-lotus-eq53		This operation was aborted
https://equsto.com/en/shop/market-reyonlari/eq-lotus-eq54	TIMEOUT	TIMEOUT	https://equsto.com/en/shop/market-reyonlari/eq-lotus-eq54		This operation was aborted
https://equsto.com/en/shop/market-reyonlari/eq-lotus-eq55	TIMEOUT	TIMEOUT	https://equsto.com/en/shop/market-reyonlari/eq-lotus-eq55		This operation was aborted
https://equsto.com/en/shop/market-reyonlari/eq-lotus-eq56	TIMEOUT	TIMEOUT	https://equsto.com/en/shop/market-reyonlari/eq-lotus-eq56		This operation was aborted
https://equsto.com/en/shop/market-reyonlari/eq-lotus-eq57	TIMEOUT	TIMEOUT	https://equsto.com/en/shop/market-reyonlari/eq-lotus-eq57		This operation was aborted
https://equsto.com/en/shop/market-reyonlari/eq-lotus-eq58	TIMEOUT	TIMEOUT	https://equsto.com/en/shop/market-reyonlari/eq-lotus-eq58		This operation was aborted
https://equsto.com/en/shop/market-reyonlari/eq-lotus-eq59	TIMEOUT	TIMEOUT	https://equsto.com/en/shop/market-reyonlari/eq-lotus-eq59		This operation was aborted
https://equsto.com/en/shop/market-reyonlari/eq-lotus-eq61	TIMEOUT	TIMEOUT	https://equsto.com/en/shop/market-reyonlari/eq-lotus-eq61		This operation was aborted
https://equsto.com/en/shop/market-reyonlari/eq-lotus-eq63	TIMEOUT	TIMEOUT	https://equsto.com/en/shop/market-reyonlari/eq-lotus-eq63		This operation was aborted
https://equsto.com/en/shop/market-reyonlari/eq-lotus-eq64	TIMEOUT	TIMEOUT	https://equsto.com/en/shop/market-reyonlari/eq-lotus-eq64		This operation was aborted
https://equsto.com/en/shop/market-reyonlari/eq-lotus-eq65	TIMEOUT	TIMEOUT	https://equsto.com/en/shop/market-reyonlari/eq-lotus-eq65		This operation was aborted
https://equsto.com/en/shop/market-reyonlari/eq-lotus-eq66	TIMEOUT	TIMEOUT	https://equsto.com/en/shop/market-reyonlari/eq-lotus-eq66		This operation was aborted
https://equsto.com/en/shop/market-reyonlari/eq-lotus-eq67	TIMEOUT	TIMEOUT	https://equsto.com/en/shop/market-reyonlari/eq-lotus-eq67		This operation was aborted
https://equsto.com/en/shop/market-reyonlari/eq-lotus-eq68	TIMEOUT	TIMEOUT	https://equsto.com/en/shop/market-reyonlari/eq-lotus-eq68		This operation was aborted
https://equsto.com/en/shop/market-reyonlari/eq-lotus-eq69	TIMEOUT	TIMEOUT	https://equsto.com/en/shop/market-reyonlari/eq-lotus-eq69		This operation was aborted
https://equsto.com/en/shop/market-reyonlari/eq-lotus-eq7	TIMEOUT	TIMEOUT	https://equsto.com/en/shop/market-reyonlari/eq-lotus-eq7		This operation was aborted
https://equsto.com/en/shop/market-reyonlari/eq-lotus-eq70	TIMEOUT	TIMEOUT	https://equsto.com/en/shop/market-reyonlari/eq-lotus-eq70		This operation was aborted
https://equsto.com/en/shop/market-reyonlari/eq-lotus-eq71	TIMEOUT	TIMEOUT	https://equsto.com/en/shop/market-reyonlari/eq-lotus-eq71		This operation was aborted
https://equsto.com/en/shop/market-reyonlari/eq-lotus-eq72	TIMEOUT	TIMEOUT	https://equsto.com/en/shop/market-reyonlari/eq-lotus-eq72		This operation was aborted
https://equsto.com/en/shop/market-reyonlari/eq-lotus-eq74	TIMEOUT	TIMEOUT	https://equsto.com/en/shop/market-reyonlari/eq-lotus-eq74		This operation was aborted
https://equsto.com/en/shop/market-reyonlari/eq-lotus-eq75	TIMEOUT	TIMEOUT	https://equsto.com/en/shop/market-reyonlari/eq-lotus-eq75		This operation was aborted
https://equsto.com/en/shop/market-reyonlari/eq-lotus-eq76	TIMEOUT	TIMEOUT	https://equsto.com/en/shop/market-reyonlari/eq-lotus-eq76		This operation was aborted
https://equsto.com/en/shop/market-reyonlari/eq-lotus-eq77	TIMEOUT	TIMEOUT	https://equsto.com/en/shop/market-reyonlari/eq-lotus-eq77		This operation was aborted
https://equsto.com/en/shop/market-reyonlari/eq-lotus-eq78	TIMEOUT	TIMEOUT	https://equsto.com/en/shop/market-reyonlari/eq-lotus-eq78		This operation was aborted
https://equsto.com/en/shop/market-reyonlari/eq-lotus-eq79	TIMEOUT	TIMEOUT	https://equsto.com/en/shop/market-reyonlari/eq-lotus-eq79		This operation was aborted
https://equsto.com/en/shop/market-reyonlari/eq-lotus-eq80	TIMEOUT	TIMEOUT	https://equsto.com/en/shop/market-reyonlari/eq-lotus-eq80		This operation was aborted
https://equsto.com/en/shop/market-reyonlari/eq-lotus-eq81	TIMEOUT	TIMEOUT	https://equsto.com/en/shop/market-reyonlari/eq-lotus-eq81		This operation was aborted
https://equsto.com/en/shop/market-reyonlari/eq-lotus-eq82	TIMEOUT	TIMEOUT	https://equsto.com/en/shop/market-reyonlari/eq-lotus-eq82		This operation was aborted
https://equsto.com/en/shop/market-reyonlari/eq-lotus-eq83	TIMEOUT	TIMEOUT	https://equsto.com/en/shop/market-reyonlari/eq-lotus-eq83		This operation was aborted
https://equsto.com/en/shop/market-reyonlari/eq-lotus-eq86	TIMEOUT	TIMEOUT	https://equsto.com/en/shop/market-reyonlari/eq-lotus-eq86		This operation was aborted
https://equsto.com/en/shop/market-reyonlari/eq-lotus-eq88	TIMEOUT	TIMEOUT	https://equsto.com/en/shop/market-reyonlari/eq-lotus-eq88		This operation was aborted
https://equsto.com/en/shop/market-reyonlari/eq-lotus-eq89	TIMEOUT	TIMEOUT	https://equsto.com/en/shop/market-reyonlari/eq-lotus-eq89		This operation was aborted
https://equsto.com/en/shop/market-reyonlari/eq-lotus-eq9	TIMEOUT	TIMEOUT	https://equsto.com/en/shop/market-reyonlari/eq-lotus-eq9		This operation was aborted
https://equsto.com/en/shop/market-reyonlari/eq-lotus-eq90	TIMEOUT	TIMEOUT	https://equsto.com/en/shop/market-reyonlari/eq-lotus-eq90		This operation was aborted
https://equsto.com/en/shop/market-reyonlari/eq-lotus-lb-eq1	TIMEOUT	TIMEOUT	https://equsto.com/en/shop/market-reyonlari/eq-lotus-lb-eq1		This operation was aborted
https://equsto.com/en/shop/market-reyonlari/eq-lotus-lb-eq10	TIMEOUT	TIMEOUT	https://equsto.com/en/shop/market-reyonlari/eq-lotus-lb-eq10		This operation was aborted
https://equsto.com/en/shop/market-reyonlari/eq-lotus-lb-eq11	TIMEOUT	TIMEOUT	https://equsto.com/en/shop/market-reyonlari/eq-lotus-lb-eq11		This operation was aborted
https://equsto.com/en/shop/market-reyonlari/eq-lotus-lb-eq12	TIMEOUT	TIMEOUT	https://equsto.com/en/shop/market-reyonlari/eq-lotus-lb-eq12		This operation was aborted
https://equsto.com/en/shop/market-reyonlari/eq-lotus-lb-eq13	TIMEOUT	TIMEOUT	https://equsto.com/en/shop/market-reyonlari/eq-lotus-lb-eq13		This operation was aborted
https://equsto.com/en/shop/market-reyonlari/eq-lotus-lb-eq14	TIMEOUT	TIMEOUT	https://equsto.com/en/shop/market-reyonlari/eq-lotus-lb-eq14		This operation was aborted
https://equsto.com/en/shop/market-reyonlari/eq-lotus-lb-eq15	TIMEOUT	TIMEOUT	https://equsto.com/en/shop/market-reyonlari/eq-lotus-lb-eq15		This operation was aborted
https://equsto.com/en/shop/market-reyonlari/eq-lotus-lb-eq16	TIMEOUT	TIMEOUT	https://equsto.com/en/shop/market-reyonlari/eq-lotus-lb-eq16		This operation was aborted
https://equsto.com/en/shop/market-reyonlari/eq-lotus-lb-eq17	TIMEOUT	TIMEOUT	https://equsto.com/en/shop/market-reyonlari/eq-lotus-lb-eq17		This operation was aborted
https://equsto.com/en/shop/market-reyonlari/eq-lotus-lb-eq18	TIMEOUT	TIMEOUT	https://equsto.com/en/shop/market-reyonlari/eq-lotus-lb-eq18		This operation was aborted
https://equsto.com/en/shop/market-reyonlari/eq-lotus-lb-eq19	TIMEOUT	TIMEOUT	https://equsto.com/en/shop/market-reyonlari/eq-lotus-lb-eq19		This operation was aborted
https://equsto.com/en/shop/market-reyonlari/eq-lotus-lb-eq21	TIMEOUT	TIMEOUT	https://equsto.com/en/shop/market-reyonlari/eq-lotus-lb-eq21		This operation was aborted
https://equsto.com/en/shop/market-reyonlari/eq-lotus-lb-eq22	TIMEOUT	TIMEOUT	https://equsto.com/en/shop/market-reyonlari/eq-lotus-lb-eq22		This operation was aborted
https://equsto.com/en/shop/market-reyonlari/eq-lotus-lb-eq23	TIMEOUT	TIMEOUT	https://equsto.com/en/shop/market-reyonlari/eq-lotus-lb-eq23		This operation was aborted
https://equsto.com/en/shop/market-reyonlari/eq-lotus-lb-eq24	TIMEOUT	TIMEOUT	https://equsto.com/en/shop/market-reyonlari/eq-lotus-lb-eq24		This operation was aborted
https://equsto.com/en/shop/market-reyonlari/eq-lotus-lb-eq27	TIMEOUT	TIMEOUT	https://equsto.com/en/shop/market-reyonlari/eq-lotus-lb-eq27		This operation was aborted
https://equsto.com/en/shop/market-reyonlari/eq-lotus-lb-eq28	TIMEOUT	TIMEOUT	https://equsto.com/en/shop/market-reyonlari/eq-lotus-lb-eq28		This operation was aborted
https://equsto.com/en/shop/market-reyonlari/eq-lotus-lb-eq29	TIMEOUT	TIMEOUT	https://equsto.com/en/shop/market-reyonlari/eq-lotus-lb-eq29		This operation was aborted
https://equsto.com/en/shop/market-reyonlari/eq-lotus-lb-eq30	TIMEOUT	TIMEOUT	https://equsto.com/en/shop/market-reyonlari/eq-lotus-lb-eq30		This operation was aborted
https://equsto.com/en/shop/market-reyonlari/eq-lotus-lb-eq31	TIMEOUT	TIMEOUT	https://equsto.com/en/shop/market-reyonlari/eq-lotus-lb-eq31		This operation was aborted
https://equsto.com/en/shop/market-reyonlari/eq-lotus-lb-eq33	TIMEOUT	TIMEOUT	https://equsto.com/en/shop/market-reyonlari/eq-lotus-lb-eq33		This operation was aborted
https://equsto.com/en/shop/market-reyonlari/eq-lotus-lb-eq34	TIMEOUT	TIMEOUT	https://equsto.com/en/shop/market-reyonlari/eq-lotus-lb-eq34		This operation was aborted
https://equsto.com/en/shop/market-reyonlari/eq-lotus-lb-eq35	TIMEOUT	TIMEOUT	https://equsto.com/en/shop/market-reyonlari/eq-lotus-lb-eq35		This operation was aborted
https://equsto.com/en/shop/market-reyonlari/eq-lotus-lb-eq36	TIMEOUT	TIMEOUT	https://equsto.com/en/shop/market-reyonlari/eq-lotus-lb-eq36		This operation was aborted
https://equsto.com/en/shop/market-reyonlari/eq-lotus-lb-eq37	TIMEOUT	TIMEOUT	https://equsto.com/en/shop/market-reyonlari/eq-lotus-lb-eq37		This operation was aborted
https://equsto.com/en/shop/market-reyonlari/eq-lotus-lb-eq39	TIMEOUT	TIMEOUT	https://equsto.com/en/shop/market-reyonlari/eq-lotus-lb-eq39		This operation was aborted
https://equsto.com/en/shop/market-reyonlari/eq-lotus-lb-eq4	TIMEOUT	TIMEOUT	https://equsto.com/en/shop/market-reyonlari/eq-lotus-lb-eq4		This operation was aborted
https://equsto.com/en/shop/market-reyonlari/eq-lotus-lb-eq40	TIMEOUT	TIMEOUT	https://equsto.com/en/shop/market-reyonlari/eq-lotus-lb-eq40		This operation was aborted
https://equsto.com/en/shop/market-reyonlari/eq-lotus-lb-eq41	TIMEOUT	TIMEOUT	https://equsto.com/en/shop/market-reyonlari/eq-lotus-lb-eq41		This operation was aborted
https://equsto.com/en/shop/market-reyonlari/eq-lotus-lb-eq42	TIMEOUT	TIMEOUT	https://equsto.com/en/shop/market-reyonlari/eq-lotus-lb-eq42		This operation was aborted
https://equsto.com/en/shop/market-reyonlari/eq-lotus-lb-eq43	TIMEOUT	TIMEOUT	https://equsto.com/en/shop/market-reyonlari/eq-lotus-lb-eq43		This operation was aborted
https://equsto.com/en/shop/market-reyonlari/eq-lotus-lb-eq44	TIMEOUT	TIMEOUT	https://equsto.com/en/shop/market-reyonlari/eq-lotus-lb-eq44		This operation was aborted
https://equsto.com/en/shop/market-reyonlari/eq-lotus-lb-eq45	TIMEOUT	TIMEOUT	https://equsto.com/en/shop/market-reyonlari/eq-lotus-lb-eq45		This operation was aborted
https://equsto.com/en/shop/market-reyonlari/eq-lotus-lb-eq46	TIMEOUT	TIMEOUT	https://equsto.com/en/shop/market-reyonlari/eq-lotus-lb-eq46		This operation was aborted
https://equsto.com/en/shop/market-reyonlari/eq-lotus-lb-eq47	TIMEOUT	TIMEOUT	https://equsto.com/en/shop/market-reyonlari/eq-lotus-lb-eq47		This operation was aborted
https://equsto.com/en/shop/market-reyonlari/eq-lotus-lb-eq48	TIMEOUT	TIMEOUT	https://equsto.com/en/shop/market-reyonlari/eq-lotus-lb-eq48		This operation was aborted
https://equsto.com/en/shop/market-reyonlari/eq-lotus-lb-eq49	TIMEOUT	TIMEOUT	https://equsto.com/en/shop/market-reyonlari/eq-lotus-lb-eq49		This operation was aborted
https://equsto.com/en/shop/market-reyonlari/eq-lotus-lb-eq5	TIMEOUT	TIMEOUT	https://equsto.com/en/shop/market-reyonlari/eq-lotus-lb-eq5		This operation was aborted
https://equsto.com/en/shop/market-reyonlari/eq-lotus-lb-eq50	TIMEOUT	TIMEOUT	https://equsto.com/en/shop/market-reyonlari/eq-lotus-lb-eq50		This operation was aborted
https://equsto.com/en/shop/market-reyonlari/eq-lotus-lb-eq51	TIMEOUT	TIMEOUT	https://equsto.com/en/shop/market-reyonlari/eq-lotus-lb-eq51		This operation was aborted
https://equsto.com/en/shop/market-reyonlari/eq-lotus-lb-eq52	TIMEOUT	TIMEOUT	https://equsto.com/en/shop/market-reyonlari/eq-lotus-lb-eq52		This operation was aborted
https://equsto.com/en/shop/market-reyonlari/eq-lotus-lb-eq53	TIMEOUT	TIMEOUT	https://equsto.com/en/shop/market-reyonlari/eq-lotus-lb-eq53		This operation was aborted
https://equsto.com/en/shop/market-reyonlari/eq-lotus-lb-eq54	TIMEOUT	TIMEOUT	https://equsto.com/en/shop/market-reyonlari/eq-lotus-lb-eq54		This operation was aborted
https://equsto.com/en/shop/market-reyonlari/eq-lotus-lb-eq55	TIMEOUT	TIMEOUT	https://equsto.com/en/shop/market-reyonlari/eq-lotus-lb-eq55		This operation was aborted
https://equsto.com/en/shop/market-reyonlari/eq-lotus-lb-eq57	TIMEOUT	TIMEOUT	https://equsto.com/en/shop/market-reyonlari/eq-lotus-lb-eq57		This operation was aborted
https://equsto.com/en/shop/market-reyonlari/eq-lotus-lb-eq58	TIMEOUT	TIMEOUT	https://equsto.com/en/shop/market-reyonlari/eq-lotus-lb-eq58		This operation was aborted
https://equsto.com/en/shop/market-reyonlari/eq-lotus-lb-eq59	TIMEOUT	TIMEOUT	https://equsto.com/en/shop/market-reyonlari/eq-lotus-lb-eq59		This operation was aborted
https://equsto.com/en/shop/market-reyonlari/eq-lotus-lb-eq6	TIMEOUT	TIMEOUT	https://equsto.com/en/shop/market-reyonlari/eq-lotus-lb-eq6		This operation was aborted
https://equsto.com/en/shop/market-reyonlari/eq-lotus-lb-eq60	TIMEOUT	TIMEOUT	https://equsto.com/en/shop/market-reyonlari/eq-lotus-lb-eq60		This operation was aborted
https://equsto.com/en/shop/market-reyonlari/eq-lotus-lb-eq7	TIMEOUT	TIMEOUT	https://equsto.com/en/shop/market-reyonlari/eq-lotus-lb-eq7		This operation was aborted
https://equsto.com/en/shop/market-reyonlari/eq-lotus-lb-eq8	TIMEOUT	TIMEOUT	https://equsto.com/en/shop/market-reyonlari/eq-lotus-lb-eq8		This operation was aborted
https://equsto.com/en/shop/market-reyonlari/eq-lotus-lb-eq9	TIMEOUT	TIMEOUT	https://equsto.com/en/shop/market-reyonlari/eq-lotus-lb-eq9		This operation was aborted
https://equsto.com/en/shop/market-reyonlari/eq-manolya-eq1	TIMEOUT	TIMEOUT	https://equsto.com/en/shop/market-reyonlari/eq-manolya-eq1		This operation was aborted
https://equsto.com/en/shop/market-reyonlari/eq-manolya-eq2	TIMEOUT	TIMEOUT	https://equsto.com/en/shop/market-reyonlari/eq-manolya-eq2		This operation was aborted
https://equsto.com/en/shop/market-reyonlari/eq-melisa-eq1	TIMEOUT	TIMEOUT	https://equsto.com/en/shop/market-reyonlari/eq-melisa-eq1		This operation was aborted
https://equsto.com/en/shop/market-reyonlari/eq-melisa-eq2	TIMEOUT	TIMEOUT	https://equsto.com/en/shop/market-reyonlari/eq-melisa-eq2		This operation was aborted
https://equsto.com/en/shop/market-reyonlari/eq-melisa-eq3	TIMEOUT	TIMEOUT	https://equsto.com/en/shop/market-reyonlari/eq-melisa-eq3		This operation was aborted
https://equsto.com/en/shop/market-reyonlari/eq-melisa-eq4	TIMEOUT	TIMEOUT	https://equsto.com/en/shop/market-reyonlari/eq-melisa-eq4		This operation was aborted
https://equsto.com/en/shop/market-reyonlari/eq-melisa-eq5	TIMEOUT	TIMEOUT	https://equsto.com/en/shop/market-reyonlari/eq-melisa-eq5		This operation was aborted
https://equsto.com/en/shop/market-reyonlari/eq-melisa-eq6	TIMEOUT	TIMEOUT	https://equsto.com/en/shop/market-reyonlari/eq-melisa-eq6		This operation was aborted
https://equsto.com/en/shop/market-reyonlari/eq-merkezi-sogutma-unitesi-eq1	TIMEOUT	TIMEOUT	https://equsto.com/en/shop/market-reyonlari/eq-merkezi-sogutma-unitesi-eq1		This operation was aborted
https://equsto.com/en/shop/market-reyonlari/eq-monoblok-uniteler-eq1	TIMEOUT	TIMEOUT	https://equsto.com/en/shop/market-reyonlari/eq-monoblok-uniteler-eq1		This operation was aborted
https://equsto.com/en/shop/market-reyonlari/eq-nergis-fg-eq1	TIMEOUT	TIMEOUT	https://equsto.com/en/shop/market-reyonlari/eq-nergis-fg-eq1		This operation was aborted
https://equsto.com/en/shop/market-reyonlari/eq-nergis-fg-eq10	TIMEOUT	TIMEOUT	https://equsto.com/en/shop/market-reyonlari/eq-nergis-fg-eq10		This operation was aborted
https://equsto.com/en/shop/market-reyonlari/eq-nergis-fg-eq11	TIMEOUT	TIMEOUT	https://equsto.com/en/shop/market-reyonlari/eq-nergis-fg-eq11		This operation was aborted
https://equsto.com/en/shop/market-reyonlari/eq-nergis-fg-eq12	TIMEOUT	TIMEOUT	https://equsto.com/en/shop/market-reyonlari/eq-nergis-fg-eq12		This operation was aborted
https://equsto.com/en/shop/market-reyonlari/eq-nergis-fg-eq13	TIMEOUT	TIMEOUT	https://equsto.com/en/shop/market-reyonlari/eq-nergis-fg-eq13		This operation was aborted
https://equsto.com/en/shop/market-reyonlari/eq-nergis-fg-eq14	TIMEOUT	TIMEOUT	https://equsto.com/en/shop/market-reyonlari/eq-nergis-fg-eq14		This operation was aborted
https://equsto.com/en/shop/market-reyonlari/eq-nergis-fg-eq15	TIMEOUT	TIMEOUT	https://equsto.com/en/shop/market-reyonlari/eq-nergis-fg-eq15		This operation was aborted
https://equsto.com/en/shop/market-reyonlari/eq-nergis-fg-eq16	TIMEOUT	TIMEOUT	https://equsto.com/en/shop/market-reyonlari/eq-nergis-fg-eq16		This operation was aborted
https://equsto.com/en/shop/market-reyonlari/eq-nergis-fg-eq17	TIMEOUT	TIMEOUT	https://equsto.com/en/shop/market-reyonlari/eq-nergis-fg-eq17		This operation was aborted
https://equsto.com/en/shop/market-reyonlari/eq-nergis-fg-eq18	TIMEOUT	TIMEOUT	https://equsto.com/en/shop/market-reyonlari/eq-nergis-fg-eq18		This operation was aborted
https://equsto.com/en/shop/market-reyonlari/eq-nergis-fg-eq19	TIMEOUT	TIMEOUT	https://equsto.com/en/shop/market-reyonlari/eq-nergis-fg-eq19		This operation was aborted
https://equsto.com/en/shop/market-reyonlari/eq-nergis-fg-eq2	TIMEOUT	TIMEOUT	https://equsto.com/en/shop/market-reyonlari/eq-nergis-fg-eq2		This operation was aborted
https://equsto.com/en/shop/market-reyonlari/eq-nergis-fg-eq20	TIMEOUT	TIMEOUT	https://equsto.com/en/shop/market-reyonlari/eq-nergis-fg-eq20		This operation was aborted
https://equsto.com/en/shop/market-reyonlari/eq-nergis-fg-eq21	TIMEOUT	TIMEOUT	https://equsto.com/en/shop/market-reyonlari/eq-nergis-fg-eq21		This operation was aborted
https://equsto.com/en/shop/market-reyonlari/eq-nergis-fg-eq22	TIMEOUT	TIMEOUT	https://equsto.com/en/shop/market-reyonlari/eq-nergis-fg-eq22		This operation was aborted
https://equsto.com/en/shop/market-reyonlari/eq-nergis-fg-eq23	TIMEOUT	TIMEOUT	https://equsto.com/en/shop/market-reyonlari/eq-nergis-fg-eq23		This operation was aborted
https://equsto.com/en/shop/market-reyonlari/eq-nergis-fg-eq24	TIMEOUT	TIMEOUT	https://equsto.com/en/shop/market-reyonlari/eq-nergis-fg-eq24		This operation was aborted
https://equsto.com/en/shop/market-reyonlari/eq-nergis-fg-eq25	TIMEOUT	TIMEOUT	https://equsto.com/en/shop/market-reyonlari/eq-nergis-fg-eq25		This operation was aborted
https://equsto.com/en/shop/market-reyonlari/eq-nergis-fg-eq26	TIMEOUT	TIMEOUT	https://equsto.com/en/shop/market-reyonlari/eq-nergis-fg-eq26		This operation was aborted
https://equsto.com/en/shop/market-reyonlari/eq-nergis-fg-eq27	TIMEOUT	TIMEOUT	https://equsto.com/en/shop/market-reyonlari/eq-nergis-fg-eq27		This operation was aborted
https://equsto.com/en/shop/market-reyonlari/eq-nergis-fg-eq28	TIMEOUT	TIMEOUT	https://equsto.com/en/shop/market-reyonlari/eq-nergis-fg-eq28		This operation was aborted
https://equsto.com/en/shop/market-reyonlari/eq-nergis-fg-eq29	TIMEOUT	TIMEOUT	https://equsto.com/en/shop/market-reyonlari/eq-nergis-fg-eq29		This operation was aborted
https://equsto.com/en/shop/market-reyonlari/eq-nergis-fg-eq3	TIMEOUT	TIMEOUT	https://equsto.com/en/shop/market-reyonlari/eq-nergis-fg-eq3		This operation was aborted
https://equsto.com/en/shop/market-reyonlari/eq-nergis-fg-eq30	TIMEOUT	TIMEOUT	https://equsto.com/en/shop/market-reyonlari/eq-nergis-fg-eq30		This operation was aborted
https://equsto.com/en/shop/market-reyonlari/eq-nergis-fg-eq31	TIMEOUT	TIMEOUT	https://equsto.com/en/shop/market-reyonlari/eq-nergis-fg-eq31		This operation was aborted
https://equsto.com/en/shop/market-reyonlari/eq-nergis-fg-eq32	TIMEOUT	TIMEOUT	https://equsto.com/en/shop/market-reyonlari/eq-nergis-fg-eq32		This operation was aborted
https://equsto.com/en/shop/market-reyonlari/eq-nergis-fg-eq33	TIMEOUT	TIMEOUT	https://equsto.com/en/shop/market-reyonlari/eq-nergis-fg-eq33		This operation was aborted
https://equsto.com/en/shop/market-reyonlari/eq-nergis-fg-eq34	TIMEOUT	TIMEOUT	https://equsto.com/en/shop/market-reyonlari/eq-nergis-fg-eq34		This operation was aborted
https://equsto.com/en/shop/market-reyonlari/eq-nergis-fg-eq36	TIMEOUT	TIMEOUT	https://equsto.com/en/shop/market-reyonlari/eq-nergis-fg-eq36		This operation was aborted
https://equsto.com/en/shop/market-reyonlari/eq-nergis-fg-eq37	TIMEOUT	TIMEOUT	https://equsto.com/en/shop/market-reyonlari/eq-nergis-fg-eq37		This operation was aborted
https://equsto.com/en/shop/market-reyonlari/eq-nergis-fg-eq38	TIMEOUT	TIMEOUT	https://equsto.com/en/shop/market-reyonlari/eq-nergis-fg-eq38		This operation was aborted
https://equsto.com/en/shop/market-reyonlari/eq-nergis-fg-eq39	TIMEOUT	TIMEOUT	https://equsto.com/en/shop/market-reyonlari/eq-nergis-fg-eq39		This operation was aborted
https://equsto.com/en/shop/market-reyonlari/eq-nergis-fg-eq4	TIMEOUT	TIMEOUT	https://equsto.com/en/shop/market-reyonlari/eq-nergis-fg-eq4		This operation was aborted
https://equsto.com/en/shop/market-reyonlari/eq-nergis-fg-eq40	TIMEOUT	TIMEOUT	https://equsto.com/en/shop/market-reyonlari/eq-nergis-fg-eq40		This operation was aborted
https://equsto.com/en/shop/market-reyonlari/eq-nergis-fg-eq41	TIMEOUT	TIMEOUT	https://equsto.com/en/shop/market-reyonlari/eq-nergis-fg-eq41		This operation was aborted
https://equsto.com/en/shop/market-reyonlari/eq-nergis-fg-eq42	TIMEOUT	TIMEOUT	https://equsto.com/en/shop/market-reyonlari/eq-nergis-fg-eq42		This operation was aborted
https://equsto.com/en/shop/market-reyonlari/eq-nergis-fg-eq43	TIMEOUT	TIMEOUT	https://equsto.com/en/shop/market-reyonlari/eq-nergis-fg-eq43		This operation was aborted
https://equsto.com/en/shop/market-reyonlari/eq-nergis-fg-eq44	TIMEOUT	TIMEOUT	https://equsto.com/en/shop/market-reyonlari/eq-nergis-fg-eq44		This operation was aborted
https://equsto.com/en/shop/market-reyonlari/eq-nergis-fg-eq45	TIMEOUT	TIMEOUT	https://equsto.com/en/shop/market-reyonlari/eq-nergis-fg-eq45		This operation was aborted
https://equsto.com/en/shop/market-reyonlari/eq-nergis-fg-eq46	TIMEOUT	TIMEOUT	https://equsto.com/en/shop/market-reyonlari/eq-nergis-fg-eq46		This operation was aborted
https://equsto.com/en/shop/market-reyonlari/eq-nergis-fg-eq47	TIMEOUT	TIMEOUT	https://equsto.com/en/shop/market-reyonlari/eq-nergis-fg-eq47		This operation was aborted
https://equsto.com/en/shop/market-reyonlari/eq-nergis-fg-eq48	TIMEOUT	TIMEOUT	https://equsto.com/en/shop/market-reyonlari/eq-nergis-fg-eq48		This operation was aborted
https://equsto.com/en/shop/market-reyonlari/eq-nergis-fg-eq49	TIMEOUT	TIMEOUT	https://equsto.com/en/shop/market-reyonlari/eq-nergis-fg-eq49		This operation was aborted
https://equsto.com/en/shop/market-reyonlari/eq-nergis-fg-eq5	TIMEOUT	TIMEOUT	https://equsto.com/en/shop/market-reyonlari/eq-nergis-fg-eq5		This operation was aborted
https://equsto.com/en/shop/market-reyonlari/eq-nergis-fg-eq50	TIMEOUT	TIMEOUT	https://equsto.com/en/shop/market-reyonlari/eq-nergis-fg-eq50		This operation was aborted
https://equsto.com/en/shop/market-reyonlari/eq-nergis-fg-eq51	TIMEOUT	TIMEOUT	https://equsto.com/en/shop/market-reyonlari/eq-nergis-fg-eq51		This operation was aborted
https://equsto.com/en/shop/market-reyonlari/eq-nergis-fg-eq52	TIMEOUT	TIMEOUT	https://equsto.com/en/shop/market-reyonlari/eq-nergis-fg-eq52		This operation was aborted
https://equsto.com/en/shop/market-reyonlari/eq-nergis-fg-eq53	TIMEOUT	TIMEOUT	https://equsto.com/en/shop/market-reyonlari/eq-nergis-fg-eq53		This operation was aborted
https://equsto.com/en/shop/market-reyonlari/eq-nergis-fg-eq54	TIMEOUT	TIMEOUT	https://equsto.com/en/shop/market-reyonlari/eq-nergis-fg-eq54		This operation was aborted
https://equsto.com/en/shop/market-reyonlari/eq-nergis-fg-eq55	TIMEOUT	TIMEOUT	https://equsto.com/en/shop/market-reyonlari/eq-nergis-fg-eq55		This operation was aborted
https://equsto.com/en/shop/market-reyonlari/eq-nergis-fg-eq56	TIMEOUT	TIMEOUT	https://equsto.com/en/shop/market-reyonlari/eq-nergis-fg-eq56		This operation was aborted
https://equsto.com/en/shop/market-reyonlari/eq-nergis-fg-eq57	TIMEOUT	TIMEOUT	https://equsto.com/en/shop/market-reyonlari/eq-nergis-fg-eq57		This operation was aborted
https://equsto.com/en/shop/market-reyonlari/eq-nergis-fg-eq58	TIMEOUT	TIMEOUT	https://equsto.com/en/shop/market-reyonlari/eq-nergis-fg-eq58		This operation was aborted
https://equsto.com/en/shop/market-reyonlari/eq-nergis-fg-eq59	TIMEOUT	TIMEOUT	https://equsto.com/en/shop/market-reyonlari/eq-nergis-fg-eq59		This operation was aborted
https://equsto.com/en/shop/market-reyonlari/eq-nergis-fg-eq6	TIMEOUT	TIMEOUT	https://equsto.com/en/shop/market-reyonlari/eq-nergis-fg-eq6		This operation was aborted
https://equsto.com/en/shop/market-reyonlari/eq-nergis-fg-eq60	TIMEOUT	TIMEOUT	https://equsto.com/en/shop/market-reyonlari/eq-nergis-fg-eq60		This operation was aborted
https://equsto.com/en/shop/market-reyonlari/eq-nergis-fg-eq61	TIMEOUT	TIMEOUT	https://equsto.com/en/shop/market-reyonlari/eq-nergis-fg-eq61		This operation was aborted
https://equsto.com/en/shop/market-reyonlari/eq-nergis-fg-eq62	TIMEOUT	TIMEOUT	https://equsto.com/en/shop/market-reyonlari/eq-nergis-fg-eq62		This operation was aborted
https://equsto.com/en/shop/market-reyonlari/eq-nergis-fg-eq63	TIMEOUT	TIMEOUT	https://equsto.com/en/shop/market-reyonlari/eq-nergis-fg-eq63		This operation was aborted
https://equsto.com/en/shop/market-reyonlari/eq-nergis-fg-eq64	TIMEOUT	TIMEOUT	https://equsto.com/en/shop/market-reyonlari/eq-nergis-fg-eq64		This operation was aborted
https://equsto.com/en/shop/market-reyonlari/eq-nergis-fg-eq7	TIMEOUT	TIMEOUT	https://equsto.com/en/shop/market-reyonlari/eq-nergis-fg-eq7		This operation was aborted
https://equsto.com/en/shop/market-reyonlari/eq-nergis-fg-eq8	TIMEOUT	TIMEOUT	https://equsto.com/en/shop/market-reyonlari/eq-nergis-fg-eq8		This operation was aborted
https://equsto.com/en/shop/market-reyonlari/eq-nergis-fg-eq9	TIMEOUT	TIMEOUT	https://equsto.com/en/shop/market-reyonlari/eq-nergis-fg-eq9		This operation was aborted
https://equsto.com/en/shop/market-reyonlari/eq-nergis-lb-fg-eq1	TIMEOUT	TIMEOUT	https://equsto.com/en/shop/market-reyonlari/eq-nergis-lb-fg-eq1		This operation was aborted
https://equsto.com/en/shop/market-reyonlari/eq-nergis-lb-fg-eq10	TIMEOUT	TIMEOUT	https://equsto.com/en/shop/market-reyonlari/eq-nergis-lb-fg-eq10		This operation was aborted
https://equsto.com/en/shop/market-reyonlari/eq-nergis-lb-fg-eq11	TIMEOUT	TIMEOUT	https://equsto.com/en/shop/market-reyonlari/eq-nergis-lb-fg-eq11		This operation was aborted
https://equsto.com/en/shop/market-reyonlari/eq-nergis-lb-fg-eq12	TIMEOUT	TIMEOUT	https://equsto.com/en/shop/market-reyonlari/eq-nergis-lb-fg-eq12		This operation was aborted
https://equsto.com/en/shop/market-reyonlari/eq-nergis-lb-fg-eq13	TIMEOUT	TIMEOUT	https://equsto.com/en/shop/market-reyonlari/eq-nergis-lb-fg-eq13		This operation was aborted
https://equsto.com/en/shop/market-reyonlari/eq-nergis-lb-fg-eq14	TIMEOUT	TIMEOUT	https://equsto.com/en/shop/market-reyonlari/eq-nergis-lb-fg-eq14		This operation was aborted
https://equsto.com/en/shop/market-reyonlari/eq-nergis-lb-fg-eq15	TIMEOUT	TIMEOUT	https://equsto.com/en/shop/market-reyonlari/eq-nergis-lb-fg-eq15		This operation was aborted
https://equsto.com/en/shop/market-reyonlari/eq-nergis-lb-fg-eq16	TIMEOUT	TIMEOUT	https://equsto.com/en/shop/market-reyonlari/eq-nergis-lb-fg-eq16		This operation was aborted
https://equsto.com/en/shop/market-reyonlari/eq-nergis-lb-fg-eq17	TIMEOUT	TIMEOUT	https://equsto.com/en/shop/market-reyonlari/eq-nergis-lb-fg-eq17		This operation was aborted
https://equsto.com/en/shop/market-reyonlari/eq-nergis-lb-fg-eq18	TIMEOUT	TIMEOUT	https://equsto.com/en/shop/market-reyonlari/eq-nergis-lb-fg-eq18		This operation was aborted
https://equsto.com/en/shop/market-reyonlari/eq-nergis-lb-fg-eq19	TIMEOUT	TIMEOUT	https://equsto.com/en/shop/market-reyonlari/eq-nergis-lb-fg-eq19		This operation was aborted
https://equsto.com/en/shop/market-reyonlari/eq-nergis-lb-fg-eq2	TIMEOUT	TIMEOUT	https://equsto.com/en/shop/market-reyonlari/eq-nergis-lb-fg-eq2		This operation was aborted
https://equsto.com/en/shop/market-reyonlari/eq-nergis-lb-fg-eq20	TIMEOUT	TIMEOUT	https://equsto.com/en/shop/market-reyonlari/eq-nergis-lb-fg-eq20		This operation was aborted
https://equsto.com/en/shop/market-reyonlari/eq-nergis-lb-fg-eq21	TIMEOUT	TIMEOUT	https://equsto.com/en/shop/market-reyonlari/eq-nergis-lb-fg-eq21		This operation was aborted
https://equsto.com/en/shop/market-reyonlari/eq-nergis-lb-fg-eq22	TIMEOUT	TIMEOUT	https://equsto.com/en/shop/market-reyonlari/eq-nergis-lb-fg-eq22		This operation was aborted
https://equsto.com/en/shop/market-reyonlari/eq-nergis-lb-fg-eq23	TIMEOUT	TIMEOUT	https://equsto.com/en/shop/market-reyonlari/eq-nergis-lb-fg-eq23		This operation was aborted
https://equsto.com/en/shop/market-reyonlari/eq-nergis-lb-fg-eq24	TIMEOUT	TIMEOUT	https://equsto.com/en/shop/market-reyonlari/eq-nergis-lb-fg-eq24		This operation was aborted
https://equsto.com/en/shop/market-reyonlari/eq-nergis-lb-fg-eq25	TIMEOUT	TIMEOUT	https://equsto.com/en/shop/market-reyonlari/eq-nergis-lb-fg-eq25		This operation was aborted
https://equsto.com/en/shop/market-reyonlari/eq-nergis-lb-fg-eq26	TIMEOUT	TIMEOUT	https://equsto.com/en/shop/market-reyonlari/eq-nergis-lb-fg-eq26		This operation was aborted
https://equsto.com/en/shop/market-reyonlari/eq-nergis-lb-fg-eq27	TIMEOUT	TIMEOUT	https://equsto.com/en/shop/market-reyonlari/eq-nergis-lb-fg-eq27		This operation was aborted
https://equsto.com/en/shop/market-reyonlari/eq-nergis-lb-fg-eq28	TIMEOUT	TIMEOUT	https://equsto.com/en/shop/market-reyonlari/eq-nergis-lb-fg-eq28		This operation was aborted
https://equsto.com/en/shop/market-reyonlari/eq-nergis-lb-fg-eq29	TIMEOUT	TIMEOUT	https://equsto.com/en/shop/market-reyonlari/eq-nergis-lb-fg-eq29		This operation was aborted
https://equsto.com/en/shop/market-reyonlari/eq-nergis-lb-fg-eq3	TIMEOUT	TIMEOUT	https://equsto.com/en/shop/market-reyonlari/eq-nergis-lb-fg-eq3		This operation was aborted
https://equsto.com/en/shop/market-reyonlari/eq-nergis-lb-fg-eq30	TIMEOUT	TIMEOUT	https://equsto.com/en/shop/market-reyonlari/eq-nergis-lb-fg-eq30		This operation was aborted
https://equsto.com/en/shop/market-reyonlari/eq-nergis-lb-fg-eq31	TIMEOUT	TIMEOUT	https://equsto.com/en/shop/market-reyonlari/eq-nergis-lb-fg-eq31		This operation was aborted
https://equsto.com/en/shop/market-reyonlari/eq-nergis-lb-fg-eq32	TIMEOUT	TIMEOUT	https://equsto.com/en/shop/market-reyonlari/eq-nergis-lb-fg-eq32		This operation was aborted
https://equsto.com/en/shop/market-reyonlari/eq-nergis-lb-fg-eq33	TIMEOUT	TIMEOUT	https://equsto.com/en/shop/market-reyonlari/eq-nergis-lb-fg-eq33		This operation was aborted
https://equsto.com/en/shop/market-reyonlari/eq-nergis-lb-fg-eq34	TIMEOUT	TIMEOUT	https://equsto.com/en/shop/market-reyonlari/eq-nergis-lb-fg-eq34		This operation was aborted
https://equsto.com/en/shop/market-reyonlari/eq-nergis-lb-fg-eq35	TIMEOUT	TIMEOUT	https://equsto.com/en/shop/market-reyonlari/eq-nergis-lb-fg-eq35		This operation was aborted
https://equsto.com/en/shop/market-reyonlari/eq-nergis-lb-fg-eq36	TIMEOUT	TIMEOUT	https://equsto.com/en/shop/market-reyonlari/eq-nergis-lb-fg-eq36		This operation was aborted
https://equsto.com/en/shop/market-reyonlari/eq-nergis-lb-fg-eq37	TIMEOUT	TIMEOUT	https://equsto.com/en/shop/market-reyonlari/eq-nergis-lb-fg-eq37		This operation was aborted
https://equsto.com/en/shop/market-reyonlari/eq-nergis-lb-fg-eq38	TIMEOUT	TIMEOUT	https://equsto.com/en/shop/market-reyonlari/eq-nergis-lb-fg-eq38		This operation was aborted
https://equsto.com/en/shop/market-reyonlari/eq-nergis-lb-fg-eq39	TIMEOUT	TIMEOUT	https://equsto.com/en/shop/market-reyonlari/eq-nergis-lb-fg-eq39		This operation was aborted
https://equsto.com/en/shop/market-reyonlari/eq-nergis-lb-fg-eq4	TIMEOUT	TIMEOUT	https://equsto.com/en/shop/market-reyonlari/eq-nergis-lb-fg-eq4		This operation was aborted
https://equsto.com/en/shop/market-reyonlari/eq-nergis-lb-fg-eq40	TIMEOUT	TIMEOUT	https://equsto.com/en/shop/market-reyonlari/eq-nergis-lb-fg-eq40		This operation was aborted
https://equsto.com/en/shop/market-reyonlari/eq-nergis-lb-fg-eq41	TIMEOUT	TIMEOUT	https://equsto.com/en/shop/market-reyonlari/eq-nergis-lb-fg-eq41		This operation was aborted
https://equsto.com/en/shop/market-reyonlari/eq-nergis-lb-fg-eq42	TIMEOUT	TIMEOUT	https://equsto.com/en/shop/market-reyonlari/eq-nergis-lb-fg-eq42		This operation was aborted
https://equsto.com/en/shop/market-reyonlari/eq-nergis-lb-fg-eq43	TIMEOUT	TIMEOUT	https://equsto.com/en/shop/market-reyonlari/eq-nergis-lb-fg-eq43		This operation was aborted
https://equsto.com/en/shop/market-reyonlari/eq-nergis-lb-fg-eq44	TIMEOUT	TIMEOUT	https://equsto.com/en/shop/market-reyonlari/eq-nergis-lb-fg-eq44		This operation was aborted
https://equsto.com/en/shop/market-reyonlari/eq-nergis-lb-fg-eq45	TIMEOUT	TIMEOUT	https://equsto.com/en/shop/market-reyonlari/eq-nergis-lb-fg-eq45		This operation was aborted
https://equsto.com/en/shop/market-reyonlari/eq-nergis-lb-fg-eq46	TIMEOUT	TIMEOUT	https://equsto.com/en/shop/market-reyonlari/eq-nergis-lb-fg-eq46		This operation was aborted
https://equsto.com/en/shop/market-reyonlari/eq-nergis-lb-fg-eq47	TIMEOUT	TIMEOUT	https://equsto.com/en/shop/market-reyonlari/eq-nergis-lb-fg-eq47		This operation was aborted
https://equsto.com/en/shop/market-reyonlari/eq-nergis-lb-fg-eq48	TIMEOUT	TIMEOUT	https://equsto.com/en/shop/market-reyonlari/eq-nergis-lb-fg-eq48		This operation was aborted
https://equsto.com/en/shop/market-reyonlari/eq-nergis-lb-fg-eq5	TIMEOUT	TIMEOUT	https://equsto.com/en/shop/market-reyonlari/eq-nergis-lb-fg-eq5		This operation was aborted
https://equsto.com/en/shop/market-reyonlari/eq-nergis-lb-fg-eq6	TIMEOUT	TIMEOUT	https://equsto.com/en/shop/market-reyonlari/eq-nergis-lb-fg-eq6		This operation was aborted
https://equsto.com/en/shop/market-reyonlari/eq-nergis-lb-fg-eq7	TIMEOUT	TIMEOUT	https://equsto.com/en/shop/market-reyonlari/eq-nergis-lb-fg-eq7		This operation was aborted
https://equsto.com/en/shop/market-reyonlari/eq-nergis-lb-fg-eq8	TIMEOUT	TIMEOUT	https://equsto.com/en/shop/market-reyonlari/eq-nergis-lb-fg-eq8		This operation was aborted
https://equsto.com/en/shop/market-reyonlari/eq-nergis-lb-fg-eq9	TIMEOUT	TIMEOUT	https://equsto.com/en/shop/market-reyonlari/eq-nergis-lb-fg-eq9		This operation was aborted
https://equsto.com/en/shop/market-reyonlari/eq-nergis-lb-fg-sky-eq1	TIMEOUT	TIMEOUT	https://equsto.com/en/shop/market-reyonlari/eq-nergis-lb-fg-sky-eq1		This operation was aborted
https://equsto.com/en/shop/market-reyonlari/eq-nergis-lb-fg-sky-eq10	TIMEOUT	TIMEOUT	https://equsto.com/en/shop/market-reyonlari/eq-nergis-lb-fg-sky-eq10		This operation was aborted
https://equsto.com/en/shop/market-reyonlari/eq-nergis-lb-fg-sky-eq11	TIMEOUT	TIMEOUT	https://equsto.com/en/shop/market-reyonlari/eq-nergis-lb-fg-sky-eq11		This operation was aborted
https://equsto.com/en/shop/market-reyonlari/eq-nergis-lb-fg-sky-eq12	TIMEOUT	TIMEOUT	https://equsto.com/en/shop/market-reyonlari/eq-nergis-lb-fg-sky-eq12		This operation was aborted
https://equsto.com/en/shop/market-reyonlari/eq-nergis-lb-fg-sky-eq13	TIMEOUT	TIMEOUT	https://equsto.com/en/shop/market-reyonlari/eq-nergis-lb-fg-sky-eq13		This operation was aborted
https://equsto.com/en/shop/market-reyonlari/eq-nergis-lb-fg-sky-eq14	TIMEOUT	TIMEOUT	https://equsto.com/en/shop/market-reyonlari/eq-nergis-lb-fg-sky-eq14		This operation was aborted
https://equsto.com/en/shop/market-reyonlari/eq-nergis-lb-fg-sky-eq15	TIMEOUT	TIMEOUT	https://equsto.com/en/shop/market-reyonlari/eq-nergis-lb-fg-sky-eq15		This operation was aborted
https://equsto.com/en/shop/market-reyonlari/eq-nergis-lb-fg-sky-eq16	TIMEOUT	TIMEOUT	https://equsto.com/en/shop/market-reyonlari/eq-nergis-lb-fg-sky-eq16		This operation was aborted
https://equsto.com/en/shop/market-reyonlari/eq-nergis-lb-fg-sky-eq17	TIMEOUT	TIMEOUT	https://equsto.com/en/shop/market-reyonlari/eq-nergis-lb-fg-sky-eq17		This operation was aborted
https://equsto.com/en/shop/market-reyonlari/eq-nergis-lb-fg-sky-eq18	TIMEOUT	TIMEOUT	https://equsto.com/en/shop/market-reyonlari/eq-nergis-lb-fg-sky-eq18		This operation was aborted
https://equsto.com/en/shop/market-reyonlari/eq-nergis-lb-fg-sky-eq19	TIMEOUT	TIMEOUT	https://equsto.com/en/shop/market-reyonlari/eq-nergis-lb-fg-sky-eq19		This operation was aborted
https://equsto.com/en/shop/market-reyonlari/eq-nergis-lb-fg-sky-eq2	TIMEOUT	TIMEOUT	https://equsto.com/en/shop/market-reyonlari/eq-nergis-lb-fg-sky-eq2		This operation was aborted
https://equsto.com/en/shop/market-reyonlari/eq-nergis-lb-fg-sky-eq20	TIMEOUT	TIMEOUT	https://equsto.com/en/shop/market-reyonlari/eq-nergis-lb-fg-sky-eq20		This operation was aborted
https://equsto.com/en/shop/market-reyonlari/eq-nergis-lb-fg-sky-eq21	TIMEOUT	TIMEOUT	https://equsto.com/en/shop/market-reyonlari/eq-nergis-lb-fg-sky-eq21		This operation was aborted
https://equsto.com/en/shop/market-reyonlari/eq-nergis-lb-fg-sky-eq24	TIMEOUT	TIMEOUT	https://equsto.com/en/shop/market-reyonlari/eq-nergis-lb-fg-sky-eq24		This operation was aborted
https://equsto.com/en/shop/market-reyonlari/eq-nergis-lb-fg-sky-eq25	TIMEOUT	TIMEOUT	https://equsto.com/en/shop/market-reyonlari/eq-nergis-lb-fg-sky-eq25		This operation was aborted
https://equsto.com/en/shop/market-reyonlari/eq-nergis-lb-fg-sky-eq26	TIMEOUT	TIMEOUT	https://equsto.com/en/shop/market-reyonlari/eq-nergis-lb-fg-sky-eq26		This operation was aborted
https://equsto.com/en/shop/market-reyonlari/eq-nergis-lb-fg-sky-eq27	TIMEOUT	TIMEOUT	https://equsto.com/en/shop/market-reyonlari/eq-nergis-lb-fg-sky-eq27		This operation was aborted
https://equsto.com/en/shop/market-reyonlari/eq-nergis-lb-fg-sky-eq28	TIMEOUT	TIMEOUT	https://equsto.com/en/shop/market-reyonlari/eq-nergis-lb-fg-sky-eq28		This operation was aborted
https://equsto.com/en/shop/market-reyonlari/eq-nergis-lb-fg-sky-eq29	TIMEOUT	TIMEOUT	https://equsto.com/en/shop/market-reyonlari/eq-nergis-lb-fg-sky-eq29		This operation was aborted
https://equsto.com/en/shop/market-reyonlari/eq-nergis-lb-fg-sky-eq3	TIMEOUT	TIMEOUT	https://equsto.com/en/shop/market-reyonlari/eq-nergis-lb-fg-sky-eq3		This operation was aborted
https://equsto.com/en/shop/market-reyonlari/eq-nergis-lb-fg-sky-eq30	TIMEOUT	TIMEOUT	https://equsto.com/en/shop/market-reyonlari/eq-nergis-lb-fg-sky-eq30		This operation was aborted
https://equsto.com/en/shop/market-reyonlari/eq-nergis-lb-fg-sky-eq31	TIMEOUT	TIMEOUT	https://equsto.com/en/shop/market-reyonlari/eq-nergis-lb-fg-sky-eq31		This operation was aborted
https://equsto.com/en/shop/market-reyonlari/eq-nergis-lb-fg-sky-eq32	TIMEOUT	TIMEOUT	https://equsto.com/en/shop/market-reyonlari/eq-nergis-lb-fg-sky-eq32		This operation was aborted
https://equsto.com/en/shop/market-reyonlari/eq-nergis-lb-fg-sky-eq33	TIMEOUT	TIMEOUT	https://equsto.com/en/shop/market-reyonlari/eq-nergis-lb-fg-sky-eq33		This operation was aborted
https://equsto.com/en/shop/market-reyonlari/eq-nergis-lb-fg-sky-eq34	TIMEOUT	TIMEOUT	https://equsto.com/en/shop/market-reyonlari/eq-nergis-lb-fg-sky-eq34		This operation was aborted
https://equsto.com/en/shop/market-reyonlari/eq-nergis-lb-fg-sky-eq35	TIMEOUT	TIMEOUT	https://equsto.com/en/shop/market-reyonlari/eq-nergis-lb-fg-sky-eq35		This operation was aborted
https://equsto.com/en/shop/market-reyonlari/eq-nergis-lb-fg-sky-eq36	TIMEOUT	TIMEOUT	https://equsto.com/en/shop/market-reyonlari/eq-nergis-lb-fg-sky-eq36		This operation was aborted
https://equsto.com/en/shop/market-reyonlari/eq-nergis-lb-fg-sky-eq37	TIMEOUT	TIMEOUT	https://equsto.com/en/shop/market-reyonlari/eq-nergis-lb-fg-sky-eq37		This operation was aborted
https://equsto.com/en/shop/market-reyonlari/eq-nergis-lb-fg-sky-eq38	TIMEOUT	TIMEOUT	https://equsto.com/en/shop/market-reyonlari/eq-nergis-lb-fg-sky-eq38		This operation was aborted
https://equsto.com/en/shop/market-reyonlari/eq-nergis-lb-fg-sky-eq39	TIMEOUT	TIMEOUT	https://equsto.com/en/shop/market-reyonlari/eq-nergis-lb-fg-sky-eq39		This operation was aborted
https://equsto.com/en/shop/market-reyonlari/eq-nergis-lb-fg-sky-eq4	TIMEOUT	TIMEOUT	https://equsto.com/en/shop/market-reyonlari/eq-nergis-lb-fg-sky-eq4		This operation was aborted
https://equsto.com/en/shop/market-reyonlari/eq-nergis-lb-fg-sky-eq40	TIMEOUT	TIMEOUT	https://equsto.com/en/shop/market-reyonlari/eq-nergis-lb-fg-sky-eq40		This operation was aborted
https://equsto.com/en/shop/market-reyonlari/eq-nergis-lb-fg-sky-eq41	TIMEOUT	TIMEOUT	https://equsto.com/en/shop/market-reyonlari/eq-nergis-lb-fg-sky-eq41		This operation was aborted
https://equsto.com/en/shop/market-reyonlari/eq-nergis-lb-fg-sky-eq42	TIMEOUT	TIMEOUT	https://equsto.com/en/shop/market-reyonlari/eq-nergis-lb-fg-sky-eq42		This operation was aborted
https://equsto.com/en/shop/market-reyonlari/eq-nergis-lb-fg-sky-eq43	TIMEOUT	TIMEOUT	https://equsto.com/en/shop/market-reyonlari/eq-nergis-lb-fg-sky-eq43		This operation was aborted
https://equsto.com/en/shop/market-reyonlari/eq-nergis-lb-fg-sky-eq44	TIMEOUT	TIMEOUT	https://equsto.com/en/shop/market-reyonlari/eq-nergis-lb-fg-sky-eq44		This operation was aborted
https://equsto.com/en/shop/market-reyonlari/eq-nergis-lb-fg-sky-eq46	TIMEOUT	TIMEOUT	https://equsto.com/en/shop/market-reyonlari/eq-nergis-lb-fg-sky-eq46		This operation was aborted
https://equsto.com/en/shop/market-reyonlari/eq-nergis-lb-fg-sky-eq47	TIMEOUT	TIMEOUT	https://equsto.com/en/shop/market-reyonlari/eq-nergis-lb-fg-sky-eq47		This operation was aborted
https://equsto.com/en/shop/market-reyonlari/eq-nergis-lb-fg-sky-eq5	TIMEOUT	TIMEOUT	https://equsto.com/en/shop/market-reyonlari/eq-nergis-lb-fg-sky-eq5		This operation was aborted
https://equsto.com/en/shop/market-reyonlari/eq-nergis-lb-fg-sky-eq6	TIMEOUT	TIMEOUT	https://equsto.com/en/shop/market-reyonlari/eq-nergis-lb-fg-sky-eq6		This operation was aborted
https://equsto.com/en/shop/market-reyonlari/eq-nergis-lb-fg-sky-eq7	TIMEOUT	TIMEOUT	https://equsto.com/en/shop/market-reyonlari/eq-nergis-lb-fg-sky-eq7		This operation was aborted
https://equsto.com/en/shop/market-reyonlari/eq-nergis-lb-fg-sky-eq8	TIMEOUT	TIMEOUT	https://equsto.com/en/shop/market-reyonlari/eq-nergis-lb-fg-sky-eq8		This operation was aborted
https://equsto.com/en/shop/market-reyonlari/eq-nergis-lb-fg-sky-eq9	TIMEOUT	TIMEOUT	https://equsto.com/en/shop/market-reyonlari/eq-nergis-lb-fg-sky-eq9		This operation was aborted
https://equsto.com/en/shop/market-reyonlari/eq-nergis-lb-lm-eq1	TIMEOUT	TIMEOUT	https://equsto.com/en/shop/market-reyonlari/eq-nergis-lb-lm-eq1		This operation was aborted
https://equsto.com/en/shop/market-reyonlari/eq-nergis-lb-lm-eq10	TIMEOUT	TIMEOUT	https://equsto.com/en/shop/market-reyonlari/eq-nergis-lb-lm-eq10		This operation was aborted
https://equsto.com/en/shop/market-reyonlari/eq-nergis-lb-lm-eq11	TIMEOUT	TIMEOUT	https://equsto.com/en/shop/market-reyonlari/eq-nergis-lb-lm-eq11		This operation was aborted
https://equsto.com/en/shop/market-reyonlari/eq-nergis-lb-lm-eq13	TIMEOUT	TIMEOUT	https://equsto.com/en/shop/market-reyonlari/eq-nergis-lb-lm-eq13		This operation was aborted
https://equsto.com/en/shop/market-reyonlari/eq-nergis-lb-lm-eq14	TIMEOUT	TIMEOUT	https://equsto.com/en/shop/market-reyonlari/eq-nergis-lb-lm-eq14		This operation was aborted
https://equsto.com/en/shop/market-reyonlari/eq-nergis-lb-lm-eq15	TIMEOUT	TIMEOUT	https://equsto.com/en/shop/market-reyonlari/eq-nergis-lb-lm-eq15		This operation was aborted
https://equsto.com/en/shop/market-reyonlari/eq-nergis-lb-lm-eq16	TIMEOUT	TIMEOUT	https://equsto.com/en/shop/market-reyonlari/eq-nergis-lb-lm-eq16		This operation was aborted
https://equsto.com/en/shop/market-reyonlari/eq-nergis-lb-lm-eq17	TIMEOUT	TIMEOUT	https://equsto.com/en/shop/market-reyonlari/eq-nergis-lb-lm-eq17		This operation was aborted
https://equsto.com/en/shop/market-reyonlari/eq-nergis-lb-lm-eq18	TIMEOUT	TIMEOUT	https://equsto.com/en/shop/market-reyonlari/eq-nergis-lb-lm-eq18		This operation was aborted
https://equsto.com/en/shop/market-reyonlari/eq-nergis-lb-lm-eq19	TIMEOUT	TIMEOUT	https://equsto.com/en/shop/market-reyonlari/eq-nergis-lb-lm-eq19		This operation was aborted
https://equsto.com/en/shop/market-reyonlari/eq-nergis-lb-lm-eq2	TIMEOUT	TIMEOUT	https://equsto.com/en/shop/market-reyonlari/eq-nergis-lb-lm-eq2		This operation was aborted
https://equsto.com/en/shop/market-reyonlari/eq-nergis-lb-lm-eq20	TIMEOUT	TIMEOUT	https://equsto.com/en/shop/market-reyonlari/eq-nergis-lb-lm-eq20		This operation was aborted
https://equsto.com/en/shop/market-reyonlari/eq-nergis-lb-lm-eq21	TIMEOUT	TIMEOUT	https://equsto.com/en/shop/market-reyonlari/eq-nergis-lb-lm-eq21		This operation was aborted
https://equsto.com/en/shop/market-reyonlari/eq-nergis-lb-lm-eq22	TIMEOUT	TIMEOUT	https://equsto.com/en/shop/market-reyonlari/eq-nergis-lb-lm-eq22		This operation was aborted
https://equsto.com/en/shop/market-reyonlari/eq-nergis-lb-lm-eq23	TIMEOUT	TIMEOUT	https://equsto.com/en/shop/market-reyonlari/eq-nergis-lb-lm-eq23		This operation was aborted
https://equsto.com/en/shop/market-reyonlari/eq-nergis-lb-lm-eq24	TIMEOUT	TIMEOUT	https://equsto.com/en/shop/market-reyonlari/eq-nergis-lb-lm-eq24		This operation was aborted
https://equsto.com/en/shop/market-reyonlari/eq-nergis-lb-lm-eq25	TIMEOUT	TIMEOUT	https://equsto.com/en/shop/market-reyonlari/eq-nergis-lb-lm-eq25		This operation was aborted
https://equsto.com/en/shop/market-reyonlari/eq-nergis-lb-lm-eq26	TIMEOUT	TIMEOUT	https://equsto.com/en/shop/market-reyonlari/eq-nergis-lb-lm-eq26		This operation was aborted
https://equsto.com/en/shop/market-reyonlari/eq-nergis-lb-lm-eq27	TIMEOUT	TIMEOUT	https://equsto.com/en/shop/market-reyonlari/eq-nergis-lb-lm-eq27		This operation was aborted
https://equsto.com/en/shop/market-reyonlari/eq-nergis-lb-lm-eq29	TIMEOUT	TIMEOUT	https://equsto.com/en/shop/market-reyonlari/eq-nergis-lb-lm-eq29		This operation was aborted
https://equsto.com/en/shop/market-reyonlari/eq-nergis-lb-lm-eq3	TIMEOUT	TIMEOUT	https://equsto.com/en/shop/market-reyonlari/eq-nergis-lb-lm-eq3		This operation was aborted
https://equsto.com/en/shop/market-reyonlari/eq-nergis-lb-lm-eq30	TIMEOUT	TIMEOUT	https://equsto.com/en/shop/market-reyonlari/eq-nergis-lb-lm-eq30		This operation was aborted
https://equsto.com/en/shop/market-reyonlari/eq-nergis-lb-lm-eq31	TIMEOUT	TIMEOUT	https://equsto.com/en/shop/market-reyonlari/eq-nergis-lb-lm-eq31		This operation was aborted
https://equsto.com/en/shop/market-reyonlari/eq-nergis-lb-lm-eq32	TIMEOUT	TIMEOUT	https://equsto.com/en/shop/market-reyonlari/eq-nergis-lb-lm-eq32		This operation was aborted
https://equsto.com/en/shop/market-reyonlari/eq-nergis-lb-lm-eq33	TIMEOUT	TIMEOUT	https://equsto.com/en/shop/market-reyonlari/eq-nergis-lb-lm-eq33		This operation was aborted
https://equsto.com/en/shop/market-reyonlari/eq-nergis-lb-lm-eq34	TIMEOUT	TIMEOUT	https://equsto.com/en/shop/market-reyonlari/eq-nergis-lb-lm-eq34		This operation was aborted
https://equsto.com/en/shop/market-reyonlari/eq-nergis-lb-lm-eq35	TIMEOUT	TIMEOUT	https://equsto.com/en/shop/market-reyonlari/eq-nergis-lb-lm-eq35		This operation was aborted
https://equsto.com/en/shop/market-reyonlari/eq-nergis-lb-lm-eq36	TIMEOUT	TIMEOUT	https://equsto.com/en/shop/market-reyonlari/eq-nergis-lb-lm-eq36		This operation was aborted
https://equsto.com/en/shop/market-reyonlari/eq-nergis-lb-lm-eq37	TIMEOUT	TIMEOUT	https://equsto.com/en/shop/market-reyonlari/eq-nergis-lb-lm-eq37		This operation was aborted
https://equsto.com/en/shop/market-reyonlari/eq-nergis-lb-lm-eq38	TIMEOUT	TIMEOUT	https://equsto.com/en/shop/market-reyonlari/eq-nergis-lb-lm-eq38		This operation was aborted
https://equsto.com/en/shop/market-reyonlari/eq-nergis-lb-lm-eq39	TIMEOUT	TIMEOUT	https://equsto.com/en/shop/market-reyonlari/eq-nergis-lb-lm-eq39		This operation was aborted
https://equsto.com/en/shop/market-reyonlari/eq-nergis-lb-lm-eq4	TIMEOUT	TIMEOUT	https://equsto.com/en/shop/market-reyonlari/eq-nergis-lb-lm-eq4		This operation was aborted
https://equsto.com/en/shop/market-reyonlari/eq-nergis-lb-lm-eq40	TIMEOUT	TIMEOUT	https://equsto.com/en/shop/market-reyonlari/eq-nergis-lb-lm-eq40		This operation was aborted
https://equsto.com/en/shop/market-reyonlari/eq-nergis-lb-lm-eq41	TIMEOUT	TIMEOUT	https://equsto.com/en/shop/market-reyonlari/eq-nergis-lb-lm-eq41		This operation was aborted
https://equsto.com/en/shop/market-reyonlari/eq-nergis-lb-lm-eq42	TIMEOUT	TIMEOUT	https://equsto.com/en/shop/market-reyonlari/eq-nergis-lb-lm-eq42		This operation was aborted
https://equsto.com/en/shop/market-reyonlari/eq-nergis-lb-lm-eq43	TIMEOUT	TIMEOUT	https://equsto.com/en/shop/market-reyonlari/eq-nergis-lb-lm-eq43		This operation was aborted
https://equsto.com/en/shop/market-reyonlari/eq-nergis-lb-lm-eq44	TIMEOUT	TIMEOUT	https://equsto.com/en/shop/market-reyonlari/eq-nergis-lb-lm-eq44		This operation was aborted
https://equsto.com/en/shop/market-reyonlari/eq-nergis-lb-lm-eq45	TIMEOUT	TIMEOUT	https://equsto.com/en/shop/market-reyonlari/eq-nergis-lb-lm-eq45		This operation was aborted
https://equsto.com/en/shop/market-reyonlari/eq-nergis-lb-lm-eq46	TIMEOUT	TIMEOUT	https://equsto.com/en/shop/market-reyonlari/eq-nergis-lb-lm-eq46		This operation was aborted
https://equsto.com/en/shop/market-reyonlari/eq-nergis-lb-lm-eq47	TIMEOUT	TIMEOUT	https://equsto.com/en/shop/market-reyonlari/eq-nergis-lb-lm-eq47		This operation was aborted
https://equsto.com/en/shop/market-reyonlari/eq-nergis-lb-lm-eq6	TIMEOUT	TIMEOUT	https://equsto.com/en/shop/market-reyonlari/eq-nergis-lb-lm-eq6		This operation was aborted
https://equsto.com/en/shop/market-reyonlari/eq-nergis-lb-lm-eq7	TIMEOUT	TIMEOUT	https://equsto.com/en/shop/market-reyonlari/eq-nergis-lb-lm-eq7		This operation was aborted
https://equsto.com/en/shop/market-reyonlari/eq-nergis-lb-lm-eq8	TIMEOUT	TIMEOUT	https://equsto.com/en/shop/market-reyonlari/eq-nergis-lb-lm-eq8		This operation was aborted
https://equsto.com/en/shop/market-reyonlari/eq-nergis-lb-lm-eq9	TIMEOUT	TIMEOUT	https://equsto.com/en/shop/market-reyonlari/eq-nergis-lb-lm-eq9		This operation was aborted
https://equsto.com/en/shop/market-reyonlari/eq-nergis-lb-tp-eq1	TIMEOUT	TIMEOUT	https://equsto.com/en/shop/market-reyonlari/eq-nergis-lb-tp-eq1		This operation was aborted
https://equsto.com/en/shop/market-reyonlari/eq-nergis-lb-tp-eq10	TIMEOUT	TIMEOUT	https://equsto.com/en/shop/market-reyonlari/eq-nergis-lb-tp-eq10		This operation was aborted
https://equsto.com/en/shop/market-reyonlari/eq-nergis-lb-tp-eq12	TIMEOUT	TIMEOUT	https://equsto.com/en/shop/market-reyonlari/eq-nergis-lb-tp-eq12		This operation was aborted
https://equsto.com/en/shop/market-reyonlari/eq-nergis-lb-tp-eq13	TIMEOUT	TIMEOUT	https://equsto.com/en/shop/market-reyonlari/eq-nergis-lb-tp-eq13		This operation was aborted
https://equsto.com/en/shop/market-reyonlari/eq-nergis-lb-tp-eq14	TIMEOUT	TIMEOUT	https://equsto.com/en/shop/market-reyonlari/eq-nergis-lb-tp-eq14		This operation was aborted
https://equsto.com/en/shop/market-reyonlari/eq-nergis-lb-tp-eq15	TIMEOUT	TIMEOUT	https://equsto.com/en/shop/market-reyonlari/eq-nergis-lb-tp-eq15		This operation was aborted
https://equsto.com/en/shop/market-reyonlari/eq-nergis-lb-tp-eq16	TIMEOUT	TIMEOUT	https://equsto.com/en/shop/market-reyonlari/eq-nergis-lb-tp-eq16		This operation was aborted
https://equsto.com/en/shop/market-reyonlari/eq-nergis-lb-tp-eq17	TIMEOUT	TIMEOUT	https://equsto.com/en/shop/market-reyonlari/eq-nergis-lb-tp-eq17		This operation was aborted
https://equsto.com/en/shop/market-reyonlari/eq-nergis-lb-tp-eq18	TIMEOUT	TIMEOUT	https://equsto.com/en/shop/market-reyonlari/eq-nergis-lb-tp-eq18		This operation was aborted
https://equsto.com/en/shop/market-reyonlari/eq-nergis-lb-tp-eq19	TIMEOUT	TIMEOUT	https://equsto.com/en/shop/market-reyonlari/eq-nergis-lb-tp-eq19		This operation was aborted
https://equsto.com/en/shop/market-reyonlari/eq-nergis-lb-tp-eq2	TIMEOUT	TIMEOUT	https://equsto.com/en/shop/market-reyonlari/eq-nergis-lb-tp-eq2		This operation was aborted
https://equsto.com/en/shop/market-reyonlari/eq-nergis-lb-tp-eq20	TIMEOUT	TIMEOUT	https://equsto.com/en/shop/market-reyonlari/eq-nergis-lb-tp-eq20		This operation was aborted
https://equsto.com/en/shop/market-reyonlari/eq-nergis-lb-tp-eq21	TIMEOUT	TIMEOUT	https://equsto.com/en/shop/market-reyonlari/eq-nergis-lb-tp-eq21		This operation was aborted
https://equsto.com/en/shop/market-reyonlari/eq-nergis-lb-tp-eq22	TIMEOUT	TIMEOUT	https://equsto.com/en/shop/market-reyonlari/eq-nergis-lb-tp-eq22		This operation was aborted
https://equsto.com/en/shop/market-reyonlari/eq-nergis-lb-tp-eq23	TIMEOUT	TIMEOUT	https://equsto.com/en/shop/market-reyonlari/eq-nergis-lb-tp-eq23		This operation was aborted
https://equsto.com/en/shop/market-reyonlari/eq-nergis-lb-tp-eq24	TIMEOUT	TIMEOUT	https://equsto.com/en/shop/market-reyonlari/eq-nergis-lb-tp-eq24		This operation was aborted
https://equsto.com/en/shop/market-reyonlari/eq-nergis-lb-tp-eq25	TIMEOUT	TIMEOUT	https://equsto.com/en/shop/market-reyonlari/eq-nergis-lb-tp-eq25		This operation was aborted
https://equsto.com/en/shop/market-reyonlari/eq-nergis-lb-tp-eq26	TIMEOUT	TIMEOUT	https://equsto.com/en/shop/market-reyonlari/eq-nergis-lb-tp-eq26		This operation was aborted
https://equsto.com/en/shop/market-reyonlari/eq-nergis-lb-tp-eq29	TIMEOUT	TIMEOUT	https://equsto.com/en/shop/market-reyonlari/eq-nergis-lb-tp-eq29		This operation was aborted
https://equsto.com/en/shop/market-reyonlari/eq-nergis-lb-tp-eq3	TIMEOUT	TIMEOUT	https://equsto.com/en/shop/market-reyonlari/eq-nergis-lb-tp-eq3		This operation was aborted
https://equsto.com/en/shop/market-reyonlari/eq-nergis-lb-tp-eq30	TIMEOUT	TIMEOUT	https://equsto.com/en/shop/market-reyonlari/eq-nergis-lb-tp-eq30		This operation was aborted
https://equsto.com/en/shop/market-reyonlari/eq-nergis-lb-tp-eq32	TIMEOUT	TIMEOUT	https://equsto.com/en/shop/market-reyonlari/eq-nergis-lb-tp-eq32		This operation was aborted
https://equsto.com/en/shop/market-reyonlari/eq-nergis-lb-tp-eq34	TIMEOUT	TIMEOUT	https://equsto.com/en/shop/market-reyonlari/eq-nergis-lb-tp-eq34		This operation was aborted
https://equsto.com/en/shop/market-reyonlari/eq-nergis-lb-tp-eq35	TIMEOUT	TIMEOUT	https://equsto.com/en/shop/market-reyonlari/eq-nergis-lb-tp-eq35		This operation was aborted
https://equsto.com/en/shop/market-reyonlari/eq-nergis-lb-tp-eq36	TIMEOUT	TIMEOUT	https://equsto.com/en/shop/market-reyonlari/eq-nergis-lb-tp-eq36		This operation was aborted
https://equsto.com/en/shop/market-reyonlari/eq-nergis-lb-tp-eq37	TIMEOUT	TIMEOUT	https://equsto.com/en/shop/market-reyonlari/eq-nergis-lb-tp-eq37		This operation was aborted
https://equsto.com/en/shop/market-reyonlari/eq-nergis-lb-tp-eq38	TIMEOUT	TIMEOUT	https://equsto.com/en/shop/market-reyonlari/eq-nergis-lb-tp-eq38		This operation was aborted
https://equsto.com/en/shop/market-reyonlari/eq-nergis-lb-tp-eq39	TIMEOUT	TIMEOUT	https://equsto.com/en/shop/market-reyonlari/eq-nergis-lb-tp-eq39		This operation was aborted
https://equsto.com/en/shop/market-reyonlari/eq-nergis-lb-tp-eq4	TIMEOUT	TIMEOUT	https://equsto.com/en/shop/market-reyonlari/eq-nergis-lb-tp-eq4		This operation was aborted
https://equsto.com/en/shop/market-reyonlari/eq-nergis-lb-tp-eq40	TIMEOUT	TIMEOUT	https://equsto.com/en/shop/market-reyonlari/eq-nergis-lb-tp-eq40		This operation was aborted
https://equsto.com/en/shop/market-reyonlari/eq-nergis-lb-tp-eq41	TIMEOUT	TIMEOUT	https://equsto.com/en/shop/market-reyonlari/eq-nergis-lb-tp-eq41		This operation was aborted
https://equsto.com/en/shop/market-reyonlari/eq-nergis-lb-tp-eq42	TIMEOUT	TIMEOUT	https://equsto.com/en/shop/market-reyonlari/eq-nergis-lb-tp-eq42		This operation was aborted
https://equsto.com/en/shop/market-reyonlari/eq-nergis-lb-tp-eq43	TIMEOUT	TIMEOUT	https://equsto.com/en/shop/market-reyonlari/eq-nergis-lb-tp-eq43		This operation was aborted
https://equsto.com/en/shop/market-reyonlari/eq-nergis-lb-tp-eq44	TIMEOUT	TIMEOUT	https://equsto.com/en/shop/market-reyonlari/eq-nergis-lb-tp-eq44		This operation was aborted
https://equsto.com/en/shop/market-reyonlari/eq-nergis-lb-tp-eq45	TIMEOUT	TIMEOUT	https://equsto.com/en/shop/market-reyonlari/eq-nergis-lb-tp-eq45		This operation was aborted
https://equsto.com/en/shop/market-reyonlari/eq-nergis-lb-tp-eq46	TIMEOUT	TIMEOUT	https://equsto.com/en/shop/market-reyonlari/eq-nergis-lb-tp-eq46		This operation was aborted
https://equsto.com/en/shop/market-reyonlari/eq-nergis-lb-tp-eq47	TIMEOUT	TIMEOUT	https://equsto.com/en/shop/market-reyonlari/eq-nergis-lb-tp-eq47		This operation was aborted
https://equsto.com/en/shop/market-reyonlari/eq-nergis-lb-tp-eq48	TIMEOUT	TIMEOUT	https://equsto.com/en/shop/market-reyonlari/eq-nergis-lb-tp-eq48		This operation was aborted
https://equsto.com/en/shop/market-reyonlari/eq-nergis-lb-tp-eq9	TIMEOUT	TIMEOUT	https://equsto.com/en/shop/market-reyonlari/eq-nergis-lb-tp-eq9		This operation was aborted
https://equsto.com/en/shop/market-reyonlari/eq-nergis-lb-tp-sky-eq1	TIMEOUT	TIMEOUT	https://equsto.com/en/shop/market-reyonlari/eq-nergis-lb-tp-sky-eq1		This operation was aborted
https://equsto.com/en/shop/market-reyonlari/eq-nergis-lb-tp-sky-eq10	TIMEOUT	TIMEOUT	https://equsto.com/en/shop/market-reyonlari/eq-nergis-lb-tp-sky-eq10		This operation was aborted
https://equsto.com/en/shop/market-reyonlari/eq-nergis-lb-tp-sky-eq11	TIMEOUT	TIMEOUT	https://equsto.com/en/shop/market-reyonlari/eq-nergis-lb-tp-sky-eq11		This operation was aborted
https://equsto.com/en/shop/market-reyonlari/eq-nergis-lb-tp-sky-eq12	TIMEOUT	TIMEOUT	https://equsto.com/en/shop/market-reyonlari/eq-nergis-lb-tp-sky-eq12		This operation was aborted
https://equsto.com/en/shop/market-reyonlari/eq-nergis-lb-tp-sky-eq13	TIMEOUT	TIMEOUT	https://equsto.com/en/shop/market-reyonlari/eq-nergis-lb-tp-sky-eq13		This operation was aborted
https://equsto.com/en/shop/market-reyonlari/eq-nergis-lb-tp-sky-eq14	TIMEOUT	TIMEOUT	https://equsto.com/en/shop/market-reyonlari/eq-nergis-lb-tp-sky-eq14		This operation was aborted
https://equsto.com/en/shop/market-reyonlari/eq-nergis-lb-tp-sky-eq15	TIMEOUT	TIMEOUT	https://equsto.com/en/shop/market-reyonlari/eq-nergis-lb-tp-sky-eq15		This operation was aborted
https://equsto.com/en/shop/market-reyonlari/eq-nergis-lb-tp-sky-eq16	TIMEOUT	TIMEOUT	https://equsto.com/en/shop/market-reyonlari/eq-nergis-lb-tp-sky-eq16		This operation was aborted
https://equsto.com/en/shop/market-reyonlari/eq-nergis-lb-tp-sky-eq17	TIMEOUT	TIMEOUT	https://equsto.com/en/shop/market-reyonlari/eq-nergis-lb-tp-sky-eq17		This operation was aborted
https://equsto.com/en/shop/market-reyonlari/eq-nergis-lb-tp-sky-eq18	TIMEOUT	TIMEOUT	https://equsto.com/en/shop/market-reyonlari/eq-nergis-lb-tp-sky-eq18		This operation was aborted
https://equsto.com/en/shop/market-reyonlari/eq-nergis-lb-tp-sky-eq19	TIMEOUT	TIMEOUT	https://equsto.com/en/shop/market-reyonlari/eq-nergis-lb-tp-sky-eq19		This operation was aborted
https://equsto.com/en/shop/market-reyonlari/eq-nergis-lb-tp-sky-eq2	TIMEOUT	TIMEOUT	https://equsto.com/en/shop/market-reyonlari/eq-nergis-lb-tp-sky-eq2		This operation was aborted
https://equsto.com/en/shop/market-reyonlari/eq-nergis-lb-tp-sky-eq20	TIMEOUT	TIMEOUT	https://equsto.com/en/shop/market-reyonlari/eq-nergis-lb-tp-sky-eq20		This operation was aborted
https://equsto.com/en/shop/market-reyonlari/eq-nergis-lb-tp-sky-eq21	TIMEOUT	TIMEOUT	https://equsto.com/en/shop/market-reyonlari/eq-nergis-lb-tp-sky-eq21		This operation was aborted
https://equsto.com/en/shop/market-reyonlari/eq-nergis-lb-tp-sky-eq22	TIMEOUT	TIMEOUT	https://equsto.com/en/shop/market-reyonlari/eq-nergis-lb-tp-sky-eq22		This operation was aborted
https://equsto.com/en/shop/market-reyonlari/eq-nergis-lb-tp-sky-eq23	TIMEOUT	TIMEOUT	https://equsto.com/en/shop/market-reyonlari/eq-nergis-lb-tp-sky-eq23		This operation was aborted
https://equsto.com/en/shop/market-reyonlari/eq-nergis-lb-tp-sky-eq24	TIMEOUT	TIMEOUT	https://equsto.com/en/shop/market-reyonlari/eq-nergis-lb-tp-sky-eq24		This operation was aborted
https://equsto.com/en/shop/market-reyonlari/eq-nergis-lb-tp-sky-eq26	TIMEOUT	TIMEOUT	https://equsto.com/en/shop/market-reyonlari/eq-nergis-lb-tp-sky-eq26		This operation was aborted
https://equsto.com/en/shop/market-reyonlari/eq-nergis-lb-tp-sky-eq28	TIMEOUT	TIMEOUT	https://equsto.com/en/shop/market-reyonlari/eq-nergis-lb-tp-sky-eq28		This operation was aborted
https://equsto.com/en/shop/market-reyonlari/eq-nergis-lb-tp-sky-eq29	TIMEOUT	TIMEOUT	https://equsto.com/en/shop/market-reyonlari/eq-nergis-lb-tp-sky-eq29		This operation was aborted
https://equsto.com/en/shop/market-reyonlari/eq-nergis-lb-tp-sky-eq3	TIMEOUT	TIMEOUT	https://equsto.com/en/shop/market-reyonlari/eq-nergis-lb-tp-sky-eq3		This operation was aborted
https://equsto.com/en/shop/market-reyonlari/eq-nergis-lb-tp-sky-eq30	TIMEOUT	TIMEOUT	https://equsto.com/en/shop/market-reyonlari/eq-nergis-lb-tp-sky-eq30		This operation was aborted
https://equsto.com/en/shop/market-reyonlari/eq-nergis-lb-tp-sky-eq31	TIMEOUT	TIMEOUT	https://equsto.com/en/shop/market-reyonlari/eq-nergis-lb-tp-sky-eq31		This operation was aborted
https://equsto.com/en/shop/market-reyonlari/eq-nergis-lb-tp-sky-eq32	TIMEOUT	TIMEOUT	https://equsto.com/en/shop/market-reyonlari/eq-nergis-lb-tp-sky-eq32		This operation was aborted
https://equsto.com/en/shop/market-reyonlari/eq-nergis-lb-tp-sky-eq33	TIMEOUT	TIMEOUT	https://equsto.com/en/shop/market-reyonlari/eq-nergis-lb-tp-sky-eq33		This operation was aborted
https://equsto.com/en/shop/market-reyonlari/eq-nergis-lb-tp-sky-eq34	TIMEOUT	TIMEOUT	https://equsto.com/en/shop/market-reyonlari/eq-nergis-lb-tp-sky-eq34		This operation was aborted
https://equsto.com/en/shop/market-reyonlari/eq-nergis-lb-tp-sky-eq35	TIMEOUT	TIMEOUT	https://equsto.com/en/shop/market-reyonlari/eq-nergis-lb-tp-sky-eq35		This operation was aborted
https://equsto.com/en/shop/market-reyonlari/eq-nergis-lb-tp-sky-eq36	TIMEOUT	TIMEOUT	https://equsto.com/en/shop/market-reyonlari/eq-nergis-lb-tp-sky-eq36		This operation was aborted
https://equsto.com/en/shop/market-reyonlari/eq-nergis-lb-tp-sky-eq37	TIMEOUT	TIMEOUT	https://equsto.com/en/shop/market-reyonlari/eq-nergis-lb-tp-sky-eq37		This operation was aborted
https://equsto.com/en/shop/market-reyonlari/eq-nergis-lb-tp-sky-eq38	TIMEOUT	TIMEOUT	https://equsto.com/en/shop/market-reyonlari/eq-nergis-lb-tp-sky-eq38		This operation was aborted
https://equsto.com/en/shop/market-reyonlari/eq-nergis-lb-tp-sky-eq39	TIMEOUT	TIMEOUT	https://equsto.com/en/shop/market-reyonlari/eq-nergis-lb-tp-sky-eq39		This operation was aborted
https://equsto.com/en/shop/market-reyonlari/eq-nergis-lb-tp-sky-eq4	TIMEOUT	TIMEOUT	https://equsto.com/en/shop/market-reyonlari/eq-nergis-lb-tp-sky-eq4		This operation was aborted
https://equsto.com/en/shop/market-reyonlari/eq-nergis-lb-tp-sky-eq40	TIMEOUT	TIMEOUT	https://equsto.com/en/shop/market-reyonlari/eq-nergis-lb-tp-sky-eq40		This operation was aborted
https://equsto.com/en/shop/market-reyonlari/eq-nergis-lb-tp-sky-eq41	TIMEOUT	TIMEOUT	https://equsto.com/en/shop/market-reyonlari/eq-nergis-lb-tp-sky-eq41		This operation was aborted
https://equsto.com/en/shop/market-reyonlari/eq-nergis-lb-tp-sky-eq42	TIMEOUT	TIMEOUT	https://equsto.com/en/shop/market-reyonlari/eq-nergis-lb-tp-sky-eq42		This operation was aborted
https://equsto.com/en/shop/market-reyonlari/eq-nergis-lb-tp-sky-eq43	TIMEOUT	TIMEOUT	https://equsto.com/en/shop/market-reyonlari/eq-nergis-lb-tp-sky-eq43		This operation was aborted
https://equsto.com/en/shop/market-reyonlari/eq-nergis-lb-tp-sky-eq46	TIMEOUT	TIMEOUT	https://equsto.com/en/shop/market-reyonlari/eq-nergis-lb-tp-sky-eq46		This operation was aborted
https://equsto.com/en/shop/market-reyonlari/eq-nergis-lb-tp-sky-eq6	TIMEOUT	TIMEOUT	https://equsto.com/en/shop/market-reyonlari/eq-nergis-lb-tp-sky-eq6		This operation was aborted
https://equsto.com/en/shop/market-reyonlari/eq-nergis-lb-tp-sky-eq7	TIMEOUT	TIMEOUT	https://equsto.com/en/shop/market-reyonlari/eq-nergis-lb-tp-sky-eq7		This operation was aborted
https://equsto.com/en/shop/market-reyonlari/eq-nergis-lb-tp-sky-eq8	TIMEOUT	TIMEOUT	https://equsto.com/en/shop/market-reyonlari/eq-nergis-lb-tp-sky-eq8		This operation was aborted
https://equsto.com/en/shop/market-reyonlari/eq-nergis-lb-tp-sky-eq9	TIMEOUT	TIMEOUT	https://equsto.com/en/shop/market-reyonlari/eq-nergis-lb-tp-sky-eq9		This operation was aborted
https://equsto.com/en/shop/market-reyonlari/eq-nergis-lm-eq1	TIMEOUT	TIMEOUT	https://equsto.com/en/shop/market-reyonlari/eq-nergis-lm-eq1		This operation was aborted
https://equsto.com/en/shop/market-reyonlari/eq-nergis-lm-eq10	TIMEOUT	TIMEOUT	https://equsto.com/en/shop/market-reyonlari/eq-nergis-lm-eq10		This operation was aborted
https://equsto.com/en/shop/market-reyonlari/eq-nergis-lm-eq11	TIMEOUT	TIMEOUT	https://equsto.com/en/shop/market-reyonlari/eq-nergis-lm-eq11		This operation was aborted
https://equsto.com/en/shop/market-reyonlari/eq-nergis-lm-eq12	TIMEOUT	TIMEOUT	https://equsto.com/en/shop/market-reyonlari/eq-nergis-lm-eq12		This operation was aborted
https://equsto.com/en/shop/market-reyonlari/eq-nergis-lm-eq13	TIMEOUT	TIMEOUT	https://equsto.com/en/shop/market-reyonlari/eq-nergis-lm-eq13		This operation was aborted
https://equsto.com/en/shop/market-reyonlari/eq-nergis-lm-eq14	TIMEOUT	TIMEOUT	https://equsto.com/en/shop/market-reyonlari/eq-nergis-lm-eq14		This operation was aborted
https://equsto.com/en/shop/market-reyonlari/eq-nergis-lm-eq15	TIMEOUT	TIMEOUT	https://equsto.com/en/shop/market-reyonlari/eq-nergis-lm-eq15		This operation was aborted
https://equsto.com/en/shop/market-reyonlari/eq-nergis-lm-eq16	TIMEOUT	TIMEOUT	https://equsto.com/en/shop/market-reyonlari/eq-nergis-lm-eq16		This operation was aborted
https://equsto.com/en/shop/market-reyonlari/eq-nergis-lm-eq17	TIMEOUT	TIMEOUT	https://equsto.com/en/shop/market-reyonlari/eq-nergis-lm-eq17		This operation was aborted
https://equsto.com/en/shop/market-reyonlari/eq-nergis-lm-eq18	TIMEOUT	TIMEOUT	https://equsto.com/en/shop/market-reyonlari/eq-nergis-lm-eq18		This operation was aborted
https://equsto.com/en/shop/market-reyonlari/eq-nergis-lm-eq19	TIMEOUT	TIMEOUT	https://equsto.com/en/shop/market-reyonlari/eq-nergis-lm-eq19		This operation was aborted
https://equsto.com/en/shop/market-reyonlari/eq-nergis-lm-eq2	TIMEOUT	TIMEOUT	https://equsto.com/en/shop/market-reyonlari/eq-nergis-lm-eq2		This operation was aborted
https://equsto.com/en/shop/market-reyonlari/eq-nergis-lm-eq20	TIMEOUT	TIMEOUT	https://equsto.com/en/shop/market-reyonlari/eq-nergis-lm-eq20		This operation was aborted
https://equsto.com/en/shop/market-reyonlari/eq-nergis-lm-eq21	TIMEOUT	TIMEOUT	https://equsto.com/en/shop/market-reyonlari/eq-nergis-lm-eq21		This operation was aborted
https://equsto.com/en/shop/market-reyonlari/eq-nergis-lm-eq22	TIMEOUT	TIMEOUT	https://equsto.com/en/shop/market-reyonlari/eq-nergis-lm-eq22		This operation was aborted
https://equsto.com/en/shop/market-reyonlari/eq-nergis-lm-eq24	TIMEOUT	TIMEOUT	https://equsto.com/en/shop/market-reyonlari/eq-nergis-lm-eq24		This operation was aborted
https://equsto.com/en/shop/market-reyonlari/eq-nergis-lm-eq25	TIMEOUT	TIMEOUT	https://equsto.com/en/shop/market-reyonlari/eq-nergis-lm-eq25		This operation was aborted
https://equsto.com/en/shop/market-reyonlari/eq-nergis-lm-eq27	TIMEOUT	TIMEOUT	https://equsto.com/en/shop/market-reyonlari/eq-nergis-lm-eq27		This operation was aborted
https://equsto.com/en/shop/market-reyonlari/eq-nergis-lm-eq28	TIMEOUT	TIMEOUT	https://equsto.com/en/shop/market-reyonlari/eq-nergis-lm-eq28		This operation was aborted
https://equsto.com/en/shop/market-reyonlari/eq-nergis-lm-eq29	TIMEOUT	TIMEOUT	https://equsto.com/en/shop/market-reyonlari/eq-nergis-lm-eq29		This operation was aborted
https://equsto.com/en/shop/market-reyonlari/eq-nergis-lm-eq3	TIMEOUT	TIMEOUT	https://equsto.com/en/shop/market-reyonlari/eq-nergis-lm-eq3		This operation was aborted
https://equsto.com/en/shop/market-reyonlari/eq-nergis-lm-eq30	TIMEOUT	TIMEOUT	https://equsto.com/en/shop/market-reyonlari/eq-nergis-lm-eq30		This operation was aborted
https://equsto.com/en/shop/market-reyonlari/eq-nergis-lm-eq31	TIMEOUT	TIMEOUT	https://equsto.com/en/shop/market-reyonlari/eq-nergis-lm-eq31		This operation was aborted
https://equsto.com/en/shop/market-reyonlari/eq-nergis-lm-eq32	TIMEOUT	TIMEOUT	https://equsto.com/en/shop/market-reyonlari/eq-nergis-lm-eq32		This operation was aborted
https://equsto.com/en/shop/market-reyonlari/eq-nergis-lm-eq34	TIMEOUT	TIMEOUT	https://equsto.com/en/shop/market-reyonlari/eq-nergis-lm-eq34		This operation was aborted
https://equsto.com/en/shop/market-reyonlari/eq-nergis-lm-eq35	TIMEOUT	TIMEOUT	https://equsto.com/en/shop/market-reyonlari/eq-nergis-lm-eq35		This operation was aborted
https://equsto.com/en/shop/market-reyonlari/eq-nergis-lm-eq36	TIMEOUT	TIMEOUT	https://equsto.com/en/shop/market-reyonlari/eq-nergis-lm-eq36		This operation was aborted
https://equsto.com/en/shop/market-reyonlari/eq-nergis-lm-eq37	TIMEOUT	TIMEOUT	https://equsto.com/en/shop/market-reyonlari/eq-nergis-lm-eq37		This operation was aborted
https://equsto.com/en/shop/market-reyonlari/eq-nergis-lm-eq38	TIMEOUT	TIMEOUT	https://equsto.com/en/shop/market-reyonlari/eq-nergis-lm-eq38		This operation was aborted
https://equsto.com/en/shop/market-reyonlari/eq-nergis-lm-eq39	TIMEOUT	TIMEOUT	https://equsto.com/en/shop/market-reyonlari/eq-nergis-lm-eq39		This operation was aborted
https://equsto.com/en/shop/market-reyonlari/eq-nergis-lm-eq4	TIMEOUT	TIMEOUT	https://equsto.com/en/shop/market-reyonlari/eq-nergis-lm-eq4		This operation was aborted
https://equsto.com/en/shop/market-reyonlari/eq-nergis-lm-eq41	TIMEOUT	TIMEOUT	https://equsto.com/en/shop/market-reyonlari/eq-nergis-lm-eq41		This operation was aborted
https://equsto.com/en/shop/market-reyonlari/eq-nergis-lm-eq42	TIMEOUT	TIMEOUT	https://equsto.com/en/shop/market-reyonlari/eq-nergis-lm-eq42		This operation was aborted
https://equsto.com/en/shop/market-reyonlari/eq-nergis-lm-eq43	TIMEOUT	TIMEOUT	https://equsto.com/en/shop/market-reyonlari/eq-nergis-lm-eq43		This operation was aborted
https://equsto.com/en/shop/market-reyonlari/eq-nergis-lm-eq44	TIMEOUT	TIMEOUT	https://equsto.com/en/shop/market-reyonlari/eq-nergis-lm-eq44		This operation was aborted
https://equsto.com/en/shop/market-reyonlari/eq-nergis-lm-eq45	TIMEOUT	TIMEOUT	https://equsto.com/en/shop/market-reyonlari/eq-nergis-lm-eq45		This operation was aborted
https://equsto.com/en/shop/market-reyonlari/eq-nergis-lm-eq47	TIMEOUT	TIMEOUT	https://equsto.com/en/shop/market-reyonlari/eq-nergis-lm-eq47		This operation was aborted
https://equsto.com/en/shop/market-reyonlari/eq-nergis-lm-eq49	TIMEOUT	TIMEOUT	https://equsto.com/en/shop/market-reyonlari/eq-nergis-lm-eq49		This operation was aborted
https://equsto.com/en/shop/market-reyonlari/eq-nergis-lm-eq50	TIMEOUT	TIMEOUT	https://equsto.com/en/shop/market-reyonlari/eq-nergis-lm-eq50		This operation was aborted
https://equsto.com/en/shop/market-reyonlari/eq-nergis-lm-eq51	TIMEOUT	TIMEOUT	https://equsto.com/en/shop/market-reyonlari/eq-nergis-lm-eq51		This operation was aborted
https://equsto.com/en/shop/market-reyonlari/eq-nergis-lm-eq52	TIMEOUT	TIMEOUT	https://equsto.com/en/shop/market-reyonlari/eq-nergis-lm-eq52		This operation was aborted
https://equsto.com/en/shop/market-reyonlari/eq-nergis-lm-eq53	TIMEOUT	TIMEOUT	https://equsto.com/en/shop/market-reyonlari/eq-nergis-lm-eq53		This operation was aborted
https://equsto.com/en/shop/market-reyonlari/eq-nergis-lm-eq55	TIMEOUT	TIMEOUT	https://equsto.com/en/shop/market-reyonlari/eq-nergis-lm-eq55		This operation was aborted
https://equsto.com/en/shop/market-reyonlari/eq-nergis-lm-eq56	TIMEOUT	TIMEOUT	https://equsto.com/en/shop/market-reyonlari/eq-nergis-lm-eq56		This operation was aborted
https://equsto.com/en/shop/market-reyonlari/eq-nergis-lm-eq57	TIMEOUT	TIMEOUT	https://equsto.com/en/shop/market-reyonlari/eq-nergis-lm-eq57		This operation was aborted
https://equsto.com/en/shop/market-reyonlari/eq-nergis-lm-eq58	TIMEOUT	TIMEOUT	https://equsto.com/en/shop/market-reyonlari/eq-nergis-lm-eq58		This operation was aborted
https://equsto.com/en/shop/market-reyonlari/eq-nergis-lm-eq59	TIMEOUT	TIMEOUT	https://equsto.com/en/shop/market-reyonlari/eq-nergis-lm-eq59		This operation was aborted
https://equsto.com/en/shop/market-reyonlari/eq-nergis-lm-eq60	TIMEOUT	TIMEOUT	https://equsto.com/en/shop/market-reyonlari/eq-nergis-lm-eq60		This operation was aborted
https://equsto.com/en/shop/market-reyonlari/eq-nergis-lm-eq61	TIMEOUT	TIMEOUT	https://equsto.com/en/shop/market-reyonlari/eq-nergis-lm-eq61		This operation was aborted
https://equsto.com/en/shop/market-reyonlari/eq-nergis-lm-eq62	TIMEOUT	TIMEOUT	https://equsto.com/en/shop/market-reyonlari/eq-nergis-lm-eq62		This operation was aborted
https://equsto.com/en/shop/market-reyonlari/eq-nergis-lm-eq64	TIMEOUT	TIMEOUT	https://equsto.com/en/shop/market-reyonlari/eq-nergis-lm-eq64		This operation was aborted
https://equsto.com/en/shop/market-reyonlari/eq-nergis-lm-eq7	TIMEOUT	TIMEOUT	https://equsto.com/en/shop/market-reyonlari/eq-nergis-lm-eq7		This operation was aborted
https://equsto.com/en/shop/market-reyonlari/eq-nergis-lm-eq8	TIMEOUT	TIMEOUT	https://equsto.com/en/shop/market-reyonlari/eq-nergis-lm-eq8		This operation was aborted
https://equsto.com/en/shop/market-reyonlari/eq-nergis-lm-eq9	TIMEOUT	TIMEOUT	https://equsto.com/en/shop/market-reyonlari/eq-nergis-lm-eq9		This operation was aborted
https://equsto.com/en/shop/market-reyonlari/eq-nergis-fg-sky-eq1	TIMEOUT	TIMEOUT	https://equsto.com/en/shop/market-reyonlari/eq-nergis-fg-sky-eq1		This operation was aborted
https://equsto.com/en/shop/market-reyonlari/eq-nergis-fg-sky-eq10	TIMEOUT	TIMEOUT	https://equsto.com/en/shop/market-reyonlari/eq-nergis-fg-sky-eq10		This operation was aborted
https://equsto.com/en/shop/market-reyonlari/eq-nergis-fg-sky-eq11	TIMEOUT	TIMEOUT	https://equsto.com/en/shop/market-reyonlari/eq-nergis-fg-sky-eq11		This operation was aborted
https://equsto.com/en/shop/market-reyonlari/eq-nergis-fg-sky-eq12	TIMEOUT	TIMEOUT	https://equsto.com/en/shop/market-reyonlari/eq-nergis-fg-sky-eq12		This operation was aborted
https://equsto.com/en/shop/market-reyonlari/eq-nergis-fg-sky-eq13	TIMEOUT	TIMEOUT	https://equsto.com/en/shop/market-reyonlari/eq-nergis-fg-sky-eq13		This operation was aborted
https://equsto.com/en/shop/market-reyonlari/eq-nergis-fg-sky-eq14	TIMEOUT	TIMEOUT	https://equsto.com/en/shop/market-reyonlari/eq-nergis-fg-sky-eq14		This operation was aborted
https://equsto.com/en/shop/market-reyonlari/eq-nergis-fg-sky-eq15	TIMEOUT	TIMEOUT	https://equsto.com/en/shop/market-reyonlari/eq-nergis-fg-sky-eq15		This operation was aborted
https://equsto.com/en/shop/market-reyonlari/eq-nergis-fg-sky-eq16	TIMEOUT	TIMEOUT	https://equsto.com/en/shop/market-reyonlari/eq-nergis-fg-sky-eq16		This operation was aborted
https://equsto.com/en/shop/market-reyonlari/eq-nergis-fg-sky-eq17	TIMEOUT	TIMEOUT	https://equsto.com/en/shop/market-reyonlari/eq-nergis-fg-sky-eq17		This operation was aborted
https://equsto.com/en/shop/market-reyonlari/eq-nergis-fg-sky-eq18	TIMEOUT	TIMEOUT	https://equsto.com/en/shop/market-reyonlari/eq-nergis-fg-sky-eq18		This operation was aborted
https://equsto.com/en/shop/market-reyonlari/eq-nergis-fg-sky-eq19	TIMEOUT	TIMEOUT	https://equsto.com/en/shop/market-reyonlari/eq-nergis-fg-sky-eq19		This operation was aborted
https://equsto.com/en/shop/market-reyonlari/eq-nergis-fg-sky-eq2	TIMEOUT	TIMEOUT	https://equsto.com/en/shop/market-reyonlari/eq-nergis-fg-sky-eq2		This operation was aborted
https://equsto.com/en/shop/market-reyonlari/eq-nergis-fg-sky-eq20	TIMEOUT	TIMEOUT	https://equsto.com/en/shop/market-reyonlari/eq-nergis-fg-sky-eq20		This operation was aborted
https://equsto.com/en/shop/market-reyonlari/eq-nergis-fg-sky-eq21	TIMEOUT	TIMEOUT	https://equsto.com/en/shop/market-reyonlari/eq-nergis-fg-sky-eq21		This operation was aborted
https://equsto.com/en/shop/market-reyonlari/eq-nergis-fg-sky-eq22	TIMEOUT	TIMEOUT	https://equsto.com/en/shop/market-reyonlari/eq-nergis-fg-sky-eq22		This operation was aborted
https://equsto.com/en/shop/market-reyonlari/eq-nergis-fg-sky-eq23	TIMEOUT	TIMEOUT	https://equsto.com/en/shop/market-reyonlari/eq-nergis-fg-sky-eq23		This operation was aborted
https://equsto.com/en/shop/market-reyonlari/eq-nergis-fg-sky-eq24	TIMEOUT	TIMEOUT	https://equsto.com/en/shop/market-reyonlari/eq-nergis-fg-sky-eq24		This operation was aborted
https://equsto.com/en/shop/market-reyonlari/eq-nergis-fg-sky-eq25	TIMEOUT	TIMEOUT	https://equsto.com/en/shop/market-reyonlari/eq-nergis-fg-sky-eq25		This operation was aborted
https://equsto.com/en/shop/market-reyonlari/eq-nergis-fg-sky-eq26	TIMEOUT	TIMEOUT	https://equsto.com/en/shop/market-reyonlari/eq-nergis-fg-sky-eq26		This operation was aborted
https://equsto.com/en/shop/market-reyonlari/eq-nergis-fg-sky-eq27	TIMEOUT	TIMEOUT	https://equsto.com/en/shop/market-reyonlari/eq-nergis-fg-sky-eq27		This operation was aborted
https://equsto.com/en/shop/market-reyonlari/eq-nergis-fg-sky-eq28	TIMEOUT	TIMEOUT	https://equsto.com/en/shop/market-reyonlari/eq-nergis-fg-sky-eq28		This operation was aborted
https://equsto.com/en/shop/market-reyonlari/eq-nergis-fg-sky-eq29	TIMEOUT	TIMEOUT	https://equsto.com/en/shop/market-reyonlari/eq-nergis-fg-sky-eq29		This operation was aborted
https://equsto.com/en/shop/market-reyonlari/eq-nergis-fg-sky-eq3	TIMEOUT	TIMEOUT	https://equsto.com/en/shop/market-reyonlari/eq-nergis-fg-sky-eq3		This operation was aborted
https://equsto.com/en/shop/market-reyonlari/eq-nergis-fg-sky-eq30	TIMEOUT	TIMEOUT	https://equsto.com/en/shop/market-reyonlari/eq-nergis-fg-sky-eq30		This operation was aborted
https://equsto.com/en/shop/market-reyonlari/eq-nergis-fg-sky-eq31	TIMEOUT	TIMEOUT	https://equsto.com/en/shop/market-reyonlari/eq-nergis-fg-sky-eq31		This operation was aborted
https://equsto.com/en/shop/market-reyonlari/eq-nergis-fg-sky-eq32	TIMEOUT	TIMEOUT	https://equsto.com/en/shop/market-reyonlari/eq-nergis-fg-sky-eq32		This operation was aborted
https://equsto.com/en/shop/market-reyonlari/eq-nergis-fg-sky-eq33	TIMEOUT	TIMEOUT	https://equsto.com/en/shop/market-reyonlari/eq-nergis-fg-sky-eq33		This operation was aborted
https://equsto.com/en/shop/market-reyonlari/eq-nergis-fg-sky-eq34	TIMEOUT	TIMEOUT	https://equsto.com/en/shop/market-reyonlari/eq-nergis-fg-sky-eq34		This operation was aborted
https://equsto.com/en/shop/market-reyonlari/eq-nergis-fg-sky-eq35	TIMEOUT	TIMEOUT	https://equsto.com/en/shop/market-reyonlari/eq-nergis-fg-sky-eq35		This operation was aborted
https://equsto.com/en/shop/market-reyonlari/eq-nergis-fg-sky-eq36	TIMEOUT	TIMEOUT	https://equsto.com/en/shop/market-reyonlari/eq-nergis-fg-sky-eq36		This operation was aborted
https://equsto.com/en/shop/market-reyonlari/eq-nergis-fg-sky-eq37	TIMEOUT	TIMEOUT	https://equsto.com/en/shop/market-reyonlari/eq-nergis-fg-sky-eq37		This operation was aborted
https://equsto.com/en/shop/market-reyonlari/eq-nergis-fg-sky-eq38	TIMEOUT	TIMEOUT	https://equsto.com/en/shop/market-reyonlari/eq-nergis-fg-sky-eq38		This operation was aborted
https://equsto.com/en/shop/market-reyonlari/eq-nergis-fg-sky-eq39	TIMEOUT	TIMEOUT	https://equsto.com/en/shop/market-reyonlari/eq-nergis-fg-sky-eq39		This operation was aborted
https://equsto.com/en/shop/market-reyonlari/eq-nergis-fg-sky-eq4	TIMEOUT	TIMEOUT	https://equsto.com/en/shop/market-reyonlari/eq-nergis-fg-sky-eq4		This operation was aborted
https://equsto.com/en/shop/market-reyonlari/eq-nergis-fg-sky-eq7	TIMEOUT	TIMEOUT	https://equsto.com/en/shop/market-reyonlari/eq-nergis-fg-sky-eq7		This operation was aborted
https://equsto.com/en/shop/market-reyonlari/eq-nergis-fg-sky-eq8	TIMEOUT	TIMEOUT	https://equsto.com/en/shop/market-reyonlari/eq-nergis-fg-sky-eq8		This operation was aborted
https://equsto.com/en/shop/market-reyonlari/eq-nergis-fg-sky-eq9	TIMEOUT	TIMEOUT	https://equsto.com/en/shop/market-reyonlari/eq-nergis-fg-sky-eq9		This operation was aborted
https://equsto.com/en/shop/market-reyonlari/eq-nergis-tp-eq1	TIMEOUT	TIMEOUT	https://equsto.com/en/shop/market-reyonlari/eq-nergis-tp-eq1		This operation was aborted
https://equsto.com/en/shop/market-reyonlari/eq-nergis-tp-eq10	TIMEOUT	TIMEOUT	https://equsto.com/en/shop/market-reyonlari/eq-nergis-tp-eq10		This operation was aborted
https://equsto.com/en/shop/market-reyonlari/eq-nergis-tp-eq11	TIMEOUT	TIMEOUT	https://equsto.com/en/shop/market-reyonlari/eq-nergis-tp-eq11		This operation was aborted
https://equsto.com/en/shop/market-reyonlari/eq-nergis-tp-eq12	TIMEOUT	TIMEOUT	https://equsto.com/en/shop/market-reyonlari/eq-nergis-tp-eq12		This operation was aborted
https://equsto.com/en/shop/market-reyonlari/eq-nergis-tp-eq13	TIMEOUT	TIMEOUT	https://equsto.com/en/shop/market-reyonlari/eq-nergis-tp-eq13		This operation was aborted
https://equsto.com/en/shop/market-reyonlari/eq-nergis-tp-eq14	TIMEOUT	TIMEOUT	https://equsto.com/en/shop/market-reyonlari/eq-nergis-tp-eq14		This operation was aborted
https://equsto.com/en/shop/market-reyonlari/eq-nergis-tp-eq15	TIMEOUT	TIMEOUT	https://equsto.com/en/shop/market-reyonlari/eq-nergis-tp-eq15		This operation was aborted
https://equsto.com/en/shop/market-reyonlari/eq-nergis-tp-eq17	TIMEOUT	TIMEOUT	https://equsto.com/en/shop/market-reyonlari/eq-nergis-tp-eq17		This operation was aborted
https://equsto.com/en/shop/market-reyonlari/eq-nergis-tp-eq18	TIMEOUT	TIMEOUT	https://equsto.com/en/shop/market-reyonlari/eq-nergis-tp-eq18		This operation was aborted
https://equsto.com/en/shop/market-reyonlari/eq-nergis-tp-eq19	TIMEOUT	TIMEOUT	https://equsto.com/en/shop/market-reyonlari/eq-nergis-tp-eq19		This operation was aborted
https://equsto.com/en/shop/market-reyonlari/eq-nergis-tp-eq2	TIMEOUT	TIMEOUT	https://equsto.com/en/shop/market-reyonlari/eq-nergis-tp-eq2		This operation was aborted
https://equsto.com/en/shop/market-reyonlari/eq-nergis-tp-eq20	TIMEOUT	TIMEOUT	https://equsto.com/en/shop/market-reyonlari/eq-nergis-tp-eq20		This operation was aborted
https://equsto.com/en/shop/market-reyonlari/eq-nergis-tp-eq21	TIMEOUT	TIMEOUT	https://equsto.com/en/shop/market-reyonlari/eq-nergis-tp-eq21		This operation was aborted
https://equsto.com/en/shop/market-reyonlari/eq-nergis-tp-eq22	TIMEOUT	TIMEOUT	https://equsto.com/en/shop/market-reyonlari/eq-nergis-tp-eq22		This operation was aborted
https://equsto.com/en/shop/market-reyonlari/eq-nergis-tp-eq23	TIMEOUT	TIMEOUT	https://equsto.com/en/shop/market-reyonlari/eq-nergis-tp-eq23		This operation was aborted
https://equsto.com/en/shop/market-reyonlari/eq-nergis-tp-eq24	TIMEOUT	TIMEOUT	https://equsto.com/en/shop/market-reyonlari/eq-nergis-tp-eq24		This operation was aborted
https://equsto.com/en/shop/market-reyonlari/eq-nergis-tp-eq25	TIMEOUT	TIMEOUT	https://equsto.com/en/shop/market-reyonlari/eq-nergis-tp-eq25		This operation was aborted
https://equsto.com/en/shop/market-reyonlari/eq-nergis-tp-eq26	TIMEOUT	TIMEOUT	https://equsto.com/en/shop/market-reyonlari/eq-nergis-tp-eq26		This operation was aborted
https://equsto.com/en/shop/market-reyonlari/eq-nergis-tp-eq27	TIMEOUT	TIMEOUT	https://equsto.com/en/shop/market-reyonlari/eq-nergis-tp-eq27		This operation was aborted
https://equsto.com/en/shop/market-reyonlari/eq-nergis-tp-eq28	TIMEOUT	TIMEOUT	https://equsto.com/en/shop/market-reyonlari/eq-nergis-tp-eq28		This operation was aborted
https://equsto.com/en/shop/market-reyonlari/eq-nergis-tp-eq29	TIMEOUT	TIMEOUT	https://equsto.com/en/shop/market-reyonlari/eq-nergis-tp-eq29		This operation was aborted
https://equsto.com/en/shop/market-reyonlari/eq-nergis-tp-eq3	TIMEOUT	TIMEOUT	https://equsto.com/en/shop/market-reyonlari/eq-nergis-tp-eq3		This operation was aborted
https://equsto.com/en/shop/market-reyonlari/eq-nergis-tp-eq30	TIMEOUT	TIMEOUT	https://equsto.com/en/shop/market-reyonlari/eq-nergis-tp-eq30		This operation was aborted
https://equsto.com/en/shop/market-reyonlari/eq-nergis-tp-eq31	TIMEOUT	TIMEOUT	https://equsto.com/en/shop/market-reyonlari/eq-nergis-tp-eq31		This operation was aborted
https://equsto.com/en/shop/market-reyonlari/eq-nergis-tp-eq32	TIMEOUT	TIMEOUT	https://equsto.com/en/shop/market-reyonlari/eq-nergis-tp-eq32		This operation was aborted
https://equsto.com/en/shop/market-reyonlari/eq-nergis-tp-eq33	TIMEOUT	TIMEOUT	https://equsto.com/en/shop/market-reyonlari/eq-nergis-tp-eq33		This operation was aborted
https://equsto.com/en/shop/market-reyonlari/eq-nergis-tp-eq34	TIMEOUT	TIMEOUT	https://equsto.com/en/shop/market-reyonlari/eq-nergis-tp-eq34		This operation was aborted
https://equsto.com/en/shop/market-reyonlari/eq-nergis-tp-eq35	TIMEOUT	TIMEOUT	https://equsto.com/en/shop/market-reyonlari/eq-nergis-tp-eq35		This operation was aborted
https://equsto.com/en/shop/market-reyonlari/eq-nergis-tp-eq36	TIMEOUT	TIMEOUT	https://equsto.com/en/shop/market-reyonlari/eq-nergis-tp-eq36		This operation was aborted
https://equsto.com/en/shop/market-reyonlari/eq-nergis-tp-eq37	TIMEOUT	TIMEOUT	https://equsto.com/en/shop/market-reyonlari/eq-nergis-tp-eq37		This operation was aborted
https://equsto.com/en/shop/market-reyonlari/eq-nergis-tp-eq38	TIMEOUT	TIMEOUT	https://equsto.com/en/shop/market-reyonlari/eq-nergis-tp-eq38		This operation was aborted
https://equsto.com/en/shop/market-reyonlari/eq-nergis-tp-eq39	TIMEOUT	TIMEOUT	https://equsto.com/en/shop/market-reyonlari/eq-nergis-tp-eq39		This operation was aborted
https://equsto.com/en/shop/market-reyonlari/eq-nergis-tp-eq4	TIMEOUT	TIMEOUT	https://equsto.com/en/shop/market-reyonlari/eq-nergis-tp-eq4		This operation was aborted
https://equsto.com/en/shop/market-reyonlari/eq-nergis-tp-eq40	TIMEOUT	TIMEOUT	https://equsto.com/en/shop/market-reyonlari/eq-nergis-tp-eq40		This operation was aborted
https://equsto.com/en/shop/market-reyonlari/eq-nergis-tp-eq5	TIMEOUT	TIMEOUT	https://equsto.com/en/shop/market-reyonlari/eq-nergis-tp-eq5		This operation was aborted
https://equsto.com/en/shop/market-reyonlari/eq-nergis-tp-eq6	TIMEOUT	TIMEOUT	https://equsto.com/en/shop/market-reyonlari/eq-nergis-tp-eq6		This operation was aborted
https://equsto.com/en/shop/market-reyonlari/eq-nergis-tp-eq7	TIMEOUT	TIMEOUT	https://equsto.com/en/shop/market-reyonlari/eq-nergis-tp-eq7		This operation was aborted
https://equsto.com/en/shop/market-reyonlari/eq-nergis-tp-eq8	TIMEOUT	TIMEOUT	https://equsto.com/en/shop/market-reyonlari/eq-nergis-tp-eq8		This operation was aborted
https://equsto.com/en/shop/market-reyonlari/eq-nergis-tp-eq9	TIMEOUT	TIMEOUT	https://equsto.com/en/shop/market-reyonlari/eq-nergis-tp-eq9		This operation was aborted
https://equsto.com/en/shop/market-reyonlari/eq-nergis-tp-sky-eq1	TIMEOUT	TIMEOUT	https://equsto.com/en/shop/market-reyonlari/eq-nergis-tp-sky-eq1		This operation was aborted
https://equsto.com/en/shop/market-reyonlari/eq-nergis-tp-sky-eq11	TIMEOUT	TIMEOUT	https://equsto.com/en/shop/market-reyonlari/eq-nergis-tp-sky-eq11		This operation was aborted
https://equsto.com/en/shop/market-reyonlari/eq-nergis-tp-sky-eq14	TIMEOUT	TIMEOUT	https://equsto.com/en/shop/market-reyonlari/eq-nergis-tp-sky-eq14		This operation was aborted
https://equsto.com/en/shop/market-reyonlari/eq-nergis-tp-sky-eq15	TIMEOUT	TIMEOUT	https://equsto.com/en/shop/market-reyonlari/eq-nergis-tp-sky-eq15		This operation was aborted
https://equsto.com/en/shop/market-reyonlari/eq-nergis-tp-sky-eq16	TIMEOUT	TIMEOUT	https://equsto.com/en/shop/market-reyonlari/eq-nergis-tp-sky-eq16		This operation was aborted
https://equsto.com/en/shop/market-reyonlari/eq-nergis-tp-sky-eq17	TIMEOUT	TIMEOUT	https://equsto.com/en/shop/market-reyonlari/eq-nergis-tp-sky-eq17		This operation was aborted
https://equsto.com/en/shop/market-reyonlari/eq-nergis-tp-sky-eq18	TIMEOUT	TIMEOUT	https://equsto.com/en/shop/market-reyonlari/eq-nergis-tp-sky-eq18		This operation was aborted
https://equsto.com/en/shop/market-reyonlari/eq-nergis-tp-sky-eq19	TIMEOUT	TIMEOUT	https://equsto.com/en/shop/market-reyonlari/eq-nergis-tp-sky-eq19		This operation was aborted
https://equsto.com/en/shop/market-reyonlari/eq-nergis-tp-sky-eq2	TIMEOUT	TIMEOUT	https://equsto.com/en/shop/market-reyonlari/eq-nergis-tp-sky-eq2		This operation was aborted
https://equsto.com/en/shop/market-reyonlari/eq-nergis-tp-sky-eq20	TIMEOUT	TIMEOUT	https://equsto.com/en/shop/market-reyonlari/eq-nergis-tp-sky-eq20		This operation was aborted
https://equsto.com/en/shop/market-reyonlari/eq-nergis-tp-sky-eq21	TIMEOUT	TIMEOUT	https://equsto.com/en/shop/market-reyonlari/eq-nergis-tp-sky-eq21		This operation was aborted
https://equsto.com/en/shop/market-reyonlari/eq-nergis-tp-sky-eq22	TIMEOUT	TIMEOUT	https://equsto.com/en/shop/market-reyonlari/eq-nergis-tp-sky-eq22		This operation was aborted
https://equsto.com/en/shop/market-reyonlari/eq-nergis-tp-sky-eq23	TIMEOUT	TIMEOUT	https://equsto.com/en/shop/market-reyonlari/eq-nergis-tp-sky-eq23		This operation was aborted
https://equsto.com/en/shop/market-reyonlari/eq-nergis-tp-sky-eq24	TIMEOUT	TIMEOUT	https://equsto.com/en/shop/market-reyonlari/eq-nergis-tp-sky-eq24		This operation was aborted
https://equsto.com/en/shop/market-reyonlari/eq-nergis-tp-sky-eq25	TIMEOUT	TIMEOUT	https://equsto.com/en/shop/market-reyonlari/eq-nergis-tp-sky-eq25		This operation was aborted
https://equsto.com/en/shop/market-reyonlari/eq-nergis-tp-sky-eq26	TIMEOUT	TIMEOUT	https://equsto.com/en/shop/market-reyonlari/eq-nergis-tp-sky-eq26		This operation was aborted
https://equsto.com/en/shop/market-reyonlari/eq-nergis-tp-sky-eq27	TIMEOUT	TIMEOUT	https://equsto.com/en/shop/market-reyonlari/eq-nergis-tp-sky-eq27		This operation was aborted
https://equsto.com/en/shop/market-reyonlari/eq-nergis-tp-sky-eq28	TIMEOUT	TIMEOUT	https://equsto.com/en/shop/market-reyonlari/eq-nergis-tp-sky-eq28		This operation was aborted
https://equsto.com/en/shop/market-reyonlari/eq-nergis-tp-sky-eq29	TIMEOUT	TIMEOUT	https://equsto.com/en/shop/market-reyonlari/eq-nergis-tp-sky-eq29		This operation was aborted
https://equsto.com/en/shop/market-reyonlari/eq-nergis-tp-sky-eq3	TIMEOUT	TIMEOUT	https://equsto.com/en/shop/market-reyonlari/eq-nergis-tp-sky-eq3		This operation was aborted
https://equsto.com/en/shop/market-reyonlari/eq-nergis-tp-sky-eq30	TIMEOUT	TIMEOUT	https://equsto.com/en/shop/market-reyonlari/eq-nergis-tp-sky-eq30		This operation was aborted
https://equsto.com/en/shop/market-reyonlari/eq-nergis-tp-sky-eq31	TIMEOUT	TIMEOUT	https://equsto.com/en/shop/market-reyonlari/eq-nergis-tp-sky-eq31		This operation was aborted
https://equsto.com/en/shop/market-reyonlari/eq-nergis-tp-sky-eq32	TIMEOUT	TIMEOUT	https://equsto.com/en/shop/market-reyonlari/eq-nergis-tp-sky-eq32		This operation was aborted
https://equsto.com/en/shop/market-reyonlari/eq-nergis-tp-sky-eq34	TIMEOUT	TIMEOUT	https://equsto.com/en/shop/market-reyonlari/eq-nergis-tp-sky-eq34		This operation was aborted
https://equsto.com/en/shop/market-reyonlari/eq-nergis-tp-sky-eq35	TIMEOUT	TIMEOUT	https://equsto.com/en/shop/market-reyonlari/eq-nergis-tp-sky-eq35		This operation was aborted
https://equsto.com/en/shop/market-reyonlari/eq-nergis-tp-sky-eq36	TIMEOUT	TIMEOUT	https://equsto.com/en/shop/market-reyonlari/eq-nergis-tp-sky-eq36		This operation was aborted
https://equsto.com/en/shop/market-reyonlari/eq-nergis-tp-sky-eq37	TIMEOUT	TIMEOUT	https://equsto.com/en/shop/market-reyonlari/eq-nergis-tp-sky-eq37		This operation was aborted
https://equsto.com/en/shop/market-reyonlari/eq-nergis-tp-sky-eq38	TIMEOUT	TIMEOUT	https://equsto.com/en/shop/market-reyonlari/eq-nergis-tp-sky-eq38		This operation was aborted
https://equsto.com/en/shop/market-reyonlari/eq-nergis-tp-sky-eq39	TIMEOUT	TIMEOUT	https://equsto.com/en/shop/market-reyonlari/eq-nergis-tp-sky-eq39		This operation was aborted
https://equsto.com/en/shop/market-reyonlari/eq-nergis-tp-sky-eq4	TIMEOUT	TIMEOUT	https://equsto.com/en/shop/market-reyonlari/eq-nergis-tp-sky-eq4		This operation was aborted
https://equsto.com/en/shop/market-reyonlari/eq-nergis-tp-sky-eq40	TIMEOUT	TIMEOUT	https://equsto.com/en/shop/market-reyonlari/eq-nergis-tp-sky-eq40		This operation was aborted
https://equsto.com/en/shop/market-reyonlari/eq-nergis-tp-sky-eq5	TIMEOUT	TIMEOUT	https://equsto.com/en/shop/market-reyonlari/eq-nergis-tp-sky-eq5		This operation was aborted
https://equsto.com/en/shop/market-reyonlari/eq-nergis-tp-sky-eq6	TIMEOUT	TIMEOUT	https://equsto.com/en/shop/market-reyonlari/eq-nergis-tp-sky-eq6		This operation was aborted
https://equsto.com/en/shop/market-reyonlari/eq-nergis-tp-sky-eq7	TIMEOUT	TIMEOUT	https://equsto.com/en/shop/market-reyonlari/eq-nergis-tp-sky-eq7		This operation was aborted
https://equsto.com/en/shop/market-reyonlari/eq-nergis-tp-sky-eq8	TIMEOUT	TIMEOUT	https://equsto.com/en/shop/market-reyonlari/eq-nergis-tp-sky-eq8		This operation was aborted
https://equsto.com/en/shop/market-reyonlari/eq-nergis-tp-sky-eq9	TIMEOUT	TIMEOUT	https://equsto.com/en/shop/market-reyonlari/eq-nergis-tp-sky-eq9		This operation was aborted
https://equsto.com/en/shop/market-reyonlari/eq-orkide-eq1	TIMEOUT	TIMEOUT	https://equsto.com/en/shop/market-reyonlari/eq-orkide-eq1		This operation was aborted
https://equsto.com/en/shop/market-reyonlari/eq-orkide-eq10	TIMEOUT	TIMEOUT	https://equsto.com/en/shop/market-reyonlari/eq-orkide-eq10		This operation was aborted
https://equsto.com/en/shop/market-reyonlari/eq-orkide-eq11	TIMEOUT	TIMEOUT	https://equsto.com/en/shop/market-reyonlari/eq-orkide-eq11		This operation was aborted
https://equsto.com/en/shop/market-reyonlari/eq-orkide-eq12	TIMEOUT	TIMEOUT	https://equsto.com/en/shop/market-reyonlari/eq-orkide-eq12		This operation was aborted
https://equsto.com/en/shop/market-reyonlari/eq-orkide-eq13	TIMEOUT	TIMEOUT	https://equsto.com/en/shop/market-reyonlari/eq-orkide-eq13		This operation was aborted
https://equsto.com/en/shop/market-reyonlari/eq-orkide-eq14	TIMEOUT	TIMEOUT	https://equsto.com/en/shop/market-reyonlari/eq-orkide-eq14		This operation was aborted
https://equsto.com/en/shop/market-reyonlari/eq-orkide-eq15	TIMEOUT	TIMEOUT	https://equsto.com/en/shop/market-reyonlari/eq-orkide-eq15		This operation was aborted
https://equsto.com/en/shop/market-reyonlari/eq-orkide-eq16	TIMEOUT	TIMEOUT	https://equsto.com/en/shop/market-reyonlari/eq-orkide-eq16		This operation was aborted
https://equsto.com/en/shop/market-reyonlari/eq-orkide-eq17	TIMEOUT	TIMEOUT	https://equsto.com/en/shop/market-reyonlari/eq-orkide-eq17		This operation was aborted
https://equsto.com/en/shop/market-reyonlari/eq-orkide-eq2	TIMEOUT	TIMEOUT	https://equsto.com/en/shop/market-reyonlari/eq-orkide-eq2		This operation was aborted
https://equsto.com/en/shop/market-reyonlari/eq-orkide-eq20	TIMEOUT	TIMEOUT	https://equsto.com/en/shop/market-reyonlari/eq-orkide-eq20		This operation was aborted
https://equsto.com/en/shop/market-reyonlari/eq-orkide-eq3	TIMEOUT	TIMEOUT	https://equsto.com/en/shop/market-reyonlari/eq-orkide-eq3		This operation was aborted
https://equsto.com/en/shop/market-reyonlari/eq-orkide-eq5	TIMEOUT	TIMEOUT	https://equsto.com/en/shop/market-reyonlari/eq-orkide-eq5		This operation was aborted
https://equsto.com/en/shop/market-reyonlari/eq-orkide-eq6	TIMEOUT	TIMEOUT	https://equsto.com/en/shop/market-reyonlari/eq-orkide-eq6		This operation was aborted
https://equsto.com/en/shop/market-reyonlari/eq-orkide-eq7	TIMEOUT	TIMEOUT	https://equsto.com/en/shop/market-reyonlari/eq-orkide-eq7		This operation was aborted
https://equsto.com/en/shop/market-reyonlari/eq-orkide-eq8	TIMEOUT	TIMEOUT	https://equsto.com/en/shop/market-reyonlari/eq-orkide-eq8		This operation was aborted
https://equsto.com/en/shop/market-reyonlari/eq-orkide-eq9	TIMEOUT	TIMEOUT	https://equsto.com/en/shop/market-reyonlari/eq-orkide-eq9		This operation was aborted
https://equsto.com/en/shop/market-reyonlari/eq-ortanca-eq1	TIMEOUT	TIMEOUT	https://equsto.com/en/shop/market-reyonlari/eq-ortanca-eq1		This operation was aborted
https://equsto.com/en/shop/market-reyonlari/eq-ortanca-eq2	TIMEOUT	TIMEOUT	https://equsto.com/en/shop/market-reyonlari/eq-ortanca-eq2		This operation was aborted
https://equsto.com/en/shop/market-reyonlari/eq-ortanca-eq3	TIMEOUT	TIMEOUT	https://equsto.com/en/shop/market-reyonlari/eq-ortanca-eq3		This operation was aborted
https://equsto.com/en/shop/market-reyonlari/eq-ortanca-wt-eq1	TIMEOUT	TIMEOUT	https://equsto.com/en/shop/market-reyonlari/eq-ortanca-wt-eq1		This operation was aborted
https://equsto.com/en/shop/market-reyonlari/eq-ortanca-wt-eq2	TIMEOUT	TIMEOUT	https://equsto.com/en/shop/market-reyonlari/eq-ortanca-wt-eq2		This operation was aborted
https://equsto.com/en/shop/market-reyonlari/eq-ortanca-wt-eq3	TIMEOUT	TIMEOUT	https://equsto.com/en/shop/market-reyonlari/eq-ortanca-wt-eq3		This operation was aborted
https://equsto.com/en/shop/market-reyonlari/eq-papatya-hf-eq1	TIMEOUT	TIMEOUT	https://equsto.com/en/shop/market-reyonlari/eq-papatya-hf-eq1		This operation was aborted
https://equsto.com/en/shop/market-reyonlari/eq-papatya-hf-eq2	TIMEOUT	TIMEOUT	https://equsto.com/en/shop/market-reyonlari/eq-papatya-hf-eq2		This operation was aborted
https://equsto.com/en/shop/market-reyonlari/eq-papatya-hf-eq3	TIMEOUT	TIMEOUT	https://equsto.com/en/shop/market-reyonlari/eq-papatya-hf-eq3		This operation was aborted
https://equsto.com/en/shop/market-reyonlari/eq-papatya-hf-eq4	TIMEOUT	TIMEOUT	https://equsto.com/en/shop/market-reyonlari/eq-papatya-hf-eq4		This operation was aborted
https://equsto.com/en/shop/market-reyonlari/eq-papatya-hf-eq5	TIMEOUT	TIMEOUT	https://equsto.com/en/shop/market-reyonlari/eq-papatya-hf-eq5		This operation was aborted
https://equsto.com/en/shop/market-reyonlari/eq-papatya-hf-eq6	TIMEOUT	TIMEOUT	https://equsto.com/en/shop/market-reyonlari/eq-papatya-hf-eq6		This operation was aborted
https://equsto.com/en/shop/market-reyonlari/eq-papatya-hf-eq7	TIMEOUT	TIMEOUT	https://equsto.com/en/shop/market-reyonlari/eq-papatya-hf-eq7		This operation was aborted
https://equsto.com/en/shop/market-reyonlari/eq-papatya-hf-eq8	TIMEOUT	TIMEOUT	https://equsto.com/en/shop/market-reyonlari/eq-papatya-hf-eq8		This operation was aborted
https://equsto.com/en/shop/market-reyonlari/eq-papatya-nv-eq3	TIMEOUT	TIMEOUT	https://equsto.com/en/shop/market-reyonlari/eq-papatya-nv-eq3		This operation was aborted
https://equsto.com/en/shop/market-reyonlari/eq-papatya-nv-eq4	TIMEOUT	TIMEOUT	https://equsto.com/en/shop/market-reyonlari/eq-papatya-nv-eq4		This operation was aborted
https://equsto.com/en/shop/market-reyonlari/eq-papatya-nv-eq5	TIMEOUT	TIMEOUT	https://equsto.com/en/shop/market-reyonlari/eq-papatya-nv-eq5		This operation was aborted
https://equsto.com/en/shop/market-reyonlari/eq-papatya-nv-eq7	TIMEOUT	TIMEOUT	https://equsto.com/en/shop/market-reyonlari/eq-papatya-nv-eq7		This operation was aborted
https://equsto.com/en/shop/market-reyonlari/eq-papatya-nv-eq8	TIMEOUT	TIMEOUT	https://equsto.com/en/shop/market-reyonlari/eq-papatya-nv-eq8		This operation was aborted
https://equsto.com/en/shop/market-reyonlari/eq-reyhan-cl-eq1	TIMEOUT	TIMEOUT	https://equsto.com/en/shop/market-reyonlari/eq-reyhan-cl-eq1		This operation was aborted
https://equsto.com/en/shop/market-reyonlari/eq-reyhan-cl-eq2	TIMEOUT	TIMEOUT	https://equsto.com/en/shop/market-reyonlari/eq-reyhan-cl-eq2		This operation was aborted
https://equsto.com/en/shop/market-reyonlari/eq-reyhan-cl-eq3	TIMEOUT	TIMEOUT	https://equsto.com/en/shop/market-reyonlari/eq-reyhan-cl-eq3		This operation was aborted
https://equsto.com/en/shop/market-reyonlari/eq-reyhan-cl-eq4	TIMEOUT	TIMEOUT	https://equsto.com/en/shop/market-reyonlari/eq-reyhan-cl-eq4		This operation was aborted
https://equsto.com/en/shop/market-reyonlari/eq-reyhan-cl-eq5	TIMEOUT	TIMEOUT	https://equsto.com/en/shop/market-reyonlari/eq-reyhan-cl-eq5		This operation was aborted
https://equsto.com/en/shop/market-reyonlari/eq-reyhan-cl-eq6	TIMEOUT	TIMEOUT	https://equsto.com/en/shop/market-reyonlari/eq-reyhan-cl-eq6		This operation was aborted
https://equsto.com/en/shop/market-reyonlari/eq-reyhan-wt-eq1	TIMEOUT	TIMEOUT	https://equsto.com/en/shop/market-reyonlari/eq-reyhan-wt-eq1		This operation was aborted
https://equsto.com/en/shop/market-reyonlari/eq-reyhan-wt-eq2	TIMEOUT	TIMEOUT	https://equsto.com/en/shop/market-reyonlari/eq-reyhan-wt-eq2		This operation was aborted
https://equsto.com/en/shop/market-reyonlari/eq-reyhan-wt-eq3	TIMEOUT	TIMEOUT	https://equsto.com/en/shop/market-reyonlari/eq-reyhan-wt-eq3		This operation was aborted
https://equsto.com/en/shop/market-reyonlari/eq-sardunya-gl-eq1	TIMEOUT	TIMEOUT	https://equsto.com/en/shop/market-reyonlari/eq-sardunya-gl-eq1		This operation was aborted
https://equsto.com/en/shop/market-reyonlari/eq-sardunya-gl-eq10	TIMEOUT	TIMEOUT	https://equsto.com/en/shop/market-reyonlari/eq-sardunya-gl-eq10		This operation was aborted
https://equsto.com/en/shop/market-reyonlari/eq-sardunya-gl-eq11	TIMEOUT	TIMEOUT	https://equsto.com/en/shop/market-reyonlari/eq-sardunya-gl-eq11		This operation was aborted
https://equsto.com/en/shop/market-reyonlari/eq-sardunya-gl-eq12	TIMEOUT	TIMEOUT	https://equsto.com/en/shop/market-reyonlari/eq-sardunya-gl-eq12		This operation was aborted
https://equsto.com/en/shop/market-reyonlari/eq-sardunya-gl-eq13	TIMEOUT	TIMEOUT	https://equsto.com/en/shop/market-reyonlari/eq-sardunya-gl-eq13		This operation was aborted
https://equsto.com/en/shop/market-reyonlari/eq-sardunya-gl-eq14	TIMEOUT	TIMEOUT	https://equsto.com/en/shop/market-reyonlari/eq-sardunya-gl-eq14		This operation was aborted
https://equsto.com/en/shop/market-reyonlari/eq-sardunya-gl-eq15	TIMEOUT	TIMEOUT	https://equsto.com/en/shop/market-reyonlari/eq-sardunya-gl-eq15		This operation was aborted
https://equsto.com/en/shop/market-reyonlari/eq-sardunya-gl-eq17	TIMEOUT	TIMEOUT	https://equsto.com/en/shop/market-reyonlari/eq-sardunya-gl-eq17		This operation was aborted
https://equsto.com/en/shop/market-reyonlari/eq-sardunya-gl-eq19	TIMEOUT	TIMEOUT	https://equsto.com/en/shop/market-reyonlari/eq-sardunya-gl-eq19		This operation was aborted
https://equsto.com/en/shop/market-reyonlari/eq-sardunya-gl-eq2	TIMEOUT	TIMEOUT	https://equsto.com/en/shop/market-reyonlari/eq-sardunya-gl-eq2		This operation was aborted
https://equsto.com/en/shop/market-reyonlari/eq-sardunya-gl-eq20	TIMEOUT	TIMEOUT	https://equsto.com/en/shop/market-reyonlari/eq-sardunya-gl-eq20		This operation was aborted
https://equsto.com/en/shop/market-reyonlari/eq-sardunya-gl-eq21	TIMEOUT	TIMEOUT	https://equsto.com/en/shop/market-reyonlari/eq-sardunya-gl-eq21		This operation was aborted
https://equsto.com/en/shop/market-reyonlari/eq-sardunya-gl-eq22	TIMEOUT	TIMEOUT	https://equsto.com/en/shop/market-reyonlari/eq-sardunya-gl-eq22		This operation was aborted
https://equsto.com/en/shop/market-reyonlari/eq-sardunya-gl-eq23	TIMEOUT	TIMEOUT	https://equsto.com/en/shop/market-reyonlari/eq-sardunya-gl-eq23		This operation was aborted
https://equsto.com/en/shop/market-reyonlari/eq-sardunya-gl-eq24	TIMEOUT	TIMEOUT	https://equsto.com/en/shop/market-reyonlari/eq-sardunya-gl-eq24		This operation was aborted
https://equsto.com/en/shop/market-reyonlari/eq-sardunya-gl-eq25	TIMEOUT	TIMEOUT	https://equsto.com/en/shop/market-reyonlari/eq-sardunya-gl-eq25		This operation was aborted
https://equsto.com/en/shop/market-reyonlari/eq-sardunya-gl-eq27	TIMEOUT	TIMEOUT	https://equsto.com/en/shop/market-reyonlari/eq-sardunya-gl-eq27		This operation was aborted
https://equsto.com/en/shop/market-reyonlari/eq-sardunya-gl-eq28	TIMEOUT	TIMEOUT	https://equsto.com/en/shop/market-reyonlari/eq-sardunya-gl-eq28		This operation was aborted
https://equsto.com/en/shop/market-reyonlari/eq-sardunya-gl-eq29	TIMEOUT	TIMEOUT	https://equsto.com/en/shop/market-reyonlari/eq-sardunya-gl-eq29		This operation was aborted
https://equsto.com/en/shop/market-reyonlari/eq-sardunya-gl-eq3	TIMEOUT	TIMEOUT	https://equsto.com/en/shop/market-reyonlari/eq-sardunya-gl-eq3		This operation was aborted
https://equsto.com/en/shop/market-reyonlari/eq-sardunya-gl-eq30	TIMEOUT	TIMEOUT	https://equsto.com/en/shop/market-reyonlari/eq-sardunya-gl-eq30		This operation was aborted
https://equsto.com/en/shop/market-reyonlari/eq-sardunya-gl-eq4	TIMEOUT	TIMEOUT	https://equsto.com/en/shop/market-reyonlari/eq-sardunya-gl-eq4		This operation was aborted
https://equsto.com/en/shop/market-reyonlari/eq-sardunya-gl-eq5	TIMEOUT	TIMEOUT	https://equsto.com/en/shop/market-reyonlari/eq-sardunya-gl-eq5		This operation was aborted
https://equsto.com/en/shop/market-reyonlari/eq-sardunya-gl-eq6	TIMEOUT	TIMEOUT	https://equsto.com/en/shop/market-reyonlari/eq-sardunya-gl-eq6		This operation was aborted
https://equsto.com/en/shop/market-reyonlari/eq-sardunya-gl-eq7	TIMEOUT	TIMEOUT	https://equsto.com/en/shop/market-reyonlari/eq-sardunya-gl-eq7		This operation was aborted
https://equsto.com/en/shop/market-reyonlari/eq-sardunya-gl-eq8	TIMEOUT	TIMEOUT	https://equsto.com/en/shop/market-reyonlari/eq-sardunya-gl-eq8		This operation was aborted
https://equsto.com/en/shop/market-reyonlari/eq-sardunya-gl-eq9	TIMEOUT	TIMEOUT	https://equsto.com/en/shop/market-reyonlari/eq-sardunya-gl-eq9		This operation was aborted
https://equsto.com/en/shop/market-reyonlari/eq-sardunya-lm-eq1	TIMEOUT	TIMEOUT	https://equsto.com/en/shop/market-reyonlari/eq-sardunya-lm-eq1		This operation was aborted
https://equsto.com/en/shop/market-reyonlari/eq-sardunya-lm-eq10	TIMEOUT	TIMEOUT	https://equsto.com/en/shop/market-reyonlari/eq-sardunya-lm-eq10		This operation was aborted
https://equsto.com/en/shop/market-reyonlari/eq-sardunya-lm-eq11	TIMEOUT	TIMEOUT	https://equsto.com/en/shop/market-reyonlari/eq-sardunya-lm-eq11		This operation was aborted
https://equsto.com/en/shop/market-reyonlari/eq-sardunya-lm-eq12	TIMEOUT	TIMEOUT	https://equsto.com/en/shop/market-reyonlari/eq-sardunya-lm-eq12		This operation was aborted
https://equsto.com/en/shop/market-reyonlari/eq-sardunya-lm-eq13	TIMEOUT	TIMEOUT	https://equsto.com/en/shop/market-reyonlari/eq-sardunya-lm-eq13		This operation was aborted
https://equsto.com/en/shop/market-reyonlari/eq-sardunya-lm-eq14	TIMEOUT	TIMEOUT	https://equsto.com/en/shop/market-reyonlari/eq-sardunya-lm-eq14		This operation was aborted
https://equsto.com/en/shop/market-reyonlari/eq-sardunya-lm-eq15	TIMEOUT	TIMEOUT	https://equsto.com/en/shop/market-reyonlari/eq-sardunya-lm-eq15		This operation was aborted
https://equsto.com/en/shop/market-reyonlari/eq-sardunya-lm-eq16	TIMEOUT	TIMEOUT	https://equsto.com/en/shop/market-reyonlari/eq-sardunya-lm-eq16		This operation was aborted
https://equsto.com/en/shop/market-reyonlari/eq-sardunya-lm-eq17	TIMEOUT	TIMEOUT	https://equsto.com/en/shop/market-reyonlari/eq-sardunya-lm-eq17		This operation was aborted
https://equsto.com/en/shop/market-reyonlari/eq-sardunya-lm-eq18	TIMEOUT	TIMEOUT	https://equsto.com/en/shop/market-reyonlari/eq-sardunya-lm-eq18		This operation was aborted
https://equsto.com/en/shop/market-reyonlari/eq-sardunya-lm-eq2	TIMEOUT	TIMEOUT	https://equsto.com/en/shop/market-reyonlari/eq-sardunya-lm-eq2		This operation was aborted
https://equsto.com/en/shop/market-reyonlari/eq-sardunya-lm-eq20	TIMEOUT	TIMEOUT	https://equsto.com/en/shop/market-reyonlari/eq-sardunya-lm-eq20		This operation was aborted
https://equsto.com/en/shop/market-reyonlari/eq-sardunya-lm-eq21	TIMEOUT	TIMEOUT	https://equsto.com/en/shop/market-reyonlari/eq-sardunya-lm-eq21		This operation was aborted
https://equsto.com/en/shop/market-reyonlari/eq-sardunya-lm-eq22	TIMEOUT	TIMEOUT	https://equsto.com/en/shop/market-reyonlari/eq-sardunya-lm-eq22		This operation was aborted
https://equsto.com/en/shop/market-reyonlari/eq-sardunya-lm-eq23	TIMEOUT	TIMEOUT	https://equsto.com/en/shop/market-reyonlari/eq-sardunya-lm-eq23		This operation was aborted
https://equsto.com/en/shop/market-reyonlari/eq-sardunya-lm-eq24	TIMEOUT	TIMEOUT	https://equsto.com/en/shop/market-reyonlari/eq-sardunya-lm-eq24		This operation was aborted
https://equsto.com/en/shop/market-reyonlari/eq-sardunya-lm-eq25	TIMEOUT	TIMEOUT	https://equsto.com/en/shop/market-reyonlari/eq-sardunya-lm-eq25		This operation was aborted
https://equsto.com/en/shop/market-reyonlari/eq-sardunya-lm-eq26	TIMEOUT	TIMEOUT	https://equsto.com/en/shop/market-reyonlari/eq-sardunya-lm-eq26		This operation was aborted
https://equsto.com/en/shop/market-reyonlari/eq-sardunya-lm-eq28	TIMEOUT	TIMEOUT	https://equsto.com/en/shop/market-reyonlari/eq-sardunya-lm-eq28		This operation was aborted
https://equsto.com/en/shop/market-reyonlari/eq-sardunya-lm-eq29	TIMEOUT	TIMEOUT	https://equsto.com/en/shop/market-reyonlari/eq-sardunya-lm-eq29		This operation was aborted
https://equsto.com/en/shop/market-reyonlari/eq-sardunya-lm-eq3	TIMEOUT	TIMEOUT	https://equsto.com/en/shop/market-reyonlari/eq-sardunya-lm-eq3		This operation was aborted
https://equsto.com/en/shop/market-reyonlari/eq-sardunya-lm-eq30	TIMEOUT	TIMEOUT	https://equsto.com/en/shop/market-reyonlari/eq-sardunya-lm-eq30		This operation was aborted
https://equsto.com/en/shop/market-reyonlari/eq-sardunya-lm-eq4	TIMEOUT	TIMEOUT	https://equsto.com/en/shop/market-reyonlari/eq-sardunya-lm-eq4		This operation was aborted
https://equsto.com/en/shop/market-reyonlari/eq-sardunya-lm-eq5	TIMEOUT	TIMEOUT	https://equsto.com/en/shop/market-reyonlari/eq-sardunya-lm-eq5		This operation was aborted
https://equsto.com/en/shop/market-reyonlari/eq-sardunya-lm-eq6	TIMEOUT	TIMEOUT	https://equsto.com/en/shop/market-reyonlari/eq-sardunya-lm-eq6		This operation was aborted
https://equsto.com/en/shop/market-reyonlari/eq-sardunya-lm-eq7	TIMEOUT	TIMEOUT	https://equsto.com/en/shop/market-reyonlari/eq-sardunya-lm-eq7		This operation was aborted
https://equsto.com/en/shop/market-reyonlari/eq-sardunya-lm-eq8	TIMEOUT	TIMEOUT	https://equsto.com/en/shop/market-reyonlari/eq-sardunya-lm-eq8		This operation was aborted
https://equsto.com/en/shop/market-reyonlari/eq-sardunya-lm-eq9	TIMEOUT	TIMEOUT	https://equsto.com/en/shop/market-reyonlari/eq-sardunya-lm-eq9		This operation was aborted
https://equsto.com/en/shop/market-reyonlari/eq-soguk-hava-depolari-eq1	TIMEOUT	TIMEOUT	https://equsto.com/en/shop/market-reyonlari/eq-soguk-hava-depolari-eq1		This operation was aborted
https://equsto.com/en/shop/market-reyonlari/eq-split-uniteler-eq1	TIMEOUT	TIMEOUT	https://equsto.com/en/shop/market-reyonlari/eq-split-uniteler-eq1		This operation was aborted
https://equsto.com/en/shop/market-reyonlari/eq-yasemin-cl-eq1	TIMEOUT	TIMEOUT	https://equsto.com/en/shop/market-reyonlari/eq-yasemin-cl-eq1		This operation was aborted
https://equsto.com/en/shop/market-reyonlari/eq-yasemin-cl-eq2	TIMEOUT	TIMEOUT	https://equsto.com/en/shop/market-reyonlari/eq-yasemin-cl-eq2		This operation was aborted
https://equsto.com/en/shop/market-reyonlari/eq-yasemin-cl-eq4	TIMEOUT	TIMEOUT	https://equsto.com/en/shop/market-reyonlari/eq-yasemin-cl-eq4		This operation was aborted
https://equsto.com/en/shop/market-reyonlari/eq-yasemin-ht-eq1	TIMEOUT	TIMEOUT	https://equsto.com/en/shop/market-reyonlari/eq-yasemin-ht-eq1		This operation was aborted
https://equsto.com/en/shop/market-reyonlari/eq-yasemin-ht-eq2	TIMEOUT	TIMEOUT	https://equsto.com/en/shop/market-reyonlari/eq-yasemin-ht-eq2		This operation was aborted
https://equsto.com/en/shop/market-reyonlari/eq-yasemin-ht-eq3	TIMEOUT	TIMEOUT	https://equsto.com/en/shop/market-reyonlari/eq-yasemin-ht-eq3		This operation was aborted
https://equsto.com/en/shop/market-reyonlari/eq-yasemin-ht-eq4	TIMEOUT	TIMEOUT	https://equsto.com/en/shop/market-reyonlari/eq-yasemin-ht-eq4		This operation was aborted
https://equsto.com/en/shop/market-reyonlari/eq-yasemin-nt-eq1	TIMEOUT	TIMEOUT	https://equsto.com/en/shop/market-reyonlari/eq-yasemin-nt-eq1		This operation was aborted
https://equsto.com/en/shop/market-reyonlari/eq-yasemin-nt-eq2	TIMEOUT	TIMEOUT	https://equsto.com/en/shop/market-reyonlari/eq-yasemin-nt-eq2		This operation was aborted
https://equsto.com/en/shop/market-reyonlari/eq-yasemin-nt-eq3	TIMEOUT	TIMEOUT	https://equsto.com/en/shop/market-reyonlari/eq-yasemin-nt-eq3		This operation was aborted
https://equsto.com/en/shop/market-reyonlari/eq-yasemin-nt-eq4	TIMEOUT	TIMEOUT	https://equsto.com/en/shop/market-reyonlari/eq-yasemin-nt-eq4		This operation was aborted
https://equsto.com/en/shop/market-reyonlari/eq-yasemin-ss-eq1	TIMEOUT	TIMEOUT	https://equsto.com/en/shop/market-reyonlari/eq-yasemin-ss-eq1		This operation was aborted
https://equsto.com/en/shop/market-reyonlari/eq-yasemin-ss-eq2	TIMEOUT	TIMEOUT	https://equsto.com/en/shop/market-reyonlari/eq-yasemin-ss-eq2		This operation was aborted
https://equsto.com/en/shop/market-reyonlari/eq-yasemin-ss-eq3	TIMEOUT	TIMEOUT	https://equsto.com/en/shop/market-reyonlari/eq-yasemin-ss-eq3		This operation was aborted
https://equsto.com/en/shop/market-reyonlari/eq-yasemin-ss-eq4	TIMEOUT	TIMEOUT	https://equsto.com/en/shop/market-reyonlari/eq-yasemin-ss-eq4		This operation was aborted
https://equsto.com/en/shop/market-reyonlari/eq-barracuda-frozen-eq1	TIMEOUT	TIMEOUT	https://equsto.com/en/shop/market-reyonlari/eq-barracuda-frozen-eq1		This operation was aborted
https://equsto.com/en/shop/market-reyonlari/eq-barracuda-frozen-eq2	TIMEOUT	TIMEOUT	https://equsto.com/en/shop/market-reyonlari/eq-barracuda-frozen-eq2		This operation was aborted
https://equsto.com/en/shop/market-reyonlari/eq-barracuda-frozen-eq3	TIMEOUT	TIMEOUT	https://equsto.com/en/shop/market-reyonlari/eq-barracuda-frozen-eq3		This operation was aborted
https://equsto.com/en/shop/market-reyonlari/eq-buffalo-eq1	TIMEOUT	TIMEOUT	https://equsto.com/en/shop/market-reyonlari/eq-buffalo-eq1		This operation was aborted
https://equsto.com/en/shop/market-reyonlari/eq-buffalo-eq2	TIMEOUT	TIMEOUT	https://equsto.com/en/shop/market-reyonlari/eq-buffalo-eq2		This operation was aborted
https://equsto.com/en/shop/market-reyonlari/eq-buffalo-eq3	TIMEOUT	TIMEOUT	https://equsto.com/en/shop/market-reyonlari/eq-buffalo-eq3		This operation was aborted
https://equsto.com/en/shop/market-reyonlari/eq-buffalo-eq4	TIMEOUT	TIMEOUT	https://equsto.com/en/shop/market-reyonlari/eq-buffalo-eq4		This operation was aborted
https://equsto.com/en/shop/market-reyonlari/eq-buffalo-eq5	TIMEOUT	TIMEOUT	https://equsto.com/en/shop/market-reyonlari/eq-buffalo-eq5		This operation was aborted
https://equsto.com/en/shop/market-reyonlari/eq-buffalo-eq6	TIMEOUT	TIMEOUT	https://equsto.com/en/shop/market-reyonlari/eq-buffalo-eq6		This operation was aborted
https://equsto.com/en/shop/market-reyonlari/eq-butterfly-bm-eq3	TIMEOUT	TIMEOUT	https://equsto.com/en/shop/market-reyonlari/eq-butterfly-bm-eq3		This operation was aborted
https://equsto.com/en/shop/market-reyonlari/eq-butterfly-br-eq1	TIMEOUT	TIMEOUT	https://equsto.com/en/shop/market-reyonlari/eq-butterfly-br-eq1		This operation was aborted
https://equsto.com/en/shop/market-reyonlari/eq-butterfly-br-eq2	TIMEOUT	TIMEOUT	https://equsto.com/en/shop/market-reyonlari/eq-butterfly-br-eq2		This operation was aborted
https://equsto.com/en/shop/market-reyonlari/eq-butterfly-cg-pr-pn-ht-eq1	TIMEOUT	TIMEOUT	https://equsto.com/en/shop/market-reyonlari/eq-butterfly-cg-pr-pn-ht-eq1		This operation was aborted
https://equsto.com/en/shop/market-reyonlari/eq-butterfly-cg-pr-pn-ht-eq2	TIMEOUT	TIMEOUT	https://equsto.com/en/shop/market-reyonlari/eq-butterfly-cg-pr-pn-ht-eq2		This operation was aborted
https://equsto.com/en/shop/market-reyonlari/eq-butterfly-cg-pr-pn-ht-eq3	TIMEOUT	TIMEOUT	https://equsto.com/en/shop/market-reyonlari/eq-butterfly-cg-pr-pn-ht-eq3		This operation was aborted
https://equsto.com/en/shop/market-reyonlari/eq-butterfly-cg-pr-pn-ht-eq4	TIMEOUT	TIMEOUT	https://equsto.com/en/shop/market-reyonlari/eq-butterfly-cg-pr-pn-ht-eq4		This operation was aborted
https://equsto.com/en/shop/market-reyonlari/eq-butterfly-cg-pr-pn-ht-eq5	TIMEOUT	TIMEOUT	https://equsto.com/en/shop/market-reyonlari/eq-butterfly-cg-pr-pn-ht-eq5		This operation was aborted
https://equsto.com/en/shop/market-reyonlari/eq-butterfly-cg-pr-pn-ht-eq6	TIMEOUT	TIMEOUT	https://equsto.com/en/shop/market-reyonlari/eq-butterfly-cg-pr-pn-ht-eq6		This operation was aborted
https://equsto.com/en/shop/market-reyonlari/eq-butterfly-cg-pr-pn-ht-eq7	TIMEOUT	TIMEOUT	https://equsto.com/en/shop/market-reyonlari/eq-butterfly-cg-pr-pn-ht-eq7		This operation was aborted
https://equsto.com/en/shop/market-reyonlari/eq-butterfly-cg-pr-pn-ht-eq8	TIMEOUT	TIMEOUT	https://equsto.com/en/shop/market-reyonlari/eq-butterfly-cg-pr-pn-ht-eq8		This operation was aborted
https://equsto.com/en/shop/market-reyonlari/eq-butterfly-cg-pr-pn-ht-eq9	TIMEOUT	TIMEOUT	https://equsto.com/en/shop/market-reyonlari/eq-butterfly-cg-pr-pn-ht-eq9		This operation was aborted
https://equsto.com/en/shop/market-reyonlari/eq-butterfly-dp-eq1	TIMEOUT	TIMEOUT	https://equsto.com/en/shop/market-reyonlari/eq-butterfly-dp-eq1		This operation was aborted
https://equsto.com/en/shop/market-reyonlari/eq-butterfly-dp-eq2	TIMEOUT	TIMEOUT	https://equsto.com/en/shop/market-reyonlari/eq-butterfly-dp-eq2		This operation was aborted
https://equsto.com/en/shop/market-reyonlari/eq-butterfly-dvn-pr-pn-eq1	TIMEOUT	TIMEOUT	https://equsto.com/en/shop/market-reyonlari/eq-butterfly-dvn-pr-pn-eq1		This operation was aborted
https://equsto.com/en/shop/market-reyonlari/eq-butterfly-hp-eq1	TIMEOUT	TIMEOUT	https://equsto.com/en/shop/market-reyonlari/eq-butterfly-hp-eq1		This operation was aborted
https://equsto.com/en/shop/market-reyonlari/eq-butterfly-hp-eq2	TIMEOUT	TIMEOUT	https://equsto.com/en/shop/market-reyonlari/eq-butterfly-hp-eq2		This operation was aborted
https://equsto.com/en/shop/market-reyonlari/eq-butterfly-hp-eq3	TIMEOUT	TIMEOUT	https://equsto.com/en/shop/market-reyonlari/eq-butterfly-hp-eq3		This operation was aborted
https://equsto.com/en/shop/market-reyonlari/eq-butterfly-mft-eq1	TIMEOUT	TIMEOUT	https://equsto.com/en/shop/market-reyonlari/eq-butterfly-mft-eq1		This operation was aborted
https://equsto.com/en/shop/market-reyonlari/eq-butterfly-mft-eq2	TIMEOUT	TIMEOUT	https://equsto.com/en/shop/market-reyonlari/eq-butterfly-mft-eq2		This operation was aborted
https://equsto.com/en/shop/market-reyonlari/eq-butterfly-mft-eq3	TIMEOUT	TIMEOUT	https://equsto.com/en/shop/market-reyonlari/eq-butterfly-mft-eq3		This operation was aborted
https://equsto.com/en/shop/market-reyonlari/eq-butterfly-mft-eq4	TIMEOUT	TIMEOUT	https://equsto.com/en/shop/market-reyonlari/eq-butterfly-mft-eq4		This operation was aborted
https://equsto.com/en/shop/market-reyonlari/eq-butterfly-pr-eq2	TIMEOUT	TIMEOUT	https://equsto.com/en/shop/market-reyonlari/eq-butterfly-pr-eq2		This operation was aborted
https://equsto.com/en/shop/market-reyonlari/eq-butterfly-sb-eq1	TIMEOUT	TIMEOUT	https://equsto.com/en/shop/market-reyonlari/eq-butterfly-sb-eq1		This operation was aborted
https://equsto.com/en/shop/market-reyonlari/eq-butterfly-sb-eq2	TIMEOUT	TIMEOUT	https://equsto.com/en/shop/market-reyonlari/eq-butterfly-sb-eq2		This operation was aborted
https://equsto.com/en/shop/market-reyonlari/eq-butterfly-sb-eq3	TIMEOUT	TIMEOUT	https://equsto.com/en/shop/market-reyonlari/eq-butterfly-sb-eq3		This operation was aborted
https://equsto.com/en/shop/market-reyonlari/eq-butterfly-sp-eq1	TIMEOUT	TIMEOUT	https://equsto.com/en/shop/market-reyonlari/eq-butterfly-sp-eq1		This operation was aborted
https://equsto.com/en/shop/market-reyonlari/eq-butterfly-sp-eq2	TIMEOUT	TIMEOUT	https://equsto.com/en/shop/market-reyonlari/eq-butterfly-sp-eq2		This operation was aborted
https://equsto.com/en/shop/market-reyonlari/eq-butterfly-sp-eq3	TIMEOUT	TIMEOUT	https://equsto.com/en/shop/market-reyonlari/eq-butterfly-sp-eq3		This operation was aborted
https://equsto.com/en/shop/market-reyonlari/eq-butterfly-tk-eq1	TIMEOUT	TIMEOUT	https://equsto.com/en/shop/market-reyonlari/eq-butterfly-tk-eq1		This operation was aborted
https://equsto.com/en/shop/market-reyonlari/eq-cift-rejimli-merkezi-sogutma-eq1	TIMEOUT	TIMEOUT	https://equsto.com/en/shop/market-reyonlari/eq-cift-rejimli-merkezi-sogutma-eq1		This operation was aborted
https://equsto.com/en/shop/market-reyonlari/eq-cobra-eq1	TIMEOUT	TIMEOUT	https://equsto.com/en/shop/market-reyonlari/eq-cobra-eq1		This operation was aborted
https://equsto.com/en/shop/market-reyonlari/eq-cobra-eq2	TIMEOUT	TIMEOUT	https://equsto.com/en/shop/market-reyonlari/eq-cobra-eq2		This operation was aborted
https://equsto.com/en/shop/market-reyonlari/eq-cobra-eq3	TIMEOUT	TIMEOUT	https://equsto.com/en/shop/market-reyonlari/eq-cobra-eq3		This operation was aborted
https://equsto.com/en/shop/market-reyonlari/eq-cobra-eq4	TIMEOUT	TIMEOUT	https://equsto.com/en/shop/market-reyonlari/eq-cobra-eq4		This operation was aborted
https://equsto.com/en/shop/market-reyonlari/eq-cobra-eq5	TIMEOUT	TIMEOUT	https://equsto.com/en/shop/market-reyonlari/eq-cobra-eq5		This operation was aborted
https://equsto.com/en/shop/market-reyonlari/eq-cobra-eq6	TIMEOUT	TIMEOUT	https://equsto.com/en/shop/market-reyonlari/eq-cobra-eq6		This operation was aborted
https://equsto.com/en/shop/market-reyonlari/eq-cobra-eq7	TIMEOUT	TIMEOUT	https://equsto.com/en/shop/market-reyonlari/eq-cobra-eq7		This operation was aborted
https://equsto.com/en/shop/market-reyonlari/eq-cobra-tower-eq1	TIMEOUT	TIMEOUT	https://equsto.com/en/shop/market-reyonlari/eq-cobra-tower-eq1		This operation was aborted
https://equsto.com/en/shop/market-reyonlari/eq-cobra-tower-eq2	TIMEOUT	TIMEOUT	https://equsto.com/en/shop/market-reyonlari/eq-cobra-tower-eq2		This operation was aborted
https://equsto.com/en/shop/market-reyonlari/eq-crab-eq1	TIMEOUT	TIMEOUT	https://equsto.com/en/shop/market-reyonlari/eq-crab-eq1		This operation was aborted
https://equsto.com/en/shop/market-reyonlari/eq-dolphin-is-eq1	TIMEOUT	TIMEOUT	https://equsto.com/en/shop/market-reyonlari/eq-dolphin-is-eq1		This operation was aborted
https://equsto.com/en/shop/market-reyonlari/eq-dolphin-is-eq2	TIMEOUT	TIMEOUT	https://equsto.com/en/shop/market-reyonlari/eq-dolphin-is-eq2		This operation was aborted
https://equsto.com/en/shop/market-reyonlari/eq-dolphin-is-eq3	TIMEOUT	TIMEOUT	https://equsto.com/en/shop/market-reyonlari/eq-dolphin-is-eq3		This operation was aborted
https://equsto.com/en/shop/market-reyonlari/eq-dolphin-wa-eq3	TIMEOUT	TIMEOUT	https://equsto.com/en/shop/market-reyonlari/eq-dolphin-wa-eq3		This operation was aborted
https://equsto.com/en/shop/market-reyonlari/eq-dragon-eq1	TIMEOUT	TIMEOUT	https://equsto.com/en/shop/market-reyonlari/eq-dragon-eq1		This operation was aborted
https://equsto.com/en/shop/market-reyonlari/eq-endu-striyel-sog-utma-sistemi-eq1	TIMEOUT	TIMEOUT	https://equsto.com/en/shop/market-reyonlari/eq-endu-striyel-sog-utma-sistemi-eq1		This operation was aborted
https://equsto.com/en/shop/market-reyonlari/eq-falcon-eq1	TIMEOUT	TIMEOUT	https://equsto.com/en/shop/market-reyonlari/eq-falcon-eq1		This operation was aborted
https://equsto.com/en/shop/market-reyonlari/eq-falcon-eq2	TIMEOUT	TIMEOUT	https://equsto.com/en/shop/market-reyonlari/eq-falcon-eq2		This operation was aborted
https://equsto.com/en/shop/market-reyonlari/eq-falcon-eq3	TIMEOUT	TIMEOUT	https://equsto.com/en/shop/market-reyonlari/eq-falcon-eq3		This operation was aborted
https://equsto.com/en/shop/market-reyonlari/eq-falcon-eq4	TIMEOUT	TIMEOUT	https://equsto.com/en/shop/market-reyonlari/eq-falcon-eq4		This operation was aborted
https://equsto.com/en/shop/market-reyonlari/eq-falcon-eq5	TIMEOUT	TIMEOUT	https://equsto.com/en/shop/market-reyonlari/eq-falcon-eq5		This operation was aborted
https://equsto.com/en/shop/market-reyonlari/eq-falcon-eq6	TIMEOUT	TIMEOUT	https://equsto.com/en/shop/market-reyonlari/eq-falcon-eq6		This operation was aborted
https://equsto.com/en/shop/market-reyonlari/eq-falcon-eq7	TIMEOUT	TIMEOUT	https://equsto.com/en/shop/market-reyonlari/eq-falcon-eq7		This operation was aborted
https://equsto.com/en/shop/market-reyonlari/eq-falcon-eq8	TIMEOUT	TIMEOUT	https://equsto.com/en/shop/market-reyonlari/eq-falcon-eq8		This operation was aborted
https://equsto.com/en/shop/market-reyonlari/eq-falcon-eq9	TIMEOUT	TIMEOUT	https://equsto.com/en/shop/market-reyonlari/eq-falcon-eq9		This operation was aborted
https://equsto.com/en/shop/market-reyonlari/eq-falcon-eq10	TIMEOUT	TIMEOUT	https://equsto.com/en/shop/market-reyonlari/eq-falcon-eq10		This operation was aborted
https://equsto.com/en/shop/market-reyonlari/eq-falcon-eq11	TIMEOUT	TIMEOUT	https://equsto.com/en/shop/market-reyonlari/eq-falcon-eq11		This operation was aborted
https://equsto.com/en/shop/market-reyonlari/eq-falcon-eq12	TIMEOUT	TIMEOUT	https://equsto.com/en/shop/market-reyonlari/eq-falcon-eq12		This operation was aborted
https://equsto.com/en/shop/market-reyonlari/eq-falcon-eq13	TIMEOUT	TIMEOUT	https://equsto.com/en/shop/market-reyonlari/eq-falcon-eq13		This operation was aborted
https://equsto.com/en/shop/market-reyonlari/eq-falcon-eq14	TIMEOUT	TIMEOUT	https://equsto.com/en/shop/market-reyonlari/eq-falcon-eq14		This operation was aborted
https://equsto.com/en/shop/market-reyonlari/eq-falcon-eq15	TIMEOUT	TIMEOUT	https://equsto.com/en/shop/market-reyonlari/eq-falcon-eq15		This operation was aborted
https://equsto.com/en/shop/market-reyonlari/eq-falcon-eq16	TIMEOUT	TIMEOUT	https://equsto.com/en/shop/market-reyonlari/eq-falcon-eq16		This operation was aborted
https://equsto.com/en/shop/market-reyonlari/eq-falcon-eq17	TIMEOUT	TIMEOUT	https://equsto.com/en/shop/market-reyonlari/eq-falcon-eq17		This operation was aborted
https://equsto.com/en/shop/market-reyonlari/eq-falcon-eq18	TIMEOUT	TIMEOUT	https://equsto.com/en/shop/market-reyonlari/eq-falcon-eq18		This operation was aborted
https://equsto.com/en/shop/market-reyonlari/eq-falcon-eq19	TIMEOUT	TIMEOUT	https://equsto.com/en/shop/market-reyonlari/eq-falcon-eq19		This operation was aborted
https://equsto.com/en/shop/market-reyonlari/eq-falcon-eq21	TIMEOUT	TIMEOUT	https://equsto.com/en/shop/market-reyonlari/eq-falcon-eq21		This operation was aborted
https://equsto.com/en/shop/market-reyonlari/eq-falcon-eq23	TIMEOUT	TIMEOUT	https://equsto.com/en/shop/market-reyonlari/eq-falcon-eq23		This operation was aborted
https://equsto.com/en/shop/market-reyonlari/eq-falcon-eq24	TIMEOUT	TIMEOUT	https://equsto.com/en/shop/market-reyonlari/eq-falcon-eq24		This operation was aborted
https://equsto.com/en/shop/market-reyonlari/eq-falcon-eq25	TIMEOUT	TIMEOUT	https://equsto.com/en/shop/market-reyonlari/eq-falcon-eq25		This operation was aborted
https://equsto.com/en/shop/market-reyonlari/eq-falcon-eq26	TIMEOUT	TIMEOUT	https://equsto.com/en/shop/market-reyonlari/eq-falcon-eq26		This operation was aborted
https://equsto.com/en/shop/market-reyonlari/eq-falcon-eq27	TIMEOUT	TIMEOUT	https://equsto.com/en/shop/market-reyonlari/eq-falcon-eq27		This operation was aborted
https://equsto.com/en/shop/market-reyonlari/eq-falcon-eq28	TIMEOUT	TIMEOUT	https://equsto.com/en/shop/market-reyonlari/eq-falcon-eq28		This operation was aborted
https://equsto.com/en/shop/market-reyonlari/eq-falcon-eq29	TIMEOUT	TIMEOUT	https://equsto.com/en/shop/market-reyonlari/eq-falcon-eq29		This operation was aborted
https://equsto.com/en/shop/market-reyonlari/eq-falcon-eq30	TIMEOUT	TIMEOUT	https://equsto.com/en/shop/market-reyonlari/eq-falcon-eq30		This operation was aborted
https://equsto.com/en/shop/market-reyonlari/eq-falcon-eq31	TIMEOUT	TIMEOUT	https://equsto.com/en/shop/market-reyonlari/eq-falcon-eq31		This operation was aborted
https://equsto.com/en/shop/market-reyonlari/eq-falcon-eq32	TIMEOUT	TIMEOUT	https://equsto.com/en/shop/market-reyonlari/eq-falcon-eq32		This operation was aborted
https://equsto.com/en/shop/market-reyonlari/eq-falcon-eq33	TIMEOUT	TIMEOUT	https://equsto.com/en/shop/market-reyonlari/eq-falcon-eq33		This operation was aborted
https://equsto.com/en/shop/market-reyonlari/eq-falcon-eq34	TIMEOUT	TIMEOUT	https://equsto.com/en/shop/market-reyonlari/eq-falcon-eq34		This operation was aborted
https://equsto.com/en/shop/market-reyonlari/eq-falcon-eq35	TIMEOUT	TIMEOUT	https://equsto.com/en/shop/market-reyonlari/eq-falcon-eq35		This operation was aborted
https://equsto.com/en/shop/market-reyonlari/eq-falcon-eq36	TIMEOUT	TIMEOUT	https://equsto.com/en/shop/market-reyonlari/eq-falcon-eq36		This operation was aborted
https://equsto.com/en/shop/market-reyonlari/eq-falcon-eq37	TIMEOUT	TIMEOUT	https://equsto.com/en/shop/market-reyonlari/eq-falcon-eq37		This operation was aborted
https://equsto.com/en/shop/market-reyonlari/eq-falcon-eq38	TIMEOUT	TIMEOUT	https://equsto.com/en/shop/market-reyonlari/eq-falcon-eq38		This operation was aborted
https://equsto.com/en/shop/market-reyonlari/eq-falcon-eq39	TIMEOUT	TIMEOUT	https://equsto.com/en/shop/market-reyonlari/eq-falcon-eq39		This operation was aborted
https://equsto.com/en/shop/market-reyonlari/eq-falcon-eq40	TIMEOUT	TIMEOUT	https://equsto.com/en/shop/market-reyonlari/eq-falcon-eq40		This operation was aborted
https://equsto.com/en/shop/market-reyonlari/eq-falcon-eq41	TIMEOUT	TIMEOUT	https://equsto.com/en/shop/market-reyonlari/eq-falcon-eq41		This operation was aborted
https://equsto.com/en/shop/market-reyonlari/eq-falcon-eq42	TIMEOUT	TIMEOUT	https://equsto.com/en/shop/market-reyonlari/eq-falcon-eq42		This operation was aborted
https://equsto.com/en/shop/market-reyonlari/eq-falcon-eq45	TIMEOUT	TIMEOUT	https://equsto.com/en/shop/market-reyonlari/eq-falcon-eq45		This operation was aborted
https://equsto.com/en/shop/market-reyonlari/eq-falcon-eq46	TIMEOUT	TIMEOUT	https://equsto.com/en/shop/market-reyonlari/eq-falcon-eq46		This operation was aborted
https://equsto.com/en/shop/market-reyonlari/eq-falcon-eq48	TIMEOUT	TIMEOUT	https://equsto.com/en/shop/market-reyonlari/eq-falcon-eq48		This operation was aborted
https://equsto.com/en/shop/market-reyonlari/eq-falcon-eq49	TIMEOUT	TIMEOUT	https://equsto.com/en/shop/market-reyonlari/eq-falcon-eq49		This operation was aborted
https://equsto.com/en/shop/market-reyonlari/eq-falcon-eq50	TIMEOUT	TIMEOUT	https://equsto.com/en/shop/market-reyonlari/eq-falcon-eq50		This operation was aborted
https://equsto.com/en/shop/market-reyonlari/eq-falcon-eq51	TIMEOUT	TIMEOUT	https://equsto.com/en/shop/market-reyonlari/eq-falcon-eq51		This operation was aborted
https://equsto.com/en/shop/market-reyonlari/eq-falcon-eq52	TIMEOUT	TIMEOUT	https://equsto.com/en/shop/market-reyonlari/eq-falcon-eq52		This operation was aborted
https://equsto.com/en/shop/market-reyonlari/eq-falcon-eq53	TIMEOUT	TIMEOUT	https://equsto.com/en/shop/market-reyonlari/eq-falcon-eq53		This operation was aborted
https://equsto.com/en/shop/market-reyonlari/eq-falcon-eq54	TIMEOUT	TIMEOUT	https://equsto.com/en/shop/market-reyonlari/eq-falcon-eq54		This operation was aborted
https://equsto.com/en/shop/market-reyonlari/eq-falcon-eq55	TIMEOUT	TIMEOUT	https://equsto.com/en/shop/market-reyonlari/eq-falcon-eq55		This operation was aborted
https://equsto.com/en/shop/market-reyonlari/eq-falcon-eq56	TIMEOUT	TIMEOUT	https://equsto.com/en/shop/market-reyonlari/eq-falcon-eq56		This operation was aborted
https://equsto.com/en/shop/market-reyonlari/eq-falcon-eq57	TIMEOUT	TIMEOUT	https://equsto.com/en/shop/market-reyonlari/eq-falcon-eq57		This operation was aborted
https://equsto.com/en/shop/market-reyonlari/eq-falcon-eq58	TIMEOUT	TIMEOUT	https://equsto.com/en/shop/market-reyonlari/eq-falcon-eq58		This operation was aborted
https://equsto.com/en/shop/market-reyonlari/eq-falcon-eq59	TIMEOUT	TIMEOUT	https://equsto.com/en/shop/market-reyonlari/eq-falcon-eq59		This operation was aborted
https://equsto.com/en/shop/market-reyonlari/eq-falcon-eq60	TIMEOUT	TIMEOUT	https://equsto.com/en/shop/market-reyonlari/eq-falcon-eq60		This operation was aborted
https://equsto.com/en/shop/market-reyonlari/eq-falcon-eq61	TIMEOUT	TIMEOUT	https://equsto.com/en/shop/market-reyonlari/eq-falcon-eq61		This operation was aborted
https://equsto.com/en/shop/market-reyonlari/eq-falcon-eq62	TIMEOUT	TIMEOUT	https://equsto.com/en/shop/market-reyonlari/eq-falcon-eq62		This operation was aborted
https://equsto.com/en/shop/market-reyonlari/eq-falcon-eq63	TIMEOUT	TIMEOUT	https://equsto.com/en/shop/market-reyonlari/eq-falcon-eq63		This operation was aborted
https://equsto.com/en/shop/market-reyonlari/eq-falcon-eq64	TIMEOUT	TIMEOUT	https://equsto.com/en/shop/market-reyonlari/eq-falcon-eq64		This operation was aborted
https://equsto.com/en/shop/market-reyonlari/eq-falcon-eq65	TIMEOUT	TIMEOUT	https://equsto.com/en/shop/market-reyonlari/eq-falcon-eq65		This operation was aborted
https://equsto.com/en/shop/market-reyonlari/eq-falcon-eq66	TIMEOUT	TIMEOUT	https://equsto.com/en/shop/market-reyonlari/eq-falcon-eq66		This operation was aborted
https://equsto.com/en/shop/market-reyonlari/eq-falcon-eq69	TIMEOUT	TIMEOUT	https://equsto.com/en/shop/market-reyonlari/eq-falcon-eq69		This operation was aborted
https://equsto.com/en/shop/market-reyonlari/eq-falcon-eq72	TIMEOUT	TIMEOUT	https://equsto.com/en/shop/market-reyonlari/eq-falcon-eq72		This operation was aborted
https://equsto.com/en/shop/market-reyonlari/eq-falcon-eq73	TIMEOUT	TIMEOUT	https://equsto.com/en/shop/market-reyonlari/eq-falcon-eq73		This operation was aborted
https://equsto.com/en/shop/market-reyonlari/eq-falcon-eq74	TIMEOUT	TIMEOUT	https://equsto.com/en/shop/market-reyonlari/eq-falcon-eq74		This operation was aborted
https://equsto.com/en/shop/market-reyonlari/eq-falcon-eq75	TIMEOUT	TIMEOUT	https://equsto.com/en/shop/market-reyonlari/eq-falcon-eq75		This operation was aborted
https://equsto.com/en/shop/market-reyonlari/eq-falcon-eq76	TIMEOUT	TIMEOUT	https://equsto.com/en/shop/market-reyonlari/eq-falcon-eq76		This operation was aborted
https://equsto.com/en/shop/market-reyonlari/eq-falcon-eq77	TIMEOUT	TIMEOUT	https://equsto.com/en/shop/market-reyonlari/eq-falcon-eq77		This operation was aborted
https://equsto.com/en/shop/market-reyonlari/eq-falcon-eq78	TIMEOUT	TIMEOUT	https://equsto.com/en/shop/market-reyonlari/eq-falcon-eq78		This operation was aborted
https://equsto.com/en/shop/market-reyonlari/eq-falcon-eq79	TIMEOUT	TIMEOUT	https://equsto.com/en/shop/market-reyonlari/eq-falcon-eq79		This operation was aborted
https://equsto.com/en/shop/market-reyonlari/eq-falcon-eq80	TIMEOUT	TIMEOUT	https://equsto.com/en/shop/market-reyonlari/eq-falcon-eq80		This operation was aborted
https://equsto.com/en/shop/market-reyonlari/eq-falcon-eq81	TIMEOUT	TIMEOUT	https://equsto.com/en/shop/market-reyonlari/eq-falcon-eq81		This operation was aborted
https://equsto.com/en/shop/market-reyonlari/eq-falcon-eq82	TIMEOUT	TIMEOUT	https://equsto.com/en/shop/market-reyonlari/eq-falcon-eq82		This operation was aborted
https://equsto.com/en/shop/market-reyonlari/eq-falcon-eq83	TIMEOUT	TIMEOUT	https://equsto.com/en/shop/market-reyonlari/eq-falcon-eq83		This operation was aborted
https://equsto.com/en/shop/market-reyonlari/eq-falcon-eq84	TIMEOUT	TIMEOUT	https://equsto.com/en/shop/market-reyonlari/eq-falcon-eq84		This operation was aborted
https://equsto.com/en/shop/market-reyonlari/eq-falcon-eq85	TIMEOUT	TIMEOUT	https://equsto.com/en/shop/market-reyonlari/eq-falcon-eq85		This operation was aborted
https://equsto.com/en/shop/market-reyonlari/eq-falcon-eq86	TIMEOUT	TIMEOUT	https://equsto.com/en/shop/market-reyonlari/eq-falcon-eq86		This operation was aborted
https://equsto.com/en/shop/market-reyonlari/eq-falcon-eq87	TIMEOUT	TIMEOUT	https://equsto.com/en/shop/market-reyonlari/eq-falcon-eq87		This operation was aborted
https://equsto.com/en/shop/market-reyonlari/eq-falcon-eq89	TIMEOUT	TIMEOUT	https://equsto.com/en/shop/market-reyonlari/eq-falcon-eq89		This operation was aborted
https://equsto.com/en/shop/market-reyonlari/eq-falcon-eq90	TIMEOUT	TIMEOUT	https://equsto.com/en/shop/market-reyonlari/eq-falcon-eq90		This operation was aborted
https://equsto.com/en/shop/market-reyonlari/eq-falcon-eq91	TIMEOUT	TIMEOUT	https://equsto.com/en/shop/market-reyonlari/eq-falcon-eq91		This operation was aborted
https://equsto.com/en/shop/market-reyonlari/eq-falcon-eq92	TIMEOUT	TIMEOUT	https://equsto.com/en/shop/market-reyonlari/eq-falcon-eq92		This operation was aborted
https://equsto.com/en/shop/market-reyonlari/eq-falcon-eq93	TIMEOUT	TIMEOUT	https://equsto.com/en/shop/market-reyonlari/eq-falcon-eq93		This operation was aborted
https://equsto.com/en/shop/market-reyonlari/eq-falcon-eq94	TIMEOUT	TIMEOUT	https://equsto.com/en/shop/market-reyonlari/eq-falcon-eq94		This operation was aborted
https://equsto.com/en/shop/market-reyonlari/eq-falcon-eq95	TIMEOUT	TIMEOUT	https://equsto.com/en/shop/market-reyonlari/eq-falcon-eq95		This operation was aborted
https://equsto.com/en/shop/market-reyonlari/eq-falcon-eq96	TIMEOUT	TIMEOUT	https://equsto.com/en/shop/market-reyonlari/eq-falcon-eq96		This operation was aborted
https://equsto.com/en/shop/market-reyonlari/eq-falcon-eq97	TIMEOUT	TIMEOUT	https://equsto.com/en/shop/market-reyonlari/eq-falcon-eq97		This operation was aborted
https://equsto.com/en/shop/market-reyonlari/eq-falcon-eq98	TIMEOUT	TIMEOUT	https://equsto.com/en/shop/market-reyonlari/eq-falcon-eq98		This operation was aborted
https://equsto.com/en/shop/market-reyonlari/eq-falcon-eq99	TIMEOUT	TIMEOUT	https://equsto.com/en/shop/market-reyonlari/eq-falcon-eq99		This operation was aborted
https://equsto.com/en/shop/market-reyonlari/eq-falcon-eq100	TIMEOUT	TIMEOUT	https://equsto.com/en/shop/market-reyonlari/eq-falcon-eq100		This operation was aborted
https://equsto.com/en/shop/market-reyonlari/eq-falcon-eq101	TIMEOUT	TIMEOUT	https://equsto.com/en/shop/market-reyonlari/eq-falcon-eq101		This operation was aborted
https://equsto.com/en/shop/market-reyonlari/eq-falcon-eq102	TIMEOUT	TIMEOUT	https://equsto.com/en/shop/market-reyonlari/eq-falcon-eq102		This operation was aborted
https://equsto.com/en/shop/market-reyonlari/eq-falcon-eq103	TIMEOUT	TIMEOUT	https://equsto.com/en/shop/market-reyonlari/eq-falcon-eq103		This operation was aborted
https://equsto.com/en/shop/market-reyonlari/eq-falcon-eq104	TIMEOUT	TIMEOUT	https://equsto.com/en/shop/market-reyonlari/eq-falcon-eq104		This operation was aborted
https://equsto.com/en/shop/market-reyonlari/eq-falcon-eq105	TIMEOUT	TIMEOUT	https://equsto.com/en/shop/market-reyonlari/eq-falcon-eq105		This operation was aborted
https://equsto.com/en/shop/market-reyonlari/eq-falcon-eq106	TIMEOUT	TIMEOUT	https://equsto.com/en/shop/market-reyonlari/eq-falcon-eq106		This operation was aborted
https://equsto.com/en/shop/market-reyonlari/eq-falcon-eq107	TIMEOUT	TIMEOUT	https://equsto.com/en/shop/market-reyonlari/eq-falcon-eq107		This operation was aborted
https://equsto.com/en/shop/market-reyonlari/eq-falcon-eq108	TIMEOUT	TIMEOUT	https://equsto.com/en/shop/market-reyonlari/eq-falcon-eq108		This operation was aborted
https://equsto.com/en/shop/market-reyonlari/eq-falcon-eq109	TIMEOUT	TIMEOUT	https://equsto.com/en/shop/market-reyonlari/eq-falcon-eq109		This operation was aborted
https://equsto.com/en/shop/market-reyonlari/eq-falcon-eq110	TIMEOUT	TIMEOUT	https://equsto.com/en/shop/market-reyonlari/eq-falcon-eq110		This operation was aborted
https://equsto.com/en/shop/market-reyonlari/eq-falcon-eq111	TIMEOUT	TIMEOUT	https://equsto.com/en/shop/market-reyonlari/eq-falcon-eq111		This operation was aborted
https://equsto.com/en/shop/market-reyonlari/eq-falcon-eq112	TIMEOUT	TIMEOUT	https://equsto.com/en/shop/market-reyonlari/eq-falcon-eq112		This operation was aborted
https://equsto.com/en/shop/market-reyonlari/eq-falcon-eq113	TIMEOUT	TIMEOUT	https://equsto.com/en/shop/market-reyonlari/eq-falcon-eq113		This operation was aborted
https://equsto.com/en/shop/market-reyonlari/eq-falcon-eq114	TIMEOUT	TIMEOUT	https://equsto.com/en/shop/market-reyonlari/eq-falcon-eq114		This operation was aborted
https://equsto.com/en/shop/market-reyonlari/eq-falcon-eq115	TIMEOUT	TIMEOUT	https://equsto.com/en/shop/market-reyonlari/eq-falcon-eq115		This operation was aborted
https://equsto.com/en/shop/market-reyonlari/eq-falcon-eq116	TIMEOUT	TIMEOUT	https://equsto.com/en/shop/market-reyonlari/eq-falcon-eq116		This operation was aborted
https://equsto.com/en/shop/market-reyonlari/eq-falcon-eq117	TIMEOUT	TIMEOUT	https://equsto.com/en/shop/market-reyonlari/eq-falcon-eq117		This operation was aborted
https://equsto.com/en/shop/market-reyonlari/eq-falcon-eq118	TIMEOUT	TIMEOUT	https://equsto.com/en/shop/market-reyonlari/eq-falcon-eq118		This operation was aborted
https://equsto.com/en/shop/market-reyonlari/eq-falcon-eq119	TIMEOUT	TIMEOUT	https://equsto.com/en/shop/market-reyonlari/eq-falcon-eq119		This operation was aborted
https://equsto.com/en/shop/market-reyonlari/eq-falcon-eq120	TIMEOUT	TIMEOUT	https://equsto.com/en/shop/market-reyonlari/eq-falcon-eq120		This operation was aborted
https://equsto.com/en/shop/market-reyonlari/eq-falcon-eq121	TIMEOUT	TIMEOUT	https://equsto.com/en/shop/market-reyonlari/eq-falcon-eq121		This operation was aborted
https://equsto.com/en/shop/market-reyonlari/eq-falcon-eq124	TIMEOUT	TIMEOUT	https://equsto.com/en/shop/market-reyonlari/eq-falcon-eq124		This operation was aborted
https://equsto.com/en/shop/market-reyonlari/eq-falcon-eq125	TIMEOUT	TIMEOUT	https://equsto.com/en/shop/market-reyonlari/eq-falcon-eq125		This operation was aborted
https://equsto.com/en/shop/market-reyonlari/eq-falcon-eq126	TIMEOUT	TIMEOUT	https://equsto.com/en/shop/market-reyonlari/eq-falcon-eq126		This operation was aborted
https://equsto.com/en/shop/market-reyonlari/eq-falcon-eq127	TIMEOUT	TIMEOUT	https://equsto.com/en/shop/market-reyonlari/eq-falcon-eq127		This operation was aborted
https://equsto.com/en/shop/market-reyonlari/eq-falcon-eq128	TIMEOUT	TIMEOUT	https://equsto.com/en/shop/market-reyonlari/eq-falcon-eq128		This operation was aborted
https://equsto.com/en/shop/market-reyonlari/eq-falcon-eq129	TIMEOUT	TIMEOUT	https://equsto.com/en/shop/market-reyonlari/eq-falcon-eq129		This operation was aborted
https://equsto.com/en/shop/market-reyonlari/eq-falcon-eq130	TIMEOUT	TIMEOUT	https://equsto.com/en/shop/market-reyonlari/eq-falcon-eq130		This operation was aborted
https://equsto.com/en/shop/market-reyonlari/eq-falcon-eq131	TIMEOUT	TIMEOUT	https://equsto.com/en/shop/market-reyonlari/eq-falcon-eq131		This operation was aborted
https://equsto.com/en/shop/market-reyonlari/eq-falcon-eq132	TIMEOUT	TIMEOUT	https://equsto.com/en/shop/market-reyonlari/eq-falcon-eq132		This operation was aborted
https://equsto.com/en/shop/market-reyonlari/eq-falcon-eq133	TIMEOUT	TIMEOUT	https://equsto.com/en/shop/market-reyonlari/eq-falcon-eq133		This operation was aborted
https://equsto.com/en/shop/market-reyonlari/eq-falcon-eq134	TIMEOUT	TIMEOUT	https://equsto.com/en/shop/market-reyonlari/eq-falcon-eq134		This operation was aborted
https://equsto.com/en/shop/market-reyonlari/eq-falcon-eq135	TIMEOUT	TIMEOUT	https://equsto.com/en/shop/market-reyonlari/eq-falcon-eq135		This operation was aborted
https://equsto.com/en/shop/market-reyonlari/eq-falcon-eq136	TIMEOUT	TIMEOUT	https://equsto.com/en/shop/market-reyonlari/eq-falcon-eq136		This operation was aborted
https://equsto.com/en/shop/market-reyonlari/eq-falcon-eq137	TIMEOUT	TIMEOUT	https://equsto.com/en/shop/market-reyonlari/eq-falcon-eq137		This operation was aborted
https://equsto.com/en/shop/market-reyonlari/eq-falcon-eq138	TIMEOUT	TIMEOUT	https://equsto.com/en/shop/market-reyonlari/eq-falcon-eq138		This operation was aborted
https://equsto.com/en/shop/market-reyonlari/eq-falcon-eq139	TIMEOUT	TIMEOUT	https://equsto.com/en/shop/market-reyonlari/eq-falcon-eq139		This operation was aborted
https://equsto.com/en/shop/market-reyonlari/eq-falcon-eq140	TIMEOUT	TIMEOUT	https://equsto.com/en/shop/market-reyonlari/eq-falcon-eq140		This operation was aborted
https://equsto.com/en/shop/market-reyonlari/eq-falcon-eq141	TIMEOUT	TIMEOUT	https://equsto.com/en/shop/market-reyonlari/eq-falcon-eq141		This operation was aborted
https://equsto.com/en/shop/market-reyonlari/eq-falcon-eq142	TIMEOUT	TIMEOUT	https://equsto.com/en/shop/market-reyonlari/eq-falcon-eq142		This operation was aborted
https://equsto.com/en/shop/market-reyonlari/eq-falcon-eq143	TIMEOUT	TIMEOUT	https://equsto.com/en/shop/market-reyonlari/eq-falcon-eq143		This operation was aborted
https://equsto.com/en/shop/market-reyonlari/eq-falcon-eq144	TIMEOUT	TIMEOUT	https://equsto.com/en/shop/market-reyonlari/eq-falcon-eq144		This operation was aborted
https://equsto.com/en/shop/market-reyonlari/eq-falcon-eq145	TIMEOUT	TIMEOUT	https://equsto.com/en/shop/market-reyonlari/eq-falcon-eq145		This operation was aborted
https://equsto.com/en/shop/market-reyonlari/eq-falcon-eq146	TIMEOUT	TIMEOUT	https://equsto.com/en/shop/market-reyonlari/eq-falcon-eq146		This operation was aborted
https://equsto.com/en/shop/market-reyonlari/eq-falcon-eq148	TIMEOUT	TIMEOUT	https://equsto.com/en/shop/market-reyonlari/eq-falcon-eq148		This operation was aborted
https://equsto.com/en/shop/market-reyonlari/eq-falcon-eq149	TIMEOUT	TIMEOUT	https://equsto.com/en/shop/market-reyonlari/eq-falcon-eq149		This operation was aborted
https://equsto.com/en/shop/market-reyonlari/eq-falcon-eq150	TIMEOUT	TIMEOUT	https://equsto.com/en/shop/market-reyonlari/eq-falcon-eq150		This operation was aborted
https://equsto.com/en/shop/market-reyonlari/eq-falcon-eq151	TIMEOUT	TIMEOUT	https://equsto.com/en/shop/market-reyonlari/eq-falcon-eq151		This operation was aborted
https://equsto.com/en/shop/market-reyonlari/eq-falcon-eq152	TIMEOUT	TIMEOUT	https://equsto.com/en/shop/market-reyonlari/eq-falcon-eq152		This operation was aborted
https://equsto.com/en/shop/market-reyonlari/eq-falcon-eq153	TIMEOUT	TIMEOUT	https://equsto.com/en/shop/market-reyonlari/eq-falcon-eq153		This operation was aborted
https://equsto.com/en/shop/market-reyonlari/eq-falcon-eq154	TIMEOUT	TIMEOUT	https://equsto.com/en/shop/market-reyonlari/eq-falcon-eq154		This operation was aborted
https://equsto.com/en/shop/market-reyonlari/eq-falcon-eq155	TIMEOUT	TIMEOUT	https://equsto.com/en/shop/market-reyonlari/eq-falcon-eq155		This operation was aborted
https://equsto.com/en/shop/market-reyonlari/eq-falcon-eq156	TIMEOUT	TIMEOUT	https://equsto.com/en/shop/market-reyonlari/eq-falcon-eq156		This operation was aborted
https://equsto.com/en/shop/market-reyonlari/eq-falcon-eq157	TIMEOUT	TIMEOUT	https://equsto.com/en/shop/market-reyonlari/eq-falcon-eq157		This operation was aborted
https://equsto.com/en/shop/market-reyonlari/eq-falcon-eq158	TIMEOUT	TIMEOUT	https://equsto.com/en/shop/market-reyonlari/eq-falcon-eq158		This operation was aborted
https://equsto.com/en/shop/market-reyonlari/eq-falcon-eq159	TIMEOUT	TIMEOUT	https://equsto.com/en/shop/market-reyonlari/eq-falcon-eq159		This operation was aborted
https://equsto.com/en/shop/market-reyonlari/eq-falcon-eq160	TIMEOUT	TIMEOUT	https://equsto.com/en/shop/market-reyonlari/eq-falcon-eq160		This operation was aborted
https://equsto.com/en/shop/market-reyonlari/eq-falcon-eq161	TIMEOUT	TIMEOUT	https://equsto.com/en/shop/market-reyonlari/eq-falcon-eq161		This operation was aborted
https://equsto.com/en/shop/market-reyonlari/eq-falcon-eq162	TIMEOUT	TIMEOUT	https://equsto.com/en/shop/market-reyonlari/eq-falcon-eq162		This operation was aborted
https://equsto.com/en/shop/market-reyonlari/eq-falcon-eq163	TIMEOUT	TIMEOUT	https://equsto.com/en/shop/market-reyonlari/eq-falcon-eq163		This operation was aborted
https://equsto.com/en/shop/market-reyonlari/eq-falcon-eq164	TIMEOUT	TIMEOUT	https://equsto.com/en/shop/market-reyonlari/eq-falcon-eq164		This operation was aborted
https://equsto.com/en/shop/market-reyonlari/eq-falcon-eq165	TIMEOUT	TIMEOUT	https://equsto.com/en/shop/market-reyonlari/eq-falcon-eq165		This operation was aborted
https://equsto.com/en/shop/market-reyonlari/eq-falcon-eq166	TIMEOUT	TIMEOUT	https://equsto.com/en/shop/market-reyonlari/eq-falcon-eq166		This operation was aborted
https://equsto.com/en/shop/market-reyonlari/eq-falcon-eq167	TIMEOUT	TIMEOUT	https://equsto.com/en/shop/market-reyonlari/eq-falcon-eq167		This operation was aborted
https://equsto.com/en/shop/market-reyonlari/eq-falcon-eq168	TIMEOUT	TIMEOUT	https://equsto.com/en/shop/market-reyonlari/eq-falcon-eq168		This operation was aborted
https://equsto.com/en/shop/market-reyonlari/eq-falcon-eq169	TIMEOUT	TIMEOUT	https://equsto.com/en/shop/market-reyonlari/eq-falcon-eq169		This operation was aborted
https://equsto.com/en/shop/market-reyonlari/eq-falcon-eq170	TIMEOUT	TIMEOUT	https://equsto.com/en/shop/market-reyonlari/eq-falcon-eq170		This operation was aborted
https://equsto.com/en/shop/market-reyonlari/eq-falcon-eq171	TIMEOUT	TIMEOUT	https://equsto.com/en/shop/market-reyonlari/eq-falcon-eq171		This operation was aborted
https://equsto.com/en/shop/market-reyonlari/eq-falcon-eq174	TIMEOUT	TIMEOUT	https://equsto.com/en/shop/market-reyonlari/eq-falcon-eq174		This operation was aborted
https://equsto.com/en/shop/market-reyonlari/eq-falcon-eq175	TIMEOUT	TIMEOUT	https://equsto.com/en/shop/market-reyonlari/eq-falcon-eq175		This operation was aborted
https://equsto.com/en/shop/market-reyonlari/eq-falcon-eq176	TIMEOUT	TIMEOUT	https://equsto.com/en/shop/market-reyonlari/eq-falcon-eq176		This operation was aborted
https://equsto.com/en/shop/market-reyonlari/eq-falcon-eq177	TIMEOUT	TIMEOUT	https://equsto.com/en/shop/market-reyonlari/eq-falcon-eq177		This operation was aborted
https://equsto.com/en/shop/market-reyonlari/eq-falcon-eq178	TIMEOUT	TIMEOUT	https://equsto.com/en/shop/market-reyonlari/eq-falcon-eq178		This operation was aborted
https://equsto.com/en/shop/market-reyonlari/eq-falcon-eq179	TIMEOUT	TIMEOUT	https://equsto.com/en/shop/market-reyonlari/eq-falcon-eq179		This operation was aborted
https://equsto.com/en/shop/market-reyonlari/eq-falcon-eq180	TIMEOUT	TIMEOUT	https://equsto.com/en/shop/market-reyonlari/eq-falcon-eq180		This operation was aborted
https://equsto.com/en/shop/market-reyonlari/eq-falcon-eq181	TIMEOUT	TIMEOUT	https://equsto.com/en/shop/market-reyonlari/eq-falcon-eq181		This operation was aborted
https://equsto.com/en/shop/market-reyonlari/eq-falcon-eq182	TIMEOUT	TIMEOUT	https://equsto.com/en/shop/market-reyonlari/eq-falcon-eq182		This operation was aborted
https://equsto.com/en/shop/market-reyonlari/eq-falcon-eq183	TIMEOUT	TIMEOUT	https://equsto.com/en/shop/market-reyonlari/eq-falcon-eq183		This operation was aborted
https://equsto.com/en/shop/market-reyonlari/eq-falcon-eq184	TIMEOUT	TIMEOUT	https://equsto.com/en/shop/market-reyonlari/eq-falcon-eq184		This operation was aborted
https://equsto.com/en/shop/market-reyonlari/eq-falcon-eq185	TIMEOUT	TIMEOUT	https://equsto.com/en/shop/market-reyonlari/eq-falcon-eq185		This operation was aborted
https://equsto.com/en/shop/market-reyonlari/eq-falcon-eq186	TIMEOUT	TIMEOUT	https://equsto.com/en/shop/market-reyonlari/eq-falcon-eq186		This operation was aborted
https://equsto.com/en/shop/market-reyonlari/eq-falcon-eq187	TIMEOUT	TIMEOUT	https://equsto.com/en/shop/market-reyonlari/eq-falcon-eq187		This operation was aborted
https://equsto.com/en/shop/market-reyonlari/eq-falcon-eq188	TIMEOUT	TIMEOUT	https://equsto.com/en/shop/market-reyonlari/eq-falcon-eq188		This operation was aborted
https://equsto.com/en/shop/market-reyonlari/eq-falcon-eq189	TIMEOUT	TIMEOUT	https://equsto.com/en/shop/market-reyonlari/eq-falcon-eq189		This operation was aborted
https://equsto.com/en/shop/market-reyonlari/eq-falcon-eq190	TIMEOUT	TIMEOUT	https://equsto.com/en/shop/market-reyonlari/eq-falcon-eq190		This operation was aborted
https://equsto.com/en/shop/market-reyonlari/eq-falcon-eq191	TIMEOUT	TIMEOUT	https://equsto.com/en/shop/market-reyonlari/eq-falcon-eq191		This operation was aborted
https://equsto.com/en/shop/market-reyonlari/eq-falcon-eq192	TIMEOUT	TIMEOUT	https://equsto.com/en/shop/market-reyonlari/eq-falcon-eq192		This operation was aborted
https://equsto.com/en/shop/market-reyonlari/eq-falcon-plug-in-eq1	TIMEOUT	TIMEOUT	https://equsto.com/en/shop/market-reyonlari/eq-falcon-plug-in-eq1		This operation was aborted
https://equsto.com/en/shop/market-reyonlari/eq-falcon-plug-in-eq2	TIMEOUT	TIMEOUT	https://equsto.com/en/shop/market-reyonlari/eq-falcon-plug-in-eq2		This operation was aborted
https://equsto.com/en/shop/market-reyonlari/eq-falcon-plug-in-eq3	TIMEOUT	TIMEOUT	https://equsto.com/en/shop/market-reyonlari/eq-falcon-plug-in-eq3		This operation was aborted
https://equsto.com/en/shop/market-reyonlari/eq-falcon-plug-in-eq4	TIMEOUT	TIMEOUT	https://equsto.com/en/shop/market-reyonlari/eq-falcon-plug-in-eq4		This operation was aborted
https://equsto.com/en/shop/market-reyonlari/eq-falcon-plug-in-eq5	TIMEOUT	TIMEOUT	https://equsto.com/en/shop/market-reyonlari/eq-falcon-plug-in-eq5		This operation was aborted
https://equsto.com/en/shop/market-reyonlari/eq-falcon-plug-in-eq6	TIMEOUT	TIMEOUT	https://equsto.com/en/shop/market-reyonlari/eq-falcon-plug-in-eq6		This operation was aborted
https://equsto.com/en/shop/market-reyonlari/eq-falcon-plug-in-eq7	TIMEOUT	TIMEOUT	https://equsto.com/en/shop/market-reyonlari/eq-falcon-plug-in-eq7		This operation was aborted
https://equsto.com/en/shop/market-reyonlari/eq-falcon-plug-in-eq8	TIMEOUT	TIMEOUT	https://equsto.com/en/shop/market-reyonlari/eq-falcon-plug-in-eq8		This operation was aborted
https://equsto.com/en/shop/market-reyonlari/eq-falcon-plug-in-eq9	TIMEOUT	TIMEOUT	https://equsto.com/en/shop/market-reyonlari/eq-falcon-plug-in-eq9		This operation was aborted
https://equsto.com/en/shop/market-reyonlari/eq-falcon-plug-in-eq10	TIMEOUT	TIMEOUT	https://equsto.com/en/shop/market-reyonlari/eq-falcon-plug-in-eq10		This operation was aborted
https://equsto.com/en/shop/market-reyonlari/eq-falcon-plug-in-eq11	TIMEOUT	TIMEOUT	https://equsto.com/en/shop/market-reyonlari/eq-falcon-plug-in-eq11		This operation was aborted
https://equsto.com/en/shop/market-reyonlari/eq-falcon-plug-in-eq12	TIMEOUT	TIMEOUT	https://equsto.com/en/shop/market-reyonlari/eq-falcon-plug-in-eq12		This operation was aborted
https://equsto.com/en/shop/market-reyonlari/eq-falcon-plug-in-eq13	TIMEOUT	TIMEOUT	https://equsto.com/en/shop/market-reyonlari/eq-falcon-plug-in-eq13		This operation was aborted
https://equsto.com/en/shop/market-reyonlari/eq-falcon-plug-in-eq14	TIMEOUT	TIMEOUT	https://equsto.com/en/shop/market-reyonlari/eq-falcon-plug-in-eq14		This operation was aborted
https://equsto.com/en/shop/market-reyonlari/eq-falcon-plug-in-eq15	TIMEOUT	TIMEOUT	https://equsto.com/en/shop/market-reyonlari/eq-falcon-plug-in-eq15		This operation was aborted
https://equsto.com/en/shop/market-reyonlari/eq-falcon-plug-in-eq16	TIMEOUT	TIMEOUT	https://equsto.com/en/shop/market-reyonlari/eq-falcon-plug-in-eq16		This operation was aborted
https://equsto.com/en/shop/market-reyonlari/eq-falcon-sld-eq1	TIMEOUT	TIMEOUT	https://equsto.com/en/shop/market-reyonlari/eq-falcon-sld-eq1		This operation was aborted
https://equsto.com/en/shop/market-reyonlari/eq-falcon-sld-eq2	TIMEOUT	TIMEOUT	https://equsto.com/en/shop/market-reyonlari/eq-falcon-sld-eq2		This operation was aborted
https://equsto.com/en/shop/market-reyonlari/eq-falcon-sld-eq3	TIMEOUT	TIMEOUT	https://equsto.com/en/shop/market-reyonlari/eq-falcon-sld-eq3		This operation was aborted
https://equsto.com/en/shop/market-reyonlari/eq-falcon-sld-eq4	TIMEOUT	TIMEOUT	https://equsto.com/en/shop/market-reyonlari/eq-falcon-sld-eq4		This operation was aborted
https://equsto.com/en/shop/market-reyonlari/eq-falcon-sld-eq5	TIMEOUT	TIMEOUT	https://equsto.com/en/shop/market-reyonlari/eq-falcon-sld-eq5		This operation was aborted
https://equsto.com/en/shop/market-reyonlari/eq-falcon-sld-eq6	TIMEOUT	TIMEOUT	https://equsto.com/en/shop/market-reyonlari/eq-falcon-sld-eq6		This operation was aborted
https://equsto.com/en/shop/market-reyonlari/eq-falcon-sld-eq7	TIMEOUT	TIMEOUT	https://equsto.com/en/shop/market-reyonlari/eq-falcon-sld-eq7		This operation was aborted
https://equsto.com/en/shop/market-reyonlari/eq-falcon-sld-eq8	TIMEOUT	TIMEOUT	https://equsto.com/en/shop/market-reyonlari/eq-falcon-sld-eq8		This operation was aborted
https://equsto.com/en/shop/market-reyonlari/eq-falcon-sld-eq9	TIMEOUT	TIMEOUT	https://equsto.com/en/shop/market-reyonlari/eq-falcon-sld-eq9		This operation was aborted
https://equsto.com/en/shop/market-reyonlari/eq-falcon-sld-eq10	TIMEOUT	TIMEOUT	https://equsto.com/en/shop/market-reyonlari/eq-falcon-sld-eq10		This operation was aborted
https://equsto.com/en/shop/market-reyonlari/eq-falcon-sld-eq12	MISSING_CANONICAL	200	https://equsto.com/en/shop/market-reyonlari/eq-falcon-sld-eq12		
https://equsto.com/en/shop/market-reyonlari/eq-falcon-sld-eq13	TIMEOUT	TIMEOUT	https://equsto.com/en/shop/market-reyonlari/eq-falcon-sld-eq13		This operation was aborted
https://equsto.com/en/shop/market-reyonlari/eq-falcon-sld-eq14	TIMEOUT	TIMEOUT	https://equsto.com/en/shop/market-reyonlari/eq-falcon-sld-eq14		This operation was aborted
https://equsto.com/en/shop/market-reyonlari/eq-falcon-sld-eq15	TIMEOUT	TIMEOUT	https://equsto.com/en/shop/market-reyonlari/eq-falcon-sld-eq15		This operation was aborted
https://equsto.com/en/shop/market-reyonlari/eq-falcon-sld-eq16	TIMEOUT	TIMEOUT	https://equsto.com/en/shop/market-reyonlari/eq-falcon-sld-eq16		This operation was aborted
https://equsto.com/en/shop/market-reyonlari/eq-falcon-sld-eq17	TIMEOUT	TIMEOUT	https://equsto.com/en/shop/market-reyonlari/eq-falcon-sld-eq17		This operation was aborted
https://equsto.com/en/shop/market-reyonlari/eq-falcon-sld-eq18	TIMEOUT	TIMEOUT	https://equsto.com/en/shop/market-reyonlari/eq-falcon-sld-eq18		This operation was aborted
https://equsto.com/en/shop/market-reyonlari/eq-falcon-sld-eq19	TIMEOUT	TIMEOUT	https://equsto.com/en/shop/market-reyonlari/eq-falcon-sld-eq19		This operation was aborted
https://equsto.com/en/shop/market-reyonlari/eq-falcon-sld-eq20	TIMEOUT	TIMEOUT	https://equsto.com/en/shop/market-reyonlari/eq-falcon-sld-eq20		This operation was aborted
https://equsto.com/en/shop/market-reyonlari/eq-falcon-sld-eq21	TIMEOUT	TIMEOUT	https://equsto.com/en/shop/market-reyonlari/eq-falcon-sld-eq21		This operation was aborted
https://equsto.com/en/shop/market-reyonlari/eq-falcon-sld-eq22	TIMEOUT	TIMEOUT	https://equsto.com/en/shop/market-reyonlari/eq-falcon-sld-eq22		This operation was aborted
https://equsto.com/en/shop/market-reyonlari/eq-falcon-sld-eq23	TIMEOUT	TIMEOUT	https://equsto.com/en/shop/market-reyonlari/eq-falcon-sld-eq23		This operation was aborted
https://equsto.com/en/shop/market-reyonlari/eq-falcon-sld-eq24	TIMEOUT	TIMEOUT	https://equsto.com/en/shop/market-reyonlari/eq-falcon-sld-eq24		This operation was aborted
https://equsto.com/en/shop/market-reyonlari/eq-falcon-sld-eq25	TIMEOUT	TIMEOUT	https://equsto.com/en/shop/market-reyonlari/eq-falcon-sld-eq25		This operation was aborted
https://equsto.com/en/shop/market-reyonlari/eq-falcon-sld-eq26	TIMEOUT	TIMEOUT	https://equsto.com/en/shop/market-reyonlari/eq-falcon-sld-eq26		This operation was aborted
https://equsto.com/en/shop/market-reyonlari/eq-falcon-sld-eq27	TIMEOUT	TIMEOUT	https://equsto.com/en/shop/market-reyonlari/eq-falcon-sld-eq27		This operation was aborted
https://equsto.com/en/shop/market-reyonlari/eq-falcon-sld-eq28	TIMEOUT	TIMEOUT	https://equsto.com/en/shop/market-reyonlari/eq-falcon-sld-eq28		This operation was aborted
https://equsto.com/en/shop/market-reyonlari/eq-falcon-sld-eq29	TIMEOUT	TIMEOUT	https://equsto.com/en/shop/market-reyonlari/eq-falcon-sld-eq29		This operation was aborted
https://equsto.com/en/shop/market-reyonlari/eq-falcon-sld-eq30	TIMEOUT	TIMEOUT	https://equsto.com/en/shop/market-reyonlari/eq-falcon-sld-eq30		This operation was aborted
https://equsto.com/en/shop/market-reyonlari/eq-falcon-sld-eq31	TIMEOUT	TIMEOUT	https://equsto.com/en/shop/market-reyonlari/eq-falcon-sld-eq31		This operation was aborted
https://equsto.com/en/shop/market-reyonlari/eq-falcon-sld-eq32	TIMEOUT	TIMEOUT	https://equsto.com/en/shop/market-reyonlari/eq-falcon-sld-eq32		This operation was aborted
https://equsto.com/en/shop/market-reyonlari/eq-falcon-sld-eq33	TIMEOUT	TIMEOUT	https://equsto.com/en/shop/market-reyonlari/eq-falcon-sld-eq33		This operation was aborted
https://equsto.com/en/shop/market-reyonlari/eq-falcon-sld-eq34	TIMEOUT	TIMEOUT	https://equsto.com/en/shop/market-reyonlari/eq-falcon-sld-eq34		This operation was aborted
https://equsto.com/en/shop/market-reyonlari/eq-falcon-sld-eq35	TIMEOUT	TIMEOUT	https://equsto.com/en/shop/market-reyonlari/eq-falcon-sld-eq35		This operation was aborted
https://equsto.com/en/shop/market-reyonlari/eq-falcon-sld-eq36	TIMEOUT	TIMEOUT	https://equsto.com/en/shop/market-reyonlari/eq-falcon-sld-eq36		This operation was aborted
https://equsto.com/en/shop/market-reyonlari/eq-falcon-sld-eq37	TIMEOUT	TIMEOUT	https://equsto.com/en/shop/market-reyonlari/eq-falcon-sld-eq37		This operation was aborted
https://equsto.com/en/shop/market-reyonlari/eq-falcon-sld-eq38	SITEMAP_URL_500	502	https://equsto.com/en/shop/market-reyonlari/eq-falcon-sld-eq38		
https://equsto.com/en/shop/market-reyonlari/eq-falcon-sld-eq39	SITEMAP_URL_500	502	https://equsto.com/en/shop/market-reyonlari/eq-falcon-sld-eq39		
https://equsto.com/en/shop/market-reyonlari/eq-falcon-sld-eq40	SITEMAP_URL_500	502	https://equsto.com/en/shop/market-reyonlari/eq-falcon-sld-eq40		
https://equsto.com/en/shop/market-reyonlari/eq-falcon-sld-eq41	SITEMAP_URL_500	502	https://equsto.com/en/shop/market-reyonlari/eq-falcon-sld-eq41		
https://equsto.com/en/shop/market-reyonlari/eq-falcon-sld-eq42	SITEMAP_URL_500	502	https://equsto.com/en/shop/market-reyonlari/eq-falcon-sld-eq42		
https://equsto.com/en/shop/market-reyonlari/eq-falcon-sld-eq43	SITEMAP_URL_500	502	https://equsto.com/en/shop/market-reyonlari/eq-falcon-sld-eq43		
https://equsto.com/en/shop/market-reyonlari/eq-falcon-sld-eq44	SITEMAP_URL_500	502	https://equsto.com/en/shop/market-reyonlari/eq-falcon-sld-eq44		
https://equsto.com/en/shop/market-reyonlari/eq-falcon-sld-eq45	TIMEOUT	TIMEOUT	https://equsto.com/en/shop/market-reyonlari/eq-falcon-sld-eq45		This operation was aborted
https://equsto.com/en/shop/market-reyonlari/eq-falcon-sld-eq46	SITEMAP_URL_500	502	https://equsto.com/en/shop/market-reyonlari/eq-falcon-sld-eq46		
https://equsto.com/en/shop/market-reyonlari/eq-falcon-sld-eq47	TIMEOUT	TIMEOUT	https://equsto.com/en/shop/market-reyonlari/eq-falcon-sld-eq47		This operation was aborted
https://equsto.com/en/shop/market-reyonlari/eq-falcon-sld-eq48	SITEMAP_URL_500	502	https://equsto.com/en/shop/market-reyonlari/eq-falcon-sld-eq48		
https://equsto.com/en/shop/market-reyonlari/eq-falcon-sld-eq49	TIMEOUT	TIMEOUT	https://equsto.com/en/shop/market-reyonlari/eq-falcon-sld-eq49		This operation was aborted
https://equsto.com/en/shop/market-reyonlari/eq-falcon-sld-eq50	TIMEOUT	TIMEOUT	https://equsto.com/en/shop/market-reyonlari/eq-falcon-sld-eq50		This operation was aborted
https://equsto.com/en/shop/market-reyonlari/eq-falcon-sld-eq51	TIMEOUT	TIMEOUT	https://equsto.com/en/shop/market-reyonlari/eq-falcon-sld-eq51		This operation was aborted
https://equsto.com/en/shop/market-reyonlari/eq-falcon-sld-eq52	TIMEOUT	TIMEOUT	https://equsto.com/en/shop/market-reyonlari/eq-falcon-sld-eq52		This operation was aborted
https://equsto.com/en/shop/market-reyonlari/eq-falcon-sld-eq53	TIMEOUT	TIMEOUT	https://equsto.com/en/shop/market-reyonlari/eq-falcon-sld-eq53		This operation was aborted
https://equsto.com/en/shop/market-reyonlari/eq-falcon-sld-eq54	TIMEOUT	TIMEOUT	https://equsto.com/en/shop/market-reyonlari/eq-falcon-sld-eq54		This operation was aborted
https://equsto.com/en/shop/market-reyonlari/eq-falcon-sld-eq55	TIMEOUT	TIMEOUT	https://equsto.com/en/shop/market-reyonlari/eq-falcon-sld-eq55		This operation was aborted
https://equsto.com/en/shop/market-reyonlari/eq-falcon-sld-eq56	TIMEOUT	TIMEOUT	https://equsto.com/en/shop/market-reyonlari/eq-falcon-sld-eq56		This operation was aborted
https://equsto.com/en/shop/market-reyonlari/eq-falcon-sld-eq57	TIMEOUT	TIMEOUT	https://equsto.com/en/shop/market-reyonlari/eq-falcon-sld-eq57		This operation was aborted
https://equsto.com/en/shop/market-reyonlari/eq-falcon-sld-eq58	TIMEOUT	TIMEOUT	https://equsto.com/en/shop/market-reyonlari/eq-falcon-sld-eq58		This operation was aborted
https://equsto.com/en/shop/market-reyonlari/eq-falcon-sld-eq59	TIMEOUT	TIMEOUT	https://equsto.com/en/shop/market-reyonlari/eq-falcon-sld-eq59		This operation was aborted
https://equsto.com/en/shop/market-reyonlari/eq-falcon-sld-eq60	TIMEOUT	TIMEOUT	https://equsto.com/en/shop/market-reyonlari/eq-falcon-sld-eq60		This operation was aborted
https://equsto.com/en/shop/market-reyonlari/eq-falcon-sld-eq61	TIMEOUT	TIMEOUT	https://equsto.com/en/shop/market-reyonlari/eq-falcon-sld-eq61		This operation was aborted
https://equsto.com/en/shop/market-reyonlari/eq-falcon-sld-eq62	TIMEOUT	TIMEOUT	https://equsto.com/en/shop/market-reyonlari/eq-falcon-sld-eq62		This operation was aborted
https://equsto.com/en/shop/market-reyonlari/eq-falcon-sld-eq63	TIMEOUT	TIMEOUT	https://equsto.com/en/shop/market-reyonlari/eq-falcon-sld-eq63		This operation was aborted
https://equsto.com/en/shop/market-reyonlari/eq-falcon-sld-eq64	TIMEOUT	TIMEOUT	https://equsto.com/en/shop/market-reyonlari/eq-falcon-sld-eq64		This operation was aborted
https://equsto.com/en/shop/market-reyonlari/eq-falcon-sld-eq65	TIMEOUT	TIMEOUT	https://equsto.com/en/shop/market-reyonlari/eq-falcon-sld-eq65		This operation was aborted
https://equsto.com/en/shop/market-reyonlari/eq-falcon-sld-eq66	TIMEOUT	TIMEOUT	https://equsto.com/en/shop/market-reyonlari/eq-falcon-sld-eq66		This operation was aborted
https://equsto.com/en/shop/market-reyonlari/eq-falcon-sld-eq67	TIMEOUT	TIMEOUT	https://equsto.com/en/shop/market-reyonlari/eq-falcon-sld-eq67		This operation was aborted
https://equsto.com/en/shop/market-reyonlari/eq-falcon-sld-eq68	TIMEOUT	TIMEOUT	https://equsto.com/en/shop/market-reyonlari/eq-falcon-sld-eq68		This operation was aborted
https://equsto.com/en/shop/market-reyonlari/eq-falcon-sld-eq69	SITEMAP_URL_500	502	https://equsto.com/en/shop/market-reyonlari/eq-falcon-sld-eq69		
https://equsto.com/en/shop/market-reyonlari/eq-falcon-sld-eq70	SITEMAP_URL_500	502	https://equsto.com/en/shop/market-reyonlari/eq-falcon-sld-eq70		
https://equsto.com/en/shop/market-reyonlari/eq-falcon-sld-eq71	TIMEOUT	TIMEOUT	https://equsto.com/en/shop/market-reyonlari/eq-falcon-sld-eq71		This operation was aborted
https://equsto.com/en/shop/market-reyonlari/eq-falcon-sld-eq72	TIMEOUT	TIMEOUT	https://equsto.com/en/shop/market-reyonlari/eq-falcon-sld-eq72		This operation was aborted
https://equsto.com/en/shop/market-reyonlari/eq-falcon-sld-eq73	SITEMAP_URL_500	502	https://equsto.com/en/shop/market-reyonlari/eq-falcon-sld-eq73		
https://equsto.com/en/shop/market-reyonlari/eq-falcon-sld-eq74	TIMEOUT	TIMEOUT	https://equsto.com/en/shop/market-reyonlari/eq-falcon-sld-eq74		This operation was aborted
https://equsto.com/en/shop/market-reyonlari/eq-falcon-sld-eq75	TIMEOUT	TIMEOUT	https://equsto.com/en/shop/market-reyonlari/eq-falcon-sld-eq75		This operation was aborted
https://equsto.com/en/shop/market-reyonlari/eq-falcon-sld-eq76	TIMEOUT	TIMEOUT	https://equsto.com/en/shop/market-reyonlari/eq-falcon-sld-eq76		This operation was aborted
https://equsto.com/en/shop/market-reyonlari/eq-falcon-sld-eq77	TIMEOUT	TIMEOUT	https://equsto.com/en/shop/market-reyonlari/eq-falcon-sld-eq77		This operation was aborted
https://equsto.com/en/shop/market-reyonlari/eq-falcon-sld-eq78	TIMEOUT	TIMEOUT	https://equsto.com/en/shop/market-reyonlari/eq-falcon-sld-eq78		This operation was aborted
https://equsto.com/en/shop/market-reyonlari/eq-falcon-sld-eq79	TIMEOUT	TIMEOUT	https://equsto.com/en/shop/market-reyonlari/eq-falcon-sld-eq79		This operation was aborted
https://equsto.com/en/shop/market-reyonlari/eq-falcon-sld-eq80	TIMEOUT	TIMEOUT	https://equsto.com/en/shop/market-reyonlari/eq-falcon-sld-eq80		This operation was aborted
https://equsto.com/en/shop/market-reyonlari/eq-falcon-sld-eq81	TIMEOUT	TIMEOUT	https://equsto.com/en/shop/market-reyonlari/eq-falcon-sld-eq81		This operation was aborted
https://equsto.com/en/shop/market-reyonlari/eq-falcon-sld-eq82	TIMEOUT	TIMEOUT	https://equsto.com/en/shop/market-reyonlari/eq-falcon-sld-eq82		This operation was aborted
https://equsto.com/en/shop/market-reyonlari/eq-falcon-sld-eq83	SITEMAP_URL_500	502	https://equsto.com/en/shop/market-reyonlari/eq-falcon-sld-eq83		
https://equsto.com/en/shop/market-reyonlari/eq-falcon-sld-eq84	SITEMAP_URL_500	502	https://equsto.com/en/shop/market-reyonlari/eq-falcon-sld-eq84		
https://equsto.com/en/shop/market-reyonlari/eq-falcon-sld-eq85	SITEMAP_URL_500	502	https://equsto.com/en/shop/market-reyonlari/eq-falcon-sld-eq85		
https://equsto.com/en/shop/market-reyonlari/eq-falcon-sld-eq86	SITEMAP_URL_500	502	https://equsto.com/en/shop/market-reyonlari/eq-falcon-sld-eq86		
https://equsto.com/en/shop/market-reyonlari/eq-falcon-sld-eq87	SITEMAP_URL_500	502	https://equsto.com/en/shop/market-reyonlari/eq-falcon-sld-eq87		
https://equsto.com/en/shop/market-reyonlari/eq-falcon-sld-eq88	SITEMAP_URL_500	502	https://equsto.com/en/shop/market-reyonlari/eq-falcon-sld-eq88		
https://equsto.com/en/shop/market-reyonlari/eq-falcon-sld-eq89	SITEMAP_URL_500	502	https://equsto.com/en/shop/market-reyonlari/eq-falcon-sld-eq89		
https://equsto.com/en/shop/market-reyonlari/eq-falcon-sld-eq90	SITEMAP_URL_500	502	https://equsto.com/en/shop/market-reyonlari/eq-falcon-sld-eq90		
https://equsto.com/en/shop/market-reyonlari/eq-falcon-sld-eq91	TIMEOUT	TIMEOUT	https://equsto.com/en/shop/market-reyonlari/eq-falcon-sld-eq91		This operation was aborted
https://equsto.com/en/shop/market-reyonlari/eq-falcon-sld-eq92	TIMEOUT	TIMEOUT	https://equsto.com/en/shop/market-reyonlari/eq-falcon-sld-eq92		This operation was aborted
https://equsto.com/en/shop/market-reyonlari/eq-falcon-sld-eq93	TIMEOUT	TIMEOUT	https://equsto.com/en/shop/market-reyonlari/eq-falcon-sld-eq93		This operation was aborted
https://equsto.com/en/shop/market-reyonlari/eq-falcon-sld-eq94	TIMEOUT	TIMEOUT	https://equsto.com/en/shop/market-reyonlari/eq-falcon-sld-eq94		This operation was aborted
https://equsto.com/en/shop/market-reyonlari/eq-falcon-sld-eq95	TIMEOUT	TIMEOUT	https://equsto.com/en/shop/market-reyonlari/eq-falcon-sld-eq95		This operation was aborted
https://equsto.com/en/shop/market-reyonlari/eq-falcon-sld-eq96	TIMEOUT	TIMEOUT	https://equsto.com/en/shop/market-reyonlari/eq-falcon-sld-eq96		This operation was aborted
https://equsto.com/en/shop/market-reyonlari/eq-falcon-sld-eq97	TIMEOUT	TIMEOUT	https://equsto.com/en/shop/market-reyonlari/eq-falcon-sld-eq97		This operation was aborted
https://equsto.com/en/shop/market-reyonlari/eq-falcon-sld-eq98	TIMEOUT	TIMEOUT	https://equsto.com/en/shop/market-reyonlari/eq-falcon-sld-eq98		This operation was aborted
https://equsto.com/en/shop/market-reyonlari/eq-falcon-sld-eq99	TIMEOUT	TIMEOUT	https://equsto.com/en/shop/market-reyonlari/eq-falcon-sld-eq99		This operation was aborted
https://equsto.com/en/shop/market-reyonlari/eq-falcon-sld-eq100	TIMEOUT	TIMEOUT	https://equsto.com/en/shop/market-reyonlari/eq-falcon-sld-eq100		This operation was aborted
https://equsto.com/en/shop/market-reyonlari/eq-falcon-sld-eq101	TIMEOUT	TIMEOUT	https://equsto.com/en/shop/market-reyonlari/eq-falcon-sld-eq101		This operation was aborted
https://equsto.com/en/shop/market-reyonlari/eq-falcon-sld-eq102	SITEMAP_URL_500	502	https://equsto.com/en/shop/market-reyonlari/eq-falcon-sld-eq102		
https://equsto.com/en/shop/market-reyonlari/eq-falcon-sld-eq103	SITEMAP_URL_500	502	https://equsto.com/en/shop/market-reyonlari/eq-falcon-sld-eq103		
https://equsto.com/en/shop/market-reyonlari/eq-falcon-sld-eq104	TIMEOUT	TIMEOUT	https://equsto.com/en/shop/market-reyonlari/eq-falcon-sld-eq104		This operation was aborted
https://equsto.com/en/shop/market-reyonlari/eq-falcon-sld-eq105	SITEMAP_URL_500	502	https://equsto.com/en/shop/market-reyonlari/eq-falcon-sld-eq105		
https://equsto.com/en/shop/market-reyonlari/eq-falcon-sld-eq106	SITEMAP_URL_500	502	https://equsto.com/en/shop/market-reyonlari/eq-falcon-sld-eq106		
https://equsto.com/en/shop/market-reyonlari/eq-falcon-sld-eq107	TIMEOUT	TIMEOUT	https://equsto.com/en/shop/market-reyonlari/eq-falcon-sld-eq107		This operation was aborted
https://equsto.com/en/shop/market-reyonlari/eq-falcon-sld-eq108	SITEMAP_URL_500	502	https://equsto.com/en/shop/market-reyonlari/eq-falcon-sld-eq108		
https://equsto.com/en/shop/market-reyonlari/eq-falcon-sld-eq109	SITEMAP_URL_500	502	https://equsto.com/en/shop/market-reyonlari/eq-falcon-sld-eq109		
https://equsto.com/en/shop/market-reyonlari/eq-falcon-sld-eq110	SITEMAP_URL_500	502	https://equsto.com/en/shop/market-reyonlari/eq-falcon-sld-eq110		
https://equsto.com/en/shop/market-reyonlari/eq-falcon-sld-eq111	SITEMAP_URL_500	502	https://equsto.com/en/shop/market-reyonlari/eq-falcon-sld-eq111		
https://equsto.com/en/shop/market-reyonlari/eq-falcon-sld-eq112	SITEMAP_URL_500	502	https://equsto.com/en/shop/market-reyonlari/eq-falcon-sld-eq112		
https://equsto.com/en/shop/market-reyonlari/eq-falcon-sld-eq113	SITEMAP_URL_500	502	https://equsto.com/en/shop/market-reyonlari/eq-falcon-sld-eq113		
https://equsto.com/en/shop/market-reyonlari/eq-falcon-sld-eq114	SITEMAP_URL_500	502	https://equsto.com/en/shop/market-reyonlari/eq-falcon-sld-eq114		
https://equsto.com/en/shop/market-reyonlari/eq-falcon-sld-eq115	SITEMAP_URL_500	502	https://equsto.com/en/shop/market-reyonlari/eq-falcon-sld-eq115		
https://equsto.com/en/shop/market-reyonlari/eq-falcon-sld-eq116	SITEMAP_URL_500	502	https://equsto.com/en/shop/market-reyonlari/eq-falcon-sld-eq116		
https://equsto.com/en/shop/market-reyonlari/eq-falcon-sld-eq117	TIMEOUT	TIMEOUT	https://equsto.com/en/shop/market-reyonlari/eq-falcon-sld-eq117		This operation was aborted
https://equsto.com/en/shop/market-reyonlari/eq-falcon-sld-eq118	SITEMAP_URL_500	502	https://equsto.com/en/shop/market-reyonlari/eq-falcon-sld-eq118		
https://equsto.com/en/shop/market-reyonlari/eq-falcon-sld-eq119	SITEMAP_URL_500	502	https://equsto.com/en/shop/market-reyonlari/eq-falcon-sld-eq119		
https://equsto.com/en/shop/market-reyonlari/eq-falcon-sld-eq120	SITEMAP_URL_500	502	https://equsto.com/en/shop/market-reyonlari/eq-falcon-sld-eq120		
https://equsto.com/en/shop/market-reyonlari/eq-falcon-sld-eq121	SITEMAP_URL_500	502	https://equsto.com/en/shop/market-reyonlari/eq-falcon-sld-eq121		
https://equsto.com/en/shop/market-reyonlari/eq-falcon-sld-eq122	SITEMAP_URL_500	502	https://equsto.com/en/shop/market-reyonlari/eq-falcon-sld-eq122		
https://equsto.com/en/shop/market-reyonlari/eq-falcon-sld-eq123	TIMEOUT	TIMEOUT	https://equsto.com/en/shop/market-reyonlari/eq-falcon-sld-eq123		This operation was aborted
https://equsto.com/en/shop/market-reyonlari/eq-falcon-sld-eq124	TIMEOUT	TIMEOUT	https://equsto.com/en/shop/market-reyonlari/eq-falcon-sld-eq124		This operation was aborted
https://equsto.com/en/shop/market-reyonlari/eq-falcon-sld-eq125	TIMEOUT	TIMEOUT	https://equsto.com/en/shop/market-reyonlari/eq-falcon-sld-eq125		This operation was aborted
https://equsto.com/en/shop/market-reyonlari/eq-falcon-sld-eq126	TIMEOUT	TIMEOUT	https://equsto.com/en/shop/market-reyonlari/eq-falcon-sld-eq126		This operation was aborted
https://equsto.com/en/shop/market-reyonlari/eq-falcon-sld-eq127	TIMEOUT	TIMEOUT	https://equsto.com/en/shop/market-reyonlari/eq-falcon-sld-eq127		This operation was aborted
https://equsto.com/en/shop/market-reyonlari/eq-falcon-sld-eq128	TIMEOUT	TIMEOUT	https://equsto.com/en/shop/market-reyonlari/eq-falcon-sld-eq128		This operation was aborted
https://equsto.com/en/shop/market-reyonlari/eq-firefly-br-eq1	TIMEOUT	TIMEOUT	https://equsto.com/en/shop/market-reyonlari/eq-firefly-br-eq1		This operation was aborted
https://equsto.com/en/shop/market-reyonlari/eq-firefly-corners-eq1	TIMEOUT	TIMEOUT	https://equsto.com/en/shop/market-reyonlari/eq-firefly-corners-eq1		This operation was aborted
https://equsto.com/en/shop/market-reyonlari/eq-firefly-pn-eq1	TIMEOUT	TIMEOUT	https://equsto.com/en/shop/market-reyonlari/eq-firefly-pn-eq1		This operation was aborted
https://equsto.com/en/shop/market-reyonlari/eq-firefly-pr-eq1	TIMEOUT	TIMEOUT	https://equsto.com/en/shop/market-reyonlari/eq-firefly-pr-eq1		This operation was aborted
https://equsto.com/en/shop/market-reyonlari/eq-firefly-pr-eq2	TIMEOUT	TIMEOUT	https://equsto.com/en/shop/market-reyonlari/eq-firefly-pr-eq2		This operation was aborted
https://equsto.com/en/shop/market-reyonlari/eq-flamingo-eq1	TIMEOUT	TIMEOUT	https://equsto.com/en/shop/market-reyonlari/eq-flamingo-eq1		This operation was aborted
https://equsto.com/en/shop/market-reyonlari/eq-fox-eq1	TIMEOUT	TIMEOUT	https://equsto.com/en/shop/market-reyonlari/eq-fox-eq1		This operation was aborted
https://equsto.com/en/shop/market-reyonlari/eq-fox-eq2	TIMEOUT	TIMEOUT	https://equsto.com/en/shop/market-reyonlari/eq-fox-eq2		This operation was aborted
https://equsto.com/en/shop/market-reyonlari/eq-fox-eq3	TIMEOUT	TIMEOUT	https://equsto.com/en/shop/market-reyonlari/eq-fox-eq3		This operation was aborted
https://equsto.com/en/shop/market-reyonlari/eq-fox-eq4	TIMEOUT	TIMEOUT	https://equsto.com/en/shop/market-reyonlari/eq-fox-eq4		This operation was aborted
https://equsto.com/en/shop/market-reyonlari/eq-iguana-eq1	SITEMAP_URL_500	502	https://equsto.com/en/shop/market-reyonlari/eq-iguana-eq1		
https://equsto.com/en/shop/market-reyonlari/eq-kangaroo-eq1	SITEMAP_URL_500	502	https://equsto.com/en/shop/market-reyonlari/eq-kangaroo-eq1		
https://equsto.com/en/shop/market-reyonlari/eq-kangaroo-eq2	SITEMAP_URL_500	502	https://equsto.com/en/shop/market-reyonlari/eq-kangaroo-eq2		
https://equsto.com/en/shop/market-reyonlari/eq-kangaroo-eq3	SITEMAP_URL_500	502	https://equsto.com/en/shop/market-reyonlari/eq-kangaroo-eq3		
https://equsto.com/en/shop/market-reyonlari/eq-kangaroo-eq4	TIMEOUT	TIMEOUT	https://equsto.com/en/shop/market-reyonlari/eq-kangaroo-eq4		This operation was aborted
https://equsto.com/en/shop/market-reyonlari/eq-kangaroo-eq5	SITEMAP_URL_500	502	https://equsto.com/en/shop/market-reyonlari/eq-kangaroo-eq5		
https://equsto.com/en/shop/market-reyonlari/eq-kangaroo-eq6	TIMEOUT	TIMEOUT	https://equsto.com/en/shop/market-reyonlari/eq-kangaroo-eq6		This operation was aborted
https://equsto.com/en/shop/market-reyonlari/eq-kangaroo-eq7	TIMEOUT	TIMEOUT	https://equsto.com/en/shop/market-reyonlari/eq-kangaroo-eq7		This operation was aborted
https://equsto.com/en/shop/market-reyonlari/eq-leopard-eq1	TIMEOUT	TIMEOUT	https://equsto.com/en/shop/market-reyonlari/eq-leopard-eq1		This operation was aborted
https://equsto.com/en/shop/market-reyonlari/eq-leopard-eq2	TIMEOUT	TIMEOUT	https://equsto.com/en/shop/market-reyonlari/eq-leopard-eq2		This operation was aborted
https://equsto.com/en/shop/market-reyonlari/eq-leopard-eq3	TIMEOUT	TIMEOUT	https://equsto.com/en/shop/market-reyonlari/eq-leopard-eq3		This operation was aborted
https://equsto.com/en/shop/market-reyonlari/eq-leopard-eq4	TIMEOUT	TIMEOUT	https://equsto.com/en/shop/market-reyonlari/eq-leopard-eq4		This operation was aborted
https://equsto.com/en/shop/market-reyonlari/eq-leopard-eq5	SITEMAP_URL_500	502	https://equsto.com/en/shop/market-reyonlari/eq-leopard-eq5		
https://equsto.com/en/shop/market-reyonlari/eq-leopard-eq6	SITEMAP_URL_500	502	https://equsto.com/en/shop/market-reyonlari/eq-leopard-eq6		
https://equsto.com/en/shop/market-reyonlari/eq-leopard-eq7	SITEMAP_URL_500	502	https://equsto.com/en/shop/market-reyonlari/eq-leopard-eq7		
https://equsto.com/en/shop/market-reyonlari/eq-lion-eq1	SITEMAP_URL_500	502	https://equsto.com/en/shop/market-reyonlari/eq-lion-eq1		
https://equsto.com/en/shop/market-reyonlari/eq-lion-eq2	SITEMAP_URL_500	502	https://equsto.com/en/shop/market-reyonlari/eq-lion-eq2		
https://equsto.com/en/shop/market-reyonlari/eq-lion-eq3	TIMEOUT	TIMEOUT	https://equsto.com/en/shop/market-reyonlari/eq-lion-eq3		This operation was aborted
https://equsto.com/en/shop/market-reyonlari/eq-lion-eq4	TIMEOUT	TIMEOUT	https://equsto.com/en/shop/market-reyonlari/eq-lion-eq4		This operation was aborted
https://equsto.com/en/shop/market-reyonlari/eq-lion-eq5	SITEMAP_URL_500	502	https://equsto.com/en/shop/market-reyonlari/eq-lion-eq5		
https://equsto.com/en/shop/market-reyonlari/eq-lion-eq6	TIMEOUT	TIMEOUT	https://equsto.com/en/shop/market-reyonlari/eq-lion-eq6		This operation was aborted
https://equsto.com/en/shop/market-reyonlari/eq-lion-eq7	SITEMAP_URL_500	502	https://equsto.com/en/shop/market-reyonlari/eq-lion-eq7		
https://equsto.com/en/shop/market-reyonlari/eq-lion-eq8	TIMEOUT	TIMEOUT	https://equsto.com/en/shop/market-reyonlari/eq-lion-eq8		This operation was aborted
https://equsto.com/en/shop/market-reyonlari/eq-lion-eq9	TIMEOUT	TIMEOUT	https://equsto.com/en/shop/market-reyonlari/eq-lion-eq9		This operation was aborted
https://equsto.com/en/shop/market-reyonlari/eq-lion-eq10	TIMEOUT	TIMEOUT	https://equsto.com/en/shop/market-reyonlari/eq-lion-eq10		This operation was aborted
https://equsto.com/en/shop/market-reyonlari/eq-lion-eq11	TIMEOUT	TIMEOUT	https://equsto.com/en/shop/market-reyonlari/eq-lion-eq11		This operation was aborted
https://equsto.com/en/shop/market-reyonlari/eq-lion-eq12	TIMEOUT	TIMEOUT	https://equsto.com/en/shop/market-reyonlari/eq-lion-eq12		This operation was aborted
https://equsto.com/en/shop/market-reyonlari/eq-lion-eq13	TIMEOUT	TIMEOUT	https://equsto.com/en/shop/market-reyonlari/eq-lion-eq13		This operation was aborted
https://equsto.com/en/shop/market-reyonlari/eq-lion-eq14	TIMEOUT	TIMEOUT	https://equsto.com/en/shop/market-reyonlari/eq-lion-eq14		This operation was aborted
https://equsto.com/en/shop/market-reyonlari/eq-lion-eq15	TIMEOUT	TIMEOUT	https://equsto.com/en/shop/market-reyonlari/eq-lion-eq15		This operation was aborted
https://equsto.com/en/shop/market-reyonlari/eq-lion-eq16	TIMEOUT	TIMEOUT	https://equsto.com/en/shop/market-reyonlari/eq-lion-eq16		This operation was aborted
https://equsto.com/en/shop/market-reyonlari/eq-lion-eq17	TIMEOUT	TIMEOUT	https://equsto.com/en/shop/market-reyonlari/eq-lion-eq17		This operation was aborted
https://equsto.com/en/shop/market-reyonlari/eq-lion-eq18	TIMEOUT	TIMEOUT	https://equsto.com/en/shop/market-reyonlari/eq-lion-eq18		This operation was aborted
https://equsto.com/en/shop/market-reyonlari/eq-lion-eq19	TIMEOUT	TIMEOUT	https://equsto.com/en/shop/market-reyonlari/eq-lion-eq19		This operation was aborted
https://equsto.com/en/shop/market-reyonlari/eq-lion-eq20	TIMEOUT	TIMEOUT	https://equsto.com/en/shop/market-reyonlari/eq-lion-eq20		This operation was aborted
https://equsto.com/en/shop/market-reyonlari/eq-lion-eq21	TIMEOUT	TIMEOUT	https://equsto.com/en/shop/market-reyonlari/eq-lion-eq21		This operation was aborted
https://equsto.com/en/shop/market-reyonlari/eq-lion-eq22	SITEMAP_URL_500	502	https://equsto.com/en/shop/market-reyonlari/eq-lion-eq22		
https://equsto.com/en/shop/market-reyonlari/eq-lion-eq23	TIMEOUT	TIMEOUT	https://equsto.com/en/shop/market-reyonlari/eq-lion-eq23		This operation was aborted
https://equsto.com/en/shop/market-reyonlari/eq-lion-eq24	TIMEOUT	TIMEOUT	https://equsto.com/en/shop/market-reyonlari/eq-lion-eq24		This operation was aborted
https://equsto.com/en/shop/market-reyonlari/eq-lion-eq25	TIMEOUT	TIMEOUT	https://equsto.com/en/shop/market-reyonlari/eq-lion-eq25		This operation was aborted
https://equsto.com/en/shop/market-reyonlari/eq-lion-eq26	SITEMAP_URL_500	502	https://equsto.com/en/shop/market-reyonlari/eq-lion-eq26		
https://equsto.com/en/shop/market-reyonlari/eq-lion-eq27	SITEMAP_URL_500	502	https://equsto.com/en/shop/market-reyonlari/eq-lion-eq27		
https://equsto.com/en/shop/market-reyonlari/eq-lion-eq28	SITEMAP_URL_500	502	https://equsto.com/en/shop/market-reyonlari/eq-lion-eq28		
https://equsto.com/en/shop/market-reyonlari/eq-lion-eq29	SITEMAP_URL_500	502	https://equsto.com/en/shop/market-reyonlari/eq-lion-eq29		
https://equsto.com/en/shop/market-reyonlari/eq-lion-eq30	TIMEOUT	TIMEOUT	https://equsto.com/en/shop/market-reyonlari/eq-lion-eq30		This operation was aborted
https://equsto.com/en/shop/market-reyonlari/eq-lion-eq31	TIMEOUT	TIMEOUT	https://equsto.com/en/shop/market-reyonlari/eq-lion-eq31		This operation was aborted
https://equsto.com/en/shop/market-reyonlari/eq-lion-eq32	TIMEOUT	TIMEOUT	https://equsto.com/en/shop/market-reyonlari/eq-lion-eq32		This operation was aborted
https://equsto.com/en/shop/market-reyonlari/eq-lion-eq33	TIMEOUT	TIMEOUT	https://equsto.com/en/shop/market-reyonlari/eq-lion-eq33		This operation was aborted
https://equsto.com/en/shop/market-reyonlari/eq-lion-eq34	TIMEOUT	TIMEOUT	https://equsto.com/en/shop/market-reyonlari/eq-lion-eq34		This operation was aborted
https://equsto.com/en/shop/market-reyonlari/eq-lion-eq35	TIMEOUT	TIMEOUT	https://equsto.com/en/shop/market-reyonlari/eq-lion-eq35		This operation was aborted
https://equsto.com/en/shop/market-reyonlari/eq-lion-eq36	TIMEOUT	TIMEOUT	https://equsto.com/en/shop/market-reyonlari/eq-lion-eq36		This operation was aborted
https://equsto.com/en/shop/market-reyonlari/eq-lion-eq37	TIMEOUT	TIMEOUT	https://equsto.com/en/shop/market-reyonlari/eq-lion-eq37		This operation was aborted
https://equsto.com/en/shop/market-reyonlari/eq-lion-eq38	TIMEOUT	TIMEOUT	https://equsto.com/en/shop/market-reyonlari/eq-lion-eq38		This operation was aborted
https://equsto.com/en/shop/market-reyonlari/eq-lion-eq39	TIMEOUT	TIMEOUT	https://equsto.com/en/shop/market-reyonlari/eq-lion-eq39		This operation was aborted
https://equsto.com/en/shop/market-reyonlari/eq-lion-eq40	TIMEOUT	TIMEOUT	https://equsto.com/en/shop/market-reyonlari/eq-lion-eq40		This operation was aborted
https://equsto.com/en/shop/market-reyonlari/eq-lion-eq41	TIMEOUT	TIMEOUT	https://equsto.com/en/shop/market-reyonlari/eq-lion-eq41		This operation was aborted
https://equsto.com/en/shop/market-reyonlari/eq-lion-eq42	TIMEOUT	TIMEOUT	https://equsto.com/en/shop/market-reyonlari/eq-lion-eq42		This operation was aborted
https://equsto.com/en/shop/market-reyonlari/eq-lion-eq43	SITEMAP_URL_500	502	https://equsto.com/en/shop/market-reyonlari/eq-lion-eq43		
https://equsto.com/en/shop/market-reyonlari/eq-lion-eq44	SITEMAP_URL_500	502	https://equsto.com/en/shop/market-reyonlari/eq-lion-eq44		
https://equsto.com/en/shop/market-reyonlari/eq-lion-eq45	SITEMAP_URL_500	502	https://equsto.com/en/shop/market-reyonlari/eq-lion-eq45		
https://equsto.com/en/shop/market-reyonlari/eq-lion-eq46	SITEMAP_URL_500	502	https://equsto.com/en/shop/market-reyonlari/eq-lion-eq46		
https://equsto.com/en/shop/market-reyonlari/eq-lion-eq47	SITEMAP_URL_500	502	https://equsto.com/en/shop/market-reyonlari/eq-lion-eq47		
https://equsto.com/en/shop/market-reyonlari/eq-lion-eq48	SITEMAP_URL_500	502	https://equsto.com/en/shop/market-reyonlari/eq-lion-eq48		
https://equsto.com/en/shop/market-reyonlari/eq-lion-eq49	TIMEOUT	TIMEOUT	https://equsto.com/en/shop/market-reyonlari/eq-lion-eq49		This operation was aborted
https://equsto.com/en/shop/market-reyonlari/eq-lion-eq50	TIMEOUT	TIMEOUT	https://equsto.com/en/shop/market-reyonlari/eq-lion-eq50		This operation was aborted
https://equsto.com/en/shop/market-reyonlari/eq-lion-eq51	TIMEOUT	TIMEOUT	https://equsto.com/en/shop/market-reyonlari/eq-lion-eq51		This operation was aborted
https://equsto.com/en/shop/market-reyonlari/eq-lion-eq52	SITEMAP_URL_500	502	https://equsto.com/en/shop/market-reyonlari/eq-lion-eq52		
https://equsto.com/en/shop/market-reyonlari/eq-lion-eq53	TIMEOUT	TIMEOUT	https://equsto.com/en/shop/market-reyonlari/eq-lion-eq53		This operation was aborted
https://equsto.com/en/shop/market-reyonlari/eq-lion-eq54	SITEMAP_URL_500	502	https://equsto.com/en/shop/market-reyonlari/eq-lion-eq54		
https://equsto.com/en/shop/market-reyonlari/eq-lion-eq55	SITEMAP_URL_500	502	https://equsto.com/en/shop/market-reyonlari/eq-lion-eq55		
https://equsto.com/en/shop/market-reyonlari/eq-lion-eq56	TIMEOUT	TIMEOUT	https://equsto.com/en/shop/market-reyonlari/eq-lion-eq56		This operation was aborted
https://equsto.com/en/shop/market-reyonlari/eq-lion-eq57	TIMEOUT	TIMEOUT	https://equsto.com/en/shop/market-reyonlari/eq-lion-eq57		This operation was aborted
https://equsto.com/en/shop/market-reyonlari/eq-lion-eq58	TIMEOUT	TIMEOUT	https://equsto.com/en/shop/market-reyonlari/eq-lion-eq58		This operation was aborted
https://equsto.com/en/shop/market-reyonlari/eq-lion-eq59	SITEMAP_URL_500	502	https://equsto.com/en/shop/market-reyonlari/eq-lion-eq59		
https://equsto.com/en/shop/market-reyonlari/eq-lion-eq60	SITEMAP_URL_500	502	https://equsto.com/en/shop/market-reyonlari/eq-lion-eq60		
https://equsto.com/en/shop/market-reyonlari/eq-lion-eq61	SITEMAP_URL_500	502	https://equsto.com/en/shop/market-reyonlari/eq-lion-eq61		
https://equsto.com/en/shop/market-reyonlari/eq-lion-eq62	SITEMAP_URL_500	502	https://equsto.com/en/shop/market-reyonlari/eq-lion-eq62		
https://equsto.com/en/shop/market-reyonlari/eq-lion-eq63	SITEMAP_URL_500	502	https://equsto.com/en/shop/market-reyonlari/eq-lion-eq63		
https://equsto.com/en/shop/market-reyonlari/eq-lion-eq64	TIMEOUT	TIMEOUT	https://equsto.com/en/shop/market-reyonlari/eq-lion-eq64		This operation was aborted
https://equsto.com/en/shop/market-reyonlari/eq-lion-cc-eq1	TIMEOUT	TIMEOUT	https://equsto.com/en/shop/market-reyonlari/eq-lion-cc-eq1		This operation was aborted
https://equsto.com/en/shop/market-reyonlari/eq-lion-dgd-eq1	TIMEOUT	TIMEOUT	https://equsto.com/en/shop/market-reyonlari/eq-lion-dgd-eq1		This operation was aborted
https://equsto.com/en/shop/market-reyonlari/eq-lion-dgd-eq2	TIMEOUT	TIMEOUT	https://equsto.com/en/shop/market-reyonlari/eq-lion-dgd-eq2		This operation was aborted
https://equsto.com/en/shop/market-reyonlari/eq-lion-dgd-eq3	TIMEOUT	TIMEOUT	https://equsto.com/en/shop/market-reyonlari/eq-lion-dgd-eq3		This operation was aborted
https://equsto.com/en/shop/market-reyonlari/eq-lion-dgd-eq4	TIMEOUT	TIMEOUT	https://equsto.com/en/shop/market-reyonlari/eq-lion-dgd-eq4		This operation was aborted
https://equsto.com/en/shop/market-reyonlari/eq-lion-fva-eq1	SITEMAP_URL_500	502	https://equsto.com/en/shop/market-reyonlari/eq-lion-fva-eq1		
https://equsto.com/en/shop/market-reyonlari/eq-lion-fva-eq2	SITEMAP_URL_500	502	https://equsto.com/en/shop/market-reyonlari/eq-lion-fva-eq2		
https://equsto.com/en/shop/market-reyonlari/eq-lion-fva-eq3	TIMEOUT	TIMEOUT	https://equsto.com/en/shop/market-reyonlari/eq-lion-fva-eq3		This operation was aborted
https://equsto.com/en/shop/market-reyonlari/eq-lion-fva-eq4	SITEMAP_URL_500	502	https://equsto.com/en/shop/market-reyonlari/eq-lion-fva-eq4		
https://equsto.com/en/shop/market-reyonlari/eq-lion-fva-eq5	TIMEOUT	TIMEOUT	https://equsto.com/en/shop/market-reyonlari/eq-lion-fva-eq5		This operation was aborted
https://equsto.com/en/shop/market-reyonlari/eq-lion-fva-eq6	SITEMAP_URL_500	502	https://equsto.com/en/shop/market-reyonlari/eq-lion-fva-eq6		
https://equsto.com/en/shop/market-reyonlari/eq-lion-fva-eq7	SITEMAP_URL_500	502	https://equsto.com/en/shop/market-reyonlari/eq-lion-fva-eq7		
https://equsto.com/en/shop/market-reyonlari/eq-lion-fva-eq8	SITEMAP_URL_500	502	https://equsto.com/en/shop/market-reyonlari/eq-lion-fva-eq8		
https://equsto.com/en/shop/market-reyonlari/eq-lion-lgd-eq1	SITEMAP_URL_500	502	https://equsto.com/en/shop/market-reyonlari/eq-lion-lgd-eq1		
https://equsto.com/en/shop/market-reyonlari/eq-lion-lgd-eq2	TIMEOUT	TIMEOUT	https://equsto.com/en/shop/market-reyonlari/eq-lion-lgd-eq2		This operation was aborted
https://equsto.com/en/shop/market-reyonlari/eq-lion-lgd-eq3	TIMEOUT	TIMEOUT	https://equsto.com/en/shop/market-reyonlari/eq-lion-lgd-eq3		This operation was aborted
https://equsto.com/en/shop/market-reyonlari/eq-lion-lgd-eq4	TIMEOUT	TIMEOUT	https://equsto.com/en/shop/market-reyonlari/eq-lion-lgd-eq4		This operation was aborted
https://equsto.com/en/shop/market-reyonlari/eq-lion-max-eq1	SITEMAP_URL_500	502	https://equsto.com/en/shop/market-reyonlari/eq-lion-max-eq1		
https://equsto.com/en/shop/market-reyonlari/eq-lion-max-eq2	SITEMAP_URL_500	502	https://equsto.com/en/shop/market-reyonlari/eq-lion-max-eq2		
https://equsto.com/en/shop/market-reyonlari/eq-lion-max-eq3	SITEMAP_URL_500	502	https://equsto.com/en/shop/market-reyonlari/eq-lion-max-eq3		
https://equsto.com/en/shop/market-reyonlari/eq-lion-max-eq4	SITEMAP_URL_500	502	https://equsto.com/en/shop/market-reyonlari/eq-lion-max-eq4		
https://equsto.com/en/shop/market-reyonlari/eq-lion-pgd-eq1	TIMEOUT	TIMEOUT	https://equsto.com/en/shop/market-reyonlari/eq-lion-pgd-eq1		This operation was aborted
https://equsto.com/en/shop/market-reyonlari/eq-lion-pgd-eq2	TIMEOUT	TIMEOUT	https://equsto.com/en/shop/market-reyonlari/eq-lion-pgd-eq2		This operation was aborted
https://equsto.com/en/shop/market-reyonlari/eq-lion-pgd-eq3	TIMEOUT	TIMEOUT	https://equsto.com/en/shop/market-reyonlari/eq-lion-pgd-eq3		This operation was aborted
https://equsto.com/en/shop/market-reyonlari/eq-lion-pgd-eq4	SITEMAP_URL_500	502	https://equsto.com/en/shop/market-reyonlari/eq-lion-pgd-eq4		
https://equsto.com/en/shop/market-reyonlari/eq-lion-retrobanco-eq1	SITEMAP_URL_500	502	https://equsto.com/en/shop/market-reyonlari/eq-lion-retrobanco-eq1		
https://equsto.com/en/shop/market-reyonlari/eq-lion-retrobanco-eq2	SITEMAP_URL_500	502	https://equsto.com/en/shop/market-reyonlari/eq-lion-retrobanco-eq2		
https://equsto.com/en/shop/market-reyonlari/eq-lion-retrobanco-eq3	SITEMAP_URL_500	502	https://equsto.com/en/shop/market-reyonlari/eq-lion-retrobanco-eq3		
https://equsto.com/en/shop/market-reyonlari/eq-lion-retrobanco-eq4	SITEMAP_URL_500	502	https://equsto.com/en/shop/market-reyonlari/eq-lion-retrobanco-eq4		
https://equsto.com/en/shop/market-reyonlari/eq-lion-retrobanco-dgd-eq1	SITEMAP_URL_500	502	https://equsto.com/en/shop/market-reyonlari/eq-lion-retrobanco-dgd-eq1		
https://equsto.com/en/shop/market-reyonlari/eq-lion-retrobanco-dgd-eq2	SITEMAP_URL_500	502	https://equsto.com/en/shop/market-reyonlari/eq-lion-retrobanco-dgd-eq2		
https://equsto.com/en/shop/market-reyonlari/eq-lion-retrobanco-dgd-eq3	SITEMAP_URL_500	502	https://equsto.com/en/shop/market-reyonlari/eq-lion-retrobanco-dgd-eq3		
https://equsto.com/en/shop/market-reyonlari/eq-lion-retrobanco-dgd-eq4	SITEMAP_URL_500	502	https://equsto.com/en/shop/market-reyonlari/eq-lion-retrobanco-dgd-eq4		
https://equsto.com/en/shop/market-reyonlari/eq-lion-sgd-eq1	SITEMAP_URL_500	502	https://equsto.com/en/shop/market-reyonlari/eq-lion-sgd-eq1		
https://equsto.com/en/shop/market-reyonlari/eq-lion-sgd-eq2	SITEMAP_URL_500	502	https://equsto.com/en/shop/market-reyonlari/eq-lion-sgd-eq2		
https://equsto.com/en/shop/market-reyonlari/eq-lion-sgd-eq3	SITEMAP_URL_500	502	https://equsto.com/en/shop/market-reyonlari/eq-lion-sgd-eq3		
https://equsto.com/en/shop/market-reyonlari/eq-lion-sgd-eq4	SITEMAP_URL_500	502	https://equsto.com/en/shop/market-reyonlari/eq-lion-sgd-eq4		
https://equsto.com/en/shop/market-reyonlari/eq-lion-sld-eq1	SITEMAP_URL_500	502	https://equsto.com/en/shop/market-reyonlari/eq-lion-sld-eq1		
https://equsto.com/en/shop/market-reyonlari/eq-lion-sld-eq2	SITEMAP_URL_500	502	https://equsto.com/en/shop/market-reyonlari/eq-lion-sld-eq2		
https://equsto.com/en/shop/market-reyonlari/eq-lion-sld-eq3	TIMEOUT	TIMEOUT	https://equsto.com/en/shop/market-reyonlari/eq-lion-sld-eq3		This operation was aborted
https://equsto.com/en/shop/market-reyonlari/eq-lion-sld-eq4	TIMEOUT	TIMEOUT	https://equsto.com/en/shop/market-reyonlari/eq-lion-sld-eq4		This operation was aborted
https://equsto.com/en/shop/market-reyonlari/eq-lion-sld-eq5	TIMEOUT	TIMEOUT	https://equsto.com/en/shop/market-reyonlari/eq-lion-sld-eq5		This operation was aborted
https://equsto.com/en/shop/market-reyonlari/eq-lion-sld-eq6	SITEMAP_URL_500	502	https://equsto.com/en/shop/market-reyonlari/eq-lion-sld-eq6		
https://equsto.com/en/shop/market-reyonlari/eq-lion-sld-eq7	SITEMAP_URL_500	502	https://equsto.com/en/shop/market-reyonlari/eq-lion-sld-eq7		
https://equsto.com/en/shop/market-reyonlari/eq-lion-sld-eq8	TIMEOUT	TIMEOUT	https://equsto.com/en/shop/market-reyonlari/eq-lion-sld-eq8		This operation was aborted
https://equsto.com/en/shop/market-reyonlari/eq-lion-sld-eq9	SITEMAP_URL_500	502	https://equsto.com/en/shop/market-reyonlari/eq-lion-sld-eq9		
https://equsto.com/en/shop/market-reyonlari/eq-lion-sld-eq10	TIMEOUT	TIMEOUT	https://equsto.com/en/shop/market-reyonlari/eq-lion-sld-eq10		This operation was aborted
https://equsto.com/en/shop/market-reyonlari/eq-lion-sld-eq11	SITEMAP_URL_500	502	https://equsto.com/en/shop/market-reyonlari/eq-lion-sld-eq11		
https://equsto.com/en/shop/market-reyonlari/eq-lion-sld-eq12	TIMEOUT	TIMEOUT	https://equsto.com/en/shop/market-reyonlari/eq-lion-sld-eq12		This operation was aborted
https://equsto.com/en/shop/market-reyonlari/eq-lion-sld-eq13	TIMEOUT	TIMEOUT	https://equsto.com/en/shop/market-reyonlari/eq-lion-sld-eq13		This operation was aborted
https://equsto.com/en/shop/market-reyonlari/eq-lion-sld-eq14	TIMEOUT	TIMEOUT	https://equsto.com/en/shop/market-reyonlari/eq-lion-sld-eq14		This operation was aborted
https://equsto.com/en/shop/market-reyonlari/eq-lion-sld-eq15	TIMEOUT	TIMEOUT	https://equsto.com/en/shop/market-reyonlari/eq-lion-sld-eq15		This operation was aborted
https://equsto.com/en/shop/market-reyonlari/eq-lion-sld-eq16	TIMEOUT	TIMEOUT	https://equsto.com/en/shop/market-reyonlari/eq-lion-sld-eq16		This operation was aborted
https://equsto.com/en/shop/market-reyonlari/eq-lion-sld-eq17	TIMEOUT	TIMEOUT	https://equsto.com/en/shop/market-reyonlari/eq-lion-sld-eq17		This operation was aborted
https://equsto.com/en/shop/market-reyonlari/eq-lion-sld-eq18	TIMEOUT	TIMEOUT	https://equsto.com/en/shop/market-reyonlari/eq-lion-sld-eq18		This operation was aborted
https://equsto.com/en/shop/market-reyonlari/eq-lion-sld-eq19	TIMEOUT	TIMEOUT	https://equsto.com/en/shop/market-reyonlari/eq-lion-sld-eq19		This operation was aborted
https://equsto.com/en/shop/market-reyonlari/eq-lion-sld-eq20	TIMEOUT	TIMEOUT	https://equsto.com/en/shop/market-reyonlari/eq-lion-sld-eq20		This operation was aborted
https://equsto.com/en/shop/market-reyonlari/eq-lion-sld-eq21	TIMEOUT	TIMEOUT	https://equsto.com/en/shop/market-reyonlari/eq-lion-sld-eq21		This operation was aborted
https://equsto.com/en/shop/market-reyonlari/eq-lion-sld-eq22	TIMEOUT	TIMEOUT	https://equsto.com/en/shop/market-reyonlari/eq-lion-sld-eq22		This operation was aborted
https://equsto.com/en/shop/market-reyonlari/eq-lion-sld-eq23	TIMEOUT	TIMEOUT	https://equsto.com/en/shop/market-reyonlari/eq-lion-sld-eq23		This operation was aborted
https://equsto.com/en/shop/market-reyonlari/eq-lion-sld-eq24	TIMEOUT	TIMEOUT	https://equsto.com/en/shop/market-reyonlari/eq-lion-sld-eq24		This operation was aborted
https://equsto.com/en/shop/market-reyonlari/eq-lion-sld-eq25	TIMEOUT	TIMEOUT	https://equsto.com/en/shop/market-reyonlari/eq-lion-sld-eq25		This operation was aborted
https://equsto.com/en/shop/market-reyonlari/eq-lion-sld-eq26	TIMEOUT	TIMEOUT	https://equsto.com/en/shop/market-reyonlari/eq-lion-sld-eq26		This operation was aborted
https://equsto.com/en/shop/market-reyonlari/eq-lion-sld-eq27	TIMEOUT	TIMEOUT	https://equsto.com/en/shop/market-reyonlari/eq-lion-sld-eq27		This operation was aborted
https://equsto.com/en/shop/market-reyonlari/eq-lion-sld-eq28	TIMEOUT	TIMEOUT	https://equsto.com/en/shop/market-reyonlari/eq-lion-sld-eq28		This operation was aborted
https://equsto.com/en/shop/market-reyonlari/eq-lion-sld-eq29	TIMEOUT	TIMEOUT	https://equsto.com/en/shop/market-reyonlari/eq-lion-sld-eq29		This operation was aborted
https://equsto.com/en/shop/market-reyonlari/eq-lion-sld-eq30	TIMEOUT	TIMEOUT	https://equsto.com/en/shop/market-reyonlari/eq-lion-sld-eq30		This operation was aborted
https://equsto.com/en/shop/market-reyonlari/eq-lion-sld-eq31	TIMEOUT	TIMEOUT	https://equsto.com/en/shop/market-reyonlari/eq-lion-sld-eq31		This operation was aborted
https://equsto.com/en/shop/market-reyonlari/eq-lion-sld-eq32	TIMEOUT	TIMEOUT	https://equsto.com/en/shop/market-reyonlari/eq-lion-sld-eq32		This operation was aborted
https://equsto.com/en/shop/market-reyonlari/eq-lion-sld-eq33	TIMEOUT	TIMEOUT	https://equsto.com/en/shop/market-reyonlari/eq-lion-sld-eq33		This operation was aborted
https://equsto.com/en/shop/market-reyonlari/eq-lion-sld-eq34	TIMEOUT	TIMEOUT	https://equsto.com/en/shop/market-reyonlari/eq-lion-sld-eq34		This operation was aborted
https://equsto.com/en/shop/market-reyonlari/eq-lion-sld-eq35	TIMEOUT	TIMEOUT	https://equsto.com/en/shop/market-reyonlari/eq-lion-sld-eq35		This operation was aborted
https://equsto.com/en/shop/market-reyonlari/eq-lion-sld-eq36	TIMEOUT	TIMEOUT	https://equsto.com/en/shop/market-reyonlari/eq-lion-sld-eq36		This operation was aborted
https://equsto.com/en/shop/market-reyonlari/eq-lion-sld-eq37	SITEMAP_URL_500	502	https://equsto.com/en/shop/market-reyonlari/eq-lion-sld-eq37		
https://equsto.com/en/shop/market-reyonlari/eq-lion-sld-eq38	TIMEOUT	TIMEOUT	https://equsto.com/en/shop/market-reyonlari/eq-lion-sld-eq38		This operation was aborted
https://equsto.com/en/shop/market-reyonlari/eq-lion-sld-eq39	TIMEOUT	TIMEOUT	https://equsto.com/en/shop/market-reyonlari/eq-lion-sld-eq39		This operation was aborted
https://equsto.com/en/shop/market-reyonlari/eq-lion-sld-eq40	TIMEOUT	TIMEOUT	https://equsto.com/en/shop/market-reyonlari/eq-lion-sld-eq40		This operation was aborted
https://equsto.com/en/shop/market-reyonlari/eq-lion-sld-eq41	TIMEOUT	TIMEOUT	https://equsto.com/en/shop/market-reyonlari/eq-lion-sld-eq41		This operation was aborted
https://equsto.com/en/shop/market-reyonlari/eq-lion-sld-eq42	TIMEOUT	TIMEOUT	https://equsto.com/en/shop/market-reyonlari/eq-lion-sld-eq42		This operation was aborted
https://equsto.com/en/shop/market-reyonlari/eq-lion-sld-eq43	TIMEOUT	TIMEOUT	https://equsto.com/en/shop/market-reyonlari/eq-lion-sld-eq43		This operation was aborted
https://equsto.com/en/shop/market-reyonlari/eq-lion-sld-eq44	TIMEOUT	TIMEOUT	https://equsto.com/en/shop/market-reyonlari/eq-lion-sld-eq44		This operation was aborted
https://equsto.com/en/shop/market-reyonlari/eq-lion-sld-eq45	TIMEOUT	TIMEOUT	https://equsto.com/en/shop/market-reyonlari/eq-lion-sld-eq45		This operation was aborted
https://equsto.com/en/shop/market-reyonlari/eq-lion-sld-eq46	TIMEOUT	TIMEOUT	https://equsto.com/en/shop/market-reyonlari/eq-lion-sld-eq46		This operation was aborted
https://equsto.com/en/shop/market-reyonlari/eq-lion-sld-eq47	TIMEOUT	TIMEOUT	https://equsto.com/en/shop/market-reyonlari/eq-lion-sld-eq47		This operation was aborted
https://equsto.com/en/shop/market-reyonlari/eq-lion-sld-eq48	TIMEOUT	TIMEOUT	https://equsto.com/en/shop/market-reyonlari/eq-lion-sld-eq48		This operation was aborted
https://equsto.com/en/shop/market-reyonlari/eq-lion-sld-eq49	TIMEOUT	TIMEOUT	https://equsto.com/en/shop/market-reyonlari/eq-lion-sld-eq49		This operation was aborted
https://equsto.com/en/shop/market-reyonlari/eq-lion-sld-eq50	TIMEOUT	TIMEOUT	https://equsto.com/en/shop/market-reyonlari/eq-lion-sld-eq50		This operation was aborted
https://equsto.com/en/shop/market-reyonlari/eq-lion-sld-eq51	SITEMAP_URL_500	502	https://equsto.com/en/shop/market-reyonlari/eq-lion-sld-eq51		
https://equsto.com/en/shop/market-reyonlari/eq-lion-sld-eq52	TIMEOUT	TIMEOUT	https://equsto.com/en/shop/market-reyonlari/eq-lion-sld-eq52		This operation was aborted
https://equsto.com/en/shop/market-reyonlari/eq-lion-sld-eq53	TIMEOUT	TIMEOUT	https://equsto.com/en/shop/market-reyonlari/eq-lion-sld-eq53		This operation was aborted
https://equsto.com/en/shop/market-reyonlari/eq-lion-sld-eq54	TIMEOUT	TIMEOUT	https://equsto.com/en/shop/market-reyonlari/eq-lion-sld-eq54		This operation was aborted
https://equsto.com/en/shop/market-reyonlari/eq-lion-sld-eq55	SITEMAP_URL_500	502	https://equsto.com/en/shop/market-reyonlari/eq-lion-sld-eq55		
https://equsto.com/en/shop/market-reyonlari/eq-lion-sld-eq56	SITEMAP_URL_500	502	https://equsto.com/en/shop/market-reyonlari/eq-lion-sld-eq56		
https://equsto.com/en/shop/market-reyonlari/eq-lion-sld-eq57	TIMEOUT	TIMEOUT	https://equsto.com/en/shop/market-reyonlari/eq-lion-sld-eq57		This operation was aborted
https://equsto.com/en/shop/market-reyonlari/eq-lion-sld-eq58	SITEMAP_URL_500	502	https://equsto.com/en/shop/market-reyonlari/eq-lion-sld-eq58		
https://equsto.com/en/shop/market-reyonlari/eq-lion-sld-eq59	TIMEOUT	TIMEOUT	https://equsto.com/en/shop/market-reyonlari/eq-lion-sld-eq59		This operation was aborted
https://equsto.com/en/shop/market-reyonlari/eq-lion-sld-eq60	TIMEOUT	TIMEOUT	https://equsto.com/en/shop/market-reyonlari/eq-lion-sld-eq60		This operation was aborted
https://equsto.com/en/shop/market-reyonlari/eq-lion-sld-eq61	TIMEOUT	TIMEOUT	https://equsto.com/en/shop/market-reyonlari/eq-lion-sld-eq61		This operation was aborted
https://equsto.com/en/shop/market-reyonlari/eq-lion-sld-eq62	TIMEOUT	TIMEOUT	https://equsto.com/en/shop/market-reyonlari/eq-lion-sld-eq62		This operation was aborted
https://equsto.com/en/shop/market-reyonlari/eq-lion-sld-eq63	TIMEOUT	TIMEOUT	https://equsto.com/en/shop/market-reyonlari/eq-lion-sld-eq63		This operation was aborted
https://equsto.com/en/shop/market-reyonlari/eq-lion-sld-eq64	TIMEOUT	TIMEOUT	https://equsto.com/en/shop/market-reyonlari/eq-lion-sld-eq64		This operation was aborted
https://equsto.com/en/shop/market-reyonlari/eq-lion-tgd-eq1	TIMEOUT	TIMEOUT	https://equsto.com/en/shop/market-reyonlari/eq-lion-tgd-eq1		This operation was aborted
https://equsto.com/en/shop/market-reyonlari/eq-lion-tgd-eq2	TIMEOUT	TIMEOUT	https://equsto.com/en/shop/market-reyonlari/eq-lion-tgd-eq2		This operation was aborted
https://equsto.com/en/shop/market-reyonlari/eq-lion-tgd-eq3	TIMEOUT	TIMEOUT	https://equsto.com/en/shop/market-reyonlari/eq-lion-tgd-eq3		This operation was aborted
https://equsto.com/en/shop/market-reyonlari/eq-lion-tgd-eq4	SITEMAP_URL_500	502	https://equsto.com/en/shop/market-reyonlari/eq-lion-tgd-eq4		
https://equsto.com/en/shop/market-reyonlari/eq-lion-tgd-eq5	SITEMAP_URL_500	502	https://equsto.com/en/shop/market-reyonlari/eq-lion-tgd-eq5		
https://equsto.com/en/shop/market-reyonlari/eq-lion-tgd-eq6	TIMEOUT	TIMEOUT	https://equsto.com/en/shop/market-reyonlari/eq-lion-tgd-eq6		This operation was aborted
https://equsto.com/en/shop/market-reyonlari/eq-lion-tgd-eq7	SITEMAP_URL_500	502	https://equsto.com/en/shop/market-reyonlari/eq-lion-tgd-eq7		
https://equsto.com/en/shop/market-reyonlari/eq-lion-tgd-eq8	SITEMAP_URL_500	502	https://equsto.com/en/shop/market-reyonlari/eq-lion-tgd-eq8		
https://equsto.com/en/shop/market-reyonlari/eq-lion-tgd-eq9	TIMEOUT	TIMEOUT	https://equsto.com/en/shop/market-reyonlari/eq-lion-tgd-eq9		This operation was aborted
https://equsto.com/en/shop/market-reyonlari/eq-lion-tgd-eq10	SITEMAP_URL_500	502	https://equsto.com/en/shop/market-reyonlari/eq-lion-tgd-eq10		
https://equsto.com/en/shop/market-reyonlari/eq-lion-tgd-eq11	SITEMAP_URL_500	502	https://equsto.com/en/shop/market-reyonlari/eq-lion-tgd-eq11		
https://equsto.com/en/shop/market-reyonlari/eq-lion-tgd-eq12	SITEMAP_URL_500	502	https://equsto.com/en/shop/market-reyonlari/eq-lion-tgd-eq12		
https://equsto.com/en/shop/market-reyonlari/eq-lion-tgd-eq13	SITEMAP_URL_500	502	https://equsto.com/en/shop/market-reyonlari/eq-lion-tgd-eq13		
https://equsto.com/en/shop/market-reyonlari/eq-lion-tgd-eq14	SITEMAP_URL_500	502	https://equsto.com/en/shop/market-reyonlari/eq-lion-tgd-eq14		
https://equsto.com/en/shop/market-reyonlari/eq-lion-tgd-eq15	SITEMAP_URL_500	502	https://equsto.com/en/shop/market-reyonlari/eq-lion-tgd-eq15		
https://equsto.com/en/shop/market-reyonlari/eq-lion-tgd-eq16	SITEMAP_URL_500	502	https://equsto.com/en/shop/market-reyonlari/eq-lion-tgd-eq16		
https://equsto.com/en/shop/market-reyonlari/eq-lion-tgd-eq17	SITEMAP_URL_500	502	https://equsto.com/en/shop/market-reyonlari/eq-lion-tgd-eq17		
https://equsto.com/en/shop/market-reyonlari/eq-lion-tgd-eq18	SITEMAP_URL_500	502	https://equsto.com/en/shop/market-reyonlari/eq-lion-tgd-eq18		
https://equsto.com/en/shop/market-reyonlari/eq-lion-tgd-eq19	SITEMAP_URL_500	502	https://equsto.com/en/shop/market-reyonlari/eq-lion-tgd-eq19		
https://equsto.com/en/shop/market-reyonlari/eq-lion-tgd-eq20	SITEMAP_URL_500	502	https://equsto.com/en/shop/market-reyonlari/eq-lion-tgd-eq20		
https://equsto.com/en/shop/market-reyonlari/eq-lion-tgd-eq21	SITEMAP_URL_500	502	https://equsto.com/en/shop/market-reyonlari/eq-lion-tgd-eq21		
https://equsto.com/en/shop/market-reyonlari/eq-lion-tgd-eq22	SITEMAP_URL_500	502	https://equsto.com/en/shop/market-reyonlari/eq-lion-tgd-eq22		
https://equsto.com/en/shop/market-reyonlari/eq-lion-tgd-eq23	TIMEOUT	TIMEOUT	https://equsto.com/en/shop/market-reyonlari/eq-lion-tgd-eq23		This operation was aborted
https://equsto.com/en/shop/market-reyonlari/eq-lion-tgd-eq24	MISSING_CANONICAL	200	https://equsto.com/en/shop/market-reyonlari/eq-lion-tgd-eq24		
https://equsto.com/en/shop/market-reyonlari/eq-lion-tgd-eq25	SITEMAP_URL_500	502	https://equsto.com/en/shop/market-reyonlari/eq-lion-tgd-eq25		
https://equsto.com/en/shop/market-reyonlari/eq-lion-tgd-eq26	TIMEOUT	TIMEOUT	https://equsto.com/en/shop/market-reyonlari/eq-lion-tgd-eq26		This operation was aborted
https://equsto.com/en/shop/market-reyonlari/eq-lion-tgd-eq27	TIMEOUT	TIMEOUT	https://equsto.com/en/shop/market-reyonlari/eq-lion-tgd-eq27		This operation was aborted
https://equsto.com/en/shop/market-reyonlari/eq-lion-tgd-eq28	TIMEOUT	TIMEOUT	https://equsto.com/en/shop/market-reyonlari/eq-lion-tgd-eq28		This operation was aborted
https://equsto.com/en/shop/market-reyonlari/eq-lion-tgd-eq29	TIMEOUT	TIMEOUT	https://equsto.com/en/shop/market-reyonlari/eq-lion-tgd-eq29		This operation was aborted
https://equsto.com/en/shop/market-reyonlari/eq-lion-tgd-eq30	TIMEOUT	TIMEOUT	https://equsto.com/en/shop/market-reyonlari/eq-lion-tgd-eq30		This operation was aborted
https://equsto.com/en/shop/market-reyonlari/eq-lion-tgd-eq31	TIMEOUT	TIMEOUT	https://equsto.com/en/shop/market-reyonlari/eq-lion-tgd-eq31		This operation was aborted
https://equsto.com/en/shop/market-reyonlari/eq-lion-tgd-eq32	TIMEOUT	TIMEOUT	https://equsto.com/en/shop/market-reyonlari/eq-lion-tgd-eq32		This operation was aborted
https://equsto.com/en/shop/market-reyonlari/eq-lion-tgd-eq33	TIMEOUT	TIMEOUT	https://equsto.com/en/shop/market-reyonlari/eq-lion-tgd-eq33		This operation was aborted
https://equsto.com/en/shop/market-reyonlari/eq-lion-tgd-eq34	TIMEOUT	TIMEOUT	https://equsto.com/en/shop/market-reyonlari/eq-lion-tgd-eq34		This operation was aborted
https://equsto.com/en/shop/market-reyonlari/eq-lion-tgd-eq35	TIMEOUT	TIMEOUT	https://equsto.com/en/shop/market-reyonlari/eq-lion-tgd-eq35		This operation was aborted
https://equsto.com/en/shop/market-reyonlari/eq-lion-tgd-eq36	TIMEOUT	TIMEOUT	https://equsto.com/en/shop/market-reyonlari/eq-lion-tgd-eq36		This operation was aborted
https://equsto.com/en/shop/market-reyonlari/eq-lion-tgd-eq37	TIMEOUT	TIMEOUT	https://equsto.com/en/shop/market-reyonlari/eq-lion-tgd-eq37		This operation was aborted
https://equsto.com/en/shop/market-reyonlari/eq-lion-tgd-eq38	TIMEOUT	TIMEOUT	https://equsto.com/en/shop/market-reyonlari/eq-lion-tgd-eq38		This operation was aborted
https://equsto.com/en/shop/market-reyonlari/eq-lion-tgd-eq39	SITEMAP_URL_500	502	https://equsto.com/en/shop/market-reyonlari/eq-lion-tgd-eq39		
https://equsto.com/en/shop/market-reyonlari/eq-lion-tgd-eq40	SITEMAP_URL_500	502	https://equsto.com/en/shop/market-reyonlari/eq-lion-tgd-eq40		
https://equsto.com/en/shop/market-reyonlari/eq-lion-tgd-eq41	SITEMAP_URL_500	502	https://equsto.com/en/shop/market-reyonlari/eq-lion-tgd-eq41		
https://equsto.com/en/shop/market-reyonlari/eq-lion-tgd-eq42	SITEMAP_URL_500	502	https://equsto.com/en/shop/market-reyonlari/eq-lion-tgd-eq42		
https://equsto.com/en/shop/market-reyonlari/eq-lion-tgd-eq43	SITEMAP_URL_500	502	https://equsto.com/en/shop/market-reyonlari/eq-lion-tgd-eq43		
https://equsto.com/en/shop/market-reyonlari/eq-lion-tgd-eq44	SITEMAP_URL_500	502	https://equsto.com/en/shop/market-reyonlari/eq-lion-tgd-eq44		
https://equsto.com/en/shop/market-reyonlari/eq-lion-tgd-eq45	SITEMAP_URL_500	502	https://equsto.com/en/shop/market-reyonlari/eq-lion-tgd-eq45		
https://equsto.com/en/shop/market-reyonlari/eq-lion-tgd-eq46	TIMEOUT	TIMEOUT	https://equsto.com/en/shop/market-reyonlari/eq-lion-tgd-eq46		This operation was aborted
https://equsto.com/en/shop/market-reyonlari/eq-lion-tgd-eq47	TIMEOUT	TIMEOUT	https://equsto.com/en/shop/market-reyonlari/eq-lion-tgd-eq47		This operation was aborted
https://equsto.com/en/shop/market-reyonlari/eq-lion-tgd-eq48	TIMEOUT	TIMEOUT	https://equsto.com/en/shop/market-reyonlari/eq-lion-tgd-eq48		This operation was aborted
https://equsto.com/en/shop/market-reyonlari/eq-lion-tgd-eq49	TIMEOUT	TIMEOUT	https://equsto.com/en/shop/market-reyonlari/eq-lion-tgd-eq49		This operation was aborted
https://equsto.com/en/shop/market-reyonlari/eq-lion-tgd-eq50	TIMEOUT	TIMEOUT	https://equsto.com/en/shop/market-reyonlari/eq-lion-tgd-eq50		This operation was aborted
https://equsto.com/en/shop/market-reyonlari/eq-lion-tgd-eq51	TIMEOUT	TIMEOUT	https://equsto.com/en/shop/market-reyonlari/eq-lion-tgd-eq51		This operation was aborted
https://equsto.com/en/shop/market-reyonlari/eq-lion-tgd-eq52	SITEMAP_URL_500	502	https://equsto.com/en/shop/market-reyonlari/eq-lion-tgd-eq52		
https://equsto.com/en/shop/market-reyonlari/eq-lion-tgd-eq53	TIMEOUT	TIMEOUT	https://equsto.com/en/shop/market-reyonlari/eq-lion-tgd-eq53		This operation was aborted
https://equsto.com/en/shop/market-reyonlari/eq-lion-tgd-eq54	SITEMAP_URL_500	502	https://equsto.com/en/shop/market-reyonlari/eq-lion-tgd-eq54		
https://equsto.com/en/shop/market-reyonlari/eq-lion-tgd-eq55	TIMEOUT	TIMEOUT	https://equsto.com/en/shop/market-reyonlari/eq-lion-tgd-eq55		This operation was aborted
https://equsto.com/en/shop/market-reyonlari/eq-lion-tgd-eq56	SITEMAP_URL_500	502	https://equsto.com/en/shop/market-reyonlari/eq-lion-tgd-eq56		
https://equsto.com/en/shop/market-reyonlari/eq-lion-tgd-eq57	SITEMAP_URL_500	502	https://equsto.com/en/shop/market-reyonlari/eq-lion-tgd-eq57		
https://equsto.com/en/shop/market-reyonlari/eq-lion-tgd-eq58	SITEMAP_URL_500	502	https://equsto.com/en/shop/market-reyonlari/eq-lion-tgd-eq58		
https://equsto.com/en/shop/market-reyonlari/eq-lion-tgd-eq59	SITEMAP_URL_500	502	https://equsto.com/en/shop/market-reyonlari/eq-lion-tgd-eq59		
https://equsto.com/en/shop/market-reyonlari/eq-lion-tgd-eq60	SITEMAP_URL_500	502	https://equsto.com/en/shop/market-reyonlari/eq-lion-tgd-eq60		
https://equsto.com/en/shop/market-reyonlari/eq-lion-tgd-eq61	SITEMAP_URL_500	502	https://equsto.com/en/shop/market-reyonlari/eq-lion-tgd-eq61		
https://equsto.com/en/shop/market-reyonlari/eq-lion-tgd-eq62	SITEMAP_URL_500	502	https://equsto.com/en/shop/market-reyonlari/eq-lion-tgd-eq62		
https://equsto.com/en/shop/market-reyonlari/eq-lion-tgd-eq63	SITEMAP_URL_500	502	https://equsto.com/en/shop/market-reyonlari/eq-lion-tgd-eq63		
https://equsto.com/en/shop/market-reyonlari/eq-lion-tgd-eq64	TIMEOUT	TIMEOUT	https://equsto.com/en/shop/market-reyonlari/eq-lion-tgd-eq64		This operation was aborted
https://equsto.com/en/shop/market-reyonlari/eq-octopus-eq1	TIMEOUT	TIMEOUT	https://equsto.com/en/shop/market-reyonlari/eq-octopus-eq1		This operation was aborted
https://equsto.com/en/shop/market-reyonlari/eq-octopus-eq2	TIMEOUT	TIMEOUT	https://equsto.com/en/shop/market-reyonlari/eq-octopus-eq2		This operation was aborted
https://equsto.com/en/shop/market-reyonlari/eq-octopus-eq3	TIMEOUT	TIMEOUT	https://equsto.com/en/shop/market-reyonlari/eq-octopus-eq3		This operation was aborted
https://equsto.com/en/shop/market-reyonlari/eq-octopus-sld-eq1	TIMEOUT	TIMEOUT	https://equsto.com/en/shop/market-reyonlari/eq-octopus-sld-eq1		This operation was aborted
https://equsto.com/en/shop/market-reyonlari/eq-orca-eq1	TIMEOUT	TIMEOUT	https://equsto.com/en/shop/market-reyonlari/eq-orca-eq1		This operation was aborted
https://equsto.com/en/shop/market-reyonlari/eq-orca-plugin-eq1	TIMEOUT	TIMEOUT	https://equsto.com/en/shop/market-reyonlari/eq-orca-plugin-eq1		This operation was aborted
https://equsto.com/en/shop/market-reyonlari/eq-orca-plugin-eq2	SITEMAP_URL_500	502	https://equsto.com/en/shop/market-reyonlari/eq-orca-plugin-eq2		
https://equsto.com/en/shop/market-reyonlari/eq-orca-plugin-eq3	SITEMAP_URL_500	502	https://equsto.com/en/shop/market-reyonlari/eq-orca-plugin-eq3		
https://equsto.com/en/shop/market-reyonlari/eq-panther-eq1	SITEMAP_URL_500	502	https://equsto.com/en/shop/market-reyonlari/eq-panther-eq1		
https://equsto.com/en/shop/market-reyonlari/eq-panther-eq2	SITEMAP_URL_500	502	https://equsto.com/en/shop/market-reyonlari/eq-panther-eq2		
https://equsto.com/en/shop/market-reyonlari/eq-panther-eq3	TIMEOUT	TIMEOUT	https://equsto.com/en/shop/market-reyonlari/eq-panther-eq3		This operation was aborted
https://equsto.com/en/shop/market-reyonlari/eq-panther-eq4	SITEMAP_URL_500	502	https://equsto.com/en/shop/market-reyonlari/eq-panther-eq4		
https://equsto.com/en/shop/market-reyonlari/eq-panther-dgd-sld-eq1	TIMEOUT	TIMEOUT	https://equsto.com/en/shop/market-reyonlari/eq-panther-dgd-sld-eq1		This operation was aborted
https://equsto.com/en/shop/market-reyonlari/eq-panther-sgd-eq1	SITEMAP_URL_500	502	https://equsto.com/en/shop/market-reyonlari/eq-panther-sgd-eq1		
https://equsto.com/en/shop/market-reyonlari/eq-panther-sgd-eq2	SITEMAP_URL_500	502	https://equsto.com/en/shop/market-reyonlari/eq-panther-sgd-eq2		
https://equsto.com/en/shop/market-reyonlari/eq-panther-sgd-eq3	SITEMAP_URL_500	502	https://equsto.com/en/shop/market-reyonlari/eq-panther-sgd-eq3		
https://equsto.com/en/shop/market-reyonlari/eq-panther-sgd-eq4	TIMEOUT	TIMEOUT	https://equsto.com/en/shop/market-reyonlari/eq-panther-sgd-eq4		This operation was aborted
https://equsto.com/en/shop/market-reyonlari/eq-penguin-eq1	TIMEOUT	TIMEOUT	https://equsto.com/en/shop/market-reyonlari/eq-penguin-eq1		This operation was aborted
https://equsto.com/en/shop/market-reyonlari/eq-phoenix-eq1	SITEMAP_URL_500	502	https://equsto.com/en/shop/market-reyonlari/eq-phoenix-eq1		
https://equsto.com/en/shop/market-reyonlari/eq-phoenix-eq2	SITEMAP_URL_500	502	https://equsto.com/en/shop/market-reyonlari/eq-phoenix-eq2		
https://equsto.com/en/shop/market-reyonlari/eq-phoenix-eq3	SITEMAP_URL_500	502	https://equsto.com/en/shop/market-reyonlari/eq-phoenix-eq3		
https://equsto.com/en/shop/market-reyonlari/eq-puma-eq1	SITEMAP_URL_500	502	https://equsto.com/en/shop/market-reyonlari/eq-puma-eq1		
https://equsto.com/en/shop/market-reyonlari/eq-puma-eq2	SITEMAP_URL_500	502	https://equsto.com/en/shop/market-reyonlari/eq-puma-eq2		
https://equsto.com/en/shop/market-reyonlari/eq-puma-eq3	SITEMAP_URL_500	502	https://equsto.com/en/shop/market-reyonlari/eq-puma-eq3		
https://equsto.com/en/shop/market-reyonlari/eq-puma-eq4	TIMEOUT	TIMEOUT	https://equsto.com/en/shop/market-reyonlari/eq-puma-eq4		This operation was aborted
https://equsto.com/en/shop/market-reyonlari/eq-puma-dgd-sld-eq1	TIMEOUT	TIMEOUT	https://equsto.com/en/shop/market-reyonlari/eq-puma-dgd-sld-eq1		This operation was aborted
https://equsto.com/en/shop/market-reyonlari/eq-puma-sgd-eq1	TIMEOUT	TIMEOUT	https://equsto.com/en/shop/market-reyonlari/eq-puma-sgd-eq1		This operation was aborted
https://equsto.com/en/shop/market-reyonlari/eq-puma-sgd-eq2	TIMEOUT	TIMEOUT	https://equsto.com/en/shop/market-reyonlari/eq-puma-sgd-eq2		This operation was aborted
https://equsto.com/en/shop/market-reyonlari/eq-puma-sgd-eq3	SITEMAP_URL_500	502	https://equsto.com/en/shop/market-reyonlari/eq-puma-sgd-eq3		
https://equsto.com/en/shop/market-reyonlari/eq-puma-sgd-eq4	SITEMAP_URL_500	502	https://equsto.com/en/shop/market-reyonlari/eq-puma-sgd-eq4		
https://equsto.com/en/shop/market-reyonlari/eq-quokka-eq1	SITEMAP_URL_500	502	https://equsto.com/en/shop/market-reyonlari/eq-quokka-eq1		
https://equsto.com/en/shop/market-reyonlari/eq-quokka-eq2	SITEMAP_URL_500	502	https://equsto.com/en/shop/market-reyonlari/eq-quokka-eq2		
https://equsto.com/en/shop/market-reyonlari/eq-quokka-eq3	SITEMAP_URL_500	502	https://equsto.com/en/shop/market-reyonlari/eq-quokka-eq3		
https://equsto.com/en/shop/market-reyonlari/eq-quokka-eq4	TIMEOUT	TIMEOUT	https://equsto.com/en/shop/market-reyonlari/eq-quokka-eq4		This operation was aborted
https://equsto.com/en/shop/market-reyonlari/eq-quokka-eq5	SITEMAP_URL_500	502	https://equsto.com/en/shop/market-reyonlari/eq-quokka-eq5		
https://equsto.com/en/shop/market-reyonlari/eq-quokka-eq6	SITEMAP_URL_500	502	https://equsto.com/en/shop/market-reyonlari/eq-quokka-eq6		
https://equsto.com/en/shop/market-reyonlari/eq-quokka-eq7	SITEMAP_URL_500	502	https://equsto.com/en/shop/market-reyonlari/eq-quokka-eq7		
https://equsto.com/en/shop/market-reyonlari/eq-quokka-eq8	SITEMAP_URL_500	502	https://equsto.com/en/shop/market-reyonlari/eq-quokka-eq8		
https://equsto.com/en/shop/market-reyonlari/eq-quokka-eq9	SITEMAP_URL_500	502	https://equsto.com/en/shop/market-reyonlari/eq-quokka-eq9		
https://equsto.com/en/shop/market-reyonlari/eq-quokka-eq10	SITEMAP_URL_500	502	https://equsto.com/en/shop/market-reyonlari/eq-quokka-eq10		
https://equsto.com/en/shop/market-reyonlari/eq-rabbit-eq1	SITEMAP_URL_500	502	https://equsto.com/en/shop/market-reyonlari/eq-rabbit-eq1		
https://equsto.com/en/shop/market-reyonlari/eq-rabbit-eq2	SITEMAP_URL_500	502	https://equsto.com/en/shop/market-reyonlari/eq-rabbit-eq2		
https://equsto.com/en/shop/market-reyonlari/eq-rabbit-eq3	SITEMAP_URL_500	502	https://equsto.com/en/shop/market-reyonlari/eq-rabbit-eq3		
https://equsto.com/en/shop/market-reyonlari/eq-rhino-eq1	TIMEOUT	TIMEOUT	https://equsto.com/en/shop/market-reyonlari/eq-rhino-eq1		This operation was aborted
https://equsto.com/en/shop/market-reyonlari/eq-rhino-eq2	SITEMAP_URL_500	502	https://equsto.com/en/shop/market-reyonlari/eq-rhino-eq2		
https://equsto.com/en/shop/market-reyonlari/eq-rhino-eq3	SITEMAP_URL_500	502	https://equsto.com/en/shop/market-reyonlari/eq-rhino-eq3		
https://equsto.com/en/shop/market-reyonlari/eq-rhino-eq4	SITEMAP_URL_500	502	https://equsto.com/en/shop/market-reyonlari/eq-rhino-eq4		
https://equsto.com/en/shop/market-reyonlari/eq-rhino-eq5	SITEMAP_URL_500	502	https://equsto.com/en/shop/market-reyonlari/eq-rhino-eq5		
https://equsto.com/en/shop/market-reyonlari/eq-rhino-eq6	TIMEOUT	TIMEOUT	https://equsto.com/en/shop/market-reyonlari/eq-rhino-eq6		This operation was aborted
https://equsto.com/en/shop/market-reyonlari/eq-rhino-eq7	SITEMAP_URL_500	502	https://equsto.com/en/shop/market-reyonlari/eq-rhino-eq7		
https://equsto.com/en/shop/market-reyonlari/eq-rhino-eq8	SITEMAP_URL_500	502	https://equsto.com/en/shop/market-reyonlari/eq-rhino-eq8		
https://equsto.com/en/shop/market-reyonlari/eq-scorpion-eq1	SITEMAP_URL_500	502	https://equsto.com/en/shop/market-reyonlari/eq-scorpion-eq1		
https://equsto.com/en/shop/market-reyonlari/eq-scorpion-max-eq1	SITEMAP_URL_500	502	https://equsto.com/en/shop/market-reyonlari/eq-scorpion-max-eq1		
https://equsto.com/en/shop/market-reyonlari/eq-soguk-hava-deposu-eq1	TIMEOUT	TIMEOUT	https://equsto.com/en/shop/market-reyonlari/eq-soguk-hava-deposu-eq1		This operation was aborted
https://equsto.com/en/shop/market-reyonlari/eq-spider-eq1	TIMEOUT	TIMEOUT	https://equsto.com/en/shop/market-reyonlari/eq-spider-eq1		This operation was aborted
https://equsto.com/en/shop/market-reyonlari/eq-split-sogutma-sistemi-eq1	SITEMAP_URL_500	502	https://equsto.com/en/shop/market-reyonlari/eq-split-sogutma-sistemi-eq1		
https://equsto.com/en/shop/market-reyonlari/eq-tiger-cg-eq1	SITEMAP_URL_500	502	https://equsto.com/en/shop/market-reyonlari/eq-tiger-cg-eq1		
https://equsto.com/en/shop/market-reyonlari/eq-tiger-cg-eq2	SITEMAP_URL_500	502	https://equsto.com/en/shop/market-reyonlari/eq-tiger-cg-eq2		
https://equsto.com/en/shop/market-reyonlari/eq-tiger-cg-eq3	TIMEOUT	TIMEOUT	https://equsto.com/en/shop/market-reyonlari/eq-tiger-cg-eq3		This operation was aborted
https://equsto.com/en/shop/market-reyonlari/eq-tiger-cg-eq4	SITEMAP_URL_500	502	https://equsto.com/en/shop/market-reyonlari/eq-tiger-cg-eq4		
https://equsto.com/en/shop/market-reyonlari/eq-tiger-cg-eq5	TIMEOUT	TIMEOUT	https://equsto.com/en/shop/market-reyonlari/eq-tiger-cg-eq5		This operation was aborted
https://equsto.com/en/shop/market-reyonlari/eq-tiger-cg-eq6	TIMEOUT	TIMEOUT	https://equsto.com/en/shop/market-reyonlari/eq-tiger-cg-eq6		This operation was aborted
https://equsto.com/en/shop/market-reyonlari/eq-tiger-cg-eq7	TIMEOUT	TIMEOUT	https://equsto.com/en/shop/market-reyonlari/eq-tiger-cg-eq7		This operation was aborted
https://equsto.com/en/shop/market-reyonlari/eq-tiger-dp-eq1	SITEMAP_URL_500	502	https://equsto.com/en/shop/market-reyonlari/eq-tiger-dp-eq1		
https://equsto.com/en/shop/market-reyonlari/eq-tiger-dp-eq2	TIMEOUT	TIMEOUT	https://equsto.com/en/shop/market-reyonlari/eq-tiger-dp-eq2		This operation was aborted
https://equsto.com/en/shop/market-reyonlari/eq-tiger-dp-eq3	SITEMAP_URL_500	502	https://equsto.com/en/shop/market-reyonlari/eq-tiger-dp-eq3		
https://equsto.com/en/shop/market-reyonlari/eq-tiger-dp-eq4	SITEMAP_URL_500	502	https://equsto.com/en/shop/market-reyonlari/eq-tiger-dp-eq4		
https://equsto.com/en/shop/market-reyonlari/eq-tiger-dp-eq5	SITEMAP_URL_500	502	https://equsto.com/en/shop/market-reyonlari/eq-tiger-dp-eq5		
https://equsto.com/en/shop/market-reyonlari/eq-tiger-dp-eq6	SITEMAP_URL_500	502	https://equsto.com/en/shop/market-reyonlari/eq-tiger-dp-eq6		
https://equsto.com/en/shop/market-reyonlari/eq-tiger-dp-eq7	TIMEOUT	TIMEOUT	https://equsto.com/en/shop/market-reyonlari/eq-tiger-dp-eq7		This operation was aborted
https://equsto.com/en/shop/market-reyonlari/eq-tiger-fg-eq1	SITEMAP_URL_500	502	https://equsto.com/en/shop/market-reyonlari/eq-tiger-fg-eq1		
https://equsto.com/en/shop/market-reyonlari/eq-tiger-fg-eq2	SITEMAP_URL_500	502	https://equsto.com/en/shop/market-reyonlari/eq-tiger-fg-eq2		
https://equsto.com/en/shop/market-reyonlari/eq-tiger-fg-eq3	SITEMAP_URL_500	502	https://equsto.com/en/shop/market-reyonlari/eq-tiger-fg-eq3		
https://equsto.com/en/shop/market-reyonlari/eq-tiger-fg-eq4	TIMEOUT	TIMEOUT	https://equsto.com/en/shop/market-reyonlari/eq-tiger-fg-eq4		This operation was aborted
https://equsto.com/en/shop/market-reyonlari/eq-tiger-fg-eq5	TIMEOUT	TIMEOUT	https://equsto.com/en/shop/market-reyonlari/eq-tiger-fg-eq5		This operation was aborted
https://equsto.com/en/shop/market-reyonlari/eq-tiger-fg-eq6	SITEMAP_URL_500	502	https://equsto.com/en/shop/market-reyonlari/eq-tiger-fg-eq6		
https://equsto.com/en/shop/market-reyonlari/eq-tiger-fg-eq7	SITEMAP_URL_500	502	https://equsto.com/en/shop/market-reyonlari/eq-tiger-fg-eq7		
https://equsto.com/en/shop/market-reyonlari/eq-tiger-ifg-eq1	SITEMAP_URL_500	502	https://equsto.com/en/shop/market-reyonlari/eq-tiger-ifg-eq1		
https://equsto.com/en/shop/market-reyonlari/eq-tiger-wfg-eq1	SITEMAP_URL_500	502	https://equsto.com/en/shop/market-reyonlari/eq-tiger-wfg-eq1		
https://equsto.com/en/shop/market-reyonlari/eq-tiger-wfg-eq2	TIMEOUT	TIMEOUT	https://equsto.com/en/shop/market-reyonlari/eq-tiger-wfg-eq2		This operation was aborted
https://equsto.com/en/shop/market-reyonlari/eq-tiger-wfg-eq3	SITEMAP_URL_500	502	https://equsto.com/en/shop/market-reyonlari/eq-tiger-wfg-eq3		
https://equsto.com/en/shop/market-reyonlari/eq-tiger-wfg-eq4	TIMEOUT	TIMEOUT	https://equsto.com/en/shop/market-reyonlari/eq-tiger-wfg-eq4		This operation was aborted
https://equsto.com/en/shop/market-reyonlari/eq-tiger-wfg-eq5	TIMEOUT	TIMEOUT	https://equsto.com/en/shop/market-reyonlari/eq-tiger-wfg-eq5		This operation was aborted
https://equsto.com/en/shop/market-reyonlari/eq-tiger-wfg-eq6	TIMEOUT	TIMEOUT	https://equsto.com/en/shop/market-reyonlari/eq-tiger-wfg-eq6		This operation was aborted
https://equsto.com/en/shop/market-reyonlari/eq-tiger-wfg-eq7	TIMEOUT	TIMEOUT	https://equsto.com/en/shop/market-reyonlari/eq-tiger-wfg-eq7		This operation was aborted
https://equsto.com/en/shop/market-reyonlari/eq-whale-eq1	TIMEOUT	TIMEOUT	https://equsto.com/en/shop/market-reyonlari/eq-whale-eq1		This operation was aborted
https://equsto.com/en/shop/market-reyonlari/eq-whale-eq2	TIMEOUT	TIMEOUT	https://equsto.com/en/shop/market-reyonlari/eq-whale-eq2		This operation was aborted
https://equsto.com/en/shop/market-reyonlari/eq-whale-eq3	TIMEOUT	TIMEOUT	https://equsto.com/en/shop/market-reyonlari/eq-whale-eq3		This operation was aborted
https://equsto.com/en/shop/market-reyonlari/eq-whale-eq4	TIMEOUT	TIMEOUT	https://equsto.com/en/shop/market-reyonlari/eq-whale-eq4		This operation was aborted
https://equsto.com/en/shop/market-reyonlari/be-m037-3k	TIMEOUT	TIMEOUT	https://equsto.com/en/shop/market-reyonlari/be-m037-3k		This operation was aborted
https://equsto.com/en/shop/market-reyonlari/be-m037-3s	TIMEOUT	TIMEOUT	https://equsto.com/en/shop/market-reyonlari/be-m037-3s		This operation was aborted
https://equsto.com/en/shop/market-reyonlari/be-m037-4k	TIMEOUT	TIMEOUT	https://equsto.com/en/shop/market-reyonlari/be-m037-4k		This operation was aborted
https://equsto.com/en/shop/market-reyonlari/be-m037-4s	TIMEOUT	TIMEOUT	https://equsto.com/en/shop/market-reyonlari/be-m037-4s		This operation was aborted
https://equsto.com/en/shop/market-reyonlari/be1-m037-5k	TIMEOUT	TIMEOUT	https://equsto.com/en/shop/market-reyonlari/be1-m037-5k		This operation was aborted
https://equsto.com/en/shop/market-reyonlari/be1-m037-5s	TIMEOUT	TIMEOUT	https://equsto.com/en/shop/market-reyonlari/be1-m037-5s		This operation was aborted
https://equsto.com/en/shop/market-reyonlari/be1-m037-6k	TIMEOUT	TIMEOUT	https://equsto.com/en/shop/market-reyonlari/be1-m037-6k		This operation was aborted
https://equsto.com/en/shop/market-reyonlari/be1-m037-6s	TIMEOUT	TIMEOUT	https://equsto.com/en/shop/market-reyonlari/be1-m037-6s		This operation was aborted
https://equsto.com/en/shop/market-reyonlari/e-ss37-10	TIMEOUT	TIMEOUT	https://equsto.com/en/shop/market-reyonlari/e-ss37-10		This operation was aborted
https://equsto.com/en/shop/market-reyonlari/e-ss37-3	TIMEOUT	TIMEOUT	https://equsto.com/en/shop/market-reyonlari/e-ss37-3		This operation was aborted
https://equsto.com/en/shop/market-reyonlari/e-ss37-4	TIMEOUT	TIMEOUT	https://equsto.com/en/shop/market-reyonlari/e-ss37-4		This operation was aborted
https://equsto.com/en/shop/market-reyonlari/e-ss37-6	TIMEOUT	TIMEOUT	https://equsto.com/en/shop/market-reyonlari/e-ss37-6		This operation was aborted
https://equsto.com/en/shop/market-reyonlari/e-ss37-8	TIMEOUT	TIMEOUT	https://equsto.com/en/shop/market-reyonlari/e-ss37-8		This operation was aborted
https://equsto.com/en/shop/market-reyonlari/m037-3se	TIMEOUT	TIMEOUT	https://equsto.com/en/shop/market-reyonlari/m037-3se		This operation was aborted
https://equsto.com/en/shop/market-reyonlari/m037-4se	TIMEOUT	TIMEOUT	https://equsto.com/en/shop/market-reyonlari/m037-4se		This operation was aborted
https://equsto.com/en/shop/market-reyonlari/m037-5se	TIMEOUT	TIMEOUT	https://equsto.com/en/shop/market-reyonlari/m037-5se		This operation was aborted
https://equsto.com/en/shop/market-reyonlari/m037-6se	TIMEOUT	TIMEOUT	https://equsto.com/en/shop/market-reyonlari/m037-6se		This operation was aborted
https://equsto.com/en/shop/market-reyonlari/mx037-1-mbl	TIMEOUT	TIMEOUT	https://equsto.com/en/shop/market-reyonlari/mx037-1-mbl		This operation was aborted
https://equsto.com/en/shop/market-reyonlari/mx037-2	TIMEOUT	TIMEOUT	https://equsto.com/en/shop/market-reyonlari/mx037-2		This operation was aborted
https://equsto.com/en/shop/market-reyonlari/mx037-3	TIMEOUT	TIMEOUT	https://equsto.com/en/shop/market-reyonlari/mx037-3		This operation was aborted
https://equsto.com/en/shop/market-reyonlari/mx037-4	SITEMAP_URL_500	502	https://equsto.com/en/shop/market-reyonlari/mx037-4		
https://equsto.com/en/shop/market-reyonlari/pvk100	SITEMAP_URL_500	502	https://equsto.com/en/shop/market-reyonlari/pvk100		
https://equsto.com/en/shop/market-reyonlari/pvk60	TIMEOUT	TIMEOUT	https://equsto.com/en/shop/market-reyonlari/pvk60		This operation was aborted
https://equsto.com/en/shop/market-reyonlari/pvk80	SITEMAP_URL_500	502	https://equsto.com/en/shop/market-reyonlari/pvk80		
https://equsto.com/en/shop/pisirme/eaei-360	SITEMAP_URL_500	502	https://equsto.com/en/shop/pisirme/eaei-360		
https://equsto.com/en/shop/pisirme/eaei-460	SITEMAP_URL_500	502	https://equsto.com/en/shop/pisirme/eaei-460		
https://equsto.com/en/shop/pisirme/eaei-660	SITEMAP_URL_500	502	https://equsto.com/en/shop/pisirme/eaei-660		
https://equsto.com/en/shop/pisirme/eaei-860	SITEMAP_URL_500	502	https://equsto.com/en/shop/pisirme/eaei-860		
https://equsto.com/en/shop/pisirme/eaei-1060	SITEMAP_URL_500	502	https://equsto.com/en/shop/pisirme/eaei-1060		
https://equsto.com/en/shop/pisirme/eaei-360-n	SITEMAP_URL_500	502	https://equsto.com/en/shop/pisirme/eaei-360-n		
https://equsto.com/en/shop/pisirme/eaei-460-n	TIMEOUT	TIMEOUT	https://equsto.com/en/shop/pisirme/eaei-460-n		This operation was aborted
https://equsto.com/en/shop/pisirme/eaei-660-n	SITEMAP_URL_500	502	https://equsto.com/en/shop/pisirme/eaei-660-n		
https://equsto.com/en/shop/pisirme/eaei-860-n	SITEMAP_URL_500	502	https://equsto.com/en/shop/pisirme/eaei-860-n		
https://equsto.com/en/shop/pisirme/eaei-1060-n	SITEMAP_URL_500	502	https://equsto.com/en/shop/pisirme/eaei-1060-n		
https://equsto.com/en/shop/pisirme/eaei-660-nd	SITEMAP_URL_500	502	https://equsto.com/en/shop/pisirme/eaei-660-nd		
https://equsto.com/en/shop/pisirme/eaei-860-nd	SITEMAP_URL_500	502	https://equsto.com/en/shop/pisirme/eaei-860-nd		
https://equsto.com/en/shop/pisirme/eaei-1060-nd	SITEMAP_URL_500	502	https://equsto.com/en/shop/pisirme/eaei-1060-nd		
https://equsto.com/en/shop/pisirme/eaei-360cr	SITEMAP_URL_500	502	https://equsto.com/en/shop/pisirme/eaei-360cr		
https://equsto.com/en/shop/pisirme/eaei-460cr	SITEMAP_URL_500	502	https://equsto.com/en/shop/pisirme/eaei-460cr		
https://equsto.com/en/shop/pisirme/eaei-660cr	SITEMAP_URL_500	502	https://equsto.com/en/shop/pisirme/eaei-660cr		
https://equsto.com/en/shop/pisirme/eaei-860cr	SITEMAP_URL_500	502	https://equsto.com/en/shop/pisirme/eaei-860cr		
https://equsto.com/en/shop/pisirme/eaei-1060cr	SITEMAP_URL_500	502	https://equsto.com/en/shop/pisirme/eaei-1060cr		
https://equsto.com/en/shop/pisirme/eaei-360-ncr	SITEMAP_URL_500	502	https://equsto.com/en/shop/pisirme/eaei-360-ncr		
https://equsto.com/en/shop/pisirme/eaei-460-ncr	SITEMAP_URL_500	502	https://equsto.com/en/shop/pisirme/eaei-460-ncr		
https://equsto.com/en/shop/pisirme/eaei-660-ncr	SITEMAP_URL_500	502	https://equsto.com/en/shop/pisirme/eaei-660-ncr		
https://equsto.com/en/shop/pisirme/eaei-860-ncr	SITEMAP_URL_500	502	https://equsto.com/en/shop/pisirme/eaei-860-ncr		
https://equsto.com/en/shop/pisirme/eaei-1060-ncr	SITEMAP_URL_500	502	https://equsto.com/en/shop/pisirme/eaei-1060-ncr		
https://equsto.com/en/shop/pisirme/eaei-660-ndcr	SITEMAP_URL_500	502	https://equsto.com/en/shop/pisirme/eaei-660-ndcr		
https://equsto.com/en/shop/pisirme/eaei-860-ndcr	SITEMAP_URL_500	502	https://equsto.com/en/shop/pisirme/eaei-860-ndcr		
https://equsto.com/en/shop/pisirme/eaei-1060-ndcr	SITEMAP_URL_500	502	https://equsto.com/en/shop/pisirme/eaei-1060-ndcr		
https://equsto.com/en/shop/pisirme/eagi-360	SITEMAP_URL_500	502	https://equsto.com/en/shop/pisirme/eagi-360		
https://equsto.com/en/shop/pisirme/eagi-460	SITEMAP_URL_500	502	https://equsto.com/en/shop/pisirme/eagi-460		
https://equsto.com/en/shop/pisirme/eagi-660	SITEMAP_URL_500	502	https://equsto.com/en/shop/pisirme/eagi-660		
https://equsto.com/en/shop/pisirme/eagi-860	SITEMAP_URL_500	502	https://equsto.com/en/shop/pisirme/eagi-860		
https://equsto.com/en/shop/pisirme/eagi-1060	TIMEOUT	TIMEOUT	https://equsto.com/en/shop/pisirme/eagi-1060		This operation was aborted
https://equsto.com/en/shop/pisirme/eagi-360-n	SITEMAP_URL_500	502	https://equsto.com/en/shop/pisirme/eagi-360-n		
https://equsto.com/en/shop/pisirme/eagi-460-n	SITEMAP_URL_500	502	https://equsto.com/en/shop/pisirme/eagi-460-n		
https://equsto.com/en/shop/pisirme/eagi-660-n	SITEMAP_URL_500	502	https://equsto.com/en/shop/pisirme/eagi-660-n		
https://equsto.com/en/shop/pisirme/eagi-860-n	SITEMAP_URL_500	502	https://equsto.com/en/shop/pisirme/eagi-860-n		
https://equsto.com/en/shop/pisirme/eagi-1060-n	SITEMAP_URL_500	502	https://equsto.com/en/shop/pisirme/eagi-1060-n		
https://equsto.com/en/shop/pisirme/eagi-660-nd	SITEMAP_URL_500	502	https://equsto.com/en/shop/pisirme/eagi-660-nd		
https://equsto.com/en/shop/pisirme/eagi-860-nd	SITEMAP_URL_500	502	https://equsto.com/en/shop/pisirme/eagi-860-nd		
https://equsto.com/en/shop/pisirme/eagi-1060-nd	SITEMAP_URL_500	502	https://equsto.com/en/shop/pisirme/eagi-1060-nd		
https://equsto.com/en/shop/pisirme/eagi-360cr	SITEMAP_URL_500	502	https://equsto.com/en/shop/pisirme/eagi-360cr		
https://equsto.com/en/shop/pisirme/eagi-460cr	TIMEOUT	TIMEOUT	https://equsto.com/en/shop/pisirme/eagi-460cr		This operation was aborted
https://equsto.com/en/shop/pisirme/eagi-660cr	TIMEOUT	TIMEOUT	https://equsto.com/en/shop/pisirme/eagi-660cr		This operation was aborted
https://equsto.com/en/shop/pisirme/eagi-860cr	SITEMAP_URL_500	502	https://equsto.com/en/shop/pisirme/eagi-860cr		
https://equsto.com/en/shop/pisirme/eagi-1060cr	SITEMAP_URL_500	502	https://equsto.com/en/shop/pisirme/eagi-1060cr		
https://equsto.com/en/shop/pisirme/eagi-360-ncr	SITEMAP_URL_500	502	https://equsto.com/en/shop/pisirme/eagi-360-ncr		
https://equsto.com/en/shop/pisirme/eagi-460-ncr	SITEMAP_URL_500	502	https://equsto.com/en/shop/pisirme/eagi-460-ncr		
https://equsto.com/en/shop/pisirme/eagi-660-ncr	SITEMAP_URL_500	502	https://equsto.com/en/shop/pisirme/eagi-660-ncr		
https://equsto.com/en/shop/pisirme/eagi-860-ncr	SITEMAP_URL_500	502	https://equsto.com/en/shop/pisirme/eagi-860-ncr		
https://equsto.com/en/shop/pisirme/eagi-1060-ncr	SITEMAP_URL_500	502	https://equsto.com/en/shop/pisirme/eagi-1060-ncr		
https://equsto.com/en/shop/pisirme/eagi-660-ndcr	SITEMAP_URL_500	502	https://equsto.com/en/shop/pisirme/eagi-660-ndcr		
https://equsto.com/en/shop/pisirme/eagi-860-ndcr	SITEMAP_URL_500	502	https://equsto.com/en/shop/pisirme/eagi-860-ndcr		
https://equsto.com/en/shop/pisirme/eagi-1060-ndcr	SITEMAP_URL_500	502	https://equsto.com/en/shop/pisirme/eagi-1060-ndcr		
https://equsto.com/en/shop/pisirme/eaaie-460	SITEMAP_URL_500	502	https://equsto.com/en/shop/pisirme/eaaie-460		
https://equsto.com/en/shop/pisirme/eaaie-660	TIMEOUT	TIMEOUT	https://equsto.com/en/shop/pisirme/eaaie-660		This operation was aborted
https://equsto.com/en/shop/pisirme/eali-660	TIMEOUT	TIMEOUT	https://equsto.com/en/shop/pisirme/eali-660		This operation was aborted
https://equsto.com/en/shop/pisirme/eali-460	TIMEOUT	TIMEOUT	https://equsto.com/en/shop/pisirme/eali-460		This operation was aborted
https://equsto.com/en/shop/pisirme/eali-860	SITEMAP_URL_500	502	https://equsto.com/en/shop/pisirme/eali-860		
https://equsto.com/en/shop/pisirme/eaef-360	SITEMAP_URL_500	502	https://equsto.com/en/shop/pisirme/eaef-360		
https://equsto.com/en/shop/pisirme/eaef-460	SITEMAP_URL_500	502	https://equsto.com/en/shop/pisirme/eaef-460		
https://equsto.com/en/shop/pisirme/eaef-660	SITEMAP_URL_500	502	https://equsto.com/en/shop/pisirme/eaef-660		
https://equsto.com/en/shop/pisirme/eaef-860	SITEMAP_URL_500	502	https://equsto.com/en/shop/pisirme/eaef-860		
https://equsto.com/en/shop/pisirme/eagf-460	SITEMAP_URL_500	502	https://equsto.com/en/shop/pisirme/eagf-460		
https://equsto.com/en/shop/pisirme/eagf-660	SITEMAP_URL_500	502	https://equsto.com/en/shop/pisirme/eagf-660		
https://equsto.com/en/shop/pisirme/eagf-860	SITEMAP_URL_500	502	https://equsto.com/en/shop/pisirme/eagf-860		
https://equsto.com/en/shop/pisirme/gn1-2150	TIMEOUT	TIMEOUT	https://equsto.com/en/shop/pisirme/gn1-2150		This operation was aborted
https://equsto.com/en/shop/pisirme/gn2-3150	TIMEOUT	TIMEOUT	https://equsto.com/en/shop/pisirme/gn2-3150		This operation was aborted
https://equsto.com/en/shop/pisirme/gn1-4%2Bgn1-2150	TIMEOUT	TIMEOUT	https://equsto.com/en/shop/pisirme/gn1-4%2Bgn1-2150		This operation was aborted
https://equsto.com/en/shop/pisirme/easb-660	TIMEOUT	TIMEOUT	https://equsto.com/en/shop/pisirme/easb-660		This operation was aborted
https://equsto.com/en/shop/pisirme/gn1-2%2Bgn1-3150	TIMEOUT	TIMEOUT	https://equsto.com/en/shop/pisirme/gn1-2%2Bgn1-3150		This operation was aborted
https://equsto.com/en/shop/pisirme/eamp-360	TIMEOUT	TIMEOUT	https://equsto.com/en/shop/pisirme/eamp-360		This operation was aborted
https://equsto.com/en/shop/pisirme/eamp-660	SITEMAP_URL_500	502	https://equsto.com/en/shop/pisirme/eamp-660		
https://equsto.com/en/shop/pisirme/eamp-460	TIMEOUT	TIMEOUT	https://equsto.com/en/shop/pisirme/eamp-460		This operation was aborted
https://equsto.com/en/shop/pisirme/eaeo-360	SITEMAP_URL_500	502	https://equsto.com/en/shop/pisirme/eaeo-360		
https://equsto.com/en/shop/pisirme/eaeo-460	SITEMAP_URL_500	502	https://equsto.com/en/shop/pisirme/eaeo-460		
https://equsto.com/en/shop/pisirme/eaeo-660	SITEMAP_URL_500	502	https://equsto.com/en/shop/pisirme/eaeo-660		
https://equsto.com/en/shop/pisirme/eaeo-860	TIMEOUT	TIMEOUT	https://equsto.com/en/shop/pisirme/eaeo-860		This operation was aborted
https://equsto.com/en/shop/pisirme/eaeo-1060	TIMEOUT	TIMEOUT	https://equsto.com/en/shop/pisirme/eaeo-1060		This operation was aborted
https://equsto.com/en/shop/pisirme/eago-360	SITEMAP_URL_500	502	https://equsto.com/en/shop/pisirme/eago-360		
https://equsto.com/en/shop/pisirme/eago-460	SITEMAP_URL_500	502	https://equsto.com/en/shop/pisirme/eago-460		
https://equsto.com/en/shop/pisirme/eago-660	SITEMAP_URL_500	502	https://equsto.com/en/shop/pisirme/eago-660		
https://equsto.com/en/shop/pisirme/eago-860	SITEMAP_URL_500	502	https://equsto.com/en/shop/pisirme/eago-860		
https://equsto.com/en/shop/pisirme/eago-1060	SITEMAP_URL_500	502	https://equsto.com/en/shop/pisirme/eago-1060		
https://equsto.com/en/shop/pisirme/eago460t	SITEMAP_URL_500	502	https://equsto.com/en/shop/pisirme/eago460t		
https://equsto.com/en/shop/pisirme/eago-860t	TIMEOUT	TIMEOUT	https://equsto.com/en/shop/pisirme/eago-860t		This operation was aborted
https://equsto.com/en/shop/pisirme/eawo460	TIMEOUT	TIMEOUT	https://equsto.com/en/shop/pisirme/eawo460		This operation was aborted
https://equsto.com/en/shop/pisirme/eawo-860	TIMEOUT	TIMEOUT	https://equsto.com/en/shop/pisirme/eawo-860		This operation was aborted
https://equsto.com/en/shop/pisirme/easfe-860st	SITEMAP_URL_500	502	https://equsto.com/en/shop/pisirme/easfe-860st		
https://equsto.com/en/shop/pisirme/easfe-860f	SITEMAP_URL_500	502	https://equsto.com/en/shop/pisirme/easfe-860f		
https://equsto.com/en/shop/pisirme/easfe-1060st	SITEMAP_URL_500	502	https://equsto.com/en/shop/pisirme/easfe-1060st		
https://equsto.com/en/shop/pisirme/easfe-1060f	SITEMAP_URL_500	502	https://equsto.com/en/shop/pisirme/easfe-1060f		
https://equsto.com/en/shop/pisirme/easfg-860	SITEMAP_URL_500	502	https://equsto.com/en/shop/pisirme/easfg-860		
https://equsto.com/en/shop/pisirme/easfg-1060	TIMEOUT	TIMEOUT	https://equsto.com/en/shop/pisirme/easfg-1060		This operation was aborted
https://equsto.com/en/shop/pisirme/eaek-860	SITEMAP_URL_500	502	https://equsto.com/en/shop/pisirme/eaek-860		
https://equsto.com/en/shop/pisirme/eaek-1060	TIMEOUT	TIMEOUT	https://equsto.com/en/shop/pisirme/eaek-1060		This operation was aborted
https://equsto.com/en/shop/pisirme/eagk-860	TIMEOUT	TIMEOUT	https://equsto.com/en/shop/pisirme/eagk-860		This operation was aborted
https://equsto.com/en/shop/pisirme/eagk-1060	TIMEOUT	TIMEOUT	https://equsto.com/en/shop/pisirme/eagk-1060		This operation was aborted
https://equsto.com/en/shop/pisirme/eaat-360	SITEMAP_URL_500	502	https://equsto.com/en/shop/pisirme/eaat-360		
https://equsto.com/en/shop/pisirme/eaat-660	SITEMAP_URL_500	502	https://equsto.com/en/shop/pisirme/eaat-660		
https://equsto.com/en/shop/pisirme/east-36	SITEMAP_URL_500	502	https://equsto.com/en/shop/pisirme/east-36		
https://equsto.com/en/shop/pisirme/east-46	SITEMAP_URL_500	502	https://equsto.com/en/shop/pisirme/east-46		
https://equsto.com/en/shop/pisirme/east-66	SITEMAP_URL_500	502	https://equsto.com/en/shop/pisirme/east-66		
https://equsto.com/en/shop/pisirme/east-86	SITEMAP_URL_500	502	https://equsto.com/en/shop/pisirme/east-86		
https://equsto.com/en/shop/pisirme/east-106	SITEMAP_URL_500	502	https://equsto.com/en/shop/pisirme/east-106		
https://equsto.com/en/shop/pisirme/eaat-460	SITEMAP_URL_500	502	https://equsto.com/en/shop/pisirme/eaat-460		
https://equsto.com/en/shop/pisirme/east-126	TIMEOUT	TIMEOUT	https://equsto.com/en/shop/pisirme/east-126		This operation was aborted
https://equsto.com/en/shop/pisirme/aei-473	TIMEOUT	TIMEOUT	https://equsto.com/en/shop/pisirme/aei-473		This operation was aborted
https://equsto.com/en/shop/pisirme/aei-673	TIMEOUT	TIMEOUT	https://equsto.com/en/shop/pisirme/aei-673		This operation was aborted
https://equsto.com/en/shop/pisirme/aei-873	SITEMAP_URL_500	502	https://equsto.com/en/shop/pisirme/aei-873		
https://equsto.com/en/shop/pisirme/aei-1273	SITEMAP_URL_500	502	https://equsto.com/en/shop/pisirme/aei-1273		
https://equsto.com/en/shop/pisirme/aei-473-n	TIMEOUT	TIMEOUT	https://equsto.com/en/shop/pisirme/aei-473-n		This operation was aborted
https://equsto.com/en/shop/pisirme/aei-673-n	SITEMAP_URL_500	502	https://equsto.com/en/shop/pisirme/aei-673-n		
https://equsto.com/en/shop/pisirme/aei-873-n	SITEMAP_URL_500	502	https://equsto.com/en/shop/pisirme/aei-873-n		
https://equsto.com/en/shop/pisirme/aei-1273-n	TIMEOUT	TIMEOUT	https://equsto.com/en/shop/pisirme/aei-1273-n		This operation was aborted
https://equsto.com/en/shop/pisirme/aei-673-nd	TIMEOUT	TIMEOUT	https://equsto.com/en/shop/pisirme/aei-673-nd		This operation was aborted
https://equsto.com/en/shop/pisirme/aei-873-nd	TIMEOUT	TIMEOUT	https://equsto.com/en/shop/pisirme/aei-873-nd		This operation was aborted
https://equsto.com/en/shop/pisirme/aei-1273-nd	SITEMAP_URL_500	502	https://equsto.com/en/shop/pisirme/aei-1273-nd		
https://equsto.com/en/shop/pisirme/aei-473cr	SITEMAP_URL_500	502	https://equsto.com/en/shop/pisirme/aei-473cr		
https://equsto.com/en/shop/pisirme/aei-673cr	SITEMAP_URL_500	502	https://equsto.com/en/shop/pisirme/aei-673cr		
https://equsto.com/en/shop/pisirme/aei-873cr	SITEMAP_URL_500	502	https://equsto.com/en/shop/pisirme/aei-873cr		
https://equsto.com/en/shop/pisirme/aei-1273cr	SITEMAP_URL_500	502	https://equsto.com/en/shop/pisirme/aei-1273cr		
https://equsto.com/en/shop/pisirme/aei-473-ncr	TIMEOUT	TIMEOUT	https://equsto.com/en/shop/pisirme/aei-473-ncr		This operation was aborted
https://equsto.com/en/shop/pisirme/aei-673-ncr	TIMEOUT	TIMEOUT	https://equsto.com/en/shop/pisirme/aei-673-ncr		This operation was aborted
https://equsto.com/en/shop/pisirme/aei-873-ncr	TIMEOUT	TIMEOUT	https://equsto.com/en/shop/pisirme/aei-873-ncr		This operation was aborted
https://equsto.com/en/shop/pisirme/aei-1273-ncr	SITEMAP_URL_500	502	https://equsto.com/en/shop/pisirme/aei-1273-ncr		
https://equsto.com/en/shop/pisirme/aei-673-ndcr	SITEMAP_URL_500	502	https://equsto.com/en/shop/pisirme/aei-673-ndcr		
https://equsto.com/en/shop/pisirme/aei-873-ndcr	SITEMAP_URL_500	502	https://equsto.com/en/shop/pisirme/aei-873-ndcr		
https://equsto.com/en/shop/pisirme/aei-1273-ndcr	SITEMAP_URL_500	502	https://equsto.com/en/shop/pisirme/aei-1273-ndcr		
https://equsto.com/en/shop/pisirme/agi-473	SITEMAP_URL_500	502	https://equsto.com/en/shop/pisirme/agi-473		
https://equsto.com/en/shop/pisirme/agi-673	SITEMAP_URL_500	502	https://equsto.com/en/shop/pisirme/agi-673		
https://equsto.com/en/shop/pisirme/agi-873	SITEMAP_URL_500	502	https://equsto.com/en/shop/pisirme/agi-873		
https://equsto.com/en/shop/pisirme/agi-1273	SITEMAP_URL_500	502	https://equsto.com/en/shop/pisirme/agi-1273		
https://equsto.com/en/shop/pisirme/agi-473-n	SITEMAP_URL_500	502	https://equsto.com/en/shop/pisirme/agi-473-n		
https://equsto.com/en/shop/pisirme/agi-673-n	SITEMAP_URL_500	502	https://equsto.com/en/shop/pisirme/agi-673-n		
https://equsto.com/en/shop/pisirme/agi-873-n	SITEMAP_URL_500	502	https://equsto.com/en/shop/pisirme/agi-873-n		
https://equsto.com/en/shop/pisirme/agi-1273-n	TIMEOUT	TIMEOUT	https://equsto.com/en/shop/pisirme/agi-1273-n		This operation was aborted
https://equsto.com/en/shop/pisirme/agi-673-nd	SITEMAP_URL_500	502	https://equsto.com/en/shop/pisirme/agi-673-nd		
https://equsto.com/en/shop/pisirme/agi-873-nd	TIMEOUT	TIMEOUT	https://equsto.com/en/shop/pisirme/agi-873-nd		This operation was aborted
https://equsto.com/en/shop/pisirme/agi-1273-nd	TIMEOUT	TIMEOUT	https://equsto.com/en/shop/pisirme/agi-1273-nd		This operation was aborted
https://equsto.com/en/shop/pisirme/agi-473cr	TIMEOUT	TIMEOUT	https://equsto.com/en/shop/pisirme/agi-473cr		This operation was aborted
https://equsto.com/en/shop/pisirme/agi-673cr	TIMEOUT	TIMEOUT	https://equsto.com/en/shop/pisirme/agi-673cr		This operation was aborted
https://equsto.com/en/shop/pisirme/agi-873cr	TIMEOUT	TIMEOUT	https://equsto.com/en/shop/pisirme/agi-873cr		This operation was aborted
https://equsto.com/en/shop/pisirme/agi-1273cr	TIMEOUT	TIMEOUT	https://equsto.com/en/shop/pisirme/agi-1273cr		This operation was aborted
https://equsto.com/en/shop/pisirme/agi-473-ncr	TIMEOUT	TIMEOUT	https://equsto.com/en/shop/pisirme/agi-473-ncr		This operation was aborted
https://equsto.com/en/shop/pisirme/agi-673-ncr	SITEMAP_URL_500	502	https://equsto.com/en/shop/pisirme/agi-673-ncr		
https://equsto.com/en/shop/pisirme/agi-873-ncr	TIMEOUT	TIMEOUT	https://equsto.com/en/shop/pisirme/agi-873-ncr		This operation was aborted
https://equsto.com/en/shop/pisirme/agi-1273-ncr	TIMEOUT	TIMEOUT	https://equsto.com/en/shop/pisirme/agi-1273-ncr		This operation was aborted
https://equsto.com/en/shop/pisirme/agi-673-ndcr	TIMEOUT	TIMEOUT	https://equsto.com/en/shop/pisirme/agi-673-ndcr		This operation was aborted
https://equsto.com/en/shop/pisirme/agi-873-ndcr	SITEMAP_URL_500	502	https://equsto.com/en/shop/pisirme/agi-873-ndcr		
https://equsto.com/en/shop/pisirme/agi-1273-ndcr	TIMEOUT	TIMEOUT	https://equsto.com/en/shop/pisirme/agi-1273-ndcr		This operation was aborted
https://equsto.com/en/shop/pisirme/aaie-473	TIMEOUT	TIMEOUT	https://equsto.com/en/shop/pisirme/aaie-473		This operation was aborted
https://equsto.com/en/shop/pisirme/aaie-673	TIMEOUT	TIMEOUT	https://equsto.com/en/shop/pisirme/aaie-673		This operation was aborted
https://equsto.com/en/shop/pisirme/aaig-473	SITEMAP_URL_500	502	https://equsto.com/en/shop/pisirme/aaig-473		
https://equsto.com/en/shop/pisirme/aaig-673	SITEMAP_URL_500	502	https://equsto.com/en/shop/pisirme/aaig-673		
https://equsto.com/en/shop/pisirme/aaig-873	TIMEOUT	TIMEOUT	https://equsto.com/en/shop/pisirme/aaig-873		This operation was aborted
https://equsto.com/en/shop/pisirme/aaig-1273	SITEMAP_URL_500	502	https://equsto.com/en/shop/pisirme/aaig-1273		
https://equsto.com/en/shop/pisirme/ali-473	TIMEOUT	TIMEOUT	https://equsto.com/en/shop/pisirme/ali-473		This operation was aborted
https://equsto.com/en/shop/pisirme/ali-673	SITEMAP_URL_500	502	https://equsto.com/en/shop/pisirme/ali-673		
https://equsto.com/en/shop/pisirme/ali-873	TIMEOUT	TIMEOUT	https://equsto.com/en/shop/pisirme/ali-873		This operation was aborted
https://equsto.com/en/shop/pisirme/ali-1273	SITEMAP_URL_500	502	https://equsto.com/en/shop/pisirme/ali-1273		
https://equsto.com/en/shop/pisirme/aio-473	SITEMAP_URL_500	502	https://equsto.com/en/shop/pisirme/aio-473		
https://equsto.com/en/shop/pisirme/aio-873	SITEMAP_URL_500	502	https://equsto.com/en/shop/pisirme/aio-873		
https://equsto.com/en/shop/pisirme/aio-1273	TIMEOUT	TIMEOUT	https://equsto.com/en/shop/pisirme/aio-1273		This operation was aborted
https://equsto.com/en/shop/pisirme/aeo-473	SITEMAP_URL_500	502	https://equsto.com/en/shop/pisirme/aeo-473		
https://equsto.com/en/shop/pisirme/aeo-873	TIMEOUT	TIMEOUT	https://equsto.com/en/shop/pisirme/aeo-873		This operation was aborted
https://equsto.com/en/shop/pisirme/aeo-1273	TIMEOUT	TIMEOUT	https://equsto.com/en/shop/pisirme/aeo-1273		This operation was aborted
https://equsto.com/en/shop/pisirme/aeo-473-1k	TIMEOUT	TIMEOUT	https://equsto.com/en/shop/pisirme/aeo-473-1k		This operation was aborted
https://equsto.com/en/shop/pisirme/aeo-473-2k	SITEMAP_URL_500	502	https://equsto.com/en/shop/pisirme/aeo-473-2k		
https://equsto.com/en/shop/pisirme/aeo-873-1k	SITEMAP_URL_500	502	https://equsto.com/en/shop/pisirme/aeo-873-1k		
https://equsto.com/en/shop/pisirme/aeo-873-2k	SITEMAP_URL_500	502	https://equsto.com/en/shop/pisirme/aeo-873-2k		
https://equsto.com/en/shop/pisirme/aeo-1273-1k	SITEMAP_URL_500	502	https://equsto.com/en/shop/pisirme/aeo-1273-1k		
https://equsto.com/en/shop/pisirme/aeo-1273-2k	TIMEOUT	TIMEOUT	https://equsto.com/en/shop/pisirme/aeo-1273-2k		This operation was aborted
https://equsto.com/en/shop/pisirme/ago-473	SITEMAP_URL_500	502	https://equsto.com/en/shop/pisirme/ago-473		
https://equsto.com/en/shop/pisirme/ago-873	TIMEOUT	TIMEOUT	https://equsto.com/en/shop/pisirme/ago-873		This operation was aborted
https://equsto.com/en/shop/pisirme/ago-1273	SITEMAP_URL_500	502	https://equsto.com/en/shop/pisirme/ago-1273		
https://equsto.com/en/shop/pisirme/ago-473t	TIMEOUT	TIMEOUT	https://equsto.com/en/shop/pisirme/ago-473t		This operation was aborted
https://equsto.com/en/shop/pisirme/ago-873t	TIMEOUT	TIMEOUT	https://equsto.com/en/shop/pisirme/ago-873t		This operation was aborted
https://equsto.com/en/shop/pisirme/ago-1273t	TIMEOUT	TIMEOUT	https://equsto.com/en/shop/pisirme/ago-1273t		This operation was aborted
https://equsto.com/en/shop/pisirme/aef-473	TIMEOUT	TIMEOUT	https://equsto.com/en/shop/pisirme/aef-473		This operation was aborted
https://equsto.com/en/shop/pisirme/aef-873	TIMEOUT	TIMEOUT	https://equsto.com/en/shop/pisirme/aef-873		This operation was aborted
https://equsto.com/en/shop/pisirme/apd-473	TIMEOUT	TIMEOUT	https://equsto.com/en/shop/pisirme/apd-473		This operation was aborted
https://equsto.com/en/shop/pisirme/amp-473	TIMEOUT	TIMEOUT	https://equsto.com/en/shop/pisirme/amp-473		This operation was aborted
https://equsto.com/en/shop/pisirme/amp-673	TIMEOUT	TIMEOUT	https://equsto.com/en/shop/pisirme/amp-673		This operation was aborted
https://equsto.com/en/shop/pisirme/amp-873	TIMEOUT	TIMEOUT	https://equsto.com/en/shop/pisirme/amp-873		This operation was aborted
https://equsto.com/en/shop/pisirme/ampg-473	TIMEOUT	TIMEOUT	https://equsto.com/en/shop/pisirme/ampg-473		This operation was aborted
https://equsto.com/en/shop/pisirme/asfe-873st	TIMEOUT	TIMEOUT	https://equsto.com/en/shop/pisirme/asfe-873st		This operation was aborted
https://equsto.com/en/shop/pisirme/asfe-873f	TIMEOUT	TIMEOUT	https://equsto.com/en/shop/pisirme/asfe-873f		This operation was aborted
https://equsto.com/en/shop/pisirme/asfe-1273st	SITEMAP_URL_500	502	https://equsto.com/en/shop/pisirme/asfe-1273st		
https://equsto.com/en/shop/pisirme/asfe-1273std	SITEMAP_URL_500	502	https://equsto.com/en/shop/pisirme/asfe-1273std		
https://equsto.com/en/shop/pisirme/asfg-873	TIMEOUT	TIMEOUT	https://equsto.com/en/shop/pisirme/asfg-873		This operation was aborted
https://equsto.com/en/shop/pisirme/asfg-1273	TIMEOUT	TIMEOUT	https://equsto.com/en/shop/pisirme/asfg-1273		This operation was aborted
https://equsto.com/en/shop/pisirme/asfg-1273d	TIMEOUT	TIMEOUT	https://equsto.com/en/shop/pisirme/asfg-1273d		This operation was aborted
https://equsto.com/en/shop/pisirme/gn2-1	TIMEOUT	TIMEOUT	https://equsto.com/en/shop/pisirme/gn2-1		This operation was aborted
https://equsto.com/en/shop/pisirme/aek-1273	TIMEOUT	TIMEOUT	https://equsto.com/en/shop/pisirme/aek-1273		This operation was aborted
https://equsto.com/en/shop/pisirme/awo473	TIMEOUT	TIMEOUT	https://equsto.com/en/shop/pisirme/awo473		This operation was aborted
https://equsto.com/en/shop/pisirme/awo-873	TIMEOUT	TIMEOUT	https://equsto.com/en/shop/pisirme/awo-873		This operation was aborted
https://equsto.com/en/shop/pisirme/agko-873	SITEMAP_URL_500	502	https://equsto.com/en/shop/pisirme/agko-873		
https://equsto.com/en/shop/pisirme/agko-473	TIMEOUT	TIMEOUT	https://equsto.com/en/shop/pisirme/agko-473		This operation was aborted
https://equsto.com/en/shop/pisirme/gn1-1150	TIMEOUT	TIMEOUT	https://equsto.com/en/shop/pisirme/gn1-1150		This operation was aborted
https://equsto.com/en/shop/pisirme/asb-873	SITEMAP_URL_500	502	https://equsto.com/en/shop/pisirme/asb-873		
https://equsto.com/en/shop/pisirme/aat-473c	SITEMAP_URL_500	502	https://equsto.com/en/shop/pisirme/aat-473c		
https://equsto.com/en/shop/pisirme/aat-673c	TIMEOUT	TIMEOUT	https://equsto.com/en/shop/pisirme/aat-673c		This operation was aborted
https://equsto.com/en/shop/pisirme/ast-473	TIMEOUT	TIMEOUT	https://equsto.com/en/shop/pisirme/ast-473		This operation was aborted
https://equsto.com/en/shop/pisirme/ast-673	SITEMAP_URL_500	502	https://equsto.com/en/shop/pisirme/ast-673		
https://equsto.com/en/shop/pisirme/ast-873	SITEMAP_URL_500	502	https://equsto.com/en/shop/pisirme/ast-873		
https://equsto.com/en/shop/pisirme/ast-1273	SITEMAP_URL_500	502	https://equsto.com/en/shop/pisirme/ast-1273		
https://equsto.com/en/shop/pisirme/aat-473	SITEMAP_URL_500	502	https://equsto.com/en/shop/pisirme/aat-473		
https://equsto.com/en/shop/pisirme/aat-673	SITEMAP_URL_500	502	https://equsto.com/en/shop/pisirme/aat-673		
https://equsto.com/en/shop/pisirme/aat-873	SITEMAP_URL_500	502	https://equsto.com/en/shop/pisirme/aat-873		
https://equsto.com/en/shop/pisirme/aat-1273	SITEMAP_URL_500	502	https://equsto.com/en/shop/pisirme/aat-1273		
https://equsto.com/en/shop/pisirme/aei-670-n	SITEMAP_URL_500	502	https://equsto.com/en/shop/pisirme/aei-670-n		
https://equsto.com/en/shop/pisirme/aei-870-n	SITEMAP_URL_500	502	https://equsto.com/en/shop/pisirme/aei-870-n		
https://equsto.com/en/shop/pisirme/aei-670-nd	SITEMAP_URL_500	502	https://equsto.com/en/shop/pisirme/aei-670-nd		
https://equsto.com/en/shop/pisirme/aei-870-nd	SITEMAP_URL_500	502	https://equsto.com/en/shop/pisirme/aei-870-nd		
https://equsto.com/en/shop/pisirme/aei-470	SITEMAP_URL_500	502	https://equsto.com/en/shop/pisirme/aei-470		
https://equsto.com/en/shop/pisirme/aei-670	SITEMAP_URL_500	502	https://equsto.com/en/shop/pisirme/aei-670		
https://equsto.com/en/shop/pisirme/aei-870	SITEMAP_URL_500	502	https://equsto.com/en/shop/pisirme/aei-870		
https://equsto.com/en/shop/pisirme/aei-470-n	SITEMAP_URL_500	502	https://equsto.com/en/shop/pisirme/aei-470-n		
https://equsto.com/en/shop/pisirme/aei-670-ncr	TIMEOUT	TIMEOUT	https://equsto.com/en/shop/pisirme/aei-670-ncr		This operation was aborted
https://equsto.com/en/shop/pisirme/aei-870-ncr	SITEMAP_URL_500	502	https://equsto.com/en/shop/pisirme/aei-870-ncr		
https://equsto.com/en/shop/pisirme/aei-670-ndcr	SITEMAP_URL_500	502	https://equsto.com/en/shop/pisirme/aei-670-ndcr		
https://equsto.com/en/shop/pisirme/aei-870-ndcr	SITEMAP_URL_500	502	https://equsto.com/en/shop/pisirme/aei-870-ndcr		
https://equsto.com/en/shop/pisirme/aei-470cr	SITEMAP_URL_500	502	https://equsto.com/en/shop/pisirme/aei-470cr		
https://equsto.com/en/shop/pisirme/aei-670cr	SITEMAP_URL_500	502	https://equsto.com/en/shop/pisirme/aei-670cr		
https://equsto.com/en/shop/pisirme/aei-870cr	TIMEOUT	TIMEOUT	https://equsto.com/en/shop/pisirme/aei-870cr		This operation was aborted
https://equsto.com/en/shop/pisirme/aei-470-ncr	TIMEOUT	TIMEOUT	https://equsto.com/en/shop/pisirme/aei-470-ncr		This operation was aborted
https://equsto.com/en/shop/pisirme/agi-670-n	TIMEOUT	TIMEOUT	https://equsto.com/en/shop/pisirme/agi-670-n		This operation was aborted
https://equsto.com/en/shop/pisirme/agi-870-n	TIMEOUT	TIMEOUT	https://equsto.com/en/shop/pisirme/agi-870-n		This operation was aborted
https://equsto.com/en/shop/pisirme/agi-670-nd	TIMEOUT	TIMEOUT	https://equsto.com/en/shop/pisirme/agi-670-nd		This operation was aborted
https://equsto.com/en/shop/pisirme/agi-870-nd	SITEMAP_URL_500	502	https://equsto.com/en/shop/pisirme/agi-870-nd		
https://equsto.com/en/shop/pisirme/agi-470	SITEMAP_URL_500	502	https://equsto.com/en/shop/pisirme/agi-470		
https://equsto.com/en/shop/pisirme/agi-670	SITEMAP_URL_500	502	https://equsto.com/en/shop/pisirme/agi-670		
https://equsto.com/en/shop/pisirme/agi-870	SITEMAP_URL_500	502	https://equsto.com/en/shop/pisirme/agi-870		
https://equsto.com/en/shop/pisirme/agi-470-n	TIMEOUT	TIMEOUT	https://equsto.com/en/shop/pisirme/agi-470-n		This operation was aborted
https://equsto.com/en/shop/pisirme/agi-670-ncr	TIMEOUT	TIMEOUT	https://equsto.com/en/shop/pisirme/agi-670-ncr		This operation was aborted
https://equsto.com/en/shop/pisirme/agi-870-ncr	TIMEOUT	TIMEOUT	https://equsto.com/en/shop/pisirme/agi-870-ncr		This operation was aborted
https://equsto.com/en/shop/pisirme/agi-670-ndcr	TIMEOUT	TIMEOUT	https://equsto.com/en/shop/pisirme/agi-670-ndcr		This operation was aborted
https://equsto.com/en/shop/pisirme/agi-870-ndcr	TIMEOUT	TIMEOUT	https://equsto.com/en/shop/pisirme/agi-870-ndcr		This operation was aborted
https://equsto.com/en/shop/pisirme/agi-470cr	TIMEOUT	TIMEOUT	https://equsto.com/en/shop/pisirme/agi-470cr		This operation was aborted
https://equsto.com/en/shop/pisirme/agi-670cr	TIMEOUT	TIMEOUT	https://equsto.com/en/shop/pisirme/agi-670cr		This operation was aborted
https://equsto.com/en/shop/pisirme/agi-870cr	TIMEOUT	TIMEOUT	https://equsto.com/en/shop/pisirme/agi-870cr		This operation was aborted
https://equsto.com/en/shop/pisirme/agi-470-ncr	TIMEOUT	TIMEOUT	https://equsto.com/en/shop/pisirme/agi-470-ncr		This operation was aborted
https://equsto.com/en/shop/pisirme/aaig-670	TIMEOUT	TIMEOUT	https://equsto.com/en/shop/pisirme/aaig-670		This operation was aborted
https://equsto.com/en/shop/pisirme/aaig-470	TIMEOUT	TIMEOUT	https://equsto.com/en/shop/pisirme/aaig-470		This operation was aborted
https://equsto.com/en/shop/pisirme/aaig-1270	SITEMAP_URL_500	502	https://equsto.com/en/shop/pisirme/aaig-1270		
https://equsto.com/en/shop/pisirme/aaig-870	SITEMAP_URL_500	502	https://equsto.com/en/shop/pisirme/aaig-870		
https://equsto.com/en/shop/pisirme/ali-670	SITEMAP_URL_500	502	https://equsto.com/en/shop/pisirme/ali-670		
https://equsto.com/en/shop/pisirme/ali-470	TIMEOUT	TIMEOUT	https://equsto.com/en/shop/pisirme/ali-470		This operation was aborted
https://equsto.com/en/shop/pisirme/ali-1270	TIMEOUT	TIMEOUT	https://equsto.com/en/shop/pisirme/ali-1270		This operation was aborted
https://equsto.com/en/shop/pisirme/ali-870	TIMEOUT	TIMEOUT	https://equsto.com/en/shop/pisirme/ali-870		This operation was aborted
https://equsto.com/en/shop/pisirme/aef-470	TIMEOUT	TIMEOUT	https://equsto.com/en/shop/pisirme/aef-470		This operation was aborted
https://equsto.com/en/shop/pisirme/aef-870	SITEMAP_URL_500	502	https://equsto.com/en/shop/pisirme/aef-870		
https://equsto.com/en/shop/pisirme/agf-470	SITEMAP_URL_500	502	https://equsto.com/en/shop/pisirme/agf-470		
https://equsto.com/en/shop/pisirme/agf-870	SITEMAP_URL_500	502	https://equsto.com/en/shop/pisirme/agf-870		
https://equsto.com/en/shop/pisirme/aef-670	SITEMAP_URL_500	502	https://equsto.com/en/shop/pisirme/aef-670		
https://equsto.com/en/shop/pisirme/gn1-1-150	TIMEOUT	TIMEOUT	https://equsto.com/en/shop/pisirme/gn1-1-150		This operation was aborted
https://equsto.com/en/shop/pisirme/asb-870	TIMEOUT	TIMEOUT	https://equsto.com/en/shop/pisirme/asb-870		This operation was aborted
https://equsto.com/en/shop/pisirme/aeo-470	TIMEOUT	TIMEOUT	https://equsto.com/en/shop/pisirme/aeo-470		This operation was aborted
https://equsto.com/en/shop/pisirme/aeo-870	TIMEOUT	TIMEOUT	https://equsto.com/en/shop/pisirme/aeo-870		This operation was aborted
https://equsto.com/en/shop/pisirme/aeo-1270	TIMEOUT	TIMEOUT	https://equsto.com/en/shop/pisirme/aeo-1270		This operation was aborted
https://equsto.com/en/shop/pisirme/ago-470	SITEMAP_URL_500	502	https://equsto.com/en/shop/pisirme/ago-470		
https://equsto.com/en/shop/pisirme/ago-1270	SITEMAP_URL_500	502	https://equsto.com/en/shop/pisirme/ago-1270		
https://equsto.com/en/shop/pisirme/ago-870	TIMEOUT	TIMEOUT	https://equsto.com/en/shop/pisirme/ago-870		This operation was aborted
https://equsto.com/en/shop/pisirme/agk-870	SITEMAP_URL_500	502	https://equsto.com/en/shop/pisirme/agk-870		
https://equsto.com/en/shop/pisirme/agk-1270	SITEMAP_URL_500	502	https://equsto.com/en/shop/pisirme/agk-1270		
https://equsto.com/en/shop/pisirme/awo-470	TIMEOUT	TIMEOUT	https://equsto.com/en/shop/pisirme/awo-470		This operation was aborted
https://equsto.com/en/shop/pisirme/awo-870	TIMEOUT	TIMEOUT	https://equsto.com/en/shop/pisirme/awo-870		This operation was aborted
https://equsto.com/en/shop/pisirme/ago-470y	SITEMAP_URL_500	502	https://equsto.com/en/shop/pisirme/ago-470y		
https://equsto.com/en/shop/pisirme/ago-870y	SITEMAP_URL_500	502	https://equsto.com/en/shop/pisirme/ago-870y		
https://equsto.com/en/shop/pisirme/ago-1270y	TIMEOUT	TIMEOUT	https://equsto.com/en/shop/pisirme/ago-1270y		This operation was aborted
https://equsto.com/en/shop/pisirme/amp-470	SITEMAP_URL_500	502	https://equsto.com/en/shop/pisirme/amp-470		
https://equsto.com/en/shop/pisirme/ampg-470	SITEMAP_URL_500	502	https://equsto.com/en/shop/pisirme/ampg-470		
https://equsto.com/en/shop/pisirme/ast-47	SITEMAP_URL_500	502	https://equsto.com/en/shop/pisirme/ast-47		
https://equsto.com/en/shop/pisirme/ast-87	TIMEOUT	TIMEOUT	https://equsto.com/en/shop/pisirme/ast-87		This operation was aborted
https://equsto.com/en/shop/pisirme/ast-67	TIMEOUT	TIMEOUT	https://equsto.com/en/shop/pisirme/ast-67		This operation was aborted
https://equsto.com/en/shop/pisirme/ast-127	TIMEOUT	TIMEOUT	https://equsto.com/en/shop/pisirme/ast-127		This operation was aborted
https://equsto.com/en/shop/pisirme/aat-470	TIMEOUT	TIMEOUT	https://equsto.com/en/shop/pisirme/aat-470		This operation was aborted
https://equsto.com/en/shop/pisirme/aat-870	TIMEOUT	TIMEOUT	https://equsto.com/en/shop/pisirme/aat-870		This operation was aborted
https://equsto.com/en/shop/pisirme/aat-670	TIMEOUT	TIMEOUT	https://equsto.com/en/shop/pisirme/aat-670		This operation was aborted
https://equsto.com/en/shop/pisirme/aei-490	TIMEOUT	TIMEOUT	https://equsto.com/en/shop/pisirme/aei-490		This operation was aborted
https://equsto.com/en/shop/pisirme/aei-890-nd	TIMEOUT	TIMEOUT	https://equsto.com/en/shop/pisirme/aei-890-nd		This operation was aborted
https://equsto.com/en/shop/pisirme/aei-890	TIMEOUT	TIMEOUT	https://equsto.com/en/shop/pisirme/aei-890		This operation was aborted
https://equsto.com/en/shop/pisirme/aei-490-n	TIMEOUT	TIMEOUT	https://equsto.com/en/shop/pisirme/aei-490-n		This operation was aborted
https://equsto.com/en/shop/pisirme/aei-890-n	TIMEOUT	TIMEOUT	https://equsto.com/en/shop/pisirme/aei-890-n		This operation was aborted
https://equsto.com/en/shop/pisirme/aei-490cr	TIMEOUT	TIMEOUT	https://equsto.com/en/shop/pisirme/aei-490cr		This operation was aborted
https://equsto.com/en/shop/pisirme/aei-890-ndcr	TIMEOUT	TIMEOUT	https://equsto.com/en/shop/pisirme/aei-890-ndcr		This operation was aborted
https://equsto.com/en/shop/pisirme/aei-890cr	TIMEOUT	TIMEOUT	https://equsto.com/en/shop/pisirme/aei-890cr		This operation was aborted
https://equsto.com/en/shop/pisirme/aei-490-ncr	TIMEOUT	TIMEOUT	https://equsto.com/en/shop/pisirme/aei-490-ncr		This operation was aborted
https://equsto.com/en/shop/pisirme/aei-890-ncr	SITEMAP_URL_500	502	https://equsto.com/en/shop/pisirme/aei-890-ncr		
https://equsto.com/en/shop/pisirme/aei-490s	SITEMAP_URL_500	502	https://equsto.com/en/shop/pisirme/aei-490s		
https://equsto.com/en/shop/pisirme/aei-890-nds	TIMEOUT	TIMEOUT	https://equsto.com/en/shop/pisirme/aei-890-nds		This operation was aborted
https://equsto.com/en/shop/pisirme/aei-890s	TIMEOUT	TIMEOUT	https://equsto.com/en/shop/pisirme/aei-890s		This operation was aborted
https://equsto.com/en/shop/pisirme/aei-490-ns	TIMEOUT	TIMEOUT	https://equsto.com/en/shop/pisirme/aei-490-ns		This operation was aborted
https://equsto.com/en/shop/pisirme/aei-890-ns	TIMEOUT	TIMEOUT	https://equsto.com/en/shop/pisirme/aei-890-ns		This operation was aborted
https://equsto.com/en/shop/pisirme/aei-490scr	TIMEOUT	TIMEOUT	https://equsto.com/en/shop/pisirme/aei-490scr		This operation was aborted
https://equsto.com/en/shop/pisirme/aei-890-ndscr	TIMEOUT	TIMEOUT	https://equsto.com/en/shop/pisirme/aei-890-ndscr		This operation was aborted
https://equsto.com/en/shop/pisirme/aei-890scr	TIMEOUT	TIMEOUT	https://equsto.com/en/shop/pisirme/aei-890scr		This operation was aborted
https://equsto.com/en/shop/pisirme/aei-490-nscr	TIMEOUT	TIMEOUT	https://equsto.com/en/shop/pisirme/aei-490-nscr		This operation was aborted
https://equsto.com/en/shop/pisirme/aei-890-nscr	TIMEOUT	TIMEOUT	https://equsto.com/en/shop/pisirme/aei-890-nscr		This operation was aborted
https://equsto.com/en/shop/pisirme/agi-490	TIMEOUT	TIMEOUT	https://equsto.com/en/shop/pisirme/agi-490		This operation was aborted
https://equsto.com/en/shop/pisirme/agi-890	TIMEOUT	TIMEOUT	https://equsto.com/en/shop/pisirme/agi-890		This operation was aborted
https://equsto.com/en/shop/pisirme/agi-490-n	TIMEOUT	TIMEOUT	https://equsto.com/en/shop/pisirme/agi-490-n		This operation was aborted
https://equsto.com/en/shop/pisirme/agi-890-n	SITEMAP_URL_500	502	https://equsto.com/en/shop/pisirme/agi-890-n		
https://equsto.com/en/shop/pisirme/agi-890-nd	TIMEOUT	TIMEOUT	https://equsto.com/en/shop/pisirme/agi-890-nd		This operation was aborted
https://equsto.com/en/shop/pisirme/agi-490cr	SITEMAP_URL_500	502	https://equsto.com/en/shop/pisirme/agi-490cr		
https://equsto.com/en/shop/pisirme/agi-890cr	SITEMAP_URL_500	502	https://equsto.com/en/shop/pisirme/agi-890cr		
https://equsto.com/en/shop/pisirme/agi-490-ncr	SITEMAP_URL_500	502	https://equsto.com/en/shop/pisirme/agi-490-ncr		
https://equsto.com/en/shop/pisirme/agi-890-ncr	SITEMAP_URL_500	502	https://equsto.com/en/shop/pisirme/agi-890-ncr		
https://equsto.com/en/shop/pisirme/agi-890-ndcr	SITEMAP_URL_500	502	https://equsto.com/en/shop/pisirme/agi-890-ndcr		
https://equsto.com/en/shop/pisirme/agi-490s	SITEMAP_URL_500	502	https://equsto.com/en/shop/pisirme/agi-490s		
https://equsto.com/en/shop/pisirme/agi-890s	SITEMAP_URL_500	502	https://equsto.com/en/shop/pisirme/agi-890s		
https://equsto.com/en/shop/pisirme/agi-490-ns	TIMEOUT	TIMEOUT	https://equsto.com/en/shop/pisirme/agi-490-ns		This operation was aborted
https://equsto.com/en/shop/pisirme/agi-890-ns	SITEMAP_URL_500	502	https://equsto.com/en/shop/pisirme/agi-890-ns		
https://equsto.com/en/shop/pisirme/agi-890-nds	TIMEOUT	TIMEOUT	https://equsto.com/en/shop/pisirme/agi-890-nds		This operation was aborted
https://equsto.com/en/shop/pisirme/agi-490scr	TIMEOUT	TIMEOUT	https://equsto.com/en/shop/pisirme/agi-490scr		This operation was aborted
https://equsto.com/en/shop/pisirme/agi-890scr	TIMEOUT	TIMEOUT	https://equsto.com/en/shop/pisirme/agi-890scr		This operation was aborted
https://equsto.com/en/shop/pisirme/agi-490-nscr	TIMEOUT	TIMEOUT	https://equsto.com/en/shop/pisirme/agi-490-nscr		This operation was aborted
https://equsto.com/en/shop/pisirme/agi-890-nscr	SITEMAP_URL_500	502	https://equsto.com/en/shop/pisirme/agi-890-nscr		
https://equsto.com/en/shop/pisirme/agi-890-ndscr	TIMEOUT	TIMEOUT	https://equsto.com/en/shop/pisirme/agi-890-ndscr		This operation was aborted
https://equsto.com/en/shop/pisirme/aaig-890	SITEMAP_URL_500	502	https://equsto.com/en/shop/pisirme/aaig-890		
https://equsto.com/en/shop/pisirme/aaig-490	TIMEOUT	TIMEOUT	https://equsto.com/en/shop/pisirme/aaig-490		This operation was aborted
https://equsto.com/en/shop/pisirme/aaig-1290	SITEMAP_URL_500	502	https://equsto.com/en/shop/pisirme/aaig-1290		
https://equsto.com/en/shop/pisirme/aaig-890s	SITEMAP_URL_500	502	https://equsto.com/en/shop/pisirme/aaig-890s		
https://equsto.com/en/shop/pisirme/aaig-490s	TIMEOUT	TIMEOUT	https://equsto.com/en/shop/pisirme/aaig-490s		This operation was aborted
https://equsto.com/en/shop/pisirme/aaig-1290s	TIMEOUT	TIMEOUT	https://equsto.com/en/shop/pisirme/aaig-1290s		This operation was aborted
https://equsto.com/en/shop/pisirme/ali-890	TIMEOUT	TIMEOUT	https://equsto.com/en/shop/pisirme/ali-890		This operation was aborted
https://equsto.com/en/shop/pisirme/ali-490	TIMEOUT	TIMEOUT	https://equsto.com/en/shop/pisirme/ali-490		This operation was aborted
https://equsto.com/en/shop/pisirme/ali-1290	SITEMAP_URL_500	502	https://equsto.com/en/shop/pisirme/ali-1290		
https://equsto.com/en/shop/pisirme/ali-890s	SITEMAP_URL_500	502	https://equsto.com/en/shop/pisirme/ali-890s		
https://equsto.com/en/shop/pisirme/ali-490s	SITEMAP_URL_500	502	https://equsto.com/en/shop/pisirme/ali-490s		
https://equsto.com/en/shop/pisirme/ali-1290s	TIMEOUT	TIMEOUT	https://equsto.com/en/shop/pisirme/ali-1290s		This operation was aborted
https://equsto.com/en/shop/pisirme/aef-490	TIMEOUT	TIMEOUT	https://equsto.com/en/shop/pisirme/aef-490		This operation was aborted
https://equsto.com/en/shop/pisirme/aef-890	TIMEOUT	TIMEOUT	https://equsto.com/en/shop/pisirme/aef-890		This operation was aborted
https://equsto.com/en/shop/pisirme/agf-490	TIMEOUT	TIMEOUT	https://equsto.com/en/shop/pisirme/agf-490		This operation was aborted
https://equsto.com/en/shop/pisirme/agf-890	SITEMAP_URL_500	502	https://equsto.com/en/shop/pisirme/agf-890		
https://equsto.com/en/shop/pisirme/gn1-1150%2Bgn1-3150	SITEMAP_URL_500	502	https://equsto.com/en/shop/pisirme/gn1-1150%2Bgn1-3150		
https://equsto.com/en/shop/pisirme/asb-890	SITEMAP_URL_500	502	https://equsto.com/en/shop/pisirme/asb-890		
https://equsto.com/en/shop/pisirme/aeo-490	SITEMAP_URL_500	502	https://equsto.com/en/shop/pisirme/aeo-490		
https://equsto.com/en/shop/pisirme/aeo-890	TIMEOUT	TIMEOUT	https://equsto.com/en/shop/pisirme/aeo-890		This operation was aborted
https://equsto.com/en/shop/pisirme/aeo-1290	SITEMAP_URL_500	502	https://equsto.com/en/shop/pisirme/aeo-1290		
https://equsto.com/en/shop/pisirme/aeo-490s	SITEMAP_URL_500	502	https://equsto.com/en/shop/pisirme/aeo-490s		
https://equsto.com/en/shop/pisirme/aeo-890s	SITEMAP_URL_500	502	https://equsto.com/en/shop/pisirme/aeo-890s		
https://equsto.com/en/shop/pisirme/aeo-1290s	TIMEOUT	TIMEOUT	https://equsto.com/en/shop/pisirme/aeo-1290s		This operation was aborted
https://equsto.com/en/shop/pisirme/ago-490	TIMEOUT	TIMEOUT	https://equsto.com/en/shop/pisirme/ago-490		This operation was aborted
https://equsto.com/en/shop/pisirme/ago-890	SITEMAP_URL_500	502	https://equsto.com/en/shop/pisirme/ago-890		
https://equsto.com/en/shop/pisirme/ago-1290	SITEMAP_URL_500	502	https://equsto.com/en/shop/pisirme/ago-1290		
https://equsto.com/en/shop/pisirme/ago-490s	TIMEOUT	TIMEOUT	https://equsto.com/en/shop/pisirme/ago-490s		This operation was aborted
https://equsto.com/en/shop/pisirme/ago-890s	TIMEOUT	TIMEOUT	https://equsto.com/en/shop/pisirme/ago-890s		This operation was aborted
https://equsto.com/en/shop/pisirme/ago-1290s	TIMEOUT	TIMEOUT	https://equsto.com/en/shop/pisirme/ago-1290s		This operation was aborted
https://equsto.com/en/shop/pisirme/ago-490t	TIMEOUT	TIMEOUT	https://equsto.com/en/shop/pisirme/ago-490t		This operation was aborted
https://equsto.com/en/shop/pisirme/ago-890t	SITEMAP_URL_500	502	https://equsto.com/en/shop/pisirme/ago-890t		
https://equsto.com/en/shop/pisirme/awo-890	SITEMAP_URL_500	502	https://equsto.com/en/shop/pisirme/awo-890		
https://equsto.com/en/shop/pisirme/awo-490	SITEMAP_URL_500	502	https://equsto.com/en/shop/pisirme/awo-490		
https://equsto.com/en/shop/pisirme/amp-490	SITEMAP_URL_500	502	https://equsto.com/en/shop/pisirme/amp-490		
https://equsto.com/en/shop/pisirme/ampg-490	TIMEOUT	TIMEOUT	https://equsto.com/en/shop/pisirme/ampg-490		This operation was aborted
https://equsto.com/en/shop/pisirme/adte-890	TIMEOUT	TIMEOUT	https://equsto.com/en/shop/pisirme/adte-890		This operation was aborted
https://equsto.com/en/shop/pisirme/adtg-1290	TIMEOUT	TIMEOUT	https://equsto.com/en/shop/pisirme/adtg-1290		This operation was aborted
https://equsto.com/en/shop/pisirme/adtg-890	SITEMAP_URL_500	502	https://equsto.com/en/shop/pisirme/adtg-890		
https://equsto.com/en/shop/pisirme/adte-1290	SITEMAP_URL_500	502	https://equsto.com/en/shop/pisirme/adte-1290		
https://equsto.com/en/shop/pisirme/akte-890	SITEMAP_URL_500	502	https://equsto.com/en/shop/pisirme/akte-890		
https://equsto.com/en/shop/pisirme/akte-1000	SITEMAP_URL_500	502	https://equsto.com/en/shop/pisirme/akte-1000		
https://equsto.com/en/shop/pisirme/aktg-1000	TIMEOUT	TIMEOUT	https://equsto.com/en/shop/pisirme/aktg-1000		This operation was aborted
https://equsto.com/en/shop/pisirme/aktg-890	TIMEOUT	TIMEOUT	https://equsto.com/en/shop/pisirme/aktg-890		This operation was aborted
https://equsto.com/en/shop/pisirme/ast-49	SITEMAP_URL_500	502	https://equsto.com/en/shop/pisirme/ast-49		
https://equsto.com/en/shop/pisirme/ast-89	SITEMAP_URL_500	502	https://equsto.com/en/shop/pisirme/ast-89		
https://equsto.com/en/shop/pisirme/ast-129	TIMEOUT	TIMEOUT	https://equsto.com/en/shop/pisirme/ast-129		This operation was aborted
https://equsto.com/en/shop/pisirme/aat-490	SITEMAP_URL_500	502	https://equsto.com/en/shop/pisirme/aat-490		
https://equsto.com/en/shop/pisirme/aat-890	SITEMAP_URL_500	502	https://equsto.com/en/shop/pisirme/aat-890		
https://equsto.com/en/shop/pisirme/aat-490s	SITEMAP_URL_500	502	https://equsto.com/en/shop/pisirme/aat-490s		
https://equsto.com/en/shop/pisirme/aat-890s	TIMEOUT	TIMEOUT	https://equsto.com/en/shop/pisirme/aat-890s		This operation was aborted
https://equsto.com/en/shop/pisirme/adr-5g	SITEMAP_URL_500	502	https://equsto.com/en/shop/pisirme/adr-5g		
https://equsto.com/en/shop/pisirme/adr-10g	SITEMAP_URL_500	502	https://equsto.com/en/shop/pisirme/adr-10g		
https://equsto.com/en/shop/pisirme/adr-14g	TIMEOUT	TIMEOUT	https://equsto.com/en/shop/pisirme/adr-14g		This operation was aborted
https://equsto.com/en/shop/pisirme/adr-5g-gk	TIMEOUT	TIMEOUT	https://equsto.com/en/shop/pisirme/adr-5g-gk		This operation was aborted
https://equsto.com/en/shop/pisirme/adr-10g-gk	TIMEOUT	TIMEOUT	https://equsto.com/en/shop/pisirme/adr-10g-gk		This operation was aborted
https://equsto.com/en/shop/pisirme/adr-14g-gk	TIMEOUT	TIMEOUT	https://equsto.com/en/shop/pisirme/adr-14g-gk		This operation was aborted
https://equsto.com/en/shop/pisirme/adr-5e	SITEMAP_URL_500	502	https://equsto.com/en/shop/pisirme/adr-5e		
https://equsto.com/en/shop/pisirme/adr-10e	TIMEOUT	TIMEOUT	https://equsto.com/en/shop/pisirme/adr-10e		This operation was aborted
https://equsto.com/en/shop/pisirme/adr-14e	TIMEOUT	TIMEOUT	https://equsto.com/en/shop/pisirme/adr-14e		This operation was aborted
https://equsto.com/en/shop/pisirme/adr-5e-gk	TIMEOUT	TIMEOUT	https://equsto.com/en/shop/pisirme/adr-5e-gk		This operation was aborted
https://equsto.com/en/shop/pisirme/adr-10e-gk	SITEMAP_URL_500	502	https://equsto.com/en/shop/pisirme/adr-10e-gk		
https://equsto.com/en/shop/pisirme/adr-14e-gk	SITEMAP_URL_500	502	https://equsto.com/en/shop/pisirme/adr-14e-gk		
https://equsto.com/en/shop/pisirme/adr-c1-4g	TIMEOUT	TIMEOUT	https://equsto.com/en/shop/pisirme/adr-c1-4g		This operation was aborted
https://equsto.com/en/shop/pisirme/adr-c1-5g	SITEMAP_URL_500	502	https://equsto.com/en/shop/pisirme/adr-c1-5g		
https://equsto.com/en/shop/pisirme/adr-c1-8g	SITEMAP_URL_500	502	https://equsto.com/en/shop/pisirme/adr-c1-8g		
https://equsto.com/en/shop/pisirme/adr-c1-10g	TIMEOUT	TIMEOUT	https://equsto.com/en/shop/pisirme/adr-c1-10g		This operation was aborted
https://equsto.com/en/shop/pisirme/adr-c1-4g-gk	TIMEOUT	TIMEOUT	https://equsto.com/en/shop/pisirme/adr-c1-4g-gk		This operation was aborted
https://equsto.com/en/shop/pisirme/adr-c1-5g-gk	TIMEOUT	TIMEOUT	https://equsto.com/en/shop/pisirme/adr-c1-5g-gk		This operation was aborted
https://equsto.com/en/shop/pisirme/adr-c1-8g-gk	TIMEOUT	TIMEOUT	https://equsto.com/en/shop/pisirme/adr-c1-8g-gk		This operation was aborted
https://equsto.com/en/shop/pisirme/adr-c1-10g-gk	TIMEOUT	TIMEOUT	https://equsto.com/en/shop/pisirme/adr-c1-10g-gk		This operation was aborted
https://equsto.com/en/shop/pisirme/adr-c1-4e	SITEMAP_URL_500	502	https://equsto.com/en/shop/pisirme/adr-c1-4e		
https://equsto.com/en/shop/pisirme/adr-c1-8e	TIMEOUT	TIMEOUT	https://equsto.com/en/shop/pisirme/adr-c1-8e		This operation was aborted
https://equsto.com/en/shop/pisirme/adr-c1-10e	TIMEOUT	TIMEOUT	https://equsto.com/en/shop/pisirme/adr-c1-10e		This operation was aborted
https://equsto.com/en/shop/pisirme/adr-c1-5e	TIMEOUT	TIMEOUT	https://equsto.com/en/shop/pisirme/adr-c1-5e		This operation was aborted
https://equsto.com/en/shop/pisirme/adr-c1-4e-gk	TIMEOUT	TIMEOUT	https://equsto.com/en/shop/pisirme/adr-c1-4e-gk		This operation was aborted
https://equsto.com/en/shop/pisirme/adr-c1-8e-gk	SITEMAP_URL_500	502	https://equsto.com/en/shop/pisirme/adr-c1-8e-gk		
https://equsto.com/en/shop/pisirme/adr-c1-10e-gk	SITEMAP_URL_500	502	https://equsto.com/en/shop/pisirme/adr-c1-10e-gk		
https://equsto.com/en/shop/pisirme/adr-c1-5e-gk	SITEMAP_URL_500	502	https://equsto.com/en/shop/pisirme/adr-c1-5e-gk		
https://equsto.com/en/shop/pisirme/adrm-01	SITEMAP_URL_500	502	https://equsto.com/en/shop/pisirme/adrm-01		
https://equsto.com/en/shop/pisirme/adrm-02	SITEMAP_URL_500	502	https://equsto.com/en/shop/pisirme/adrm-02		
https://equsto.com/en/shop/pisirme/adrm-03	SITEMAP_URL_500	502	https://equsto.com/en/shop/pisirme/adrm-03		
https://equsto.com/en/shop/pisirme/adrm-c1-01	TIMEOUT	TIMEOUT	https://equsto.com/en/shop/pisirme/adrm-c1-01		This operation was aborted
https://equsto.com/en/shop/pisirme/adrm-c1-02	SITEMAP_URL_500	502	https://equsto.com/en/shop/pisirme/adrm-c1-02		
https://equsto.com/en/shop/pisirme/adta-14st	SITEMAP_URL_500	502	https://equsto.com/en/shop/pisirme/adta-14st		
https://equsto.com/en/shop/pisirme/adta-10-2	TIMEOUT	TIMEOUT	https://equsto.com/en/shop/pisirme/adta-10-2		This operation was aborted
https://equsto.com/en/shop/pisirme/adta-14-2	TIMEOUT	TIMEOUT	https://equsto.com/en/shop/pisirme/adta-14-2		This operation was aborted
https://equsto.com/en/shop/pisirme/abb-01	TIMEOUT	TIMEOUT	https://equsto.com/en/shop/pisirme/abb-01		This operation was aborted
https://equsto.com/en/shop/pisirme/adsa-02	TIMEOUT	TIMEOUT	https://equsto.com/en/shop/pisirme/adsa-02		This operation was aborted
https://equsto.com/en/shop/pisirme/adsa-03	TIMEOUT	TIMEOUT	https://equsto.com/en/shop/pisirme/adsa-03		This operation was aborted
https://equsto.com/en/shop/pisirme/adsa-04	TIMEOUT	TIMEOUT	https://equsto.com/en/shop/pisirme/adsa-04		This operation was aborted
https://equsto.com/en/shop/pisirme/adsa-05	TIMEOUT	TIMEOUT	https://equsto.com/en/shop/pisirme/adsa-05		This operation was aborted
https://equsto.com/en/shop/pisirme/adts-01	TIMEOUT	TIMEOUT	https://equsto.com/en/shop/pisirme/adts-01		This operation was aborted
https://equsto.com/en/shop/pisirme/adts-02	SITEMAP_URL_500	502	https://equsto.com/en/shop/pisirme/adts-02		
https://equsto.com/en/shop/pisirme/adkm-01	TIMEOUT	TIMEOUT	https://equsto.com/en/shop/pisirme/adkm-01		This operation was aborted
https://equsto.com/en/shop/pisirme/adsk-01	SITEMAP_URL_500	502	https://equsto.com/en/shop/pisirme/adsk-01		
https://equsto.com/en/shop/pisirme/adsk-02	SITEMAP_URL_500	502	https://equsto.com/en/shop/pisirme/adsk-02		
https://equsto.com/en/shop/pisirme/adsk-03	TIMEOUT	TIMEOUT	https://equsto.com/en/shop/pisirme/adsk-03		This operation was aborted
https://equsto.com/en/shop/pisirme/adr-c1-5	SITEMAP_URL_500	502	https://equsto.com/en/shop/pisirme/adr-c1-5		
https://equsto.com/en/shop/pisirme/adg-4s	TIMEOUT	TIMEOUT	https://equsto.com/en/shop/pisirme/adg-4s		This operation was aborted
https://equsto.com/en/shop/pisirme/adg-3s	SITEMAP_URL_500	502	https://equsto.com/en/shop/pisirme/adg-3s		
https://equsto.com/en/shop/pisirme/adg-5s	SITEMAP_URL_500	502	https://equsto.com/en/shop/pisirme/adg-5s		
https://equsto.com/en/shop/pisirme/adg-6s	SITEMAP_URL_500	502	https://equsto.com/en/shop/pisirme/adg-6s		
https://equsto.com/en/shop/pisirme/ade-4s	SITEMAP_URL_500	502	https://equsto.com/en/shop/pisirme/ade-4s		
https://equsto.com/en/shop/pisirme/ade-3s	SITEMAP_URL_500	502	https://equsto.com/en/shop/pisirme/ade-3s		
https://equsto.com/en/shop/pisirme/ade-5s	SITEMAP_URL_500	502	https://equsto.com/en/shop/pisirme/ade-5s		
https://equsto.com/en/shop/pisirme/adg-4u	TIMEOUT	TIMEOUT	https://equsto.com/en/shop/pisirme/adg-4u		This operation was aborted
https://equsto.com/en/shop/pisirme/adg-3u	SITEMAP_URL_500	502	https://equsto.com/en/shop/pisirme/adg-3u		
https://equsto.com/en/shop/pisirme/adg-5u	TIMEOUT	TIMEOUT	https://equsto.com/en/shop/pisirme/adg-5u		This operation was aborted
https://equsto.com/en/shop/pisirme/ade-4u	TIMEOUT	TIMEOUT	https://equsto.com/en/shop/pisirme/ade-4u		This operation was aborted
https://equsto.com/en/shop/pisirme/ade-3u	TIMEOUT	TIMEOUT	https://equsto.com/en/shop/pisirme/ade-3u		This operation was aborted
https://equsto.com/en/shop/pisirme/ade-5u	TIMEOUT	TIMEOUT	https://equsto.com/en/shop/pisirme/ade-5u		This operation was aborted
https://equsto.com/en/shop/pisirme/adg-4a	TIMEOUT	TIMEOUT	https://equsto.com/en/shop/pisirme/adg-4a		This operation was aborted
https://equsto.com/en/shop/pisirme/adg-3a	TIMEOUT	TIMEOUT	https://equsto.com/en/shop/pisirme/adg-3a		This operation was aborted
https://equsto.com/en/shop/pisirme/adg-6a	TIMEOUT	TIMEOUT	https://equsto.com/en/shop/pisirme/adg-6a		This operation was aborted
https://equsto.com/en/shop/pisirme/adg-5a	TIMEOUT	TIMEOUT	https://equsto.com/en/shop/pisirme/adg-5a		This operation was aborted
https://equsto.com/en/shop/pisirme/ade-4a	TIMEOUT	TIMEOUT	https://equsto.com/en/shop/pisirme/ade-4a		This operation was aborted
https://equsto.com/en/shop/pisirme/ade-3a	TIMEOUT	TIMEOUT	https://equsto.com/en/shop/pisirme/ade-3a		This operation was aborted
https://equsto.com/en/shop/pisirme/ade-5a	TIMEOUT	TIMEOUT	https://equsto.com/en/shop/pisirme/ade-5a		This operation was aborted
https://equsto.com/en/shop/pisirme/adgc-4s	TIMEOUT	TIMEOUT	https://equsto.com/en/shop/pisirme/adgc-4s		This operation was aborted
https://equsto.com/en/shop/pisirme/adgc-3s	TIMEOUT	TIMEOUT	https://equsto.com/en/shop/pisirme/adgc-3s		This operation was aborted
https://equsto.com/en/shop/pisirme/adgc-5s	TIMEOUT	TIMEOUT	https://equsto.com/en/shop/pisirme/adgc-5s		This operation was aborted
https://equsto.com/en/shop/pisirme/adgc-4u	TIMEOUT	TIMEOUT	https://equsto.com/en/shop/pisirme/adgc-4u		This operation was aborted
https://equsto.com/en/shop/pisirme/adgc-3u	TIMEOUT	TIMEOUT	https://equsto.com/en/shop/pisirme/adgc-3u		This operation was aborted
https://equsto.com/en/shop/pisirme/adgc-5u	SITEMAP_URL_500	502	https://equsto.com/en/shop/pisirme/adgc-5u		
https://equsto.com/en/shop/pisirme/adgc-4a	SITEMAP_URL_500	502	https://equsto.com/en/shop/pisirme/adgc-4a		
https://equsto.com/en/shop/pisirme/adgc-3a	SITEMAP_URL_500	502	https://equsto.com/en/shop/pisirme/adgc-3a		
https://equsto.com/en/shop/pisirme/adgc-5a	SITEMAP_URL_500	502	https://equsto.com/en/shop/pisirme/adgc-5a		
https://equsto.com/en/shop/pisirme/adg-4%2B4a	TIMEOUT	TIMEOUT	https://equsto.com/en/shop/pisirme/adg-4%2B4a		This operation was aborted
https://equsto.com/en/shop/pisirme/adg-5%2B5a	TIMEOUT	TIMEOUT	https://equsto.com/en/shop/pisirme/adg-5%2B5a		This operation was aborted
https://equsto.com/en/shop/pisirme/adg-10s	TIMEOUT	TIMEOUT	https://equsto.com/en/shop/pisirme/adg-10s		This operation was aborted
https://equsto.com/en/shop/pisirme/adg-8s	TIMEOUT	TIMEOUT	https://equsto.com/en/shop/pisirme/adg-8s		This operation was aborted
https://equsto.com/en/shop/pisirme/adg-12s	TIMEOUT	TIMEOUT	https://equsto.com/en/shop/pisirme/adg-12s		This operation was aborted
https://equsto.com/en/shop/pisirme/adg-10a	TIMEOUT	TIMEOUT	https://equsto.com/en/shop/pisirme/adg-10a		This operation was aborted
https://equsto.com/en/shop/pisirme/adg-8a	TIMEOUT	TIMEOUT	https://equsto.com/en/shop/pisirme/adg-8a		This operation was aborted
https://equsto.com/en/shop/pisirme/adg-12a	TIMEOUT	TIMEOUT	https://equsto.com/en/shop/pisirme/adg-12a		This operation was aborted
https://equsto.com/en/shop/pisirme/adg-6d	SITEMAP_URL_500	502	https://equsto.com/en/shop/pisirme/adg-6d		
https://equsto.com/en/shop/pisirme/adg-5d	TIMEOUT	TIMEOUT	https://equsto.com/en/shop/pisirme/adg-5d		This operation was aborted
https://equsto.com/en/shop/pisirme/adg-10d	SITEMAP_URL_500	502	https://equsto.com/en/shop/pisirme/adg-10d		
https://equsto.com/en/shop/pisirme/adg-8d	SITEMAP_URL_500	502	https://equsto.com/en/shop/pisirme/adg-8d		
https://equsto.com/en/shop/pisirme/adg-12d	SITEMAP_URL_500	502	https://equsto.com/en/shop/pisirme/adg-12d		
https://equsto.com/en/shop/pisirme/adg-6ds	SITEMAP_URL_500	502	https://equsto.com/en/shop/pisirme/adg-6ds		
https://equsto.com/en/shop/pisirme/adg-5ds	TIMEOUT	TIMEOUT	https://equsto.com/en/shop/pisirme/adg-5ds		This operation was aborted
https://equsto.com/en/shop/pisirme/adg-10ds	SITEMAP_URL_500	502	https://equsto.com/en/shop/pisirme/adg-10ds		
https://equsto.com/en/shop/pisirme/adg-8ds	SITEMAP_URL_500	502	https://equsto.com/en/shop/pisirme/adg-8ds		
https://equsto.com/en/shop/pisirme/adg-12ds	SITEMAP_URL_500	502	https://equsto.com/en/shop/pisirme/adg-12ds		
https://equsto.com/en/shop/pisirme/acie-02s	SITEMAP_URL_500	502	https://equsto.com/en/shop/pisirme/acie-02s		
https://equsto.com/en/shop/pisirme/acie-01s	SITEMAP_URL_500	502	https://equsto.com/en/shop/pisirme/acie-01s		
https://equsto.com/en/shop/pisirme/akie-02	SITEMAP_URL_500	502	https://equsto.com/en/shop/pisirme/akie-02		
https://equsto.com/en/shop/pisirme/akie-01	TIMEOUT	TIMEOUT	https://equsto.com/en/shop/pisirme/akie-01		This operation was aborted
https://equsto.com/en/shop/pisirme/adek-01m	TIMEOUT	TIMEOUT	https://equsto.com/en/shop/pisirme/adek-01m		This operation was aborted
https://equsto.com/en/shop/pisirme/adek-01d	TIMEOUT	TIMEOUT	https://equsto.com/en/shop/pisirme/adek-01d		This operation was aborted
https://equsto.com/en/shop/pisirme/ayek-01	TIMEOUT	TIMEOUT	https://equsto.com/en/shop/pisirme/ayek-01		This operation was aborted
https://equsto.com/en/shop/pisirme/ayek-02	TIMEOUT	TIMEOUT	https://equsto.com/en/shop/pisirme/ayek-02		This operation was aborted
https://equsto.com/en/shop/pisirme/akek-02m	TIMEOUT	TIMEOUT	https://equsto.com/en/shop/pisirme/akek-02m		This operation was aborted
https://equsto.com/en/shop/pisirme/akek-02t	SITEMAP_URL_500	502	https://equsto.com/en/shop/pisirme/akek-02t		
https://equsto.com/en/shop/kahve/atkm-3m	SITEMAP_URL_500	502	https://equsto.com/en/shop/kahve/atkm-3m		
https://equsto.com/en/shop/kahve/atkm-2m	SITEMAP_URL_500	502	https://equsto.com/en/shop/kahve/atkm-2m		
https://equsto.com/en/shop/kahve/atkm-4m	SITEMAP_URL_500	502	https://equsto.com/en/shop/kahve/atkm-4m		
https://equsto.com/en/shop/pisirme/akc-01	SITEMAP_URL_500	502	https://equsto.com/en/shop/pisirme/akc-01		
https://equsto.com/en/shop/pisirme/amay-4060-12	TIMEOUT	TIMEOUT	https://equsto.com/en/shop/pisirme/amay-4060-12		This operation was aborted
https://equsto.com/en/shop/pisirme/amay-4060-6	TIMEOUT	TIMEOUT	https://equsto.com/en/shop/pisirme/amay-4060-6		This operation was aborted
https://equsto.com/en/shop/pisirme/aba-122-1	SITEMAP_URL_500	502	https://equsto.com/en/shop/pisirme/aba-122-1		
https://equsto.com/en/shop/pisirme/aba-62-1	SITEMAP_URL_500	502	https://equsto.com/en/shop/pisirme/aba-62-1		
https://equsto.com/en/shop/pisirme/aba-102-1	SITEMAP_URL_500	502	https://equsto.com/en/shop/pisirme/aba-102-1		
https://equsto.com/en/shop/pisirme/aba-151-1	SITEMAP_URL_500	502	https://equsto.com/en/shop/pisirme/aba-151-1		
https://equsto.com/en/shop/pisirme/ayoe-01	SITEMAP_URL_500	502	https://equsto.com/en/shop/pisirme/ayoe-01		
https://equsto.com/en/shop/pisirme/ayog-60	SITEMAP_URL_500	502	https://equsto.com/en/shop/pisirme/ayog-60		
https://equsto.com/en/shop/pisirme/ayog-70	SITEMAP_URL_500	502	https://equsto.com/en/shop/pisirme/ayog-70		
https://equsto.com/en/shop/pisirme/aeo-01	SITEMAP_URL_500	502	https://equsto.com/en/shop/pisirme/aeo-01		
https://equsto.com/en/shop/pisirme/ago-01	SITEMAP_URL_500	502	https://equsto.com/en/shop/pisirme/ago-01		
https://equsto.com/en/shop/pisirme/ago-02	SITEMAP_URL_500	502	https://equsto.com/en/shop/pisirme/ago-02		
https://equsto.com/en/shop/pisirme/aeo-02	TIMEOUT	TIMEOUT	https://equsto.com/en/shop/pisirme/aeo-02		This operation was aborted
https://equsto.com/en/shop/pisirme/asm-45	TIMEOUT	TIMEOUT	https://equsto.com/en/shop/pisirme/asm-45		This operation was aborted
https://equsto.com/en/shop/pisirme/asm-65	TIMEOUT	TIMEOUT	https://equsto.com/en/shop/pisirme/asm-65		This operation was aborted
https://equsto.com/en/shop/pisirme/asm-3e	TIMEOUT	TIMEOUT	https://equsto.com/en/shop/pisirme/asm-3e		This operation was aborted
https://equsto.com/en/shop/pisirme/asm-5e	SITEMAP_URL_500	502	https://equsto.com/en/shop/pisirme/asm-5e		
https://equsto.com/en/shop/pisirme/asm-2g	TIMEOUT	TIMEOUT	https://equsto.com/en/shop/pisirme/asm-2g		This operation was aborted
https://equsto.com/en/shop/pisirme/asm-4g	SITEMAP_URL_500	502	https://equsto.com/en/shop/pisirme/asm-4g		
https://equsto.com/en/shop/pisirme/asm-6g	TIMEOUT	TIMEOUT	https://equsto.com/en/shop/pisirme/asm-6g		This operation was aborted
https://equsto.com/en/shop/pisirme/apmg-04	TIMEOUT	TIMEOUT	https://equsto.com/en/shop/pisirme/apmg-04		This operation was aborted
https://equsto.com/en/shop/pisirme/apmg-02	TIMEOUT	TIMEOUT	https://equsto.com/en/shop/pisirme/apmg-02		This operation was aborted
https://equsto.com/en/shop/pisirme/apmg-06	TIMEOUT	TIMEOUT	https://equsto.com/en/shop/pisirme/apmg-06		This operation was aborted
https://equsto.com/en/shop/pisirme/apmg-08	SITEMAP_URL_500	502	https://equsto.com/en/shop/pisirme/apmg-08		
https://equsto.com/en/shop/pisirme/apme-04	SITEMAP_URL_500	502	https://equsto.com/en/shop/pisirme/apme-04		
https://equsto.com/en/shop/pisirme/apme-02	SITEMAP_URL_500	502	https://equsto.com/en/shop/pisirme/apme-02		
https://equsto.com/en/shop/pisirme/apme-06	SITEMAP_URL_500	502	https://equsto.com/en/shop/pisirme/apme-06		
https://equsto.com/en/shop/pisirme/apf-40-1	SITEMAP_URL_500	502	https://equsto.com/en/shop/pisirme/apf-40-1		
https://equsto.com/en/shop/pisirme/apf-40-2	SITEMAP_URL_500	502	https://equsto.com/en/shop/pisirme/apf-40-2		
https://equsto.com/en/shop/pisirme/apfm-40	SITEMAP_URL_500	502	https://equsto.com/en/shop/pisirme/apfm-40		
https://equsto.com/en/shop/pisirme/apf-50-1	SITEMAP_URL_500	502	https://equsto.com/en/shop/pisirme/apf-50-1		
https://equsto.com/en/shop/pisirme/apf-50-2	SITEMAP_URL_500	502	https://equsto.com/en/shop/pisirme/apf-50-2		
https://equsto.com/en/shop/pisirme/apfm-50	SITEMAP_URL_500	502	https://equsto.com/en/shop/pisirme/apfm-50		
https://equsto.com/en/shop/pisirme/apf-62-1	SITEMAP_URL_500	502	https://equsto.com/en/shop/pisirme/apf-62-1		
https://equsto.com/en/shop/pisirme/apf-62-2	SITEMAP_URL_500	502	https://equsto.com/en/shop/pisirme/apf-62-2		
https://equsto.com/en/shop/pisirme/apfm-62	SITEMAP_URL_500	502	https://equsto.com/en/shop/pisirme/apfm-62		
https://equsto.com/en/shop/pisirme/apf-962-1	SITEMAP_URL_500	502	https://equsto.com/en/shop/pisirme/apf-962-1		
https://equsto.com/en/shop/pisirme/apf-962-2	TIMEOUT	TIMEOUT	https://equsto.com/en/shop/pisirme/apf-962-2		This operation was aborted
https://equsto.com/en/shop/pisirme/apfm-962	SITEMAP_URL_500	502	https://equsto.com/en/shop/pisirme/apfm-962		
https://equsto.com/en/shop/pisirme/apf-92-1	SITEMAP_URL_500	502	https://equsto.com/en/shop/pisirme/apf-92-1		
https://equsto.com/en/shop/pisirme/apf-92-2	SITEMAP_URL_500	502	https://equsto.com/en/shop/pisirme/apf-92-2		
https://equsto.com/en/shop/pisirme/apfm-92	SITEMAP_URL_500	502	https://equsto.com/en/shop/pisirme/apfm-92		
https://equsto.com/en/shop/pisirme/akf-20g	SITEMAP_URL_500	502	https://equsto.com/en/shop/pisirme/akf-20g		
https://equsto.com/en/shop/pisirme/akf-30g	SITEMAP_URL_500	502	https://equsto.com/en/shop/pisirme/akf-30g		
https://equsto.com/en/shop/pisirme/akf-20e	SITEMAP_URL_500	502	https://equsto.com/en/shop/pisirme/akf-20e		
https://equsto.com/en/shop/pisirme/akf-30e	TIMEOUT	TIMEOUT	https://equsto.com/en/shop/pisirme/akf-30e		This operation was aborted
https://equsto.com/en/shop/pisirme/aka-01	TIMEOUT	TIMEOUT	https://equsto.com/en/shop/pisirme/aka-01		This operation was aborted
https://equsto.com/en/shop/pisirme/akf-40e	SITEMAP_URL_500	502	https://equsto.com/en/shop/pisirme/akf-40e		
https://equsto.com/en/shop/pisirme/akf-40g	SITEMAP_URL_500	502	https://equsto.com/en/shop/pisirme/akf-40g		
https://equsto.com/en/shop/pisirme/atm-2745	SITEMAP_URL_500	502	https://equsto.com/en/shop/pisirme/atm-2745		
https://equsto.com/en/shop/pisirme/atm-2735	SITEMAP_URL_500	502	https://equsto.com/en/shop/pisirme/atm-2735		
https://equsto.com/en/shop/pisirme/atm-5530	SITEMAP_URL_500	502	https://equsto.com/en/shop/pisirme/atm-5530		
https://equsto.com/en/shop/pisirme/atm2745-2	SITEMAP_URL_500	502	https://equsto.com/en/shop/pisirme/atm2745-2		
https://equsto.com/en/shop/pisirme/awm-2402	SITEMAP_URL_500	502	https://equsto.com/en/shop/pisirme/awm-2402		
https://equsto.com/en/shop/pisirme/awm-2401	SITEMAP_URL_500	502	https://equsto.com/en/shop/pisirme/awm-2401		
https://equsto.com/en/shop/pisirme/awmc-2401	SITEMAP_URL_500	502	https://equsto.com/en/shop/pisirme/awmc-2401		
https://equsto.com/en/shop/pisirme/awmc-2402	SITEMAP_URL_500	502	https://equsto.com/en/shop/pisirme/awmc-2402		
https://equsto.com/en/shop/pisirme/akm-4001	SITEMAP_URL_500	502	https://equsto.com/en/shop/pisirme/akm-4001		
https://equsto.com/en/shop/pisirme/akm-4002	SITEMAP_URL_500	502	https://equsto.com/en/shop/pisirme/akm-4002		
https://equsto.com/en/shop/pisirme/acag-02	SITEMAP_URL_500	502	https://equsto.com/en/shop/pisirme/acag-02		
https://equsto.com/en/shop/pisirme/ake-02	SITEMAP_URL_500	502	https://equsto.com/en/shop/pisirme/ake-02		
https://equsto.com/en/shop/pisirme/ake-01	TIMEOUT	TIMEOUT	https://equsto.com/en/shop/pisirme/ake-01		This operation was aborted
https://equsto.com/en/shop/pisirme/abs-20	SITEMAP_URL_500	502	https://equsto.com/en/shop/pisirme/abs-20		
https://equsto.com/en/shop/pisirme/abs-10	SITEMAP_URL_500	502	https://equsto.com/en/shop/pisirme/abs-10		
https://equsto.com/en/shop/pisirme/atn-50	SITEMAP_URL_500	502	https://equsto.com/en/shop/pisirme/atn-50		
https://equsto.com/en/shop/pisirme/ati-50	SITEMAP_URL_500	502	https://equsto.com/en/shop/pisirme/ati-50		
https://equsto.com/en/shop/pisirme/ati-100	TIMEOUT	TIMEOUT	https://equsto.com/en/shop/pisirme/ati-100		This operation was aborted
https://equsto.com/en/shop/pisirme/atn-100	SITEMAP_URL_500	502	https://equsto.com/en/shop/pisirme/atn-100		
https://equsto.com/en/shop/pisirme/asa-860-3	SITEMAP_URL_500	502	https://equsto.com/en/shop/pisirme/asa-860-3		
https://equsto.com/en/shop/pisirme/asa-860-2	SITEMAP_URL_500	502	https://equsto.com/en/shop/pisirme/asa-860-2		
https://equsto.com/en/shop/pisirme/ata-50	SITEMAP_URL_500	502	https://equsto.com/en/shop/pisirme/ata-50		
https://equsto.com/en/shop/pisirme/atia-50	SITEMAP_URL_500	502	https://equsto.com/en/shop/pisirme/atia-50		
https://equsto.com/en/shop/pisirme/ata-3753-30	SITEMAP_URL_500	502	https://equsto.com/en/shop/pisirme/ata-3753-30		
https://equsto.com/en/shop/pisirme/ata-3753-15	SITEMAP_URL_500	502	https://equsto.com/en/shop/pisirme/ata-3753-15		
https://equsto.com/en/shop/pisirme/ata-3753-45	SITEMAP_URL_500	502	https://equsto.com/en/shop/pisirme/ata-3753-45		
https://equsto.com/en/shop/pisirme/atat-3753-18	TIMEOUT	TIMEOUT	https://equsto.com/en/shop/pisirme/atat-3753-18		This operation was aborted
https://equsto.com/en/shop/pisirme/atat-30	TIMEOUT	TIMEOUT	https://equsto.com/en/shop/pisirme/atat-30		This operation was aborted
https://equsto.com/en/shop/pisirme/ata-5070-15	TIMEOUT	TIMEOUT	https://equsto.com/en/shop/pisirme/ata-5070-15		This operation was aborted
https://equsto.com/en/shop/pisirme/ata-4060-15	SITEMAP_URL_500	502	https://equsto.com/en/shop/pisirme/ata-4060-15		
https://equsto.com/en/shop/pisirme/ata-3253-15	TIMEOUT	TIMEOUT	https://equsto.com/en/shop/pisirme/ata-3253-15		This operation was aborted
https://equsto.com/en/shop/pisirme/ata-3484-14	TIMEOUT	TIMEOUT	https://equsto.com/en/shop/pisirme/ata-3484-14		This operation was aborted
https://equsto.com/en/shop/pisirme/ata-5365-15	TIMEOUT	TIMEOUT	https://equsto.com/en/shop/pisirme/ata-5365-15		This operation was aborted
https://equsto.com/en/shop/pisirme/asbm-02	SITEMAP_URL_500	502	https://equsto.com/en/shop/pisirme/asbm-02		
https://equsto.com/en/shop/pisirme/asbm-03	SITEMAP_URL_500	502	https://equsto.com/en/shop/pisirme/asbm-03		
https://equsto.com/en/shop/pisirme/asbm-04	SITEMAP_URL_500	502	https://equsto.com/en/shop/pisirme/asbm-04		
https://equsto.com/en/shop/pisirme/assb-02	SITEMAP_URL_500	502	https://equsto.com/en/shop/pisirme/assb-02		
https://equsto.com/en/shop/pisirme/assb-03	SITEMAP_URL_500	502	https://equsto.com/en/shop/pisirme/assb-03		
https://equsto.com/en/shop/pisirme/assb-04	TIMEOUT	TIMEOUT	https://equsto.com/en/shop/pisirme/assb-04		This operation was aborted
https://equsto.com/en/shop/pisirme/206377	TIMEOUT	TIMEOUT	https://equsto.com/en/shop/pisirme/206377		This operation was aborted
https://equsto.com/en/shop/pisirme/206378	SITEMAP_URL_500	502	https://equsto.com/en/shop/pisirme/206378		
https://equsto.com/en/shop/pisirme/232186	TIMEOUT	TIMEOUT	https://equsto.com/en/shop/pisirme/232186		This operation was aborted
https://equsto.com/en/shop/pisirme/232187	TIMEOUT	TIMEOUT	https://equsto.com/en/shop/pisirme/232187		This operation was aborted
https://equsto.com/en/shop/pisirme/232188	TIMEOUT	TIMEOUT	https://equsto.com/en/shop/pisirme/232188		This operation was aborted
https://equsto.com/en/shop/pisirme/232189	TIMEOUT	TIMEOUT	https://equsto.com/en/shop/pisirme/232189		This operation was aborted
https://equsto.com/en/shop/pisirme/232219	TIMEOUT	TIMEOUT	https://equsto.com/en/shop/pisirme/232219		This operation was aborted
https://equsto.com/en/shop/pisirme/260687	TIMEOUT	TIMEOUT	https://equsto.com/en/shop/pisirme/260687		This operation was aborted
https://equsto.com/en/shop/pisirme/260688	TIMEOUT	TIMEOUT	https://equsto.com/en/shop/pisirme/260688		This operation was aborted
https://equsto.com/en/shop/pisirme/260689	TIMEOUT	TIMEOUT	https://equsto.com/en/shop/pisirme/260689		This operation was aborted
https://equsto.com/en/shop/pisirme/260691	TIMEOUT	TIMEOUT	https://equsto.com/en/shop/pisirme/260691		This operation was aborted
https://equsto.com/en/shop/pisirme/260693	TIMEOUT	TIMEOUT	https://equsto.com/en/shop/pisirme/260693		This operation was aborted
https://equsto.com/en/shop/pisirme/260695	TIMEOUT	TIMEOUT	https://equsto.com/en/shop/pisirme/260695		This operation was aborted
https://equsto.com/en/shop/pisirme/260813	TIMEOUT	TIMEOUT	https://equsto.com/en/shop/pisirme/260813		This operation was aborted
https://equsto.com/en/shop/pisirme/260819	TIMEOUT	TIMEOUT	https://equsto.com/en/shop/pisirme/260819		This operation was aborted
https://equsto.com/en/shop/pisirme/260825	TIMEOUT	TIMEOUT	https://equsto.com/en/shop/pisirme/260825		This operation was aborted
https://equsto.com/en/shop/pisirme/291161	TIMEOUT	TIMEOUT	https://equsto.com/en/shop/pisirme/291161		This operation was aborted
https://equsto.com/en/shop/pisirme/291162	TIMEOUT	TIMEOUT	https://equsto.com/en/shop/pisirme/291162		This operation was aborted
https://equsto.com/en/shop/pisirme/371000	TIMEOUT	TIMEOUT	https://equsto.com/en/shop/pisirme/371000		This operation was aborted
https://equsto.com/en/shop/pisirme/371001	TIMEOUT	TIMEOUT	https://equsto.com/en/shop/pisirme/371001		This operation was aborted
https://equsto.com/en/shop/pisirme/371002	TIMEOUT	TIMEOUT	https://equsto.com/en/shop/pisirme/371002		This operation was aborted
https://equsto.com/en/shop/pisirme/371003	TIMEOUT	TIMEOUT	https://equsto.com/en/shop/pisirme/371003		This operation was aborted
https://equsto.com/en/shop/pisirme/371004	TIMEOUT	TIMEOUT	https://equsto.com/en/shop/pisirme/371004		This operation was aborted
https://equsto.com/en/shop/pisirme/371005	TIMEOUT	TIMEOUT	https://equsto.com/en/shop/pisirme/371005		This operation was aborted
https://equsto.com/en/shop/pisirme/371006	TIMEOUT	TIMEOUT	https://equsto.com/en/shop/pisirme/371006		This operation was aborted
https://equsto.com/en/shop/pisirme/371007	TIMEOUT	TIMEOUT	https://equsto.com/en/shop/pisirme/371007		This operation was aborted
https://equsto.com/en/shop/pisirme/371008	TIMEOUT	TIMEOUT	https://equsto.com/en/shop/pisirme/371008		This operation was aborted
https://equsto.com/en/shop/pisirme/371009	TIMEOUT	TIMEOUT	https://equsto.com/en/shop/pisirme/371009		This operation was aborted
https://equsto.com/en/shop/pisirme/371010	TIMEOUT	TIMEOUT	https://equsto.com/en/shop/pisirme/371010		This operation was aborted
https://equsto.com/en/shop/pisirme/371011	TIMEOUT	TIMEOUT	https://equsto.com/en/shop/pisirme/371011		This operation was aborted
https://equsto.com/en/shop/pisirme/371012	TIMEOUT	TIMEOUT	https://equsto.com/en/shop/pisirme/371012		This operation was aborted
https://equsto.com/en/shop/pisirme/371014	TIMEOUT	TIMEOUT	https://equsto.com/en/shop/pisirme/371014		This operation was aborted
https://equsto.com/en/shop/pisirme/371015	TIMEOUT	TIMEOUT	https://equsto.com/en/shop/pisirme/371015		This operation was aborted
https://equsto.com/en/shop/pisirme/371016	TIMEOUT	TIMEOUT	https://equsto.com/en/shop/pisirme/371016		This operation was aborted
https://equsto.com/en/shop/pisirme/371017	TIMEOUT	TIMEOUT	https://equsto.com/en/shop/pisirme/371017		This operation was aborted
https://equsto.com/en/shop/pisirme/371018	TIMEOUT	TIMEOUT	https://equsto.com/en/shop/pisirme/371018		This operation was aborted
https://equsto.com/en/shop/pisirme/371019	TIMEOUT	TIMEOUT	https://equsto.com/en/shop/pisirme/371019		This operation was aborted
https://equsto.com/en/shop/pisirme/371020	TIMEOUT	TIMEOUT	https://equsto.com/en/shop/pisirme/371020		This operation was aborted
https://equsto.com/en/shop/pisirme/371021	TIMEOUT	TIMEOUT	https://equsto.com/en/shop/pisirme/371021		This operation was aborted
https://equsto.com/en/shop/pisirme/371023	TIMEOUT	TIMEOUT	https://equsto.com/en/shop/pisirme/371023		This operation was aborted
https://equsto.com/en/shop/pisirme/371024	TIMEOUT	TIMEOUT	https://equsto.com/en/shop/pisirme/371024		This operation was aborted
https://equsto.com/en/shop/pisirme/371025	TIMEOUT	TIMEOUT	https://equsto.com/en/shop/pisirme/371025		This operation was aborted
https://equsto.com/en/shop/pisirme/371026	TIMEOUT	TIMEOUT	https://equsto.com/en/shop/pisirme/371026		This operation was aborted
https://equsto.com/en/shop/pisirme/371027	TIMEOUT	TIMEOUT	https://equsto.com/en/shop/pisirme/371027		This operation was aborted
https://equsto.com/en/shop/pisirme/371028	TIMEOUT	TIMEOUT	https://equsto.com/en/shop/pisirme/371028		This operation was aborted
https://equsto.com/en/shop/pisirme/371037	TIMEOUT	TIMEOUT	https://equsto.com/en/shop/pisirme/371037		This operation was aborted
https://equsto.com/en/shop/pisirme/371038	TIMEOUT	TIMEOUT	https://equsto.com/en/shop/pisirme/371038		This operation was aborted
https://equsto.com/en/shop/pisirme/371041	TIMEOUT	TIMEOUT	https://equsto.com/en/shop/pisirme/371041		This operation was aborted
https://equsto.com/en/shop/pisirme/371042	TIMEOUT	TIMEOUT	https://equsto.com/en/shop/pisirme/371042		This operation was aborted
https://equsto.com/en/shop/pisirme/371043	TIMEOUT	TIMEOUT	https://equsto.com/en/shop/pisirme/371043		This operation was aborted
https://equsto.com/en/shop/pisirme/371044	TIMEOUT	TIMEOUT	https://equsto.com/en/shop/pisirme/371044		This operation was aborted
https://equsto.com/en/shop/pisirme/371045	TIMEOUT	TIMEOUT	https://equsto.com/en/shop/pisirme/371045		This operation was aborted
https://equsto.com/en/shop/pisirme/371066	TIMEOUT	TIMEOUT	https://equsto.com/en/shop/pisirme/371066		This operation was aborted
https://equsto.com/en/shop/pisirme/371067	TIMEOUT	TIMEOUT	https://equsto.com/en/shop/pisirme/371067		This operation was aborted
https://equsto.com/en/shop/pisirme/371068	TIMEOUT	TIMEOUT	https://equsto.com/en/shop/pisirme/371068		This operation was aborted
https://equsto.com/en/shop/pisirme/371069	TIMEOUT	TIMEOUT	https://equsto.com/en/shop/pisirme/371069		This operation was aborted
https://equsto.com/en/shop/pisirme/371070	TIMEOUT	TIMEOUT	https://equsto.com/en/shop/pisirme/371070		This operation was aborted
https://equsto.com/en/shop/pisirme/371071	TIMEOUT	TIMEOUT	https://equsto.com/en/shop/pisirme/371071		This operation was aborted
https://equsto.com/en/shop/pisirme/371074	TIMEOUT	TIMEOUT	https://equsto.com/en/shop/pisirme/371074		This operation was aborted
https://equsto.com/en/shop/pisirme/371075	TIMEOUT	TIMEOUT	https://equsto.com/en/shop/pisirme/371075		This operation was aborted
https://equsto.com/en/shop/pisirme/371076	TIMEOUT	TIMEOUT	https://equsto.com/en/shop/pisirme/371076		This operation was aborted
https://equsto.com/en/shop/pisirme/371077	TIMEOUT	TIMEOUT	https://equsto.com/en/shop/pisirme/371077		This operation was aborted
https://equsto.com/en/shop/pisirme/371078	TIMEOUT	TIMEOUT	https://equsto.com/en/shop/pisirme/371078		This operation was aborted
https://equsto.com/en/shop/pisirme/371079	TIMEOUT	TIMEOUT	https://equsto.com/en/shop/pisirme/371079		This operation was aborted
https://equsto.com/en/shop/pisirme/371080	TIMEOUT	TIMEOUT	https://equsto.com/en/shop/pisirme/371080		This operation was aborted
https://equsto.com/en/shop/pisirme/371081	TIMEOUT	TIMEOUT	https://equsto.com/en/shop/pisirme/371081		This operation was aborted
https://equsto.com/en/shop/pisirme/371082	TIMEOUT	TIMEOUT	https://equsto.com/en/shop/pisirme/371082		This operation was aborted
https://equsto.com/en/shop/pisirme/371083	TIMEOUT	TIMEOUT	https://equsto.com/en/shop/pisirme/371083		This operation was aborted
https://equsto.com/en/shop/pisirme/371084	TIMEOUT	TIMEOUT	https://equsto.com/en/shop/pisirme/371084		This operation was aborted
https://equsto.com/en/shop/pisirme/371085	TIMEOUT	TIMEOUT	https://equsto.com/en/shop/pisirme/371085		This operation was aborted
https://equsto.com/en/shop/pisirme/371086	SITEMAP_URL_500	502	https://equsto.com/en/shop/pisirme/371086		
https://equsto.com/en/shop/pisirme/371090	TIMEOUT	TIMEOUT	https://equsto.com/en/shop/pisirme/371090		This operation was aborted
https://equsto.com/en/shop/pisirme/371091	TIMEOUT	TIMEOUT	https://equsto.com/en/shop/pisirme/371091		This operation was aborted
https://equsto.com/en/shop/pisirme/371096	SITEMAP_URL_500	502	https://equsto.com/en/shop/pisirme/371096		
https://equsto.com/en/shop/pisirme/371097	SITEMAP_URL_500	502	https://equsto.com/en/shop/pisirme/371097		
https://equsto.com/en/shop/pisirme/371098	SITEMAP_URL_500	502	https://equsto.com/en/shop/pisirme/371098		
https://equsto.com/en/shop/pisirme/371099	TIMEOUT	TIMEOUT	https://equsto.com/en/shop/pisirme/371099		This operation was aborted
https://equsto.com/en/shop/pisirme/371100	TIMEOUT	TIMEOUT	https://equsto.com/en/shop/pisirme/371100		This operation was aborted
https://equsto.com/en/shop/pisirme/371105	TIMEOUT	TIMEOUT	https://equsto.com/en/shop/pisirme/371105		This operation was aborted
https://equsto.com/en/shop/pisirme/371106	TIMEOUT	TIMEOUT	https://equsto.com/en/shop/pisirme/371106		This operation was aborted
https://equsto.com/en/shop/pisirme/371109	TIMEOUT	TIMEOUT	https://equsto.com/en/shop/pisirme/371109		This operation was aborted
https://equsto.com/en/shop/pisirme/371110	TIMEOUT	TIMEOUT	https://equsto.com/en/shop/pisirme/371110		This operation was aborted
https://equsto.com/en/shop/pisirme/371112	TIMEOUT	TIMEOUT	https://equsto.com/en/shop/pisirme/371112		This operation was aborted
https://equsto.com/en/shop/pisirme/371113	TIMEOUT	TIMEOUT	https://equsto.com/en/shop/pisirme/371113		This operation was aborted
https://equsto.com/en/shop/pisirme/371114	SITEMAP_URL_500	502	https://equsto.com/en/shop/pisirme/371114		
https://equsto.com/en/shop/pisirme/371115	SITEMAP_URL_500	502	https://equsto.com/en/shop/pisirme/371115		
https://equsto.com/en/shop/pisirme/371116	TIMEOUT	TIMEOUT	https://equsto.com/en/shop/pisirme/371116		This operation was aborted
https://equsto.com/en/shop/pisirme/371117	TIMEOUT	TIMEOUT	https://equsto.com/en/shop/pisirme/371117		This operation was aborted
https://equsto.com/en/shop/pisirme/371118	SITEMAP_URL_500	502	https://equsto.com/en/shop/pisirme/371118		
https://equsto.com/en/shop/pisirme/371119	SITEMAP_URL_500	502	https://equsto.com/en/shop/pisirme/371119		
https://equsto.com/en/shop/pisirme/371139	SITEMAP_URL_500	502	https://equsto.com/en/shop/pisirme/371139		
https://equsto.com/en/shop/pisirme/371175	SITEMAP_URL_500	502	https://equsto.com/en/shop/pisirme/371175		
https://equsto.com/en/shop/pisirme/371176	SITEMAP_URL_500	502	https://equsto.com/en/shop/pisirme/371176		
https://equsto.com/en/shop/pisirme/371178	TIMEOUT	TIMEOUT	https://equsto.com/en/shop/pisirme/371178		This operation was aborted
https://equsto.com/en/shop/pisirme/371179	SITEMAP_URL_500	502	https://equsto.com/en/shop/pisirme/371179		
https://equsto.com/en/shop/pisirme/371181	TIMEOUT	TIMEOUT	https://equsto.com/en/shop/pisirme/371181		This operation was aborted
https://equsto.com/en/shop/pisirme/371183	TIMEOUT	TIMEOUT	https://equsto.com/en/shop/pisirme/371183		This operation was aborted
https://equsto.com/en/shop/pisirme/371193	TIMEOUT	TIMEOUT	https://equsto.com/en/shop/pisirme/371193		This operation was aborted
https://equsto.com/en/shop/pisirme/371194	TIMEOUT	TIMEOUT	https://equsto.com/en/shop/pisirme/371194		This operation was aborted
https://equsto.com/en/shop/pisirme/371197	TIMEOUT	TIMEOUT	https://equsto.com/en/shop/pisirme/371197		This operation was aborted
https://equsto.com/en/shop/pisirme/371210	TIMEOUT	TIMEOUT	https://equsto.com/en/shop/pisirme/371210		This operation was aborted
https://equsto.com/en/shop/pisirme/371211	TIMEOUT	TIMEOUT	https://equsto.com/en/shop/pisirme/371211		This operation was aborted
https://equsto.com/en/shop/pisirme/371214	TIMEOUT	TIMEOUT	https://equsto.com/en/shop/pisirme/371214		This operation was aborted
https://equsto.com/en/shop/pisirme/371215	TIMEOUT	TIMEOUT	https://equsto.com/en/shop/pisirme/371215		This operation was aborted
https://equsto.com/en/shop/pisirme/371220	SITEMAP_URL_500	502	https://equsto.com/en/shop/pisirme/371220		
https://equsto.com/en/shop/pisirme/371221	SITEMAP_URL_500	502	https://equsto.com/en/shop/pisirme/371221		
https://equsto.com/en/shop/pisirme/371222	TIMEOUT	TIMEOUT	https://equsto.com/en/shop/pisirme/371222		This operation was aborted
https://equsto.com/en/shop/pisirme/371223	SITEMAP_URL_500	502	https://equsto.com/en/shop/pisirme/371223		
https://equsto.com/en/shop/pisirme/371224	TIMEOUT	TIMEOUT	https://equsto.com/en/shop/pisirme/371224		This operation was aborted
https://equsto.com/en/shop/pisirme/371237	TIMEOUT	TIMEOUT	https://equsto.com/en/shop/pisirme/371237		This operation was aborted
https://equsto.com/en/shop/pisirme/371238	TIMEOUT	TIMEOUT	https://equsto.com/en/shop/pisirme/371238		This operation was aborted
https://equsto.com/en/shop/pisirme/371239	SITEMAP_URL_500	502	https://equsto.com/en/shop/pisirme/371239		
https://equsto.com/en/shop/pisirme/371240	TIMEOUT	TIMEOUT	https://equsto.com/en/shop/pisirme/371240		This operation was aborted
https://equsto.com/en/shop/pisirme/371241	SITEMAP_URL_500	502	https://equsto.com/en/shop/pisirme/371241		
https://equsto.com/en/shop/pisirme/371242	SITEMAP_URL_500	502	https://equsto.com/en/shop/pisirme/371242		
https://equsto.com/en/shop/pisirme/371269	TIMEOUT	TIMEOUT	https://equsto.com/en/shop/pisirme/371269		This operation was aborted
https://equsto.com/en/shop/pisirme/371270	TIMEOUT	TIMEOUT	https://equsto.com/en/shop/pisirme/371270		This operation was aborted
https://equsto.com/en/shop/pisirme/371271	SITEMAP_URL_500	502	https://equsto.com/en/shop/pisirme/371271		
https://equsto.com/en/shop/pisirme/371272	SITEMAP_URL_500	502	https://equsto.com/en/shop/pisirme/371272		
https://equsto.com/en/shop/pisirme/371273	SITEMAP_URL_500	502	https://equsto.com/en/shop/pisirme/371273		
https://equsto.com/en/shop/pisirme/371282	TIMEOUT	TIMEOUT	https://equsto.com/en/shop/pisirme/371282		This operation was aborted
https://equsto.com/en/shop/pisirme/371290	SITEMAP_URL_500	502	https://equsto.com/en/shop/pisirme/371290		
https://equsto.com/en/shop/pisirme/371291	SITEMAP_URL_500	502	https://equsto.com/en/shop/pisirme/371291		
https://equsto.com/en/shop/pisirme/371292	SITEMAP_URL_500	502	https://equsto.com/en/shop/pisirme/371292		
https://equsto.com/en/shop/pisirme/371293	TIMEOUT	TIMEOUT	https://equsto.com/en/shop/pisirme/371293		This operation was aborted
https://equsto.com/en/shop/pisirme/371294	SITEMAP_URL_500	502	https://equsto.com/en/shop/pisirme/371294		
https://equsto.com/en/shop/pisirme/371295	SITEMAP_URL_500	502	https://equsto.com/en/shop/pisirme/371295		
https://equsto.com/en/shop/pisirme/371296	SITEMAP_URL_500	502	https://equsto.com/en/shop/pisirme/371296		
https://equsto.com/en/shop/pisirme/371320	SITEMAP_URL_500	502	https://equsto.com/en/shop/pisirme/371320		
https://equsto.com/en/shop/pisirme/371321	SITEMAP_URL_500	502	https://equsto.com/en/shop/pisirme/371321		
https://equsto.com/en/shop/pisirme/371322	SITEMAP_URL_500	502	https://equsto.com/en/shop/pisirme/371322		
https://equsto.com/en/shop/pisirme/371323	SITEMAP_URL_500	502	https://equsto.com/en/shop/pisirme/371323		
https://equsto.com/en/shop/pisirme/371325	SITEMAP_URL_500	502	https://equsto.com/en/shop/pisirme/371325		
https://equsto.com/en/shop/pisirme/371328	SITEMAP_URL_500	502	https://equsto.com/en/shop/pisirme/371328		
https://equsto.com/en/shop/pisirme/371329	SITEMAP_URL_500	502	https://equsto.com/en/shop/pisirme/371329		
https://equsto.com/en/shop/pisirme/371330	SITEMAP_URL_500	502	https://equsto.com/en/shop/pisirme/371330		
https://equsto.com/en/shop/pisirme/371332	SITEMAP_URL_500	502	https://equsto.com/en/shop/pisirme/371332		
https://equsto.com/en/shop/pisirme/371335	TIMEOUT	TIMEOUT	https://equsto.com/en/shop/pisirme/371335		This operation was aborted
https://equsto.com/en/shop/pisirme/371340	SITEMAP_URL_500	502	https://equsto.com/en/shop/pisirme/371340		
https://equsto.com/en/shop/pisirme/371347	SITEMAP_URL_500	502	https://equsto.com/en/shop/pisirme/371347		
https://equsto.com/en/shop/pisirme/391000	SITEMAP_URL_500	502	https://equsto.com/en/shop/pisirme/391000		
https://equsto.com/en/shop/pisirme/391002	SITEMAP_URL_500	502	https://equsto.com/en/shop/pisirme/391002		
https://equsto.com/en/shop/pisirme/391004	SITEMAP_URL_500	502	https://equsto.com/en/shop/pisirme/391004		
https://equsto.com/en/shop/pisirme/391005	SITEMAP_URL_500	502	https://equsto.com/en/shop/pisirme/391005		
https://equsto.com/en/shop/pisirme/391006	SITEMAP_URL_500	502	https://equsto.com/en/shop/pisirme/391006		
https://equsto.com/en/shop/pisirme/391010	SITEMAP_URL_500	502	https://equsto.com/en/shop/pisirme/391010		
https://equsto.com/en/shop/pisirme/391011	SITEMAP_URL_500	502	https://equsto.com/en/shop/pisirme/391011		
https://equsto.com/en/shop/pisirme/391013	SITEMAP_URL_500	502	https://equsto.com/en/shop/pisirme/391013		
https://equsto.com/en/shop/pisirme/391014	SITEMAP_URL_500	502	https://equsto.com/en/shop/pisirme/391014		
https://equsto.com/en/shop/pisirme/391015	SITEMAP_URL_500	502	https://equsto.com/en/shop/pisirme/391015		
https://equsto.com/en/shop/pisirme/391016	SITEMAP_URL_500	502	https://equsto.com/en/shop/pisirme/391016		
https://equsto.com/en/shop/pisirme/391017	SITEMAP_URL_500	502	https://equsto.com/en/shop/pisirme/391017		
https://equsto.com/en/shop/pisirme/391018	SITEMAP_URL_500	502	https://equsto.com/en/shop/pisirme/391018		
https://equsto.com/en/shop/pisirme/391019	SITEMAP_URL_500	502	https://equsto.com/en/shop/pisirme/391019		
https://equsto.com/en/shop/pisirme/391021	SITEMAP_URL_500	502	https://equsto.com/en/shop/pisirme/391021		
https://equsto.com/en/shop/pisirme/391022	SITEMAP_URL_500	502	https://equsto.com/en/shop/pisirme/391022		
https://equsto.com/en/shop/pisirme/391023	SITEMAP_URL_500	502	https://equsto.com/en/shop/pisirme/391023		
https://equsto.com/en/shop/pisirme/391039	SITEMAP_URL_500	502	https://equsto.com/en/shop/pisirme/391039		
https://equsto.com/en/shop/pisirme/391040	SITEMAP_URL_500	502	https://equsto.com/en/shop/pisirme/391040		
https://equsto.com/en/shop/pisirme/391041	SITEMAP_URL_500	502	https://equsto.com/en/shop/pisirme/391041		
https://equsto.com/en/shop/pisirme/391044	SITEMAP_URL_500	502	https://equsto.com/en/shop/pisirme/391044		
https://equsto.com/en/shop/pisirme/391045	TIMEOUT	TIMEOUT	https://equsto.com/en/shop/pisirme/391045		This operation was aborted
https://equsto.com/en/shop/pisirme/391046	SITEMAP_URL_500	502	https://equsto.com/en/shop/pisirme/391046		
https://equsto.com/en/shop/pisirme/391053	TIMEOUT	TIMEOUT	https://equsto.com/en/shop/pisirme/391053		This operation was aborted
https://equsto.com/en/shop/pisirme/391054	TIMEOUT	TIMEOUT	https://equsto.com/en/shop/pisirme/391054		This operation was aborted
https://equsto.com/en/shop/pisirme/391065	SITEMAP_URL_500	502	https://equsto.com/en/shop/pisirme/391065		
https://equsto.com/en/shop/pisirme/391066	SITEMAP_URL_500	502	https://equsto.com/en/shop/pisirme/391066		
https://equsto.com/en/shop/pisirme/391072	TIMEOUT	TIMEOUT	https://equsto.com/en/shop/pisirme/391072		This operation was aborted
https://equsto.com/en/shop/pisirme/391073	SITEMAP_URL_500	502	https://equsto.com/en/shop/pisirme/391073		
https://equsto.com/en/shop/pisirme/391074	SITEMAP_URL_500	502	https://equsto.com/en/shop/pisirme/391074		
https://equsto.com/en/shop/pisirme/391077	SITEMAP_URL_500	502	https://equsto.com/en/shop/pisirme/391077		
https://equsto.com/en/shop/pisirme/391078	TIMEOUT	TIMEOUT	https://equsto.com/en/shop/pisirme/391078		This operation was aborted
https://equsto.com/en/shop/pisirme/391084	TIMEOUT	TIMEOUT	https://equsto.com/en/shop/pisirme/391084		This operation was aborted
https://equsto.com/en/shop/pisirme/391087	TIMEOUT	TIMEOUT	https://equsto.com/en/shop/pisirme/391087		This operation was aborted
https://equsto.com/en/shop/pisirme/391088	TIMEOUT	TIMEOUT	https://equsto.com/en/shop/pisirme/391088		This operation was aborted
https://equsto.com/en/shop/pisirme/391094	TIMEOUT	TIMEOUT	https://equsto.com/en/shop/pisirme/391094		This operation was aborted
https://equsto.com/en/shop/pisirme/391095	TIMEOUT	TIMEOUT	https://equsto.com/en/shop/pisirme/391095		This operation was aborted
https://equsto.com/en/shop/pisirme/391098	TIMEOUT	TIMEOUT	https://equsto.com/en/shop/pisirme/391098		This operation was aborted
https://equsto.com/en/shop/pisirme/391100	TIMEOUT	TIMEOUT	https://equsto.com/en/shop/pisirme/391100		This operation was aborted
https://equsto.com/en/shop/pisirme/391101	TIMEOUT	TIMEOUT	https://equsto.com/en/shop/pisirme/391101		This operation was aborted
https://equsto.com/en/shop/pisirme/391102	SITEMAP_URL_500	502	https://equsto.com/en/shop/pisirme/391102		
https://equsto.com/en/shop/pisirme/391103	SITEMAP_URL_500	502	https://equsto.com/en/shop/pisirme/391103		
https://equsto.com/en/shop/pisirme/391104	SITEMAP_URL_500	502	https://equsto.com/en/shop/pisirme/391104		
https://equsto.com/en/shop/pisirme/391105	TIMEOUT	TIMEOUT	https://equsto.com/en/shop/pisirme/391105		This operation was aborted
https://equsto.com/en/shop/pisirme/391106	SITEMAP_URL_500	502	https://equsto.com/en/shop/pisirme/391106		
https://equsto.com/en/shop/pisirme/391107	SITEMAP_URL_500	502	https://equsto.com/en/shop/pisirme/391107		
https://equsto.com/en/shop/pisirme/391108	SITEMAP_URL_500	502	https://equsto.com/en/shop/pisirme/391108		
https://equsto.com/en/shop/pisirme/391109	SITEMAP_URL_500	502	https://equsto.com/en/shop/pisirme/391109		
https://equsto.com/en/shop/pisirme/391110	TIMEOUT	TIMEOUT	https://equsto.com/en/shop/pisirme/391110		This operation was aborted
https://equsto.com/en/shop/pisirme/391111	SITEMAP_URL_500	502	https://equsto.com/en/shop/pisirme/391111		
https://equsto.com/en/shop/pisirme/391112	SITEMAP_URL_500	502	https://equsto.com/en/shop/pisirme/391112		
https://equsto.com/en/shop/pisirme/391118	SITEMAP_URL_500	502	https://equsto.com/en/shop/pisirme/391118		
https://equsto.com/en/shop/pisirme/391119	TIMEOUT	TIMEOUT	https://equsto.com/en/shop/pisirme/391119		This operation was aborted
https://equsto.com/en/shop/pisirme/391120	TIMEOUT	TIMEOUT	https://equsto.com/en/shop/pisirme/391120		This operation was aborted
https://equsto.com/en/shop/pisirme/391121	SITEMAP_URL_500	502	https://equsto.com/en/shop/pisirme/391121		
https://equsto.com/en/shop/pisirme/391122	SITEMAP_URL_500	502	https://equsto.com/en/shop/pisirme/391122		
https://equsto.com/en/shop/pisirme/391123	SITEMAP_URL_500	502	https://equsto.com/en/shop/pisirme/391123		
https://equsto.com/en/shop/pisirme/391124	SITEMAP_URL_500	502	https://equsto.com/en/shop/pisirme/391124		
https://equsto.com/en/shop/pisirme/391125	SITEMAP_URL_500	502	https://equsto.com/en/shop/pisirme/391125		
https://equsto.com/en/shop/pisirme/391126	TIMEOUT	TIMEOUT	https://equsto.com/en/shop/pisirme/391126		This operation was aborted
https://equsto.com/en/shop/pisirme/391127	SITEMAP_URL_500	502	https://equsto.com/en/shop/pisirme/391127		
https://equsto.com/en/shop/pisirme/391136	SITEMAP_URL_500	502	https://equsto.com/en/shop/pisirme/391136		
https://equsto.com/en/shop/pisirme/391137	TIMEOUT	TIMEOUT	https://equsto.com/en/shop/pisirme/391137		This operation was aborted
https://equsto.com/en/shop/pisirme/391140	SITEMAP_URL_500	502	https://equsto.com/en/shop/pisirme/391140		
https://equsto.com/en/shop/pisirme/391141	TIMEOUT	TIMEOUT	https://equsto.com/en/shop/pisirme/391141		This operation was aborted
https://equsto.com/en/shop/pisirme/391142	TIMEOUT	TIMEOUT	https://equsto.com/en/shop/pisirme/391142		This operation was aborted
https://equsto.com/en/shop/pisirme/391145	TIMEOUT	TIMEOUT	https://equsto.com/en/shop/pisirme/391145		This operation was aborted
https://equsto.com/en/shop/pisirme/391146	TIMEOUT	TIMEOUT	https://equsto.com/en/shop/pisirme/391146		This operation was aborted
https://equsto.com/en/shop/pisirme/391149	TIMEOUT	TIMEOUT	https://equsto.com/en/shop/pisirme/391149		This operation was aborted
https://equsto.com/en/shop/pisirme/391150	TIMEOUT	TIMEOUT	https://equsto.com/en/shop/pisirme/391150		This operation was aborted
https://equsto.com/en/shop/pisirme/391151	TIMEOUT	TIMEOUT	https://equsto.com/en/shop/pisirme/391151		This operation was aborted
https://equsto.com/en/shop/pisirme/391152	TIMEOUT	TIMEOUT	https://equsto.com/en/shop/pisirme/391152		This operation was aborted
https://equsto.com/en/shop/pisirme/391153	TIMEOUT	TIMEOUT	https://equsto.com/en/shop/pisirme/391153		This operation was aborted
https://equsto.com/en/shop/pisirme/391154	TIMEOUT	TIMEOUT	https://equsto.com/en/shop/pisirme/391154		This operation was aborted
https://equsto.com/en/shop/pisirme/391155	TIMEOUT	TIMEOUT	https://equsto.com/en/shop/pisirme/391155		This operation was aborted
https://equsto.com/en/shop/pisirme/391156	TIMEOUT	TIMEOUT	https://equsto.com/en/shop/pisirme/391156		This operation was aborted
https://equsto.com/en/shop/pisirme/391157	TIMEOUT	TIMEOUT	https://equsto.com/en/shop/pisirme/391157		This operation was aborted
https://equsto.com/en/shop/pisirme/391158	TIMEOUT	TIMEOUT	https://equsto.com/en/shop/pisirme/391158		This operation was aborted
https://equsto.com/en/shop/pisirme/391159	SITEMAP_URL_500	502	https://equsto.com/en/shop/pisirme/391159		
https://equsto.com/en/shop/pisirme/391160	TIMEOUT	TIMEOUT	https://equsto.com/en/shop/pisirme/391160		This operation was aborted
https://equsto.com/en/shop/pisirme/391161	TIMEOUT	TIMEOUT	https://equsto.com/en/shop/pisirme/391161		This operation was aborted
https://equsto.com/en/shop/pisirme/391219	SITEMAP_URL_500	502	https://equsto.com/en/shop/pisirme/391219		
https://equsto.com/en/shop/pisirme/391220	TIMEOUT	TIMEOUT	https://equsto.com/en/shop/pisirme/391220		This operation was aborted
https://equsto.com/en/shop/pisirme/391236	TIMEOUT	TIMEOUT	https://equsto.com/en/shop/pisirme/391236		This operation was aborted
https://equsto.com/en/shop/pisirme/391266	TIMEOUT	TIMEOUT	https://equsto.com/en/shop/pisirme/391266		This operation was aborted
https://equsto.com/en/shop/pisirme/391267	SITEMAP_URL_500	502	https://equsto.com/en/shop/pisirme/391267		
https://equsto.com/en/shop/pisirme/391270	TIMEOUT	TIMEOUT	https://equsto.com/en/shop/pisirme/391270		This operation was aborted
https://equsto.com/en/shop/pisirme/391271	SITEMAP_URL_500	502	https://equsto.com/en/shop/pisirme/391271		
https://equsto.com/en/shop/pisirme/391273	SITEMAP_URL_500	502	https://equsto.com/en/shop/pisirme/391273		
https://equsto.com/en/shop/pisirme/391331	TIMEOUT	TIMEOUT	https://equsto.com/en/shop/pisirme/391331		This operation was aborted
https://equsto.com/en/shop/pisirme/391332	SITEMAP_URL_500	502	https://equsto.com/en/shop/pisirme/391332		
https://equsto.com/en/shop/pisirme/391333	SITEMAP_URL_500	502	https://equsto.com/en/shop/pisirme/391333		
https://equsto.com/en/shop/pisirme/391334	SITEMAP_URL_500	502	https://equsto.com/en/shop/pisirme/391334		
https://equsto.com/en/shop/pisirme/391337	SITEMAP_URL_500	502	https://equsto.com/en/shop/pisirme/391337		
https://equsto.com/en/shop/pisirme/391338	SITEMAP_URL_500	502	https://equsto.com/en/shop/pisirme/391338		
https://equsto.com/en/shop/pisirme/391339	SITEMAP_URL_500	502	https://equsto.com/en/shop/pisirme/391339		
https://equsto.com/en/shop/pisirme/391340	SITEMAP_URL_500	502	https://equsto.com/en/shop/pisirme/391340		
https://equsto.com/en/shop/pisirme/391343	SITEMAP_URL_500	502	https://equsto.com/en/shop/pisirme/391343		
https://equsto.com/en/shop/pisirme/391345	TIMEOUT	TIMEOUT	https://equsto.com/en/shop/pisirme/391345		This operation was aborted
https://equsto.com/en/shop/pisirme/391379	SITEMAP_URL_500	502	https://equsto.com/en/shop/pisirme/391379		
https://equsto.com/en/shop/pisirme/391399	TIMEOUT	TIMEOUT	https://equsto.com/en/shop/pisirme/391399		This operation was aborted
https://equsto.com/en/shop/pisirme/391400	TIMEOUT	TIMEOUT	https://equsto.com/en/shop/pisirme/391400		This operation was aborted
https://equsto.com/en/shop/pisirme/391404	SITEMAP_URL_500	502	https://equsto.com/en/shop/pisirme/391404		
https://equsto.com/en/shop/pisirme/391405	TIMEOUT	TIMEOUT	https://equsto.com/en/shop/pisirme/391405		This operation was aborted
https://equsto.com/en/shop/pisirme/391406	TIMEOUT	TIMEOUT	https://equsto.com/en/shop/pisirme/391406		This operation was aborted
https://equsto.com/en/shop/pisirme/391407	TIMEOUT	TIMEOUT	https://equsto.com/en/shop/pisirme/391407		This operation was aborted
https://equsto.com/en/shop/pisirme/391543	TIMEOUT	TIMEOUT	https://equsto.com/en/shop/pisirme/391543		This operation was aborted
https://equsto.com/en/shop/pisirme/391544	TIMEOUT	TIMEOUT	https://equsto.com/en/shop/pisirme/391544		This operation was aborted
https://equsto.com/en/shop/pisirme/391545	TIMEOUT	TIMEOUT	https://equsto.com/en/shop/pisirme/391545		This operation was aborted
https://equsto.com/en/shop/pisirme/391546	TIMEOUT	TIMEOUT	https://equsto.com/en/shop/pisirme/391546		This operation was aborted
https://equsto.com/en/shop/pisirme/391547	TIMEOUT	TIMEOUT	https://equsto.com/en/shop/pisirme/391547		This operation was aborted
https://equsto.com/en/shop/pisirme/391548	TIMEOUT	TIMEOUT	https://equsto.com/en/shop/pisirme/391548		This operation was aborted
https://equsto.com/en/shop/pisirme/391576	TIMEOUT	TIMEOUT	https://equsto.com/en/shop/pisirme/391576		This operation was aborted
https://equsto.com/en/shop/pisirme/391581	TIMEOUT	TIMEOUT	https://equsto.com/en/shop/pisirme/391581		This operation was aborted
https://equsto.com/en/shop/pisirme/391600	TIMEOUT	TIMEOUT	https://equsto.com/en/shop/pisirme/391600		This operation was aborted
https://equsto.com/en/shop/pisirme/391601	TIMEOUT	TIMEOUT	https://equsto.com/en/shop/pisirme/391601		This operation was aborted
https://equsto.com/en/shop/pisirme/391602	TIMEOUT	TIMEOUT	https://equsto.com/en/shop/pisirme/391602		This operation was aborted
https://equsto.com/en/shop/pisirme/603945	TIMEOUT	TIMEOUT	https://equsto.com/en/shop/pisirme/603945		This operation was aborted
https://equsto.com/en/shop/pisirme/603946	SITEMAP_URL_500	502	https://equsto.com/en/shop/pisirme/603946		
https://equsto.com/en/shop/pisirme/603952	SITEMAP_URL_500	502	https://equsto.com/en/shop/pisirme/603952		
https://equsto.com/en/shop/pisirme/729631	SITEMAP_URL_500	502	https://equsto.com/en/shop/pisirme/729631		
https://equsto.com/en/shop/pisirme/922614	SITEMAP_URL_500	502	https://equsto.com/en/shop/pisirme/922614		
https://equsto.com/en/shop/pisirme/922616	TIMEOUT	TIMEOUT	https://equsto.com/en/shop/pisirme/922616		This operation was aborted
https://equsto.com/en/shop/pisirme/spr63-1	TIMEOUT	TIMEOUT	https://equsto.com/en/shop/pisirme/spr63-1		This operation was aborted
https://equsto.com/en/shop/pisirme/spr62-1	SITEMAP_URL_500	502	https://equsto.com/en/shop/pisirme/spr62-1		
https://equsto.com/en/shop/pisirme/spr81-1	SITEMAP_URL_500	502	https://equsto.com/en/shop/pisirme/spr81-1		
https://equsto.com/en/shop/pisirme/spr81-2	SITEMAP_URL_500	502	https://equsto.com/en/shop/pisirme/spr81-2		
https://equsto.com/en/shop/pisirme/spr81-3	SITEMAP_URL_500	502	https://equsto.com/en/shop/pisirme/spr81-3		
https://equsto.com/en/shop/pisirme/spr81-4	TIMEOUT	TIMEOUT	https://equsto.com/en/shop/pisirme/spr81-4		This operation was aborted
https://equsto.com/en/shop/pisirme/spr80-1	TIMEOUT	TIMEOUT	https://equsto.com/en/shop/pisirme/spr80-1		This operation was aborted
https://equsto.com/en/shop/pisirme/spr80-2	SITEMAP_URL_500	502	https://equsto.com/en/shop/pisirme/spr80-2		
https://equsto.com/en/shop/pisirme/spr80-3	SITEMAP_URL_500	502	https://equsto.com/en/shop/pisirme/spr80-3		
https://equsto.com/en/shop/pisirme/spr80-4	SITEMAP_URL_500	502	https://equsto.com/en/shop/pisirme/spr80-4		
https://equsto.com/en/shop/pisirme/spr71-3	TIMEOUT	TIMEOUT	https://equsto.com/en/shop/pisirme/spr71-3		This operation was aborted
https://equsto.com/en/shop/pisirme/spr74-2	TIMEOUT	TIMEOUT	https://equsto.com/en/shop/pisirme/spr74-2		This operation was aborted
https://equsto.com/en/shop/pisirme/spr75-1	TIMEOUT	TIMEOUT	https://equsto.com/en/shop/pisirme/spr75-1		This operation was aborted
https://equsto.com/en/shop/pisirme/spr75-2	TIMEOUT	TIMEOUT	https://equsto.com/en/shop/pisirme/spr75-2		This operation was aborted
https://equsto.com/en/shop/pisirme/spr75-3	TIMEOUT	TIMEOUT	https://equsto.com/en/shop/pisirme/spr75-3		This operation was aborted
https://equsto.com/en/shop/pisirme/spr74-1	TIMEOUT	TIMEOUT	https://equsto.com/en/shop/pisirme/spr74-1		This operation was aborted
https://equsto.com/en/shop/pisirme/spr74-3	TIMEOUT	TIMEOUT	https://equsto.com/en/shop/pisirme/spr74-3		This operation was aborted
https://equsto.com/en/shop/pisirme/spr18-1	TIMEOUT	TIMEOUT	https://equsto.com/en/shop/pisirme/spr18-1		This operation was aborted
https://equsto.com/en/shop/pisirme/spr18-2	TIMEOUT	TIMEOUT	https://equsto.com/en/shop/pisirme/spr18-2		This operation was aborted
https://equsto.com/en/shop/pisirme/spr18-3	TIMEOUT	TIMEOUT	https://equsto.com/en/shop/pisirme/spr18-3		This operation was aborted
https://equsto.com/en/shop/pisirme/spr18-4	TIMEOUT	TIMEOUT	https://equsto.com/en/shop/pisirme/spr18-4		This operation was aborted
https://equsto.com/en/shop/pisirme/spr17-1	TIMEOUT	TIMEOUT	https://equsto.com/en/shop/pisirme/spr17-1		This operation was aborted
https://equsto.com/en/shop/pisirme/spr17-2	TIMEOUT	TIMEOUT	https://equsto.com/en/shop/pisirme/spr17-2		This operation was aborted
https://equsto.com/en/shop/pisirme/spr17-3	SITEMAP_URL_500	502	https://equsto.com/en/shop/pisirme/spr17-3		
https://equsto.com/en/shop/pisirme/spr17-4	TIMEOUT	TIMEOUT	https://equsto.com/en/shop/pisirme/spr17-4		This operation was aborted
https://equsto.com/en/shop/pisirme/spr73-1	TIMEOUT	TIMEOUT	https://equsto.com/en/shop/pisirme/spr73-1		This operation was aborted
https://equsto.com/en/shop/pisirme/spr73-2	TIMEOUT	TIMEOUT	https://equsto.com/en/shop/pisirme/spr73-2		This operation was aborted
https://equsto.com/en/shop/pisirme/spr73-3	TIMEOUT	TIMEOUT	https://equsto.com/en/shop/pisirme/spr73-3		This operation was aborted
https://equsto.com/en/shop/pisirme/spr73-4	TIMEOUT	TIMEOUT	https://equsto.com/en/shop/pisirme/spr73-4		This operation was aborted
https://equsto.com/en/shop/pisirme/spr71-1	TIMEOUT	TIMEOUT	https://equsto.com/en/shop/pisirme/spr71-1		This operation was aborted
https://equsto.com/en/shop/pisirme/spr71-2	TIMEOUT	TIMEOUT	https://equsto.com/en/shop/pisirme/spr71-2		This operation was aborted
https://equsto.com/en/shop/pisirme/spr71-4	TIMEOUT	TIMEOUT	https://equsto.com/en/shop/pisirme/spr71-4		This operation was aborted
https://equsto.com/en/shop/pisirme/spr72-1	SITEMAP_URL_500	502	https://equsto.com/en/shop/pisirme/spr72-1		
https://equsto.com/en/shop/pisirme/spr72-2	SITEMAP_URL_500	502	https://equsto.com/en/shop/pisirme/spr72-2		
https://equsto.com/en/shop/pisirme/spr72-3	TIMEOUT	TIMEOUT	https://equsto.com/en/shop/pisirme/spr72-3		This operation was aborted
https://equsto.com/en/shop/pisirme/spr72-4	SITEMAP_URL_500	502	https://equsto.com/en/shop/pisirme/spr72-4		
https://equsto.com/en/shop/pisirme/spr70-1	TIMEOUT	TIMEOUT	https://equsto.com/en/shop/pisirme/spr70-1		This operation was aborted
https://equsto.com/en/shop/pisirme/spr70-2	SITEMAP_URL_500	502	https://equsto.com/en/shop/pisirme/spr70-2		
https://equsto.com/en/shop/pisirme/spr70-3	TIMEOUT	TIMEOUT	https://equsto.com/en/shop/pisirme/spr70-3		This operation was aborted
https://equsto.com/en/shop/pisirme/spr70-4	TIMEOUT	TIMEOUT	https://equsto.com/en/shop/pisirme/spr70-4		This operation was aborted
https://equsto.com/en/shop/pisirme/spr14	SITEMAP_URL_500	502	https://equsto.com/en/shop/pisirme/spr14		
https://equsto.com/en/shop/pisirme/spr59	TIMEOUT	TIMEOUT	https://equsto.com/en/shop/pisirme/spr59		This operation was aborted
https://equsto.com/en/shop/pisirme/spr58	TIMEOUT	TIMEOUT	https://equsto.com/en/shop/pisirme/spr58		This operation was aborted
https://equsto.com/en/shop/pisirme/sparo-8307	SITEMAP_URL_500	502	https://equsto.com/en/shop/pisirme/sparo-8307		
https://equsto.com/en/shop/pisirme/spr14-1	TIMEOUT	TIMEOUT	https://equsto.com/en/shop/pisirme/spr14-1		This operation was aborted
https://equsto.com/en/shop/pisirme/spr14-2	SITEMAP_URL_500	502	https://equsto.com/en/shop/pisirme/spr14-2		
https://equsto.com/en/shop/pisirme/spr14-3	SITEMAP_URL_500	502	https://equsto.com/en/shop/pisirme/spr14-3		
https://equsto.com/en/shop/pisirme/spr14-4	SITEMAP_URL_500	502	https://equsto.com/en/shop/pisirme/spr14-4		
https://equsto.com/en/shop/pisirme/spr16-1	TIMEOUT	TIMEOUT	https://equsto.com/en/shop/pisirme/spr16-1		This operation was aborted
https://equsto.com/en/shop/pisirme/spr16-2	SITEMAP_URL_500	502	https://equsto.com/en/shop/pisirme/spr16-2		
https://equsto.com/en/shop/pisirme/spr16-3	TIMEOUT	TIMEOUT	https://equsto.com/en/shop/pisirme/spr16-3		This operation was aborted
https://equsto.com/en/shop/pisirme/spr16-4	TIMEOUT	TIMEOUT	https://equsto.com/en/shop/pisirme/spr16-4		This operation was aborted
https://equsto.com/en/shop/pisirme/spr120-1	SITEMAP_URL_500	502	https://equsto.com/en/shop/pisirme/spr120-1		
https://equsto.com/en/shop/pisirme/spr120-2	SITEMAP_URL_500	502	https://equsto.com/en/shop/pisirme/spr120-2		
https://equsto.com/en/shop/pisirme/spr110-1	SITEMAP_URL_500	502	https://equsto.com/en/shop/pisirme/spr110-1		
https://equsto.com/en/shop/pisirme/spr110-2	SITEMAP_URL_500	502	https://equsto.com/en/shop/pisirme/spr110-2		
https://equsto.com/en/shop/pisirme/spr100-1	SITEMAP_URL_500	502	https://equsto.com/en/shop/pisirme/spr100-1		
https://equsto.com/en/shop/pisirme/spr100-2	TIMEOUT	TIMEOUT	https://equsto.com/en/shop/pisirme/spr100-2		This operation was aborted
https://equsto.com/en/shop/pisirme/spr1-1	SITEMAP_URL_500	502	https://equsto.com/en/shop/pisirme/spr1-1		
https://equsto.com/en/shop/pisirme/spr1-2	SITEMAP_URL_500	502	https://equsto.com/en/shop/pisirme/spr1-2		
https://equsto.com/en/shop/pisirme/spr2-1	TIMEOUT	TIMEOUT	https://equsto.com/en/shop/pisirme/spr2-1		This operation was aborted
https://equsto.com/en/shop/pisirme/spr2-2	SITEMAP_URL_500	502	https://equsto.com/en/shop/pisirme/spr2-2		
https://equsto.com/en/shop/pisirme/spr7-1	SITEMAP_URL_500	502	https://equsto.com/en/shop/pisirme/spr7-1		
https://equsto.com/en/shop/pisirme/spr7-2	TIMEOUT	TIMEOUT	https://equsto.com/en/shop/pisirme/spr7-2		This operation was aborted
https://equsto.com/en/shop/pisirme/spr7-3	SITEMAP_URL_500	502	https://equsto.com/en/shop/pisirme/spr7-3		
https://equsto.com/en/shop/pisirme/spr7-4	TIMEOUT	TIMEOUT	https://equsto.com/en/shop/pisirme/spr7-4		This operation was aborted
https://equsto.com/en/shop/pisirme/spr50	TIMEOUT	TIMEOUT	https://equsto.com/en/shop/pisirme/spr50		This operation was aborted
https://equsto.com/en/shop/pisirme/spr6-1	TIMEOUT	TIMEOUT	https://equsto.com/en/shop/pisirme/spr6-1		This operation was aborted
https://equsto.com/en/shop/pisirme/spr6-2	TIMEOUT	TIMEOUT	https://equsto.com/en/shop/pisirme/spr6-2		This operation was aborted
https://equsto.com/en/shop/pisirme/spr6-3	SITEMAP_URL_500	502	https://equsto.com/en/shop/pisirme/spr6-3		
https://equsto.com/en/shop/pisirme/spr6-4	TIMEOUT	TIMEOUT	https://equsto.com/en/shop/pisirme/spr6-4		This operation was aborted
https://equsto.com/en/shop/pisirme/spr5-1	TIMEOUT	TIMEOUT	https://equsto.com/en/shop/pisirme/spr5-1		This operation was aborted
https://equsto.com/en/shop/pisirme/spr5-2	TIMEOUT	TIMEOUT	https://equsto.com/en/shop/pisirme/spr5-2		This operation was aborted
https://equsto.com/en/shop/pisirme/spr5-3	TIMEOUT	TIMEOUT	https://equsto.com/en/shop/pisirme/spr5-3		This operation was aborted
https://equsto.com/en/shop/pisirme/spr5-4	SITEMAP_URL_500	502	https://equsto.com/en/shop/pisirme/spr5-4		
https://equsto.com/en/shop/pisirme/spr5	SITEMAP_URL_500	502	https://equsto.com/en/shop/pisirme/spr5		
https://equsto.com/en/shop/pisirme/spr55	SITEMAP_URL_500	502	https://equsto.com/en/shop/pisirme/spr55		
https://equsto.com/en/shop/pisirme/spr61-1	TIMEOUT	TIMEOUT	https://equsto.com/en/shop/pisirme/spr61-1		This operation was aborted
https://equsto.com/en/shop/pisirme/spr3-1	TIMEOUT	TIMEOUT	https://equsto.com/en/shop/pisirme/spr3-1		This operation was aborted
https://equsto.com/en/shop/pisirme/spr3-2	TIMEOUT	TIMEOUT	https://equsto.com/en/shop/pisirme/spr3-2		This operation was aborted
https://equsto.com/en/shop/pisirme/spr60-1	SITEMAP_URL_500	502	https://equsto.com/en/shop/pisirme/spr60-1		
https://equsto.com/en/shop/pisirme/spr13-1	TIMEOUT	TIMEOUT	https://equsto.com/en/shop/pisirme/spr13-1		This operation was aborted
https://equsto.com/en/shop/pisirme/spr13-2	SITEMAP_URL_500	502	https://equsto.com/en/shop/pisirme/spr13-2		
https://equsto.com/en/shop/pisirme/spr57	SITEMAP_URL_500	502	https://equsto.com/en/shop/pisirme/spr57		
https://equsto.com/en/shop/pisirme/spr20-1	SITEMAP_URL_500	502	https://equsto.com/en/shop/pisirme/spr20-1		
https://equsto.com/en/shop/pisirme/spr20-2	SITEMAP_URL_500	502	https://equsto.com/en/shop/pisirme/spr20-2		
https://equsto.com/en/shop/pisirme/spr20-3	SITEMAP_URL_500	502	https://equsto.com/en/shop/pisirme/spr20-3		
https://equsto.com/en/shop/pisirme/spr20-4	TIMEOUT	TIMEOUT	https://equsto.com/en/shop/pisirme/spr20-4		This operation was aborted
https://equsto.com/en/shop/pisirme/spr11-1	TIMEOUT	TIMEOUT	https://equsto.com/en/shop/pisirme/spr11-1		This operation was aborted
https://equsto.com/en/shop/pisirme/spr11-2	TIMEOUT	TIMEOUT	https://equsto.com/en/shop/pisirme/spr11-2		This operation was aborted
https://equsto.com/en/shop/pisirme/spr11-3	TIMEOUT	TIMEOUT	https://equsto.com/en/shop/pisirme/spr11-3		This operation was aborted
https://equsto.com/en/shop/pisirme/spr11-4	SITEMAP_URL_500	502	https://equsto.com/en/shop/pisirme/spr11-4		
https://equsto.com/en/shop/pisirme/spr8-1	TIMEOUT	TIMEOUT	https://equsto.com/en/shop/pisirme/spr8-1		This operation was aborted
https://equsto.com/en/shop/pisirme/spr8-2	SITEMAP_URL_500	502	https://equsto.com/en/shop/pisirme/spr8-2		
https://equsto.com/en/shop/pisirme/spr8-3	SITEMAP_URL_500	502	https://equsto.com/en/shop/pisirme/spr8-3		
https://equsto.com/en/shop/pisirme/spr8-4	SITEMAP_URL_500	502	https://equsto.com/en/shop/pisirme/spr8-4		
https://equsto.com/en/shop/pisirme/spr10-1	TIMEOUT	TIMEOUT	https://equsto.com/en/shop/pisirme/spr10-1		This operation was aborted
https://equsto.com/en/shop/pisirme/spr10-2	SITEMAP_URL_500	502	https://equsto.com/en/shop/pisirme/spr10-2		
https://equsto.com/en/shop/pisirme/spr10-3	TIMEOUT	TIMEOUT	https://equsto.com/en/shop/pisirme/spr10-3		This operation was aborted
https://equsto.com/en/shop/pisirme/spr10-4	TIMEOUT	TIMEOUT	https://equsto.com/en/shop/pisirme/spr10-4		This operation was aborted
https://equsto.com/en/shop/pisirme/spr56	SITEMAP_URL_500	502	https://equsto.com/en/shop/pisirme/spr56		
https://equsto.com/en/shop/pisirme/spr12-1	SITEMAP_URL_500	502	https://equsto.com/en/shop/pisirme/spr12-1		
https://equsto.com/en/shop/pisirme/spr12-2	SITEMAP_URL_500	502	https://equsto.com/en/shop/pisirme/spr12-2		
https://equsto.com/en/shop/pisirme/ino-fbe10	TIMEOUT	TIMEOUT	https://equsto.com/en/shop/pisirme/ino-fbe10		This operation was aborted
https://equsto.com/en/shop/pisirme/ino-fbe10t	SITEMAP_URL_500	502	https://equsto.com/en/shop/pisirme/ino-fbe10t		
https://equsto.com/en/shop/pisirme/ino-fbe20	SITEMAP_URL_500	502	https://equsto.com/en/shop/pisirme/ino-fbe20		
https://equsto.com/en/shop/pisirme/ino-fbe20t	SITEMAP_URL_500	502	https://equsto.com/en/shop/pisirme/ino-fbe20t		
https://equsto.com/en/shop/pisirme/ino-fbe40	SITEMAP_URL_500	502	https://equsto.com/en/shop/pisirme/ino-fbe40		
https://equsto.com/en/shop/pisirme/ino-fbe40t	TIMEOUT	TIMEOUT	https://equsto.com/en/shop/pisirme/ino-fbe40t		This operation was aborted
https://equsto.com/en/shop/pisirme/ino-fbg010	SITEMAP_URL_500	502	https://equsto.com/en/shop/pisirme/ino-fbg010		
https://equsto.com/en/shop/pisirme/ino-fbg020	SITEMAP_URL_500	502	https://equsto.com/en/shop/pisirme/ino-fbg020		
https://equsto.com/en/shop/pisirme/ino-fbg040	SITEMAP_URL_500	502	https://equsto.com/en/shop/pisirme/ino-fbg040		
https://equsto.com/en/shop/pisirme/ino-fbg10t	SITEMAP_URL_500	502	https://equsto.com/en/shop/pisirme/ino-fbg10t		
https://equsto.com/en/shop/pisirme/ino-fbg20t	SITEMAP_URL_500	502	https://equsto.com/en/shop/pisirme/ino-fbg20t		
https://equsto.com/en/shop/pisirme/ino-fbg40t	SITEMAP_URL_500	502	https://equsto.com/en/shop/pisirme/ino-fbg40t		
https://equsto.com/en/shop/pisirme/ino-fga100	SITEMAP_URL_500	502	https://equsto.com/en/shop/pisirme/ino-fga100		
https://equsto.com/en/shop/pisirme/ino-fga101	SITEMAP_URL_500	502	https://equsto.com/en/shop/pisirme/ino-fga101		
https://equsto.com/en/shop/pisirme/ino-fga101d	SITEMAP_URL_500	502	https://equsto.com/en/shop/pisirme/ino-fga101d		
https://equsto.com/en/shop/pisirme/ino-fga200k	SITEMAP_URL_500	502	https://equsto.com/en/shop/pisirme/ino-fga200k		
https://equsto.com/en/shop/pisirme/ino-fga201	TIMEOUT	TIMEOUT	https://equsto.com/en/shop/pisirme/ino-fga201		This operation was aborted
https://equsto.com/en/shop/pisirme/ino-fga201d	TIMEOUT	TIMEOUT	https://equsto.com/en/shop/pisirme/ino-fga201d		This operation was aborted
https://equsto.com/en/shop/pisirme/ino-fgm100	TIMEOUT	TIMEOUT	https://equsto.com/en/shop/pisirme/ino-fgm100		This operation was aborted
https://equsto.com/en/shop/pisirme/ino-fgm101	SITEMAP_URL_500	502	https://equsto.com/en/shop/pisirme/ino-fgm101		
https://equsto.com/en/shop/pisirme/ino-fgm201	SITEMAP_URL_500	502	https://equsto.com/en/shop/pisirme/ino-fgm201		
https://equsto.com/en/shop/pisirme/ino-fka020	SITEMAP_URL_500	502	https://equsto.com/en/shop/pisirme/ino-fka020		
https://equsto.com/en/shop/pisirme/ino-fka020t	SITEMAP_URL_500	502	https://equsto.com/en/shop/pisirme/ino-fka020t		
https://equsto.com/en/shop/pisirme/ino-fka040	SITEMAP_URL_500	502	https://equsto.com/en/shop/pisirme/ino-fka040		
https://equsto.com/en/shop/pisirme/ino-fka040t	SITEMAP_URL_500	502	https://equsto.com/en/shop/pisirme/ino-fka040t		
https://equsto.com/en/shop/pisirme/ino-fke006	TIMEOUT	TIMEOUT	https://equsto.com/en/shop/pisirme/ino-fke006		This operation was aborted
https://equsto.com/en/shop/pisirme/ino-fke010	TIMEOUT	TIMEOUT	https://equsto.com/en/shop/pisirme/ino-fke010		This operation was aborted
https://equsto.com/en/shop/pisirme/ino-fke022	TIMEOUT	TIMEOUT	https://equsto.com/en/shop/pisirme/ino-fke022		This operation was aborted
https://equsto.com/en/shop/pisirme/ino-fke042	TIMEOUT	TIMEOUT	https://equsto.com/en/shop/pisirme/ino-fke042		This operation was aborted
https://equsto.com/en/shop/pisirme/ino-fke06	TIMEOUT	TIMEOUT	https://equsto.com/en/shop/pisirme/ino-fke06		This operation was aborted
https://equsto.com/en/shop/pisirme/ino-fke10	TIMEOUT	TIMEOUT	https://equsto.com/en/shop/pisirme/ino-fke10		This operation was aborted
https://equsto.com/en/shop/pisirme/ino-fke20	SITEMAP_URL_500	502	https://equsto.com/en/shop/pisirme/ino-fke20		
https://equsto.com/en/shop/pisirme/ino-fke40	SITEMAP_URL_500	502	https://equsto.com/en/shop/pisirme/ino-fke40		
https://equsto.com/en/shop/pisirme/ino-fkg022e	SITEMAP_URL_500	502	https://equsto.com/en/shop/pisirme/ino-fkg022e		
https://equsto.com/en/shop/pisirme/ino-fkg042e	SITEMAP_URL_500	502	https://equsto.com/en/shop/pisirme/ino-fkg042e		
https://equsto.com/en/shop/pisirme/ino-fkg10	SITEMAP_URL_500	502	https://equsto.com/en/shop/pisirme/ino-fkg10		
https://equsto.com/en/shop/pisirme/ino-fkg20	TIMEOUT	TIMEOUT	https://equsto.com/en/shop/pisirme/ino-fkg20		This operation was aborted
https://equsto.com/en/shop/pisirme/ino-fkg40	SITEMAP_URL_500	502	https://equsto.com/en/shop/pisirme/ino-fkg40		
https://equsto.com/en/shop/pisirme/ino-1ye100	TIMEOUT	TIMEOUT	https://equsto.com/en/shop/pisirme/ino-1ye100		This operation was aborted
https://equsto.com/en/shop/pisirme/ino-1yg200	TIMEOUT	TIMEOUT	https://equsto.com/en/shop/pisirme/ino-1yg200		This operation was aborted
https://equsto.com/en/shop/pisirme/ino-7be10	TIMEOUT	TIMEOUT	https://equsto.com/en/shop/pisirme/ino-7be10		This operation was aborted
https://equsto.com/en/shop/pisirme/ino-7be10s	TIMEOUT	TIMEOUT	https://equsto.com/en/shop/pisirme/ino-7be10s		This operation was aborted
https://equsto.com/en/shop/pisirme/ino-7be20	TIMEOUT	TIMEOUT	https://equsto.com/en/shop/pisirme/ino-7be20		This operation was aborted
https://equsto.com/en/shop/pisirme/ino-7be20s	TIMEOUT	TIMEOUT	https://equsto.com/en/shop/pisirme/ino-7be20s		This operation was aborted
https://equsto.com/en/shop/pisirme/ino-7de06	TIMEOUT	TIMEOUT	https://equsto.com/en/shop/pisirme/ino-7de06		This operation was aborted
https://equsto.com/en/shop/pisirme/ino-7de06t	TIMEOUT	TIMEOUT	https://equsto.com/en/shop/pisirme/ino-7de06t		This operation was aborted
https://equsto.com/en/shop/pisirme/ino-7dg06	TIMEOUT	TIMEOUT	https://equsto.com/en/shop/pisirme/ino-7dg06		This operation was aborted
https://equsto.com/en/shop/pisirme/ino-7dg06t	TIMEOUT	TIMEOUT	https://equsto.com/en/shop/pisirme/ino-7dg06t		This operation was aborted
https://equsto.com/en/shop/pisirme/ino-7fe10	TIMEOUT	TIMEOUT	https://equsto.com/en/shop/pisirme/ino-7fe10		This operation was aborted
https://equsto.com/en/shop/pisirme/ino-7fe10s	TIMEOUT	TIMEOUT	https://equsto.com/en/shop/pisirme/ino-7fe10s		This operation was aborted
https://equsto.com/en/shop/pisirme/ino-7fe10-s	TIMEOUT	TIMEOUT	https://equsto.com/en/shop/pisirme/ino-7fe10-s		This operation was aborted
https://equsto.com/en/shop/pisirme/ino-7fe10s-s	TIMEOUT	TIMEOUT	https://equsto.com/en/shop/pisirme/ino-7fe10s-s		This operation was aborted
https://equsto.com/en/shop/pisirme/ino-7fe20	TIMEOUT	TIMEOUT	https://equsto.com/en/shop/pisirme/ino-7fe20		This operation was aborted
https://equsto.com/en/shop/pisirme/ino-7fe20s	TIMEOUT	TIMEOUT	https://equsto.com/en/shop/pisirme/ino-7fe20s		This operation was aborted
https://equsto.com/en/shop/pisirme/ino-7fe20-s	TIMEOUT	TIMEOUT	https://equsto.com/en/shop/pisirme/ino-7fe20-s		This operation was aborted
https://equsto.com/en/shop/pisirme/ino-7fe20s-s	TIMEOUT	TIMEOUT	https://equsto.com/en/shop/pisirme/ino-7fe20s-s		This operation was aborted
https://equsto.com/en/shop/pisirme/ino-7fg10	TIMEOUT	TIMEOUT	https://equsto.com/en/shop/pisirme/ino-7fg10		This operation was aborted
https://equsto.com/en/shop/pisirme/ino-7fg20	TIMEOUT	TIMEOUT	https://equsto.com/en/shop/pisirme/ino-7fg20		This operation was aborted
https://equsto.com/en/shop/pisirme/ino-7ga10	TIMEOUT	TIMEOUT	https://equsto.com/en/shop/pisirme/ino-7ga10		This operation was aborted
https://equsto.com/en/shop/pisirme/ino-7ga20	TIMEOUT	TIMEOUT	https://equsto.com/en/shop/pisirme/ino-7ga20		This operation was aborted
https://equsto.com/en/shop/pisirme/ino-7ga30	TIMEOUT	TIMEOUT	https://equsto.com/en/shop/pisirme/ino-7ga30		This operation was aborted
https://equsto.com/en/shop/pisirme/ino-7ga40	TIMEOUT	TIMEOUT	https://equsto.com/en/shop/pisirme/ino-7ga40		This operation was aborted
https://equsto.com/en/shop/pisirme/ino-7he10	TIMEOUT	TIMEOUT	https://equsto.com/en/shop/pisirme/ino-7he10		This operation was aborted
https://equsto.com/en/shop/pisirme/ino-7he10s	TIMEOUT	TIMEOUT	https://equsto.com/en/shop/pisirme/ino-7he10s		This operation was aborted
https://equsto.com/en/shop/pisirme/ino-7ie10	SITEMAP_URL_500	502	https://equsto.com/en/shop/pisirme/ino-7ie10		
https://equsto.com/en/shop/pisirme/ino-7ie10s	SITEMAP_URL_500	502	https://equsto.com/en/shop/pisirme/ino-7ie10s		
https://equsto.com/en/shop/pisirme/ino-7ie11	SITEMAP_URL_500	502	https://equsto.com/en/shop/pisirme/ino-7ie11		
https://equsto.com/en/shop/pisirme/ino-7ie11s	SITEMAP_URL_500	502	https://equsto.com/en/shop/pisirme/ino-7ie11s		
https://equsto.com/en/shop/pisirme/ino-7ie20	SITEMAP_URL_500	502	https://equsto.com/en/shop/pisirme/ino-7ie20		
https://equsto.com/en/shop/pisirme/ino-7ie20s	SITEMAP_URL_500	502	https://equsto.com/en/shop/pisirme/ino-7ie20s		
https://equsto.com/en/shop/pisirme/ino-7ie21	SITEMAP_URL_500	502	https://equsto.com/en/shop/pisirme/ino-7ie21		
https://equsto.com/en/shop/pisirme/ino-7ie21s	SITEMAP_URL_500	502	https://equsto.com/en/shop/pisirme/ino-7ie21s		
https://equsto.com/en/shop/pisirme/ino-7ie22	SITEMAP_URL_500	502	https://equsto.com/en/shop/pisirme/ino-7ie22		
https://equsto.com/en/shop/pisirme/ino-7ie22s	SITEMAP_URL_500	502	https://equsto.com/en/shop/pisirme/ino-7ie22s		
https://equsto.com/en/shop/pisirme/ino-7ie30	SITEMAP_URL_500	502	https://equsto.com/en/shop/pisirme/ino-7ie30		
https://equsto.com/en/shop/pisirme/ino-7ie30s	SITEMAP_URL_500	502	https://equsto.com/en/shop/pisirme/ino-7ie30s		
https://equsto.com/en/shop/pisirme/ino-7ie31	SITEMAP_URL_500	502	https://equsto.com/en/shop/pisirme/ino-7ie31		
https://equsto.com/en/shop/pisirme/ino-7ie31s	SITEMAP_URL_500	502	https://equsto.com/en/shop/pisirme/ino-7ie31s		
https://equsto.com/en/shop/pisirme/ino-7ie32	SITEMAP_URL_500	502	https://equsto.com/en/shop/pisirme/ino-7ie32		
https://equsto.com/en/shop/pisirme/ino-7ie32s	TIMEOUT	TIMEOUT	https://equsto.com/en/shop/pisirme/ino-7ie32s		This operation was aborted
https://equsto.com/en/shop/pisirme/ino-7ig10	TIMEOUT	TIMEOUT	https://equsto.com/en/shop/pisirme/ino-7ig10		This operation was aborted
https://equsto.com/en/shop/pisirme/ino-7ig10s	TIMEOUT	TIMEOUT	https://equsto.com/en/shop/pisirme/ino-7ig10s		This operation was aborted
https://equsto.com/en/shop/pisirme/ino-7ig11	TIMEOUT	TIMEOUT	https://equsto.com/en/shop/pisirme/ino-7ig11		This operation was aborted
https://equsto.com/en/shop/pisirme/ino-7ig11s	TIMEOUT	TIMEOUT	https://equsto.com/en/shop/pisirme/ino-7ig11s		This operation was aborted
https://equsto.com/en/shop/pisirme/ino-7ig20	TIMEOUT	TIMEOUT	https://equsto.com/en/shop/pisirme/ino-7ig20		This operation was aborted
https://equsto.com/en/shop/pisirme/ino-7ig20s	TIMEOUT	TIMEOUT	https://equsto.com/en/shop/pisirme/ino-7ig20s		This operation was aborted
https://equsto.com/en/shop/pisirme/ino-7ig21	TIMEOUT	TIMEOUT	https://equsto.com/en/shop/pisirme/ino-7ig21		This operation was aborted
https://equsto.com/en/shop/pisirme/ino-7ig21s	TIMEOUT	TIMEOUT	https://equsto.com/en/shop/pisirme/ino-7ig21s		This operation was aborted
https://equsto.com/en/shop/pisirme/ino-7ig22	TIMEOUT	TIMEOUT	https://equsto.com/en/shop/pisirme/ino-7ig22		This operation was aborted
https://equsto.com/en/shop/pisirme/ino-7ig22s	TIMEOUT	TIMEOUT	https://equsto.com/en/shop/pisirme/ino-7ig22s		This operation was aborted
https://equsto.com/en/shop/pisirme/ino-7ig30	TIMEOUT	TIMEOUT	https://equsto.com/en/shop/pisirme/ino-7ig30		This operation was aborted
https://equsto.com/en/shop/pisirme/ino-7ig30s	TIMEOUT	TIMEOUT	https://equsto.com/en/shop/pisirme/ino-7ig30s		This operation was aborted
https://equsto.com/en/shop/pisirme/ino-7ig31	TIMEOUT	TIMEOUT	https://equsto.com/en/shop/pisirme/ino-7ig31		This operation was aborted
https://equsto.com/en/shop/pisirme/ino-7ig31s	TIMEOUT	TIMEOUT	https://equsto.com/en/shop/pisirme/ino-7ig31s		This operation was aborted
https://equsto.com/en/shop/pisirme/ino-7ig32	TIMEOUT	TIMEOUT	https://equsto.com/en/shop/pisirme/ino-7ig32		This operation was aborted
https://equsto.com/en/shop/pisirme/ino-7ig32s	TIMEOUT	TIMEOUT	https://equsto.com/en/shop/pisirme/ino-7ig32s		This operation was aborted
https://equsto.com/en/shop/pisirme/ino-7ke10	TIMEOUT	TIMEOUT	https://equsto.com/en/shop/pisirme/ino-7ke10		This operation was aborted
https://equsto.com/en/shop/pisirme/ino-7ke10s	TIMEOUT	TIMEOUT	https://equsto.com/en/shop/pisirme/ino-7ke10s		This operation was aborted
https://equsto.com/en/shop/pisirme/ino-7ke20	TIMEOUT	TIMEOUT	https://equsto.com/en/shop/pisirme/ino-7ke20		This operation was aborted
https://equsto.com/en/shop/pisirme/ino-7ke20s	TIMEOUT	TIMEOUT	https://equsto.com/en/shop/pisirme/ino-7ke20s		This operation was aborted
https://equsto.com/en/shop/pisirme/ino-7ke23	TIMEOUT	TIMEOUT	https://equsto.com/en/shop/pisirme/ino-7ke23		This operation was aborted
https://equsto.com/en/shop/pisirme/ino-7ke30	TIMEOUT	TIMEOUT	https://equsto.com/en/shop/pisirme/ino-7ke30		This operation was aborted
https://equsto.com/en/shop/pisirme/ino-7ke30s	TIMEOUT	TIMEOUT	https://equsto.com/en/shop/pisirme/ino-7ke30s		This operation was aborted
https://equsto.com/en/shop/pisirme/ino-7ke33	TIMEOUT	TIMEOUT	https://equsto.com/en/shop/pisirme/ino-7ke33		This operation was aborted
https://equsto.com/en/shop/pisirme/ino-7ke33f	TIMEOUT	TIMEOUT	https://equsto.com/en/shop/pisirme/ino-7ke33f		This operation was aborted
https://equsto.com/en/shop/pisirme/ino-7kg10	TIMEOUT	TIMEOUT	https://equsto.com/en/shop/pisirme/ino-7kg10		This operation was aborted
https://equsto.com/en/shop/pisirme/ino-7kg10s	TIMEOUT	TIMEOUT	https://equsto.com/en/shop/pisirme/ino-7kg10s		This operation was aborted
https://equsto.com/en/shop/pisirme/ino-7kg20	TIMEOUT	TIMEOUT	https://equsto.com/en/shop/pisirme/ino-7kg20		This operation was aborted
https://equsto.com/en/shop/pisirme/ino-7kg20s	TIMEOUT	TIMEOUT	https://equsto.com/en/shop/pisirme/ino-7kg20s		This operation was aborted
https://equsto.com/en/shop/pisirme/ino-7kg21	TIMEOUT	TIMEOUT	https://equsto.com/en/shop/pisirme/ino-7kg21		This operation was aborted
https://equsto.com/en/shop/pisirme/ino-7kg23	TIMEOUT	TIMEOUT	https://equsto.com/en/shop/pisirme/ino-7kg23		This operation was aborted
https://equsto.com/en/shop/pisirme/ino-7kg30s	TIMEOUT	TIMEOUT	https://equsto.com/en/shop/pisirme/ino-7kg30s		This operation was aborted
https://equsto.com/en/shop/pisirme/ino-7kg33f	TIMEOUT	TIMEOUT	https://equsto.com/en/shop/pisirme/ino-7kg33f		This operation was aborted
https://equsto.com/en/shop/pisirme/ino-7lg10	TIMEOUT	TIMEOUT	https://equsto.com/en/shop/pisirme/ino-7lg10		This operation was aborted
https://equsto.com/en/shop/pisirme/ino-7lg10s	TIMEOUT	TIMEOUT	https://equsto.com/en/shop/pisirme/ino-7lg10s		This operation was aborted
https://equsto.com/en/shop/pisirme/ino-7lg20	TIMEOUT	TIMEOUT	https://equsto.com/en/shop/pisirme/ino-7lg20		This operation was aborted
https://equsto.com/en/shop/pisirme/ino-7lg20s	TIMEOUT	TIMEOUT	https://equsto.com/en/shop/pisirme/ino-7lg20s		This operation was aborted
https://equsto.com/en/shop/pisirme/ino-7lg30	TIMEOUT	TIMEOUT	https://equsto.com/en/shop/pisirme/ino-7lg30		This operation was aborted
https://equsto.com/en/shop/pisirme/ino-7lg30s	TIMEOUT	TIMEOUT	https://equsto.com/en/shop/pisirme/ino-7lg30s		This operation was aborted
https://equsto.com/en/shop/pisirme/ino-7me10	TIMEOUT	TIMEOUT	https://equsto.com/en/shop/pisirme/ino-7me10		This operation was aborted
https://equsto.com/en/shop/pisirme/ino-7me10s	TIMEOUT	TIMEOUT	https://equsto.com/en/shop/pisirme/ino-7me10s		This operation was aborted
https://equsto.com/en/shop/pisirme/ino-7me20	TIMEOUT	TIMEOUT	https://equsto.com/en/shop/pisirme/ino-7me20		This operation was aborted
https://equsto.com/en/shop/pisirme/ino-7me20s	TIMEOUT	TIMEOUT	https://equsto.com/en/shop/pisirme/ino-7me20s		This operation was aborted
https://equsto.com/en/shop/pisirme/ino-7mg10	TIMEOUT	TIMEOUT	https://equsto.com/en/shop/pisirme/ino-7mg10		This operation was aborted
https://equsto.com/en/shop/pisirme/ino-7mg20	TIMEOUT	TIMEOUT	https://equsto.com/en/shop/pisirme/ino-7mg20		This operation was aborted
https://equsto.com/en/shop/pisirme/ino-7oe10i	TIMEOUT	TIMEOUT	https://equsto.com/en/shop/pisirme/ino-7oe10i		This operation was aborted
https://equsto.com/en/shop/pisirme/ino-7oe10is	TIMEOUT	TIMEOUT	https://equsto.com/en/shop/pisirme/ino-7oe10is		This operation was aborted
https://equsto.com/en/shop/pisirme/ino-7oe20i	TIMEOUT	TIMEOUT	https://equsto.com/en/shop/pisirme/ino-7oe20i		This operation was aborted
https://equsto.com/en/shop/pisirme/ino-7oe20is	TIMEOUT	TIMEOUT	https://equsto.com/en/shop/pisirme/ino-7oe20is		This operation was aborted
https://equsto.com/en/shop/pisirme/ino-7og10	TIMEOUT	TIMEOUT	https://equsto.com/en/shop/pisirme/ino-7og10		This operation was aborted
https://equsto.com/en/shop/pisirme/ino-7og10s	TIMEOUT	TIMEOUT	https://equsto.com/en/shop/pisirme/ino-7og10s		This operation was aborted
https://equsto.com/en/shop/pisirme/ino-7og10w	TIMEOUT	TIMEOUT	https://equsto.com/en/shop/pisirme/ino-7og10w		This operation was aborted
https://equsto.com/en/shop/pisirme/ino-7og10ws	TIMEOUT	TIMEOUT	https://equsto.com/en/shop/pisirme/ino-7og10ws		This operation was aborted
https://equsto.com/en/shop/pisirme/ino-7sg05	TIMEOUT	TIMEOUT	https://equsto.com/en/shop/pisirme/ino-7sg05		This operation was aborted
https://equsto.com/en/shop/pisirme/ino-7tc10	TIMEOUT	TIMEOUT	https://equsto.com/en/shop/pisirme/ino-7tc10		This operation was aborted
https://equsto.com/en/shop/pisirme/ino-7tc10c	TIMEOUT	TIMEOUT	https://equsto.com/en/shop/pisirme/ino-7tc10c		This operation was aborted
https://equsto.com/en/shop/pisirme/ino-7tc10s	TIMEOUT	TIMEOUT	https://equsto.com/en/shop/pisirme/ino-7tc10s		This operation was aborted
https://equsto.com/en/shop/pisirme/ino-7tc20	TIMEOUT	TIMEOUT	https://equsto.com/en/shop/pisirme/ino-7tc20		This operation was aborted
https://equsto.com/en/shop/pisirme/ino-7tc20s	TIMEOUT	TIMEOUT	https://equsto.com/en/shop/pisirme/ino-7tc20s		This operation was aborted
https://equsto.com/en/shop/pisirme/ino-7te10	TIMEOUT	TIMEOUT	https://equsto.com/en/shop/pisirme/ino-7te10		This operation was aborted
https://equsto.com/en/shop/pisirme/ino-7te10s	TIMEOUT	TIMEOUT	https://equsto.com/en/shop/pisirme/ino-7te10s		This operation was aborted
https://equsto.com/en/shop/pisirme/ino-7tn05	TIMEOUT	TIMEOUT	https://equsto.com/en/shop/pisirme/ino-7tn05		This operation was aborted
https://equsto.com/en/shop/pisirme/ino-7tn05s	TIMEOUT	TIMEOUT	https://equsto.com/en/shop/pisirme/ino-7tn05s		This operation was aborted
https://equsto.com/en/shop/pisirme/ino-7tn10	TIMEOUT	TIMEOUT	https://equsto.com/en/shop/pisirme/ino-7tn10		This operation was aborted
https://equsto.com/en/shop/pisirme/ino-7tn10s	TIMEOUT	TIMEOUT	https://equsto.com/en/shop/pisirme/ino-7tn10s		This operation was aborted
https://equsto.com/en/shop/pisirme/ino-7tn20	TIMEOUT	TIMEOUT	https://equsto.com/en/shop/pisirme/ino-7tn20		This operation was aborted
https://equsto.com/en/shop/pisirme/ino-7tn20s	TIMEOUT	TIMEOUT	https://equsto.com/en/shop/pisirme/ino-7tn20s		This operation was aborted
https://equsto.com/en/shop/pisirme/ino-7zg10	TIMEOUT	TIMEOUT	https://equsto.com/en/shop/pisirme/ino-7zg10		This operation was aborted
https://equsto.com/en/shop/pisirme/ino-7zg20	TIMEOUT	TIMEOUT	https://equsto.com/en/shop/pisirme/ino-7zg20		This operation was aborted
https://equsto.com/en/shop/pisirme/ino-7zg30	TIMEOUT	TIMEOUT	https://equsto.com/en/shop/pisirme/ino-7zg30		This operation was aborted
https://equsto.com/en/shop/pisirme/ino-9be10	TIMEOUT	TIMEOUT	https://equsto.com/en/shop/pisirme/ino-9be10		This operation was aborted
https://equsto.com/en/shop/pisirme/ino-9be10s	TIMEOUT	TIMEOUT	https://equsto.com/en/shop/pisirme/ino-9be10s		This operation was aborted
https://equsto.com/en/shop/pisirme/ino-9be20	TIMEOUT	TIMEOUT	https://equsto.com/en/shop/pisirme/ino-9be20		This operation was aborted
https://equsto.com/en/shop/pisirme/ino-9be20s	TIMEOUT	TIMEOUT	https://equsto.com/en/shop/pisirme/ino-9be20s		This operation was aborted
https://equsto.com/en/shop/pisirme/ino-9de08	TIMEOUT	TIMEOUT	https://equsto.com/en/shop/pisirme/ino-9de08		This operation was aborted
https://equsto.com/en/shop/pisirme/ino-9de08t	TIMEOUT	TIMEOUT	https://equsto.com/en/shop/pisirme/ino-9de08t		This operation was aborted
https://equsto.com/en/shop/pisirme/ino-9de12t	TIMEOUT	TIMEOUT	https://equsto.com/en/shop/pisirme/ino-9de12t		This operation was aborted
https://equsto.com/en/shop/pisirme/ino-9dg08	TIMEOUT	TIMEOUT	https://equsto.com/en/shop/pisirme/ino-9dg08		This operation was aborted
https://equsto.com/en/shop/pisirme/ino-9dg08t	TIMEOUT	TIMEOUT	https://equsto.com/en/shop/pisirme/ino-9dg08t		This operation was aborted
https://equsto.com/en/shop/pisirme/ino-9dg12	TIMEOUT	TIMEOUT	https://equsto.com/en/shop/pisirme/ino-9dg12		This operation was aborted
https://equsto.com/en/shop/pisirme/ino-9dg12t	TIMEOUT	TIMEOUT	https://equsto.com/en/shop/pisirme/ino-9dg12t		This operation was aborted
https://equsto.com/en/shop/pisirme/ino-9fe10	TIMEOUT	TIMEOUT	https://equsto.com/en/shop/pisirme/ino-9fe10		This operation was aborted
https://equsto.com/en/shop/pisirme/ino-9fe10s	TIMEOUT	TIMEOUT	https://equsto.com/en/shop/pisirme/ino-9fe10s		This operation was aborted
https://equsto.com/en/shop/pisirme/ino-9fe10-s	TIMEOUT	TIMEOUT	https://equsto.com/en/shop/pisirme/ino-9fe10-s		This operation was aborted
https://equsto.com/en/shop/pisirme/ino-9fe10s-s	TIMEOUT	TIMEOUT	https://equsto.com/en/shop/pisirme/ino-9fe10s-s		This operation was aborted
https://equsto.com/en/shop/pisirme/ino-9fe20	TIMEOUT	TIMEOUT	https://equsto.com/en/shop/pisirme/ino-9fe20		This operation was aborted
https://equsto.com/en/shop/pisirme/ino-9fg10	TIMEOUT	TIMEOUT	https://equsto.com/en/shop/pisirme/ino-9fg10		This operation was aborted
https://equsto.com/en/shop/pisirme/ino-9fg20	TIMEOUT	TIMEOUT	https://equsto.com/en/shop/pisirme/ino-9fg20		This operation was aborted
https://equsto.com/en/shop/pisirme/ino-9gr004	TIMEOUT	TIMEOUT	https://equsto.com/en/shop/pisirme/ino-9gr004		This operation was aborted
https://equsto.com/en/shop/pisirme/ino-9gr005	TIMEOUT	TIMEOUT	https://equsto.com/en/shop/pisirme/ino-9gr005		This operation was aborted
https://equsto.com/en/shop/pisirme/ino-9gr006	TIMEOUT	TIMEOUT	https://equsto.com/en/shop/pisirme/ino-9gr006		This operation was aborted
https://equsto.com/en/shop/pisirme/ino-9gr007	TIMEOUT	TIMEOUT	https://equsto.com/en/shop/pisirme/ino-9gr007		This operation was aborted
https://equsto.com/en/shop/pisirme/ino-9gr008	TIMEOUT	TIMEOUT	https://equsto.com/en/shop/pisirme/ino-9gr008		This operation was aborted
https://equsto.com/en/shop/pisirme/ino-9gr009	TIMEOUT	TIMEOUT	https://equsto.com/en/shop/pisirme/ino-9gr009		This operation was aborted
https://equsto.com/en/shop/pisirme/ino-9gr010	TIMEOUT	TIMEOUT	https://equsto.com/en/shop/pisirme/ino-9gr010		This operation was aborted
https://equsto.com/en/shop/pisirme/ino-9he10	TIMEOUT	TIMEOUT	https://equsto.com/en/shop/pisirme/ino-9he10		This operation was aborted
https://equsto.com/en/shop/pisirme/ino-9he10s	TIMEOUT	TIMEOUT	https://equsto.com/en/shop/pisirme/ino-9he10s		This operation was aborted
https://equsto.com/en/shop/pisirme/ino-9ie10	TIMEOUT	TIMEOUT	https://equsto.com/en/shop/pisirme/ino-9ie10		This operation was aborted
https://equsto.com/en/shop/pisirme/ino-9ie10s	TIMEOUT	TIMEOUT	https://equsto.com/en/shop/pisirme/ino-9ie10s		This operation was aborted
https://equsto.com/en/shop/pisirme/ino-9ie11	TIMEOUT	TIMEOUT	https://equsto.com/en/shop/pisirme/ino-9ie11		This operation was aborted
https://equsto.com/en/shop/pisirme/ino-9ie11s	TIMEOUT	TIMEOUT	https://equsto.com/en/shop/pisirme/ino-9ie11s		This operation was aborted
https://equsto.com/en/shop/pisirme/ino-9ie20	TIMEOUT	TIMEOUT	https://equsto.com/en/shop/pisirme/ino-9ie20		This operation was aborted
https://equsto.com/en/shop/pisirme/ino-9ie20s	TIMEOUT	TIMEOUT	https://equsto.com/en/shop/pisirme/ino-9ie20s		This operation was aborted
https://equsto.com/en/shop/pisirme/ino-9ie21	TIMEOUT	TIMEOUT	https://equsto.com/en/shop/pisirme/ino-9ie21		This operation was aborted
https://equsto.com/en/shop/pisirme/ino-9ie21s	TIMEOUT	TIMEOUT	https://equsto.com/en/shop/pisirme/ino-9ie21s		This operation was aborted
https://equsto.com/en/shop/pisirme/ino-9ie22	TIMEOUT	TIMEOUT	https://equsto.com/en/shop/pisirme/ino-9ie22		This operation was aborted
https://equsto.com/en/shop/pisirme/ino-9ie22s	TIMEOUT	TIMEOUT	https://equsto.com/en/shop/pisirme/ino-9ie22s		This operation was aborted
https://equsto.com/en/shop/pisirme/ino-9ie30s	TIMEOUT	TIMEOUT	https://equsto.com/en/shop/pisirme/ino-9ie30s		This operation was aborted
https://equsto.com/en/shop/pisirme/ino-9ie31	TIMEOUT	TIMEOUT	https://equsto.com/en/shop/pisirme/ino-9ie31		This operation was aborted
https://equsto.com/en/shop/pisirme/ino-9ie31s	TIMEOUT	TIMEOUT	https://equsto.com/en/shop/pisirme/ino-9ie31s		This operation was aborted
https://equsto.com/en/shop/pisirme/ino-9ie32	TIMEOUT	TIMEOUT	https://equsto.com/en/shop/pisirme/ino-9ie32		This operation was aborted
https://equsto.com/en/shop/pisirme/ino-9ig10	TIMEOUT	TIMEOUT	https://equsto.com/en/shop/pisirme/ino-9ig10		This operation was aborted
https://equsto.com/en/shop/pisirme/ino-9ig11s	TIMEOUT	TIMEOUT	https://equsto.com/en/shop/pisirme/ino-9ig11s		This operation was aborted
https://equsto.com/en/shop/pisirme/ino-9ig21s	TIMEOUT	TIMEOUT	https://equsto.com/en/shop/pisirme/ino-9ig21s		This operation was aborted
https://equsto.com/en/shop/pisirme/ino-9ig22s	TIMEOUT	TIMEOUT	https://equsto.com/en/shop/pisirme/ino-9ig22s		This operation was aborted
https://equsto.com/en/shop/pisirme/ino-9ig30	TIMEOUT	TIMEOUT	https://equsto.com/en/shop/pisirme/ino-9ig30		This operation was aborted
https://equsto.com/en/shop/pisirme/ino-9ig30s	TIMEOUT	TIMEOUT	https://equsto.com/en/shop/pisirme/ino-9ig30s		This operation was aborted
https://equsto.com/en/shop/pisirme/ino-9ig31s	TIMEOUT	TIMEOUT	https://equsto.com/en/shop/pisirme/ino-9ig31s		This operation was aborted
https://equsto.com/en/shop/pisirme/ino-9ig32	TIMEOUT	TIMEOUT	https://equsto.com/en/shop/pisirme/ino-9ig32		This operation was aborted
https://equsto.com/en/shop/pisirme/ino-9ig32s	TIMEOUT	TIMEOUT	https://equsto.com/en/shop/pisirme/ino-9ig32s		This operation was aborted
https://equsto.com/en/shop/pisirme/ino-9ke10	TIMEOUT	TIMEOUT	https://equsto.com/en/shop/pisirme/ino-9ke10		This operation was aborted
https://equsto.com/en/shop/pisirme/ino-9ke10s	TIMEOUT	TIMEOUT	https://equsto.com/en/shop/pisirme/ino-9ke10s		This operation was aborted
https://equsto.com/en/shop/pisirme/ino-9ke20	TIMEOUT	TIMEOUT	https://equsto.com/en/shop/pisirme/ino-9ke20		This operation was aborted
https://equsto.com/en/shop/pisirme/ino-9ke30s	TIMEOUT	TIMEOUT	https://equsto.com/en/shop/pisirme/ino-9ke30s		This operation was aborted
https://equsto.com/en/shop/pisirme/ino-9ke33	TIMEOUT	TIMEOUT	https://equsto.com/en/shop/pisirme/ino-9ke33		This operation was aborted
https://equsto.com/en/shop/pisirme/ino-9ke33f	TIMEOUT	TIMEOUT	https://equsto.com/en/shop/pisirme/ino-9ke33f		This operation was aborted
https://equsto.com/en/shop/pisirme/ino-9kg10	TIMEOUT	TIMEOUT	https://equsto.com/en/shop/pisirme/ino-9kg10		This operation was aborted
https://equsto.com/en/shop/pisirme/ino-9kg33	TIMEOUT	TIMEOUT	https://equsto.com/en/shop/pisirme/ino-9kg33		This operation was aborted
https://equsto.com/en/shop/pisirme/ino-9kg33f	TIMEOUT	TIMEOUT	https://equsto.com/en/shop/pisirme/ino-9kg33f		This operation was aborted
https://equsto.com/en/shop/pisirme/ino-9me10	TIMEOUT	TIMEOUT	https://equsto.com/en/shop/pisirme/ino-9me10		This operation was aborted
https://equsto.com/en/shop/pisirme/ino-9me10s	TIMEOUT	TIMEOUT	https://equsto.com/en/shop/pisirme/ino-9me10s		This operation was aborted
https://equsto.com/en/shop/pisirme/ino-9me20s	TIMEOUT	TIMEOUT	https://equsto.com/en/shop/pisirme/ino-9me20s		This operation was aborted
https://equsto.com/en/shop/pisirme/ino-9oe10i	TIMEOUT	TIMEOUT	https://equsto.com/en/shop/pisirme/ino-9oe10i		This operation was aborted
https://equsto.com/en/shop/pisirme/ino-9oe10is	TIMEOUT	TIMEOUT	https://equsto.com/en/shop/pisirme/ino-9oe10is		This operation was aborted
https://equsto.com/en/shop/pisirme/ino-9oe20i	TIMEOUT	TIMEOUT	https://equsto.com/en/shop/pisirme/ino-9oe20i		This operation was aborted
https://equsto.com/en/shop/pisirme/ino-9oe20is	TIMEOUT	TIMEOUT	https://equsto.com/en/shop/pisirme/ino-9oe20is		This operation was aborted
https://equsto.com/en/shop/pisirme/ino-9og10w	TIMEOUT	TIMEOUT	https://equsto.com/en/shop/pisirme/ino-9og10w		This operation was aborted
https://equsto.com/en/shop/pisirme/ino-9og10ws	TIMEOUT	TIMEOUT	https://equsto.com/en/shop/pisirme/ino-9og10ws		This operation was aborted
https://equsto.com/en/shop/pisirme/ino-9og20	TIMEOUT	TIMEOUT	https://equsto.com/en/shop/pisirme/ino-9og20		This operation was aborted
https://equsto.com/en/shop/pisirme/ino-9og20s	TIMEOUT	TIMEOUT	https://equsto.com/en/shop/pisirme/ino-9og20s		This operation was aborted
https://equsto.com/en/shop/pisirme/ino-9rg25	TIMEOUT	TIMEOUT	https://equsto.com/en/shop/pisirme/ino-9rg25		This operation was aborted
https://equsto.com/en/shop/pisirme/ino-9se15	TIMEOUT	TIMEOUT	https://equsto.com/en/shop/pisirme/ino-9se15		This operation was aborted
https://equsto.com/en/shop/pisirme/ino-9sg15	TIMEOUT	TIMEOUT	https://equsto.com/en/shop/pisirme/ino-9sg15		This operation was aborted
https://equsto.com/en/shop/pisirme/ino-9tc10	TIMEOUT	TIMEOUT	https://equsto.com/en/shop/pisirme/ino-9tc10		This operation was aborted
https://equsto.com/en/shop/pisirme/ino-9tc10s	TIMEOUT	TIMEOUT	https://equsto.com/en/shop/pisirme/ino-9tc10s		This operation was aborted
https://equsto.com/en/shop/pisirme/ino-9tc20	TIMEOUT	TIMEOUT	https://equsto.com/en/shop/pisirme/ino-9tc20		This operation was aborted
https://equsto.com/en/shop/pisirme/ino-9tc20s	TIMEOUT	TIMEOUT	https://equsto.com/en/shop/pisirme/ino-9tc20s		This operation was aborted
https://equsto.com/en/shop/pisirme/ino-9te10	TIMEOUT	TIMEOUT	https://equsto.com/en/shop/pisirme/ino-9te10		This operation was aborted
https://equsto.com/en/shop/pisirme/ino-9te10s	TIMEOUT	TIMEOUT	https://equsto.com/en/shop/pisirme/ino-9te10s		This operation was aborted
https://equsto.com/en/shop/pisirme/ino-9tn05s	TIMEOUT	TIMEOUT	https://equsto.com/en/shop/pisirme/ino-9tn05s		This operation was aborted
https://equsto.com/en/shop/pisirme/ino-9tn10	TIMEOUT	TIMEOUT	https://equsto.com/en/shop/pisirme/ino-9tn10		This operation was aborted
https://equsto.com/en/shop/pisirme/ino-9tn10c	TIMEOUT	TIMEOUT	https://equsto.com/en/shop/pisirme/ino-9tn10c		This operation was aborted
https://equsto.com/en/shop/pisirme/ino-9tn20s	TIMEOUT	TIMEOUT	https://equsto.com/en/shop/pisirme/ino-9tn20s		This operation was aborted
https://equsto.com/en/shop/pisirme/ino-9zg10	TIMEOUT	TIMEOUT	https://equsto.com/en/shop/pisirme/ino-9zg10		This operation was aborted
https://equsto.com/en/shop/pisirme/ino-9zg10s	TIMEOUT	TIMEOUT	https://equsto.com/en/shop/pisirme/ino-9zg10s		This operation was aborted
https://equsto.com/en/shop/pisirme/ino-9zg20s	TIMEOUT	TIMEOUT	https://equsto.com/en/shop/pisirme/ino-9zg20s		This operation was aborted
https://equsto.com/en/shop/pisirme/ino-9zg30s	TIMEOUT	TIMEOUT	https://equsto.com/en/shop/pisirme/ino-9zg30s		This operation was aborted
https://equsto.com/en/shop/pisirme/ino-pde403	TIMEOUT	TIMEOUT	https://equsto.com/en/shop/pisirme/ino-pde403		This operation was aborted
https://equsto.com/en/shop/pisirme/ino-pde403e	TIMEOUT	TIMEOUT	https://equsto.com/en/shop/pisirme/ino-pde403e		This operation was aborted
https://equsto.com/en/shop/pisirme/ino-pde503	TIMEOUT	TIMEOUT	https://equsto.com/en/shop/pisirme/ino-pde503		This operation was aborted
https://equsto.com/en/shop/pisirme/ino-pde503e	TIMEOUT	TIMEOUT	https://equsto.com/en/shop/pisirme/ino-pde503e		This operation was aborted
https://equsto.com/en/shop/pisirme/ino-pdg300	TIMEOUT	TIMEOUT	https://equsto.com/en/shop/pisirme/ino-pdg300		This operation was aborted
https://equsto.com/en/shop/pisirme/ino-pdg302	TIMEOUT	TIMEOUT	https://equsto.com/en/shop/pisirme/ino-pdg302		This operation was aborted
https://equsto.com/en/shop/pisirme/ino-pdg303	TIMEOUT	TIMEOUT	https://equsto.com/en/shop/pisirme/ino-pdg303		This operation was aborted
https://equsto.com/en/shop/pisirme/ino-pdg400	TIMEOUT	TIMEOUT	https://equsto.com/en/shop/pisirme/ino-pdg400		This operation was aborted
https://equsto.com/en/shop/pisirme/ino-pdg402	TIMEOUT	TIMEOUT	https://equsto.com/en/shop/pisirme/ino-pdg402		This operation was aborted
https://equsto.com/en/shop/pisirme/ino-pdg403	TIMEOUT	TIMEOUT	https://equsto.com/en/shop/pisirme/ino-pdg403		This operation was aborted
https://equsto.com/en/shop/pisirme/ino-pdg500	TIMEOUT	TIMEOUT	https://equsto.com/en/shop/pisirme/ino-pdg500		This operation was aborted
https://equsto.com/en/shop/pisirme/ino-pdg502	TIMEOUT	TIMEOUT	https://equsto.com/en/shop/pisirme/ino-pdg502		This operation was aborted
https://equsto.com/en/shop/pisirme/ino-pdg503	TIMEOUT	TIMEOUT	https://equsto.com/en/shop/pisirme/ino-pdg503		This operation was aborted
https://equsto.com/en/shop/pisirme/ino-pek100	TIMEOUT	TIMEOUT	https://equsto.com/en/shop/pisirme/ino-pek100		This operation was aborted
https://equsto.com/en/shop/pisirme/ino-pfe100	TIMEOUT	TIMEOUT	https://equsto.com/en/shop/pisirme/ino-pfe100		This operation was aborted
https://equsto.com/en/shop/pisirme/ino-pfe200	TIMEOUT	TIMEOUT	https://equsto.com/en/shop/pisirme/ino-pfe200		This operation was aborted
https://equsto.com/en/shop/pisirme/ino-zco-7fe20s	TIMEOUT	TIMEOUT	https://equsto.com/en/shop/pisirme/ino-zco-7fe20s		This operation was aborted
https://equsto.com/en/shop/pisirme/ino-zco-7fe20-s	TIMEOUT	TIMEOUT	https://equsto.com/en/shop/pisirme/ino-zco-7fe20-s		This operation was aborted
https://equsto.com/en/shop/pisirme/ino-zco-7fe20s-s	TIMEOUT	TIMEOUT	https://equsto.com/en/shop/pisirme/ino-zco-7fe20s-s		This operation was aborted
https://equsto.com/en/shop/pisirme/ino-zco-7fg10	TIMEOUT	TIMEOUT	https://equsto.com/en/shop/pisirme/ino-zco-7fg10		This operation was aborted
https://equsto.com/en/shop/pisirme/ino-zco-7fg20	TIMEOUT	TIMEOUT	https://equsto.com/en/shop/pisirme/ino-zco-7fg20		This operation was aborted
https://equsto.com/en/shop/pisirme/ino-zco-7he10s	TIMEOUT	TIMEOUT	https://equsto.com/en/shop/pisirme/ino-zco-7he10s		This operation was aborted
https://equsto.com/en/shop/pisirme/ino-zco-7ie10	TIMEOUT	TIMEOUT	https://equsto.com/en/shop/pisirme/ino-zco-7ie10		This operation was aborted
https://equsto.com/en/shop/pisirme/ino-zco-7ie11	TIMEOUT	TIMEOUT	https://equsto.com/en/shop/pisirme/ino-zco-7ie11		This operation was aborted
https://equsto.com/en/shop/pisirme/ino-zco-7ie20s	TIMEOUT	TIMEOUT	https://equsto.com/en/shop/pisirme/ino-zco-7ie20s		This operation was aborted
https://equsto.com/en/shop/pisirme/ino-zco-7ie22s	TIMEOUT	TIMEOUT	https://equsto.com/en/shop/pisirme/ino-zco-7ie22s		This operation was aborted
https://equsto.com/en/shop/pisirme/ino-zco-7ig10	TIMEOUT	TIMEOUT	https://equsto.com/en/shop/pisirme/ino-zco-7ig10		This operation was aborted
https://equsto.com/en/shop/pisirme/ino-zco-7ig10s	TIMEOUT	TIMEOUT	https://equsto.com/en/shop/pisirme/ino-zco-7ig10s		This operation was aborted
https://equsto.com/en/shop/pisirme/ino-zco-7ig20s	TIMEOUT	TIMEOUT	https://equsto.com/en/shop/pisirme/ino-zco-7ig20s		This operation was aborted
https://equsto.com/en/shop/pisirme/ino-zco-7ke10s	TIMEOUT	TIMEOUT	https://equsto.com/en/shop/pisirme/ino-zco-7ke10s		This operation was aborted
https://equsto.com/en/shop/pisirme/ino-zco-7kg10	TIMEOUT	TIMEOUT	https://equsto.com/en/shop/pisirme/ino-zco-7kg10		This operation was aborted
https://equsto.com/en/shop/pisirme/ino-zco-7kg10s	TIMEOUT	TIMEOUT	https://equsto.com/en/shop/pisirme/ino-zco-7kg10s		This operation was aborted
https://equsto.com/en/shop/pisirme/ino-zco-7kg20s	TIMEOUT	TIMEOUT	https://equsto.com/en/shop/pisirme/ino-zco-7kg20s		This operation was aborted
https://equsto.com/en/shop/pisirme/ino-zco-7kg21s	TIMEOUT	TIMEOUT	https://equsto.com/en/shop/pisirme/ino-zco-7kg21s		This operation was aborted
https://equsto.com/en/shop/pisirme/ino-zco-7kg23	TIMEOUT	TIMEOUT	https://equsto.com/en/shop/pisirme/ino-zco-7kg23		This operation was aborted
https://equsto.com/en/shop/pisirme/ino-zco-7kg30s	TIMEOUT	TIMEOUT	https://equsto.com/en/shop/pisirme/ino-zco-7kg30s		This operation was aborted
https://equsto.com/en/shop/pisirme/ino-zco-7lg10s	TIMEOUT	TIMEOUT	https://equsto.com/en/shop/pisirme/ino-zco-7lg10s		This operation was aborted
https://equsto.com/en/shop/pisirme/ino-zco-7me10	TIMEOUT	TIMEOUT	https://equsto.com/en/shop/pisirme/ino-zco-7me10		This operation was aborted
https://equsto.com/en/shop/pisirme/ino-zco-7me10s	TIMEOUT	TIMEOUT	https://equsto.com/en/shop/pisirme/ino-zco-7me10s		This operation was aborted
https://equsto.com/en/shop/pisirme/ino-zco-7me20	TIMEOUT	TIMEOUT	https://equsto.com/en/shop/pisirme/ino-zco-7me20		This operation was aborted
https://equsto.com/en/shop/pisirme/ino-zco-7oe20is	TIMEOUT	TIMEOUT	https://equsto.com/en/shop/pisirme/ino-zco-7oe20is		This operation was aborted
https://equsto.com/en/shop/pisirme/ino-zco-7og10s	TIMEOUT	TIMEOUT	https://equsto.com/en/shop/pisirme/ino-zco-7og10s		This operation was aborted
https://equsto.com/en/shop/pisirme/ino-zco-7og10w	TIMEOUT	TIMEOUT	https://equsto.com/en/shop/pisirme/ino-zco-7og10w		This operation was aborted
https://equsto.com/en/shop/pisirme/ino-zco-7og10ws	TIMEOUT	TIMEOUT	https://equsto.com/en/shop/pisirme/ino-zco-7og10ws		This operation was aborted
https://equsto.com/en/shop/pisirme/ino-zco-7tn05	TIMEOUT	TIMEOUT	https://equsto.com/en/shop/pisirme/ino-zco-7tn05		This operation was aborted
https://equsto.com/en/shop/pisirme/ino-zco-7tn05s	TIMEOUT	TIMEOUT	https://equsto.com/en/shop/pisirme/ino-zco-7tn05s		This operation was aborted
https://equsto.com/en/shop/pisirme/ino-zco-7tn10	TIMEOUT	TIMEOUT	https://equsto.com/en/shop/pisirme/ino-zco-7tn10		This operation was aborted
https://equsto.com/en/shop/pisirme/ino-zco-7tn10s	TIMEOUT	TIMEOUT	https://equsto.com/en/shop/pisirme/ino-zco-7tn10s		This operation was aborted
https://equsto.com/en/shop/pisirme/ino-zco-7tn20s	TIMEOUT	TIMEOUT	https://equsto.com/en/shop/pisirme/ino-zco-7tn20s		This operation was aborted
https://equsto.com/en/shop/pisirme/ino-zco-7zg10s	TIMEOUT	TIMEOUT	https://equsto.com/en/shop/pisirme/ino-zco-7zg10s		This operation was aborted
https://equsto.com/en/shop/pisirme/ino-zco-7zg20	TIMEOUT	TIMEOUT	https://equsto.com/en/shop/pisirme/ino-zco-7zg20		This operation was aborted
https://equsto.com/en/shop/pisirme/ino-zco-7zg20s	TIMEOUT	TIMEOUT	https://equsto.com/en/shop/pisirme/ino-zco-7zg20s		This operation was aborted
https://equsto.com/en/shop/pisirme/ino-zco-7zg30	TIMEOUT	TIMEOUT	https://equsto.com/en/shop/pisirme/ino-zco-7zg30		This operation was aborted
https://equsto.com/en/shop/pisirme/ino-zco-7zg30s	TIMEOUT	TIMEOUT	https://equsto.com/en/shop/pisirme/ino-zco-7zg30s		This operation was aborted
https://equsto.com/en/shop/pisirme/ino-zco-9be10s	TIMEOUT	TIMEOUT	https://equsto.com/en/shop/pisirme/ino-zco-9be10s		This operation was aborted
https://equsto.com/en/shop/pisirme/ino-zco-9be20s	TIMEOUT	TIMEOUT	https://equsto.com/en/shop/pisirme/ino-zco-9be20s		This operation was aborted
https://equsto.com/en/shop/pisirme/ino-zco-9fe10-s	TIMEOUT	TIMEOUT	https://equsto.com/en/shop/pisirme/ino-zco-9fe10-s		This operation was aborted
https://equsto.com/en/shop/pisirme/ino-zco-9fe10s-s	TIMEOUT	TIMEOUT	https://equsto.com/en/shop/pisirme/ino-zco-9fe10s-s		This operation was aborted
https://equsto.com/en/shop/pisirme/ino-zco-9fe20	TIMEOUT	TIMEOUT	https://equsto.com/en/shop/pisirme/ino-zco-9fe20		This operation was aborted
https://equsto.com/en/shop/pisirme/ino-zco-9fe20-s	TIMEOUT	TIMEOUT	https://equsto.com/en/shop/pisirme/ino-zco-9fe20-s		This operation was aborted
https://equsto.com/en/shop/pisirme/ino-zco-9fe20s-s	TIMEOUT	TIMEOUT	https://equsto.com/en/shop/pisirme/ino-zco-9fe20s-s		This operation was aborted
https://equsto.com/en/shop/pisirme/ino-zco-9he10	TIMEOUT	TIMEOUT	https://equsto.com/en/shop/pisirme/ino-zco-9he10		This operation was aborted
https://equsto.com/en/shop/pisirme/ino-zco-9he10s	TIMEOUT	TIMEOUT	https://equsto.com/en/shop/pisirme/ino-zco-9he10s		This operation was aborted
https://equsto.com/en/shop/pisirme/ino-zco-9ie10s	TIMEOUT	TIMEOUT	https://equsto.com/en/shop/pisirme/ino-zco-9ie10s		This operation was aborted
https://equsto.com/en/shop/pisirme/ino-zco-9ie11s	TIMEOUT	TIMEOUT	https://equsto.com/en/shop/pisirme/ino-zco-9ie11s		This operation was aborted
https://equsto.com/en/shop/pisirme/ino-zco-9ie20	TIMEOUT	TIMEOUT	https://equsto.com/en/shop/pisirme/ino-zco-9ie20		This operation was aborted
https://equsto.com/en/shop/pisirme/ino-zco-9ie20s	TIMEOUT	TIMEOUT	https://equsto.com/en/shop/pisirme/ino-zco-9ie20s		This operation was aborted
https://equsto.com/en/shop/pisirme/ino-zco-9ie21	TIMEOUT	TIMEOUT	https://equsto.com/en/shop/pisirme/ino-zco-9ie21		This operation was aborted
https://equsto.com/en/shop/pisirme/ino-zco-9ig10	TIMEOUT	TIMEOUT	https://equsto.com/en/shop/pisirme/ino-zco-9ig10		This operation was aborted
https://equsto.com/en/shop/pisirme/ino-zco-9ig10s	TIMEOUT	TIMEOUT	https://equsto.com/en/shop/pisirme/ino-zco-9ig10s		This operation was aborted
https://equsto.com/en/shop/pisirme/ino-zco-9ig20	TIMEOUT	TIMEOUT	https://equsto.com/en/shop/pisirme/ino-zco-9ig20		This operation was aborted
https://equsto.com/en/shop/pisirme/ino-zco-9ig20s	TIMEOUT	TIMEOUT	https://equsto.com/en/shop/pisirme/ino-zco-9ig20s		This operation was aborted
https://equsto.com/en/shop/pisirme/ino-zco-9ke10	TIMEOUT	TIMEOUT	https://equsto.com/en/shop/pisirme/ino-zco-9ke10		This operation was aborted
https://equsto.com/en/shop/pisirme/ino-zco-9kg10	TIMEOUT	TIMEOUT	https://equsto.com/en/shop/pisirme/ino-zco-9kg10		This operation was aborted
https://equsto.com/en/shop/pisirme/ino-zco-9kg10s	TIMEOUT	TIMEOUT	https://equsto.com/en/shop/pisirme/ino-zco-9kg10s		This operation was aborted
https://equsto.com/en/shop/pisirme/ino-zco-9kg20	TIMEOUT	TIMEOUT	https://equsto.com/en/shop/pisirme/ino-zco-9kg20		This operation was aborted
https://equsto.com/en/shop/pisirme/ino-zco-9kg20s	TIMEOUT	TIMEOUT	https://equsto.com/en/shop/pisirme/ino-zco-9kg20s		This operation was aborted
https://equsto.com/en/shop/pisirme/ino-zco-9kg30s	TIMEOUT	TIMEOUT	https://equsto.com/en/shop/pisirme/ino-zco-9kg30s		This operation was aborted
https://equsto.com/en/shop/pisirme/ino-zco-9kg33	TIMEOUT	TIMEOUT	https://equsto.com/en/shop/pisirme/ino-zco-9kg33		This operation was aborted
https://equsto.com/en/shop/pisirme/ino-zco-9lg30s	TIMEOUT	TIMEOUT	https://equsto.com/en/shop/pisirme/ino-zco-9lg30s		This operation was aborted
https://equsto.com/en/shop/pisirme/ino-zco-9me10	TIMEOUT	TIMEOUT	https://equsto.com/en/shop/pisirme/ino-zco-9me10		This operation was aborted
https://equsto.com/en/shop/pisirme/ino-zco-9me10s	TIMEOUT	TIMEOUT	https://equsto.com/en/shop/pisirme/ino-zco-9me10s		This operation was aborted
https://equsto.com/en/shop/pisirme/ino-zco-9me20	TIMEOUT	TIMEOUT	https://equsto.com/en/shop/pisirme/ino-zco-9me20		This operation was aborted
https://equsto.com/en/shop/pisirme/ino-zco-9og10s	TIMEOUT	TIMEOUT	https://equsto.com/en/shop/pisirme/ino-zco-9og10s		This operation was aborted
https://equsto.com/en/shop/pisirme/ino-zco-9og10ws	TIMEOUT	TIMEOUT	https://equsto.com/en/shop/pisirme/ino-zco-9og10ws		This operation was aborted
https://equsto.com/en/shop/pisirme/ino-zco-9og20	TIMEOUT	TIMEOUT	https://equsto.com/en/shop/pisirme/ino-zco-9og20		This operation was aborted
https://equsto.com/en/shop/pisirme/ino-zco-9og20s	TIMEOUT	TIMEOUT	https://equsto.com/en/shop/pisirme/ino-zco-9og20s		This operation was aborted
https://equsto.com/en/shop/pisirme/ino-zco-9rg25	TIMEOUT	TIMEOUT	https://equsto.com/en/shop/pisirme/ino-zco-9rg25		This operation was aborted
https://equsto.com/en/shop/pisirme/ino-zco-9sg10	TIMEOUT	TIMEOUT	https://equsto.com/en/shop/pisirme/ino-zco-9sg10		This operation was aborted
https://equsto.com/en/shop/pisirme/ino-zco-9tn05	TIMEOUT	TIMEOUT	https://equsto.com/en/shop/pisirme/ino-zco-9tn05		This operation was aborted
https://equsto.com/en/shop/pisirme/ino-zco-9tn10	TIMEOUT	TIMEOUT	https://equsto.com/en/shop/pisirme/ino-zco-9tn10		This operation was aborted
https://equsto.com/en/shop/pisirme/ino-zco-9tn10s	TIMEOUT	TIMEOUT	https://equsto.com/en/shop/pisirme/ino-zco-9tn10s		This operation was aborted
https://equsto.com/en/shop/pisirme/ino-zco-9tn20	TIMEOUT	TIMEOUT	https://equsto.com/en/shop/pisirme/ino-zco-9tn20		This operation was aborted
https://equsto.com/en/shop/pisirme/ino-zco-9zg20	TIMEOUT	TIMEOUT	https://equsto.com/en/shop/pisirme/ino-zco-9zg20		This operation was aborted
https://equsto.com/en/shop/pisirme/ino-zmd-7be10	TIMEOUT	TIMEOUT	https://equsto.com/en/shop/pisirme/ino-zmd-7be10		This operation was aborted
https://equsto.com/en/shop/pisirme/ino-zmd-7be10s	TIMEOUT	TIMEOUT	https://equsto.com/en/shop/pisirme/ino-zmd-7be10s		This operation was aborted
https://equsto.com/en/shop/pisirme/ino-zmd-7be20s	TIMEOUT	TIMEOUT	https://equsto.com/en/shop/pisirme/ino-zmd-7be20s		This operation was aborted
https://equsto.com/en/shop/pisirme/ino-zmd-7de06	TIMEOUT	TIMEOUT	https://equsto.com/en/shop/pisirme/ino-zmd-7de06		This operation was aborted
https://equsto.com/en/shop/pisirme/ino-zmd-7dg06	TIMEOUT	TIMEOUT	https://equsto.com/en/shop/pisirme/ino-zmd-7dg06		This operation was aborted
https://equsto.com/en/shop/pisirme/ino-zmd-7fe10	TIMEOUT	TIMEOUT	https://equsto.com/en/shop/pisirme/ino-zmd-7fe10		This operation was aborted
https://equsto.com/en/shop/pisirme/ino-zmd-7fe10-s	TIMEOUT	TIMEOUT	https://equsto.com/en/shop/pisirme/ino-zmd-7fe10-s		This operation was aborted
https://equsto.com/en/shop/pisirme/ino-zmd-7fe10s-s	TIMEOUT	TIMEOUT	https://equsto.com/en/shop/pisirme/ino-zmd-7fe10s-s		This operation was aborted
https://equsto.com/en/shop/pisirme/ino-zmd-7fe20	TIMEOUT	TIMEOUT	https://equsto.com/en/shop/pisirme/ino-zmd-7fe20		This operation was aborted
https://equsto.com/en/shop/pisirme/ino-zmd-7he10	TIMEOUT	TIMEOUT	https://equsto.com/en/shop/pisirme/ino-zmd-7he10		This operation was aborted
https://equsto.com/en/shop/pisirme/ino-zmd-7he10s	TIMEOUT	TIMEOUT	https://equsto.com/en/shop/pisirme/ino-zmd-7he10s		This operation was aborted